time_s,stamp_s,x,y,z,clamped
0.12408250300000001,1790241682.2930908,-1.5204166666666665,0.8212500000000001,0.3130949401172256,False
0.23070721600000002,1790241682.399723,-1.7880000000000005,0.831,0.7764591706466454,False
0.35309633100000004,1790241682.5018995,-1.7970000000000006,0.768,1.3,True
0.44717810500000005,1790241682.6101055,-1.8964444444444453,0.821638888888889,1.3,True
0.47638159300000005,1790241682.645618,-1.2149166666666662,1.5084166666666667,-0.2488888445520483,False
0.505213048,1790241682.67438,-1.38,0.958472222222222,-0.009133682718611702,False
0.533202158,1790241682.7024462,-1.6914444444444443,0.821638888888889,0.6800603032363093,False
0.56027585,1790241682.72945,-1.5964444444444448,0.7106388888888892,0.5045394381861331,False
0.590884913,1790241682.7541745,-1.7996666666666665,0.6386666666666666,1.3,True
0.6147665680000001,1790241682.784049,-1.6895833333333332,0.8551111111111112,0.6564993027381063,False
0.63803692,1790241682.8073175,-1.5928888888888886,0.8885833333333333,0.3642518248072595,False
0.6614877410000001,1790241682.8307683,-1.5093333333333334,0.9110833333333334,0.35562716652208226,False
0.686977629,1790241682.8560953,-1.6511111111111112,0.7987500000000002,0.5541913541226332,False
0.7141844460000001,1790241682.8834307,-1.5622222222222217,0.8890277777777779,0.4937795966768336,False
0.7412330330000001,1790241682.9104004,-1.4809722222222221,0.9110277777777779,0.3320900531953105,False
0.768353444,1790241682.9375782,-1.5552499999999996,0.8674166666666666,0.5303339919881545,False
0.801329386,1790241682.9646778,-1.7402499999999996,0.6999722222222223,1.3,True
0.828545838,1790241682.9977992,-1.593,0.856,0.5442123314051759,False
0.855980468,1790241683.0252037,-1.6192222222222228,0.9230000000000003,0.3766417839961965,False
0.882224003,1790241683.0514987,-1.544444444444444,0.8451388888888889,0.46158982800043113,False
0.9058483660000001,1790241683.0751317,-1.4672499999999995,0.9444444444444445,0.2823546153703511,False
0.9299231990000001,1790241683.0991864,-1.6712499999999997,0.821638888888889,0.6275173059732819,False
0.9589835080000001,1790241683.123147,-1.7486666666666664,0.7040000000000003,1.3,True
0.982917299,1790241683.1521208,-1.5999722222222221,0.8665833333333334,0.4942567316407953,False
1.006778329,1790241683.17597,-1.5291388888888886,0.9221111111111112,0.3991973816350848,False
1.030953631,1790241683.2001228,-1.6560277777777774,0.8459722222222222,0.8221893696695406,False
1.054597213,1790241683.223819,-1.560083333333333,0.8889166666666668,0.44205643963149954,False
1.0783857430000001,1790241683.2476573,-1.6740000000000002,0.9,0.5317396274699578,False
1.1061745920000001,1790241683.2753978,-1.5960000000000003,0.9347500000000002,0.3055019167942059,False
1.134095161,1790241683.3032813,-1.6914444444444443,0.8778888888888889,0.7626669653525321,False
1.1619508330000001,1790241683.3311,-1.721583333333333,0.9,0.5566623738913183,False
1.190061923,1790241683.3591344,-1.6419999999999997,0.9,0.6878431573526268,False
1.217905043,1790241683.387047,-1.64375,0.8782222222222222,0.7261431660291383,False
1.246115404,1790241683.415161,-1.597777777777778,0.9222222222222219,0.5020574295859311,False
1.274144983,1790241683.4433296,-1.03375,1.2733333333333337,-0.4384139782348224,False
1.304613784,1790241683.4683654,-2.0087500000000005,0.4872499999999999,1.3,True
1.3342257100000001,1790241683.49781,-1.907416666666667,0.8220277777777778,1.3,True
1.363426958,1790241683.5273411,-2.02,0.8200833333333336,1.3,True
1.387115383,1790241683.5563092,-1.8042222222222217,0.7530277777777777,1.0578609103540495,False
1.411043705,1790241683.5802672,-1.603861111111111,0.8115555555555558,0.5440191030771045,False
1.434594683,1790241683.603859,-1.791666666666667,0.7744166666666668,0.8638699942168124,False
1.458407328,1790241683.627723,-1.791666666666667,0.7977500000000003,0.9081767068491793,False
1.4820982530000002,1790241683.6513867,-1.5665555555555555,0.8660833333333334,0.36394265609405796,False
1.505800429,1790241683.6750834,-1.5068055555555555,0.8660833333333334,0.2705163053893782,False
1.529584636,1790241683.6988142,-1.7766388888888895,0.8306666666666667,0.7033031361096823,False
1.5532380620000001,1790241683.722534,-1.52475,0.8340000000000003,0.41564631651131867,False
1.576973988,1790241683.7462697,-1.4551388888888883,0.856,0.30429180276387646,False
1.606114194,1790241683.7699902,-1.779583333333333,0.7070000000000001,1.3,True
1.630001786,1790241683.7991488,-1.6130833333333334,0.8189166666666664,0.3357191006880944,False
1.653919015,1790241683.8232372,-1.5297777777777775,0.876888888888889,0.2156818607251405,False
1.677809785,1790241683.8470619,-1.7523611111111113,0.764,0.7843115899446339,False
1.7043449860000002,1790241683.873485,-1.7086666666666663,0.6580000000000005,0.9200076024152282,False
1.7323311270000001,1790241683.9015458,-1.6877777777777774,0.73625,0.8740397784540115,False
1.7603652900000002,1790241683.9295766,-1.539,0.7916666666666666,0.5159445881260121,False
1.788071795,1790241683.9572606,-1.5355555555555556,0.8454166666666666,0.46877211576806976,False
1.8120633460000002,1790241683.981325,-1.632888888888889,0.856,0.6347647960734423,False
1.8358184910000002,1790241684.0051136,-1.7148055555555552,0.7320833333333335,0.7641866932490772,False
1.8596219170000001,1790241684.0288894,-1.7039999999999997,0.73125,0.6965454138876723,False
1.8833486760000002,1790241684.052538,-1.611,0.8667500000000004,0.5424886552004654,False
1.9100953360000001,1790241684.0791347,-1.7098888888888892,0.8093333333333332,0.650954898940085,False
1.9380592900000002,1790241684.1071754,-1.6019999999999996,0.8106666666666668,0.48925000428272813,False
1.9658544940000002,1790241684.135034,-1.6055555555555554,0.8235833333333333,0.6153089374906028,False
1.9936587080000001,1790241684.1629105,-1.6333333333333335,0.8540000000000002,0.40255572751160695,False
2.0175151550000003,1790241684.1867435,-1.4500000000000002,0.9,0.12850522835140277,False
2.0413580600000003,1790241684.2106628,-1.3999999999999997,0.8662499999999997,0.14686907183095643,False
2.065478934,1790241684.2346098,-1.4746666666666666,0.8448611111111114,0.3236968067478626,False
2.089501058,1790241684.2586467,-1.5622222222222217,0.8445833333333334,0.44733317089814106,False
2.1139217770000003,1790241684.28321,-1.4768055555555548,0.8007500000000003,0.3297192217815257,False
2.138014578,1790241684.3073084,-1.7024166666666667,0.7762499999999999,0.6834666022383253,False
2.161792483,1790241684.3310678,-1.6178611111111114,0.8204722222222218,0.4342917594731769,False
2.185607316,1790241684.3548212,-1.5116944444444438,0.8667500000000004,0.3598274923527047,False
2.2093359500000003,1790241684.3785777,-1.4637499999999997,0.8669166666666667,0.3066262382388206,False
2.2334211990000004,1790241684.4027257,-1.6199999999999997,0.786666666666667,0.45332677167896906,False
2.257355823,1790241684.4266694,-1.4551388888888883,0.8111111111111111,0.26739669791574383,False
2.281295916,1790241684.4505904,-1.5533333333333335,0.856,0.46572213528372053,False
2.305077571,1790241684.4743257,-1.597777777777778,0.8204722222222218,0.39776305473493634,False
2.3287132880000003,1790241684.4979472,-1.7006666666666663,0.7982499999999999,0.6437760851745112,False
2.3529526,1790241684.5221853,-1.6469999999999998,0.8316666666666666,0.47773389006018463,False
2.3766972760000002,1790241684.5460327,-1.6380000000000001,0.8204722222222218,0.4730288199932674,False
2.401073412,1790241684.5702808,-1.634583333333333,0.7436666666666666,0.5660400451810886,False
2.4292125220000003,1790241684.598329,-1.5715555555555547,0.6946944444444446,0.6143523028110599,False
2.457179028,1790241684.6264036,-1.5533333333333335,0.7537500000000001,0.3723058192186639,False
2.4851489190000002,1790241684.6542654,-1.4955555555555555,0.8313333333333333,0.20770953078597199,False
2.511287089,1790241684.6805594,-1.4757500000000003,0.8313333333333333,0.1810957027569844,False
2.535358692,1790241684.704598,-1.4644444444444444,0.8426388888888892,0.1567755373209072,False
2.5593172230000003,1790241684.7284672,-1.4247499999999997,0.8333333333333337,0.22457311124579205,False
2.583197836,1790241684.7524512,-1.5159166666666661,0.8119999999999999,0.4020842691420182,False
2.6071335020000004,1790241684.7762659,-1.58575,0.8124444444444447,0.55822445295672,False
2.6308961990000004,1790241684.8001127,-1.5266666666666662,0.80125,0.4327126621534878,False
2.654612229,1790241684.8238652,-1.4573333333333331,0.8231944444444448,0.31911750846935905,False
2.6786634670000002,1790241684.8478565,-1.52475,0.8115555555555558,0.3950055150737588,False
2.7024757470000003,1790241684.8717415,-1.4573333333333331,0.8007500000000003,0.3007107560593102,False
2.7265515700000003,1790241684.8957605,-1.5465833333333334,0.8200833333333336,0.29205986316426324,False
2.7503499440000003,1790241684.919605,-1.5012500000000002,0.8769999999999999,0.19513827222588653,False
2.774196495,1790241684.9435074,-1.4842499999999998,0.8542222222222221,0.19143952237068773,False
2.797966118,1790241684.967261,-1.3943611111111116,0.821638888888889,0.15935692344782204,False
2.821656159,1790241684.9909344,-1.5777500000000004,0.8088888888888889,0.353161205414514,False
2.845534428,1790241685.0147624,-1.4637499999999997,0.8106666666666668,0.2602137272229661,False
2.8692409270000003,1790241685.038474,-1.4805833333333338,0.780527777777778,0.40075065684047495,False
2.8932542490000004,1790241685.0625288,-1.427916666666666,0.7849999999999999,0.10617045058536201,False
2.9190335120000004,1790241685.0881913,-1.3308611111111106,0.8228055555555556,0.1362561619157705,False
2.9471062160000003,1790241685.1162176,-1.3833333333333335,0.8665833333333334,0.1617899072325102,False
2.975360899,1790241685.1445315,-1.4442222222222216,0.8445833333333334,0.259903290123912,False
3.003254124,1790241685.17242,-1.4809722222222221,0.8553333333333337,0.28253935412957554,False
3.027754582,1790241685.1970572,-1.4981944444444448,0.8088888888888889,0.2317246740339367,False
3.0516344670000004,1790241685.2209349,-1.4475555555555555,0.8084444444444444,0.14613670921241262,False
3.0755571120000003,1790241685.244766,-1.4809722222222221,0.786666666666667,0.22856319245523005,False
3.0992626210000003,1790241685.2685227,-1.3939999999999995,0.8655833333333331,0.07116742676003374,False
3.1232488070000004,1790241685.2925074,-1.39925,0.7894444444444444,0.21258245984543644,False
3.147376921,1790241685.3164647,-1.5204166666666665,0.786666666666667,0.2853134891614171,False
3.1712496700000004,1790241685.340523,-1.4137777777777776,0.8443055555555559,0.2005544470417131,False
3.195298357,1790241685.3644757,-1.4746666666666666,0.7997500000000001,0.28641322042845196,False
3.220612463,1790241685.3897173,-1.5753333333333335,0.8079999999999998,0.30684296866563565,False
3.248513239,1790241685.417731,-1.6380000000000001,0.7855555555555553,0.43979161295892877,False
3.276663756,1790241685.445851,-1.4551388888888883,0.8336666666666666,0.2855194911029093,False
3.304733804,1790241685.4738345,-1.5355555555555556,0.8231944444444448,0.4467590947227913,False
3.3327228100000004,1790241685.5019207,-1.4842499999999998,0.8542222222222221,0.19143952237068773,False
3.360701815,1790241685.5298638,-1.4306666666666665,0.7626666666666665,0.1288755640648407,False
3.3895503020000004,1790241685.5586522,-1.4271111111111112,0.788888888888889,0.23065057276357814,False
3.417162901,1790241685.5864727,-1.4805833333333338,0.780527777777778,0.40075065684047495,False
3.4405576800000004,1790241685.609888,-1.4475555555555555,0.7731944444444447,0.12222529121206982,False
3.463753189,1790241685.6330597,-1.5006666666666661,0.809777777777778,0.27415424835268687,False
3.487027707,1790241685.656273,-1.5204166666666665,0.7633333333333335,0.2676457090976738,False
3.5106060290000003,1790241685.679723,-1.437916666666667,0.7780833333333335,0.25569066550609154,False
3.5340742460000003,1790241685.7033923,-1.4244722222222226,0.7370833333333336,0.3191906159505282,False
3.5572898060000004,1790241685.7265925,-1.3416666666666661,0.8231944444444448,0.16603286547124352,False
3.58061495,1790241685.749914,-1.2709722222222217,0.8106666666666668,0.031792932563825094,False
3.603866135,1790241685.7731798,-1.3528888888888888,0.7977500000000003,0.06174049899829681,False
3.6287013860000004,1790241685.7979274,-1.4185555555555556,0.8007500000000003,0.24638737037634728,False
3.65611612,1790241685.8253577,-1.5068055555555555,0.7849999999999999,0.20742871273911212,False
3.6833730420000004,1790241685.8525884,-1.444694444444444,0.7957500000000002,0.0994834862896059,False
3.710828713,1790241685.8798947,-1.4573333333333331,0.7780833333333335,0.2829622023029603,False
3.7354325050000003,1790241685.9047494,-1.5051111111111106,0.788888888888889,0.34355090872669447,False
3.7592403580000004,1790241685.9284832,-1.518,0.7738055555555551,0.23369752781335196,False
3.7830913880000003,1790241685.95226,-1.5266666666666668,0.8084444444444444,0.2530489652635126,False
3.806916585,1790241685.9760952,-1.3775833333333336,0.8448611111111114,0.1909130500026972,False
3.9369730040000004,1790241686.1062129,-1.419527777777778,0.8088888888888889,0.12921408722628502,False
4.137795481,1790241686.3071063,-1.4222222222222214,0.786666666666667,0.15172324495666922,False
4.336777538000001,1790241686.506083,-1.427916666666666,0.8431944444444446,0.146536900497644,False
4.53589319,1790241686.7052124,-1.437916666666667,0.8231944444444448,0.29086840979086226,False
4.736547489,1790241686.9058454,-1.4475555555555555,0.8200833333333336,0.15437953930233284,False
4.938301582,1790241687.1076014,-1.4869999999999999,0.7849999999999999,0.1806224944193311,False
5.135811189,1790241687.3051305,-1.380527777777778,0.7738055555555551,0.060859968778626206,False
5.337710438,1790241687.5069573,-1.4053333333333335,0.8445833333333334,0.2079298487378307,False
5.5372153090000005,1790241687.706504,-1.4077499999999998,0.788888888888889,0.20528804770951092,False
5.736507158,1790241687.905807,-1.4672499999999995,0.7731944444444447,0.14685309323562423,False
5.936016039,1790241688.1053016,-1.3583333333333334,0.8111111111111111,0.14300850435811174,False
6.136078619,1790241688.3053658,-1.4700000000000004,0.7686666666666669,0.3532415537448035,False
6.336343073,1790241688.5056245,-1.3199999999999996,0.8336666666666666,0.11501059545290038,False
6.53679831,1790241688.7060845,-1.2927499999999996,0.7774722222222222,0.06434860046498558,False
6.737094119,1790241688.9063754,-1.319305555555556,0.8429166666666663,0.007783166749558035,False
6.937534095,1790241689.106825,-1.5093333333333334,0.7861111111111111,0.24931345783980685,False
7.1383384990000005,1790241689.3076313,-1.2790277777777779,0.8443055555555559,0.0463508973676634,False
7.336721700000001,1790241689.5059695,-1.2981111111111108,0.8555555555555555,0.07389550422164182,False
7.536555009000001,1790241689.705879,-1.2629166666666671,0.8448611111111114,0.061916321088250514,False
7.737066756000001,1790241689.9063525,-1.2599999999999996,0.8555555555555555,0.03476299004572847,False
7.936231365,1790241690.1055315,-1.4014444444444443,0.768,0.23579632159261776,False
8.136170194,1790241690.3054557,-1.3416666666666661,0.8007500000000003,0.15007391843842588,False
8.338666736,1790241690.5079138,-1.2953333333333337,0.7900000000000003,0.10714143522563657,False
8.537133687,1790241690.7064426,-1.3143055555555552,0.7786944444444445,0.12053577043338826,False
8.736094858000001,1790241690.9053972,-1.29,0.8333333333333337,0.0661622653057028,False
8.937073221,1790241691.1063628,-1.3272500000000005,0.7693333333333333,0.1790478780419653,False
9.138176583,1790241691.3074138,-1.2548611111111105,0.8228055555555556,0.054682928099071715,False
9.338616246,1790241691.507852,-1.236,0.788888888888889,0.014520198140922203,False
9.536588405,1790241691.7058675,-1.349916666666667,0.7967500000000001,0.025906427865066695,False
9.736721974,1790241691.9060152,-1.7133333333333336,0.8336666666666666,0.8405560123608353,False
9.942381021000001,1790241692.1059988,-2.055638888888889,0.7345833333333334,1.3,True
10.135707963,1790241692.3050044,-1.3715555555555559,0.7329166666666665,0.1569477187167192,False
10.537881823000001,1790241692.70719,-1.5659999999999996,0.7096944444444444,0.42314322975488605,False
10.736545598000001,1790241692.9058359,-1.5887500000000006,0.7134722222222223,0.5658809186397059,False
10.939115421,1790241693.1082585,-1.5979166666666664,0.7009999999999998,0.5481613694489424,False
11.135648150000002,1790241693.304976,-1.6853333333333331,0.6266666666666667,0.5986866289279484,False
11.537119768,1790241693.7064152,-1.5378611111111113,0.7382222222222221,0.23693313778042135,False
11.73650469,1790241693.9058414,-1.537361111111111,0.699,0.38658891289671216,False
11.935111537000001,1790241694.1043684,-1.58575,0.7786944444444445,0.5228694448862805,False
12.143287151000001,1790241694.307395,-2.1393333333333335,0.6335833333333332,1.3,True
12.341720924,1790241694.505772,-2.1283611111111114,0.7287500000000002,1.3,True
12.535026252000002,1790241694.7042637,-1.396888888888889,0.8781111111111111,0.24206696400860306,False
12.738612483,1790241694.9077954,-1.180222222222222,0.8900277777777778,0.29053179299356313,False
12.938820583,1790241695.1080644,-1.1666666666666665,1.002361111111111,0.5081281089589124,False
13.137036492,1790241695.30622,-1.1795833333333332,0.7946666666666669,0.763820880105248,False
13.337807249,1790241695.5071073,-1.0847500000000003,0.8735833333333333,0.5753831376360183,False
13.735590423000001,1790241695.9048786,-1.1612500000000001,0.8720833333333334,0.49590479592139003,False
13.937132275000002,1790241696.1064181,-1.0293055555555557,0.9,0.34113083619167905,False
14.135483913000002,1790241696.3046818,-0.9775555555555554,0.8336944444444444,0.23311729365176292,False
14.336900452,1790241696.5061963,-1.1266666666666671,0.7669999999999999,0.38789626564615975,False
14.538175793,1790241696.7074502,-1.1013333333333328,0.7886666666666667,0.42984496911310166,False
14.740583115000002,1790241696.9047468,-1.5639999999999998,0.7964166666666666,1.3,True
14.936375270000001,1790241697.1056817,-1.3110833333333332,0.8204444444444443,0.48120124167424194,False
15.142947235000001,1790241697.3064163,-1.527027777777778,0.8608888888888889,1.3,True
15.335653446,1790241697.5049474,-1.3686666666666665,0.8817777777777779,1.2217727274357617,False
15.537829987,1790241697.7071316,-1.1889722222222223,0.9526666666666667,0.7795470463085326,False
15.737742929000001,1790241697.9070427,-1.0422499999999997,0.9737500000000001,0.7747135305378594,False
15.940212543000001,1790241698.1042175,-1.0911111111111111,0.9622222222222221,1.3,True
16.13696496,1790241698.306256,-0.9911111111111109,1.0000000000000002,0.6282122616241802,False
16.336981652000002,1790241698.5062826,-0.9828888888888887,0.9913611111111112,0.6264774840621073,False
16.536941991000003,1790241698.706237,-1.0576944444444438,0.9616388888888889,0.5378103191672674,False
16.737443633,1790241698.9067717,-1.0659722222222223,0.99625,0.5733025671225906,False
16.942572834,1790241699.1067436,-1.9673333333333327,0.8831111111111112,1.3,True
17.140108273000003,1790241699.3041165,-1.35625,0.9496666666666668,1.3,True
17.336741887000002,1790241699.5060256,-0.9696666666666667,0.9894444444444443,0.3854803190124446,False
17.537890248,1790241699.7071757,-1.239861111111111,0.965138888888889,0.625202733920297,False
17.737646367,1790241699.9069374,-0.9277777777777773,1.0395555555555556,0.41622817312650817,False
17.936834673,1790241700.1061234,-0.9078055555555559,0.8843333333333334,0.7051524322500565,False
18.136510271000002,1790241700.3057995,-0.7735833333333332,0.83575,0.8093975500582073,False
18.336277432000003,1790241700.5055254,-0.6775277777777775,1.0308055555555555,0.5004401104511879,False
18.537354283000003,1790241700.7066357,-0.5201388888888888,1.0260833333333335,0.46752866156186046,False
18.737492903,1790241700.9067914,-0.5589166666666667,1.043,0.34597528348463513,False
18.936662198,1790241701.105951,-0.6627499999999996,0.9317777777777779,0.4083427730683128,False
19.136594932,1790241701.3058896,-0.8233333333333329,1.1332499999999999,0.3545018986152204,False
19.33727949,1790241701.5065901,-0.4384722222222222,1.0723333333333334,0.3160064367274915,False
19.538251184,1790241701.7075372,-0.512222222222222,1.0409166666666667,0.4639253094864768,False
19.737253656,1790241701.9064834,-0.7022222222222216,1.052777777777778,0.8018605604506219,False
19.935415345000003,1790241702.1046977,-0.15555555555555545,1.0770833333333334,0.4192651010710672,False
20.13714277,1790241702.3064368,-0.06366666666666632,1.0128611111111112,0.5199622283797273,False
20.339184465000002,1790241702.508422,-0.04522222222222193,1.037777777777778,0.4534941024612402,False
20.534991099000003,1790241702.7042344,-0.04000000000000016,1.09425,0.38026257143682585,False
20.736860034000003,1790241702.9061544,-0.0347777777777774,1.0355555555555556,0.482188776348194,False
20.941606734,1790241703.105249,-0.8624444444444445,0.968888888888889,1.3,True
21.136531334,1790241703.3058162,-0.4632499999999997,1.00875,0.4801080101623144,False
21.337395111000003,1790241703.5066755,0.26536111111111116,1.054,0.4659931171088114,False
21.538325294,1790241703.707607,0.05386111111111116,1.0991111111111111,0.40252925053683497,False
21.737816413,1790241703.9070883,0.18508333333333335,1.1680000000000001,0.34505489177533266,False
21.936915395,1790241704.1062045,0.44697222222222227,1.1512222222222221,0.44858751029629773,False
22.137479380000002,1790241704.3067672,0.6655277777777778,1.2666666666666666,0.34552195805156005,False
22.336199559,1790241704.5054867,0.81075,1.27875,0.44263025770674647,False
22.536431252,1790241704.7057297,0.8699166666666667,1.349027777777778,0.50787056118365,False
22.736500496,1790241704.9057977,0.6216666666666667,1.0723333333333334,0.42020924204798693,False
22.936358958000003,1790241705.1056528,0.5474722222222222,1.123138888888889,0.41697497081878054,False
23.137282475000003,1790241705.306569,0.30066666666666686,1.2173333333333334,0.35522536490911716,False
23.336802916,1790241705.5060904,0.31000000000000016,1.1455555555555557,0.4325309981700777,False
23.537124140000003,1790241705.7064068,0.42225000000000007,1.22125,0.5187488400008612,False
23.736874737,1790241705.9061863,0.5067500000000005,1.2223055555555558,0.3653484251561848,False
23.938495442,1790241706.1077416,0.6293333333333336,1.2373333333333334,0.5044211052461373,False
24.138058123,1790241706.3073711,0.7219999999999998,1.2999999999999998,0.4969956413567854,False
24.336061686,1790241706.5053551,0.6859166666666668,1.2325833333333334,0.2984229172061805,False
24.53778359,1790241706.7070816,0.6706388888888889,1.235972222222222,0.3807524019041779,False
24.735560330000002,1790241706.9048488,0.6324444444444445,1.1524444444444446,0.4234808460960514,False
24.937009993,1790241707.1062565,0.6059722222222221,1.243,0.3459828796635456,False
25.135905953,1790241707.30518,0.5746666666666667,1.198,0.28834085670013243,False
25.336862334000003,1790241707.5061593,0.5587500000000002,1.3156666666666668,0.6267840913033754,False
25.737039207000002,1790241707.9063213,0.47766666666666685,1.2044166666666667,0.36126944834467467,False
25.938221005000003,1790241708.1075187,0.48888888888888893,1.1795555555555555,0.2549467259134526,False
26.13602738,1790241708.3053389,0.6665555555555557,1.3519722222222224,0.3161937173927326,False
26.337205168,1790241708.5065207,0.5399999999999999,1.019111111111111,0.47162053187571296,False
26.536933161,1790241708.7062166,0.9484722222222224,1.278888888888889,0.5268611679980221,False
26.736670216,1790241708.905964,0.8294166666666667,1.22,0.3039738994104846,False
26.935999771000002,1790241709.105279,0.86975,1.2555555555555558,0.3475740530552627,False
27.136987037,1790241709.3063066,0.8481944444444446,1.3490833333333334,0.3801411281420384,False
27.337387427000003,1790241709.5066705,1.0339722222222223,1.331888888888889,0.38164634735459346,False
27.537492713000002,1790241709.7067819,0.9205555555555557,1.3472222222222223,0.4071563669452418,False
27.735976277000002,1790241709.9052634,0.7799999999999999,1.2999999999999998,0.44606791839163207,False
27.937374325,1790241710.1066911,0.8204444444444443,1.3026666666666669,0.46787592924143695,False
28.136582317000002,1790241710.3058784,0.7077777777777776,1.2040000000000002,0.45956284156163685,False
28.337203176000003,1790241710.5064893,0.8313611111111111,1.2833333333333334,0.4908064147018625,False
28.535732781,1790241710.705038,0.940888888888889,1.42,0.5530541527222792,False
28.736059265,1790241710.9053733,0.983111111111111,1.48625,0.6125020140321311,False
28.936505019000002,1790241711.1058226,0.8901388888888889,1.3008055555555555,0.49473130874008464,False
29.136400616000003,1790241711.3057067,0.8608888888888889,1.3138888888888889,0.5515574112585687,False
29.337081215,1790241711.5063875,0.81075,1.3275555555555556,0.5203329656747182,False
29.538379523000003,1790241711.707663,0.8595555555555556,1.2159722222222222,0.2887750983596522,False
29.737155431,1790241711.9064806,0.9406666666666668,1.4235833333333334,0.5851176913101166,False
29.933787272000004,1790241712.1030738,0.9295833333333334,1.2533333333333334,0.42299921211868696,False
30.138255533000002,1790241712.307507,0.63225,1.2222222222222223,0.3895425451971012,False
30.338140141,1790241712.5074403,0.29100000000000004,1.3221111111111112,0.4471569840371893,False
30.538234905000003,1790241712.707556,0.30180555555555544,1.1368055555555556,0.32148759052640175,False
30.736401489000002,1790241712.9057074,0.03319444444444455,1.2573333333333334,0.3437515920290828,False
30.937362088,1790241713.1066363,0.06800000000000003,1.2724722222222222,0.45318807065981925,False
31.132420072000002,1790241713.3017316,-0.1309166666666665,1.311,0.32340395946487244,False
31.336721562,1790241713.506017,0.03758333333333357,1.3069166666666667,0.4308300974812552,False
31.537074348,1790241713.7063909,-0.056805555555555776,1.3293333333333333,0.3074044037237956,False
31.737646612000002,1790241713.9069355,-0.21666666666666623,1.261111111111111,0.49828039752812914,False
31.936752989000002,1790241714.1060622,-0.271888888888889,1.219861111111111,0.5452713721492138,False
32.135839158,1790241714.3051147,-0.46666666666666656,1.2226666666666668,0.6756535861843649,False
32.337425747000005,1790241714.5067437,-0.47169444444444425,1.345638888888889,0.5311304845488256,False
32.536548843,1790241714.7058296,-0.31597222222222227,1.331027777777778,0.45110270964745036,False
32.736421679,1790241714.9057095,0.1377777777777779,1.3477777777777777,0.4301653342852949,False
32.935637952,1790241715.1049469,-0.26447222222222216,1.2296666666666667,0.44655150561868795,False
33.136181831,1790241715.3054607,-0.25555555555555554,1.2871944444444445,0.42010124433770835,False
33.336811908,1790241715.5060713,-0.27866666666666656,1.2413333333333332,0.46823293859131154,False
33.538857560000004,1790241715.7081053,-0.39886111111111167,1.3615555555555556,0.45763648988158834,False
33.736236643000005,1790241715.9055007,-0.2306666666666669,1.2924166666666668,0.3171205320024687,False
33.937181824,1790241716.1064444,-0.852666666666666,1.225111111111111,0.4253787556961266,False
34.136906067000005,1790241716.3062077,-1.2617777777777774,1.2477500000000004,0.9982769862834908,False
34.337555727,1790241716.5068395,-0.6143333333333335,1.245083333333333,0.28473547850271497,False
34.536516739,1790241716.7057667,-1.075555555555556,1.2644444444444445,0.5062994936204467,False
34.742256564,1790241716.9059522,-1.1473333333333333,1.3639166666666667,1.3,True
34.936593974000004,1790241717.1059077,-0.6340000000000002,1.3833333333333335,0.43574720776332565,False
35.136682279000006,1790241717.3059614,-0.5881111111111107,1.3599999999999999,0.5082138413765656,False
35.336691313,1790241717.5059867,-0.34222222222222204,1.3375833333333331,0.4335966430084811,False
35.538023683,1790241717.7073047,-0.19977777777777736,1.278,0.48286791795562645,False
35.736458913,1790241717.9057605,-0.38999999999999974,1.2960277777777778,0.42804128582346546,False
35.936826437,1790241718.1061068,-0.5284722222222221,1.2470833333333335,0.6101447470217191,False
36.137073128000004,1790241718.3063667,-0.45022222222222197,1.2715833333333333,0.42109398852540936,False
36.336924245,1790241718.506208,-0.5376666666666666,1.37275,0.4535533135184736,False
36.535585204,1790241718.704871,-0.5553333333333333,1.1829166666666666,0.3257243467010421,False
36.735909811,1790241718.9052014,-0.5684444444444445,1.1722499999999998,0.28747797501474226,False
36.938953746,1790241719.1081998,-0.5841944444444443,1.3728888888888888,0.5954484051216131,False
37.136989339,1790241719.3062677,-0.4743333333333334,1.2930833333333336,0.4857866483872645,False
37.337241551000005,1790241719.5065389,-0.48555555555555535,1.2485833333333334,0.48135754923693463,False
37.539055536,1790241719.7083163,-0.503083333333333,1.3506944444444444,0.45653590623599405,False
37.736740451,1790241719.9060159,-0.5093611111111112,1.284,0.3438121217628547,False
37.937123705000005,1790241720.1064136,-0.4289166666666665,1.3277500000000002,0.5169863152182106,False
38.135331642000004,1790241720.3044076,-0.42313888888888884,1.340861111111111,0.4558169858260872,False
38.336950834,1790241720.506239,-0.47208333333333297,1.3856944444444446,0.4963282803129804,False
38.536659451000006,1790241720.7059362,-0.5435555555555553,1.3293333333333333,0.46752162375616,False
38.936383872,1790241721.105674,-0.9246666666666664,1.1332499999999999,0.45333832432573407,False
39.14229927,1790241721.3063898,-1.5245833333333334,1.0730000000000002,1.3,True
39.338845433,1790241721.5077891,-1.3822222222222225,1.16825,1.2725470239307084,False
39.544023643,1790241721.7080994,-1.700694444444444,1.0160000000000002,1.3,True
39.735485839,1790241721.9047692,-1.1704444444444444,1.03125,0.7623353833762765,False
39.936558260000005,1790241722.1058433,-0.6242500000000003,1.216,0.1912818493864188,False
40.137034951000004,1790241722.306315,-0.9065555555555553,1.0720833333333335,0.5752970601134233,False
40.336935182000005,1790241722.5062194,-0.9709166666666664,1.1776666666666664,0.6999816264387302,False
40.536931872000004,1790241722.7061558,-0.6733333333333332,1.2616666666666665,0.27412503469260696,False
40.735980435,1790241722.9052823,-1.0477500000000002,1.0722222222222222,0.6107544387717547,False
40.936650355000005,1790241723.1059406,-1.2345833333333334,1.0411944444444445,0.0866912503762367,False
41.141913772,1790241723.3056676,-1.8550000000000006,0.9862222222222222,1.3,True
41.342016973,1790241723.5060356,-2.5543055555555543,0.9529166666666667,1.3,True
41.539940378000004,1790241723.7092354,-1.4100000000000001,0.9633333333333332,0.40067309120159833,False
41.737316177000004,1790241723.906603,-1.3104722222222225,0.97175,0.3657813466409753,False
41.937317346,1790241724.1066127,-0.8635555555555556,1.3533333333333333,0.21079814021549503,False
42.137000702,1790241724.3062932,-1.2181944444444437,1.14525,0.719220581438449,False
42.337615101000004,1790241724.5069387,-1.1308888888888886,1.1229166666666668,0.6269112386097382,False
42.540858254,1790241724.7049887,-1.4411111111111112,0.9434722222222224,1.3,True
42.741329788,1790241724.9054902,-1.6688888888888886,0.9912500000000002,1.3,True
42.939567360000005,1790241725.1088636,-1.2520000000000002,0.9857777777777779,0.1417089429510796,False
43.137257015,1790241725.3065522,-1.3335833333333333,1.1506666666666667,0.35262377310923754,False
43.341536732,1790241725.5058014,-1.7946666666666669,1.1548611111111113,1.3,True
43.537718572,1790241725.707005,-1.2835555555555553,1.1344444444444448,-0.09628827190935207,False
43.738123595000005,1790241725.9074037,-1.8323055555555554,0.8406944444444443,0.677112207407711,False
43.940782268,1790241726.1049626,-3.180805555555555,0.8871944444444442,1.3,True
44.342723879000005,1790241726.5068295,-3.0982222222222218,0.634527777777778,1.3,True
44.537046444000005,1790241726.7063231,-1.9882222222222223,0.8072500000000004,0.3419708602752586,False
44.742850904,1790241726.9069254,-2.026583333333334,0.9598611111111115,1.3,True
44.935805446,1790241727.1051016,-1.7125277777777779,0.8652499999999999,0.5231531374591866,False
45.137326252,1790241727.3066087,-1.5704166666666663,0.7491111111111116,0.6147817601191333,False
45.336869399,1790241727.506164,-1.7744444444444443,0.9902222222222221,0.9054029090356457,False
45.536803536,1790241727.7061155,-1.39925,0.9,0.3021525980892673,False
45.73778955,1790241727.9070008,-1.0537499999999995,0.8124444444444447,-0.09801465020626954,False
45.937471968000004,1790241728.106763,-1.444694444444444,0.6993055555555555,0.040861523834453406,False
46.136401624,1790241728.3057015,-1.7455833333333335,0.6973333333333337,0.1569054944532755,False
46.336419563,1790241728.5056932,-1.8533333333333335,0.6672500000000002,0.5436713723152125,False
46.539187663,1790241728.7084477,-1.8346666666666664,0.8053333333333332,0.7054106926252,False
46.736238774,1790241728.905541,-1.7422222222222223,0.8650833333333335,0.5633233037594103,False
46.937116194000005,1790241729.106417,-1.772083333333334,0.9,0.653609514517564,False
47.137881218000004,1790241729.3072097,-1.765222222222223,0.9114166666666668,0.7551053625745073,False
47.337252749,1790241729.5065308,-1.6310277777777773,0.7987500000000002,0.511237155022319,False
47.535117039000006,1790241729.7043445,-1.5622222222222217,0.7059166666666666,0.3294108036263307,False
47.738822224,1790241729.9080992,-1.6966666666666668,0.7245833333333329,0.4531226681048922,False
47.936665732,1790241730.1059704,-1.586583333333333,0.9663333333333335,0.5066821473849347,False
48.136161118000004,1790241730.3054357,-1.6660833333333336,0.9693333333333334,0.44171146152486884,False
48.536773559000004,1790241730.70606,-1.6914444444444443,0.7168888888888889,0.5614297512452324,False
48.741262026,1790241730.9051936,-1.9048611111111111,0.8088888888888889,1.3,True
48.942268509,1790241731.1063762,-1.7851111111111109,0.9108055555555555,1.3,True
49.141344779,1790241731.3054926,-1.9578888888888886,0.7744166666666668,1.3,True
49.336218543,1790241731.5055022,-1.8159999999999998,0.9568055555555555,1.0324796664587441,False
49.536396898,1790241731.705674,-1.6625833333333335,0.9340833333333336,0.5209589316915894,False
49.738542341000006,1790241731.9077895,-1.762916666666667,0.9,0.6608405313312739,False
49.937265277,1790241732.1065874,-1.673,0.8781111111111111,0.7788552249679468,False
50.136080037000006,1790241732.305286,-1.6393333333333333,0.9937777777777779,0.3266080180023654,False
50.337667405000005,1790241732.5069673,-1.7024166666666667,0.8669166666666667,0.8192370791012364,False
50.543586083,1790241732.707656,-2.1083333333333334,0.6543333333333332,1.3,True
50.935920281,1790241733.1052034,-1.5948055555555551,0.3851944444444444,0.26471236849932733,False
51.136838273,1790241733.3061242,-1.5786666666666669,0.56775,0.07041816333537398,False
51.336989701,1790241733.5062819,-1.6491388888888887,0.541666666666667,0.30655239324031625,False
51.543187442000004,1790241733.7072914,-2.2657499999999997,1.0231388888888888,1.3,True
51.735475732000005,1790241733.9047687,-1.5352499999999998,0.8528888888888889,0.14865818250622165,False
51.936071223000006,1790241734.1053576,-1.5786666666666669,0.7937500000000002,0.20265206381223155,False
52.14098818,1790241734.3050838,-2.1607499999999997,0.7295833333333333,1.3,True
52.336293715000004,1790241734.5055997,-1.7066666666666666,0.3923611111111114,0.5374767889588258,False
52.536147591,1790241734.7054338,-1.0085277777777777,0.5951388888888889,-0.4069216222143053,False
52.736700739,1790241734.9059772,-1.2855555555555551,0.5499999999999998,-0.2801730644395404,False
52.93587242500001,1790241735.1051564,-1.4442222222222216,0.6090277777777776,0.1065984168208216,False
53.13766969,1790241735.3067427,-1.8159999999999998,0.7088888888888888,0.6039249011709464,False
53.336893668,1790241735.5061975,-1.7226666666666663,0.8445833333333334,0.8527880272050935,False
53.538625985,1790241735.7078714,-1.6469999999999998,0.5383333333333334,0.26173788366221173,False
53.743710963000005,1790241735.9074798,-1.9306388888888895,0.3266666666666666,1.3,True
53.937454255000006,1790241736.1067467,-1.6983611111111108,0.26163888888888925,0.09288996852547826,False
54.142564858,1790241736.3066018,-2.890305555555556,0.15066666666666684,1.3,True
54.342093993000006,1790241736.5062604,-2.7270000000000003,0.5712222222222227,1.3,True
54.536048900000004,1790241736.7053254,-1.706250000000001,1.0075277777777776,-0.6782817581189413,False
54.74214846300001,1790241736.9063501,-2.5094444444444437,0.422638888888889,1.3,True
54.936529882,1790241737.105819,-1.537361111111111,0.32400000000000007,0.1963946293881993,False
55.143072518000004,1790241737.3071573,-2.3662500000000004,0.3886388888888886,1.3,True
55.336676018000006,1790241737.5059605,-1.6944166666666667,0.5979166666666669,0.313112053247967,False
55.542672821000004,1790241737.706733,-2.246888888888889,0.1353333333333336,1.3,True
55.735940956,1790241737.9052417,-1.7133333333333336,0.0603333333333331,0.3500269594468606,False
55.937056083,1790241738.106322,-1.658666666666667,0.46800000000000025,-0.17739665929258397,False
56.336388052000004,1790241738.5056605,-1.8688888888888888,0.3266666666666666,1.0794479429328678,False
56.537116876000006,1790241738.7064085,-1.185083333333333,0.47866666666666696,-0.5029297588308252,False
56.73584325,1790241738.905138,-1.1199999999999997,0.5895555555555557,-0.7743491140388066,False
56.935987958000005,1790241739.1052778,-1.6130833333333334,0.1895833333333331,0.04919213328167649,False
57.142207052,1790241739.3062246,-2.43325,0.03830555555555559,1.3,True
57.34372457600001,1790241739.5077918,-2.118888888888889,0.12125000000000002,1.3,True
57.538305265000005,1790241739.7075918,-1.6333333333333335,0.1895833333333331,0.07575313684516893,False
57.735875543000006,1790241739.9051533,-1.7599166666666664,0.042083333333333695,0.8381317076866549,False
57.93598645,1790241740.1052606,-1.5266666666666662,0.1284444444444446,0.12624921146767787,False
58.137575796,1790241740.3068833,-1.763333333333333,-0.002222222222222101,0.42162045943456095,False
58.343431973,1790241740.507532,-1.9699999999999995,-0.07708333333333366,1.3,True
58.535929377,1790241740.7052052,-1.835666666666667,0.016416666666666645,0.6132261056618104,False
58.736221065,1790241740.9054887,-1.5284166666666665,0.035583333333333175,0.15510859927919585,False
58.937158223000004,1790241741.1064618,-1.7382499999999999,-0.010472222222221994,0.5839153192102706,False
59.141009449,1790241741.3047562,-2.2010833333333326,-0.0640000000000001,1.3,True
59.342091555,1790241741.506254,-1.9619166666666668,0.053777777777777654,1.3,True
59.537241047,1790241741.7065437,-1.3822500000000002,0.017222222222222052,-0.0324745147888299,False
59.736608827000005,1790241741.9059184,-1.4637499999999997,-0.031999999999999806,-0.01807129454366052,False
59.942049482,1790241742.1061976,-1.9816666666666662,0.12499999999999992,1.3,True
60.137036786,1790241742.3063087,-1.408333333333333,0.03833333333333306,-0.14759378894003916,False
60.336533681000006,1790241742.5058124,-1.3859722222222222,-0.07708333333333366,-0.09786950712525999,False
60.537695943,1790241742.7067075,-1.6405555555555558,-0.11024999999999988,0.47415352114584763,False
60.73698039000001,1790241742.9062986,-1.575,-0.02000000000000014,0.16749172188455952,False
60.939690259,1790241743.1089716,-1.67725,0.08233333333333327,0.41115037282888955,False
61.13585819,1790241743.305149,-1.441916666666667,0.26252777777777764,0.09088648494694684,False
61.33749404700001,1790241743.5067906,-1.7805277777777784,0.4488055555555554,0.4824460838182021,False
61.538023756,1790241743.7072449,-1.7445833333333327,0.42500000000000004,0.29034461668569445,False
61.742817118000005,1790241743.906774,-2.343472222222222,0.30075000000000024,1.3,True
61.942910420000004,1790241744.1070242,-2.5447777777777776,0.12563888888888916,1.3,True
62.142962680000004,1790241744.3070118,-2.377083333333333,0.24691666666666653,1.3,True
62.340491134000004,1790241744.5046422,-2.2447500000000002,0.23266666666666694,1.3,True
62.538774016000005,1790241744.7079878,-1.9554166666666661,0.7964444444444445,0.41336484017618336,False
62.74432290000001,1790241744.9083927,-2.311111111111112,0.2519999999999999,1.3,True
62.940201612,1790241745.1043563,-2.13975,0.10736111111111118,1.3,True
63.137078762,1790241745.3063781,-2.133583333333333,0.38108333333333383,0.9223789561242933,False
63.340932852,1790241745.5051441,-2.1636666666666664,0.10841666666666687,1.3,True
63.540012194000006,1790241745.7039394,-2.712583333333334,0.4287500000000001,1.3,True
63.744584045,1790241745.9086792,-1.9826666666666672,0.5214166666666666,1.3,True
63.940979372,1790241746.105213,-2.6889999999999987,0.23975000000000005,1.3,True
64.141995331,1790241746.305678,-2.502083333333333,0.22333333333333327,1.3,True
64.342310925,1790241746.506401,-2.773333333333333,0.11991666666666671,1.3,True
64.540836672,1790241746.70511,-2.9022222222222225,0.1615277777777777,1.3,True
64.741052318,1790241746.9052973,-2.7826944444444437,0.11055555555555559,1.3,True
64.94068488900001,1790241747.1048307,-2.8055555555555554,-0.05555555555555536,1.3,True
65.14032569,1790241747.3044088,-2.055638888888889,0.273111111111111,1.3,True
65.336595027,1790241747.505871,-1.9159999999999997,0.30266666666666664,0.8128276599714531,False
65.54120844,1790241747.7053626,-1.8904166666666666,0.22977777777777775,1.3,True
65.73978314600001,1790241747.9090757,-1.6106666666666665,0.32969444444444485,0.45173443887461817,False
65.938517956,1790241748.1077712,-1.4516666666666664,0.2523333333333335,0.4126490109444979,False
66.140691104,1790241748.3047502,-1.7944444444444447,-0.06311111111111119,1.3,True
66.33679351400001,1790241748.5060632,-0.7980000000000002,0.7964444444444445,-0.6932316089490402,False
66.542073386,1790241748.7059898,-1.9210000000000003,0.22800000000000004,1.3,True
66.73671595,1790241748.9060004,-1.85825,0.2017499999999998,0.861133420046593,False
66.93628024,1790241749.105574,-1.5120000000000002,0.32425000000000037,0.248516316103764,False
67.142180009,1790241749.3063345,-1.7024166666666662,0.14069444444444468,1.3,True
67.338488096,1790241749.5077338,-1.3207777777777776,0.33475000000000005,0.2178315753874558,False
67.53587800700001,1790241749.7051845,-0.47508333333333264,1.1195833333333334,-0.7806078405387,False
67.73727334200001,1790241749.9065702,-1.395583333333333,0.26666666666666666,0.564312533332861,False
67.93774122800001,1790241750.1070287,-1.3409999999999995,0.26666666666666666,0.4689717881510336,False
68.135194837,1790241750.304449,-1.4318055555555558,0.39144444444444426,0.3543234707396897,False
68.33699475600001,1790241750.5062823,-1.6792499999999997,0.30075000000000013,0.55887323958718,False
68.53671941,1790241750.706001,-1.4986666666666668,0.35000000000000003,0.5098112743007391,False
68.74232417900001,1790241750.9063964,-1.8022222222222215,0.31200000000000017,1.3,True
68.936470387,1790241751.1057584,-1.2679166666666666,0.2866666666666667,0.4742824038382668,False
69.136618168,1790241751.3058786,-1.2422222222222221,0.41825,0.3650931125950113,False
69.33693824000001,1790241751.5062168,-1.3869722222222218,0.40133333333333343,0.5436008921610849,False
69.536097529,1790241751.705386,-1.162583333333333,0.38000000000000006,0.3642649984875227,False
69.736287497,1790241751.9055867,-1.0506666666666662,0.23736111111111105,0.2417659717776719,False
69.93628168400001,1790241752.1055875,-0.46799999999999975,0.5043055555555557,-0.2982027113716841,False
70.13779420600001,1790241752.307102,-1.0479166666666666,0.1560833333333337,0.5466682983056017,False
70.33709662000001,1790241752.5063899,-0.7538888888888887,0.47975,-0.07516961888702145,False
70.538321069,1790241752.7076304,0.12236111111111139,1.1525833333333333,-0.6517887739737303,False
70.735948272,1790241752.9052563,-0.819972222222222,0.30525000000000013,0.14372667924752713,False
70.936350272,1790241753.1056316,-0.9298611111111111,0.2840000000000004,0.36340920672728705,False
71.136415291,1790241753.3056936,-1.0315555555555551,0.19066666666666687,0.5321853361489556,False
71.337124739,1790241753.506409,-1.1368055555555558,0.13466666666666677,0.8781730002158317,False
71.536917779,1790241753.7062047,-1.1196666666666664,0.22352777777777813,0.5610941277014475,False
71.73852269700001,1790241753.9076848,-1.20375,0.31000000000000016,0.5152797074753327,False
71.935860316,1790241754.105151,-1.0930277777777775,0.36900000000000005,0.3412876985215151,False
72.13567377300001,1790241754.3049655,-0.8986666666666666,0.26536111111111116,0.3005593049449612,False
72.337180722,1790241754.5064607,-0.8057777777777774,0.1392222222222222,0.34138675907381033,False
72.5371722,1790241754.7060483,-0.7426666666666665,0.254,0.4595059653857011,False
72.736679093,1790241754.9059532,-0.8677777777777776,0.16947222222222225,0.8546452040337686,False
72.935731194,1790241755.1050208,-0.8179166666666665,0.2354166666666667,0.42593403026748344,False
73.13702361200001,1790241755.3063102,-0.8844166666666663,0.2693611111111112,0.5507658900295513,False
73.33574269100001,1790241755.505013,-0.9044444444444445,0.15288888888888907,0.48054577030324575,False
73.53636156600001,1790241755.7056632,-0.7845277777777773,0.2951388888888891,0.3194342438365011,False
73.738292943,1790241755.9075818,-0.7100277777777775,0.2972222222222223,0.3793917742050993,False
73.93520498800001,1790241756.1044836,-0.7166666666666665,0.25866666666666677,0.38589910598203414,False
74.136728499,1790241756.3060186,-0.68025,0.2972222222222223,0.35717504905879605,False
74.33476757800001,1790241756.5039544,-0.7292499999999998,0.27388888888888907,0.3096569715279407,False
74.53756359100001,1790241756.706523,-0.6411111111111109,0.3192499999999998,0.37482110880658515,False
74.736359494,1790241756.9056642,-0.7416666666666671,0.2244444444444445,0.35768622693203755,False
74.936261492,1790241757.105542,-0.6875555555555556,0.27708333333333324,0.46042142451490553,False
75.136820314,1790241757.3060963,-0.750222222222222,0.22725000000000006,0.5426202704165163,False
75.336002675,1790241757.5052915,-0.7379999999999999,0.32213888888888886,0.5360088113954242,False
75.53688863400001,1790241757.7061913,-0.6248888888888886,0.37733333333333335,0.41138679275020595,False
75.737323966,1790241757.9065928,-0.8139166666666665,0.19777777777777783,0.4688420063913804,False
75.937973778,1790241758.107262,-0.7928055555555555,0.30233333333333356,0.31508685325263186,False
76.136478846,1790241758.3057635,-1.0182222222222226,0.3626666666666666,0.6721493847564314,False
76.335736885,1790241758.5050235,-0.5540277777777773,0.41175000000000017,0.46938868358863683,False
76.53712477100001,1790241758.7064323,-0.47063888888888894,0.4811111111111112,0.3186075529988709,False
76.738246198,1790241758.9074838,-0.4922222222222223,0.51,0.4719195184339765,False
76.936696943,1790241759.1059844,-0.616777777777778,0.42963888888888885,0.4429144745162087,False
77.136981233,1790241759.3060586,-0.9449999999999995,0.39686111111111105,0.6020915113801414,False
77.336490783,1790241759.5057893,-0.6462222222222221,0.3522500000000001,0.28964522220846955,False
77.53629877,1790241759.7055883,-0.7899999999999998,0.39022222222222225,0.5302424944932653,False
77.73776525000001,1790241759.9070308,-0.936,0.47925,0.6619377479430398,False
77.93662542300001,1790241760.1058955,-1.0617499999999995,0.5504444444444445,1.1161580812756573,False
78.138164923,1790241760.3074608,-0.6470833333333337,0.8190277777777779,0.5765522417267321,False
78.33677733600001,1790241760.5060687,-0.30088888888888904,1.0213611111111114,0.4379168501512827,False
78.53709053200001,1790241760.7063794,-0.06908333333333319,1.2109166666666666,0.3031006472845694,False
78.736750238,1790241760.9060588,-0.11288888888888879,1.332361111111111,0.2664769144502881,False
78.935847546,1790241761.1051145,-0.15500000000000008,1.3044444444444443,0.28511099554777664,False
79.13629668,1790241761.305566,-0.2052222222222223,1.1977777777777778,0.3540548458986108,False
79.336692064,1790241761.5059922,-0.17222222222222236,0.9913333333333332,0.2838810461392518,False
79.537673595,1790241761.7069693,-0.14086111111111083,0.9722222222222223,0.37401830579982454,False
79.735908611,1790241761.9052057,-1.0200277777777778,0.6153055555555556,1.1552850876232947,False
79.937258371,1790241762.1065621,-0.636,0.5619722222222223,0.4516538315931302,False
80.142421002,1790241762.3060288,-1.06875,0.5739166666666665,1.3,True
80.336488876,1790241762.5057733,-0.8688888888888889,0.5371111111111112,0.6895544634560595,False
80.53781077100001,1790241762.7071128,-0.7431388888888887,0.7826666666666668,0.6894449404763919,False
80.73966746,1790241762.9089596,-0.3344444444444441,0.9635555555555556,0.2414124481469322,False
80.940215656,1790241763.109518,-0.20541666666666655,0.9373611111111112,0.32221774385495283,False
81.139570413,1790241763.3088233,-0.15733333333333352,0.90725,0.3682040675543693,False
81.339845536,1790241763.5091293,-0.24888888888888885,0.8775833333333333,0.33211477227761654,False
81.53625773600001,1790241763.7055554,-0.2855555555555557,0.8922500000000001,0.2731368337546831,False
81.736901974,1790241763.9061859,-0.2728888888888887,0.7826666666666668,0.377739438547936,False
81.935548553,1790241764.1048439,-0.42291666666666616,0.7268611111111113,0.388729228928154,False
82.13992113,1790241764.309223,-0.7178055555555556,0.8523333333333334,0.4524841751905344,False
82.33659947700001,1790241764.5058877,-0.3487500000000001,0.9081388888888889,0.19793049403059237,False
82.536401995,1790241764.7057045,-0.3527777777777779,0.9490000000000001,0.1932268346647663,False
82.734856385,1790241764.9040205,-0.38666666666666627,0.9219166666666667,0.42281213607852997,False
82.936992188,1790241765.106279,-0.30088888888888904,0.8846666666666669,0.29813635387239534,False
83.13711376900001,1790241765.3064153,-0.18436111111111123,0.8688888888888889,0.24385461252945473,False
83.335701181,1790241765.5049906,-0.19958333333333325,0.8053333333333335,0.22240790867890192,False
83.53720615,1790241765.7065012,-0.17766666666666633,0.89275,0.3718663926699155,False
83.738583722,1790241765.9078343,-0.34666666666666696,0.8929166666666667,0.4660803104548311,False
83.936032798,1790241766.1053545,-0.3707499999999999,0.9,0.3359230126696312,False
84.13790880900001,1790241766.3072176,-0.4200000000000001,0.853,0.29980451910639005,False
84.336647419,1790241766.505936,-0.44375000000000003,0.7912500000000001,0.46939216533914185,False
84.53618556100001,1790241766.7054677,-0.38808333333333334,0.7957777777777779,0.38948967343365615,False
84.73777943600001,1790241766.9070745,-0.3057499999999999,0.8492499999999998,0.40658443320031623,False
84.935483305,1790241767.1047845,-0.2071111111111111,0.9440000000000002,0.3574136709805723,False
85.135654312,1790241767.3049335,-0.3062222222222223,0.8645833333333333,0.4507511493446069,False
85.33667990500001,1790241767.5059533,-0.35666666666666635,0.8769166666666668,0.3096939621454834,False
85.537308257,1790241767.7066019,-0.4298611111111109,0.8408888888888889,0.42123649273679376,False
85.735354939,1790241767.9045193,-0.40208333333333324,0.8645833333333333,0.4917149928535245,False
85.93694292800001,1790241768.1062353,-0.32525000000000015,0.8706666666666667,0.3910709636855275,False
86.137158884,1790241768.3064406,-0.33825000000000016,0.862638888888889,0.35987177210949406,False
86.33799853800001,1790241768.5072417,-0.3607499999999998,0.8508055555555555,0.48828000878640265,False
86.538648349,1790241768.7078838,-0.2933055555555554,0.7776944444444446,0.4206461450812343,False
86.736367634,1790241768.9056768,-0.4159999999999996,0.8717777777777778,0.506622721416324,False
86.93598301600001,1790241769.1052787,-0.6654444444444444,0.7398888888888889,0.6293673707186698,False
87.13623600300001,1790241769.3055093,-0.50625,0.7786388888888888,0.5401102591757956,False
87.33643508300001,1790241769.5057166,-0.6875555555555556,0.7194444444444447,0.7861254536536024,False
87.536896091,1790241769.7061958,-0.7183055555555556,0.7622500000000001,0.6941022641088479,False
87.739559395,1790241769.908858,-0.8445833333333332,0.7500833333333334,0.9587464489399256,False
87.93544643700001,1790241770.1047473,-0.9609166666666666,0.7021111111111112,0.9517484423917919,False
88.13770036400001,1790241770.3070006,-1.040694444444444,0.8426388888888889,0.7703635433294184,False
88.33769533,1790241770.506976,-1.2593333333333332,0.7926666666666669,0.8661116375020974,False
88.545083745,1790241770.7087505,-1.3798611111111114,0.7162500000000002,1.3,True
88.73673151,1790241770.9060218,-1.2743055555555551,0.8204444444444443,0.42506213668598447,False
88.936862777,1790241771.1061583,-1.3304166666666661,0.8011111111111111,0.5376926599396553,False
89.136685868,1790241771.3059952,-1.4187499999999995,0.8274722222222224,0.4929447609050426,False
89.340984538,1790241771.505211,-1.5177499999999997,0.7833333333333332,1.3,True
89.53618907900001,1790241771.7055008,-1.478,0.7660277777777779,0.6421113744159735,False
89.73718149400001,1790241771.9064639,-1.3359999999999994,0.8077500000000002,0.4040960221653208,False
89.938104377,1790241772.1073873,-1.3634166666666663,0.8386666666666666,0.4551134897054049,False
90.13627444400001,1790241772.305574,-1.180222222222222,0.8597777777777776,0.26464610928806276,False
90.336688889,1790241772.5059812,-1.2083333333333328,0.8396666666666667,0.29835612893381813,False
90.536648438,1790241772.7059517,-1.3227499999999996,0.8479166666666669,0.3233374360154426,False
90.73602178700001,1790241772.905319,-1.3057499999999993,0.8380000000000002,0.3296016603991937,False
90.93502112600001,1790241773.104265,-1.3244444444444445,0.8588888888888889,0.3742263828972783,False
91.136783334,1790241773.3060644,-1.2462499999999999,0.82,0.366157969729355,False
91.335756891,1790241773.5050488,-1.1695277777777775,0.9,0.1191931669378885,False
91.53661092,1790241773.705851,-1.2265833333333331,0.8700833333333334,0.3477141608506169,False
91.73580307200001,1790241773.9050865,-1.4051111111111112,0.7819999999999998,0.7184170175872592,False
91.936886997,1790241774.106186,-1.2493333333333332,0.79275,0.46291358885583245,False
92.137276181,1790241774.3065598,-1.247444444444444,0.8309722222222222,0.4162763305649473,False
92.338051773,1790241774.5073304,-1.2936388888888883,0.8313611111111111,0.5073858895487532,False
92.536731371,1790241774.706006,-1.3039166666666666,0.7725277777777776,0.5299336658763628,False
92.73982149800001,1790241774.9039938,-2.0073333333333334,0.8033333333333332,1.3,True
92.94271323800001,1790241775.1067913,-1.8279999999999998,0.7718055555555554,1.3,True
93.141157003,1790241775.3052068,-1.9210000000000003,0.8798888888888889,1.3,True
93.343452857,1790241775.5076065,-1.6813333333333331,0.8704166666666667,1.3,True
93.53889041900001,1790241775.7081418,-1.2439999999999996,1.2644444444444445,-0.018235277525822102,False
93.738406372,1790241775.9076784,-1.354666666666667,0.9626666666666666,0.3585908906797691,False
93.937763159,1790241776.1070511,-1.4982222222222226,1.1613333333333336,0.44382533223156273,False
94.14219099600001,1790241776.3059373,-1.7881944444444449,0.9619999999999999,1.3,True
94.343131692,1790241776.5072453,-2.011083333333333,1.1000277777777778,1.3,True
94.54270556200001,1790241776.7067318,-1.6386666666666667,0.9310833333333333,1.3,True
94.73809328,1790241776.907409,-1.166888888888889,1.03325,0.19597791757245475,False
94.94200523,1790241777.1061738,-2.4553611111111118,1.095,1.3,True
95.13535258,1790241777.3045518,-1.5240277777777775,1.0846388888888887,0.4860603134926974,False
95.335851139,1790241777.505136,-1.7968888888888888,1.0720833333333333,0.8511930845268267,False
95.542821793,1790241777.7067707,-1.8743333333333339,0.99775,1.3,True
95.73839117700001,1790241777.9076967,-1.5725555555555557,1.1350833333333337,0.4438137754668987,False
95.94220719,1790241778.1063085,-1.7904166666666663,1.1339166666666667,1.3,True
96.142914031,1790241778.306992,-1.870305555555556,0.7726666666666668,1.3,True
96.341973734,1790241778.5060756,-1.941777777777778,0.8370000000000002,1.3,True
96.54073479,1790241778.704996,-1.9400000000000004,1.0354166666666667,1.3,True
96.73893871,1790241778.9082036,-0.9431111111111108,1.91925,-0.2987247635533661,False
96.936487056,1790241779.1057906,-1.5201944444444448,1.1574722222222222,0.35863561472499117,False
97.14099744500001,1790241779.3052387,-1.8806666666666667,0.9451111111111113,1.3,True
97.33748511200001,1790241779.5067654,-1.7904166666666663,0.9920000000000002,0.78770695913157,False
97.535963928,1790241779.705263,-1.827083333333333,1.0950277777777777,1.008142742165595,False
97.73596347600001,1790241779.9052503,-1.3822222222222225,1.5829166666666663,-0.07256568323120693,False
97.936664327,1790241780.1059675,-1.0209166666666665,1.6964444444444446,-0.32277706621575186,False
98.135132466,1790241780.3042617,-1.1849166666666666,1.306111111111111,-0.2074635181282678,False
98.33620738,1790241780.5055003,-1.3755833333333332,1.2097500000000003,0.08169157002196048,False
98.534727759,1790241780.7038896,-1.0864166666666664,1.410027777777778,-0.2342817512712425,False
98.737632624,1790241780.9069343,-0.6895555555555554,1.9,-0.4137716113305383,False
98.93569909600001,1790241781.1049788,-1.6016666666666666,1.076,0.5785515341419812,False
99.14463693900001,1790241781.308285,-1.9654166666666666,0.7545833333333333,1.3,True
99.337160068,1790241781.5064654,-1.4614722222222223,1.076,0.325360095382485,False
99.538520191,1790241781.7077932,-0.9137777777777778,1.816222222222222,-0.2391059132969633,False
99.73584629700001,1790241781.9051268,-1.5607500000000005,1.2095555555555553,0.501291795757243,False
99.93666371100001,1790241782.105964,-0.7387500000000001,1.818583333333333,-0.4504008390143732,False
100.136633519,1790241782.3059154,-0.5066388888888889,2.1220000000000003,-0.4710259840740425,False
100.336451139,1790241782.505738,-1.0332499999999996,1.6709722222222225,-0.3723176343212222,False
100.541940123,1790241782.7060847,-1.7742499999999999,0.9324166666666667,1.3,True
100.737627892,1790241782.9069045,-1.1401944444444445,1.5480000000000003,-0.1861199914064895,False
100.93583222800001,1790241783.1051137,-0.20952777777777795,2.6118055555555553,-0.33788578671061265,False
101.13676235000001,1790241783.3060594,-0.6629166666666668,1.7594444444444444,-0.4373821513901701,False
101.337647785,1790241783.5069382,-0.02222222222222224,2.4290277777777773,-0.5772933248758592,False
101.536636133,1790241783.7058806,-0.17022222222222222,2.628333333333334,-0.4459920629689633,False
101.739127143,1790241783.908431,-0.4930833333333334,2.472583333333333,-0.4515994080014729,False
101.94151924600001,1790241784.1057825,-2.856972222222222,1.18125,1.3,True
102.14199759600001,1790241784.3060963,-2.137111111111111,1.79125,1.3,True
102.34239428000001,1790241784.5064883,-2.5855277777777785,1.7359999999999998,1.3,True
102.542426796,1790241784.706636,-2.426083333333333,1.9873333333333334,1.3,True
102.737655867,1790241784.9069414,-1.7600277777777769,2.386638888888889,0.845844701127656,False
102.941168493,1790241785.1053827,-3.2672500000000007,1.6438611111111112,1.3,True
103.14033579900001,1790241785.3044338,-3.8444444444444437,1.3726388888888887,1.3,True
103.34032253400001,1790241785.5045075,-3.0360000000000005,2.0092499999999998,1.3,True
103.54327802300001,1790241785.7072809,-2.8256944444444434,1.9222222222222227,1.3,True
103.7358186,1790241785.9051058,-0.5945833333333329,1.8964444444444448,-0.5861519368433776,False
103.93592252200001,1790241786.1052074,-1.7436666666666663,1.2728611111111114,0.45038176374530214,False
104.14001082600001,1790241786.3040488,-2.489333333333333,1.334,1.3,True
104.536176998,1790241786.705458,-1.4562499999999994,1.241666666666667,0.21482728269233986,False
104.742353222,1790241786.9060738,-2.205111111111112,1.3034722222222224,1.3,True
104.940423182,1790241787.104555,-2.590083333333333,1.3853333333333333,1.3,True
105.13604397200001,1790241787.3053517,-1.3045833333333337,1.0333333333333334,0.08596353077384444,False
105.33570789400001,1790241787.5050066,-1.7967499999999998,1.2326944444444445,0.9308742163763106,False
105.542402452,1790241787.7065077,-3.0602500000000004,1.1881944444444448,1.3,True
105.742888041,1790241787.9067879,-2.7171388888888885,1.328,1.3,True
105.94268498400001,1790241788.1068048,-1.9187499999999997,1.25,1.3,True
106.142638176,1790241788.306765,-2.558,1.709583333333333,1.3,True
106.34093574100001,1790241788.5051634,-2.1116388888888884,1.024361111111111,1.3,True
106.54402711600001,1790241788.7080617,1.0193333333333336,3.5486666666666666,1.3,True
106.736631599,1790241788.905898,-0.442666666666667,2.0749999999999997,-0.5271347028126365,False
106.93574791500001,1790241789.1050403,-1.1288888888888888,2.0180000000000002,-0.2251838828623942,False
107.14012590700001,1790241789.3041635,-2.3026944444444437,1.3093055555555555,1.3,True
107.33635758300001,1790241789.505661,-1.5333333333333337,1.22025,0.15423439291062357,False
107.54236115,1790241789.706379,-3.6359166666666667,1.3885277777777774,1.3,True
107.73433932900001,1790241789.9036367,0.006083333333332971,2.1138611111111114,-0.6853347818410007,False
107.94295222400001,1790241790.106917,-2.711111111111111,1.206222222222222,1.3,True
108.13729926100001,1790241790.3065846,-1.431694444444444,0.9968888888888892,-0.07290333270656446,False
108.339522822,1790241790.5088358,-1.4855277777777776,0.8451388888888889,0.36114565563221046,False
108.94325652,1790241791.1073182,-2.2408055555555557,0.62,1.3,True
109.141926325,1790241791.3060114,-1.660888888888889,0.7530000000000002,1.3,True
109.33774581300001,1790241791.5070238,-1.6877777777777774,0.7475555555555559,0.8942083487828615,False
109.53847395400001,1790241791.7077196,-1.630305555555556,0.8266944444444446,1.0150787985260106,False
109.740226785,1790241791.9043941,-2.2019999999999995,0.8168888888888891,1.3,True
109.94383987900001,1790241792.1074007,-2.443333333333334,0.8675833333333334,1.3,True
110.143158904,1790241792.3071704,-2.2657499999999997,0.8062500000000001,1.3,True
110.34085891500001,1790241792.5050714,-2.4265833333333338,0.8487499999999999,1.3,True
110.54052814900001,1790241792.7047515,-2.8369999999999997,0.7905555555555556,1.3,True
110.741485978,1790241792.905709,-2.6056944444444436,0.8792222222222225,1.3,True
110.943162403,1790241793.1069958,-2.557916666666667,0.8173333333333335,1.3,True
111.142202729,1790241793.3064132,-2.4093333333333335,0.780527777777778,1.3,True
111.34089774200001,1790241793.5050924,-2.2444444444444445,0.7848055555555558,1.3,True
111.54252739500001,1790241793.7065136,-2.33,0.8274722222222224,1.3,True
111.74090855300001,1790241793.9051533,-1.8,0.786638888888889,1.3,True
111.94348576,1790241794.10746,-2.370222222222222,0.7660277777777779,1.3,True
112.140944469,1790241794.305263,-2.5155555555555553,0.8270833333333334,1.3,True
112.34206959000001,1790241794.5063286,-2.4048888888888884,0.7854166666666668,1.3,True
112.54198158400001,1790241794.706128,-1.8189166666666665,0.7927777777777778,1.3,True
112.740397586,1790241794.9045527,-2.211111111111111,0.6326388888888891,1.3,True
112.940677758,1790241795.104896,-2.2222222222222223,0.71,1.3,True
113.14035657400001,1790241795.3045528,-2.2121388888888887,0.6067500000000003,1.3,True
113.342748833,1790241795.5068707,-2.1699166666666665,0.6067500000000003,1.3,True
113.542596243,1790241795.7066994,-2.233333333333333,0.7961111111111112,1.3,True
113.74295787400001,1790241795.9069839,-1.7899722222222225,0.6653333333333337,1.3,True
113.93669173200001,1790241796.1059985,-1.01625,0.8895277777777778,-0.007813545602632033,False
114.136358934,1790241796.3056626,-0.8766666666666663,0.8593333333333333,-0.030075854144333558,False
114.33819926400001,1790241796.5074906,-0.9133333333333333,0.8462500000000001,-0.14837259008938086,False
114.540913242,1790241796.7052095,-1.77,0.8177777777777778,1.3,True
114.73682304200001,1790241796.9061058,-1.001333333333333,0.9197777777777777,0.13576617680908742,False
114.93806858,1790241797.1073668,-1.0294166666666669,0.8373333333333335,0.010940569532274402,False
115.13691416500001,1790241797.3061972,-0.9759999999999998,0.9102500000000001,0.018840783704070496,False
115.337304806,1790241797.5065937,-0.859416666666667,0.7860277777777779,-0.08551915382548336,False
115.53682617400001,1790241797.7061217,-0.8049166666666663,0.8146666666666668,-0.19091494792440944,False
115.73651499,1790241797.9058225,-1.054416666666667,0.7977777777777778,0.09341137485077167,False
115.93766729900001,1790241798.1069539,-0.9487499999999999,0.9295833333333334,0.10006322504521559,False
116.13478324600001,1790241798.3040175,-0.9511111111111107,0.84,0.06602769304939882,False
116.338166912,1790241798.5074513,-1.329333333333333,0.8684166666666666,0.2934587033089775,False
116.54114396300001,1790241798.7050736,-2.648555555555554,0.7733333333333335,1.3,True
116.736435584,1790241798.9057388,-1.1014166666666663,0.7395833333333335,0.010659928705988975,False
116.93781482000001,1790241799.1071007,-1.1784166666666662,0.7966666666666667,0.18073399857565353,False
117.13692545800001,1790241799.3062205,-1.2377777777777776,0.8047500000000002,0.16868058871974334,False
117.338783809,1790241799.5080428,-1.0319999999999998,0.8274722222222224,0.03541875648473347,False
117.53731465400001,1790241799.7066088,-1.25,0.8274722222222224,0.25038591784855635,False
117.73513648800001,1790241799.904416,-1.1784166666666662,0.80725,0.1883428598609087,False
117.93810671600001,1790241800.1073735,-1.3273333333333333,0.7553333333333334,0.36632030236393287,False
118.137031312,1790241800.3063233,-1.2416666666666663,0.9201111111111111,0.3387198992495649,False
118.339379507,1790241800.5086503,-1.1984722222222224,0.879,0.14872968744880444,False
118.539591345,1790241800.7088923,-1.1377499999999994,0.7944444444444446,0.07652831573781005,False
118.74308365700001,1790241800.9072578,-2.224638888888889,0.8685833333333336,1.3,True
119.141655975,1790241801.3057864,-2.158972222222222,0.8797777777777777,1.3,True
119.34237229200001,1790241801.506473,-2.6056944444444436,0.8896388888888889,1.3,True
119.54182277500001,1790241801.7059362,-2.4395555555555557,0.8793333333333333,1.3,True
119.742558884,1790241801.9066484,-2.46375,0.8894722222222222,1.3,True
119.940108842,1790241802.1043088,-1.9315555555555555,0.9204444444444444,1.3,True
120.14199240100001,1790241802.306226,-1.8297500000000002,0.9204444444444444,1.3,True
120.34043126700001,1790241802.5047193,-1.9622222222222228,0.8363333333333334,1.3,True
120.542612379,1790241802.7067585,-1.992222222222222,0.7977777777777778,1.3,True
120.74149468300001,1790241802.90566,-1.8985555555555558,0.8891944444444445,1.3,True
120.941070373,1790241803.1051826,-1.777666666666667,0.8894166666666667,1.3,True
121.14223492,1790241803.306491,-1.8877500000000003,0.86725,1.3,True
121.34101722400001,1790241803.5051646,-1.870305555555556,0.8584444444444446,1.3,True
121.542965158,1790241803.706567,-1.777666666666667,0.8787777777777778,1.3,True
121.73804948700001,1790241803.90733,-1.6946666666666665,0.8231944444444448,0.8373383574093365,False
121.94094471400001,1790241804.1051233,-1.728638888888889,0.8259166666666669,1.3,True
122.138570454,1790241804.3078108,-1.3715555555555559,0.9213333333333333,0.302563161441498,False
122.334734784,1790241804.5039742,-1.441916666666667,0.8465277777777779,0.39763253170368273,False
122.538705899,1790241804.707952,-1.4951944444444443,0.7412500000000002,0.5491058591236248,False
122.74211185600001,1790241804.9062233,-1.7298611111111108,0.7955555555555558,1.3,True
122.94364390300001,1790241805.1075845,-1.8907500000000002,0.7080000000000005,1.3,True
123.14045854800001,1790241805.304617,-1.7196666666666665,0.7950000000000002,1.3,True
123.34391174400001,1790241805.507964,-1.9519999999999995,0.7266666666666671,1.3,True
123.541612275,1790241805.7058587,-1.8501944444444445,0.8062500000000001,1.3,True
123.739957234,1790241805.9040897,-1.9507500000000007,0.756888888888889,1.3,True
123.94196256400001,1790241806.1060429,-1.8200277777777776,0.7545555555555556,1.3,True
124.142574714,1790241806.3066626,-2.599861111111111,0.656,1.3,True
124.34337249000001,1790241806.5074928,-2.747555555555556,0.6184444444444446,1.3,True
124.536648951,1790241806.7059453,-1.3392500000000003,0.7382222222222223,0.46991724019994074,False
124.73859599900001,1790241806.9078474,-1.258,0.7094722222222222,0.38447546952849954,False
124.93772002200001,1790241807.1070175,-1.3558888888888883,0.7878611111111112,0.45783600730830265,False
125.13724461800001,1790241807.306534,-1.4701111111111107,0.7487500000000001,0.7470562790955528,False
125.33904630200001,1790241807.5083168,-1.4318055555555558,0.7576666666666667,0.61190547647691,False
125.536119592,1790241807.7053974,-1.4309999999999996,0.7773333333333334,0.5813958747064628,False
125.73664038800001,1790241807.9059396,-0.8746666666666665,0.7470833333333334,-0.03207534144198387,False
125.94169514900001,1790241808.1058385,-1.7203611111111108,0.7696388888888888,1.3,True
126.14065031700001,1790241808.3049097,-1.9490833333333333,0.7495833333333335,1.3,True
126.344072732,1790241808.5081472,-2.071416666666667,0.6751111111111112,1.3,True
126.54399061000001,1790241808.707822,-2.137083333333333,0.7010277777777778,1.3,True
126.74353864400001,1790241808.9077196,-2.0823611111111107,0.7382222222222223,1.3,True
126.943215636,1790241809.1072478,-2.020777777777778,0.7487500000000001,1.3,True
127.143257942,1790241809.3072243,-1.92975,0.7160000000000001,1.3,True
127.34199045300001,1790241809.5062542,-1.9490833333333333,0.7391111111111113,1.3,True
127.54380573,1790241809.7078807,-1.8094166666666665,0.8204444444444443,1.3,True
127.74241553300001,1790241809.9067123,-2.4016666666666664,0.76675,1.3,True
127.943362214,1790241810.1075575,-2.51275,0.7408888888888887,1.3,True
128.140827484,1790241810.3050466,-2.571555555555556,0.8160000000000002,1.3,True
128.344070367,1790241810.5082417,-2.23425,0.8376666666666668,1.3,True
128.53652203500002,1790241810.7058327,-1.1487500000000002,0.7073611111111112,0.2169885984036668,False
128.736753403,1790241810.9060662,-1.433222222222222,0.7725277777777776,0.811047145125295,False
128.93799899200002,1790241811.107328,-1.0465833333333332,0.8396666666666667,0.13037475434317924,False
129.136178116,1790241811.305465,-1.2325833333333334,0.7453333333333333,0.4748839180993313,False
129.33640412,1790241811.5056815,-1.0840000000000005,0.82,0.1819016143469312,False
129.543833208,1790241811.7079816,-1.5940833333333333,0.81125,1.3,True
129.738598733,1790241811.9078522,-1.248083333333333,0.8689166666666669,0.2465429199799145,False
129.937029681,1790241812.1063046,-1.211083333333333,0.8160000000000002,0.1642530388672736,False
130.137065424,1790241812.306374,-1.358666666666667,0.8685833333333336,0.35316956008774003,False
130.53716451300002,1790241812.7064743,-1.337777777777778,0.9415555555555555,0.3534675108130628,False
130.74158640800002,1790241812.9058256,-1.941583333333333,0.8470833333333333,1.3,True
130.94047365900002,1790241813.1047528,-1.7003333333333333,0.9201111111111111,1.3,True
131.14124992400002,1790241813.3055887,-1.587333333333333,1.1011111111111112,1.3,True
131.543000578,1790241813.7072098,-1.5632500000000003,1.0911111111111111,1.3,True
131.74275184,1790241813.9066193,-1.65075,1.0555555555555558,1.3,True
131.941490914,1790241814.105796,-1.6805833333333329,1.0267500000000003,1.3,True
132.13903857900002,1790241814.3083084,-1.5731388888888886,1.096861111111111,0.8953646836995915,False
132.33614265,1790241814.5054305,-1.6666666666666665,0.9315833333333334,1.2502534897929705,False
132.542791736,1790241814.7069495,-2.2444444444444445,1.0368888888888892,1.3,True
132.736721115,1790241814.9060082,-0.8187500000000002,0.8584444444444446,-0.11958500037950137,False
132.937509358,1790241815.1067944,-1.1022222222222222,0.878,-0.0766343642519991,False
133.135477493,1790241815.3047676,-1.1116666666666664,0.8690833333333332,0.11911415371999423,False
133.338946521,1790241815.5082357,-1.4137777777777776,0.9,0.245660208916628,False
133.54114377800002,1790241815.7054331,-1.7382499999999999,0.7927777777777778,1.3,True
133.736569981,1790241815.9058683,-1.3793333333333333,0.8373333333333335,0.39511744162877993,False
133.936635098,1790241816.1059625,-1.510527777777778,0.7700000000000002,0.4648318537194277,False
134.13623979800002,1790241816.30552,-1.446666666666666,0.8270833333333334,0.5198149480554122,False
134.34052669300002,1790241816.5047965,-1.7077500000000003,0.8468055555555556,1.3,True
134.537693888,1790241816.7069938,-1.3879999999999997,0.940888888888889,0.49514964200453193,False
134.735723742,1790241816.9050052,-1.1880000000000002,0.8788888888888889,0.12173418916288115,False
134.941956108,1790241817.106188,-1.9927500000000005,0.92,1.3,True
135.140642629,1790241817.304887,-1.699111111111111,0.8582222222222224,1.3,True
135.33779873100002,1790241817.5071056,-1.5731388888888886,0.9216666666666666,0.5807193928507538,False
135.537388795,1790241817.7066789,-1.6853333333333331,0.9319166666666667,1.1731816971236206,False
135.73728115100002,1790241817.9065707,-1.4926388888888888,0.9206666666666667,0.6509221647094761,False
135.937092414,1790241818.1064003,-1.4805833333333338,0.9314166666666666,0.5581536640845967,False
136.136857478,1790241818.3061583,-1.3928888888888895,0.9419999999999998,0.3941321601856731,False
136.336325511,1790241818.5056136,-1.5204166666666665,0.9760277777777779,0.46585196953514585,False
136.54202980300002,1790241818.7061749,-1.8590000000000002,0.8137777777777778,1.3,True
136.738501269,1790241818.9077716,-1.3608055555555558,0.9844444444444443,0.3290842591802293,False
136.936581955,1790241819.105887,-1.1337777777777776,1.2450000000000003,-0.1466937998820912,False
137.135931394,1790241819.305216,-1.3073333333333335,0.8797777777777777,0.40951102349105384,False
137.339556412,1790241819.5088458,-1.3822222222222225,0.9299166666666667,0.5923159451770751,False
137.537631161,1790241819.7069364,-1.2894722222222226,0.921,0.2516582674922825,False
137.736025025,1790241819.9053133,-1.2169999999999999,1.0115277777777776,0.28505046687830293,False
137.93554977600002,1790241820.1048336,-1.2040000000000002,0.9729166666666667,0.18110895985255926,False
138.137626928,1790241820.3069015,-1.3446666666666671,0.8282500000000002,0.41570734874954773,False
138.33578959300002,1790241820.5050855,-1.3372499999999998,0.819111111111111,0.45784833601403985,False
138.536774086,1790241820.7060556,-1.3879999999999997,0.8582222222222224,0.40752556491294867,False
138.737662798,1790241820.9069486,-1.3359999999999994,0.839,0.43329185996668884,False
138.935130515,1790241821.1043768,-1.4805833333333338,0.8787777777777778,0.4964935530193274,False
139.13693662400001,1790241821.3062236,-1.4389722222222219,0.9100277777777778,0.6857456655865749,False
139.33590798900002,1790241821.5052104,-1.343194444444444,0.9202222222222224,0.46458408792866723,False
139.536577689,1790241821.7058709,-1.4348888888888893,0.8685833333333336,0.4732250187634097,False
139.73707713000002,1790241821.9063847,-1.3372499999999998,0.86,0.4996485537590373,False
139.937576466,1790241822.1068835,-1.2232500000000002,0.8898611111111111,0.28796905164313347,False
140.13675137200002,1790241822.3060505,-1.1784166666666662,0.8899166666666667,0.25334700778571695,False
140.3362193,1790241822.505549,-1.1926666666666668,0.9204444444444444,0.22630160337570593,False
140.53834384700002,1790241822.7076318,-1.2533333333333334,0.8597777777777776,0.35446431669922596,False
140.736546877,1790241822.9058435,-1.1615833333333336,0.879,0.11152065237875464,False
140.937748871,1790241823.1070306,-1.3142500000000001,0.7841944444444446,0.27853731795896297,False
141.136328203,1790241823.3056216,-1.2330833333333329,0.9646666666666668,0.10424763630684031,False
141.345330418,1790241823.5088468,-2.3777777777777778,0.86725,1.3,True
141.537565521,1790241823.70685,-1.316666666666667,0.8893611111111112,0.24003504636610873,False
141.73615438500002,1790241823.9054484,-1.211083333333333,0.8584444444444446,0.19598446771583333,False
141.93952159,1790241824.1088223,-1.3356388888888886,0.8893611111111112,0.26404364352021825,False
142.136007013,1790241824.3052924,-1.2769166666666665,0.88975,0.3184559287077888,False
142.336488016,1790241824.5057704,-1.2685277777777775,0.8795555555555556,0.31708632032231243,False
142.54373955,1790241824.7079425,-1.7054166666666666,0.9213333333333333,1.3,True
142.941713373,1790241825.105889,-1.6115277777777774,0.8692500000000001,1.3,True
143.142154792,1790241825.306342,-1.8199999999999998,0.859111111111111,1.3,True
143.342419648,1790241825.5066757,-1.9412222222222228,0.8680833333333333,1.3,True
143.540328875,1790241825.7044344,-1.84,0.8376666666666668,1.3,True
143.740865398,1790241825.9051387,-2.066111111111111,0.7829722222222224,1.3,True
143.941999266,1790241826.1062872,-1.9110833333333335,0.7172500000000002,1.3,True
144.14225500700002,1790241826.3059764,-1.8198055555555555,0.8690833333333332,1.3,True
144.34067736,1790241826.50505,-1.6122222222222218,0.8593333333333333,1.3,True
144.53760893,1790241826.706873,-1.3087499999999996,0.9099166666666667,0.48555227471480833,False
144.735665918,1790241826.9049733,-1.221333333333333,0.8690833333333332,0.23292968900305722,False
144.937654318,1790241827.1069388,-1.3031944444444448,0.9768055555555554,0.12202073591894802,False
145.135480889,1790241827.3048053,-1.3777777777777775,0.7022222222222222,0.6434846950154076,False
145.335963662,1790241827.5052502,-0.6253333333333333,1.533,-0.4097570652646012,False
145.535818569,1790241827.7051003,-0.7606666666666665,1.0000000000000002,-0.614545957197743,False
145.737480979,1790241827.9067817,0.12055555555555585,2.361888888888889,-0.2360166778286943,False
145.93572822800002,1790241828.1050196,-1.1632500000000001,1.1420833333333336,-0.14737524409609204,False
146.142210541,1790241828.305946,-2.624444444444444,1.019472222222222,1.3,True
146.340812738,1790241828.5050116,-2.355,0.7903055555555555,1.3,True
146.540656291,1790241828.704586,-1.9419999999999997,0.7380277777777777,1.3,True
146.73691660900002,1790241828.9062016,-1.1966666666666665,0.80725,0.20801267114087407,False
147.135255953,1790241829.3044672,-1.0719999999999998,0.9424444444444445,0.000956325162313032,False
147.336790967,1790241829.506103,-1.1116388888888886,1.0626666666666666,0.16726060531760778,False
147.536170144,1790241829.7054641,-1.2871111111111109,0.998888888888889,0.4666537482482791,False
147.736760937,1790241829.906059,-1.1764444444444442,0.8380000000000002,0.17632991090097838,False
147.93674188600002,1790241830.1060314,-1.1854166666666666,0.8571111111111112,0.07189256593783089,False
148.137903098,1790241830.307193,-1.1283611111111111,0.8667500000000004,-0.07693341902653295,False
148.336575086,1790241830.505868,-1.153333333333333,0.8343333333333334,-0.01807060171718855,False
148.538474267,1790241830.7077208,-1.225138888888889,0.9748611111111111,0.12089842804985285,False
148.73952110300002,1790241830.908854,-1.1984722222222224,0.9,0.16507078081418314,False
148.935735744,1790241831.1049764,-1.1170833333333328,0.9,0.10040639115203231,False
149.137480654,1790241831.3067455,-1.2845833333333336,0.8231944444444448,0.10175271068196312,False
149.336667018,1790241831.50596,-1.1327499999999997,0.9721388888888888,0.14072288981025882,False
149.53800052100001,1790241831.7072692,-1.1966666666666665,0.7537777777777779,0.1704390451961948,False
149.737786574,1790241831.9070709,-1.1484166666666666,0.8679166666666667,0.04462761722091213,False
149.936842834,1790241832.1061556,-1.2818888888888886,0.8336666666666666,0.07388386951639081,False
150.139405557,1790241832.3087113,-1.3227499999999996,0.7172500000000002,0.22371710270951484,False
150.33622223,1790241832.5055194,-1.1589999999999998,0.8894166666666667,0.08523377020286116,False
150.536647138,1790241832.7059646,-1.201305555555555,0.8346666666666667,0.04099383728795236,False
150.73771928600002,1790241832.9070058,-1.1695277777777775,0.8575555555555556,0.08801681276431261,False
150.93834174600002,1790241833.1076477,-1.2048888888888885,0.859111111111111,0.24048555262444293,False
151.136493994,1790241833.3057842,-1.2871111111111107,0.8459722222222222,0.15366846554641245,False
151.336446297,1790241833.5057325,-1.1589999999999998,0.9105277777777778,0.10097616124821696,False
151.536035838,1790241833.7053304,-0.9462222222222221,0.8490277777777777,0.01162298268924089,False
151.73621152700002,1790241833.9055014,-1.1854166666666666,0.9,0.10296728265728317,False
151.93811315600001,1790241834.1074018,-1.407027777777778,0.8155555555555558,0.39736941755544486,False
152.135967122,1790241834.3052657,-1.2249999999999994,0.8286388888888888,0.27397242151051837,False
152.336825936,1790241834.5061297,-1.3186666666666664,0.44786111111111115,0.19142494734161386,False
152.53953308700002,1790241834.7088192,-1.407027777777778,0.8263055555555557,0.4071999320005891,False
152.736879552,1790241834.9061768,-1.3862500000000002,0.879,0.3834467077687195,False
152.936887323,1790241835.1061757,-1.5245833333333334,0.8173333333333335,0.7343040728938874,False
153.135882228,1790241835.3051715,-1.3611111111111116,0.9222222222222219,0.143720312359773,False
153.336896356,1790241835.506204,-1.5438888888888889,0.859111111111111,0.863267590473452,False
153.535747511,1790241835.7050452,-1.5245833333333334,0.8898611111111111,0.8570633649670407,False
153.736746638,1790241835.9060445,-1.132333333333333,1.1485277777777776,0.018475452480498644,False
153.944055827,1790241836.1076655,-1.6966666666666672,0.6333611111111112,1.3,True
154.14066901,1790241836.3099554,-1.2092500000000002,1.0454444444444444,0.20074554761863883,False
154.336054794,1790241836.5053568,-1.2044722222222224,1.1510833333333335,0.05474748519937389,False
154.535357981,1790241836.7045598,-1.1207499999999997,1.068,0.08172440002272041,False
154.736834557,1790241836.9061253,-1.29,0.9752500000000001,0.1749722503422415,False
154.93759670400001,1790241837.1069045,-1.1740277777777781,1.156,0.09711896805786635,False
155.13544546100002,1790241837.3047457,-1.4680833333333332,0.9736944444444443,0.5116152872823357,False
155.33674521400002,1790241837.506045,-1.256916666666667,1.1111111111111112,0.21115079472822007,False
155.53938637500002,1790241837.7086444,-1.218916666666667,1.080861111111111,0.13983560724788857,False
155.739107843,1790241837.9083972,-1.2972499999999993,1.1327500000000001,0.09832621939230046,False
155.937049986,1790241838.1063387,-0.8409722222222217,1.4980000000000002,-0.27405899554324775,False
156.135140358,1790241838.3044164,-1.3272500000000005,1.01275,0.39294714872836733,False
156.33739167500002,1790241838.5066588,-0.876,1.5657777777777775,-0.32399629021044407,False
156.537776634,1790241838.7070749,-1.2706666666666664,1.0423333333333333,0.3466126472181179,False
156.736081173,1790241838.9053934,-1.3057499999999993,0.950138888888889,0.4390975494743963,False
156.937868947,1790241839.1071632,-1.1362500000000002,1.156,0.06137175169464193,False
157.136070413,1790241839.3053691,-1.3090833333333327,1.0780277777777778,0.2974747201549497,False
157.3372223,1790241839.506538,-1.2580833333333334,1.1773333333333333,0.18931888077130332,False
157.538663511,1790241839.7079406,-1.2852222222222223,1.2280833333333334,0.25903162108781563,False
157.73642060100002,1790241839.9057367,-1.1460000000000006,1.2299999999999998,-0.007931190850649639,False
158.134619369,1790241840.303833,-0.9469166666666664,1.4426666666666665,-0.4250106420766737,False
158.33549584000002,1790241840.504815,-1.0205277777777777,1.4212500000000001,-0.20820140972084733,False
158.53622704900002,1790241840.705508,-0.7693055555555552,1.591916666666667,-0.42478122919408157,False
158.735853257,1790241840.9051259,-0.9488055555555551,1.4600833333333332,-0.32244404448015906,False
158.93735702,1790241841.1066306,-0.47924999999999995,1.8940833333333331,-0.5050949459485201,False
159.136935259,1790241841.306245,-0.5427499999999997,1.74525,-0.4782083328451703,False
159.33563443300002,1790241841.5049143,-0.5237777777777783,1.7962222222222222,-0.4325537705656448,False
159.537551009,1790241841.7068164,-0.49024999999999996,1.86775,-0.4410240880010823,False
159.73772044700002,1790241841.9070218,-1.0555555555555558,1.2064444444444442,-0.07200374329115378,False
159.938180042,1790241842.1074698,-1.2382222222222217,1.1706666666666665,-0.011047399581959771,False
160.139206564,1790241842.3084824,-0.4985555555555554,1.8836666666666668,-0.5107573683167992,False
160.33646938200002,1790241842.505765,-0.7093333333333331,1.4675833333333335,-0.36491602849646587,False
160.53574803700002,1790241842.7050276,-0.88425,1.275888888888889,-0.20193524517865824,False
160.735649818,1790241842.904959,-0.9452499999999999,1.2214166666666666,-0.1812979996911117,False
160.937573894,1790241843.1068668,-1.0314166666666666,1.1269166666666666,-0.06701810014026921,False
161.13596077600002,1790241843.3052711,-1.0342222222222215,1.1715277777777777,-0.07270064506315155,False
161.33671552700002,1790241843.5060093,-0.950333333333333,1.2080000000000002,-0.1601378549834107,False
161.539689449,1790241843.70901,-0.6068055555555557,1.5634166666666665,-0.3887614823105725,False
161.73656773500002,1790241843.9058745,-0.6277499999999995,1.5539166666666668,-0.34735331078538123,False
161.937600143,1790241844.1068935,-0.7537499999999995,1.502138888888889,-0.2847838010238668,False
162.136868381,1790241844.3061917,-1.0082222222222224,1.18125,-0.18682089981183791,False
162.33690761,1790241844.5062256,-0.8914166666666665,1.4206666666666672,-0.3460809666025273,False
162.53806319400002,1790241844.7073739,-0.8460000000000003,1.4040000000000004,-0.4117149295370415,False
162.73605419100002,1790241844.9053373,-0.762305555555555,1.4944444444444447,-0.4022414759481898,False
162.93655508700002,1790241845.1058578,-0.6026666666666661,1.5950833333333334,-0.5008059441847452,False
163.139745936,1790241845.3090496,-1.0831944444444441,1.1188888888888886,-0.06369991194752234,False
163.33747036900002,1790241845.5067785,-0.6888888888888886,1.5370833333333334,-0.3529993723998568,False
163.536451784,1790241845.7057643,-0.8885833333333333,1.0810000000000002,0.014753463446712356,False
163.74208456300002,1790241845.9057822,-1.9689722222222217,0.9866666666666668,1.3,True
163.942768637,1790241846.1068802,-1.750222222222222,0.9,1.3,True
164.143982346,1790241846.3080916,-1.71725,0.8465277777777779,1.3,True
164.344212096,1790241846.5083456,-1.76975,0.8795555555555556,1.3,True
164.53825350300002,1790241846.7075286,-1.0840000000000003,1.1917777777777778,-0.12376603709846257,False
164.736474187,1790241846.9057572,-0.5647499999999995,1.5702222222222224,-0.3829615593766562,False
165.136718373,1790241847.3060203,-1.3249999999999993,0.9422222222222223,0.2787300631318774,False
165.33641817400002,1790241847.5057054,-1.3273333333333333,0.8597777777777776,0.46150826178087556,False
165.53963980400002,1790241847.7089403,-1.2786666666666664,0.8796666666666667,0.34942222248197297,False
165.736584705,1790241847.9058704,-1.2936388888888883,0.7495833333333335,0.4296418831634814,False
165.936761329,1790241848.1060603,-1.3763611111111111,0.81075,0.6101344121345176,False
166.137522017,1790241848.3068154,-1.4220000000000004,0.8602222222222223,0.6910388120782567,False
166.335762337,1790241848.5050652,-1.3501111111111106,0.8792222222222225,0.37060865529910403,False
166.540471104,1790241848.709804,-1.3227499999999996,0.8160000000000002,0.2965178439553591,False
166.73586449200002,1790241848.9051306,-1.4187499999999995,0.8062500000000001,0.47174317087029005,False
166.935930387,1790241849.1051836,-1.3808611111111107,0.8168888888888891,0.4197641594260857,False
167.136512689,1790241849.3057995,-1.2533333333333334,0.8495833333333334,0.3452939115739455,False
167.338992338,1790241849.5082352,-1.4111111111111105,0.8899722222222223,0.6241931668208683,False
167.538072763,1790241849.707394,-1.3372499999999998,0.8294166666666667,0.4679961354924149,False
167.73644636400002,1790241849.9057481,-1.3040000000000003,0.8266944444444446,0.2808531531105585,False
167.935000433,1790241850.1041474,-1.364666666666667,0.8186666666666665,0.48050638942223767,False
168.135816642,1790241850.3051229,-1.2833333333333337,0.8791111111111114,0.2621564617551726,False
168.336612226,1790241850.5059323,-1.3186666666666664,0.8498611111111111,0.459015865760114,False
168.53950645900002,1790241850.7088108,-1.3471111111111111,0.8602222222222223,0.5395991960051271,False
168.735754587,1790241850.9049942,-1.2632500000000002,0.8396666666666667,0.3685713519603939,False
168.936855328,1790241851.106146,-1.4022222222222223,0.8699166666666667,0.6063734199428858,False
169.135978408,1790241851.305266,-1.3359999999999994,0.8798888888888889,0.4748336269515837,False
169.337823785,1790241851.5071125,-1.3186666666666664,0.819111111111111,0.42903776782426206,False
169.539973902,1790241851.7092648,-1.31,0.8702500000000001,0.48792553451053533,False
169.738296461,1790241851.9075108,-1.3383333333333332,0.7994444444444443,0.48308356049360646,False
169.937779699,1790241852.1070845,-1.4822222222222223,0.9310833333333333,0.6140691650468645,False
170.13736866600001,1790241852.3066444,-1.53375,0.6168888888888893,0.5151694219352612,False
170.33714065400002,1790241852.5064416,-1.2514444444444444,1.0902222222222224,-0.1743480961570696,False
170.54150317,1790241852.7053072,-1.82475,0.9325833333333334,1.3,True
170.73786010100002,1790241852.9071457,-1.872916666666667,0.7750000000000005,0.4446882675174969,False
170.942259909,1790241853.106559,-2.4249999999999994,0.8004444444444448,1.3,True
171.142513981,1790241853.3066492,-2.189777777777778,0.7037499999999998,1.3,True
171.34150768700002,1790241853.5056999,-2.1820277777777783,0.726555555555556,1.3,True
171.53628524,1790241853.7055302,-1.86925,0.5965277777777778,0.6725774567012229,False
171.736263478,1790241853.9054961,-1.76175,0.7397777777777781,0.7440631537609934,False
171.93746864500002,1790241854.1067557,-1.6672500000000001,0.6520833333333333,0.3643372595379848,False
172.13698756000002,1790241854.3062952,-1.6602222222222218,0.8440277777777778,0.5990154900577233,False
172.337413663,1790241854.5066955,-1.6602222222222218,0.7160000000000002,0.4686720425490867,False
172.535965441,1790241854.705254,-1.6914444444444443,0.7405555555555554,0.5851621439138609,False
172.740185822,1790241854.9094656,-1.593,0.8111111111111111,0.4962277900847166,False
172.937039628,1790241855.106331,-1.4318055555555558,0.80975,0.6740305210473547,False
173.139671308,1790241855.3089457,-1.2244444444444442,0.7612500000000001,0.6296760186528186,False
173.33903668000002,1790241855.5081954,-1.135111111111111,0.8055555555555555,0.4139396113437419,False
173.53654928900002,1790241855.7058632,-1.1510833333333332,0.7550277777777776,0.8445439488752253,False
173.736688726,1790241855.9059694,-1.0499999999999998,0.7255555555555556,0.5706378568896866,False
173.93473534600002,1790241856.1038942,-0.8673055555555553,0.7076944444444443,0.47595531273787184,False
174.13619577400002,1790241856.30545,-1.0543611111111113,0.67275,0.7167932743215811,False
174.338988392,1790241856.5081213,-0.8027499999999997,0.7644722222222223,0.5294971389082208,False
174.53661923,1790241856.7059245,-0.6869166666666667,0.7509999999999999,0.33867565668211885,False
174.737243303,1790241856.906512,-0.2843333333333331,0.8093333333333335,0.3232021134794,False
174.937275707,1790241857.1065166,-0.6928611111111114,0.7942222222222223,0.5561891756378701,False
175.138664833,1790241857.3078938,-0.3946944444444448,0.7862222222222222,0.4838683238541457,False
175.33981593800002,1790241857.5089076,-0.4632499999999995,0.7345277777777779,0.5010829948155819,False
175.534820313,1790241857.7039683,-0.11430555555555585,0.7024444444444445,0.4222722276022759,False
175.74020080000003,1790241857.9093597,-0.07199999999999997,0.631888888888889,0.42711258910512107,False
175.935720593,1790241858.1049964,-0.007083333333333355,0.58625,0.4531465511147228,False
176.139451024,1790241858.3087342,0.01666666666666705,0.5540277777777778,0.36145035098145206,False
176.339698481,1790241858.508859,0.1822500000000001,0.6382222222222224,0.4863923964454805,False
176.53443337800002,1790241858.7037613,0.27291666666666664,0.6945833333333332,0.45148925398018036,False
176.732639373,1790241858.9017038,0.2976666666666667,0.519,0.4987300357834723,False
176.936282721,1790241859.1055539,0.303888888888889,0.5393055555555556,0.4150135249865171,False
177.132594807,1790241859.301894,0.39766666666666683,0.4893333333333333,0.4729485438552743,False
177.337764772,1790241859.5070589,0.5042222222222223,0.46755555555555567,0.4286494660089891,False
177.533848576,1790241859.703165,0.6699999999999999,0.42024999999999996,0.35798623285007136,False
177.736931246,1790241859.90622,0.7226666666666668,0.36625,0.40127099390923826,False
177.93543510700002,1790241860.1046379,0.8139999999999998,0.47925,0.5122034288599625,False
178.13552985500002,1790241860.3047776,0.9503611111111112,0.4509166666666667,0.4861278244036865,False
178.34038909,1790241860.509623,1.0079166666666668,0.25400000000000017,0.40753824000377736,False
178.53787586500002,1790241860.7071722,1.15375,0.2950833333333336,0.4212584203027101,False
178.73940775100002,1790241860.9086897,1.1933333333333334,0.14799999999999985,0.370241130423831,False
178.93665650600002,1790241861.1059637,1.21875,0.11875000000000005,0.43365891532260814,False
179.13749563000002,1790241861.306803,1.3124444444444445,0.19091666666666654,0.4597974014347479,False
179.336434647,1790241861.5057545,1.331027777777778,0.6897777777777778,0.7129125516007849,False
179.536797938,1790241861.7060885,1.4006388888888888,0.24000000000000007,0.403891355397071,False
179.73873753200002,1790241861.9079924,1.6103055555555557,0.27430555555555564,0.4104650203964594,False
179.937599258,1790241862.1069045,1.6768888888888887,0.26674999999999977,0.2815265875728574,False
180.13600488900002,1790241862.3053129,1.577638888888889,0.19363888888888872,0.33399817962112077,False
180.337601202,1790241862.506877,1.517777777777778,0.21658333333333346,0.37612648213828936,False
180.538769389,1790241862.70796,1.4953333333333334,0.14977777777777768,0.3275572821465663,False
180.73899413700002,1790241862.9082627,1.3211944444444446,0.2854166666666669,0.481841967369369,False
180.937707581,1790241863.1069815,1.3060000000000003,0.2952500000000001,0.5191725942950008,False
181.13770628700001,1790241863.307002,1.27825,0.19600000000000012,0.37492652318856323,False
181.336400096,1790241863.5056946,1.2437500000000001,0.3151111111111112,0.3440758789766204,False
181.53784166900002,1790241863.707138,1.3211944444444446,0.32133333333333347,0.4952701516297382,False
181.73715886300002,1790241863.9064674,1.3876666666666666,0.3209999999999998,0.4473921052311195,False
181.93684668400002,1790241864.1061192,1.4714444444444446,0.2394444444444447,0.3645227929349263,False
182.13810935,1790241864.307425,1.3931944444444444,0.20874999999999988,0.4219153358194121,False
182.33615279300002,1790241864.5054703,1.4463055555555557,0.1938888888888891,0.35226198834563616,False
182.540836038,1790241864.7101362,1.42,0.29644444444444423,0.49295558278492213,False
182.73647645600002,1790241864.905778,1.4463055555555557,0.33475000000000005,0.3923972909531753,False
182.936560474,1790241865.1058555,1.4037499999999998,0.36508333333333326,0.37555416750237747,False
183.13566584600002,1790241865.3049607,1.3637499999999998,0.30266666666666636,0.44082666103463786,False
183.338399035,1790241865.5076823,1.3911111111111112,0.35111111111111093,0.5055625485933267,False
183.536267113,1790241865.7055545,1.3048055555555556,0.18124999999999983,0.5218413402837709,False
183.739222855,1790241865.9081998,1.3619999999999999,0.15825000000000028,0.4950074922708906,False
183.936357754,1790241866.1056452,1.4562499999999998,0.36780555555555533,0.4825925062721351,False
184.13630380400002,1790241866.3056076,1.415555555555556,0.2751388888888891,0.27364671727675116,False
184.338012512,1790241866.5072978,1.3856666666666666,0.2523333333333335,0.3127534361782881,False
184.53591210000002,1790241866.7050905,1.3441388888888888,0.2995555555555555,0.3911231565760158,False
184.73937815600001,1790241866.9086528,1.395,0.3759722222222222,0.4426669911188049,False
184.939877904,1790241867.1091106,1.4016666666666664,0.31486111111111104,0.5089291837860327,False
185.135761655,1790241867.30497,1.457638888888889,0.38430555555555557,0.4309786483820429,False
185.338799324,1790241867.5080752,1.472,0.318472222222222,0.49012874870579615,False
185.537799331,1790241867.7071056,1.3499999999999999,0.1352500000000002,0.3610072218062591,False
185.735937409,1790241867.9050775,1.650111111111111,0.4376666666666668,0.25808771488356896,False
185.93864966,1790241868.107887,1.7159999999999997,0.395472222222222,0.3309562850672747,False
186.139520451,1790241868.308796,1.857666666666667,0.6444444444444447,0.31320421890836714,False
186.537064213,1790241868.7063835,1.9995833333333333,0.7911111111111111,0.21192385242019962,False
186.73671963700002,1790241868.9060242,1.8080277777777778,0.6477777777777777,0.28989133980485327,False
186.939510326,1790241869.108819,1.8416388888888888,0.5909722222222221,0.48200364579429367,False
187.135970536,1790241869.3052702,1.5991111111111114,0.42736111111111147,0.4298815396563159,False
187.336412784,1790241869.5057278,1.5673333333333335,0.23733333333333334,0.34624997451580053,False
187.53784774200003,1790241869.7068908,1.56,0.2751388888888891,0.5103174107142874,False
187.736871551,1790241869.9061775,1.4953333333333334,0.24291666666666686,0.34654852494855437,False
187.93766020500001,1790241870.1069605,1.4127500000000002,0.44786111111111115,0.3141207666989224,False
188.13590854400002,1790241870.3051672,1.4326666666666668,0.5140000000000001,0.4364201124260584,False
188.337054126,1790241870.5063426,1.5729166666666667,0.6256944444444446,0.5537161251148596,False
188.53710298800002,1790241870.706425,1.61325,0.5686666666666668,0.2830719495843268,False
188.73692747500002,1790241870.9060915,1.7096944444444442,0.6386944444444443,0.672374065807024,False
188.93661045000002,1790241871.1058545,1.6920000000000002,0.557777777777778,0.26577567683926384,False
189.13644535400002,1790241871.3057363,1.7303333333333333,0.557777777777778,0.3312737712992184,False
189.335629474,1790241871.5049028,1.687111111111111,0.5671111111111113,0.3878371382150263,False
189.537963184,1790241871.7072637,1.71,0.47688888888888864,0.235398202305519,False
189.738164285,1790241871.907484,1.78825,0.6926944444444446,0.41997935016512133,False
189.93553507000001,1790241872.104659,1.678111111111111,0.5733333333333331,0.46523536990698944,False
190.13641804800002,1790241872.305716,1.6449999999999998,0.6009999999999998,0.4655097364258822,False
190.34115436500002,1790241872.510392,1.6692222222222222,0.5993055555555554,0.2919672505718114,False
190.532761859,1790241872.7020822,1.4967500000000002,0.5640000000000003,0.06628875440806703,False
190.935569743,1790241873.1048427,1.37175,0.6755555555555554,0.13882532370963907,False
191.136825221,1790241873.30613,1.4827499999999998,0.6323055555555556,0.1501990946630889,False
191.337759917,1790241873.5070586,1.5222222222222224,0.624,0.2531172433491711,False
191.53726232000002,1790241873.7065883,1.56375,0.57375,0.42827935954229024,False
191.736352065,1790241873.9056656,1.6153611111111112,0.6111111111111115,0.5830260181942308,False
191.94078109,1790241874.1099787,1.57375,0.5483333333333337,0.268379191245371,False
192.14016500300002,1790241874.3094625,1.5645833333333334,0.5085833333333336,0.21633862018105,False
192.336631879,1790241874.5059476,1.5599999999999996,0.5271388888888887,0.1473402098533203,False
192.539394391,1790241874.708724,1.5536666666666665,0.6104166666666666,0.2728138523400714,False
192.73725272800002,1790241874.9065526,1.32875,0.6527500000000002,0.24134950290475943,False
192.936078567,1790241875.1053965,1.5044444444444445,0.7150000000000001,0.7316498318991657,False
193.13670644,1790241875.3060353,1.3341944444444447,0.8690833333333332,0.3779266058844327,False
193.33533634100002,1790241875.5045865,1.4008888888888889,0.6201388888888889,0.19318561652131194,False
193.535440827,1790241875.7046793,1.349027777777778,0.6565833333333334,0.32372013173842473,False
193.93970376500002,1790241876.1089814,1.505,0.6323055555555556,0.17948017223541268,False
194.13232167700002,1790241876.3016331,1.0462222222222222,0.5122500000000001,-0.2638155259583512,False
194.337478151,1790241876.506609,1.4087500000000002,0.6374166666666667,0.12836719465715074,False
194.53865649300002,1790241876.707871,1.403138888888889,0.6514722222222225,0.3224084686534494,False
194.73536842200002,1790241876.9045985,1.2159722222222222,0.786638888888889,0.2310702486731857,False
194.93602249300002,1790241877.1053357,0.9,0.9097500000000001,0.09171404977960629,False
195.13936505700002,1790241877.3086495,0.5753611111111112,1.2040000000000002,-0.010054804892141611,False
195.33642146600002,1790241877.505688,0.7177777777777781,1.4566666666666666,0.18473443344169493,False
195.53654381700002,1790241877.7058609,0.44175,1.4252222222222222,0.09169600067534733,False
195.739212995,1790241877.9084687,0.5495833333333332,1.5156944444444442,0.06649746218239638,False
195.93862649000002,1790241878.1078548,0.6494444444444444,1.4164444444444446,0.14435859827422437,False
196.13647347300002,1790241878.3057852,1.1285277777777776,1.8847499999999997,0.7692057910225933,False
196.33344061000003,1790241878.502764,0.8376666666666668,1.36375,0.3922001910908136,False
196.536613383,1790241878.7058985,0.9295833333333334,1.0610277777777777,0.1980948855854967,False
196.735717399,1790241878.9050314,1.0303611111111113,1.177916666666667,0.2763944572743049,False
196.93767584600002,1790241879.1070108,1.1426666666666667,1.1614444444444445,0.24692844907953937,False
197.13812048900002,1790241879.3071344,0.983111111111111,1.211111111111111,0.19781924361151804,False
197.335868253,1790241879.5051887,0.9294166666666668,1.2511111111111113,0.4401711522770695,False
197.538195347,1790241879.7074435,0.6367500000000003,1.2087500000000002,0.42944105598759175,False
197.737168321,1790241879.9064877,0.4759722222222223,1.1892222222222222,0.40960629503254065,False
197.934236031,1790241880.1035595,0.5022499999999999,1.3960000000000001,0.37186803874664465,False
198.13596927,1790241880.305258,0.009861111111111074,1.09875,0.3386201604008672,False
198.33261224,1790241880.50192,-0.3131111111111107,1.1300000000000001,0.3171666305528871,False
198.538788299,1790241880.707986,-0.4046666666666665,1.0895833333333333,0.3677162188415424,False
198.73714819900002,1790241880.906449,0.022666666666666883,1.1053333333333333,0.34641495164592473,False
198.93645273500002,1790241881.105683,-0.27708333333333324,1.0526944444444446,0.5711932814355433,False
199.13773665000002,1790241881.3069994,-0.04791666666666675,1.0991111111111111,0.4021922485923537,False
199.33231784600002,1790241881.5016212,-0.04286111111111102,1.1688888888888889,0.5126235394765605,False
199.53637525500002,1790241881.7055938,-0.17800000000000024,1.1866666666666668,0.4166890568875411,False
199.736519533,1790241881.9058237,-0.36258333333333304,1.2103333333333333,0.419530495354262,False
199.93770516700002,1790241882.1070087,-0.3928611111111113,1.1955555555555557,0.3281939180285042,False
200.143268151,1790241882.3071036,-1.6700000000000002,1.1684444444444446,1.3,True
200.341136331,1790241882.5052142,-2.0035555555555558,1.2724166666666668,1.3,True
200.54174810900003,1790241882.705962,-1.6914444444444443,1.347222222222222,1.3,True
200.73702691100002,1790241882.9063275,-0.98125,1.396888888888889,0.296879932610874,False
200.936235978,1790241883.1055005,-0.7192500000000004,1.2031944444444445,0.4108416528210379,False
201.139952501,1790241883.3092513,-0.4591388888888886,1.2501111111111114,0.4132003097731597,False
201.339167975,1790241883.508418,-0.2497777777777774,1.228,0.5315424138389973,False
201.53633204000002,1790241883.7055876,-0.3506666666666663,1.1660000000000001,0.5126138883058142,False
201.73602439,1790241883.9052835,-0.061694444444444496,1.1382222222222222,0.32499027268226843,False
201.93829450400003,1790241884.1075928,-0.2519999999999999,1.1109722222222222,0.5211311269214717,False
202.13960222100002,1790241884.3088958,-0.26133333333333314,1.1986666666666665,0.45442143409904756,False
202.336942692,1790241884.506253,-0.4066666666666668,1.1977777777777778,0.42162045943456194,False
202.53598113400002,1790241884.7052524,-0.3618055555555554,1.0510833333333334,0.4489297523952419,False
202.742844641,1790241884.9070587,-1.4424444444444449,1.2571388888888888,1.3,True
202.936565991,1790241885.105819,-0.3730000000000001,1.0693055555555555,0.4105863567169523,False
203.13673589400003,1790241885.3059802,-0.356027777777778,1.2705555555555554,0.26012846865705064,False
203.33739459900002,1790241885.5066848,-0.5179166666666666,1.1311111111111112,0.5358338003353745,False
203.536594083,1790241885.7058394,-0.17255555555555543,1.1784166666666667,0.42138817446546073,False
203.73562757800002,1790241885.9049623,-0.3179999999999995,1.1493333333333335,0.40668656738584263,False
203.93763946200002,1790241886.106918,-0.46355555555555533,1.1429166666666668,0.46396307499660294,False
204.137584156,1790241886.3068984,-0.4552499999999999,1.2245555555555556,0.5629714192393727,False
204.337183328,1790241886.5064754,-0.37933333333333297,1.123027777777778,0.464886335543641,False
204.53606989500003,1790241886.7053857,-0.350472222222222,1.1870833333333335,0.4177288505380905,False
204.738633499,1790241886.907839,-0.365,1.2177777777777778,0.46681797669979874,False
204.94040887300002,1790241887.109705,-0.3394166666666666,1.2373333333333334,0.43034343065143743,False
205.137321218,1790241887.3066266,-0.4129166666666665,1.1844444444444444,0.514512136049461,False
205.336888202,1790241887.5061293,-0.39675000000000005,1.1460000000000001,0.5807132439005989,False
205.53667034400002,1790241887.7058473,-0.4066666666666668,1.2040833333333334,0.4302842138887495,False
205.73631686000002,1790241887.9055161,-0.4564444444444445,1.2552222222222225,0.383225413760117,False
205.936132334,1790241888.1053746,-0.447416666666667,1.2313333333333334,0.3301873641722798,False
206.13786223900001,1790241888.307161,-0.4151944444444444,1.208,0.45783043672757384,False
206.33723562900002,1790241888.5065153,-0.3565277777777778,1.2202222222222223,0.4486213110090782,False
206.53665068700002,1790241888.7058997,-0.4138888888888889,1.2437500000000001,0.3825132561424548,False
206.73716001600002,1790241888.9064467,-0.36000000000000004,1.263888888888889,0.4594139683868107,False
206.936321063,1790241889.1055744,-0.3734166666666668,1.1786666666666668,0.4331638667288701,False
207.13913393800001,1790241889.3084273,-0.30133333333333295,1.22125,0.4646278316090352,False
207.337004774,1790241889.5062702,-0.3419999999999998,1.2141388888888889,0.43408848114391363,False
207.53709931100002,1790241889.7063987,-0.4173333333333332,1.209361111111111,0.49789115961673414,False
207.736866348,1790241889.906168,-0.3629166666666666,1.286111111111111,0.3493109325693817,False
207.93686473900001,1790241890.1061532,-0.37508333333333355,1.23325,0.3353721284580484,False
208.137959278,1790241890.3072524,-0.3653333333333333,1.3073333333333335,0.3272147661939401,False
208.33785063800002,1790241890.5071604,-0.3955555555555554,1.2485833333333334,0.4342774912298064,False
208.53646251700002,1790241890.705729,-0.3072222222222222,1.1870833333333335,0.4017530039599012,False
208.73605694900002,1790241890.9052365,-0.4173333333333332,1.2033333333333334,0.48887622536521735,False
208.93979461700002,1790241891.1090693,-0.40044444444444427,1.22625,0.4772879091604523,False
209.13963951800002,1790241891.3089194,-0.3691388888888886,1.2308611111111112,0.3467332976211758,False
209.336604259,1790241891.5058475,-0.1986666666666665,1.245,0.3476835843294751,False
209.53754999600002,1790241891.7068517,-0.27019444444444435,1.22625,0.4258112905720196,False
209.736300051,1790241891.905497,-0.3215833333333329,1.22375,0.4577292019651741,False
209.93948126,1790241892.1087837,-0.3817777777777779,1.212888888888889,0.5042951102293399,False
210.137465117,1790241892.3067586,-0.41100000000000014,1.18275,0.47405724320628617,False
210.33840616600003,1790241892.5077016,-0.3989166666666663,1.2044166666666667,0.32519438547415425,False
210.535348927,1790241892.7046494,-0.3745833333333332,1.2851944444444445,0.31838777189868694,False
210.735312058,1790241892.9045558,-0.3419999999999998,1.208,0.4255447409958585,False
210.93695388900002,1790241893.10621,-0.3795833333333329,1.2056666666666667,0.4557936378204409,False
211.13637795600002,1790241893.305619,-0.28163888888888877,1.2189166666666669,0.38489252216602765,False
211.33567395,1790241893.5050273,-0.5291111111111111,1.208888888888889,0.4130224994850472,False
211.537641876,1790241893.7069342,-0.4897777777777776,1.2202222222222223,0.5176474855986445,False
211.737110214,1790241893.9064076,-0.265111111111111,1.288888888888889,0.30451944726971336,False
211.93592704000002,1790241894.105138,-0.402638888888889,1.1786666666666668,0.4463450263465868,False
212.138268352,1790241894.307557,-0.31041666666666656,1.2189166666666669,0.3942496741497813,False
212.33810127400002,1790241894.5073948,-0.3894444444444445,1.208638888888889,0.39384048812762007,False
212.53904070800002,1790241894.708301,-0.6729166666666667,1.2130833333333333,0.4252360397735223,False
212.736521126,1790241894.9057877,-0.4905833333333335,1.1426666666666667,0.1408447550287133,False
212.936718267,1790241895.1060402,-1.0119999999999996,1.2336944444444444,0.8072992614711092,False
213.135873115,1790241895.3051994,-0.27866666666666656,1.22375,0.4425731364198523,False
213.336590986,1790241895.5058477,-0.15325000000000008,1.1711111111111112,0.5117023386232213,False
213.53615791800001,1790241895.7053695,-0.010694444444444439,1.2697500000000002,0.39378779176286505,False
213.73843115600002,1790241895.9077218,-0.036972222222221914,1.2226666666666668,0.5213991542477157,False
213.937468192,1790241896.1067202,0.011666666666666861,1.3027777777777778,0.4788824988972141,False
214.13729981100002,1790241896.3065786,-0.15599999999999983,1.2999999999999998,0.5681092977773249,False
214.33685882600003,1790241896.5061948,-0.08458333333333296,1.3533333333333333,0.3424330056799624,False
214.538265657,1790241896.7076066,-0.04755555555555575,1.3625833333333335,0.33563226471536056,False
214.73861967300002,1790241896.907804,-0.11869444444444463,1.2459722222222223,0.3688368293856109,False
214.93715181200002,1790241897.1064553,-0.06577777777777756,1.4288888888888889,0.36295687017059153,False
215.33735067700002,1790241897.5066457,0.44969444444444445,1.3506944444444444,0.42690239698947985,False
215.53693286900003,1790241897.7061856,0.5256944444444445,1.456,0.4837835145745665,False
215.736778707,1790241897.9060605,0.6751111111111112,1.3313611111111112,0.4255844354797267,False
215.93659944100003,1790241898.1058486,0.7674722222222223,1.3834722222222224,0.5063432741689958,False
216.13642996700003,1790241898.305682,0.48411111111111105,1.4191111111111112,0.3407502481523632,False
216.33747268200003,1790241898.506784,0.49888888888888905,1.3638055555555555,0.39709120993368785,False
216.53741841700003,1790241898.7067447,0.619777777777778,1.4490277777777778,0.40989101487445145,False
216.736830192,1790241898.9061208,0.3862500000000003,1.5181388888888891,0.35397396888710864,False
216.935655924,1790241899.1049845,0.06133333333333324,1.4079166666666667,0.4039481700568631,False
217.137640151,1790241899.306932,-0.08666666666666674,1.4527500000000002,0.20711101826906098,False
217.335814008,1790241899.5051062,0.1746666666666668,1.415527777777778,0.33866100365424645,False
217.536105055,1790241899.7053616,0.6851944444444447,1.6564444444444446,0.558177665629024,False
217.733921879,1790241899.9032483,0.5906666666666669,1.1934444444444445,0.4495864259587691,False
217.93815407900001,1790241900.1074426,0.7903055555555555,1.2999999999999998,0.4555965840559234,False
218.13620418500003,1790241900.305504,0.7689166666666668,1.2293333333333334,0.32020067601688074,False
218.33722700400003,1790241900.5065129,0.7529166666666666,1.1566666666666665,0.3246340608377912,False
218.535416641,1790241900.7047315,0.6873333333333332,1.1013333333333335,0.3143338406043469,False
218.737400035,1790241900.9067004,0.5500000000000002,1.1979166666666667,0.4471250620857582,False
218.93546727700001,1790241901.1047604,0.5073333333333334,1.2195833333333335,0.2781735069276956,False
219.135499052,1790241901.304821,0.7537499999999998,1.22175,0.42730997771259016,False
219.339442345,1790241901.508739,0.7180000000000001,1.0811111111111111,0.15607047182437905,False
219.535092864,1790241901.70432,0.81475,0.7044444444444443,0.036852953060745985,False
219.937568607,1790241902.1068633,0.8705833333333334,1.05725,0.21059323610406122,False
220.13649892200002,1790241902.3057559,1.0484444444444445,0.6284444444444448,0.04767343429898707,False
220.33628252100002,1790241902.5055153,0.7562499999999999,1.064138888888889,0.29094382581824485,False
220.538617477,1790241902.7074633,0.5908611111111111,1.1026666666666667,0.23952398914507977,False
220.93648571300002,1790241903.1056762,0.881,1.11875,0.3714325886075909,False
221.13958259700001,1790241903.3088655,0.6073611111111112,0.6713333333333334,0.32566738930412886,False
221.33930379900002,1790241903.5085733,1.1868055555555554,0.8908055555555555,0.5785722243399364,False
221.53683062300001,1790241903.7061436,1.3904166666666666,0.6684166666666669,0.22558822941212298,False
221.734869427,1790241903.9040222,1.374,0.4444444444444446,0.14367256548913931,False
221.93620896500002,1790241904.105479,1.4233333333333336,0.32425000000000037,0.13128953126866283,False
222.135600427,1790241904.3049119,1.665861111111111,0.7154166666666666,0.16303660940942777,False
222.338097728,1790241904.507401,1.468888888888889,0.6755555555555554,0.2644372913933266,False
222.53754809600002,1790241904.7068048,0.8364166666666668,0.7893333333333336,0.1876331321856486,False
222.737408205,1790241904.9066978,1.2067500000000002,1.3,0.03265851582929713,False
223.137357589,1790241905.3066692,1.1426666666666667,1.061,0.6228058706036441,False
223.337300875,1790241905.5066378,1.21,1.0466666666666666,0.641753170240153,False
223.53759015,1790241905.7068574,1.1159999999999999,0.9,0.3140263695209693,False
223.73647140300002,1790241905.9057446,1.236,0.940888888888889,0.276949610837554,False
223.939474329,1790241906.1087604,1.2462222222222223,1.0555555555555558,0.47438953375377546,False
224.138225113,1790241906.3075407,1.071,1.1065555555555555,0.3680698510783459,False
224.337637981,1790241906.5069315,1.1556666666666668,1.2005277777777776,0.38721984556000255,False
224.53601376400002,1790241906.7052152,0.9744722222222223,1.2272499999999997,0.13949953657170644,False
224.736065488,1790241906.905256,0.5564166666666669,1.1024166666666668,-0.06406670882003085,False
224.93843216300002,1790241907.107763,0.9203333333333333,1.1024166666666668,0.14966785291764073,False
225.139761284,1790241907.3090694,1.2780833333333332,1.3036666666666668,0.6438321744570388,False
225.337337066,1790241907.5066416,1.2248888888888887,1.172222222222222,0.46475017413654085,False
225.53637805800003,1790241907.7056317,1.26075,1.0770000000000002,0.45727795952639294,False
225.73828999300002,1790241907.9075968,1.1311111111111114,1.0466666666666666,0.5138851590194496,False
225.93622796300002,1790241908.1054282,1.1984722222222222,0.8808888888888888,0.45631812986539344,False
226.13617244600002,1790241908.3054318,0.7962499999999999,0.30888888888888866,0.5003290727924469,False
226.336615055,1790241908.505853,1.2935555555555556,0.7191388888888891,0.22368532334683255,False
226.53902147000002,1790241908.7027092,1.7806944444444446,1.5253333333333337,1.3,True
226.73756735700002,1790241908.9068606,0.95775,0.7484166666666668,0.3873185492431901,False
226.93710835000002,1790241909.1064317,0.9084722222222222,0.87425,0.43324446413615725,False
227.139680442,1790241909.3089612,1.0493333333333332,1.1270833333333334,0.4478364503936011,False
227.335279971,1790241909.5046043,1.0822222222222222,1.0475555555555556,0.42878107243179897,False
227.53977383600002,1790241909.7090697,1.0662500000000001,0.9092500000000001,0.39155331746986977,False
227.73826342100003,1790241909.907572,1.1145833333333333,0.73425,0.2962665042176007,False
227.93858347800003,1790241910.1078517,0.9079722222222223,0.43055555555555564,0.2685891423622273,False
228.138367805,1790241910.3076687,1.5549722222222222,0.9,0.46785735110061577,False
228.336660775,1790241910.505923,1.1644444444444444,0.4173333333333335,0.3331483957238536,False
228.537073488,1790241910.706374,1.1177777777777778,0.4140833333333337,0.32495752268850975,False
228.73640677300003,1790241910.9056122,0.9779166666666667,0.31333333333333335,0.45477741672516947,False
228.93627162,1790241911.1055112,1.06675,0.46786111111111117,0.4878729051374556,False
229.33841881900003,1790241911.507717,1.0288888888888887,0.6995555555555556,0.4095452403337124,False
229.535705903,1790241911.7050543,1.0923611111111111,0.5200000000000001,0.39642531967075434,False
229.73707945100003,1790241911.9064078,1.0639166666666666,0.603111111111111,0.41431477711141074,False
229.93677409,1790241912.1060183,0.992,0.3759722222222222,0.3262541973814297,False
230.13568409200002,1790241912.305005,1.020888888888889,0.48375000000000007,0.4070432182668584,False
230.33675987900003,1790241912.5060043,0.98525,0.384,0.30786773185224947,False
230.537784624,1790241912.7070882,0.8915833333333334,0.5200000000000001,0.19782979548428092,False
230.93750036100002,1790241913.106798,0.9766944444444446,0.2544444444444448,0.4648796572453071,False
231.137628282,1790241913.3069315,1.1913333333333334,0.3596944444444445,0.34279323261654104,False
231.33947110100002,1790241913.5087643,1.2813333333333332,0.3684444444444446,0.45215946060186873,False
231.53656865200003,1790241913.7057803,1.3106666666666669,0.3151111111111112,0.43810796700328536,False
231.738806524,1790241913.908088,1.2706666666666668,0.3659166666666666,0.34689391184518337,False
231.93802782900002,1790241914.1073449,1.7095833333333332,1.00325,0.5768718897118651,False
232.135984444,1790241914.3052354,0.9889166666666667,0.572361111111111,0.3128087394650704,False
232.336968148,1790241914.5061626,0.9777777777777777,0.6812500000000001,0.47395577915952314,False
232.537820549,1790241914.7071364,0.9429166666666667,0.8192500000000001,0.34887561422166147,False
232.73738820800003,1790241914.9066863,0.5200000000000001,0.7497777777777779,-0.026474004249844807,False
232.93500159400003,1790241915.1042697,0.9628055555555554,0.7958055555555555,0.22194667110653965,False
233.137070455,1790241915.3064022,0.9083055555555556,0.5536388888888888,0.24242494429152206,False
233.336520874,1790241915.50583,0.681888888888889,0.34,0.14942295207583944,False
233.53942114300003,1790241915.7087207,1.0057777777777777,0.5879166666666666,0.4707442766046469,False
233.738750417,1790241915.9080122,1.04725,0.3606944444444445,0.3033722082708543,False
233.935894426,1790241916.1052017,1.0782500000000002,0.8399166666666666,0.6581145502852123,False
234.13789521500001,1790241916.3072066,1.0979166666666669,0.4783611111111113,0.3160032314930611,False
234.335961569,1790241916.5052345,1.196,0.49808333333333343,0.26216716516793737,False
234.53716600200002,1790241916.7063115,1.0986666666666667,0.5089166666666668,0.23885185673985898,False
234.738010486,1790241916.9073098,1.10175,0.25999999999999984,0.34661291308304365,False
234.936766217,1790241917.106053,1.1383333333333334,0.3684444444444446,0.2680862857873014,False
235.136120803,1790241917.3053646,1.0244444444444443,0.6381944444444444,0.44348296495214945,False
235.33621388,1790241917.505515,1.232222222222222,0.7474722222222223,0.786372048981073,False
235.535896226,1790241917.7052038,1.0662222222222222,0.49747222222222226,0.4187556746527159,False
235.737026753,1790241917.9062262,1.039,0.39733333333333337,0.3237801363308457,False
235.939019728,1790241918.1082954,1.0199999999999998,0.4009166666666667,0.38143273170176106,False
236.13738624,1790241918.3066447,0.8926944444444445,0.3526944444444446,0.40848260941468484,False
236.33694468000002,1790241918.5062032,1.1134722222222222,0.36680555555555555,0.41313287649553376,False
236.537223226,1790241918.7064445,0.7586666666666667,0.4443611111111112,0.07237298342656717,False
236.73677177000002,1790241918.906057,0.7020833333333333,0.2134444444444446,0.22691078553954425,False
236.936890419,1790241919.1061919,0.8184166666666669,0.32041666666666674,0.36944784163140854,False
237.13728547600002,1790241919.3065069,0.8543333333333335,0.40652777777777793,0.35107970753565554,False
237.337220271,1790241919.5064855,0.8194444444444444,0.35544444444444445,0.2219600891512803,False
237.53786918100002,1790241919.7071652,0.9828055555555555,0.36325,0.3564732767594043,False
237.736882777,1790241919.9061165,1.0784722222222223,0.35222222222222216,0.462780093363816,False
237.936980749,1790241920.1062891,0.7848888888888887,0.3411388888888889,0.17943153239687337,False
238.13689679400002,1790241920.3061826,0.8924166666666667,0.357527777777778,0.3380403432716945,False
238.336539089,1790241920.5057125,0.9074722222222222,0.3608055555555557,0.36789833334806843,False
238.536810134,1790241920.7060668,0.9,0.3391388888888891,0.35264324880053244,False
238.73492513500003,1790241920.90419,0.9225833333333333,0.4706666666666667,0.4032208287741934,False
238.937190141,1790241921.1064312,0.7895555555555557,0.48613888888888895,0.31879104906180433,False
239.137962073,1790241921.3072155,0.8770833333333334,0.49366666666666675,0.38533172755850387,False
239.336678376,1790241921.505963,1.0011111111111113,0.4911111111111111,0.5040813987893698,False
239.535920878,1790241921.7051597,0.5018055555555556,0.348888888888889,0.1639684301818647,False
239.733924472,1790241921.9032168,0.31725000000000014,0.40347222222222234,0.05137571567942745,False
239.93662494900002,1790241922.1059594,0.6244444444444445,0.4859999999999999,0.15720818352489552,False
240.13796901600003,1790241922.307122,0.8774166666666667,0.4480833333333334,0.39172618696538186,False
240.340771316,1790241922.5100753,0.8774166666666667,0.46852777777777777,0.40210150100015596,False
240.53757912600003,1790241922.706695,0.869777777777778,0.4583333333333334,0.38949619833879556,False
240.73785762000003,1790241922.9071038,0.8382222222222224,0.5458055555555557,0.3933689826078469,False
240.93700517300002,1790241923.1062047,0.9554166666666667,0.49986111111111114,0.3156637451285661,False
241.13435616200002,1790241923.3036184,1.1094444444444447,0.6733333333333335,0.3988034360287541,False
241.33650684600002,1790241923.5058153,0.96525,0.5062500000000001,0.5034427986641512,False
241.536126015,1790241923.7054243,0.884777777777778,0.3683333333333335,0.33506537034565254,False
241.73807695800002,1790241923.9073296,0.772,0.26908333333333384,0.2131650724593812,False
241.936726907,1790241924.106022,1.1209166666666668,0.21958333333333327,0.5435418146975267,False
242.13822029800002,1790241924.3075051,0.7779166666666666,0.3695833333333334,0.20896662771277064,False
242.33603696400002,1790241924.505346,0.8373333333333334,0.3433333333333335,0.27145971828464055,False
242.73635186700002,1790241924.9056633,1.0151111111111113,0.3655833333333333,0.18716656300789825,False
242.938234789,1790241925.107453,1.0455555555555556,0.4704722222222223,0.47928721932444773,False
243.138059115,1790241925.3073692,0.946,0.4494722222222222,0.35598796541007105,False
243.336157605,1790241925.5054615,1.09125,0.42825,0.5164980057459971,False
243.537019901,1790241925.7063167,0.84225,0.406,0.19172253586928867,False
243.73825126000003,1790241925.9075496,0.7956388888888889,0.4156388888888889,0.25185732243607983,False
243.938555586,1790241926.1078095,0.9631111111111111,0.43586111111111114,0.29300343621474645,False
244.13697907600002,1790241926.3062732,1.5352499999999998,1.0931388888888889,0.30755110605192104,False
244.337843611,1790241926.5070744,0.8183333333333334,0.529861111111111,0.2675380111172836,False
244.536655227,1790241926.705949,0.7737499999999999,0.5558888888888889,0.2202322098201499,False
244.73739559600003,1790241926.9066925,0.8931388888888889,0.46955555555555556,0.5966362922347824,False
244.936331482,1790241927.1056626,0.5626666666666666,0.42308333333333337,0.3780419124071974,False
245.137509195,1790241927.3067534,-0.16977777777777783,0.31397222222222226,0.2806880017160207,False
245.33681956100003,1790241927.5060477,0.8787777777777778,1.01275,-0.046137829044244016,False
245.53726904400003,1790241927.7065883,0.9091944444444445,0.81475,0.17521206456889948,False
245.73774081800002,1790241927.9069946,0.8699166666666667,0.8597777777777776,-0.006953390865589215,False
245.937651081,1790241928.1068854,0.5995555555555555,0.6301388888888889,0.041287119112406234,False
246.13583790400003,1790241928.305148,0.708,0.45375,0.2825291466091031,False
246.33790067100003,1790241928.5070705,0.8722222222222222,0.46955555555555556,0.5708594269219126,False
246.53698452600003,1790241928.7062743,0.20436111111111124,0.33236111111111094,0.17577910173915567,False
246.737432342,1790241928.9066854,0.5540000000000002,0.6971111111111111,0.031291956845298285,False
246.93556650800002,1790241929.104886,0.39088888888888884,0.5500000000000002,0.2005429173709372,False
247.13615677200002,1790241929.305475,0.812,0.5287500000000002,0.49459361965527004,False
247.33630391100002,1790241929.5056312,0.51875,0.51875,0.22678200024412565,False
247.53858193800002,1790241929.7078564,0.42333333333333334,0.5664444444444443,0.10332561644910543,False
247.73818058600003,1790241929.907438,0.5380833333333334,0.51875,0.23634368149815943,False
247.93582365700001,1790241930.1051204,0.57625,0.586,0.1790004739073261,False
248.13505391900003,1790241930.3042653,0.6946666666666668,0.5996666666666667,0.21637732069178672,False
248.336653664,1790241930.5059397,0.6826666666666668,0.603111111111111,0.09570634400220168,False
248.538088304,1790241930.707403,0.7284722222222223,0.756888888888889,0.1876388035682115,False
248.736651794,1790241930.905947,0.6355555555555557,0.7542222222222223,0.09135696944522054,False
248.93533898200002,1790241931.1045935,0.592111111111111,0.6414166666666666,0.12970555336659517,False
249.137213414,1790241931.306466,0.6910833333333334,0.7007777777777778,0.14167606751749795,False
249.335343778,1790241931.5045595,0.7166666666666666,0.6149166666666667,0.2800164795721236,False
249.53775607600002,1790241931.7070026,0.6891111111111112,0.5599999999999999,0.3098354295657667,False
249.73779170400002,1790241931.907036,0.6242222222222223,0.5018055555555556,0.2887444429336714,False
249.938612905,1790241932.1078641,0.5476388888888891,0.5570000000000002,0.3113430082295767,False
250.135592747,1790241932.3048959,0.6040000000000001,0.5571944444444445,0.29266770572951106,False
250.53634066900003,1790241932.7056458,0.5666666666666669,0.5947500000000002,0.2924478542582083,False
250.736704787,1790241932.9060056,0.5544166666666667,0.6510833333333335,0.19152688224847902,False
250.93705005,1790241933.1063614,0.6333333333333334,0.7185833333333335,0.21141059993014633,False
251.137055209,1790241933.306357,0.6149722222222223,0.7316388888888891,0.1439231417589515,False
251.33685250300002,1790241933.5061512,0.6266666666666667,0.7139166666666668,0.15208367816097157,False
251.536617661,1790241933.7059069,0.5630833333333335,0.5336666666666667,0.18297849232384467,False
251.737753029,1790241933.9069297,0.6183333333333333,0.6285277777777777,0.03737704699676181,False
251.93648292600002,1790241934.1057854,0.81625,0.7179166666666666,0.08540887652584006,False
252.13854866000003,1790241934.3078258,0.7013055555555556,0.682638888888889,0.2436976450260766,False
252.33857678700002,1790241934.5078478,0.7348055555555556,0.6495555555555556,0.20499389235876642,False
252.53779902800002,1790241934.7070115,0.6715277777777777,0.6013333333333334,0.07613372221673598,False
252.73831752100003,1790241934.907619,0.806111111111111,0.7370833333333332,0.07668767836442036,False
253.13653575100003,1790241935.305835,0.8423333333333333,0.7,-0.00018250855622392592,False
253.33818690200002,1790241935.507457,1.0353333333333334,0.9100277777777778,0.12695510206909488,False
253.53547773300002,1790241935.7047746,0.7740000000000002,0.6773333333333335,0.14041233382052765,False
253.73523299500002,1790241935.9045475,0.9,0.4844444444444445,0.22961988983029347,False
253.937704356,1790241936.1070082,1.0315555555555556,0.7920000000000003,0.43847278870457673,False
254.135767584,1790241936.305062,1.069888888888889,0.5947499999999999,0.4330454435599874,False
254.33835436100003,1790241936.5076442,1.06975,0.5942222222222224,0.3324593609996096,False
254.53703503800003,1790241936.7062042,1.123138888888889,0.5788888888888888,0.43724470990528275,False
254.736768842,1790241936.9060767,0.9326666666666666,0.5349166666666668,0.2684492021179419,False
254.93690264600002,1790241937.1062007,1.0470000000000002,0.6355555555555557,0.33384259263696114,False
255.138235202,1790241937.3075328,1.020888888888889,0.41975000000000007,0.37523202150852486,False
255.337501661,1790241937.506743,1.1286666666666667,0.5420000000000001,0.28785003307041723,False
255.53745530900002,1790241937.7067077,1.21525,0.6428888888888888,0.38766162305687824,False
255.73652640300003,1790241937.9058294,0.8111111111111113,0.4783611111111113,0.0688341245759605,False
255.93655906200001,1790241938.1058648,0.6847777777777778,0.38977777777777795,0.19150882772466526,False
256.138856463,1790241938.3081262,1.1693055555555556,0.6046388888888888,0.46290004671477636,False
256.338225162,1790241938.507521,1.1795555555555555,0.6744722222222223,0.3639252632355461,False
256.536505578,1790241938.705806,1.0909722222222222,0.5222222222222223,0.4128339721580916,False
256.738570583,1790241938.9077764,0.92225,0.25025000000000014,0.34641210420853186,False
256.936313185,1790241939.1056347,0.9834166666666667,0.33786111111111145,0.33297283940884725,False
257.13509625800003,1790241939.3043509,1.0544444444444445,0.5139166666666667,0.3812309466996242,False
257.537287411,1790241939.7065372,1.033527777777778,0.3466666666666669,0.486831779529014,False
257.73737871500003,1790241939.9066312,1.0054166666666668,0.25408333333333377,0.4513664005525643,False
257.935658714,1790241940.1049442,1.0345833333333336,0.276666666666667,0.44560379100534175,False
258.137252416,1790241940.3065147,1.0799999999999998,0.41125,0.3914993464504276,False
258.33506376900004,1790241940.504315,1.10625,0.42225000000000007,0.36297498699341,False
258.536431064,1790241940.7056694,1.135,0.48700000000000015,0.34700157397821485,False
258.735685648,1790241940.904982,1.1344166666666669,0.5764166666666669,0.3300295608742617,False
258.93841549800004,1790241941.1077023,1.561111111111111,1.011111111111111,0.4379753949259414,False
259.138127739,1790241941.3074014,1.1814444444444443,0.5543333333333333,0.27408402866174564,False
259.334949038,1790241941.50417,1.036,0.6039166666666667,0.4848382616178417,False
259.538355711,1790241941.7076488,1.019111111111111,0.28133333333333344,0.35202104518853794,False
259.736258001,1790241941.9055579,0.9142222222222223,0.1720000000000003,0.40629214594753527,False
259.93663227400003,1790241942.105938,1.0308055555555555,0.44400000000000006,0.3506823994911913,False
260.137581548,1790241942.3068333,1.11375,0.5732222222222224,0.3701735530484105,False
260.337320404,1790241942.5065303,1.1424722222222221,0.6,0.27176985968577183,False
260.536488217,1790241942.7057276,1.0364722222222222,-0.25599999999999995,0.2040577877635481,False
260.738294783,1790241942.9076002,1.552,0.6799166666666666,0.25639599158067194,False
260.936006813,1790241943.10532,1.1759166666666665,-0.5343055555555553,0.24139829663937107,False
261.135893064,1790241943.305202,1.4903333333333333,0.41141666666666643,0.1281455372169953,False
261.336387181,1790241943.5056949,1.3774166666666667,0.06766666666666649,-0.06445760235014664,False
261.536146974,1790241943.7054427,0.9151111111111112,0.2879166666666667,0.32195314663532437,False
261.736357913,1790241943.9057076,0.9,-1.0124166666666665,1.0952745910846529,False
261.93596364300004,1790241944.1052694,1.0155555555555555,0.261638888888889,0.4030094730705156,False
262.136565104,1790241944.305893,1.1483333333333332,0.47975,0.23193141931074712,False
262.335420468,1790241944.5047007,0.9573333333333335,-0.05263888888888858,0.37823970780607397,False
262.53785026500003,1790241944.7070832,1.0289166666666667,0.07777777777777785,0.2812845783343094,False
262.736309639,1790241944.9056342,0.8488611111111112,-0.11433333333333308,0.34880984922461544,False
262.936715526,1790241945.1060054,1.3659722222222224,0.527888888888889,0.2533609938928618,False
263.138400062,1790241945.3076982,1.245083333333333,0.3404166666666666,0.16321330667925604,False
263.335308079,1790241945.5045848,0.9816666666666667,0.3744166666666668,0.20157261720322284,False
263.53682334300004,1790241945.7060862,0.9302222222222222,-0.014999999999999828,0.2807543881458452,False
263.73670620900003,1790241945.9059775,1.50375,0.530222222222222,0.23042048796654258,False
263.936924492,1790241946.106256,0.9165555555555556,0.1062222222222226,0.11735772395604793,False
264.13688116000003,1790241946.306102,1.148861111111111,0.4551111111111113,0.28363784804836745,False
264.335889597,1790241946.505196,1.0622222222222222,0.5413055555555557,0.29388258829201486,False
264.538744967,1790241946.7080154,1.206111111111111,0.5136666666666666,0.31458509083235575,False
264.7362796,1790241946.9055912,0.9,0.1604166666666667,0.08564153024917909,False
264.93554449600003,1790241947.1048179,0.7949166666666666,-0.2306666666666669,0.18330828697243207,False
265.137009448,1790241947.3063262,0.8159722222222224,-0.0347777777777774,0.2629947740080729,False
265.33717866800004,1790241947.5064461,0.93625,0.1546666666666669,0.3681125820560607,False
265.53600163600004,1790241947.7053049,0.9,-0.07599999999999989,0.2966436326010582,False
265.736165439,1790241947.9054549,0.9074722222222222,-0.2071111111111111,0.32219677155913273,False
265.936146743,1790241948.1054535,0.8921388888888888,0.09555555555555552,0.21231560701894425,False
266.135272628,1790241948.3045363,0.9,-0.21869444444444472,0.19737914949465263,False
266.33658341200004,1790241948.5058823,0.8098611111111111,0.01611111111111131,0.13369583177944455,False
266.537794769,1790241948.7070503,0.8749166666666667,-0.2473055555555555,0.11955059889030117,False
266.738389042,1790241948.9076934,0.6937500000000001,-0.2199999999999997,0.29605232332556297,False
266.93542107,1790241949.1047113,0.7616388888888886,-0.2112500000000001,0.16877073922564279,False
267.138575555,1790241949.3078477,0.8364444444444444,-0.007305555555555429,0.1898615761014084,False
267.335731437,1790241949.5050364,0.8373333333333334,-0.022638888888888677,0.2159057376783302,False
267.535847897,1790241949.7051606,0.7682500000000002,0.020000000000000018,0.2391079520045407,False
267.737900453,1790241949.907155,0.7337500000000001,-0.07269444444444452,0.2051363302917968,False
267.938913112,1790241950.1080823,0.662,-0.1633055555555555,0.0887249298674182,False
268.136730714,1790241950.3060281,0.7550277777777776,-0.07622222222222222,0.06443404561979893,False
268.33565883800003,1790241950.5049868,0.7150833333333334,-0.051805555555555584,0.005252143928220709,False
268.53684358000004,1790241950.7061028,0.4911111111111111,-0.3286666666666662,0.06400319629643358,False
268.736968321,1790241950.906214,0.5155555555555557,-0.2137500000000002,-0.12457481608927856,False
268.938019417,1790241951.1073263,0.49366666666666675,-0.21299999999999972,0.05079056110585589,False
269.136066342,1790241951.3053656,0.9454166666666666,-0.11258333333333308,-0.05982069385799704,False
269.336131656,1790241951.5054204,0.9500000000000001,0.003138888888889098,0.1006709595042139,False
269.53749290900004,1790241951.706737,0.9573611111111112,-0.2587499999999999,0.16131297520692778,False
269.73653796,1790241951.9058414,1.0845555555555557,-0.06569444444444454,0.0984079365763455,False
269.93744619200004,1790241952.106756,0.7862500000000001,-0.40174999999999994,0.35951721174707296,False
270.13654817,1790241952.305837,1.315138888888889,0.2622222222222222,0.14477309194040244,False
270.338065726,1790241952.5073411,1.2886666666666666,0.0037777777777779783,0.02900670709193598,False
270.537830153,1790241952.7071474,0.97075,-0.4733333333333335,0.3175540762690523,False
270.73679963200004,1790241952.9061015,0.6913611111111111,-0.6248888888888886,0.6261797787344017,False
270.938215416,1790241953.107486,0.7333333333333333,-0.49533333333333307,0.59731435825747,False
271.13799901000004,1790241953.307304,0.7555555555555558,-0.3946944444444448,0.455398260720577,False
271.335718851,1790241953.5050037,0.7853333333333333,-0.34708333333333313,0.4474246571253788,False
271.537658178,1790241953.706896,0.7814722222222221,-0.42819444444444443,0.5418109182783128,False
271.73654817700003,1790241953.905873,0.9426666666666667,-0.23666666666666675,0.4216672359268131,False
271.93701859500004,1790241954.1063244,0.8673333333333334,0.1395833333333332,0.14641888800811054,False
272.13698338700004,1790241954.306287,0.9564444444444445,0.09266666666666683,0.40964787101942257,False
272.336055782,1790241954.5053585,0.9677499999999999,0.399,0.3703447211465962,False
272.536181096,1790241954.705493,0.9293333333333333,0.2653333333333335,0.3718094065453056,False
272.73558146,1790241954.9048958,1.0065555555555554,0.38700000000000007,0.34570606541786775,False
272.93685125400003,1790241955.1061459,1.0021944444444444,0.4194444444444445,0.29497629204611164,False
273.137915683,1790241955.3072028,0.9158888888888889,0.5859722222222222,0.3558686013092103,False
273.33605766,1790241955.5053446,1.043,0.4746666666666668,0.3013796739723572,False
273.53678125600004,1790241955.7060752,1.0820833333333333,0.3914166666666668,0.2765310689728888,False
273.73632453700003,1790241955.9056122,1.020888888888889,0.32,0.3361608658374524,False
273.937570946,1790241956.106815,1.01125,0.582,0.5083249167114076,False
274.136921466,1790241956.3062065,1.0270277777777777,0.4440277777777778,0.4095207603573412,False
274.335699485,1790241956.5049896,1.0364722222222222,0.4055555555555559,0.25016666850411307,False
274.536410841,1790241956.7057104,1.0514722222222221,0.3600000000000002,0.2484743627019541,False
274.736162143,1790241956.9054778,1.0639166666666666,0.3315833333333333,0.28106240650153436,False
274.936936156,1790241957.1062279,0.8923055555555555,0.3178888888888889,0.29643762035154064,False
275.138097147,1790241957.307344,0.9671111111111113,0.5219166666666668,0.20693134167107896,False
275.33687100000003,1790241957.5061584,0.9395833333333334,0.27066666666666694,0.22928868723741536,False
275.536931626,1790241957.7062154,0.9702499999999998,0.39502777777777787,0.2974692063163591,False
275.737565742,1790241957.90686,0.9757500000000001,0.23155555555555546,0.10505482879281947,False
275.93660824,1790241958.1059318,0.9933333333333332,0.03541666666666653,0.23059149591416128,False
276.13761194,1790241958.3069015,0.8418611111111111,-0.09458333333333346,0.11091469496325845,False
276.336592043,1790241958.5058882,0.9565833333333333,0.08533333333333343,0.1608044291645483,False
276.53691178400004,1790241958.7062106,0.8506666666666667,0.29377777777777797,0.16309154304043783,False
276.737280118,1790241958.9065726,0.8391388888888888,0.2542499999999999,0.04616473863018156,False
276.936747513,1790241959.1059215,0.5466666666666666,-0.1900833333333333,0.03622633278563514,False
277.137401577,1790241959.306697,1.121527777777778,0.3744166666666668,0.34481017415643433,False
277.336037357,1790241959.5053241,0.9893333333333333,0.29975000000000035,0.3558763359307452,False
277.537626838,1790241959.7069187,0.8775833333333333,0.5309166666666668,0.45331529710812,False
277.737124078,1790241959.906413,0.8093333333333335,0.44933333333333336,0.3872683246916917,False
277.937566683,1790241960.106856,0.8774166666666667,0.38541666666666685,0.36341365261332625,False
278.135932201,1790241960.3052588,0.8924722222222223,0.32822222222222236,0.3417393332703077,False
278.33573720100003,1790241960.5050478,0.87775,0.38122222222222235,0.390811045610457,False
278.53741694300004,1790241960.7067108,0.884777777777778,0.4424166666666667,0.3667070250954565,False
278.736938141,1790241960.9062383,0.9523055555555554,0.28430555555555587,0.34256358961115796,False
278.93748454800004,1790241961.1067286,0.9302222222222222,0.21563888888888913,0.3037136521648429,False
279.136730589,1790241961.3060348,0.9359722222222223,0.3277500000000002,0.4288307071938343,False
279.33786710100003,1790241961.5071955,0.8854444444444445,-0.24391666666666662,0.37994956903184307,False
279.537591163,1790241961.7069001,0.9449999999999998,0.5088888888888887,0.4325859703893232,False
279.737513663,1790241961.9068255,0.9511388888888889,0.3608055555555557,0.4125011745791115,False
279.936884965,1790241962.1060543,0.9443333333333335,0.24641666666666698,0.3528393051100335,False
280.13751871600005,1790241962.306845,0.9291111111111111,0.6891111111111112,0.6436628764475635,False
280.337146684,1790241962.5064478,0.9682499999999998,0.6868055555555556,0.5391517455116134,False
280.536351006,1790241962.7056773,0.9971388888888888,0.3188055555555555,0.355448755221642,False
280.736695589,1790241962.9060016,0.9147777777777779,0.32075000000000015,0.37485079323173465,False
280.93628564100004,1790241963.1055865,0.9,0.2656666666666668,0.2610480173645069,False
281.136151214,1790241963.3054416,0.8846666666666669,0.16111111111111137,0.266410091590755,False
281.33626913,1790241963.5055537,0.8426666666666666,0.44400000000000006,0.49050825273577436,False
281.53665954800005,1790241963.7059443,0.9,0.5488888888888888,0.4094265961447532,False
281.736001734,1790241963.905293,0.9146666666666667,0.31333333333333335,0.386705353617404,False
281.937676372,1790241964.106974,0.8631944444444444,0.049333333333333326,0.32919539901045514,False
282.136781423,1790241964.306099,0.9,0.31319444444444455,0.41574367971207815,False
282.33655501600003,1790241964.5058615,0.8556666666666667,0.5090000000000001,0.46408519838708706,False
282.537163975,1790241964.7064536,0.8612500000000001,0.5511111111111111,0.38817491770083623,False
282.73615064,1790241964.9054759,0.93,0.5803611111111112,0.47830602977149916,False
282.937144287,1790241965.1062686,0.8426666666666666,0.39358333333333334,0.46483232305655453,False
283.137039495,1790241965.306334,0.9143333333333334,0.19066666666666687,0.3957650870610129,False
283.336275952,1790241965.5055692,0.9291111111111111,0.04691666666666662,0.34949941104764937,False
283.53791158,1790241965.707215,0.915222222222222,0.48855555555555547,0.3900100258319217,False
283.736977776,1790241965.9062688,0.8431111111111111,0.28166666666666673,0.4354610805696042,False
283.936561057,1790241966.105861,0.9230833333333333,0.3773333333333334,0.3173827218709323,False
284.137551995,1790241966.306795,0.9783333333333332,-0.10788888888888884,0.22165688366679426,False
284.336447462,1790241966.5057433,1.019111111111111,0.1156666666666665,0.31794411287742963,False
284.53708709800003,1790241966.7063706,1.0654722222222222,-0.21511111111111159,0.4018930166459107,False
284.736570378,1790241966.905863,0.9840000000000002,-0.45069444444444406,0.5443423276728321,False
284.937953193,1790241967.1072557,1.0194722222222223,-0.3437777777777774,0.4845288309060479,False
285.136420117,1790241967.305718,0.9920833333333334,0.42741666666666667,0.5071029998935689,False
285.33691563900004,1790241967.5062013,1.0744166666666666,0.13944444444444426,0.29174206013417914,False
285.536821523,1790241967.706122,0.9785277777777779,0.42741666666666667,0.49043321388977457,False
285.736733346,1790241967.90604,1.02325,0.5064444444444443,0.5071737503138799,False
285.937794962,1790241968.107009,0.9682499999999998,0.020888888888888932,0.2752290051816515,False
286.13592600000004,1790241968.3052235,0.9761111111111112,-0.36033333333333334,0.3336838055510397,False
286.337436367,1790241968.5067356,0.9809722222222221,-0.3631111111111111,0.39986455451634995,False
286.53631725,1790241968.705611,1.032,-0.39675000000000005,0.42497689316224363,False
286.737768919,1790241968.9070725,0.9626666666666667,-0.37933333333333297,0.2841854937484347,False
286.936392145,1790241969.1057026,1.0096666666666665,-0.3983333333333336,0.29386691845572543,False
287.138113293,1790241969.3073587,0.9766666666666667,-0.40975000000000034,0.33920493354606496,False
287.337408083,1790241969.506709,0.946,-0.5131944444444445,0.3890579259956439,False
287.53732907200003,1790241969.706616,0.992,-0.31611111111111106,0.30520868247048993,False
287.73672079,1790241969.9060252,1.0235555555555556,-0.16711111111111146,0.25821888036182594,False
287.936356309,1790241970.1056457,1.0569166666666667,0.09024999999999987,0.31142420764909373,False
288.136375632,1790241970.3056886,1.0965277777777778,0.5025277777777779,0.34255931508868054,False
288.337209174,1790241970.5065238,1.0379999999999998,0.3780000000000003,0.3301690869022581,False
288.536772975,1790241970.7060797,1.0881944444444445,0.4521944444444445,0.4045933686342127,False
288.73633896300004,1790241970.9056196,1.01125,-0.20152777777777772,0.3383035862165491,False
288.93666214,1790241971.105972,1.0007499999999998,-0.20258333333333364,0.25641989739380544,False
289.136238129,1790241971.3054807,1.0179166666666666,0.37200000000000033,0.277472905140298,False
289.336920421,1790241971.5062346,1.0744166666666666,-0.31200000000000017,0.3311425149234337,False
289.53721656700003,1790241971.7065227,1.0773333333333333,0.30525000000000013,0.3787642395190638,False
289.736317815,1790241971.9056106,0.9971388888888888,0.28488888888888897,0.344671597170331,False
289.93598291800004,1790241972.1052842,1.0430277777777779,0.22377777777777805,0.3179019596003718,False
290.138584536,1790241972.3077862,1.061638888888889,-0.33500000000000013,0.48446467299155904,False
290.33743812700004,1790241972.5067403,1.1300000000000001,0.4055555555555559,0.35156724468309086,False
290.536587344,1790241972.7058647,1.0545833333333332,0.46525,0.4536570254586174,False
290.737667553,1790241972.9069614,1.1146666666666667,0.25775000000000015,0.2992586949055105,False
290.93583536200003,1790241973.1051214,1.020888888888889,0.3759722222222222,0.3565855816977921,False
291.13676255,1790241973.306068,1.0251388888888888,0.2734722222222223,0.3713433346168814,False
291.335875048,1790241973.5051832,1.039,-0.4129166666666665,0.33026868340303195,False
291.536055724,1790241973.7053504,1.047777777777778,-0.4242222222222219,0.4241591271424353,False
291.736411141,1790241973.9057417,1.0104166666666667,-0.7023333333333329,0.6323278883979717,False
291.936764734,1790241974.1060684,1.047777777777778,-0.647972222222222,0.5739189248964987,False
292.136577077,1790241974.3058848,1.0241944444444444,-0.4769166666666664,0.473213308631125,False
292.336211607,1790241974.5055175,1.0173333333333332,0.14844444444444438,0.34973838559980286,False
292.53782879600004,1790241974.70714,1.0744166666666666,0.24819444444444466,0.31286862873485655,False
292.736352491,1790241974.9056609,1.0545833333333332,-0.01422222222222226,0.3343128242279402,False
292.937264366,1790241975.1065612,1.0906666666666667,0.12733333333333338,0.35304042090253696,False
293.13660431200003,1790241975.3058898,1.039,-0.4129166666666665,0.33026868340303195,False
293.336459988,1790241975.5057466,1.0466666666666666,0.28133333333333344,0.38253586203904166,False
293.536663686,1790241975.705946,1.0534166666666667,0.13999999999999987,0.35813306333172046,False
293.734546234,1790241975.9038105,0.9949722222222223,-0.09199999999999973,0.34817739204924725,False
293.93637160000003,1790241976.1056826,1.00875,-0.05324999999999999,0.35979370614742245,False
294.13803332000003,1790241976.307274,0.9722222222222223,-0.11474999999999963,0.37042139217961556,False
294.336988318,1790241976.5062525,1.0345833333333336,-0.17863888888888876,0.419871899229759,False
294.53765639100004,1790241976.7069473,1.0223055555555556,0.48855555555555547,0.512215244996421,False
294.73807972400004,1790241976.9073,1.028,-0.3286666666666662,0.45614324543663054,False
294.936951231,1790241977.106247,0.9779166666666667,-0.35866666666666613,0.4729950330996928,False
295.1375092,1790241977.3068018,0.9873333333333334,-0.24600000000000027,0.3826359016786798,False
295.334932216,1790241977.5042,1.0003333333333335,-0.13333333333333294,0.38832273010431795,False
295.535670445,1790241977.704987,1.03175,-0.22766666666666652,0.2636314234844397,False
295.73631633,1790241977.905633,0.9873333333333334,-0.09963888888888858,0.3554657334379675,False
295.936437475,1790241978.1057315,1.0466666666666666,0.041333333333333715,0.3412610133907956,False
296.136814662,1790241978.3061416,0.9873333333333334,0.052361111111110956,0.35166925446229536,False
296.335700076,1790241978.505022,0.9423333333333334,0.06141666666666687,0.40655952523716254,False
296.536666847,1790241978.7059433,0.9761111111111112,-0.07391666666666685,0.2713390134965161,False
296.737496743,1790241978.9068046,0.972777777777778,0.3466666666666669,0.4150561502084156,False
296.934825332,1790241979.1040735,1.0021944444444444,0.13944444444444426,0.21992521442343094,False
297.136113093,1790241979.305415,0.93625,0.3459166666666668,0.4209791827139575,False
297.336797364,1790241979.5061016,0.9591111111111111,0.4185833333333335,0.4158089179375505,False
297.53618923600004,1790241979.705492,1.0345833333333332,0.49866666666666676,0.319658793100869,False
297.73558553600003,1790241979.904884,1.0029166666666667,0.32644444444444465,0.24753043539797304,False
297.93666512000004,1790241980.1059737,0.9906666666666666,0.37111111111111117,0.35276396882010874,False
298.13602767000003,1790241980.305344,0.9978611111111111,0.21166666666666653,0.3121384585103433,False
298.334975584,1790241980.5042188,1.0029166666666667,0.41666666666666663,0.2798789049278949,False
298.5393396,1790241980.7082043,0.9697499999999999,0.38700000000000007,0.3083266982014691,False
298.733154797,1790241980.9021897,0.9,0.20800000000000027,0.2882510192740495,False
299.133366097,1790241981.30268,0.8006944444444445,0.6832499999999999,0.5201552435671554,False
299.33461292000004,1790241981.5038488,0.7611944444444445,0.6111944444444444,0.5682730230289713,False
299.53583714,1790241981.7051318,0.8845555555555555,0.9,0.7414648899703778,False
299.73506057500003,1790241981.9043026,1.0935833333333334,1.0779166666666666,0.7531260174612642,False
299.934852917,1790241982.1041303,0.9503333333333334,0.8827777777777778,0.46983739507414346,False
300.13718088800005,1790241982.3064804,0.9171111111111112,0.9171111111111112,0.4512866091824129,False
300.335936457,1790241982.5052323,0.7606944444444443,0.662,0.3433391603126228,False
300.536896666,1790241982.7062051,0.9348888888888889,0.92625,0.40773114873817395,False
300.737597446,1790241982.9068906,1.0270833333333336,0.9437500000000001,0.5161404692874567,False
300.93664312100003,1790241983.1059523,0.9503333333333334,0.9254166666666667,0.5176506224127797,False
301.13661858800003,1790241983.305907,0.8648888888888888,0.87375,0.3397249626401073,False
301.336551867,1790241983.5058463,0.89175,0.9640000000000002,0.6174416233757002,False
301.53596249000003,1790241983.7052736,1.044027777777778,0.6999166666666667,0.29390723143906006,False
301.736676865,1790241983.905987,0.968888888888889,0.8642222222222223,0.38213602772255073,False
301.936104779,1790241984.1054072,0.676,0.6314166666666667,0.38657950917687667,False
302.13637285100003,1790241984.3056579,0.9993055555555554,1.1395555555555557,0.5752920985401972,False
302.336920819,1790241984.5061955,0.7695833333333335,0.9,0.395654107624989,False
