time_s,stamp_s,x,y,z,clamped
0.232218691,1790240509.06621,2.598666666666667,0.8231944444444446,1.0227231308035998,False
0.559666003,1790240509.3899498,2.626916666666667,1.05,1.3,True
0.58717686,1790240509.4255736,2.6159999999999997,0.791305555555555,0.9153189402285122,False
0.621893012,1790240509.4524393,2.701138888888889,1.0708055555555556,1.3,True
0.656535466,1790240509.4870696,2.598666666666667,0.9903333333333333,1.3,True
0.683650905,1790240509.5219638,2.6731111111111114,0.8529166666666669,1.1479797797115738,False
0.718576693,1790240509.549113,2.686666666666667,0.8843611111111116,1.3,True
0.752035287,1790240509.583737,2.6333333333333333,1.0352499999999998,1.3,True
0.7790294240000001,1790240509.6173403,2.6142222222222222,0.7901388888888894,0.729366396796563,False
0.806633824,1790240509.6449068,2.57875,0.8231944444444446,0.8757367042321431,False
0.842276126,1790240509.672323,2.642222222222222,0.8382222222222222,1.3,True
0.87782598,1790240509.707981,2.8738888888888887,0.9487499999999994,1.3,True
0.9133243230000001,1790240509.743486,3.269472222222222,1.4158055555555555,1.3,True
0.9407799200000001,1790240509.7790403,2.695555555555555,0.724305555555555,0.8978038922304933,False
0.9762900860000001,1790240509.8066404,2.769972222222222,0.9477499999999998,1.3,True
1.012783381,1790240509.8422077,2.7536666666666667,0.993666666666667,1.3,True
1.077864519,1790240509.9158335,2.7505833333333336,0.7366666666666665,0.8063264756834634,False
1.15153002,1790240509.9807332,4.261111111111111,2.5559166666666666,1.3,True
1.180893803,1790240510.0190432,2.54475,0.6687500000000002,0.694177521876251,False
1.2188750210000001,1790240510.0479088,2.6637500000000003,1.1304166666666668,1.3,True
1.2563205610000001,1790240510.0859628,2.9568888888888893,1.0462500000000006,1.3,True
1.2936889120000001,1790240510.1229694,4.248333333333333,2.4370833333333333,1.3,True
1.3561357660000002,1790240510.1944692,2.583472222222222,0.7924722222222225,0.9119806009845044,False
1.392282394,1790240510.2221384,2.738083333333333,0.9474166666666662,1.3,True
1.429042044,1790240510.2585669,2.786,0.9637777777777777,1.3,True
1.465946019,1790240510.2958117,3.35525,1.4979999999999998,1.3,True
1.502830149,1790240510.3323681,3.148333333333333,1.4344166666666667,1.3,True
1.540565117,1790240510.3699083,2.985333333333333,1.29375,1.3,True
1.577461852,1790240510.4069529,3.1587499999999995,1.4458888888888886,1.3,True
1.613068581,1790240510.443525,4.230222222222222,2.8241388888888888,1.3,True
1.648825779,1790240510.4792635,2.82375,1.1939722222222222,1.3,True
1.6849455830000002,1790240510.5151424,3.202083333333334,1.2814166666666669,1.3,True
1.7467629550000001,1790240510.5851023,2.668888888888889,0.726138888888889,0.934138806637488,False
1.7825783300000002,1790240510.6129498,2.8644444444444446,1.1069166666666672,1.3,True
1.8188069370000002,1790240510.648788,2.799777777777778,0.9479166666666671,1.3,True
1.857132376,1790240510.686894,2.84275,0.8187499999999999,1.3,True
1.897018083,1790240510.7255204,2.953333333333333,1.094666666666667,1.3,True
1.9254842580000002,1790240510.763686,2.6357499999999994,0.7755555555555552,1.037444257829092,False
1.985431777,1790240510.823555,2.812416666666667,0.12266666666666697,0.3851965337054948,False
2.020873974,1790240510.8511033,2.8827777777777777,1.0787499999999999,1.3,True
2.056258722,1790240510.886538,2.748888888888889,1.2088888888888885,1.3,True
2.092062796,1790240510.9225218,2.8662500000000004,0.9328888888888892,1.3,True
2.119232923,1790240510.9574616,2.6766666666666667,0.7724444444444443,0.8023202477471387,False
2.14616034,1790240510.984432,2.7039999999999997,0.7255277777777771,1.2553520025886884,False
2.1811944100000002,1790240511.0117185,2.8808055555555563,0.8668888888888892,1.3,True
2.2161656670000003,1790240511.0466003,2.9162222222222227,0.9164722222222228,1.3,True
2.2523182310000003,1790240511.0817404,2.8174166666666665,0.8359999999999996,1.3,True
2.287094643,1790240511.117732,3.0032499999999995,1.0156944444444442,1.3,True
2.3138844030000003,1790240511.1522965,2.724083333333333,0.8520833333333331,1.1185503207191825,False
2.3464904410000003,1790240511.1784704,2.7460000000000004,1.2868055555555558,1.3,True
2.3796335120000003,1790240511.2114856,3.6088888888888886,1.7797499999999995,1.3,True
2.4142611730000003,1790240511.2448325,2.897111111111111,1.1083611111111116,1.3,True
2.4482761760000002,1790240511.2796497,2.8588888888888895,0.9482500000000006,1.3,True
2.475011144,1790240511.3134766,2.702666666666666,0.9,1.0446710183138417,False
2.5017101750000004,1790240511.3400586,2.6488055555555556,0.7422222222222223,0.8341295226164998,False
2.5350344970000003,1790240511.3667207,2.8266666666666667,0.9319999999999999,1.3,True
2.568533716,1790240511.4001224,2.7824444444444443,0.9624444444444445,1.3,True
2.603373409,1790240511.4342673,2.8493055555555555,1.0106388888888886,1.3,True
2.637719976,1790240511.4693892,2.8881944444444443,1.1524444444444446,1.3,True
2.664930988,1790240511.5033627,2.59875,0.8377777777777777,0.7774803041399034,False
2.692171896,1790240511.5305536,2.60925,0.7768888888888886,1.0971254283529148,False
2.7566477700000003,1790240511.588327,2.804361111111111,0.9311111111111112,1.3,True
2.7902549580000002,1790240511.621761,2.8654722222222224,0.9642222222222225,1.3,True
2.9199662390000003,1790240511.7582114,2.5546666666666664,0.7113333333333335,0.4996356385301053,False
2.9480862140000004,1790240511.78625,2.5608888888888885,0.6313055555555549,0.4870415789905832,False
2.9752627990000002,1790240511.8136492,2.5044444444444447,0.8554166666666669,1.0323802117177316,False
3.0090536340000003,1790240511.8405046,3.370916666666667,1.7429166666666662,1.3,True
3.042554259,1790240511.8742738,3.471861111111111,1.8420833333333333,1.3,True
3.0761910820000002,1790240511.907851,3.903,2.0235555555555558,1.3,True
3.109700874,1790240511.9413884,4.044888888888889,2.1405555555555558,1.3,True
3.143307176,1790240511.9748676,4.295972222222223,3.0078888888888895,1.3,True
3.176928166,1790240512.0084891,2.6279999999999997,0.7768888888888886,1.3,True
3.2036683950000002,1790240512.0421188,2.56175,0.6670833333333337,0.6748306118427663,False
3.237313604,1790240512.0690033,2.722222222222222,0.9622222222222223,1.3,True
3.271005375,1790240512.1024854,2.9892500000000006,1.0622222222222226,1.3,True
3.3361530220000004,1790240512.1678927,3.7423055555555553,2.2712222222222214,1.3,True
3.403674847,1790240512.2354863,3.9384444444444444,2.375694444444444,1.3,True
3.4381707890000004,1790240512.269677,3.6873333333333336,2.1479166666666667,1.3,True
3.501663428,1790240512.3335934,4.186972222222223,2.6555555555555563,1.3,True
3.5345149350000002,1790240512.366382,4.106583333333333,2.1026666666666665,1.3,True
3.560838495,1790240512.3992743,2.6622500000000002,0.7422222222222223,0.9183835559891247,False
3.5936910440000003,1790240512.425537,2.7,1.3849166666666668,1.3,True
3.627614952,1790240512.4594507,2.7929166666666667,0.916027777777778,1.3,True
3.660321198,1790240512.4922788,2.681888888888888,1.2022222222222219,1.3,True
3.693164476,1790240512.5251958,2.8320000000000003,0.7854722222222227,1.3,True
3.7202806440000002,1790240512.5587335,2.6396944444444443,0.5669166666666668,0.7773923718269208,False
3.7534755900000003,1790240512.585482,2.7794444444444446,0.7720000000000004,1.3,True
3.7864321500000004,1790240512.6183283,2.6180833333333333,1.2354166666666673,1.3,True
3.8199672540000003,1790240512.6513143,2.668888888888889,0.9615555555555557,1.3,True
3.8531518350000002,1790240512.6851697,2.83325,1.5797777777777777,1.3,True
3.887185119,1790240512.718532,4.086555555555556,2.0662222222222226,1.3,True
3.9207455880000004,1790240512.7524981,4.1000000000000005,2.33775,1.3,True
3.9551656960000003,1790240512.786349,2.7167777777777777,0.9155277777777774,1.3,True
3.9890288220000003,1790240512.8207712,2.670361111111111,0.838,1.3,True
4.022608249,1790240512.8542814,2.6357499999999994,1.0208888888888883,1.3,True
4.089603874000001,1790240512.9201064,2.8712500000000003,1.0600000000000003,1.3,True
4.117938016,1790240512.9561343,2.6695833333333336,0.9313333333333333,1.1781679491631611,False
4.153951569,1790240512.9842649,2.7572500000000004,0.9620000000000001,1.3,True
4.189480432,1790240513.0200214,2.751861111111111,0.884083333333333,1.3,True
4.225909612000001,1790240513.0560043,2.727,0.8524166666666666,1.3,True
4.254578079,1790240513.0930116,2.7044444444444444,0.6246944444444447,0.7480606029700115,False
4.283794048,1790240513.1221385,2.5554166666666664,0.8198611111111104,0.3114285973133366,False
4.3123113680000005,1790240513.1505976,1.0351111111111113,0.6188611111111113,0.24854581040891666,False
4.3409038970000005,1790240513.1792293,1.0733333333333335,0.725,0.26176565479870817,False
4.369887469,1790240513.2080138,1.0386666666666666,0.6548611111111111,0.21283465806259438,False
4.3985065080000005,1790240513.2367525,1.0108611111111114,0.6501111111111112,0.24382039536209277,False
4.4264642940000005,1790240513.26466,1.056,0.6534722222222222,0.2135663596961157,False
4.453783484000001,1790240513.2921336,1.1650000000000003,0.8005555555555556,0.28536420205615887,False
4.481001215,1790240513.3193946,1.206,0.7977777777777778,0.24491013781576365,False
4.508537228000001,1790240513.3469436,1.1089166666666668,0.7793333333333332,0.19300253751670948,False
4.536159700000001,1790240513.3744826,1.234027777777778,0.8282500000000002,0.2669088224300631,False
4.564256498000001,1790240513.4026556,1.2455833333333335,0.8597777777777776,0.3442781091961281,False
4.592134179,1790240513.430478,1.1826666666666668,0.7584444444444445,0.25665845465307324,False
4.62016483,1790240513.458387,0.9777500000000001,0.7210833333333335,0.25882577640008364,False
4.647902147,1790240513.486264,0.8211111111111112,0.5113333333333334,0.32983776334465664,False
4.67599608,1790240513.514315,0.9,0.6667500000000002,0.42716299488392473,False
4.703665635,1790240513.542003,1.0999722222222221,-0.10811111111111117,0.03478337902403972,False
4.764495085,1790240513.602835,0.9317777777777779,0.1395833333333332,0.19781731736746044,False
4.792521257000001,1790240513.6308827,0.9081388888888889,0.6495555555555556,0.3438298588982358,False
4.820704929000001,1790240513.6589909,1.06975,0.7253055555555556,0.42640582157374296,False
4.848838237000001,1790240513.6872327,1.1986666666666668,0.7514444444444446,0.12350968166507958,False
4.876754096,1790240513.7150853,0.8764166666666666,0.44166666666666665,0.30158907160205606,False
4.904913186,1790240513.7432406,0.7691944444444446,0.32400000000000007,0.3033235697400072,False
4.933185661,1790240513.7716002,1.094861111111111,0.6443333333333333,0.26283381132429007,False
4.961139957,1790240513.799491,1.0755833333333336,0.6590277777777778,0.29954866126690627,False
4.988923837000001,1790240513.8272457,1.0520000000000003,0.5420000000000001,0.20838101885319005,False
5.070262235,1790240513.9084961,0.9913611111111112,0.5540000000000002,0.24511273238485676,False
5.267913050000001,1790240514.1062217,0.9086944444444445,0.5713333333333335,0.15424582529321573,False
5.468102677,1790240514.3064349,0.9573611111111112,0.4879166666666668,0.23910555222445073,False
5.671717164,1790240514.5100608,0.9493333333333334,0.5200000000000001,0.24716277505864093,False
5.869490113,1790240514.7078457,0.95775,0.5284166666666668,0.2445897651202691,False
6.071090268000001,1790240514.909467,1.067777777777778,0.5637777777777779,0.23505622938678084,False
6.269582647,1790240515.1078806,0.9604722222222223,0.5994722222222224,0.18365499726856105,False
6.469103572000001,1790240515.3075128,0.9956388888888891,0.6367500000000003,0.19200512617065857,False
6.669684711,1790240515.5079477,1.087,0.6231111111111111,0.24181119680376684,False
6.869337147,1790240515.7075543,1.1238888888888887,0.69175,0.26040599129655506,False
7.068997343,1790240515.9073625,1.10625,0.5420000000000001,0.26339644149752206,False
7.2705588500000005,1790240516.1089592,1.1643611111111112,0.6371111111111111,0.25383909696889173,False
7.468863883,1790240516.3072484,1.1271111111111114,0.63975,0.36173538875758704,False
7.670563567,1790240516.5085206,1.107638888888889,0.6885555555555557,0.33904873238307875,False
7.871386736000001,1790240516.709734,0.8922500000000001,0.4549166666666667,0.33613239296629105,False
8.069846978000001,1790240516.9081986,1.0833333333333335,0.5745833333333336,0.2567632665859372,False
8.269844986,1790240517.1082067,1.0402500000000001,0.5606944444444445,0.2663648238042904,False
8.469679504,1790240517.3078413,1.0620277777777778,0.42466666666666686,0.13868384087251373,False
8.669137562000001,1790240517.5075266,1.1450000000000002,0.45022222222222247,0.24611435600569842,False
8.871149017,1790240517.7095544,1.1466666666666667,0.5157777777777781,0.26268190052126617,False
9.075130168000001,1790240517.9135664,1.0720833333333335,0.4934166666666668,0.24948711600264306,False
9.269337055000001,1790240518.1076047,0.9907500000000001,0.5025277777777779,0.23347279919275943,False
9.469050633,1790240518.3074002,1.054,0.8446666666666668,0.3875734428337688,False
9.669573382000001,1790240518.5078802,1.0993055555555558,0.8105555555555557,0.5462580104022893,False
9.874927768000001,1790240518.7133222,1.107638888888889,0.6783055555555556,0.33178635357507136,False
10.069553666000001,1790240518.9077861,1.1360277777777779,0.4526666666666669,0.2527971652988268,False
10.269474433000001,1790240519.107461,0.8563333333333333,0.5044166666666667,0.493366843843429,False
10.469519626,1790240519.3076046,1.0999722222222221,0.6599999999999999,0.21516770404845253,False
10.669780653,1790240519.507891,1.3472222222222223,0.940888888888889,0.4286100857159011,False
10.870337359,1790240519.7086082,1.11975,0.5221111111111113,0.28335850706636956,False
11.069913071,1790240519.9079368,1.1442222222222223,0.3921388888888887,0.09124750341774823,False
11.469142254000001,1790240520.3075137,0.9172222222222224,0.6659722222222223,0.22818639946578245,False
11.66896958,1790240520.5069506,0.8127777777777777,0.44175,0.09391160296990786,False
11.869484931,1790240520.7075694,0.8913611111111112,0.5111111111111113,0.13950837930748916,False
12.07159159,1790240520.9097083,0.8668888888888888,0.508,0.22699503527663611,False
12.268506924,1790240521.106711,0.8046666666666669,0.5213611111111112,0.3214326045812975,False
12.469548473000001,1790240521.3076193,0.7191111111111111,0.4809166666666667,0.2376919610589565,False
12.66859793,1790240521.5068347,0.7745833333333332,0.5275833333333333,0.21991829655756567,False
12.869139477000001,1790240521.7073846,0.7588055555555554,0.49124999999999985,0.21787821094018045,False
13.069457586,1790240521.9076195,0.7255833333333331,0.5064444444444443,0.22801919276497906,False
13.269706266,1790240522.1079001,0.7578611111111111,0.5196666666666666,0.2174137023678031,False
13.468280511000001,1790240522.3067055,0.7737499999999999,0.5253055555555555,0.20502739267026904,False
13.671745821,1790240522.5101585,0.8049722222222222,0.5743055555555555,0.17208473265557656,False
13.874183261,1790240522.7125907,0.7369166666666669,0.5022500000000001,0.15667206633928132,False
14.074745171,1790240522.913076,0.7411388888888887,0.5219999999999999,0.22003280263864333,False
14.273904991,1790240523.112284,0.7344444444444443,0.5064444444444443,0.23407064834668834,False
14.47250986,1790240523.3109446,0.7443055555555556,0.5088888888888887,0.2552793010882921,False
14.672604684000001,1790240523.5109992,0.7166666666666666,0.5266666666666666,0.23177197606919586,False
14.87104549,1790240523.7094848,0.7013333333333333,0.5012500000000001,0.23520894394460856,False
15.274518381000002,1790240524.112853,0.5756666666666665,0.36666666666666664,0.33741834401208104,False
15.468715364000001,1790240524.307073,1.0720833333333335,0.6733333333333335,0.35466431961386813,False
15.668898364,1790240524.5072432,1.0289166666666667,0.5435833333333333,0.4349291053458233,False
15.86902251,1790240524.7073963,0.9244166666666667,0.5266666666666667,0.27117734831939533,False
16.069138583,1790240524.907508,0.9157777777777778,0.5680277777777777,0.3600023907470645,False
16.27009044,1790240525.1082995,0.9737500000000001,0.6115277777777777,0.3058950183676914,False
16.469683748,1790240525.3077483,0.9239166666666667,0.5537777777777777,0.329325921900115,False
16.669366849,1790240525.507707,0.6992222222222223,0.41074999999999995,0.3356490672734239,False
16.874034712,1790240525.7124124,0.8844444444444445,0.6339166666666667,0.43512562506825314,False
17.07010915,1790240525.9085045,1.0151944444444445,0.81475,0.2698724945575255,False
17.274040811000003,1790240526.112409,0.9600833333333335,0.7427500000000001,0.28858394784561825,False
17.474345632000002,1790240526.3127065,0.8593055555555555,0.5859722222222222,0.30409311832114116,False
17.673347114000002,1790240526.511674,0.7252222222222223,0.51375,0.32403193397782637,False
17.873963134,1790240526.7123363,1.1730833333333335,1.0186666666666668,0.3142040194453126,False
18.072975241,1790240526.9114292,0.7102499999999999,0.5803611111111112,0.2823429270083775,False
18.273070165,1790240527.111443,0.8911388888888888,0.8460000000000002,0.2909135415090158,False
18.669508848,1790240527.5077415,0.7786666666666667,0.6853333333333333,0.23037555915898955,False
18.8677022,1790240527.706031,1.04125,0.9098055555555556,0.19503290158473652,False
19.069966351,1790240527.9080138,0.6633333333333333,0.5452500000000001,0.36426962943971475,False
19.270198514,1790240528.1080496,0.6963333333333334,0.52375,0.36234023953840866,False
19.469346192,1790240528.3075314,0.6091388888888888,0.4984722222222223,0.3548146966250221,False
19.670745494000002,1790240528.508999,0.676,0.5476666666666669,0.3340366351552343,False
19.873710481,1790240528.7118752,0.6704166666666667,0.49466666666666675,0.32827659185113567,False
20.069636217000003,1790240528.9079187,0.6905555555555555,0.5717500000000002,0.3311682487700158,False
20.274960433,1790240529.1133897,1.7666666666666666,1.6065833333333335,1.2006074351651763,False
20.473833317,1790240529.3122356,0.6040000000000001,0.6131944444444446,0.3257430660742162,False
20.672658231,1790240529.5111015,0.7366666666666667,0.5706666666666668,0.29572823509879664,False
20.868240996,1790240529.706637,0.6631944444444445,0.2244444444444445,0.30090149623971063,False
21.07517027,1790240529.913606,1.0393055555555557,0.6355555555555557,0.3255703729905238,False
21.272178666000002,1790240530.1105957,0.6066666666666667,0.14841666666666667,0.3703075516004708,False
21.471325247000003,1790240530.3097353,0.7920277777777777,0.43333333333333335,0.19103010796026698,False
21.684932363,1790240530.5223045,0.4694444444444445,0.5666666666666669,0.22831403738355527,False
21.871875921,1790240530.7099433,0.6645555555555557,0.6936388888888889,0.14794487744672802,False
22.070578959000002,1790240530.9090261,0.7720277777777778,0.31333333333333335,0.34151404154169873,False
22.267537353,1790240531.1057887,0.8513333333333333,0.5070277777777776,0.26895471092813583,False
22.468221857,1790240531.3063486,0.9331111111111112,0.6826666666666668,0.3287277021642132,False
22.668793548,1790240531.5070953,1.0577777777777777,0.7946666666666669,0.5516611317535385,False
22.868679871,1790240531.7069166,1.074416666666667,0.7797500000000002,0.4069049524888808,False
23.069183801,1790240531.907497,1.1666666666666665,0.805,0.43601858301877294,False
23.270890028,1790240532.1091182,0.7660000000000001,0.41391666666666665,0.40310703366814427,False
23.470094680000003,1790240532.3081632,0.7133333333333335,0.4450833333333334,0.33488012042832516,False
23.668769538000003,1790240532.507207,0.8430277777777777,0.6366666666666666,0.3362263121195842,False
23.874234740000002,1790240532.7124307,1.1816666666666669,0.9603333333333334,0.26703156980584475,False
24.073538143,1790240532.9119425,0.7779166666666666,0.5366944444444444,0.2807332375552065,False
24.27351936,1790240533.111926,0.7444444444444446,0.44933333333333336,0.3336139360010628,False
24.473462765,1790240533.3118496,0.662,0.6804444444444445,0.28469149613297784,False
24.669192973,1790240533.5076306,0.7578611111111111,0.315416666666667,0.1413115765425459,False
24.873032853,1790240533.7114658,0.8839999999999999,0.1959166666666666,0.19317541601109078,False
25.073855324,1790240533.912247,0.7711111111111113,0.7540000000000001,0.4551499219855707,False
25.275922175,1790240534.1142573,0.8147500000000001,0.7053333333333334,0.503578424206822,False
25.47034571,1790240534.3082,0.7264444444444446,0.7764444444444445,0.5348121186093181,False
25.668588532,1790240534.5068355,0.68925,0.5357777777777779,0.37762447433840374,False
25.870677518,1790240534.7090654,0.7066666666666668,0.7580000000000001,0.4663584569959208,False
26.068813673,1790240534.9071815,0.7737777777777779,0.7314166666666667,0.4864290993776227,False
26.269063484,1790240535.107401,0.7654166666666667,0.6240833333333334,0.3943194164362116,False
26.468892302,1790240535.307312,0.7663611111111113,0.6259166666666668,0.4112823993160529,False
27.074684097000002,1790240535.9130938,0.6475555555555556,0.509638888888889,0.3468263508671495,False
27.270542584,1790240536.1082835,0.6832499999999999,0.6112500000000002,0.36424208525922686,False
27.473461779,1790240536.3118565,0.6457777777777777,0.5166666666666667,0.33619160758792377,False
27.67151038,1790240536.5100222,0.6633333333333333,0.5357777777777779,0.35881401321078155,False
27.87295311,1790240536.7114072,0.632,0.38375000000000004,0.40618126138461397,False
28.065351269,1790240536.9038038,0.7560000000000001,0.5555555555555557,0.3292672743276046,False
28.270784902000003,1790240537.1084697,0.8445833333333334,0.5366944444444444,0.335252330213737,False
28.465951613,1790240537.304029,0.7764444444444445,0.4666666666666668,0.3537145003152694,False
28.670266647000002,1790240537.5084815,0.7795833333333335,0.5012500000000001,0.2910905571415794,False
28.870340516000002,1790240537.7084463,0.7963611111111112,0.5113333333333334,0.309420774025571,False
29.070133498,1790240537.9081576,0.788,0.4809166666666667,0.2877376033249963,False
29.270241637,1790240538.108438,0.7290833333333335,0.5336666666666667,0.2835171511803829,False
29.468830186,1790240538.3070993,0.7020833333333333,0.3876666666666668,0.276870707773885,False
29.668797282000003,1790240538.507069,0.7963611111111112,0.4185833333333335,0.2668025485099994,False
29.870015009000003,1790240538.70815,0.7625833333333334,0.40800000000000014,0.2375016895438271,False
30.070217731000003,1790240538.908263,0.7560000000000001,0.4244722222222224,0.26521145514567634,False
30.269084301000003,1790240539.107241,0.772888888888889,0.5162222222222224,0.3208894941243612,False
30.468847854000003,1790240539.3070822,0.7422222222222223,0.423,0.29373106336352306,False
30.669835891,1790240539.5079694,0.7252222222222223,0.39175000000000015,0.26898852290817743,False
30.870655177000003,1790240539.7086866,0.7153611111111112,0.40958333333333347,0.2562567491162244,False
31.070289615000004,1790240539.9084775,0.6934444444444445,0.2914166666666667,0.2397117708575538,False
31.269087641000002,1790240540.1073642,0.6768611111111111,0.3557499999999999,0.3238335317347598,False
31.470521461,1790240540.3086913,0.7411111111111112,0.39911111111111125,0.2702599153304224,False
31.669385633,1790240540.5075653,0.6259999999999999,0.42311111111111105,0.38065186808569573,False
31.869996271,1790240540.7081664,0.6566666666666666,0.45658333333333334,0.2624931091259628,False
32.070107793000005,1790240540.9082608,0.7388888888888889,0.392888888888889,0.24066930051838975,False
32.269327852,1790240541.107424,0.6833333333333336,0.5012500000000001,0.2235688628362913,False
32.471619642,1790240541.3099833,0.5833333333333335,0.4156944444444444,0.20317715601823516,False
32.868919441,1790240541.7071755,0.724,0.4813333333333334,0.2935000137991941,False
33.0689282,1790240541.907276,0.6832499999999999,0.5260000000000001,0.31379848027900503,False
33.268124768,1790240542.1064942,0.6494166666666668,0.41875,0.2545783479592765,False
33.468995353000004,1790240542.3071303,0.7570000000000001,0.46852777777777777,0.2984847872095915,False
33.67080464,1790240542.508956,0.7153611111111112,0.4509166666666667,0.2734364898204793,False
33.867780833000005,1790240542.7059727,0.7301111111111112,0.26611111111111113,0.28288513825856,False
34.068712304,1790240542.9068468,0.7550000000000002,0.42152777777777795,0.25029083429659993,False
34.269629815,1790240543.1077278,0.68025,0.39911111111111125,0.22907971422348417,False
34.469846907000004,1790240543.3079858,0.6533333333333334,0.40958333333333347,0.21635012637332385,False
34.669490766,1790240543.5076685,0.7203333333333334,0.4424166666666667,0.2346421343302314,False
34.869055719,1790240543.7071435,0.6295833333333335,0.4156944444444444,0.22905511101321685,False
35.069918959,1790240543.9078586,0.67725,0.46580555555555564,0.2290856141065336,False
35.268589845,1790240544.1067255,0.666666666666667,0.5336666666666667,0.24153155718063846,False
35.467890577000006,1790240544.3061042,0.7203333333333334,0.4835277777777778,0.25266014254866964,False
35.668264283,1790240544.506504,0.6787500000000001,0.48875000000000013,0.25308936627809553,False
35.864659272000004,1790240544.7029831,0.6351111111111112,0.47125,0.23067436482462944,False
36.068166169,1790240544.9063642,0.7026666666666668,0.4835277777777778,0.24072645474700938,False
36.269527847,1790240545.1075394,0.666666666666667,0.5037500000000001,0.2269708796796075,False
36.466115857000005,1790240545.3044095,0.6951388888888889,0.476,0.2451512311452786,False
36.66980817,1790240545.5079012,0.6937500000000001,0.49366666666666675,0.23952644553377844,False
36.868906921000004,1790240545.7071214,0.666666666666667,0.49366666666666675,0.22229467024711358,False
37.068020411,1790240545.9062479,0.6787500000000001,0.5087500000000001,0.26266115709475146,False
37.269823183,1790240546.1079445,0.7026666666666668,0.5237500000000002,0.26002620559191225,False
37.466277702,1790240546.3045092,0.6951388888888889,0.48613888888888895,0.24978530487133366,False
37.669583293,1790240546.5076988,0.6034722222222224,0.5261388888888889,0.21303213175138502,False
37.867226515000006,1790240546.705503,0.6494722222222223,0.5422222222222222,0.17204570381148732,False
38.069754499000005,1790240546.9077644,0.574888888888889,0.48613888888888895,0.17943240001239769,False
38.269445542,1790240547.1076338,0.67725,0.48613888888888895,0.23816130311149597,False
38.46909773,1790240547.307329,0.6500000000000002,0.48613888888888895,0.22126510174655234,False
38.668989190000005,1790240547.5071568,0.6093055555555557,0.4435555555555556,0.21630022187649312,False
38.868981744,1790240547.7072375,0.5960000000000001,0.44400000000000006,0.29493880783307524,False
39.065024437000005,1790240547.903324,0.6000000000000003,0.45375,0.21532911097420904,False
39.267782837000006,1790240548.1059642,0.5333333333333334,0.40441666666666665,0.20894421990542678,False
39.46913524,1790240548.3073082,0.5546666666666669,0.3870277777777777,0.2250793572931611,False
39.669507117,1790240548.5076845,0.5770000000000002,0.5087500000000001,0.2028015505388281,False
39.869113523,1790240548.7073183,0.6920000000000001,0.5064444444444445,0.309671759116525,False
40.065566894,1790240548.9038084,0.6993055555555555,0.4739722222222223,0.2857406285713382,False
40.264306940000004,1790240549.1027143,0.5260000000000001,0.4666666666666668,0.19471893971613619,False
40.464768505,1790240549.3031535,0.4603611111111111,0.5313333333333334,0.1241375351405114,False
40.669119774,1790240549.5074222,0.662,0.5064444444444443,0.18762864802649748,False
40.868709199,1790240549.706997,0.6651111111111113,0.4911111111111111,0.20760030830297604,False
41.068523781,1790240549.9068124,0.6433333333333334,0.5064444444444443,0.17672966436677418,False
41.268337009,1790240550.1065867,0.5511111111111111,0.5113333333333334,0.1546988319956628,False
41.469910087,1790240550.3079774,0.6283333333333333,0.5883333333333333,0.09606432434655754,False
41.668182214000005,1790240550.5063126,0.73,0.5070277777777776,0.17976661692229134,False
41.869885762,1790240550.7080803,0.7388888888888889,0.4555555555555556,0.2660694676725073,False
42.069936021000004,1790240550.9080813,0.7804166666666669,0.4835277777777778,0.2966303201181666,False
42.271566495,1790240551.1092403,0.8843333333333334,0.4626666666666667,0.31821890876269654,False
42.469579609,1790240551.307527,1.0773333333333333,0.6333333333333334,0.5646485345239477,False
42.665717297,1790240551.5038693,0.8364444444444444,0.5565833333333333,0.3394399110864642,False
42.869489239,1790240551.707533,0.324777777777778,0.49366666666666675,0.07508668989028022,False
43.069332621,1790240551.907549,0.9499722222222222,0.5622222222222225,0.5762189904082321,False
43.269545066,1790240552.1076703,0.8556666666666667,0.4991944444444445,0.45819274047359393,False
43.469664699000006,1790240552.3077598,0.7203333333333334,0.5533333333333335,0.2878033238984079,False
43.670935013000005,1790240552.5090814,0.6072222222222222,0.5389722222222222,0.1841191297847491,False
43.865811341000004,1790240552.7039347,0.5812222222222223,0.51375,0.23199172948190072,False
44.06545269,1790240552.9037087,0.6223333333333336,0.5090000000000001,0.27842267927375075,False
44.269564735,1790240553.1076407,0.6623611111111111,0.5599999999999999,0.2917451916863205,False
44.469830096,1790240553.308014,0.6317777777777778,0.5500277777777779,0.37219275537479657,False
44.669531964,1790240553.5076656,0.6204444444444447,0.5064444444444445,0.2633405978580128,False
44.871922543000004,1790240553.7101343,0.63325,0.530888888888889,0.30941864283930676,False
45.069068932,1790240553.9072797,0.591777777777778,0.4679166666666667,0.2783576678778672,False
45.269962628,1790240554.1078877,0.63325,0.48213888888888895,0.28479729643731355,False
45.469337307,1790240554.3075056,0.7128055555555556,0.5652500000000001,0.3025529199656075,False
45.668290994,1790240554.5065413,0.9317777777777779,0.6430277777777779,0.39401686006544323,False
45.867654110000004,1790240554.7060192,0.7066666666666668,0.5695833333333334,0.3278389801009758,False
46.065206801,1790240554.9035766,0.7509999999999999,0.59375,0.27850113191447945,False
46.268731758,1790240555.1069918,0.7770833333333331,0.6034444444444443,0.30400989185399463,False
46.469014044000005,1790240555.3072689,0.7795833333333335,0.5706666666666668,0.32866618408270976,False
46.668924401000005,1790240555.5071838,0.8262499999999999,0.66525,0.34101440313214304,False
46.865385419000006,1790240555.7036064,0.7120000000000001,0.530888888888889,0.36441836932616034,False
47.668787381,1790240556.5070572,0.8593055555555555,0.6732222222222223,0.3608696567049222,False
47.868736175,1790240556.7070012,0.7580000000000001,0.5791111111111112,0.37319564039239983,False
48.068938407000005,1790240556.9072106,0.7635277777777778,0.5920000000000002,0.342836830753644,False
48.268626209000004,1790240557.1069162,0.7934722222222222,0.6494722222222223,0.33217374228456886,False
48.467866040000004,1790240557.3061543,0.787222222222222,0.6072222222222222,0.34294078256410254,False
48.668854211,1790240557.507132,0.7153611111111112,0.5406666666666667,0.3177383056102452,False
48.868721493,1790240557.7070005,0.7538055555555556,0.5404722222222224,0.4034694866209222,False
49.068642681,1790240557.9069197,0.8227777777777779,0.586527777777778,0.41987393272888274,False
49.268384961,1790240558.1066496,0.8445833333333334,0.6053333333333333,0.37677167038098813,False
49.467480936,1790240558.3057086,0.8322500000000002,0.5926944444444447,0.48013828420599436,False
49.663733513000004,1790240558.5021245,0.7372500000000002,0.5404722222222224,0.3898064961195491,False
49.868470033,1790240558.7067702,0.759,0.5333055555555557,0.3609024627795151,False
50.068202417,1790240558.9064782,0.791888888888889,0.5235555555555557,0.3828295862266192,False
50.268971159,1790240559.1072721,0.7663611111111113,0.5211111111111111,0.3460430527256033,False
50.468817084,1790240559.3070967,0.6915555555555556,0.4782222222222223,0.4438140273555714,False
50.665024972000005,1790240559.5034013,0.6993055555555555,0.543,0.32095825422552293,False
50.868309037,1790240559.706514,0.665,0.509638888888889,0.3589138174789205,False
51.069676791000006,1790240559.9077,0.7325833333333335,0.5695833333333334,0.3472164536941714,False
51.265792334000004,1790240560.1040676,0.7444444444444446,0.5571944444444445,0.3915194992648169,False
51.469051554,1790240560.3072739,0.7820833333333335,0.5674166666666668,0.3715690730532988,False
51.668480914,1790240560.5066512,0.7243055555555556,0.49030555555555566,0.39303697738953225,False
51.870081532,1790240560.708192,0.7422222222222223,0.5526388888888889,0.3586730475933665,False
52.065408322,1790240560.903674,0.788777777777778,0.5727777777777778,0.3516565840541197,False
52.267814725,1790240561.1060512,0.7764444444444445,0.5260000000000001,0.38536453999893605,False
52.469132633,1790240561.3074265,0.7845833333333334,0.5453333333333334,0.40381890858425773,False
52.666663389,1790240561.5050552,0.8277499999999999,0.59375,0.33964023668210686,False
52.866669989,1790240561.7050214,0.8205555555555555,0.5976388888888887,0.36516507407212917,False
53.066052316000004,1790240561.9042041,0.7366666666666667,0.5706666666666668,0.29572823509879664,False
53.269035074,1790240562.1073365,0.7264444444444446,0.5356944444444445,0.3505738936983246,False
53.465313584,1790240562.3035848,0.7779166666666666,0.586,0.3082592779752251,False
53.669750672000006,1790240562.5077684,0.7366666666666667,0.5995833333333336,0.3127198732826073,False
53.868237212000004,1790240562.7063162,0.8116944444444444,0.5956944444444444,0.34166798148238353,False
54.070373039,1790240562.908464,0.70275,0.4457777777777778,0.4634447954022962,False
54.269613593,1790240563.1076038,0.69525,0.44013888888888886,0.38577617839631084,False
54.470149099000004,1790240563.308151,0.7151111111111111,0.34724999999999995,0.46901652467366606,False
54.670390646,1790240563.5084352,0.862638888888889,0.5038888888888889,0.4372427137190529,False
54.870510578,1790240563.7086294,0.8244444444444446,0.4766944444444445,0.4004702535988631,False
55.069853162,1790240563.9079354,0.686888888888889,0.4302222222222223,0.37480137601315033,False
55.269518717000004,1790240564.107612,0.6849166666666666,0.363111111111111,0.39714924782117145,False
55.469988076,1790240564.3081791,0.8106666666666668,0.5523333333333335,0.4777181478079161,False
55.669341597000006,1790240564.5075438,0.8453611111111112,0.5113333333333334,0.3508936761125181,False
55.868489127000004,1790240564.706714,0.8272222222222221,0.509638888888889,0.4977708569281297,False
56.071516727,1790240564.9096155,0.7433333333333334,0.4766944444444445,0.33236475767396834,False
56.268636227,1790240565.1068735,0.772888888888889,0.5162222222222224,0.3208894941243612,False
56.469377305,1790240565.3075979,0.7854166666666668,0.43919444444444444,0.36179485202256645,False
56.668516657000005,1790240565.5067213,0.821666666666667,0.49366666666666675,0.33524245993560076,False
56.87144519300001,1790240565.7093668,0.7673055555555557,0.48400000000000004,0.3411537222194685,False
57.070030428,1790240565.908369,0.8837777777777779,0.5639166666666666,0.2982840559511255,False
57.26914222800001,1790240566.1073377,0.7895555555555557,0.49622222222222234,0.3238516860311659,False
57.46603828800001,1790240566.304413,0.7419166666666668,0.46377777777777773,0.40726833115334804,False
57.672318191,1790240566.5104978,0.7663611111111113,0.5309166666666668,0.3514652666179807,False
57.870921758,1790240566.7090287,0.7411111111111112,0.4523611111111111,0.48622868928551244,False
58.06926459500001,1790240566.9075756,0.7764444444444445,0.4766944444444445,0.3587261655994254,False
58.270311246000006,1790240567.108443,0.748888888888889,0.46088888888888896,0.3975883067039021,False
58.469668409,1790240567.3079066,0.7988888888888889,0.42024999999999996,0.4644962712770957,False
58.665718631000004,1790240567.5039802,0.7616388888888886,0.5389722222222222,0.28323299296006943,False
58.86488584600001,1790240567.7031958,0.6907500000000001,0.509638888888889,0.3776483097906208,False
59.065458379000006,1790240567.9036047,0.7506388888888889,0.5333055555555557,0.3542059193982897,False
59.268841393,1790240568.107063,0.75975,0.5840000000000001,0.27935121736221147,False
59.466412974,1790240568.3046317,0.8019999999999999,0.6015555555555555,0.3085228628050737,False
59.668865671000006,1790240568.5070536,0.7820833333333335,0.6054166666666669,0.39588921063597293,False
59.869013253000006,1790240568.7072732,0.7203333333333334,0.5727777777777778,0.2986781205961593,False
60.068451041,1790240568.9067035,0.7455555555555556,0.5688888888888891,0.4142165356708153,False
60.266084549000006,1790240569.1041465,0.7684444444444444,0.59375,0.29155859203299817,False
60.467996982,1790240569.306237,0.7754166666666666,0.6667500000000002,0.3148231475742259,False
60.669281808,1790240569.5074706,0.6549999999999999,0.5717500000000002,0.30678454628414087,False
60.868018601,1790240569.7062562,0.6697777777777778,0.5960000000000002,0.3041176131715845,False
61.069484470000006,1790240569.9076545,0.6314166666666667,0.5854444444444445,0.32605554802920556,False
61.268341211000006,1790240570.1065903,0.6511388888888889,0.5688888888888891,0.34266851118575004,False
61.469501348,1790240570.3075767,0.6891111111111112,0.5406666666666667,0.29914764720326237,False
61.669395073000004,1790240570.5076144,0.6566666666666666,0.5549166666666668,0.31158896103673317,False
61.868536138,1790240570.7067752,0.737777777777778,0.5920000000000002,0.3228511113360034,False
62.065004379,1790240570.9033256,0.7464166666666666,0.620416666666667,0.3473482695945782,False
62.268823172000005,1790240571.1070323,0.6633333333333333,0.5357777777777779,0.35881401321078155,False
62.467909757,1790240571.3061314,0.6683333333333334,0.5431111111111113,0.4078336049014122,False
62.66894395400001,1790240571.5071964,0.7053333333333334,0.5577777777777779,0.3065268803303368,False
62.869134554000006,1790240571.7073963,0.6009166666666668,0.5166666666666667,0.3076015340208462,False
63.068876871,1790240571.90709,0.651666666666667,0.5480833333333335,0.2653332829950614,False
63.269055908000006,1790240572.1072805,0.6459722222222224,0.5812222222222223,0.30636998006685334,False
63.469304996000005,1790240572.3074806,0.6368888888888891,0.5526388888888889,0.2844396612226674,False
63.66943148000001,1790240572.5076349,0.6295833333333335,0.5356944444444445,0.2837538248139644,False
63.86532055000001,1790240572.703577,0.6683333333333334,0.5800000000000003,0.43136281707748947,False
64.069303665,1790240572.9074724,0.6639722222222222,0.5717500000000002,0.3127599959395466,False
64.269276606,1790240573.1074553,0.6607500000000002,0.5770000000000002,0.28704371392443595,False
64.46936803700001,1790240573.3075306,0.6351111111111112,0.5695833333333334,0.27965265574310494,False
64.669463686,1790240573.507567,0.6822222222222223,0.5755555555555557,0.4106695541165204,False
64.86949746,1790240573.707645,0.6404444444444445,0.5284444444444445,0.2997113503012996,False
65.068445396,1790240573.9066718,0.676,0.5284444444444445,0.32338827104329615,False
65.269390476,1790240574.1075327,0.6800833333333334,0.5663333333333335,0.46026598539908037,False
65.46939430100001,1790240574.3075805,0.66,0.5688888888888891,0.34875585042599855,False
65.66855333000001,1790240574.5067747,0.6374444444444444,0.5106666666666668,0.3937527181820246,False
65.868498978,1790240574.7067351,0.6583333333333333,0.5380833333333334,0.31660610709079995,False
66.068732647,1790240574.906951,0.5626666666666666,0.5447777777777777,0.44429947115726964,False
66.26791662400001,1790240575.106154,0.6369166666666665,0.47777777777777775,0.3105731180203608,False
66.46799591700001,1790240575.3062096,0.6229166666666666,0.46377777777777773,0.32051799443359086,False
66.669034381,1790240575.5072927,0.6166666666666668,0.5599999999999999,0.26316721588183656,False
66.86897534,1790240575.707214,0.7090277777777778,0.577777777777778,0.4479715674663911,False
67.069013434,1790240575.907258,0.6728888888888888,0.5622222222222225,0.3133254254571153,False
67.268900486,1790240576.1071959,0.6720277777777777,0.5357777777777779,0.3650022252782802,False
67.86775163600001,1790240576.7059946,0.6607500000000002,0.586527777777778,0.29253059431312667,False
68.069058121,1790240576.9072993,0.6442500000000003,0.5885833333333336,0.296301042532064,False
68.269186475,1790240577.1074543,0.6277500000000003,0.590638888888889,0.3002622141620842,False
68.46906915000001,1790240577.307339,0.6386666666666668,0.5644444444444446,0.3052098924774679,False
68.668985054,1790240577.5072522,0.6386666666666668,0.5644444444444446,0.3052098924774679,False
68.86902023,1790240577.7072752,0.530888888888889,0.530888888888889,0.2509938154097271,False
69.06896821800001,1790240577.9072073,0.5804166666666667,0.5428611111111112,0.29659663788745205,False
69.270561785,1790240578.1088252,0.5804166666666667,0.5523333333333335,0.3017793921459825,False
69.470936909,1790240578.309198,0.5688888888888891,0.5688888888888891,0.29161968275975836,False
69.66884457500001,1790240578.5071473,0.6697777777777778,0.586527777777778,0.2985096634065192,False
69.87182517800001,1790240578.710073,0.6277500000000003,0.6185555555555557,0.31728999079516973,False
70.068709298,1790240578.9069111,0.5476666666666669,0.5380833333333334,0.25093968304433956,False
70.27073390800001,1790240579.1088886,0.5854444444444445,0.5476666666666669,0.2766154072435143,False
70.468774385,1790240579.3070738,0.6166666666666668,0.6073611111111112,0.29018085632520396,False
70.66992086500001,1790240579.5080342,0.6405833333333333,0.5685833333333334,0.38957922579111204,False
70.86553977,1790240579.7038233,0.6607500000000002,0.5480833333333335,0.27111025992955784,False
71.06971694,1790240579.907826,0.6713333333333334,0.5599999999999999,0.29769687441595005,False
71.26938044500001,1790240580.1076198,0.6951388888888889,0.5555555555555557,0.2847956117876169,False
71.466402896,1790240580.3047671,0.652861111111111,0.5896666666666669,0.37023358211807444,False
71.669258549,1790240580.5074494,0.6876666666666666,0.5577777777777779,0.29421746576467145,False
71.869818828,1790240580.7079365,0.7252222222222223,0.5812222222222223,0.36264550100288984,False
72.06967801,1790240580.9078512,0.6837777777777778,0.5869166666666669,0.4336993726158497,False
72.270285528,1790240581.108431,0.6533333333333334,0.6073611111111112,0.3135072041492488,False
72.468733297,1790240581.3069663,0.7795833333333335,0.5412500000000001,0.31197253889940446,False
72.66744039000001,1790240581.5058398,0.7034722222222224,0.5500000000000002,0.36901835004027705,False
72.866486234,1790240581.704794,0.7949166666666666,0.6244444444444445,0.3459158166817645,False
73.065161087,1790240581.903551,0.6466666666666667,0.5706666666666668,0.23554625381006922,False
73.269469244,1790240582.1077218,0.6543055555555556,0.5783055555555555,0.23142762323616295,False
73.468517691,1790240582.3067915,0.6466666666666667,0.5803611111111112,0.24080067837441543,False
73.668703018,1790240582.5069609,0.6999999999999998,0.5685555555555556,0.2554213384110733,False
74.070600658,1790240582.9086533,0.7333333333333333,0.59375,0.26574511858912553,False
74.274307718,1790240583.1125858,0.7519999999999999,0.586,0.2884665106878568,False
74.465097379,1790240583.3034215,0.7372500000000002,0.5500000000000002,0.3955319588288376,False
74.667914643,1790240583.5061598,0.7366666666666667,0.5706666666666668,0.29572823509879664,False
74.868455283,1790240583.706744,0.7856666666666667,0.59375,0.3049176785868978,False
75.07117062,1790240583.9092934,0.7255833333333331,0.5956944444444444,0.27492587816933267,False
75.268741976,1790240584.1069515,0.73,0.6075833333333334,0.23096188418955088,False
75.468081307,1790240584.3062074,0.7040000000000001,0.5555555555555557,0.2909202089570131,False
75.669342574,1790240584.5075104,0.6494166666666668,0.51875,0.3004218737109363,False
75.869814202,1790240584.7080235,0.63875,0.509638888888889,0.34090321633731946,False
76.06980733900001,1790240584.9080038,0.6369166666666665,0.5452500000000001,0.34609245876645767,False
76.268951148,1790240585.1072297,0.7040000000000001,0.5844722222222224,0.3073891893341998,False
76.47027642500001,1790240585.3085225,0.6905555555555555,0.6000000000000003,0.3484050101585455,False
76.67213477600001,1790240585.510141,0.6979166666666667,0.5503611111111112,0.3105986791167944,False
76.872831769,1790240585.7110653,0.7013333333333333,0.6091111111111114,0.2930167777581678,False
77.06725779700001,1790240585.9055772,0.7684444444444444,0.5643333333333334,0.2748068354249733,False
77.26836973900001,1790240586.1066694,0.7337500000000001,0.5717500000000002,0.363456955073607,False
77.467355056,1790240586.305641,0.6671944444444445,0.4991944444444445,0.3021741234372244,False
77.668835957,1790240586.5069153,0.6345833333333334,0.41325,0.38205205455017477,False
77.86905226900001,1790240586.7073433,0.6457777777777777,0.44802777777777775,0.30243187096424273,False
78.069021289,1790240586.9073207,0.6837777777777778,0.4539166666666667,0.3571810299217002,False
78.264795238,1790240587.1031141,0.68175,0.4638888888888889,0.2692604420779068,False
78.467186454,1790240587.3055174,0.6671944444444445,0.4893333333333334,0.29730141009805044,False
78.671730075,1790240587.5099516,0.7064166666666666,0.5544166666666667,0.22594336612179644,False
78.87071909000001,1790240587.7090104,0.6242222222222223,0.492,0.2839376902551938,False
79.065958869,1790240587.9042118,0.626111111111111,0.48486111111111113,0.2943685667823879,False
79.27081066800001,1790240588.1090603,0.6633333333333333,0.47777777777777775,0.32808576306825443,False
79.466768367,1790240588.3049889,0.6457777777777777,0.4177777777777777,0.2893898921327489,False
79.67205964600001,1790240588.5102663,0.616,0.40700000000000003,0.30375956717266295,False
79.870457875,1790240588.7088592,0.6100000000000002,0.5262500000000001,0.31823580351491765,False
80.070813144,1790240588.909186,0.5844444444444443,0.4431944444444444,0.32511366007538867,False
80.26533469,1790240589.1036098,0.5803333333333333,0.4990833333333334,0.4283756264243691,False
80.46812543700001,1790240589.306411,0.5912499999999999,0.5080000000000001,0.34854877292632613,False
80.668588778,1790240589.5069199,0.5447777777777777,0.4520000000000001,0.38102602167444044,False
80.86597648200001,1790240589.7041323,0.7220833333333334,0.6478611111111112,0.2630469439593235,False
81.065567267,1790240589.9037645,0.5626666666666666,0.4710000000000001,0.40157625686860765,False
81.269563331,1790240590.1078072,0.6355555555555557,0.4888888888888889,0.3672852579038667,False
81.469043282,1790240590.3073545,0.6248611111111112,0.48611111111111116,0.34561822132057207,False
81.66763604100001,1790240590.505967,0.5934166666666666,0.4916666666666668,0.35420903545703564,False
81.871186009,1790240590.709611,0.6439999999999999,0.52375,0.3256540976121467,False
82.070586428,1790240590.9089692,0.6314166666666667,0.5476666666666669,0.30432223321107676,False
82.269495125,1790240591.1076212,0.6511388888888889,0.5594722222222225,0.33713501468883433,False
82.46955122300001,1790240591.3078012,0.6511388888888889,0.5404722222222224,0.3263430150290525,False
82.665316,1790240591.503488,0.6671944444444445,0.5666666666666669,0.3388858225000748,False
82.869630814,1790240591.7075946,0.708,0.5622222222222225,0.33820887255105847,False
83.06624955400001,1790240591.9041882,0.7773333333333335,0.5476666666666669,0.4135384322424853,False
83.270828534,1790240592.1086974,0.7720277777777778,0.5070277777777779,0.4283372539214294,False
83.46826826600001,1790240592.3065388,0.7920833333333333,0.5294444444444446,0.5379681284208193,False
83.667556234,1790240592.5053942,0.7255833333333334,0.5026666666666667,0.41492652925810114,False
84.06727743600001,1790240592.9051585,0.7076388888888889,0.47075,0.36981634048318246,False
84.270699275,1790240593.1077476,0.7264444444444446,0.5453333333333334,0.35607732059698993,False
84.472853192,1790240593.311101,0.6314166666666667,0.51875,0.2889552776679185,False
84.675413569,1790240593.513714,0.708,0.543,0.3272271590962256,False
84.87211439000001,1790240593.7104144,0.7048611111111113,0.5617500000000001,0.39115031410952805,False
85.074611954,1790240593.9128656,0.5727777777777778,0.5137777777777779,0.17859105927156138,False
85.27380226400001,1790240594.1120954,0.620416666666667,0.5727777777777778,0.2338814432690084,False
85.468565576,1790240594.3069632,0.6742500000000001,0.5995833333333336,0.269084502061935,False
85.66708890400001,1790240594.505489,0.666666666666667,0.601527777777778,0.2785696851388815,False
85.87458476900001,1790240594.712874,0.6960000000000001,0.61125,0.2369584027423952,False
86.069990792,1790240594.9083922,0.6314166666666667,0.5380833333333334,0.29911073567329916,False
86.27189658100001,1790240595.1102953,0.5988611111111113,0.5333333333333334,0.3023422805619551,False
86.471176473,1790240595.3095727,0.6575277777777779,0.620416666666667,0.28395847468086255,False
86.67199189200001,1790240595.510381,0.815,0.7056666666666668,0.285993315823039,False
86.872127309,1790240595.7105289,0.5595833333333335,0.5133333333333334,0.3579514970318971,False
87.07234829900001,1790240595.910746,0.7215555555555556,0.5555555555555557,0.30339797063307594,False
87.271663816,1790240596.1100607,0.7666666666666666,0.6094166666666667,0.27178137120011736,False
87.47213959700001,1790240596.3105416,0.6220000000000001,0.456,0.36764813509061944,False
87.67231417900001,1790240596.5106957,0.7140833333333334,0.5674166666666668,0.3183058931395969,False
87.864858001,1790240596.7030675,0.7825555555555554,0.6155555555555556,0.2596644000641779,False
88.071378182,1790240596.9097981,0.789861111111111,0.6893333333333334,0.28386074738258626,False
88.271326149,1790240597.1097386,0.6350833333333332,0.52375,0.3198188446913386,False
88.47138463600001,1790240597.309781,0.6979166666666667,0.5980000000000002,0.3386424565288476,False
88.667284095,1790240597.5055811,0.6909722222222222,0.61675,0.27697662508753806,False
88.866319192,1790240597.7045515,0.8013333333333333,0.6573333333333334,0.32934157512656514,False
89.065703822,1790240597.904001,0.44933333333333336,0.4991944444444445,0.18693914713015003,False
89.265159546,1790240598.1034114,0.7360833333333335,0.4694444444444445,0.33677456430535657,False
89.47046409500001,1790240598.3088226,0.7302500000000001,0.46580555555555564,0.2645000618476212,False
89.66565907100001,1790240598.5038347,0.5756666666666665,0.39675000000000005,0.3494226352427233,False
89.86677777,1790240598.7051144,0.6405833333333333,0.3626666666666666,0.2897396959474037,False
90.065475469,1790240598.9036627,0.8311111111111111,0.5929166666666666,0.18743353125462958,False
90.265287599,1790240599.1034985,0.63325,0.4522222222222223,0.27112221365781486,False
90.46564150200001,1790240599.3037894,0.8391388888888888,0.65025,0.19821923112884154,False
90.665902071,1790240599.5040684,0.8579166666666667,0.6562500000000001,0.27363996056181383,False
90.865390605,1790240599.7036855,0.63875,0.441,0.3074691755416359,False
91.06526836,1790240599.9035065,0.6583333333333333,0.4084444444444444,0.2560793334622158,False
91.26502470800001,1790240600.1033006,0.632,0.39366666666666666,0.4105043251619739,False
91.464693607,1790240600.3030493,0.5822499999999999,0.37324999999999997,0.33161506878721003,False
91.66935862000001,1790240600.5075006,0.9177777777777778,0.6999166666666667,0.1775470565143915,False
91.868228036,1790240600.7064369,0.8821111111111112,0.7210833333333335,0.17664840141511795,False
92.06552895600001,1790240600.9037178,0.8913055555555556,0.6859722222222223,0.21897432177801246,False
92.26499301000001,1790240601.1033535,0.7026666666666668,0.5336666666666667,0.26507998161962076,False
92.46490451300001,1790240601.3032627,0.5422222222222223,0.39022222222222225,0.3394680229100411,False
92.665380966,1790240601.5036724,0.5027777777777779,0.4165277777777777,0.3170864145244785,False
92.86909607800001,1790240601.7072837,0.49575,0.4764166666666667,0.2680798978495369,False
93.06563756700001,1790240601.9039297,0.590638888888889,0.4739722222222223,0.2188450455675528,False
93.269435336,1790240602.1076005,0.7411111111111112,0.5112500000000001,0.32108337510916984,False
93.664498007,1790240602.5028348,0.6034444444444443,0.5141944444444443,0.14611141102288183,False
93.865440815,1790240602.7037148,0.8717777777777778,0.44400000000000006,0.5219463346446858,False
94.06554726600001,1790240602.903807,1.0270277777777777,0.6270277777777777,0.5273745347402137,False
94.26962805500001,1790240603.1077812,0.9794444444444446,0.5883333333333333,0.3592808765971629,False
94.465974958,1790240603.3041596,0.82,0.5466666666666666,0.31976760125184844,False
94.664529422,1790240603.5028193,0.8915833333333334,0.6433333333333334,0.2649631011676714,False
94.86475915300001,1790240603.703046,0.8844444444444445,0.5565833333333333,0.38344502742775266,False
95.065488105,1790240603.903777,0.8395277777777778,0.7007777777777778,0.24429946646203415,False
95.268867172,1790240604.1071124,0.917,0.64875,0.24651320013015843,False
95.46624819200001,1790240604.304461,0.9163333333333334,0.6577500000000001,0.3418256110069411,False
95.668501733,1790240604.506689,0.8744166666666666,0.6013333333333334,0.2117933490013133,False
95.866336453,1790240604.7044303,0.79275,0.62875,0.30369639416491123,False
96.068437024,1790240604.9065886,0.8177500000000003,0.7210833333333335,0.12896466155419173,False
96.26557986600001,1790240605.1037607,0.771666666666667,0.6834166666666668,0.1025559657012034,False
96.468912629,1790240605.3071706,0.7732222222222224,0.655888888888889,0.11444647506161632,False
96.669106524,1790240605.5074646,0.6974722222222223,0.5902222222222222,0.14844877333943307,False
97.06549414300001,1790240605.903781,0.7479999999999999,0.6270277777777777,0.25490088226280583,False
97.26563605800001,1790240606.1038444,0.7117777777777778,0.5879166666666666,0.20792564899761357,False
97.46912767500001,1790240606.3073442,0.6398055555555556,0.6201388888888889,0.13082225065309228,False
97.66895578600001,1790240606.507184,0.6075833333333334,0.6075833333333334,0.156940515060082,False
97.865639406,1790240606.7039444,0.6072222222222222,0.5488888888888888,0.1889634747255935,False
98.069106022,1790240606.9073164,0.6478611111111112,0.5500833333333334,0.16242173583583042,False
98.268850748,1790240607.107097,0.63325,0.41155555555555556,0.2541910010946751,False
98.46977511300001,1790240607.3078916,0.66525,0.5479166666666666,0.1588909938621601,False
98.664279764,1790240607.5026278,0.6433333333333334,0.5266666666666666,0.18606802521678012,False
98.869584825,1790240607.7077756,0.6667500000000002,0.58,0.1884945175573809,False
99.07393503700001,1790240607.9121132,0.6622500000000001,0.6333333333333334,0.1762501050550045,False
99.265653583,1790240608.10379,0.6494722222222223,0.5422222222222222,0.17204570381148732,False
99.46563487,1790240608.3039577,0.5898611111111111,0.529861111111111,0.12198850916858017,False
99.668694868,1790240608.506983,0.64,0.5721388888888889,0.18144866375253588,False
99.864473794,1790240608.7028766,0.6713333333333334,0.5599999999999999,0.29769687441595005,False
100.06497862600001,1790240608.9033706,0.6697500000000001,0.5643333333333334,0.20777162351965583,False
100.268207634,1790240609.1064217,0.6761111111111112,0.5898611111111111,0.1993921520219546,False
100.467950325,1790240609.3062167,0.6510833333333335,0.5141944444444443,0.17230564142670968,False
100.67006094300001,1790240609.508103,0.6526666666666667,0.5940000000000001,0.14948262845699634,False
100.86965254100001,1790240609.7077386,0.6880000000000001,0.6201388888888889,0.15851686018248423,False
101.070735342,1790240609.9086747,0.79275,0.6191111111111112,0.29767826043791445,False
101.27361216000001,1790240610.1116564,0.7720833333333332,0.612,0.22252919928710435,False
101.469615669,1790240610.307751,0.79275,0.5601111111111111,0.26355271204470965,False
101.67436733800001,1790240610.5125663,0.9084166666666667,0.65175,0.2702422142939527,False
101.86864037100001,1790240610.7068722,0.8750833333333333,0.6184166666666667,0.2791229329095932,False
102.06862202,1790240610.9068246,0.8426388888888889,0.635,0.32003331539684543,False
102.26947643400001,1790240611.107512,0.8086388888888888,0.5659722222222222,0.25148743877367763,False
102.467568752,1790240611.3058746,0.7606944444444443,0.5466666666666666,0.2730630410064534,False
102.66894321900001,1790240611.5071797,0.7848888888888887,0.5118055555555555,0.24638502981343602,False
103.06928344500001,1790240611.9074557,0.7845833333333334,0.5064444444444445,0.3812818616425854,False
103.268632174,1790240612.1068895,0.8686666666666667,0.57625,0.38051418731868303,False
103.46425333500001,1790240612.3025806,0.7934444444444446,0.5090000000000001,0.40481012428633534,False
103.668837658,1790240612.5070364,0.7548611111111112,0.5333333333333334,0.4144830557873812,False
103.86489632,1790240612.703251,0.8222222222222223,0.5555555555555557,0.3846811255221989,False
104.06973205000001,1790240612.9078,0.7837500000000001,0.39175000000000015,0.31274730944909546,False
104.46555261900001,1790240613.303804,0.7701388888888892,0.5688888888888891,0.43550504690903347,False
104.669282666,1790240613.50746,0.883888888888889,0.7469999999999999,0.4430685954530752,False
104.86502731600001,1790240613.703332,0.8623611111111112,0.5309166666666668,0.4378162567649717,False
105.06916137600001,1790240613.9073539,0.7395833333333335,0.5070277777777779,0.40064505026253205,False
105.265205245,1790240614.103509,0.6382222222222224,0.412888888888889,0.5756415524798327,False
105.46993571200001,1790240614.308036,0.7522222222222222,0.5455555555555556,0.4941272655080513,False
105.66594109200001,1790240614.5039952,0.7337777777777779,0.5312500000000001,0.4386965631442622,False
105.86816613200001,1790240614.7063394,0.8764166666666666,0.7154444444444443,0.47535882148508424,False
106.06840356000001,1790240614.906592,1.1089166666666668,0.9573333333333335,0.34275566584190365,False
106.264583731,1790240615.1028283,1.0906666666666667,0.8813333333333334,0.39302823760726846,False
106.464690949,1790240615.3030665,1.1746944444444445,0.9760000000000001,0.44558969915423086,False
106.66891990200001,1790240615.5071871,1.074416666666667,0.8364166666666668,0.4597405245335757,False
106.86491304100001,1790240615.703274,1.3033333333333337,1.096666666666667,0.5282847387511094,False
107.065116614,1790240615.9034672,1.386111111111111,1.2364166666666667,0.5584005029375965,False
107.26542096700001,1790240616.1036584,1.3888888888888886,1.019472222222222,0.2647396257760699,False
107.46619105100001,1790240616.3042588,1.5131111111111109,1.1729166666666664,0.4616317882411959,False
107.66907458200001,1790240616.507315,1.4703333333333335,1.076,0.33877999974569395,False
107.865548086,1790240616.7036498,1.2120833333333334,0.8294166666666667,0.2943549402939867,False
108.06784927000001,1790240616.9060755,0.9653333333333335,0.6233333333333334,0.3203637863415264,False
108.269551389,1790240617.107653,1.0130277777777779,0.6666666666666665,0.21085800879491723,False
108.47309940000001,1790240617.3112864,0.7398888888888889,0.39999999999999997,0.444100220762521,False
108.669661653,1790240617.5077734,0.6666388888888889,0.37988888888888883,0.37735325074015846,False
108.86813047700001,1790240617.7063236,1.4833333333333332,1.1269166666666666,0.4442657838960091,False
109.068313058,1790240617.9065297,0.7350000000000002,0.39686111111111105,0.383552370024531,False
109.26762417600001,1790240618.1058145,0.8147500000000001,0.48875000000000013,0.35506303120260985,False
109.469564628,1790240618.3077178,0.8673333333333334,0.5840277777777778,0.29543818324961246,False
109.667729022,1790240618.5061269,0.7419166666666668,0.4833333333333334,0.4177026869523456,False
109.87081640500001,1790240618.7090015,0.746,0.34724999999999995,0.4966311945936662,False
110.070183721,1790240618.9084463,0.6115555555555556,0.18463888888888885,0.5834050773421484,False
110.26558977,1790240619.1036727,0.6769722222222222,0.5675555555555555,0.5794520823029667,False
110.471665654,1790240619.30998,0.6635555555555555,0.5148055555555556,0.4854023909558207,False
110.66500893400001,1790240619.5033882,0.8526666666666666,0.6244444444444445,0.3971552229989783,False
110.87046367,1790240619.7087631,0.8205555555555555,0.6543055555555556,0.40391249299186804,False
111.071323178,1790240619.9095776,0.7302500000000001,0.6682222222222224,0.3820054470595182,False
111.273877068,1790240620.1120582,0.8147500000000001,0.5577777777777779,0.39409360962774753,False
111.470039473,1790240620.308197,0.8618055555555558,0.5940000000000002,0.4473833309079749,False
111.665824377,1790240620.503979,0.9156666666666667,0.6191111111111112,0.40856520841156263,False
111.86998796,1790240620.7080412,0.9,0.6622500000000001,0.3759194096292252,False
112.068863918,1790240620.907211,0.8680000000000001,0.62875,0.3685229806914184,False
112.27086816900001,1790240621.109127,0.8673333333333334,0.5333333333333333,0.2676296960661624,False
112.467069479,1790240621.3053594,0.9,0.7421944444444444,0.5259538730567782,False
112.667726954,1790240621.506009,0.8523333333333334,0.6697500000000001,0.41401872119728833,False
112.867476091,1790240621.7058337,0.7580000000000001,0.5406666666666667,0.3502550049852564,False
113.069717999,1790240621.9079053,0.7395833333333335,0.4177777777777777,0.3558717134570021,False
113.26686686400001,1790240622.105093,0.7663611111111113,0.4813333333333334,0.3253673155497169,False
113.46477443100001,1790240622.3031125,0.70275,0.4066666666666666,0.4437496512571676,False
113.67000041200001,1790240622.5081346,0.7854166666666668,0.3980833333333333,0.3436264749354233,False
113.870100123,1790240622.7083435,0.7454166666666667,0.4034166666666667,0.4224984409637149,False
114.06920035,1790240622.9074345,0.7422222222222223,0.40222222222222237,0.2852470956976161,False
114.268264431,1790240623.1064677,0.7600000000000001,0.5162500000000001,0.36619812727752576,False
114.469062737,1790240623.3071845,0.821666666666667,0.49366666666666675,0.33524245993560076,False
114.66997802300001,1790240623.5083418,0.761,0.41875,0.3327733267222206,False
114.87292540000001,1790240623.7112048,0.8153611111111113,0.44066666666666665,0.3461136611857035,False
115.066533625,1790240623.9048078,0.7812500000000001,0.48613888888888895,0.3121652880112603,False
115.26657151100001,1790240624.1046119,0.8123055555555554,0.4987499999999998,0.30209814013923175,False
115.466120332,1790240624.304311,0.7601388888888889,0.3899999999999999,0.4151334170629082,False
115.668004267,1790240624.5061743,0.759,0.4435555555555556,0.3153287507315944,False
115.87279602500001,1790240624.7110934,0.7200000000000001,0.44013888888888886,0.40513813440975477,False
116.06935405300001,1790240624.9074218,0.7820833333333335,0.4583333333333334,0.3131483316740161,False
116.26815943300001,1790240625.1064005,0.7131944444444446,0.5011944444444446,0.44644401866567385,False
116.464494281,1790240625.3028321,0.8066666666666669,0.5480833333333335,0.3810366989856935,False
116.668962027,1790240625.5069985,0.7243055555555556,0.509638888888889,0.4037580320452202,False
116.87272320800001,1790240625.709817,0.8060000000000002,0.6315555555555556,0.4202264039840059,False
117.069087588,1790240625.9073231,0.788,0.5900000000000002,0.3471852226166935,False
117.26833583300001,1790240626.1066198,0.8445833333333334,0.5956944444444444,0.37052319990567817,False
117.470114452,1790240626.3080633,0.7644722222222223,0.5555555555555557,0.335925186439364,False
117.669464937,1790240626.507506,0.8292500000000002,0.5995833333333336,0.3890970063234568,False
117.869460789,1790240626.7077472,0.7957777777777779,0.5070277777777779,0.4499643766542547,False
118.069421797,1790240626.9075506,0.7773333333333335,0.51875,0.3963123734448454,False
118.268380769,1790240627.106538,0.6276388888888889,0.4863055555555556,0.4819680129786347,False
118.465004523,1790240627.303323,0.63175,0.46444444444444466,0.5002604827040924,False
118.671917121,1790240627.5102973,0.7200000000000001,0.5362500000000001,0.45920517514675463,False
118.873747093,1790240627.7119927,0.7255833333333334,0.5685833333333334,0.45575961986858016,False
119.06947428100001,1790240627.9077926,0.7133333333333335,0.5711111111111113,0.4036810532399825,False
119.27008039500001,1790240628.1084728,0.8922500000000001,0.6986666666666667,0.49510570483517,False
119.471148228,1790240628.3094175,0.7776944444444446,0.22866666666666663,0.40166659494606227,False
119.671638611,1790240628.5099216,0.7395833333333335,0.27000000000000013,0.30349787102306947,False
119.87063128000001,1790240628.7088852,0.6915555555555556,-0.1439999999999998,0.3299407680042178,False
120.066964407,1790240628.9051437,0.8526666666666666,0.05533333333333328,0.20364340756404542,False
120.26603926300001,1790240629.104126,0.8364444444444444,-0.08430555555555534,0.1930432417386425,False
120.46787287900001,1790240629.3060105,0.9,0.4704722222222223,0.32186100777175664,False
120.665441791,1790240629.5036197,0.9,0.5516666666666666,0.2914049926313891,False
120.86571659900001,1790240629.703712,0.8533333333333336,0.4911111111111111,0.34735520850348856,False
121.06968345400001,1790240629.9074252,0.8691111111111114,0.5113333333333334,0.37259280854339305,False
121.271113474,1790240630.1089594,0.8386666666666668,0.5186666666666667,0.39268356616276856,False
121.473716103,1790240630.3120003,0.8609722222222221,0.5685555555555556,0.3835550137577043,False
121.671060951,1790240630.5094163,0.8533333333333336,0.5412500000000001,0.37492126836564776,False
121.87260451300001,1790240630.7110054,0.8920277777777778,0.5070277777777776,0.3039531756817013,False
122.071918275,1790240630.9103324,0.8546666666666668,0.5309166666666668,0.4301883066177805,False
122.27392991200001,1790240631.1120942,0.808,0.39175000000000015,0.33249395996717424,False
122.47108939300001,1790240631.3095012,0.7920833333333333,0.4820833333333333,0.5071572332563172,False
122.671292324,1790240631.5097077,0.8842222222222222,0.4494722222222222,0.2978893358620456,False
122.871498692,1790240631.7099018,0.9324444444444445,0.568,0.3008386726735812,False
123.066378998,1790240631.9041443,0.9240833333333334,0.5414166666666665,0.3077611244709716,False
123.26802860100001,1790240632.1063187,0.9490000000000001,0.5536388888888888,0.2787835779278338,False
123.467813508,1790240632.306088,0.9486666666666668,0.5139166666666667,0.272371071214041,False
123.66455095600001,1790240632.5028796,0.9160000000000001,0.49177777777777787,0.2892583825309505,False
123.86567217000001,1790240632.7036912,0.9306666666666665,0.5141944444444443,0.3892510615663476,False
124.06801214000001,1790240632.9063745,0.9079722222222223,0.48375000000000007,0.2924423683119466,False
124.26564599700001,1790240633.1038063,1.2762499999999999,0.8699166666666667,0.39527300772246443,False
124.46526616300001,1790240633.3033745,0.869777777777778,0.47866666666666674,0.40001953381966526,False
124.668962335,1790240633.5071554,0.93875,0.529861111111111,0.37566475755162354,False
124.865096758,1790240633.7034547,0.9,0.5537777777777777,0.30711019098819115,False
125.068887305,1790240633.907111,0.932888888888889,0.684,0.3450851760561814,False
125.26584204400001,1790240634.1041274,0.9245833333333334,0.5965833333333334,0.2953438468256362,False
125.46536970800001,1790240634.3036294,0.9401388888888889,0.5902222222222222,0.336321320151874,False
125.66509539500001,1790240634.5034084,0.9493333333333334,0.6826666666666668,0.3445773477437096,False
125.868670784,1790240634.706877,0.9244166666666667,0.648,0.342947323085668,False
126.069081577,1790240634.907257,0.9322222222222223,0.5598055555555556,0.3108187889146917,False
126.264979123,1790240635.1032999,0.9811111111111113,0.6233333333333334,0.3361657075980976,False
126.46514939400001,1790240635.3034742,0.8684444444444445,0.399,0.27696371182954604,False
126.66492726700001,1790240635.5032248,0.8533333333333336,0.4185833333333335,0.3133337873030325,False
126.86942062700001,1790240635.707641,0.8066666666666669,0.43777777777777777,0.32366014822048805,False
127.06778896300001,1790240635.906065,1.0000000000000002,0.6253055555555556,0.27892558440074633,False
127.27062299400001,1790240636.1087792,0.8606944444444444,0.67125,0.4393441391575441,False
127.46962091500001,1790240636.3076832,0.9644444444444445,0.57625,0.3212851022487465,False
127.67010811300001,1790240636.5082753,1.0151111111111113,0.19836111111111104,0.14557273867188547,False
127.86848478200001,1790240636.7066329,1.0324444444444445,0.6236944444444444,0.2950304934452299,False
128.075495547,1790240636.9136744,1.01875,0.357638888888889,0.25873016818198313,False
128.268195995,1790240637.1064124,1.0262222222222221,0.27655555555555544,0.24151760746404372,False
128.46617203600002,1790240637.3044336,1.042138888888889,0.25780555555555545,0.12714756606377664,False
128.66590068800002,1790240637.5040438,1.0237500000000002,0.2679722222222224,0.15382077072681022,False
128.865380329,1790240637.7035847,1.0411944444444448,0.5906666666666669,0.26877402197825084,False
129.066097683,1790240637.9042907,1.0578055555555557,0.5460000000000002,0.24594525444083204,False
129.271190991,1790240638.1094213,1.067777777777778,0.5853333333333335,0.24675002673969226,False
129.465284099,1790240638.3035474,1.07325,0.4348888888888891,0.21045601657345303,False
129.668721462,1790240638.5069854,0.9227499999999998,0.681888888888889,0.5332145145414682,False
129.865124371,1790240638.7034223,1.006527777777778,0.7747777777777779,0.4292410048564207,False
130.06515792000002,1790240638.9034297,1.0000277777777777,0.7093333333333334,0.5258613393615704,False
130.265310166,1790240639.1035438,0.8556666666666667,0.5090000000000001,0.46408519838708706,False
130.46608168400002,1790240639.3041797,0.9727500000000001,0.4687500000000001,0.2588319660112497,False
130.664418402,1790240639.5027432,0.9986666666666667,0.6587777777777778,0.3303213272454315,False
130.866061487,1790240639.7042048,1.0500000000000003,0.5994722222222224,0.2674143837996046,False
131.06872593,1790240639.9070456,0.9420833333333334,0.5454166666666668,0.2106884500852031,False
131.26896505000002,1790240640.1070964,1.0151111111111113,0.24724999999999997,0.15504721948948252,False
131.465834417,1790240640.3039637,1.036,0.6795833333333334,0.2719092972623691,False
131.665500149,1790240640.5037937,1.1123333333333334,0.7604166666666669,0.4371668477561197,False
131.865081298,1790240640.7033179,0.95775,0.8395277777777778,0.47035667432353423,False
132.06587193000001,1790240640.9041345,1.1833333333333333,0.8719166666666668,0.5072935293495386,False
132.269855283,1790240641.1079006,0.9777777777777777,0.7185833333333335,0.5062187893761241,False
132.46565756200002,1790240641.303944,0.8680000000000001,0.499111111111111,0.2930918121469903,False
132.66911086000002,1790240641.5072987,1.0556944444444445,0.6544444444444444,0.33973352182587446,False
132.86950128200002,1790240641.7074704,0.9864722222222221,0.6299999999999999,0.4106898433145213,False
133.069435035,1790240641.907543,0.8373333333333334,0.3973611111111113,0.2911010772800715,False
133.265676117,1790240642.103818,0.9737500000000001,0.7855277777777779,0.4367752043415889,False
133.469558218,1790240642.3076372,0.6962222222222223,0.3192499999999998,0.41554872673281185,False
133.66367892600002,1790240642.5020885,0.8355555555555555,0.5721388888888889,0.31887615185378637,False
133.864992007,1790240642.7033858,0.75,0.4930277777777778,0.42998643094517996,False
134.06814874,1790240642.906452,0.9162222222222222,0.8155555555555555,0.4898728647251457,False
134.268975985,1790240643.1072857,0.9986666666666667,0.7080833333333334,0.3657179858605625,False
134.468360307,1790240643.3066828,0.9662222222222222,0.7188888888888889,0.3563298337257613,False
134.66447263700002,1790240643.502855,0.8916944444444445,0.7139166666666668,0.3432847807197438,False
134.86867031100002,1790240643.7068133,0.9500000000000001,0.670138888888889,0.3053574161545438,False
135.069421877,1790240643.9075336,0.9326666666666666,0.33791666666666675,0.18822429632691762,False
135.269792817,1790240644.1077282,0.9162222222222222,0.7712499999999999,0.4475856189586118,False
135.46848468800002,1790240644.3067377,0.9626666666666667,0.84225,0.6170740696174374,False
135.67001354800001,1790240644.507962,0.9333333333333333,0.22166666666666654,0.12095259731519792,False
135.875238048,1790240644.7134125,0.9,0.8833333333333333,0.506386604055714,False
136.06550847900002,1790240644.9036834,0.9401388888888889,0.9,0.6165975785828929,False
136.26816348900002,1790240645.1063347,0.9490000000000001,0.8576388888888888,0.5165113043154789,False
136.469731203,1790240645.3078933,0.9657777777777778,0.5910833333333333,0.2859517876322779,False
136.666304262,1790240645.5045764,0.9,0.9648888888888889,0.5865650470443957,False
136.865914989,1790240645.7040334,0.9966666666666668,0.6826666666666668,0.3940630387395725,False
137.067300827,1790240645.905504,0.9083055555555556,0.9569722222222223,0.5864278707502829,False
137.267226399,1790240646.1056194,0.9,0.37200000000000033,0.17229613816392408,False
137.468869997,1790240646.307063,0.9335555555555556,0.05513888888888904,0.08907732384620992,False
137.66901192400002,1790240646.507207,0.9333333333333333,0.9737500000000001,0.5992148500511097,False
137.86866233700002,1790240646.7069182,0.9500000000000001,0.029250000000000293,0.10102358759648666,False
138.07294995700002,1790240646.909211,0.9657777777777778,0.6115277777777777,0.29814818413260835,False
138.26474924500002,1790240647.1030834,0.9506666666666668,0.5855833333333336,0.2249069581607781,False
138.466164873,1790240647.3044682,0.9850000000000002,0.6530000000000001,0.2513027128861258,False
138.665442055,1790240647.5036774,0.9772500000000001,0.6100000000000002,0.20410655741536643,False
138.86882706600002,1790240647.7070825,0.942638888888889,0.5942222222222224,0.20824367381196063,False
139.068017269,1790240647.9062986,0.9593055555555556,0.6355555555555557,0.24671846741589754,False
139.265067202,1790240648.1034591,0.9565833333333333,0.57625,0.3136003528544382,False
139.46865346200002,1790240648.3069355,0.9727500000000001,0.7222222222222223,0.41560614021331266,False
139.66855950000001,1790240648.5068376,0.9506666666666668,0.7069166666666669,0.3004992669948773,False
139.865069535,1790240648.7034047,0.92525,0.8828888888888888,0.46016689314093884,False
140.065119428,1790240648.9034393,0.958138888888889,0.87425,0.4884848694578977,False
140.26471801600002,1790240649.1031039,1.0931111111111111,1.0259999999999998,0.5199153259001738,False
140.468686308,1790240649.3069842,1.0143333333333333,0.9085277777777778,0.580760703315606,False
140.66882979300001,1790240649.5071442,1.0755555555555556,0.9728888888888887,0.45202154697768226,False
140.86753405500002,1790240649.7058113,1.2135555555555555,1.0740000000000003,0.44987829484229336,False
141.068463481,1790240649.9067395,0.6993333333333334,0.41666666666666663,0.4877058551375755,False
141.264614502,1790240650.1030238,0.851,0.728888888888889,0.39550014502249875,False
141.46915092100002,1790240650.3074574,0.8123055555555554,0.5976388888888887,0.35798755692866,False
141.668426694,1790240650.5067143,0.6766666666666666,0.3115833333333335,0.3720247586217017,False
141.864294589,1790240650.7026887,0.70725,0.591361111111111,0.6125485662496354,False
142.068761267,1790240650.9069972,0.69825,0.30391666666666667,0.3596906906649163,False
142.268403968,1790240651.1066914,0.7691944444444446,0.6131944444444446,0.4500985469254266,False
142.464506499,1790240651.302896,0.7963611111111112,0.7366666666666667,0.4633213263551539,False
142.66894552000002,1790240651.5072553,0.8211111111111112,0.4291111111111113,0.29077247484481283,False
142.86911895100002,1790240651.707407,0.9315555555555556,0.5457499999999998,0.34713002754122835,False
143.06820211800002,1790240651.9065158,0.7588888888888888,0.15800000000000036,0.42363041225691356,False
143.26890180200002,1790240652.1071806,1.0026666666666668,0.5440000000000003,0.17807150158508067,False
143.46955664,1790240652.3076112,0.9155555555555556,0.6304722222222223,0.4326115047468462,False
143.66989569700002,1790240652.5078876,0.9244166666666667,0.7884166666666665,0.4548651077424911,False
143.869346416,1790240652.7074533,0.8043055555555557,0.47075,0.4520100172746915,False
144.071395427,1790240652.9096608,1.0374166666666667,0.7080833333333334,0.4089418353565366,False
144.271287658,1790240653.109676,1.0666666666666669,0.8364166666666668,0.44992389638077457,False
144.471657547,1790240653.3099725,0.9503333333333334,0.4916666666666668,0.19242135970196483,False
144.670663108,1790240653.5090647,0.7325555555555556,0.33822222222222237,0.33223552120376265,False
144.871141434,1790240653.709549,0.7992500000000002,0.39911111111111125,0.31470321299232185,False
145.07162319900002,1790240653.910012,0.8441944444444445,0.09999999999999984,0.1876440587792345,False
145.270968864,1790240654.1093707,0.8395555555555557,0.45375,0.38804747566783804,False
145.472269068,1790240654.3106647,0.8839999999999999,0.6173333333333333,0.3606685592637946,False
145.67197067200001,1790240654.5103836,0.7407500000000001,0.30630555555555566,0.32785477209636915,False
145.87173550600002,1790240654.7101426,0.958138888888889,0.4055555555555559,0.17821813129432784,False
146.07216435200002,1790240654.9105659,0.9165555555555556,0.6048888888888889,0.2782195217763199,False
146.27222168600002,1790240655.110633,0.9800000000000001,0.8493333333333333,0.5662882794387916,False
146.47140078700002,1790240655.3098202,1.0000000000000002,0.5197500000000002,0.2213619988615274,False
146.670495773,1790240655.5088904,1.7570833333333338,1.080416666666667,0.42652533745327825,False
146.872370093,1790240655.7107604,1.1364444444444446,1.0404444444444445,0.6822869738170899,False
147.073519358,1790240655.9118283,1.104,0.9974722222222222,0.5867446699147203,False
147.272407988,1790240656.1108136,1.10125,0.7426666666666665,0.25511021647150645,False
147.47117542,1790240656.3095748,1.25425,0.7848055555555558,0.22304262968809407,False
147.670783532,1790240656.509189,0.9938055555555557,0.6100000000000002,0.21909735972803124,False
147.87083425,1790240656.7092311,0.8211111111111112,0.2991111111111115,0.244912758858419,False
148.07084533300002,1790240656.9092467,0.9,0.6057499999999999,0.3530750095704518,False
148.272391577,1790240657.1107967,0.9919722222222223,0.4086388888888891,0.1674783141912204,False
148.470945934,1790240657.3093534,0.8364444444444444,0.4444444444444445,0.282684991184887,False
148.669840709,1790240657.508198,0.9081388888888889,0.6495555555555556,0.3438298588982358,False
148.87158627600002,1790240657.709987,0.9907500000000001,0.7654166666666667,0.4032549058462107,False
149.072677153,1790240657.9110777,0.837777777777778,0.5435277777777778,0.37679582439978154,False
149.27097973800002,1790240658.1093848,0.8184166666666669,0.5617500000000001,0.4918966048690169,False
149.46998821100001,1790240658.3083243,0.9235833333333334,0.5977777777777776,0.38645987784665403,False
149.67136268200002,1790240658.5097399,0.9653333333333335,0.6729166666666667,0.3537364451286432,False
149.87253064200002,1790240658.7109349,0.9939999999999999,0.6880000000000001,0.4636268775241519,False
150.070841559,1790240658.909247,0.9239166666666667,0.6333333333333334,0.3792574290582389,False
150.27089420200002,1790240659.109297,1.2015833333333334,0.9786666666666667,0.36484811468344314,False
150.471197001,1790240659.309592,0.9160000000000001,0.6526666666666667,0.38486600859643416,False
150.672692982,1790240659.5111117,0.8441944444444445,0.5544166666666667,0.3304857403362458,False
150.87116166,1790240659.7095652,0.8915833333333334,0.5619999999999999,0.21864198355853381,False
151.072813319,1790240659.911215,0.9,0.49986111111111114,0.2647517835809785,False
151.27127944400002,1790240660.1096873,0.8919166666666668,0.406,0.23128644636543427,False
151.470390571,1790240660.3087792,0.9585277777777779,0.5665277777777779,0.23610584350013109,False
151.67264072100002,1790240660.51106,0.9506666666666668,0.5540000000000002,0.20829633650477808,False
151.871998568,1790240660.7104151,0.7435555555555555,0.4962500000000001,0.5451748061289496,False
152.071127351,1790240660.909541,0.8159722222222224,0.3493055555555557,0.3229764785739534,False
152.27074327100001,1790240661.1090977,0.8513333333333333,0.46525,0.24944110443271428,False
152.472316803,1790240661.3107262,0.883888888888889,0.47322222222222227,0.2663650738806149,False
152.672097411,1790240661.5104942,0.9585277777777779,0.6183333333333333,0.2653559123460456,False
152.871047287,1790240661.70946,0.8919166666666668,0.48125000000000007,0.2629932029045219,False
153.071105135,1790240661.9095137,0.8680000000000001,0.41466666666666674,0.2554773551734002,False
153.270756992,1790240662.1091638,0.8677777777777778,0.5275833333333333,0.29326391006185215,False
153.47243333600002,1790240662.3108292,0.958138888888889,0.558,0.2457202128472893,False
153.67223873400002,1790240662.5106342,1.0000000000000002,0.5837500000000001,0.25461206363379163,False
153.871626944,1790240662.7100458,0.9919722222222223,0.615,0.26493183299866363,False
154.071382655,1790240662.9097993,0.958138888888889,0.7662500000000001,0.38581686347933264,False
154.27224540100002,1790240663.110653,0.9483333333333334,0.6184166666666667,0.34678191620291976,False
154.47098907600002,1790240663.3093905,0.9156666666666667,0.5700833333333334,0.37644190837223945,False
154.669884262,1790240663.5082486,0.9483333333333334,0.7056666666666668,0.4094392528050408,False
154.872479879,1790240663.7108953,0.9333333333333333,0.7104166666666667,0.3332544033660608,False
155.071051105,1790240663.9094658,0.8595833333333334,0.6746666666666667,0.3775893637080914,False
155.272282445,1790240664.1106846,0.8250000000000002,0.5947500000000002,0.49027940775845424,False
155.47171851800002,1790240664.3101056,0.8764166666666666,0.59375,0.38383693378913786,False
155.66548680900002,1790240664.5034614,0.8919722222222222,0.5859722222222222,0.33324144194742145,False
155.872624785,1790240664.7109575,0.7963611111111112,0.6091111111111114,0.36635518796982325,False
156.07270966200002,1790240664.9111197,0.8609722222222221,0.5488888888888888,0.371642407142566,False
156.272621622,1790240665.11103,0.7682500000000002,0.3739166666666668,0.3069852650192503,False
156.471118002,1790240665.309514,0.8759166666666667,0.5579999999999999,0.31699135657128874,False
156.67111824300002,1790240665.5095246,0.9415277777777779,0.5910833333333333,0.26339692421428973,False
156.87119067100002,1790240665.7096093,0.8918055555555555,0.4548055555555556,0.22355457281102775,False
157.07250794700002,1790240665.9108925,0.8918055555555555,0.4222222222222222,0.21036187376635218,False
157.27289761600002,1790240666.1112425,0.8277499999999999,-0.12899999999999986,0.1783097854131026,False
157.471263891,1790240666.309679,0.8194444444444444,0.59375,0.3325436754203652,False
157.672108613,1790240666.510527,0.8211111111111112,0.8533333333333336,0.6111612921502609,False
157.87259598900002,1790240666.7109597,0.7970833333333334,-0.09424999999999992,0.2021042411857934,False
158.07064314800002,1790240666.9090443,0.8188888888888889,-0.055777777777777926,0.15352286234722778,False
158.270678387,1790240667.1090798,0.8598611111111112,-0.0608888888888886,0.17158012565860847,False
158.47368457500002,1790240667.3117943,0.8764166666666666,-0.03780555555555552,0.2089158756731797,False
158.672223558,1790240667.510647,0.7903333333333334,-0.07066666666666628,0.22019471919959366,False
158.87061347800002,1790240667.7090223,0.9080833333333332,0.18408333333333335,0.17168356118014882,False
159.072277472,1790240667.910681,0.9250833333333334,0.351527777777778,0.14628901026318308,False
159.272237867,1790240668.110636,0.852,0.36325,0.23686998090543976,False
159.47297920100002,1790240668.3113914,0.8755833333333334,0.4493333333333334,0.23512752784925262,False
159.671223077,1790240668.509647,0.9,0.5219999999999999,0.34836141314047187,False
159.87248785100002,1790240668.7108958,0.8171944444444446,0.5854444444444445,0.47571361624841124,False
160.071476053,1790240668.9098992,0.9333333333333333,0.6910833333333334,0.3193406731806516,False
160.27046159900001,1790240669.1088595,0.9418055555555556,0.70925,0.32487604222607114,False
160.47149600600002,1790240669.309891,1.0135555555555558,0.6995555555555556,0.39213042759775973,False
160.670377228,1790240669.5087597,0.8841111111111112,0.529861111111111,0.3232734537538283,False
160.87105137400002,1790240669.709369,0.8297500000000002,0.5336666666666667,0.3638831128598903,False
161.069205614,1790240669.9075422,1.0195833333333333,0.6826666666666668,0.419934065759212,False
161.272784978,1790240670.1112065,0.89175,0.648,0.3124383879979945,False
161.47101208200002,1790240670.3094172,1.172,0.8033333333333332,0.3850292050805363,False
161.67141382900002,1790240670.5098183,1.0999722222222221,0.8429999999999999,0.35036211620454716,False
161.87109760500002,1790240670.7094996,1.13175,0.8622222222222222,0.4066273022941812,False
162.07125101900002,1790240670.909658,1.0974166666666667,0.8244444444444444,0.3664219273424887,False
162.27283376,1790240671.111239,1.152,1.1101944444444445,0.5665395065003902,False
162.471134197,1790240671.309492,1.0496944444444445,0.8240000000000001,0.29597531240388886,False
162.67083917000002,1790240671.5092394,1.1131944444444446,0.81475,0.3766471062708342,False
162.87149675100002,1790240671.7098877,1.1131944444444446,0.8814444444444446,0.44008499244631827,False
163.071399433,1790240671.9097958,1.08025,0.8248888888888888,0.3645224436216259,False
163.27046153900002,1790240672.10881,0.9727500000000001,0.7503055555555556,0.43930318299504034,False
163.472110945,1790240672.3105106,0.9662222222222222,0.7188888888888889,0.3563298337257613,False
163.67035737,1790240672.5087495,1.0790833333333334,0.7570833333333332,0.3242930839073084,False
163.87242131000002,1790240672.710831,0.883888888888889,0.576,0.31991610966266504,False
164.071051278,1790240672.9094474,1.232,0.9897500000000001,0.3575717865534799,False
164.268580512,1790240673.1069725,1.0961388888888888,0.7761388888888888,0.3415700539842502,False
164.471493256,1790240673.309896,0.93875,0.6573333333333334,0.46151247690327035,False
164.670674267,1790240673.5090575,0.9,0.6102222222222222,0.3107938336695567,False
164.872286277,1790240673.7106793,0.9762500000000001,0.7242500000000001,0.30637135961165063,False
165.07260536500002,1790240673.910986,0.9503333333333334,0.7933333333333334,0.38398210837463587,False
165.272385128,1790240674.110786,0.8222222222222223,0.6591388888888892,0.45620705001862494,False
165.47190108700002,1790240674.3103042,0.836888888888889,0.635638888888889,0.40558388286747715,False
165.671436994,1790240674.5098546,0.9160000000000001,0.6812500000000001,0.40594047317865933,False
165.870895297,1790240674.7093043,0.9083055555555556,0.6743055555555556,0.31496546482175203,False
166.071347666,1790240674.909757,0.9234166666666668,0.6667500000000002,0.45197517888789274,False
166.272797434,1790240675.1111977,1.0108611111111114,0.7604166666666669,0.3202417098596384,False
166.47064573,1790240675.3090284,0.9973333333333335,0.7763333333333334,0.4555873178488037,False
166.672742844,1790240675.5111556,0.9666666666666668,0.7080833333333334,0.3326461099416044,False
166.87237213600002,1790240675.7107816,0.8604166666666667,0.59375,0.3687942777118356,False
167.072872369,1790240675.9113004,0.9250833333333334,0.63175,0.2726184915578398,False
167.270618893,1790240676.1090126,0.8601388888888889,0.61125,0.36478102600461126,False
167.47213371200002,1790240676.3104897,0.8844444444444445,0.6149166666666667,0.421515214846089,False
167.67071039500001,1790240676.509097,0.9,0.6201388888888889,0.31698028580925497,False
167.870736614,1790240676.709124,0.8457500000000001,0.620416666666667,0.43432679536546703,False
168.071127315,1790240676.909546,0.9076388888888888,0.6262222222222223,0.4702787360977154,False
168.272282028,1790240677.1106815,0.8779166666666666,0.5644444444444446,0.5083152170688819,False
168.47246225700002,1790240677.310861,0.8695555555555557,0.536,0.4173465369679509,False
168.671254565,1790240677.5096626,0.8014166666666668,0.5947500000000002,0.4669311169603748,False
168.87161948300002,1790240677.710014,0.7710833333333333,0.52375,0.4227791437981221,False
169.07106611700002,1790240677.909474,0.8211111111111112,0.4911111111111111,0.3194458608760624,False
169.27231494400002,1790240678.110716,0.8211111111111112,0.5511111111111111,0.35186863440778793,False
169.47118897000001,1790240678.3095777,0.8272499999999999,0.5721388888888889,0.3118631019332455,False
169.671266698,1790240678.5096579,0.9493333333333334,0.6826666666666668,0.3445773477437096,False
169.871585417,1790240678.7099948,0.9160000000000001,0.6039166666666667,0.35198699390661203,False
170.070449808,1790240678.9088457,0.9662222222222222,0.6799999999999999,0.3279328123612285,False
170.270436754,1790240679.1088426,0.9166666666666667,0.7020000000000001,0.32685138739130803,False
170.47062578400002,1790240679.3090255,0.9,0.6960000000000001,0.46712305830933254,False
170.67095950200002,1790240679.5093737,0.90825,0.6464444444444444,0.31141944296536295,False
170.872080931,1790240679.710487,0.9788888888888889,0.6974722222222223,0.45370865392686954,False
171.071189124,1790240679.909605,0.9,0.6137777777777778,0.34303770215009377,False
171.47243369600002,1790240680.3108368,0.8297500000000002,0.5630833333333335,0.38127692027345805,False
171.67239361,1790240680.5107915,0.9,0.62875,0.3994038432793532,False
171.872368732,1790240680.7107651,0.837777777777778,0.620416666666667,0.4266091626402585,False
172.071302392,1790240680.9097044,0.9160000000000001,0.7093333333333334,0.4280537733195803,False
172.272448559,1790240681.1108558,0.7560000000000001,0.5844722222222224,0.34639828992885235,False
172.47246930600002,1790240681.3108647,0.9333333333333333,0.7200000000000001,0.34037044184284915,False
172.67276442800002,1790240681.5111604,0.8590277777777778,0.6235833333333334,0.31221707678505517,False
172.870978084,1790240681.7093384,0.84225,0.6235833333333334,0.2978728803745061,False
173.07246315900002,1790240681.9108648,0.85,0.6398055555555556,0.28557954916107553,False
173.270549418,1790240682.10897,0.90825,0.6756944444444445,0.331176509756853,False
173.471640064,1790240682.3100455,0.87575,0.5659722222222222,0.306854803579638,False
173.670934504,1790240682.5093513,0.7895555555555557,0.48613888888888895,0.31879104906180433,False
173.87210254500002,1790240682.7105017,0.862638888888889,0.5333055555555557,0.45510986998892966,False
174.07180412300002,1790240682.910223,0.7643611111111113,0.5279166666666667,0.5562553631275431,False
174.27259586000002,1790240683.1110063,0.8211111111111112,0.5706666666666668,0.3635086232295399,False
174.471407225,1790240683.3098266,0.8593055555555555,0.7469999999999999,0.4184190552244462,False
174.672435734,1790240683.510853,0.8765833333333333,0.4962499999999999,0.342170371505338,False
174.872806636,1790240683.7112129,0.9666666666666668,0.7933333333333334,0.40123541581914934,False
175.07188826200002,1790240683.910318,0.82575,0.6253055555555556,0.2996351167242235,False
175.27242666400002,1790240684.1108344,0.8019999999999999,0.6960000000000001,0.3723793878961078,False
175.670992,1790240684.5094225,0.82,0.7693333333333332,0.482793647710554,False
175.87268400000002,1790240684.7111082,0.8593055555555555,0.7013055555555556,0.38165122097414894,False
176.070720673,1790240684.9091363,0.7770833333333331,0.6697500000000001,0.3473319410437047,False
176.272189911,1790240685.1105814,0.8324444444444444,0.73375,0.3206904552626988,False
176.47283060400002,1790240685.3111918,0.80925,0.7479999999999999,0.3886765461703513,False
176.67098191300002,1790240685.5093935,0.8493333333333333,0.9245833333333334,0.4975795686729362,False
176.871091041,1790240685.7094975,0.7578611111111111,0.79275,0.39800555779681657,False
177.070880533,1790240685.909276,0.8503333333333333,0.7809999999999998,0.4063713174801168,False
177.27102492100002,1790240686.1094313,0.8506666666666667,0.8673333333333334,0.5084198643781471,False
177.472520825,1790240686.3109348,0.7745833333333332,0.8513333333333333,0.4513821736035839,False
177.671211093,1790240686.5096152,0.8581944444444445,0.7430000000000001,0.35034043177321117,False
177.872110015,1790240686.710518,0.8019999999999999,0.6494722222222223,0.3392285221959761,False
178.07154137900002,1790240686.9098942,0.7519999999999999,0.9,0.5539463826238762,False
178.27258045800002,1790240687.1109624,0.8033333333333332,0.6053333333333333,0.3406631920377958,False
178.472294374,1790240687.3106997,0.7606944444444443,0.8445833333333334,0.4999231566612409,False
178.67236798000002,1790240687.5107768,0.7421944444444444,0.7421944444444444,0.37355798170009324,False
178.870495328,1790240687.7088978,0.8006666666666665,0.7025833333333333,0.34595097158945187,False
179.07159310400002,1790240687.9099953,0.9,0.7946666666666669,0.36784932071639387,False
179.272409108,1790240688.1108055,0.849,0.8049722222222222,0.361267492066767,False
179.47099656100002,1790240688.3093903,0.9167777777777778,0.9,0.4876463170682124,False
179.672429963,1790240688.5108283,0.7913055555555555,0.82575,0.4250300260883728,False
179.8723669,1790240688.7107718,0.8177777777777777,0.80925,0.4507332906131082,False
180.07251316100002,1790240688.9109063,0.8006666666666665,0.7833333333333332,0.4110558072759698,False
180.272515567,1790240689.110897,0.8745833333333334,0.8573611111111111,0.41674696818529033,False
180.471495,1790240689.3098967,0.8342222222222222,0.7825555555555554,0.42519711567704976,False
180.670965216,1790240689.5093675,0.816111111111111,0.8074166666666666,0.3979795009480791,False
180.87219726200001,1790240689.71059,0.8915277777777778,0.9496666666666668,0.5166026272236808,False
181.07228461600002,1790240689.9106803,0.9693333333333335,0.9264166666666668,0.4269908084039946,False
181.27237295900002,1790240690.1107833,0.9254166666666667,0.8025277777777778,0.36664414131017675,False
181.47112999400002,1790240690.3095276,0.8832222222222222,0.8049722222222222,0.3933919106783479,False
181.67141536900002,1790240690.5098271,0.9259166666666667,0.8375833333333336,0.34814261251429546,False
181.87251652700002,1790240690.710923,0.9168888888888889,0.8212499999999999,0.391284861503838,False
182.07240669200002,1790240690.9108136,0.9608611111111113,0.9088611111111112,0.39960152939701343,False
182.27197138600002,1790240691.1103714,0.9423611111111112,0.7833611111111114,0.3508946813634446,False
182.471223162,1790240691.3096232,0.9520000000000001,0.8911388888888888,0.390237679000786,False
182.671291504,1790240691.5096877,0.99625,0.8725833333333334,0.34974515845017207,False
182.872013702,1790240691.7104197,0.9702222222222224,0.9355555555555556,0.4012204708743592,False
183.07234761700002,1790240691.9106836,0.9431944444444446,0.8823333333333333,0.3899054286185283,False
183.270509857,1790240692.1089094,0.9693333333333335,0.8821111111111112,0.38224574283569257,False
183.47026699900002,1790240692.3086386,0.9429166666666667,0.9762500000000001,0.5108586329292945,False
183.672595244,1790240692.511004,0.9437500000000001,0.8271111111111114,0.3074159242781783,False
183.872292906,1790240692.7106907,0.9168888888888889,0.756888888888889,0.3370181853697124,False
184.07064957300003,1790240692.9090624,0.8915833333333334,0.7679166666666668,0.35370028385411767,False
184.272328961,1790240693.1107223,0.9,0.8127777777777777,0.38359818641023125,False
184.471142713,1790240693.3095508,0.8483333333333333,0.95775,0.4793627518473491,False
184.67238600500002,1790240693.5107846,0.9,0.8828888888888888,0.43316252395472477,False
184.87121324600002,1790240693.7096143,0.9429166666666667,1.0709166666666665,0.6450605731994918,False
185.07090892800002,1790240693.9093316,0.8913611111111112,0.8913611111111112,0.3980849601001596,False
185.27059586000001,1790240694.1089873,0.9342222222222223,0.9593055555555556,0.49964902037517345,False
185.470735345,1790240694.3091366,0.9171111111111112,0.9171111111111112,0.4512866091824129,False
185.671832802,1790240694.5102286,0.942638888888889,0.9919722222222223,0.5509852902019701,False
185.871163429,1790240694.7095633,0.9,1.029777777777778,0.5920750545466974,False
186.070542547,1790240694.9089353,0.9254166666666667,1.0893333333333333,0.7268011846274937,False
186.271678285,1790240695.1100862,0.9085277777777778,0.8116666666666668,0.3579944271776335,False
186.47018854400002,1790240695.308571,0.9083611111111112,0.9493333333333334,0.5558586733400639,False
186.670667457,1790240695.5090647,0.9,0.9496666666666668,0.52635071109564,False
186.870519231,1790240695.708923,0.9684444444444446,1.0411944444444448,0.611211580467038,False
187.07130757200002,1790240695.9097295,0.8744166666666666,0.9084166666666667,0.4511333127176107,False
187.27214054700002,1790240696.1105514,0.9173333333333333,0.9429166666666667,0.44308243379087064,False
187.47219737400002,1790240696.310607,0.9171111111111112,0.9255833333333334,0.46053427530833724,False
187.671520396,1790240696.5099282,0.9767500000000001,0.8911944444444445,0.4350538168814444,False
187.87233561000002,1790240696.7107317,0.9513333333333334,0.9680000000000001,0.5107973081084375,False
188.07110123400003,1790240696.9094503,1.022111111111111,1.1104166666666666,0.6582339188363889,False
188.27232884600002,1790240697.1107142,0.9612500000000002,1.113777777777778,0.6460906031961352,False
188.471202698,1790240697.309586,0.9616388888888889,0.9267500000000001,0.38305666212325673,False
188.672460414,1790240697.5108798,0.968888888888889,0.9175555555555557,0.43545033488133844,False
188.87254218700002,1790240697.7109468,0.99625,1.13925,0.6946113851417425,False
189.07045874500002,1790240697.9088662,0.9604722222222223,0.9604722222222223,0.47350969716577307,False
189.272100472,1790240698.110513,0.9925833333333335,0.9680000000000001,0.5633492507375776,False
189.47282745500002,1790240698.311231,0.9604722222222223,0.8088888888888891,0.32465807238097033,False
189.67092911600002,1790240698.5093448,0.9429166666666667,0.9596944444444445,0.49080612148590064,False
189.87281027100002,1790240698.711213,0.9693333333333335,1.0430833333333336,0.5703630706912439,False
190.071397663,1790240698.9098113,0.9513333333333334,0.9,0.4340526061654272,False
190.27231574,1790240699.1107314,0.9342222222222223,0.9172222222222224,0.4517475407828746,False
190.47038307800003,1790240699.3087976,1.0630833333333332,0.9883333333333333,0.5366841750552324,False
190.67240824200002,1790240699.5108132,0.9802499999999998,1.2495555555555555,0.8525395536136775,False
190.872434805,1790240699.710839,1.0777777777777777,0.9827499999999999,0.4267317140601091,False
191.071272042,1790240699.9097185,0.9513333333333334,0.8735833333333333,0.40740992129023135,False
191.27203308600002,1790240700.110459,0.9693333333333335,1.0190000000000003,0.5370898552982218,False
191.47211246100002,1790240700.310536,0.9084722222222222,0.8655555555555555,0.4245619372579629,False
191.67103553,1790240700.5094423,0.8328888888888888,0.9939999999999999,0.6077860888674423,False
191.872172357,1790240700.7106097,0.8749166666666667,1.11,0.8282788679856621,False
192.070001151,1790240700.9084074,0.8916388888888889,1.0555555555555556,0.716234155712421,False
192.27133730100002,1790240701.1097445,0.8664444444444445,0.9,0.4879815121000274,False
192.470537037,1790240701.3089542,0.8915833333333334,0.8399166666666666,0.4169829261119705,False
192.870857921,1790240701.709263,0.8262499999999999,0.8006666666666665,0.45079812388991447,False
193.072360269,1790240701.9107645,0.82525,0.7550277777777776,0.37728905269095747,False
193.270960679,1790240702.1093714,0.8418611111111111,0.5103333333333334,0.2218396415710444,False
193.472305057,1790240702.3107288,0.8749166666666667,0.5453333333333332,0.22425264028004976,False
193.67130333300003,1790240702.5097206,0.8414722222222222,0.85,0.4454097477572103,False
193.87101067400002,1790240702.7094183,0.8584722222222222,0.92425,0.5452236217442683,False
194.07127358900001,1790240702.9096763,0.8666666666666667,0.8666666666666667,0.47043518771721193,False
194.27276025900002,1790240703.1111805,0.8584722222222222,0.9558055555555556,0.5856043227720543,False
194.47091202000001,1790240703.3093174,0.8098611111111111,0.8920833333333335,0.5485265759198366,False
194.67050139100002,1790240703.5089,0.87475,0.9083055555555556,0.4877232889914217,False
194.872115248,1790240703.7105384,0.8337777777777778,0.7817777777777778,0.40773427530987727,False
195.0705155,1790240703.9089286,0.90825,0.8055833333333332,0.4361612242116266,False
195.27106023800002,1790240704.1094732,0.8666666666666667,0.6577500000000001,0.2966786026457482,False
195.47160669500002,1790240704.3100219,0.6837777777777778,0.5406666666666669,0.40410519246239673,False
195.671854609,1790240704.5102456,0.7635277777777778,0.7464166666666666,0.45768919496188887,False
195.870785226,1790240704.7091975,0.75975,0.8194444444444444,0.4566194572026603,False
196.07103939,1790240704.9094613,0.8013333333333333,0.8920833333333335,0.5394395387099211,False
196.27075980100003,1790240705.1091769,0.7625833333333334,0.7795833333333335,0.47077356161835326,False
196.470875578,1790240705.3092947,0.8262499999999999,0.7920277777777777,0.44273520034449376,False
196.671422451,1790240705.5098295,0.8013333333333333,0.7754166666666666,0.4207992937079472,False
196.87089051700002,1790240705.7092934,0.8916388888888889,0.7595555555555557,0.36295386994786705,False
197.072317966,1790240705.9107482,0.84225,0.6235833333333334,0.2978728803745061,False
197.271009466,1790240706.1094172,0.7509999999999999,0.6789999999999999,0.333067737636188,False
197.469929717,1790240706.3083122,0.8013333333333333,0.6383333333333334,0.3167424322973943,False
197.67135575900002,1790240706.5097737,0.8584722222222222,0.5801388888888889,0.2572323781054551,False
197.87219096500002,1790240706.710598,0.8183333333333334,0.6573333333333334,0.34363006924911943,False
198.07241096,1790240706.9108262,0.87475,0.9409722222222222,0.5258012435387326,False
198.27122011600002,1790240707.1095634,0.8749166666666667,0.9,0.4971171776723028,False
198.470314846,1790240707.3087122,0.8668888888888888,0.7162500000000002,0.353221466328589,False
198.67266521300002,1790240707.511075,0.8166666666666667,0.6622500000000001,0.3015108948738823,False
198.87102598200002,1790240707.70944,0.7606944444444443,0.6433333333333334,0.33068777764149704,False
199.07141212300002,1790240707.9098322,0.80925,0.6746666666666667,0.3331291056253227,False
199.272455661,1790240708.1108706,0.8183333333333334,0.9,0.5673810297599745,False
199.47028189600002,1790240708.3086007,0.7999999999999999,1.1022222222222222,0.8323396822056568,False
199.671423768,1790240708.5098345,0.82525,0.98525,0.6286246392665278,False
199.872126264,1790240708.7105446,0.8328888888888888,0.7348055555555556,0.33705820825445354,False
200.07074109500002,1790240708.9091578,0.8342222222222222,0.6920000000000002,0.3519444721164182,False
200.270639316,1790240709.109053,0.7841111111111111,0.62875,0.2968832555818346,False
200.472088949,1790240709.3105056,0.8666666666666667,0.9794444444444446,0.6071959374139021,False
200.671434303,1790240709.5098476,0.80925,0.7209166666666668,0.36710472333588173,False
200.87063132300003,1790240709.7090456,0.8342222222222222,0.7197500000000001,0.37283592528041887,False
201.07060303400002,1790240709.9090264,0.7864444444444444,0.6895833333333334,0.3845329267574078,False
201.272623293,1790240710.110998,0.7702222222222223,0.8688888888888889,0.5542186465454548,False
201.472319376,1790240710.3107321,0.8080277777777778,0.9702499999999998,0.5871142813609558,False
201.67225093000002,1790240710.5106645,0.7644722222222223,0.6682222222222224,0.41030270137590497,False
201.872355921,1790240710.7107797,0.79275,0.6854166666666667,0.34179781332144965,False
202.07124955400002,1790240710.909657,0.761,0.6583333333333333,0.47691056244037344,False
202.270286677,1790240711.1086743,0.7153611111111112,0.8546666666666668,0.574256677882073,False
202.470308646,1790240711.3086276,0.7040000000000001,0.67725,0.3682186750637251,False
202.67094468000002,1790240711.5093799,0.7443055555555556,0.6999999999999998,0.3724175292896401,False
202.87045321000002,1790240711.708858,0.7684444444444444,0.6973333333333335,0.36020249094568724,False
203.071230547,1790240711.909651,0.7787499999999998,0.6635555555555555,0.3739101219690618,False
203.27077714900003,1790240712.1091378,0.8080277777777778,0.7185833333333335,0.33396216254483,False
203.472227196,1790240712.3106349,0.8262499999999999,0.7745833333333332,0.42694124068180705,False
203.671474214,1790240712.5099115,0.8080277777777778,0.7369166666666669,0.34787346600969327,False
203.87222946600002,1790240712.7106392,0.7588055555555554,0.7499999999999999,0.37814636256180856,False
204.070398095,1790240712.9088113,0.7232499999999998,0.7142222222222222,0.32281217016176944,False
204.27095667900002,1790240713.109369,0.7999999999999999,0.7648888888888887,0.37883498348324085,False
204.471963546,1790240713.3103476,0.80925,0.73,0.37419524871601595,False
204.672656714,1790240713.5110674,0.8006666666666665,0.7657777777777777,0.3958886772356972,False
204.872299462,1790240713.7106967,0.7812500000000001,0.7812500000000001,0.524244320033685,False
205.07240059600002,1790240713.9108274,0.8292500000000002,0.7963611111111112,0.5549809276200532,False
205.270997663,1790240714.1094089,0.8135277777777781,0.7970833333333334,0.5567431705620374,False
205.472627291,1790240714.311054,0.8297500000000002,0.7970833333333334,0.5748978711779822,False
205.671043523,1790240714.5094502,0.8324444444444444,0.82375,0.3950844324393683,False
205.87234372400002,1790240714.7107596,0.816111111111111,0.7986666666666665,0.39022298892720797,False
206.072446576,1790240714.9108667,0.7754166666666666,0.7754166666666666,0.39785922045885136,False
206.47093055500002,1790240715.3093474,0.82525,0.7729166666666666,0.3922212472805453,False
206.67027257100003,1790240715.508692,0.8277499999999999,0.7856666666666667,0.4891006064936979,False
206.87035401600002,1790240715.7087655,0.7856666666666667,0.6697500000000001,0.3543981670973304,False
207.07062238900002,1790240715.90906,0.8337777777777778,0.7729166666666666,0.4000475325480576,False
207.27125102300002,1790240716.1096842,0.7848888888888887,0.7322222222222221,0.3857243034058512,False
207.47236018,1790240716.3107884,0.7464166666666666,0.7203333333333334,0.4204648678926399,False
207.671144797,1790240716.5095818,0.7588055555555554,0.6960000000000001,0.3367253097594517,False
207.87239989100001,1790240716.7108176,0.7290833333333335,0.7290833333333335,0.41316575048597115,False
208.07137737300002,1790240716.909782,0.7469999999999999,0.7469999999999999,0.3214388113153066,False
208.27235621600002,1790240717.1107943,0.7663611111111113,0.6166666666666668,0.404839193441332,False
208.47142067700003,1790240717.3098273,0.6948888888888888,0.9,0.6907139981102752,False
208.67133170300002,1790240717.50969,1.3144722222222223,1.2091388888888888,0.5172829857587636,False
208.87029491400003,1790240717.7086954,0.8104722222222221,0.8272499999999999,0.4957039012240748,False
209.070188857,1790240717.9085872,0.80925,0.66525,0.32662603538002954,False
209.27216780700002,1790240718.1105921,0.8328888888888888,0.706888888888889,0.3163820876321619,False
209.472144457,1790240718.3105557,0.9342222222222223,0.9342222222222223,0.4705075774834676,False
209.670752093,1790240718.5091586,0.8414722222222222,0.6688888888888889,0.2972975747763533,False
209.872089686,1790240718.710526,0.8915277777777778,0.9,0.46001296352228316,False
210.07079331100002,1790240718.9092078,0.8579166666666667,0.5965833333333334,0.2378477889471564,False
210.27076017000002,1790240719.109171,0.8104722222222221,0.64,0.3399818871468243,False
210.47172224000002,1790240719.3101413,0.787222222222222,0.7616388888888886,0.4606029689285259,False
210.672282381,1790240719.510697,0.7764444444444445,0.4866666666666668,0.36384318608103194,False
210.87109298500002,1790240719.7095008,0.7941944444444443,0.6226666666666667,0.32966943434940565,False
211.07239641,1790240719.9108074,0.82525,0.7993333333333333,0.4153935000678425,False
211.272436029,1790240720.1108453,0.85,0.7348055555555556,0.35212828108193295,False
211.4709271,1790240720.3093338,0.8914166666666666,0.7274166666666667,0.2763587935978522,False
211.67064166400002,1790240720.509053,1.0967777777777776,0.9655277777777778,0.39267722583837583,False
211.870687793,1790240720.7090962,1.0967777777777776,0.9470833333333333,0.37344095390792187,False
212.070410482,1790240720.9088154,1.0534722222222221,0.918888888888889,0.31514494118031977,False
212.271025675,1790240721.1094422,0.9171111111111112,0.7455833333333336,0.297247436835937,False
212.472081962,1790240721.3104966,0.9671111111111113,0.7833611111111114,0.3761269197751257,False
212.67176569300003,1790240721.510182,0.9787500000000002,0.8909722222222225,0.36586032268809254,False
212.870590878,1790240721.7090034,0.996861111111111,0.9090833333333332,0.3675647914145045,False
213.070704871,1790240721.909118,1.064,1.0202499999999999,0.3945200512987601,False
213.272659806,1790240722.1110606,0.9671111111111113,0.8473333333333334,0.434423705853924,False
213.47221030600002,1790240722.3106177,0.932888888888889,0.82275,0.461667871015518,False
213.67178289,1790240722.5101514,0.9827777777777779,0.8387499999999999,0.4619986414055328,False
213.87075245000003,1790240722.709161,0.8666666666666667,0.7056666666666668,0.3297817542199879,False
214.070231804,1790240722.908565,0.8262499999999999,0.6933333333333334,0.36111777821236346,False
214.27249023000002,1790240723.110898,0.8262499999999999,0.7390277777777776,0.3966457609703491,False
214.472273698,1790240723.3106818,0.8166666666666667,0.764,0.37703761964229787,False
214.87089037200002,1790240723.7093012,0.8399166666666666,0.7953333333333334,0.3293894282749419,False
215.07097733100002,1790240723.9093757,0.8247499999999999,0.7450000000000001,0.35323580681354483,False
215.27243715900002,1790240724.11083,0.8749166666666667,0.7512500000000001,0.35647243607359913,False
215.47183583400002,1790240724.3102565,0.8183333333333334,0.7666666666666666,0.4288210414743836,False
215.67158893700002,1790240724.510005,0.9326666666666666,0.8055833333333332,0.4625823133319642,False
215.87227647100002,1790240724.7107022,0.82575,0.682638888888889,0.3378456023711459,False
216.07252645100002,1790240724.9109335,0.8019999999999999,0.705138888888889,0.3793072459411104,False
216.27282596100002,1790240725.1112583,0.82375,0.7430000000000001,0.32031283692190815,False
216.47222671900002,1790240725.3106463,0.6424166666666667,0.5524166666666668,0.39460690704104795,False
216.672258311,1790240725.5106697,0.8745833333333334,0.7400000000000001,0.31633136013413776,False
216.871397609,1790240725.709816,0.8333333333333333,0.7174166666666667,0.3395475639343486,False
217.07256045600002,1790240725.9109826,0.8098611111111111,0.6854166666666667,0.3562156105521601,False
217.27270772600002,1790240726.1111426,0.80925,0.7920277777777777,0.42666934284407787,False
217.47099327,1790240726.309401,0.8496666666666667,0.7704166666666667,0.36462589554885716,False
217.67128882100002,1790240726.509712,0.87475,0.7778888888888891,0.36207606169625384,False
217.872270729,1790240726.7106822,0.8749166666666667,0.7786666666666667,0.378968486635169,False
218.07238612400002,1790240726.9107974,0.84225,0.84225,0.47312039872784395,False
218.27271563300002,1790240727.1111388,0.8129166666666668,0.7625833333333334,0.5034241073332826,False
218.47290712,1790240727.3113399,0.8068055555555554,0.7255555555555556,0.30826720769798066,False
218.87206556,1790240727.710491,0.9244166666666667,0.8410833333333333,0.5072625574770814,False
219.070377822,1790240727.9087896,0.8013333333333333,0.7400833333333333,0.3908566952283534,False
219.26960925400002,1790240728.1079764,0.8242499999999999,0.7712499999999999,0.3583602732467155,False
219.670585875,1790240728.508996,0.7499999999999999,0.6868055555555556,0.32332291474713903,False
219.87209486600003,1790240728.710505,0.82575,0.7013055555555556,0.3513654785709549,False
220.070742754,1790240728.9091647,0.80925,0.7209166666666668,0.36710472333588173,False
220.27217580700002,1790240729.1105962,0.852,0.7588055555555554,0.47150128011081105,False
220.472668075,1790240729.311056,0.7841111111111111,0.7400833333333333,0.37596189193609497,False
220.67083012700002,1790240729.5092442,0.82525,0.7905833333333333,0.4075648872015649,False
220.871088071,1790240729.7095017,0.82375,0.7521944444444445,0.3273544040880495,False
221.072082372,1790240729.9105027,0.7578611111111111,0.7220833333333334,0.34049898593714145,False
221.27265240100002,1790240730.1110704,0.85,0.7712499999999999,0.3815374599364435,False
221.470926066,1790240730.3093615,0.8584722222222222,0.7802222222222222,0.39712751308755856,False
221.670491872,1790240730.5088985,0.8328888888888888,0.7348055555555556,0.33705820825445354,False
221.870255022,1790240730.7085783,0.8414722222222222,0.7712499999999999,0.373718219585209,False
222.07095468600002,1790240730.9093661,0.8601388888888889,0.7411388888888887,0.4639532075311029,False
222.27036007400002,1790240731.1087642,0.8328888888888888,0.753138888888889,0.3513283429928763,False
222.472515003,1790240731.3109195,0.8060000000000002,0.6862222222222223,0.4621676410352754,False
222.672301121,1790240731.5107067,0.8831111111111112,0.8222499999999999,0.3921896106938967,False
222.872721304,1790240731.7111356,0.8172222222222223,0.7469999999999999,0.3792726573484565,False
223.07149372,1790240731.909894,0.82575,0.8086388888888888,0.44102381588512996,False
223.271007806,1790240732.1094232,0.7506388888888889,0.7252222222222223,0.49191956657600233,False
223.47215335500002,1790240732.3105648,0.8183333333333334,0.7489999999999999,0.41358612626180336,False
223.67136796000003,1790240732.5097897,0.84225,0.7817777777777778,0.4157271667223744,False
223.87079074300001,1790240732.7092245,0.7963611111111112,0.7540000000000001,0.47890744692825493,False
224.07108503900002,1790240732.9095218,0.7795833333333335,0.6651111111111113,0.3907271937061838,False
224.270856572,1790240733.10926,0.7691944444444446,0.676,0.49914801202981196,False
224.471256285,1790240733.3096154,0.7854166666666668,0.6847500000000001,0.5226724646442646,False
224.671290996,1790240733.5097032,0.821666666666667,0.7290833333333335,0.49818868681937145,False
224.87039466200002,1790240733.7088215,0.8337777777777778,0.7729166666666666,0.4000475325480576,False
225.072199119,1790240733.9105988,0.7779166666666666,0.6986666666666667,0.38413398981558944,False
225.27074694900003,1790240734.1091526,0.8496666666666667,0.7613333333333334,0.35721788778577757,False
225.47288197900002,1790240734.311322,0.7895555555555557,0.7128055555555556,0.46872972827094683,False
225.672607626,1790240734.5110407,0.8364444444444444,0.7606944444444443,0.49141812192618217,False
225.872844525,1790240734.711272,0.8183333333333334,0.7220833333333334,0.39152533591861927,False
226.070358184,1790240734.9087515,0.8333333333333333,0.7809999999999998,0.39049763301267004,False
226.270610655,1790240735.1090353,0.7770833333333331,0.6789999999999999,0.3539024928393715,False
226.46985734100002,1790240735.308181,0.7934722222222222,0.7142222222222222,0.37891995470226447,False
226.671260493,1790240735.5096884,0.7625833333333334,0.7279166666666667,0.4250691535263422,False
226.87075598200002,1790240735.709161,0.7675555555555555,0.7411388888888887,0.3782236624254528,False
227.07277950000002,1790240735.91121,0.7856666666666667,0.6881944444444444,0.3677359303691411,False
227.272388895,1790240736.1108215,0.8418611111111111,0.7809999999999998,0.3983854096129734,False
227.472533083,1790240736.310948,0.8516666666666667,0.7489999999999999,0.4455628233223411,False
227.67178034100002,1790240736.510191,0.9,0.7905833333333333,0.4830067362238808,False
227.87229994700002,1790240736.7107112,0.8503333333333333,0.7266666666666667,0.3616563647693999,False
228.071096371,1790240736.909496,0.8086388888888888,0.7379722222222223,0.36453212422609715,False
228.27099701600002,1790240737.109402,0.8523333333333334,0.7509999999999999,0.4817537724566715,False
228.470519795,1790240737.3089309,0.8664444444444445,0.7326944444444446,0.33432258192934605,False
228.67126127600002,1790240737.5096745,0.7993333333333333,0.7185833333333335,0.326755829569076,False
228.87128989,1790240737.7097023,0.8292500000000002,0.7366666666666667,0.49590631160155096,False
229.070279281,1790240737.9086692,0.8584722222222222,0.753138888888889,0.37441518070138535,False
229.469658068,1790240738.3080056,0.8604166666666667,0.8026666666666665,0.541442565164348,False
229.67093356100003,1790240738.5093546,0.8749166666666667,0.7512500000000001,0.35647243607359913,False
229.87227999100003,1790240738.7106879,0.8418611111111111,0.7450000000000001,0.3684180821855949,False
230.07228120800002,1790240738.910693,0.7499999999999999,0.6682500000000001,0.3105345192984247,False
230.27193883,1790240739.1103747,0.7956388888888889,0.6999999999999998,0.4160550025665317,False
230.47105452300002,1790240739.309471,0.7489999999999999,0.6946666666666668,0.3136748901998784,False
230.670559956,1790240739.5089715,0.7941944444444443,0.6697500000000001,0.36154908390817797,False
230.87222800100002,1790240739.710648,0.798527777777778,0.7400000000000001,0.5187488316058121,False
231.07073035800002,1790240739.90914,0.9888888888888887,0.9451388888888888,0.37733470524681834,False
231.27213809000003,1790240740.110558,0.7949166666666666,0.6895833333333334,0.39187978799916356,False
231.47199196100001,1790240740.3103862,0.787222222222222,0.6909722222222222,0.4015354425706097,False
231.670879162,1790240740.5092578,1.08725,1.0099999999999998,0.45036040729024407,False
231.87233267500002,1790240740.7107413,0.84225,0.7993333333333333,0.43156395760987554,False
232.070993729,1790240740.9094088,0.9,0.7993333333333333,0.4915655733318737,False
232.27106025700002,1790240741.109483,0.8666666666666667,0.6577500000000001,0.2966786026457482,False
232.47147850500002,1790240741.309885,0.98125,0.9366666666666668,0.3259856299542828,False
232.671560136,1790240741.5099664,0.772888888888889,0.6591388888888892,0.41079884694945457,False
232.87105874500003,1790240741.7094805,0.8177777777777777,0.6746666666666667,0.34033110133664946,False
233.27241393900002,1790240742.110843,0.8242499999999999,0.7348055555555556,0.32965329236159546,False
233.470313271,1790240742.3087218,0.7809999999999998,0.7809999999999998,0.3451816926765594,False
233.672197981,1790240742.5106134,0.8166666666666667,0.7729166666666666,0.3844917357312143,False
233.87042111600002,1790240742.7088287,0.8104722222222221,0.7142222222222222,0.3938425113203978,False
234.07084764400003,1790240742.9092646,0.8453611111111112,0.7453611111111111,0.5210896034432475,False
234.272086779,1790240743.1104999,0.8123055555555554,0.7616388888888886,0.4848522297486919,False
234.469649389,1790240743.3080044,0.8141388888888891,0.7560000000000001,0.5330959189059136,False
234.671328213,1790240743.5097387,0.82525,0.764,0.3847041803329374,False
234.872776254,1790240743.711176,0.8013333333333333,0.7220833333333334,0.37649550698921297,False
235.072573612,1790240743.9109447,0.7993333333333333,0.764,0.36198602237374844,False
235.272380136,1790240744.1108046,0.8373333333333334,0.8846666666666669,0.6729930002162836,False
235.4704153,1790240744.3088224,0.8526666666666666,0.7779166666666666,0.5254645164501643,False
235.672032247,1790240744.5104434,0.8013333333333333,0.7400833333333333,0.3908566952283534,False
235.87255268,1790240744.710953,0.8026666666666665,0.7333333333333333,0.41798614271404766,False
236.07108914800003,1790240744.9095094,0.7737499999999999,0.7559722222222222,0.3495175242391919,False
236.272086145,1790240745.1105,0.7657777777777777,0.7569166666666665,0.35895719821893823,False
236.46990370300003,1790240745.3082867,0.7570000000000001,0.7820833333333335,0.5184012156341196,False
236.672126536,1790240745.5105412,0.8013333333333333,0.8183333333333334,0.460598162710824,False
236.870910973,1790240745.7093122,0.7848888888888887,0.7142222222222222,0.3715948894029526,False
237.071119893,1790240745.9095504,0.68925,0.6279999999999999,0.4377642796195462,False
237.27216881700002,1790240746.110589,0.772,0.772,0.48905487238654666,False
237.47173236900002,1790240746.3101242,0.7093333333333334,0.7006944444444444,0.45030975188194966,False
237.671534986,1790240746.5099537,0.7227777777777779,0.7570000000000001,0.4632543493088134,False
237.872361199,1790240746.7107713,0.7325833333333335,0.7066666666666668,0.4439369871648208,False
238.071138187,1790240746.9095514,0.7495833333333334,0.7153611111111112,0.46616350097949943,False
238.272387266,1790240747.1107938,0.7911111111111113,0.7829166666666667,0.5719308391834615,False
238.47156430700002,1790240747.3099911,0.7179166666666668,0.6566666666666666,0.42279731611724347,False
238.67250281100002,1790240747.5109015,0.6907500000000001,0.5847500000000002,0.42334050224730935,False
238.872381417,1790240747.7107775,0.7204722222222223,0.6948888888888888,0.48627448786157734,False
239.070826632,1790240747.9092438,0.7252222222222223,0.7422222222222223,0.4841820661234715,False
239.27224117900002,1790240748.1106505,0.7616388888888886,0.681888888888889,0.3729974400564069,False
239.471868064,1790240748.310275,0.6150000000000001,0.5447777777777777,0.4811030755708592,False
239.670538383,1790240748.5089638,0.6963333333333334,0.6080000000000001,0.4146436373477126,False
239.870968448,1790240748.7093878,0.7466666666666668,0.7133333333333335,0.5436638019739872,False
240.07238289100002,1790240748.9108098,0.7204722222222223,0.63325,0.4374374141511975,False
240.27093742800002,1790240749.109328,0.7344444444444443,0.67125,0.3293740187257034,False
240.472380724,1790240749.3107884,0.7711111111111113,0.6742500000000001,0.3902337707845013,False
240.67237172400002,1790240749.5107667,0.8013333333333333,0.731111111111111,0.38362593222049035,False
240.87274694400003,1790240749.7111607,0.8006666666666665,0.7209166666666668,0.35972767316531606,False
241.070863042,1790240749.9092917,0.7474722222222223,0.67725,0.40271648042206143,False
241.27049305100002,1790240750.10891,0.7864444444444444,0.6526944444444446,0.35787734450665787,False
241.47031816400002,1790240750.3087466,0.7474722222222223,0.6034722222222224,0.35152408886026754,False
241.67109911300003,1790240750.5095148,0.7153611111111112,0.6891111111111112,0.4155315962381211,False
241.87212344900001,1790240750.710556,0.7411388888888887,0.6494722222222223,0.2915363269119351,False
242.07225455300002,1790240750.9106894,0.7128055555555556,0.7812500000000001,0.4609191472395907,False
242.27236487500002,1790240751.1107745,0.7333333333333333,0.7333333333333333,0.35955093468894117,False
242.47183680900002,1790240751.310247,0.6937500000000001,0.6390833333333336,0.3202635912881693,False
242.672430987,1790240751.5108366,0.7786666666666667,0.7966666666666666,0.3105049548156169,False
242.872795163,1790240751.7112253,0.6905555555555555,0.6277500000000003,0.3664781940461391,False
243.07270048400002,1790240751.9111066,0.68175,0.708,0.4188910751218098,False
243.27082928800002,1790240752.10925,0.6960000000000001,0.6304722222222223,0.2482449063559653,False
243.47244237400002,1790240752.310884,0.7395833333333335,0.7477777777777778,0.5881398394928371,False
243.672456497,1790240752.5108786,0.7020833333333333,0.4893333333333334,0.32141332425561575,False
243.87287791300002,1790240752.7113168,0.8739166666666667,0.7069166666666669,0.232742539913114,False
244.07261073200002,1790240752.9110253,0.4573333333333334,0.47833333333333344,0.04363880812704024,False
244.27260850000002,1790240753.1110232,0.5544166666666667,0.35544444444444445,0.06457237903801016,False
244.472372204,1790240753.3107784,0.6510833333333335,0.5643333333333334,0.19654253278866962,False
244.67137189500002,1790240753.5097923,0.3683333333333335,0.6110000000000003,0.14215305175703152,False
244.871055912,1790240753.7094753,0.6072222222222222,0.5488888888888888,0.1889634747255935,False
245.07229238200003,1790240753.9107108,0.7166666666666668,1.1263611111111111,0.5124725171364289,False
245.27285046300003,1790240754.111209,0.5721388888888889,0.28488888888888897,0.043180437449893194,False
245.472574427,1790240754.3109899,0.6784722222222223,0.5184722222222223,0.1034374239276954,False
245.671858285,1790240754.5102732,1.294777777777778,0.9,-0.025575537709126017,False
245.872382928,1790240754.7108047,1.2739999999999998,1.2840277777777775,0.137805237537588,False
246.070324074,1790240754.9087257,0.5565833333333333,0.4339166666666667,0.10248953263679406,False
246.271047519,1790240755.1094608,0.6094166666666667,0.21166666666666653,0.035006502541965245,False
246.47249794700002,1790240755.3109145,0.5622222222222222,0.2620000000000001,0.033760617876893884,False
246.671111854,1790240755.5095153,0.6383333333333334,0.7754166666666666,0.29617753132781943,False
246.871046911,1790240755.7094615,0.5739166666666667,0.6655833333333332,0.32854825847543434,False
247.07237499400003,1790240755.9107835,0.6433333333333334,0.7305833333333335,0.14567326320587326,False
247.27257,1790240756.11097,0.6402222222222222,0.8655555555555555,0.21288037161508622,False
247.472273024,1790240756.310675,0.6066666666666667,0.7786666666666667,0.183875554529076,False
247.67127391100001,1790240756.5096874,0.7326944444444446,0.90825,0.373533169195871,False
247.870598653,1790240756.7090027,0.5452500000000001,0.6190277777777776,0.33438773421237744,False
248.072295695,1790240756.9107227,0.8730833333333335,1.0510000000000002,0.4674590141887577,False
248.272849191,1790240757.1112587,1.0852500000000003,1.3062500000000001,0.5662129907118829,False
248.47101444900002,1790240757.30942,0.7886666666666667,0.46402777777777793,-0.02468226769271209,False
248.67143612100003,1790240757.5098453,0.9,0.7646666666666667,0.11924393336773886,False
248.872312638,1790240757.7107272,1.1024166666666668,1.1114444444444445,0.3330621840215705,False
249.07127477400002,1790240757.909696,1.0454166666666669,1.0078611111111113,0.2028582708850093,False
249.27063107700002,1790240758.1090424,0.89075,0.7351944444444444,0.10766885205576204,False
249.47053498600002,1790240758.3089395,0.9549999999999997,0.6599999999999999,0.08559685441777609,False
249.67157848300002,1790240758.5099905,0.6433333333333334,0.46533333333333315,0.15908496761980095,False
249.87295234400003,1790240758.7113702,0.881,0.8423333333333333,0.11496263537576379,False
250.07107932000002,1790240758.909503,0.7970277777777778,0.7873333333333333,0.11604352120830086,False
250.27236083800003,1790240759.1107788,0.9,0.881,0.15814230308676414,False
250.47254052800002,1790240759.3109083,0.7994722222222224,0.9175555555555557,0.2767522448770303,False
250.672338811,1790240759.5107594,0.9279166666666666,0.9279166666666666,0.2350862384941943,False
250.872530637,1790240759.7109258,1.324027777777778,1.0595833333333333,0.2586865969387213,False
251.070981468,1790240759.9093945,1.071,1.1065555555555555,0.3680698510783459,False
251.27219980700002,1790240760.110601,1.0899999999999999,1.1426666666666667,0.41551546712851517,False
251.67076720100002,1790240760.5091739,1.1527777777777777,1.2567777777777778,0.5087901590945174,False
251.87265429200002,1790240760.7110622,1.31925,1.501472222222222,0.5637523491412271,False
252.070742725,1790240760.9091458,0.9096944444444445,1.0395833333333333,0.22565251859444047,False
252.27195585500002,1790240761.1103802,0.9907500000000001,1.2192222222222224,0.30425323985487873,False
252.47046850700002,1790240761.3088713,0.9698055555555557,1.1714722222222225,0.28214440268999463,False
252.67124726000003,1790240761.5096622,0.7177777777777777,0.9420833333333334,0.3156859978726553,False
252.87283461,1790240761.7112489,0.6812500000000001,0.82525,0.3215518025976032,False
253.072323672,1790240761.9107423,0.6280000000000001,0.8211111111111112,0.4009490875318148,False
253.271471638,1790240762.109913,0.5237500000000002,0.7464166666666666,0.2909667511810019,False
253.47299315400002,1790240762.3113995,0.5175277777777779,0.5803333333333333,0.4391990814069626,False
253.67161617000002,1790240762.5100222,0.49844444444444447,0.5699999999999998,0.4612192564188964,False
253.872985706,1790240762.7114072,0.70725,0.5826666666666667,0.6051640531351625,False
254.07196434800002,1790240762.9103775,0.7710000000000001,0.6582222222222223,0.657892138209756,False
254.270509707,1790240763.1089172,0.6393333333333332,0.69,0.5389133499470057,False
254.47081502,1790240763.3092184,0.7637500000000002,0.9675555555555557,0.3439026281734796,False
254.671340646,1790240763.5097494,0.9084722222222222,0.9418055555555556,0.5071693011901541,False
254.872775337,1790240763.7111814,0.8513333333333333,0.8595833333333334,0.537603745673478,False
255.07228497000003,1790240763.9107122,0.8287500000000001,0.8845555555555555,0.6403524375579016,False
255.27083355800002,1790240764.1092544,0.8074166666666666,0.9,0.481661239834695,False
255.471561892,1790240764.3099792,0.8135277777777781,0.8770833333333334,0.6530862645044246,False
255.672842051,1790240764.5112076,0.8287500000000001,0.8845555555555555,0.6403524375579016,False
255.871323555,1790240764.7097294,0.9,0.9237500000000001,0.6594643354972343,False
256.07284756900003,1790240764.9112637,0.8414722222222222,0.753138888888889,0.3589334171953589,False
256.27270261800004,1790240765.111114,1.2211944444444445,1.4331944444444444,0.5685372099200092,False
256.476940964,1790240765.3090148,1.8603333333333332,1.8515277777777777,1.3,True
256.671823496,1790240765.5102282,1.4668055555555553,0.9814722222222221,0.10748428136249233,False
256.870684271,1790240765.7091212,0.6091944444444445,0.5983333333333334,-0.12354464316376346,False
257.072398806,1790240765.9108136,0.7786666666666667,0.5556944444444444,0.15764195339823406,False
257.27224760400003,1790240766.1106591,0.9530000000000001,0.8450000000000003,0.2989175858102393,False
257.47259077900003,1790240766.3109972,0.9570000000000002,0.8005555555555556,0.0872090854276919,False
257.671126865,1790240766.509538,0.7086666666666667,0.43666666666666687,0.5962857271748869,False
257.872953795,1790240766.7113748,0.7322222222222221,0.6682500000000001,0.2973073477959707,False
258.071408943,1790240766.9098268,0.8677777777777778,0.2662499999999998,0.19502368084421762,False
258.272889674,1790240767.1113153,0.7516944444444444,0.5833333333333335,0.39956805675632523,False
258.471313623,1790240767.309712,0.7825555555555554,0.682638888888889,0.3023973988377542,False
258.671242473,1790240767.5096464,0.6601111111111112,0.6111111111111112,0.6669150682063287,False
258.872620703,1790240767.7110634,0.8098611111111111,0.6383333333333334,0.32375436683925096,False
259.07087746400003,1790240767.9093006,0.6546666666666667,0.47244444444444444,0.38533732859095227,False
259.270923918,1790240768.1093552,0.6422222222222222,0.5594722222222225,0.33116490059160286,False
259.472538137,1790240768.310941,0.6023333333333333,0.4820833333333333,0.35491258855184316,False
259.67239235100004,1790240768.5107882,0.7020833333333333,0.5760833333333336,0.36983496834641705,False
259.87229041800003,1790240768.7107275,0.5890833333333334,0.4897777777777779,0.42896696114099664,False
260.071084524,1790240768.9095058,0.6040000000000001,0.6847500000000001,0.3746344303465793,False
260.272386294,1790240769.110804,0.5562499999999998,0.4926666666666667,0.42229532697179084,False
260.472591394,1790240769.3110042,0.506638888888889,0.6153055555555556,0.40294029765689454,False
260.67127581100004,1790240769.5096881,0.4849166666666668,0.6393333333333332,0.39434624978539523,False
260.87238544400003,1790240769.7107537,0.5294444444444446,-0.08033333333333349,0.2038088050880591,False
261.072369606,1790240769.9107976,0.46569444444444447,0.3966666666666667,0.2560247895811243,False
261.270530114,1790240770.108945,0.5138888888888891,0.5319999999999999,0.43253575873322425,False
261.47150875700004,1790240770.309924,0.5174722222222223,0.44999999999999996,0.2789111207987842,False
261.671686668,1790240770.5100954,0.5090000000000001,0.4991944444444445,0.2129287481329467,False
261.87283552,1790240770.7112417,0.5804166666666667,0.5044166666666667,0.27673057338526696,False
262.07298332700003,1790240770.9113853,0.5373333333333333,0.4550833333333335,0.4290395826381598,False
262.27298295500003,1790240771.1113956,0.4829166666666669,0.3499166666666667,0.3876131196447177,False
262.47149981800004,1790240771.309917,0.5755555555555557,0.5382222222222224,0.3168150519992139,False
262.672643773,1790240771.5110652,0.5847500000000002,0.5570000000000002,0.33282967503133165,False
262.870622145,1790240771.7090335,0.5312500000000001,0.5122500000000001,0.29110289176745097,False
263.072237039,1790240771.9106483,0.5362500000000001,0.5822222222222222,0.35853665952910474,False
263.272374167,1790240772.110784,0.577777777777778,0.577777777777778,0.35403716827121323,False
263.472524577,1790240772.3109262,0.5616666666666668,0.65975,0.4129484270598718,False
263.67132498200004,1790240772.5097437,0.5260000000000001,0.7926666666666666,0.3993871222575398,False
263.872346123,1790240772.7107584,0.5406666666666669,0.6229166666666666,0.3607692605411361,False
264.070900746,1790240772.9092927,0.3866666666666667,0.6579166666666667,0.549976967946243,False
264.272482253,1790240773.1108928,0.46569444444444447,0.41666666666666674,0.2638448121528951,False
264.472227192,1790240773.31062,0.5512499999999998,0.578,0.44505003801391974,False
264.672922706,1790240773.5113406,0.5294444444444446,0.5663333333333335,0.35800470499982395,False
264.870696753,1790240773.7091012,0.5039166666666668,0.6564444444444444,0.4172493645351594,False
265.07062554600003,1790240773.9090412,0.42355555555555563,0.49555555555555547,0.5155094757002802,False
265.272286792,1790240774.1107,0.5229722222222223,0.5229722222222223,0.43247472107845697,False
265.67089755,1790240774.5093133,0.5422222222222223,0.5055555555555555,0.39484330529167033,False
265.872730776,1790240774.7111347,0.456,0.6044444444444445,0.35617220130987515,False
266.072321182,1790240774.9107404,0.47158333333333347,0.47158333333333347,0.31444517177153253,False
266.27240987100004,1790240775.1108198,0.5337500000000002,0.5524166666666668,0.32657986260356797,False
266.47211720300004,1790240775.310541,0.4433333333333334,0.4057777777777779,0.41473170698523054,False
266.67234495400004,1790240775.5107763,0.5409722222222222,0.32055555555555554,0.3491092646437133,False
266.872366246,1790240775.7107804,0.30630555555555566,0.4805555555555557,0.1762370069002568,False
267.073015353,1790240775.911411,0.3211944444444445,0.5663333333333335,0.26825357552663176,False
267.272909092,1790240776.1113384,0.36586111111111114,0.4238611111111113,0.35316981149511417,False
267.470595584,1790240776.3090055,0.5115555555555557,0.46225000000000005,0.20970836420696748,False
267.670624479,1790240776.509029,0.5333055555555557,0.43330555555555555,0.17295453510593828,False
267.87052290500003,1790240776.7089179,0.7007777777777778,0.6115277777777777,0.09777527758783289,False
268.070337425,1790240776.9087236,0.47925,0.3899999999999999,0.23645900995777325,False
268.270716321,1790240777.109131,0.4987777777777779,0.614777777777778,0.21885754299182247,False
268.67121531000004,1790240777.5096138,0.5000000000000001,0.6298888888888888,0.33003093469207945,False
268.872695512,1790240777.7111132,0.11658333333333314,0.6433333333333334,0.07336617174842641,False
269.07180976800004,1790240777.9102323,0.7115833333333335,0.7862500000000001,0.2250301877623624,False
269.47081052100003,1790240778.309219,0.5593333333333333,0.46377777777777773,0.282868545830123,False
269.672426087,1790240778.5108075,0.4426666666666667,0.42311111111111105,0.2796455469413861,False
269.872379304,1790240778.7108018,0.5833333333333335,0.6655833333333332,0.3341733858444823,False
270.072557156,1790240778.9109755,0.3575833333333334,0.3280000000000001,0.3463490367423614,False
270.270502814,1790240779.1088986,0.3127777777777776,0.39366666666666666,0.2546308703218989,False
270.47159238800003,1790240779.31001,0.35841666666666677,0.4550833333333335,0.3414403238307082,False
270.670593048,1790240779.5090072,0.4431944444444444,0.45300000000000007,0.2575175375990346,False
270.871095849,1790240779.7094975,0.4165277777777777,0.45541666666666664,0.2942663026120045,False
271.07125265900004,1790240779.9096892,0.39366666666666666,0.4990833333333334,0.3296689317843913,False
271.27233905500003,1790240780.1107707,0.4424444444444445,0.48925,0.3825157488652753,False
271.472712741,1790240780.3111024,0.41175000000000017,0.5393055555555556,0.4597551218561857,False
271.671019804,1790240780.5093923,0.367361111111111,0.4926666666666667,0.3279787195751498,False
271.872745005,1790240780.711156,0.39022222222222225,0.39022222222222225,0.2683250344377348,False
272.07112113100004,1790240780.9095478,0.4361944444444446,0.3977500000000001,0.34819679337806264,False
272.272801226,1790240781.111211,0.4456666666666669,0.28744444444444434,0.31351284165466864,False
272.472668451,1790240781.311092,0.4890000000000002,0.316,0.36671387024128554,False
272.671913538,1790240781.5103092,0.4165277777777777,0.29452777777777783,0.23597086578572024,False
272.872559931,1790240781.7108345,0.49555555555555564,0.2582222222222223,0.3063471555373871,False
273.071220954,1790240781.9096265,0.4566666666666668,0.2644444444444444,0.415452267337695,False
273.27125896,1790240782.1096776,0.43599999999999994,0.397111111111111,0.3127276133548055,False
273.4717528,1790240782.31016,0.42311111111111105,0.3115833333333335,0.23229553993475816,False
273.672791121,1790240782.5112097,0.43947222222222243,0.2708888888888889,0.3173589791935181,False
273.872948971,1790240782.7113485,0.42024999999999996,0.2962500000000001,0.18262545446927247,False
274.071319679,1790240782.9097602,0.40758333333333335,0.36625000000000013,0.15429638916127675,False
274.272631751,1790240783.111036,0.34208333333333324,0.36274999999999996,0.18654078181751288,False
274.671448121,1790240783.5098667,0.14624999999999985,0.42791666666666667,0.11324043551826013,False
274.872033627,1790240783.7104752,0.5284444444444445,0.3560833333333335,0.16688432679711607,False
275.072277674,1790240783.910717,0.47158333333333347,0.4426666666666667,0.30112293952436564,False
275.27157901000004,1790240784.109997,0.4431944444444444,0.38319444444444434,0.22988752826607328,False
275.47236420400003,1790240784.310773,0.4921944444444446,0.4550833333333335,0.40275767566378895,False
275.671158505,1790240784.509579,0.4737500000000001,0.3880000000000001,0.3622276728864303,False
275.87106713400004,1790240784.7094822,0.5253055555555556,0.4099722222222223,0.3020136021424732,False
276.07223186000004,1790240784.9106436,0.5756666666666665,0.3867777777777777,0.34532160414819657,False
276.272444344,1790240785.1108592,0.5435833333333332,0.45191666666666674,0.41841705659018624,False
276.472488753,1790240785.3108873,0.36625,0.41666666666666674,0.22466292429355494,False
276.671246336,1790240785.5096624,0.3484444444444445,0.4456666666666669,0.3333730340208666,False
276.87265351,1790240785.7110314,0.37324999999999997,0.41325,0.24833043449950498,False
277.07157624900003,1790240785.909981,0.4302222222222223,0.44013888888888886,0.23506497945000082,False
277.272268108,1790240786.110691,0.4005555555555556,0.49030555555555566,0.2106168217266533,False
277.47086845,1790240786.3092551,0.4360833333333333,0.4840000000000001,0.3161426290417454,False
277.671254318,1790240786.509686,0.44625000000000004,0.456,0.27188281917866974,False
277.87282258600004,1790240786.7112353,0.46569444444444447,0.4849166666666668,0.29397588955210985,False
278.07230642,1790240786.9107244,0.4302222222222223,0.44999999999999996,0.23919424987127225,False
278.27140749200004,1790240787.1098113,0.4782222222222223,0.39999999999999997,0.274669074799341,False
278.47240008,1790240787.3108125,0.11630555555555588,0.467638888888889,0.26685582451156487,False
278.671918705,1790240787.510319,0.5437500000000001,0.37988888888888883,0.2999898152524818,False
278.87090816100005,1790240787.7093284,0.5387500000000001,0.46275000000000005,0.30802677707510684,False
279.07184778100003,1790240787.9102762,0.41988888888888887,0.4782222222222223,0.28265206189794956,False
279.27087656000003,1790240788.109281,0.4944444444444446,0.44625000000000004,0.289809112663342,False
279.472335607,1790240788.3107493,0.538361111111111,0.5202500000000001,0.4270697327144569,False
279.672650744,1790240788.5110574,0.5473333333333332,0.5293333333333333,0.43818073562698523,False
279.870569676,1790240788.708968,0.4233333333333333,0.5075833333333334,0.38345864871730384,False
280.072305443,1790240788.9107044,0.3880000000000001,0.4550833333333335,0.3530284271836762,False
280.27260026700003,1790240789.111015,0.46444444444444466,0.4550833333333335,0.3880841498543228,False
280.470558885,1790240789.308915,0.4099722222222223,0.44930555555555557,0.26556909619197566,False
280.671256054,1790240789.5096533,0.4523611111111111,0.5371111111111112,0.33928095705596195,False
280.87050426,1790240789.7089074,0.4424444444444445,0.39425,0.337861833684867,False
281.072215964,1790240789.910628,0.41988888888888887,0.459,0.2738361139722105,False
281.27084895900003,1790240790.109251,0.39336111111111105,0.33236111111111094,0.2271984675223382,False
281.472310036,1790240790.310735,0.39155555555555566,0.682138888888889,0.5167562428087841,False
281.671975587,1790240790.5103836,0.41666666666666674,0.4944444444444446,0.2772519468378769,False
281.87215988900005,1790240790.7105548,0.39336111111111105,0.5093611111111113,0.2990413121646398,False
282.072829088,1790240790.9112017,0.39425,0.4329166666666667,0.3335373275587816,False
282.27198739700003,1790240791.1103938,0.4012500000000001,0.33222222222222236,0.31983326287731617,False
282.472805398,1790240791.3111484,0.39336111111111105,0.46199999999999997,0.27631887959900703,False
282.6724635,1790240791.5109017,0.3977500000000001,0.29775000000000007,0.29623714204997587,False
282.872780405,1790240791.711184,0.41666666666666674,0.3865833333333333,0.23180422427451175,False
283.07119673200003,1790240791.909609,0.37644444444444436,0.2826944444444446,0.18533707726184745,False
283.27141368900004,1790240792.1098197,0.4392222222222223,0.2999999999999999,0.29169258680391885,False
283.472555181,1790240792.3109243,0.39999999999999997,0.2760000000000001,0.20281086407128512,False
283.67054056800004,1790240792.508956,0.41325,0.23711111111111113,0.20954011605760847,False
283.871592163,1790240792.7100134,0.35652777777777767,0.2413333333333334,0.2013434722830516,False
284.07111661700003,1790240792.909498,0.3867777777777777,0.3463333333333333,0.24035091995533464,False
284.271554616,1790240793.109965,0.3865833333333333,0.26125000000000004,0.18357635107057635,False
284.47234022000004,1790240793.31078,0.37988888888888883,0.2972222222222223,0.20120821685086798,False
284.67254556200004,1790240793.510954,0.4066944444444444,0.30391666666666667,0.2016674963471914,False
284.87126845,1790240793.7096884,0.4265833333333333,0.26125000000000004,0.19824000017144283,False
285.071640042,1790240793.9100573,0.4455833333333334,0.337111111111111,0.29485742711743246,False
285.27122965200005,1790240794.1096382,0.4431944444444444,0.31066666666666676,0.206626821878366,False
285.471568848,1790240794.3099902,0.4392222222222223,0.4005555555555556,0.32725178673011546,False
285.672949453,1790240794.5113564,0.44625000000000004,0.3144444444444446,0.2201455520034079,False
285.872496198,1790240794.7109146,0.4426666666666667,0.29058333333333336,0.23430419508608802,False
286.07126273200004,1790240794.9096727,0.37733333333333335,0.2855833333333334,0.25187705144969885,False
286.27272640900003,1790240795.1111426,0.48400000000000004,0.39175000000000015,0.13609453240394132,False
286.47138747400004,1790240795.309803,0.4263611111111111,0.26458333333333334,0.26524792213094806,False
286.671075781,1790240795.5094905,0.3880000000000001,0.3181944444444445,0.2986967015311037,False
286.87229570700003,1790240795.7107174,0.37675000000000003,0.2734166666666667,0.21570171821177886,False
287.072348964,1790240795.910732,0.37988888888888883,0.232888888888889,0.1857975060470991,False
287.27242748000003,1790240796.1108432,0.37988888888888883,0.19997222222222222,0.17942178209717485,False
287.47161677400004,1790240796.3100288,0.4066944444444444,0.30391666666666667,0.2016674963471914,False
287.67132898700004,1790240796.5097466,0.4645833333333334,0.254,0.27914431657119687,False
287.872841466,1790240796.7112596,0.4774722222222223,0.37022222222222223,0.2980739632193343,False
288.07250607400005,1790240796.9109046,0.4764166666666667,0.15975000000000023,0.16637435754909724,False
288.270997293,1790240797.109388,0.48041666666666677,0.16266666666666676,0.2567649440588933,False
288.47143992400004,1790240797.3098485,0.4650000000000001,0.2520833333333334,0.24518769771321147,False
288.672918808,1790240797.5113232,0.4431944444444444,0.02941666666666682,0.1637283141185808,False
288.872564249,1790240797.710968,0.43925,0.4001388888888888,0.29210699620507086,False
289.071270781,1790240797.909683,0.5055555555555555,0.646888888888889,0.46642436115310326,False
289.27050575100003,1790240798.1089153,0.5111111111111112,0.7151111111111111,0.5584600274670305,False
289.47053817200003,1790240798.3089526,0.4820833333333333,0.5934166666666666,0.3492885193475129,False
289.673067423,1790240798.5114849,0.43708333333333343,0.5337500000000002,0.2696267194738491,False
289.872144997,1790240798.7105665,0.3802499999999999,0.5691388888888887,0.35111072160429546,False
290.07228090800004,1790240798.9106793,0.46275000000000005,0.5663333333333335,0.3235119083902992,False
290.271378481,1790240799.1098135,0.42666666666666686,0.5724444444444445,0.43706146593152617,False
290.471132827,1790240799.3095803,0.4066944444444444,0.5686666666666667,0.31241818005785127,False
290.67118509100004,1790240799.509628,0.4099999999999999,0.4962500000000001,0.32299644959703466,False
290.87085672800004,1790240799.7092764,0.4392222222222223,0.5229722222222223,0.387210925629517,False
291.072282851,1790240799.9107132,0.4134444444444444,0.5571944444444445,0.29650707902931805,False
291.27073776500004,1790240800.1091318,0.42311111111111105,0.5000000000000001,0.3064825176906443,False
291.470983518,1790240800.3093839,0.46152777777777787,0.5357500000000001,0.3804544340602224,False
291.67042916500003,1790240800.5088317,0.4234166666666667,0.5294444444444446,0.28569880871813913,False
291.872676018,1790240800.7111042,0.46377777777777773,0.5312500000000001,0.26792267230623357,False
292.070869733,1790240800.909263,0.4431944444444444,0.5387500000000001,0.29913681159032524,False
292.271148976,1790240801.1095839,0.45300000000000007,0.5106666666666668,0.28885680759075716,False
292.472886972,1790240801.311317,0.4133333333333334,0.5715277777777777,0.37907027695705775,False
292.669818027,1790240801.5081842,0.40441666666666665,0.1763333333333334,0.09843696991053452,False
292.87246331800003,1790240801.7108746,0.3031111111111113,0.5243333333333335,0.21796570762450274,False
293.07275427900004,1790240801.911139,0.3493055555555555,0.5345555555555557,0.28400984902277915,False
293.471441975,1790240802.3098497,0.44930555555555557,0.4782222222222223,0.2952970469239413,False
293.672893147,1790240802.511324,0.5080000000000001,0.5174722222222223,0.306491822263956,False
293.871286393,1790240802.7096906,0.5047500000000001,0.5409722222222222,0.43271890814802705,False
294.07134084200004,1790240802.909754,0.5754166666666668,0.5754166666666668,0.3910493305770416,False
294.271894823,1790240803.1103084,0.4035277777777777,0.48041666666666677,0.3243129810484219,False
294.471479895,1790240803.3098962,0.4863055555555556,0.5409722222222222,0.42224379158005787,False
294.672905285,1790240803.511317,0.5189166666666666,0.49200000000000016,0.47734485168112184,False
294.872887129,1790240803.7113047,0.5756666666666665,0.4650000000000001,0.38087928492015344,False
295.071243916,1790240803.9096637,0.5577777777777776,0.4650000000000001,0.36991454660483813,False
295.271735396,1790240804.110146,0.49499999999999994,0.5128888888888888,0.4886307944872932,False
295.472537034,1790240804.310954,0.6133333333333334,0.46458333333333346,0.527934880589007,False
295.67108757,1790240804.5094957,0.6589166666666667,0.5562499999999998,0.5391355154241402,False
295.872349886,1790240804.7107491,0.5920000000000002,0.4582500000000002,0.48046175348553755,False
296.072410427,1790240804.9108143,0.4680000000000001,0.533138888888889,0.3696028132274257,False
296.27090768200003,1790240805.109328,0.5253055555555556,0.5437500000000001,0.36812553914034696,False
296.47228755000003,1790240805.310698,0.46569444444444447,0.532,0.3180607531962173,False
296.672785696,1790240805.5111897,0.42963888888888885,0.5498888888888888,0.3985386114586692,False
296.872361651,1790240805.7107794,0.55875,0.5138888888888891,0.4495197548581491,False
297.072527453,1790240805.9109337,0.5548055555555557,0.5174722222222223,0.33185058242382537,False
297.27247695100004,1790240806.1108727,0.4265833333333333,0.5776944444444444,0.32614385632155773,False
297.471716915,1790240806.3100922,0.5387500000000001,0.5571944444444445,0.357830806818517,False
297.672509228,1790240806.5109234,0.68,0.6214722222222223,0.5787009794778782,False
297.872597529,1790240806.7110043,0.6716666666666667,0.5106666666666668,0.418817019884948,False
298.072567756,1790240806.9109793,0.6614722222222224,0.5455555555555556,0.4181135928982329,False
298.27025912100004,1790240807.1086435,0.61325,0.5504444444444445,0.41397779312240324,False
298.472160656,1790240807.3105793,0.632,0.5715277777777777,0.5128964494881281,False
298.670839263,1790240807.50925,0.6525555555555556,0.5675555555555555,0.5572672497650284,False
298.870861573,1790240807.7092636,0.6199999999999999,0.5387500000000001,0.3979199384200979,False
299.07276503500003,1790240807.911171,0.5955833333333332,0.5776944444444444,0.41929027374873373,False
299.272513229,1790240808.1109297,0.6525555555555556,0.5229722222222223,0.5252282260578083,False
299.472668247,1790240808.311073,0.6460833333333332,0.5387500000000001,0.41641369188466437,False
299.670491851,1790240808.5089,0.5294444444444446,0.5754166666666668,0.36352563304213437,False
299.870624629,1790240808.7090335,0.62875,0.5571944444444445,0.4153487757425265,False
300.071403034,1790240808.9098136,0.46275000000000005,0.5754166666666668,0.32883672988409307,False
300.27134591600003,1790240809.1097643,0.4099722222222223,0.5799722222222222,0.33275907941361893,False
300.472518072,1790240809.310925,0.44888888888888884,0.6128888888888887,0.4101876741083872,False
300.671460637,1790240809.5098615,0.5174722222222223,0.6355555555555557,0.3828350011961513,False
300.872302531,1790240809.7107139,0.4263611111111111,0.5562499999999998,0.38824227975185277,False
301.071530202,1790240809.9099472,0.42308333333333337,0.5803333333333333,0.38905888484612927,False
301.27142855100004,1790240810.10984,0.38725,0.5739166666666665,0.38176413856666325,False
301.471190858,1790240810.3096035,0.367361111111111,0.591361111111111,0.38466517038373216,False
301.67217790800004,1790240810.5105932,0.5663333333333335,0.6374444444444444,0.4274570865553552,False
301.87092823300003,1790240810.7093217,0.616,0.6853333333333333,0.4702637634632183,False
302.07245304500003,1790240810.9108675,0.5047500000000001,0.5763055555555555,0.45578477617623936,False
302.27138206800004,1790240811.1097963,0.5739166666666665,0.6085833333333334,0.5108574361301306,False
302.472876671,1790240811.3113172,0.6020833333333333,0.6107777777777778,0.48953953465017086,False
302.671689287,1790240811.5100543,0.5362500000000001,0.64425,0.39984563823753005,False
302.872168053,1790240811.7105827,0.5593333333333333,0.7006666666666667,0.42895898808124755,False
303.07037728200004,1790240811.9087732,0.48611111111111116,0.6424166666666667,0.3573458672221238,False
303.271108965,1790240812.109518,0.46955555555555556,0.6784722222222221,0.387808669236682,False
303.47267690200005,1790240812.3110764,0.48611111111111116,0.65975,0.36939486077374306,False
303.670429461,1790240812.508841,0.49575,0.6424166666666667,0.3623792003752856,False
303.871105155,1790240812.7095127,0.70275,0.6783333333333333,0.6378774083382377,False
304.07080667900004,1790240812.9092076,0.5243333333333335,0.6424166666666667,0.37805890538253795,False
304.270904662,1790240813.1093235,0.6065555555555555,0.624,0.4737346927138406,False
304.472790619,1790240813.3112009,0.6631944444444445,0.6374444444444444,0.4986026521725081,False
304.67248266300004,1790240813.5108945,0.5866666666666667,0.61325,0.4375345457803993,False
304.872378094,1790240813.710791,0.6460833333333332,0.6967500000000001,0.5348099818418377,False
305.07148461500003,1790240813.9099035,0.6443055555555556,0.668888888888889,0.6388963731749505,False
305.272906039,1790240814.1113234,0.5437500000000001,0.5888888888888888,0.40694579445410495,False
305.472506468,1790240814.3109236,0.6412222222222222,0.41988888888888887,0.37667590591599454,False
305.671430175,1790240814.5098424,0.5229722222222223,0.6276388888888889,0.5049091373067658,False
305.872563317,1790240814.7109733,0.4001388888888888,0.646888888888889,0.4109985179816269,False
306.071318378,1790240814.9097266,0.6564444444444444,0.6733333333333335,0.5385520939813105,False
306.271405214,1790240815.1098118,0.4329166666666667,0.7093333333333334,0.44821987464813184,False
306.47275194900004,1790240815.3111591,0.4745277777777779,0.6617777777777778,0.4460248475764709,False
306.672979306,1790240815.5113852,0.43947222222222243,0.6420000000000001,0.5082928787139391,False
306.870492332,1790240815.7088857,0.48,0.7409166666666666,0.5946330791314669,False
307.07226412,1790240815.9106746,0.41980555555555554,-0.12599999999999995,0.21520172588416653,False
307.270756419,1790240816.1091576,0.486888888888889,0.37022222222222223,0.30261606387039586,False
307.472210029,1790240816.3106382,0.48611111111111116,0.3348611111111113,0.20951202486237697,False
307.672396344,1790240816.5107708,0.5229722222222223,0.2792222222222223,0.3262777575708593,False
307.870795725,1790240816.709212,0.5138888888888891,0.35097222222222224,0.34483681545772615,False
308.072421002,1790240816.9108424,0.4944444444444446,0.5039166666666668,0.317303360943175,False
308.272324868,1790240817.1107655,0.5039166666666668,0.3144444444444446,0.2458213223492045,False
308.47122294800005,1790240817.3096397,0.486888888888889,0.39022222222222225,0.3102698210317656,False
308.672545359,1790240817.5109706,0.44888888888888884,0.4774722222222223,0.3307636808093336,False
308.87252516200004,1790240817.7109592,0.46444444444444466,0.5724444444444445,0.45679260199558114,False
309.070497562,1790240817.9088888,0.4431944444444444,0.5294444444444446,0.2941832847578574,False
309.272937372,1790240818.1113753,0.4333333333333335,0.5249999999999999,0.4359414243106998,False
309.472963424,1790240818.3113828,0.4455833333333334,0.5739166666666665,0.40861054932326146,False
309.67118978300005,1790240818.5095963,0.4550833333333335,0.5637500000000001,0.4459010026804726,False
309.870714166,1790240818.7091253,0.4706944444444445,0.49844444444444447,0.4017239423364305,False
310.071775326,1790240818.910204,0.4329166666666667,0.6259999999999999,0.3852283565161073,False
310.271196896,1790240819.1096137,0.4863055555555556,0.636,0.48845153771582916,False
310.47129966700004,1790240819.3097162,0.4863055555555556,0.6022222222222222,0.4630798713750932,False
310.672325565,1790240819.5107546,0.47244444444444444,0.5754166666666668,0.3335156976775038,False
310.872737711,1790240819.7111497,0.4457777777777778,0.5213333333333334,0.33984702864852756,False
311.07250423,1790240819.910914,0.43599999999999994,0.591361111111111,0.4152989000428269,False
311.272824241,1790240820.1112378,0.48300000000000015,0.4921944444444446,0.41747202375334047,False
311.47307029200005,1790240820.3114803,0.4863055555555556,0.5936388888888888,0.4569698841473291,False
311.67104774200004,1790240820.5094597,0.5357777777777779,0.6100000000000002,0.3234027581241561,False
311.872070463,1790240820.7104967,0.4740000000000001,0.5562499999999998,0.41207548885054424,False
312.070851301,1790240820.9092593,0.4926666666666667,0.5562499999999998,0.42229532697179084,False
312.27144500900005,1790240821.109861,0.46275000000000005,0.6199999999999999,0.35667479759098975,False
312.47329866900003,1790240821.311681,0.49844444444444447,0.5256944444444442,0.43276388054768156,False
312.672771176,1790240821.5111558,0.5175277777777779,0.55375,0.4218622336282337,False
312.872650506,1790240821.7110624,0.4990833333333334,0.5803333333333333,0.4283756264243691,False
313.07060753900004,1790240821.909013,0.5047500000000001,0.5498888888888888,0.43834482107020156,False
313.270606245,1790240822.1090238,0.4768055555555557,0.51325,0.4389942510695076,False
313.472319487,1790240822.310731,0.47244444444444444,0.5294444444444446,0.3075863628705551,False
313.872382002,1790240822.7108057,0.4333333333333335,0.4614166666666668,0.4003795900801026,False
314.07109335900003,1790240822.9095144,0.40222222222222237,0.44000000000000017,0.3994350195845848,False
314.272456079,1790240823.1108708,0.44930555555555557,0.4686388888888889,0.29079134488060343,False
314.47249093,1790240823.3109012,0.43063888888888907,0.5128888888888888,0.4527130739643954,False
314.671315204,1790240823.5097282,0.4798611111111113,0.5160833333333333,0.45537504944575236,False
314.872969591,1790240823.7113903,0.47700000000000015,0.5229722222222223,0.4063719706813409,False
315.072191105,1790240823.910616,0.5026666666666667,0.5593333333333333,0.30151492527707546,False
315.271441213,1790240824.1098394,0.4990833333333334,0.5447777777777777,0.405722079424749,False
315.47108137500004,1790240824.3094904,0.4863055555555556,0.5319999999999999,0.41677697797453084,False
315.672365343,1790240824.510781,0.4863055555555556,0.5138888888888891,0.4061179515661223,False
315.87240613,1790240824.7108176,0.4395555555555556,0.5160000000000001,0.30978037103870404,False
316.071378321,1790240824.9097936,0.459,0.506638888888889,0.3137768831215566,False
316.272590518,1790240825.1110153,0.4740000000000001,0.538361111111111,0.401116629343267,False
316.47236557400004,1790240825.3107803,0.5192222222222224,0.5476388888888891,0.2909906188111233,False
316.671104586,1790240825.509522,0.4768055555555557,0.51325,0.4389942510695076,False
316.87226928300004,1790240825.7106855,0.7210833333333335,0.8083333333333336,0.1224448851068114,False
317.072311215,1790240825.9107227,0.34444444444444455,0.3716944444444443,0.6175769166708283,False
317.27232580400005,1790240826.1107407,0.23908333333333345,0.2666666666666669,0.7695963342782114,False
317.47148867000004,1790240826.3099062,0.3959166666666668,0.43236111111111103,0.5272038673399556,False
317.671347008,1790240826.5097678,0.27430555555555564,0.32222222222222235,0.5056894173577122,False
317.87222034800004,1790240826.7106311,0.2740833333333333,0.29319444444444454,0.5393980383040008,False
318.070030554,1790240826.9082704,0.3160833333333334,0.3640000000000001,0.44677357847468846,False
318.27294697400004,1790240827.1113586,0.4292500000000001,0.46569444444444436,0.4877358053480505,False
318.47268505,1790240827.3110802,0.324638888888889,0.3813055555555556,0.48096662758868214,False
318.67051473500004,1790240827.5089319,0.24980555555555561,0.28847222222222235,0.5181554109544833,False
318.87058291600005,1790240827.7089918,0.28375,0.32175000000000015,0.5316492500166348,False
319.072184331,1790240827.9105933,0.22800000000000004,0.2850000000000002,0.6106590103584439,False
319.272291731,1790240828.1107156,0.2301388888888889,0.3074722222222223,0.5193612074827975,False
319.472439183,1790240828.3108466,0.2950000000000001,0.3404166666666666,0.6878795109984019,False
319.67234720700003,1790240828.5107677,0.2895555555555556,0.346888888888889,0.4871496576783979,False
319.87258616900004,1790240828.7109964,0.23519444444444437,0.33075000000000004,0.5417863026807884,False
320.07254112000004,1790240828.910927,0.34911111111111126,0.3585833333333335,0.4690731529464699,False
320.27307237400004,1790240829.1114423,0.24122222222222228,0.296888888888889,0.6900255520429617,False
320.47197430100005,1790240829.3103986,0.24066666666666667,0.2885833333333334,0.559932965686366,False
320.67040383,1790240829.5088098,0.28575000000000006,0.3404166666666666,0.6835071528755946,False
320.87228139,1790240829.7107024,0.19325000000000012,0.26111111111111124,0.579878187280568,False
321.07205441300005,1790240829.9104679,0.33966666666666673,0.39333333333333326,0.6657165898082749,False
321.271245454,1790240830.1096587,0.30736111111111125,0.38024999999999987,0.6292995565257593,False
321.472597023,1790240830.3110147,0.27411111111111114,0.31233333333333346,0.5242996792224972,False
321.672712806,1790240830.5111227,0.24066666666666667,0.30736111111111125,0.5675324560554929,False
321.872356244,1790240830.7107682,0.26111111111111124,0.32625000000000026,0.6295658681463773,False
322.072276142,1790240830.910682,0.3604166666666668,0.42399999999999993,0.5673856223162905,False
322.271636558,1790240831.110061,0.2986666666666668,0.3443611111111111,0.6547762811423132,False
322.472317447,1790240831.3107338,0.5803611111111112,0.6185833333333335,0.22415817127604742,False
322.67278146,1790240831.5111847,0.24066666666666667,0.3166666666666667,0.5715071875592885,False
322.870951455,1790240831.7093675,0.4329166666666667,0.4811111111111112,0.30139334145637997,False
323.071140624,1790240831.9095602,0.2790277777777778,0.3266666666666668,0.520556359883998,False
323.27118020800003,1790240832.1095514,0.20133333333333336,0.2791111111111112,0.5447107332000476,False
323.47110369800004,1790240832.3095455,0.5812222222222223,0.6277500000000003,0.2947584042156526,False
323.67143146,1790240832.5098665,0.5435277777777778,0.629777777777778,0.22410153573804448,False
323.87291151700003,1790240832.7113364,0.5783055555555555,0.6262222222222223,0.2147311794727349,False
324.071491669,1790240832.9099278,0.5106666666666668,0.5844444444444443,0.35870076653936445,False
324.27133041900004,1790240833.1097684,0.52375,0.7048611111111113,0.36873379125879924,False
324.473330581,1790240833.3117156,0.4450833333333334,0.7548611111111112,0.36700185995845225,False
324.671076824,1790240833.5094912,0.39088888888888884,0.5782500000000002,0.21513465626225758,False
324.87115869900003,1790240833.709574,0.3739166666666668,0.5453333333333334,0.16911632696176748,False
325.072244119,1790240833.91069,0.4813333333333334,0.6073611111111112,0.21910652563164268,False
325.271337241,1790240834.1097615,0.4809166666666667,0.7625833333333334,0.26845464498915783,False
325.47273172300004,1790240834.311165,0.40222222222222237,0.5526388888888889,0.17074912333960457,False
325.670531976,1790240834.5089464,0.5488888888888888,0.645,0.21046065346206033,False
325.87248979400005,1790240834.7109005,0.5213611111111112,0.7625833333333334,0.28829389072556744,False
326.07098025700003,1790240834.909388,0.5947499999999999,0.87475,0.2364752588679473,False
326.270546608,1790240835.108948,0.5370833333333332,0.8496666666666667,0.2137182462127467,False
326.471478537,1790240835.309902,0.508,0.8328888888888888,0.20039457132777305,False
326.671186555,1790240835.5095952,0.5137777777777779,0.772,0.30518926671364843,False
326.87085795900003,1790240835.70927,0.4893333333333334,0.7360833333333335,0.34672448091971986,False
327.072518483,1790240835.91095,0.70225,0.92625,0.21510098396210164,False
327.272365304,1790240836.110794,0.9093055555555555,1.256888888888889,0.6551793058349816,False
327.472458687,1790240836.3108714,0.8275555555555557,0.8642222222222223,0.2529222793476984,False
327.67182425600004,1790240836.5102437,0.5711111111111113,0.5896666666666669,0.31789749975491166,False
327.872467329,1790240836.7108803,0.7360000000000001,0.9589166666666669,0.32980268687813374,False
328.072548056,1790240836.9109638,0.7685555555555558,1.0205555555555557,0.30391329892956476,False
328.27302987800005,1790240837.111389,0.8333055555555555,1.0422222222222222,0.27932635451559773,False
328.471405026,1790240837.3098083,0.9705833333333335,1.2004444444444444,0.28048976029760997,False
328.671162991,1790240837.5095885,0.7819166666666668,0.9680000000000001,0.3426691656543761,False
328.871144394,1790240837.7095492,0.8506944444444444,1.0395833333333333,0.1783559141835973,False
329.071218142,1790240837.9096277,0.6687500000000001,0.7654166666666667,0.14305974057046122,False
329.272967623,1790240838.1113813,0.7797500000000002,1.0588611111111113,0.3885159985624854,False
329.47258964900004,1790240838.311006,0.4735833333333334,0.8426666666666666,0.5074523892675105,False
329.671460684,1790240838.509864,0.5617500000000001,0.5896666666666669,0.31251321035559065,False
329.870630886,1790240838.7090259,0.645,0.7956388888888889,0.37515744124329253,False
330.070437549,1790240838.9088476,0.620416666666667,0.772,0.3679596791328059,False
330.270874838,1790240839.109286,0.5243333333333335,0.6336666666666667,0.37202310852526566,False
330.470574051,1790240839.3089745,0.49030555555555566,0.5847500000000002,0.2973695098934215,False
330.670072274,1790240839.5084724,0.5700833333333334,0.6094166666666667,0.15108036858775709,False
330.870888002,1790240839.7093153,0.7455833333333336,0.9,0.2818617515015187,False
331.072311596,1790240839.9107332,0.6315555555555556,0.6591388888888892,0.3054279787761802,False
331.272778936,1790240840.1111972,0.6333333333333335,0.6333333333333335,0.3033166110655915,False
331.47102741500004,1790240840.3094404,0.47244444444444444,0.548,0.31771071118861327,False
331.672384967,1790240840.510797,0.4539166666666667,0.5026666666666667,0.24938785370411587,False
331.87239339900003,1790240840.710797,0.4991944444444445,0.6847500000000001,0.31413878048895627,False
332.07291808400004,1790240840.9113228,0.49466666666666675,0.5617500000000001,0.26166391453013227,False
332.27119369800005,1790240841.1095939,0.5174722222222223,0.6091388888888888,0.36508165422235683,False
332.472549269,1790240841.3109436,0.4426666666666667,0.5462500000000001,0.33991814946733734,False
332.671399156,1790240841.5098073,0.4694444444444445,0.5666666666666669,0.22831403738355527,False
332.87130264,1790240841.7097154,0.4234166666666667,0.6111944444444444,0.3327566606747112,False
333.071229405,1790240841.9096284,0.4680000000000001,0.5055555555555555,0.3543311466232415,False
333.27031585400005,1790240842.1086538,0.5404722222222224,0.7862500000000001,0.4317830256749339,False
333.473429816,1790240842.311804,0.45941666666666675,0.7276666666666667,0.32560913971286076,False
333.671033865,1790240842.509437,0.41666666666666663,0.5562499999999998,0.3837714114977153,False
333.87242058100003,1790240842.7108462,0.44625000000000004,0.6220000000000001,0.3629424043848747,False
334.07091213300004,1790240842.9093285,0.41074999999999995,0.5287500000000002,0.2326163412343245,False
334.272911195,1790240843.1113262,0.4520000000000001,0.5890833333333334,0.4087779028834122,False
334.472238998,1790240843.310645,0.4309722222222223,0.5476388888888891,0.2502597506766817,False
334.67071544500004,1790240843.5091271,0.40758333333333335,0.6720277777777777,0.302425695858223,False
334.87275169400004,1790240843.7111642,0.3876666666666668,0.5854444444444445,0.20593905196068207,False
335.072956948,1790240843.9113617,0.44933333333333336,0.6934444444444445,0.2963893394225572,False
335.273006941,1790240844.111411,0.46377777777777773,0.5685833333333334,0.28801029358245867,False
335.473012454,1790240844.311438,0.4360833333333333,0.6617777777777778,0.4257680518143969,False
335.67151978600003,1790240844.5099256,0.43199999999999994,0.5688888888888891,0.22582988679689775,False
335.872292749,1790240844.7107186,0.41988888888888887,0.5799722222222222,0.33702256389971863,False
336.07155612500003,1790240844.9099777,0.5380833333333334,0.8854444444444445,0.5148538593412318,False
336.27111408400003,1790240845.1095445,0.5038888888888889,0.5622222222222225,0.21722478764342457,False
336.470771366,1790240845.3091927,0.5026666666666667,0.7006666666666667,0.3950732380770009,False
336.670611618,1790240845.5090237,0.5013333333333334,0.724,0.30331103703869144,False
336.87264302200003,1790240845.7110565,0.4234166666666667,0.6884444444444445,0.38612770405134345,False
337.0707603,1790240845.9091632,0.39074999999999993,0.6443055555555556,0.4445557945837456,False
337.27183414900003,1790240846.1102505,0.7804722222222225,0.8642222222222223,0.21737215029503787,False
337.47241799600005,1790240846.3108256,0.7840833333333334,1.1036666666666668,0.5660155210920484,False
337.87096135800005,1790240846.709364,0.8518055555555555,1.1908888888888887,0.4166478902240175,False
338.071396247,1790240846.9098136,0.8722500000000001,1.064138888888889,0.38934728757098613,False
338.272471241,1790240847.1108868,0.8908055555555555,1.03125,0.3696834411387929,False
338.47273873200004,1790240847.31114,0.49466666666666675,0.7384166666666668,0.3788888692031903,False
338.67139606200004,1790240847.5098102,0.6543055555555556,0.8688888888888889,0.45069655673924924,False
338.870783394,1790240847.7092025,0.6983333333333334,0.8207500000000001,0.19986364797105494,False
339.072711411,1790240847.9111254,0.5106666666666668,0.8367499999999999,0.5737293940578654,False
339.272414629,1790240848.1108282,0.5741944444444445,0.8764166666666666,0.3714556734554755,False
339.473197538,1790240848.3116148,0.9195555555555557,1.2022222222222225,0.38240569495992704,False
339.67299091200005,1790240848.5114007,0.8807777777777777,1.1616666666666668,0.38722343274578175,False
339.87259131800005,1790240848.7109993,0.8426666666666666,0.9371111111111111,0.1740179156305428,False
340.071026198,1790240848.9094636,0.8622222222222222,0.9728888888888887,0.23582893791330894,False
340.27120863600004,1790240849.1096606,0.8275555555555557,0.9,0.283510057861301,False
340.47277040100005,1790240849.3111715,0.8818888888888892,0.9,0.2818290970302082,False
340.670760175,1790240849.5091958,0.8055555555555555,1.006,0.2696873062445655,False
340.87055532,1790240849.7089634,0.6746666666666667,0.8595833333333334,0.37758936370809115,False
341.07269380500003,1790240849.9111202,0.8240000000000001,0.9546666666666666,0.20522351342588863,False
341.27054910000004,1790240850.108987,0.6575277777777779,0.772,0.3937587399314588,False
341.472216385,1790240850.3106482,0.8453333333333335,0.9526666666666667,0.3151458088743402,False
341.67053949300004,1790240850.5089571,0.8901944444444444,1.0844444444444443,0.2373927828243272,False
341.872625425,1790240850.7110612,0.4735833333333334,0.5960000000000001,0.3085350100034351,False
342.07067082400005,1790240850.909083,0.89075,1.0236666666666667,0.3438248104789817,False
342.270800552,1790240851.1092095,0.8543055555555558,1.0123055555555558,0.36736959092131716,False
342.471063145,1790240851.3094935,0.8257777777777778,0.8909166666666668,0.21314280846840328,False
342.672696471,1790240851.5111,0.8066666666666666,0.7677777777777777,0.1097453327797846,False
342.87233328,1790240851.7107406,0.3975555555555556,0.37888888888888905,0.4762932620626097,False
343.071127639,1790240851.909535,0.3063333333333334,0.3545277777777779,0.4392619773282702,False
343.27276836100003,1790240852.1111948,0.3555555555555556,0.412888888888889,0.40244609501953654,False
343.47179719900004,1790240852.310213,0.4005555555555556,0.4392222222222223,0.32725178673011546,False
343.67082187,1790240852.5092444,0.47533333333333333,0.5686666666666667,0.3435605380138038,False
343.87096816,1790240852.709339,0.41666666666666663,0.4926666666666667,0.34807119780708173,False
344.07127564800004,1790240852.9096935,0.3798055555555555,0.46955555555555556,0.22847523583631113,False
344.272255898,1790240853.11067,0.42974999999999997,0.5888888888888888,0.34683431973071455,False
344.47288958400003,1790240853.311303,0.47075,0.5847500000000002,0.2880405764063463,False
344.671571546,1790240853.5099828,0.37644444444444436,0.4849166666666668,0.25728939458937017,False
344.872886849,1790240853.7112832,0.42311111111111105,0.5093611111111113,0.3112491486011377,False
345.072932512,1790240853.9113393,0.38319444444444434,0.47244444444444444,0.24247540706587167,False
345.27280718500003,1790240854.1112287,0.37644444444444436,0.47533333333333333,0.25288596491636306,False
345.47264253500003,1790240854.311051,0.530888888888889,0.5875555555555557,0.28165062145149666,False
345.670996682,1790240854.5094032,0.58,0.7841111111111111,0.26792937962942753,False
345.870482083,1790240854.7088947,0.43000000000000016,0.51325,0.4146896377540811,False
346.072293064,1790240854.910714,0.3594444444444445,0.5920000000000002,0.5241548534932859,False
346.27153591200005,1790240855.1099417,0.3499166666666667,0.4553333333333334,0.3735390553593506,False
346.47231006600003,1790240855.310727,0.6923611111111111,0.7493611111111113,0.18680908332159452,False
346.672407239,1790240855.510811,0.6366666666666666,0.6270277777777777,0.18358084867258873,False
346.871033678,1790240855.7094657,0.6316666666666667,0.8918611111111111,0.3319189183183693,False
347.07288346,1790240855.9112933,0.6577500000000001,0.89175,0.31890526706133027,False
347.272805372,1790240856.1112213,0.6742500000000001,0.6651111111111113,0.31009386941157757,False
347.471408008,1790240856.3098214,0.586,0.8445833333333334,0.3643809573039061,False
347.67306502900004,1790240856.5113306,0.635,0.8342222222222222,0.3128585289075243,False
347.8729422,1790240856.711339,0.6280000000000001,0.7963611111111112,0.37895440899493116,False
348.07005634200004,1790240856.908442,0.5476388888888891,0.5847500000000002,0.32749854248101873,False
348.27046164,1790240857.1088498,0.5947500000000002,0.5760833333333336,0.2978021998848954,False
348.47282345400004,1790240857.3112235,0.5555555555555557,0.6034722222222224,0.22776900730414873,False
348.67106041200003,1790240857.5094755,0.5896666666666669,0.6080000000000001,0.34029732613573394,False
348.871125708,1790240857.709483,0.6333333333333334,0.7000277777777779,0.19938653505038628,False
349.07229356000005,1790240857.9106958,0.6770833333333334,0.6866666666666668,0.17730367034931893,False
349.271321665,1790240858.1097507,0.5854444444444445,0.7773333333333335,0.4380210609544891,False
349.47214592200004,1790240858.310578,0.6130833333333332,0.7064166666666666,0.2583165934678404,False
349.67079496300005,1790240858.5092132,0.6204444444444447,0.7845833333333334,0.4540817507503577,False
349.872785473,1790240858.7112098,0.586,0.9599999999999999,0.4832356521003137,False
350.071919099,1790240858.9103174,0.6510833333333335,0.6416666666666668,0.2396442191677155,False
350.271405383,1790240859.109817,0.6280000000000001,0.9519166666666667,0.5408092072988357,False
350.472371931,1790240859.3107867,0.6604444444444445,0.7941944444444443,0.3549770795287295,False
350.672763164,1790240859.5111794,0.7013333333333333,0.7795833333333335,0.4183643712142502,False
350.871044391,1790240859.709451,0.64,0.6775555555555556,0.2419742587555811,False
351.072364013,1790240859.910776,0.6368888888888891,0.791888888888889,0.4575722399729474,False
351.272470558,1790240860.1108804,0.6280000000000001,0.7366666666666667,0.3305474626253112,False
351.47305325,1790240860.311466,0.7166666666666666,0.8606944444444444,0.47677830313374414,False
351.672623803,1790240860.5110343,0.6577500000000001,0.8324444444444444,0.2681079589348603,False
351.870546956,1790240860.7089577,0.6557777777777778,0.80925,0.3202194410620106,False
352.071117877,1790240860.9095302,0.6333333333333334,0.8837777777777779,0.3406639127005274,False
352.271149056,1790240861.1095524,0.7493611111111113,0.9653333333333335,0.4130448259861854,False
352.470720755,1790240861.309136,0.7465277777777779,0.8207500000000001,0.2319804709153619,False
352.672624127,1790240861.5110343,0.8049722222222222,0.9,0.4100451014514178,False
352.870909364,1790240861.709327,0.6866666666666668,0.815,0.2730317001538516,False
353.07223632800003,1790240861.910644,0.66525,0.7025833333333333,0.24704268974368104,False
353.272088444,1790240862.1105037,0.6244444444444445,0.6149166666666667,0.22109007379762047,False
353.47266405100004,1790240862.3110807,0.5976388888888887,0.7616388888888886,0.31657030682424825,False
353.67135246500004,1790240862.5097656,0.83525,0.9179999999999999,0.24333854167950286,False
353.872408542,1790240862.710753,0.6667500000000002,0.62875,0.2153259130042795,False
354.070843362,1790240862.9092455,0.6511388888888889,0.6862500000000001,0.42297144580319224,False
354.27090297700005,1790240863.109325,0.5526388888888889,0.590638888888889,0.2568624436730538,False
354.471846346,1790240863.3102431,0.5406666666666667,0.68025,0.29310403066873114,False
354.672198722,1790240863.5106208,0.5708611111111112,0.6070833333333334,0.3817585185748379,False
354.87237771300005,1790240863.710793,0.5807777777777777,0.7855277777777779,0.13550728504682685,False
355.07287936100005,1790240863.9112926,0.44133333333333347,0.73375,0.09283976772389968,False
355.271160064,1790240864.1095707,0.36274999999999996,0.5011944444444446,0.24851696810741442,False
355.472500829,1790240864.3109088,0.4630833333333334,0.2004166666666671,0.03707205822695059,False
355.67298357000004,1790240864.5113828,0.23480555555555555,0.4099999999999999,0.2296419519243822,False
355.87252235,1790240864.7109363,0.3395833333333335,0.2513333333333334,0.4268363754268175,False
356.06871919300005,1790240864.9071581,-0.5906666666666668,0.19474999999999995,0.5951700017813596,False
356.271026783,1790240865.1094508,0.0900000000000002,0.3398055555555556,0.18405547431174707,False
356.472343275,1790240865.3107605,0.20933333333333345,0.4766944444444445,0.09790101813895613,False
356.670700124,1790240865.5091338,0.4930277777777778,0.5960000000000001,0.3180592633261894,False
356.872347035,1790240865.710768,0.6100000000000002,0.591777777777778,0.3562844381232264,False
357.072438159,1790240865.9108632,0.59375,0.7684444444444444,0.29155859203299817,False
357.27253032500005,1790240866.1109421,0.5064444444444443,0.662,0.18762864802649748,False
357.47281863700005,1790240866.3112323,0.7444444444444444,0.9184444444444445,0.1205245777868289,False
357.670283035,1790240866.5086489,0.744638888888889,0.8648888888888888,0.23647748729476148,False
357.870422909,1790240866.708851,0.49030555555555566,0.5287500000000002,0.2667411264879658,False
358.072162892,1790240866.9106035,0.7020000000000001,0.7679166666666668,0.20565088154850897,False
358.271258127,1790240867.1096823,0.4509166666666667,0.4813333333333334,0.14505741184055188,False
358.47255477500005,1790240867.3109782,0.406,0.6717777777777779,0.08082871700324645,False
358.67216011600004,1790240867.5106013,0.2972222222222223,0.5619722222222223,0.2822347166129604,False
358.872274208,1790240867.7106843,0.24763888888888894,0.4863055555555556,0.29910945286426105,False
359.07224449700004,1790240867.91062,0.456,0.6649166666666666,0.3977529017010424,False
359.27237530800005,1790240868.1107936,0.9786666666666667,1.0629166666666667,0.2098074870566311,False
359.471374969,1790240868.3097932,0.728888888888889,0.7559722222222222,0.31469447028715214,False
359.671278748,1790240868.509695,0.4395555555555556,0.48775000000000013,0.2955644116817411,False
359.872411801,1790240868.7108588,0.467638888888889,0.5675555555555555,0.42891185236120344,False
360.07202010900005,1790240868.910451,0.4820833333333333,0.5387500000000001,0.317277202247642,False
360.272313524,1790240869.1107376,0.6910833333333334,0.7855277777777779,0.1973894900154478,False
360.471163965,1790240869.3095698,0.7474722222222223,0.8031388888888891,0.2336261433434832,False
360.67245279900004,1790240869.5108669,0.5956944444444444,0.6804444444444445,0.2444226760285555,False
360.87231215,1790240869.7107239,0.5488888888888888,0.645,0.21046065346206033,False
361.072711919,1790240869.91114,0.5406666666666667,0.6533333333333334,0.2754341840998642,False
361.27189017300003,1790240870.1103127,0.4987499999999998,0.7178888888888888,0.23215919692592912,False
361.47040462300004,1790240870.3088028,0.5511111111111111,0.6466666666666667,0.22529131136288894,False
361.672480855,1790240870.5108829,0.4457777777777778,0.5845277777777778,0.3769564203973472,False
361.872452392,1790240870.7108767,0.7222222222222223,0.7959999999999999,0.25368309689253565,False
362.07050126800004,1790240870.9089122,0.7973333333333332,0.8324444444444444,0.37172428531759183,False
362.47264112000005,1790240871.3110585,1.079,1.1883333333333332,0.3212135631871019,False
362.67138208,1790240871.5097961,0.16486111111111126,0.5044166666666667,0.13518901085536683,False
362.87219606800005,1790240871.7106104,0.26800000000000007,0.3933333333333333,0.1766724035754803,False
363.07171734300005,1790240871.9101274,0.43625,0.7264444444444446,0.3009682654510907,False
363.271290598,1790240872.1096985,0.40124999999999994,0.6060000000000001,0.234231527253691,False
363.472526096,1790240872.3109167,0.4666666666666668,0.5981111111111111,0.31914051924465026,False
363.67157054700004,1790240872.5099814,0.41074999999999995,0.5287500000000002,0.2326163412343245,False
363.872329325,1790240872.7107542,0.5026666666666667,0.5026666666666667,0.27182081112072476,False
364.072570133,1790240872.910983,-1.1777777777777774,0.4555555555555556,0.8227069642501478,False
364.47284305,1790240873.3112679,0.5013333333333334,0.5013333333333334,0.1747312419791538,False
364.67237453200005,1790240873.5107968,0.4271111111111111,0.5431111111111113,0.27033674448726375,False
364.87119976300005,1790240873.7096193,0.5260000000000001,0.5260000000000001,0.22169206624452586,False
365.072503802,1790240873.9109113,0.476,0.5458055555555557,0.16069306351418566,False
365.27188507600005,1790240874.1103065,0.5174722222222223,0.5548055555555557,0.33185058242382537,False
365.470392596,1790240874.3087933,0.3316666666666668,0.5571944444444445,0.266592252156745,False
365.671814552,1790240874.5102332,0.7045833333333333,0.8192500000000001,0.1610128341860526,False
365.872640101,1790240874.711067,0.5383333333333334,0.5383333333333334,0.19727861885041675,False
366.07248153100005,1790240874.9108987,0.47866666666666674,0.4987777777777779,0.15208931069647935,False
366.271813897,1790240875.1102235,0.33333333333333337,0.35366666666666663,0.24671524373615972,False
366.47270835100005,1790240875.311125,0.509638888888889,0.4208888888888889,0.22728347353926948,False
366.672518167,1790240875.5109246,0.4001388888888888,0.44999999999999996,0.22748479283566092,False
366.87211850200003,1790240875.7105522,0.35577777777777786,0.5070277777777779,0.19128677945952388,False
367.07268488200003,1790240875.9110944,0.3099166666666668,0.41777777777777797,0.3421308084517575,False
367.271979175,1790240876.1103833,0.336,0.3844722222222224,0.3825115203232762,False
367.472258262,1790240876.3106794,0.39675000000000005,0.4165277777777777,0.26971166761944443,False
367.67095546900003,1790240876.5093536,0.39675000000000005,0.4066666666666666,0.26577968511432615,False
367.872469351,1790240876.7108774,0.538361111111111,0.43599999999999994,0.3820831660530406,False
368.072408021,1790240876.9108274,0.5055555555555555,0.4774722222222223,0.3590781874921348,False
368.27132210300005,1790240877.1097271,0.7804722222222225,0.722138888888889,0.11785003679997219,False
368.472396036,1790240877.31082,0.5380833333333334,0.47941666666666677,0.21804529387265426,False
368.676338883,1790240877.5147417,0.4234166666666667,0.45300000000000007,0.2493291065281722,False
368.87122180700004,1790240877.709645,0.25455555555555565,0.3595555555555556,0.18379156444464284,False
369.072944075,1790240877.9113562,0.37666666666666654,0.44802777777777775,0.1729270952765618,False
369.270575705,1790240878.1089785,0.5055555555555555,0.4680000000000001,0.3543311466232415,False
369.470653228,1790240878.3090498,0.4591388888888891,0.4222500000000002,0.45537202378214103,False
369.67095898,1790240878.5093193,0.34,0.3786666666666668,0.39302064215575694,False
369.870513585,1790240878.7089205,0.3280000000000001,0.43402777777777796,0.3786228306945718,False
370.070476523,1790240878.9088817,0.6916666666666669,0.4890000000000002,0.598233498788791,False
370.27108712,1790240879.1095023,0.5896666666666669,0.48300000000000015,0.47938789783343916,False
370.47228829100004,1790240879.3107162,0.5249999999999999,0.5249999999999999,0.48836584596260346,False
370.67085929800004,1790240879.5092816,0.5546666666666669,0.5546666666666669,0.3012058381339139,False
370.870604007,1790240879.7090166,0.4589999999999999,0.9817499999999999,0.016299903598975485,False
371.072392159,1790240879.9108078,0.06686111111111145,0.43708333333333343,0.1415148893735363,False
371.27284051500004,1790240880.1112525,0.21111111111111117,0.5111111111111112,0.29168579754909874,False
371.472470066,1790240880.3108847,0.21800000000000003,0.70925,-0.038036037444432846,False
371.672884307,1790240880.511292,0.18833333333333319,0.7244444444444446,0.023242073661128293,False
371.871947971,1790240880.7103643,0.08666666666666661,0.6173333333333333,0.013031296245147983,False
372.071744502,1790240880.910146,0.04200000000000006,0.672,-0.14039994445987114,False
372.27275910900005,1790240881.1111794,0.21563888888888913,0.5488888888888888,0.05235387338673392,False
372.473106162,1790240881.3115168,0.4212499999999999,0.852361111111111,-0.09718609131548117,False
372.67291665100004,1790240881.5113344,0.35675000000000023,0.7620833333333334,-0.037295192003454325,False
372.872487191,1790240881.7109008,0.1578055555555555,0.536,0.0710567927541148,False
373.072543774,1790240881.9109578,0.6800833333333334,0.9678611111111113,-0.030087038250124154,False
373.272684732,1790240882.1110835,0.6426666666666668,0.9882500000000001,-0.07347788225932317,False
373.47050146400005,1790240882.308873,0.46380555555555536,0.9468055555555556,-0.046307411628168316,False
373.670736797,1790240882.509126,0.7544722222222221,1.0958055555555555,-0.125651377549449,False
373.872345155,1790240882.7107868,0.526,0.8715833333333334,-0.04898721011563145,False
374.072385435,1790240882.9108083,1.072,0.9593333333333334,0.20154856477149852,False
374.272900456,1790240883.1113093,0.9202222222222224,0.9698055555555557,0.05037275712235889,False
374.47128963800003,1790240883.3097026,0.9520833333333333,1.0905277777777778,0.0694365143220157,False
374.66845043,1790240883.5068278,1.1527777777777777,1.0310833333333334,0.23118263731171051,False
374.86484095900005,1790240883.7032275,0.9862222222222222,1.1672222222222222,0.040889991960321614,False
375.067405778,1790240883.905925,0.8888611111111114,1.1797499999999999,-0.0483752677405207,False
375.27049341000003,1790240884.1090317,0.80325,1.0022222222222221,-0.08652084541991312,False
375.470790513,1790240884.3093162,0.2542499999999999,0.6301388888888889,-0.07083256388585846,False
375.67050964500004,1790240884.5090413,1.131,1.1506666666666667,0.11813485446848815,False
375.872265346,1790240884.7107944,0.9205555555555557,0.980888888888889,0.015463329916143298,False
376.072503073,1790240884.9110293,1.1773333333333333,1.2069166666666666,0.13392179424172235,False
376.27095767000003,1790240885.1095088,0.454361111111111,0.3993611111111113,0.4911942856025464,False
376.47056404100005,1790240885.309107,0.41666666666666663,0.4551111111111112,0.3295553774521194,False
376.670698904,1790240885.5092123,0.6602222222222223,0.756888888888889,0.14582244556546087,False
376.872171426,1790240885.7107458,0.5844722222222224,0.6951388888888889,0.30116360368429795,False
377.070767481,1790240885.9093258,0.5786944444444443,0.49844444444444447,0.46719397470262936,False
