time_s,stamp_s,ref_left,ref_right,meas_left,meas_right
0.058167343,1790241579.5115178,0.0,0.0,0.0,0.0
0.062377819,1790241579.515692,0.0,0.0,0.0,0.0
0.065543867,1790241579.5188687,0.0,0.0,0.0,0.0
0.069891374,1790241579.5231826,0.0,0.0,0.0,0.0
0.07233065000000001,1790241579.5256033,0.0,0.0,0.0,0.0
0.07553357200000001,1790241579.5289342,0.0,0.0,0.0,0.0
0.077837847,1790241579.5310934,0.0,0.0,0.0,0.0
0.080046184,1790241579.533329,0.0,0.0,0.0,0.0
0.08214473,1790241579.5354166,0.0,0.0,0.0,0.0
0.08437296300000001,1790241579.537629,0.0,0.0,0.0,0.0
0.086484581,1790241579.539773,0.0,0.0,0.0,0.0
0.08867849100000001,1790241579.5419686,0.0,0.0,0.0,0.0
0.090820787,1790241579.5441196,0.0,0.0,0.0,0.0
0.09309782200000001,1790241579.5463896,0.0,0.0,0.0,0.0
0.09550621200000001,1790241579.5488133,0.0,0.0,0.0,0.0
0.098785332,1790241579.552707,0.0,0.0,0.0,0.0
0.10251705700000001,1790241579.5559022,0.0,0.0,0.0,0.0
0.104973728,1790241579.5582337,0.0,0.0,0.0,0.0
0.10717211800000001,1790241579.5604365,0.0,0.0,0.0,0.0
0.109464986,1790241579.5637987,0.0,0.0,0.0,0.0
0.11291546100000001,1790241579.566224,0.0,0.0,0.0,0.0
0.11518645500000001,1790241579.5684447,0.0,0.0,0.0,0.0
0.11833521100000001,1790241579.571593,0.0,0.0,0.0,0.0
0.12056886000000001,1790241579.5738742,0.0,0.0,0.0,0.0
0.12272360400000001,1790241579.5760014,0.0,0.0,0.0,0.0
0.12505496200000002,1790241579.5783386,0.0,0.0,0.0,0.0
0.127280851,1790241579.5805483,0.0,0.0,0.0,0.0
0.129522001,1790241579.5828047,0.0,0.0,0.0,0.0
0.13190679700000002,1790241579.5851948,0.0,0.0,0.0,0.0
0.13410378,1790241579.5873709,0.0,0.0,0.0,0.0
0.13635154500000002,1790241579.5896182,0.0,0.0,0.0,0.0
0.13853326700000002,1790241579.5918005,0.0,0.0,0.0,0.0
0.14077519800000002,1790241579.5941157,0.0,0.0,0.0,0.0
0.14303431700000002,1790241579.5963197,0.0,0.0,0.0,0.0
0.14539859200000002,1790241579.5986836,0.0,0.0,0.0,0.0
0.147530835,1790241579.6008832,0.0,0.0,0.0,0.0
0.149786464,1790241579.6030555,0.0,0.0,0.0,0.0
0.15200907300000002,1790241579.6052818,0.0,0.0,0.0,0.0
0.15420803500000002,1790241579.6074822,0.0,0.0,0.0,0.0
0.156426528,1790241579.6096864,0.0,0.0,0.0,0.0
0.158592053,1790241579.611856,0.0,0.0,0.0,0.0
0.16090257800000002,1790241579.6141558,0.0,0.0,0.0,0.0
0.16304320700000002,1790241579.6163242,0.0,0.0,0.0,0.0
0.16533847100000001,1790241579.6186473,0.0,0.0,0.0,0.0
0.167510715,1790241579.6209815,0.0,0.0,0.0,0.0
0.169884938,1790241579.6231601,0.0,0.0,0.0,0.0
0.172041608,1790241579.6253252,0.0,0.0,0.0,0.0
0.17425447700000002,1790241579.6275196,0.0,0.0,0.0,0.0
0.176566043,1790241579.6298392,0.0,0.0,0.0,0.0
0.17870511,1790241579.6319573,0.0,0.0,0.0,0.0
0.18091959300000002,1790241579.6341977,0.0,0.0,0.0,0.0
0.182997305,1790241579.6362548,0.0,0.0,0.0,0.0
0.185450642,1790241579.6387057,0.0,0.0,0.0,0.0
0.187677053,1790241579.641032,0.0,0.0,0.0,0.0
0.18986080600000002,1790241579.643145,0.0,0.0,0.0,0.0
0.192112529,1790241579.6454148,0.0,0.0,0.0,0.0
0.19433487700000002,1790241579.6476104,0.0,0.0,0.0,0.0
0.19653368300000001,1790241579.6497931,0.0,0.0,0.0,0.0
0.218977317,1790241579.6722465,0.0,0.0,0.0,0.0
0.221155081,1790241579.6743944,0.0,0.0,0.0,0.0
0.23771354800000002,1790241579.690966,0.0,0.0,0.0,0.0
0.239820218,1790241579.6930845,0.0,0.0,0.0,0.0
0.257629156,1790241579.7108858,0.0,0.0,0.0,0.0
0.25973728500000004,1790241579.713,0.0,0.0,0.0,0.0
0.27761877500000004,1790241579.7308857,0.0,0.0,0.0,0.0
0.279812373,1790241579.7330675,0.0,0.0,0.0,0.0
0.297509071,1790241579.7507634,0.0,0.0,0.0,0.0
0.29954397,1790241579.752924,0.0,0.0,0.0,0.0
0.317648898,1790241579.7709022,0.0,0.0,0.0,0.0
0.31972405800000003,1790241579.7729743,0.0,0.0,0.0,0.0
0.33744565200000004,1790241579.7907302,0.0,0.0,0.0,0.0
0.33949273900000004,1790241579.7929547,0.0,0.0,0.0,0.0
0.35760245900000004,1790241579.810863,0.0,0.0,0.0,0.0
0.359781369,1790241579.8131006,0.0,0.0,0.0,0.0
0.377569213,1790241579.830924,0.0,0.0,0.0,0.0
0.379699269,1790241579.8329911,0.0,0.0,0.0,0.0
0.39743862300000005,1790241579.8507142,0.0,0.0,0.0,0.0
0.39947862700000003,1790241579.8527966,0.0,0.0,0.0,0.0
0.41745006500000004,1790241579.8707054,0.0,0.0,0.0,0.0
0.41939980800000004,1790241579.8727021,0.0,0.0,0.0,0.0
0.437822341,1790241579.891116,0.0,0.0,0.0,0.0
0.43990864700000004,1790241579.8932214,0.0,0.0,0.0,0.0
0.45758716800000004,1790241579.9108577,0.0,0.0,0.0,0.0
0.45967665100000005,1790241579.9129212,0.0,0.0,0.0,0.0
0.47754262000000003,1790241579.930797,0.0,0.0,0.0,0.0
0.479652467,1790241579.932933,0.0,0.0,0.0,0.0
0.49760317600000004,1790241579.9508708,0.0,0.0,0.0,0.0
0.499664066,1790241579.9529312,0.0,0.0,0.0,0.0
0.517569566,1790241579.9709187,0.0,0.0,0.0,0.0
0.5197727990000001,1790241579.973034,0.0,0.0,0.0,0.0
0.537486216,1790241579.9907444,0.0,0.0,0.0,0.0
0.539492886,1790241579.9928055,0.0,0.0,0.0,0.0
0.557551356,1790241580.0108204,0.0,0.0,0.0,0.0
0.55967287,1790241580.012942,0.0,0.0,0.0,0.0
0.57743212,1790241580.0306838,0.0,0.0,0.0,0.0
0.5794214990000001,1790241580.0327206,0.0,0.0,0.0,0.0
0.59755575,1790241580.0508156,0.0,0.0,0.0,0.0
0.599526431,1790241580.0528321,0.0,0.0,0.0,0.0
0.617573598,1790241580.0708525,0.0,0.0,0.0,0.0
0.619658237,1790241580.072922,0.0,0.0,0.0,0.0
0.637503477,1790241580.0907998,0.0,0.0,0.0,0.0
0.6395577,1790241580.0928934,0.0,0.0,0.0,0.0
0.657430127,1790241580.1106863,0.0,0.0,0.0,0.0
0.659422995,1790241580.11271,0.0,0.0,0.0,0.0
0.677488288,1790241580.1307707,0.0,0.0,0.0,0.0
0.679481937,1790241580.132821,0.0,0.0,0.0,0.0
0.697519053,1790241580.1507745,0.0,0.0,0.0,0.0
0.699573588,1790241580.1528783,0.0,0.0,0.0,0.0
0.717497421,1790241580.1707683,0.0,0.0,0.0,0.0
0.719521383,1790241580.1728306,0.0,0.0,0.0,0.0
0.737586936,1790241580.1908514,0.0,0.0,0.0,0.0
0.739570846,1790241580.192863,0.0,0.0,0.0,0.0
0.757426347,1790241580.210792,0.0,0.0,0.0,0.0
0.7595258290000001,1790241580.2128344,0.0,0.0,0.0,0.0
0.777223361,1790241580.2304606,0.0,0.0,0.0,0.0
0.7791270100000001,1790241580.232379,0.0,0.0,0.0,0.0
0.797316522,1790241580.2506058,0.0,0.0,0.0,0.0
0.7991839730000001,1790241580.252377,0.0,0.0,0.0,0.0
0.817446297,1790241580.2706847,0.0,0.0,0.0,0.0
0.8192920290000001,1790241580.2724795,0.0,0.0,0.0,0.0
0.8372747180000001,1790241580.2905102,0.0,0.0,0.0,0.0
0.839134877,1790241580.2923245,0.0,0.0,0.0,0.0
0.8573076180000001,1790241580.3105505,0.0,0.0,0.0,0.0
0.859111944,1790241580.312299,0.0,0.0,0.0,0.0
0.877276664,1790241580.3305097,0.0,0.0,0.0,0.0
0.8790490630000001,1790241580.3322287,0.0,0.0,0.0,0.0
0.897283158,1790241580.350518,0.0,0.0,0.0,0.0
0.8990432650000001,1790241580.3522332,0.0,0.0,0.0,0.0
0.9169616820000001,1790241580.3701966,0.0,0.0,0.0,0.0
0.9185887680000001,1790241580.37177,0.0,0.0,0.0,0.0
0.9370239050000001,1790241580.3902695,0.0,0.0,0.0,0.0
0.938585679,1790241580.3917572,0.0,0.0,0.0,0.0
0.956986753,1790241580.4102452,0.0,0.0,0.0,0.0
0.958858007,1790241580.4121637,0.0,0.0,0.0,0.0
0.977179341,1790241580.4303985,0.0,0.0,0.0,0.0
0.9787247090000001,1790241580.4318871,0.0,0.0,0.0,0.0
0.997053387,1790241580.4502609,0.0,0.0,0.0,0.0
0.9986248480000001,1790241580.4517899,0.0,0.0,0.0,0.0
1.017223787,1790241580.4704628,0.0,0.0,0.0,0.0
1.018993843,1790241580.4721842,0.0,0.0,0.0,0.0
1.0373188230000001,1790241580.490583,0.0,0.0,0.0,0.0
1.0391235140000001,1790241580.4922996,0.0,0.0,0.0,0.0
1.057370994,1790241580.5106122,0.0,0.0,0.0,0.0
1.059135685,1790241580.51234,0.0,0.0,0.0,0.0
1.07745879,1790241580.5306883,0.0,0.0,0.0,0.0
1.079220356,1790241580.5323946,0.0,0.0,0.0,0.0
1.0971946590000001,1790241580.5504549,0.0,0.0,0.0,0.0
1.099065235,1790241580.5522673,0.0,0.0,0.0,0.0
1.1172437050000001,1790241580.570545,0.0,0.0,0.0,0.0
1.119094698,1790241580.5722978,0.0,0.0,0.0,0.0
1.1372476470000001,1790241580.590492,0.0,0.0,0.0,0.0
1.1390203060000001,1790241580.5921986,0.0,0.0,0.0,0.0
1.1572309630000002,1790241580.6104572,0.0,0.0,0.0,0.0
1.159052894,1790241580.6122696,0.0,0.0,0.0,0.0
1.177245947,1790241580.6304984,0.0,0.0,0.0,0.0
1.179018815,1790241580.6322055,0.0,0.0,0.0,0.0
1.197264472,1790241580.6505013,0.0,0.0,0.0,0.0
1.199050725,1790241580.6522336,0.0,0.0,0.0,0.0
1.217288049,1790241580.670523,0.0,0.0,0.0,0.0
1.219059563,1790241580.672239,0.0,0.0,0.0,0.0
1.2372261580000001,1790241580.6904778,0.0,0.0,0.0,0.0
1.239131682,1790241580.6923385,0.0,0.0,0.0,0.0
1.257277339,1790241580.7105157,0.0,0.0,0.0,0.0
1.259081821,1790241580.7122674,0.0,0.0,0.0,0.0
1.277324198,1790241580.7305853,0.0,0.0,0.0,0.0
1.2791584200000001,1790241580.7323477,0.0,0.0,0.0,0.0
1.297542879,1790241580.7507827,0.0,0.0,0.0,0.0
1.29934783,1790241580.752527,0.0,0.0,0.0,0.0
1.317248331,1790241580.77049,0.0,0.0,0.0,0.0
1.319078022,1790241580.7722573,0.0,0.0,0.0,0.0
1.3373791480000001,1790241580.7906153,0.0,0.0,0.0,0.0
1.339166287,1790241580.7923462,0.0,0.0,0.0,0.0
1.357313975,1790241580.810618,0.0,0.0,0.0,0.0
1.3592999680000002,1790241580.8125153,0.0,0.0,0.0,0.0
1.377318542,1790241580.830554,0.0,0.0,0.0,0.0
1.379182087,1790241580.8323772,0.0,0.0,0.0,0.0
1.397270244,1790241580.8505263,0.0,0.0,0.0,0.0
1.3990947260000002,1790241580.8523004,0.0,0.0,0.0,0.0
1.4174368940000002,1790241580.8706782,0.0,0.0,0.0,0.0
1.419237418,1790241580.8724153,0.0,0.0,0.0,0.0
1.4370272940000002,1790241580.8902647,0.0,0.0,0.0,0.0
1.438616515,1790241580.891801,0.0,0.0,0.0,0.0
1.4571009750000001,1790241580.9103215,0.0,0.0,0.0,0.0
1.458661707,1790241580.9118235,0.0,0.0,0.0,0.0
1.477043407,1790241580.9302745,0.0,0.0,0.0,0.0
1.478736795,1790241580.9319565,0.0,0.0,0.0,0.0
1.497041046,1790241580.9502902,0.0,0.0,0.0,0.0
1.4986131850000002,1790241580.9517977,0.0,0.0,0.0,0.0
1.517127853,1790241580.9703538,0.0,0.0,0.0,0.14
1.518694314,1790241580.971873,0.0,0.0,0.0,0.0
1.5373581490000001,1790241580.9906292,0.0,0.0,0.0,0.14
1.5391981000000001,1790241580.9923785,0.0,0.0,0.0,0.0
1.5574651640000001,1790241581.0107043,0.0,0.0,0.0,0.0
1.559313344,1790241581.0125122,0.0,0.0,0.0,0.0
1.577269158,1790241581.0305061,0.0,0.0,0.0,0.0
1.579082703,1790241581.0322704,0.0,0.0,0.0,0.0
1.5973217970000002,1790241581.0505803,0.0,0.0,0.0,0.0
1.599155915,1790241581.0523355,0.0,0.0,0.0,0.0
1.617407406,1790241581.0706434,0.0,0.0,0.0,0.0
1.619192565,1790241581.0723708,0.0,0.0,0.0,0.0
1.6371005140000001,1790241581.0903456,0.0,0.0,0.0,0.0
1.6387712460000001,1790241581.0919619,0.0,0.0,0.0,0.0
1.6569977370000002,1790241581.1102338,0.0,0.0,0.0,0.0
1.658598,1790241581.1117706,0.0,0.0,0.0,0.0
1.6769820430000002,1790241581.130203,0.0,0.0,0.0,0.0
1.6785388170000002,1790241581.1317136,0.0,0.0,0.0,0.0
1.6970069220000001,1790241581.150226,0.0,0.0,0.0,0.0
1.6987076550000002,1790241581.1518831,0.0,0.0,0.0,0.0
1.7170115410000002,1790241581.1702404,0.0,0.0,0.0,0.0
1.71861795,1790241581.171801,0.0,0.0,0.0,0.0
1.7373439730000002,1790241581.1906147,0.0,0.0,0.0,0.0
1.739290591,1790241581.1924918,0.0,0.0,0.0,0.0
1.7572708320000001,1790241581.2105725,0.0,0.0,0.0,0.0
1.759279064,1790241581.2125468,0.0,0.0,0.0,0.0
1.777520347,1790241581.230781,0.0,0.0,0.0,0.0
1.7793454020000001,1790241581.2325246,0.0,0.0,0.0,0.0
1.7973169960000002,1790241581.2505953,0.0,0.0,0.0,0.0
1.79913601,1790241581.2523177,0.0,0.0,0.0,0.0
1.8174065110000002,1790241581.2706478,0.0,0.0,0.0,0.0
1.819237296,1790241581.2724175,0.0,0.0,0.0,0.0
1.837014254,1790241581.2902384,0.0,0.0,0.0,0.0
1.8385589450000002,1790241581.2917283,0.0,0.0,0.0,0.0
1.857070436,1790241581.3103018,0.0,0.0,0.0,0.0
1.85863471,1790241581.3118002,0.0,0.0,0.0,0.0
1.877117555,1790241581.3303406,0.0,0.0,0.0,0.0
1.87870537,1790241581.3318696,0.0,0.0,0.0,0.0
1.897081757,1790241581.350303,0.0,0.0,0.0,0.0
1.8986619160000002,1790241581.3518226,0.0,0.0,0.0,0.0
1.917105751,1790241581.3703516,0.0,0.0,0.0,0.0
1.9186850770000001,1790241581.371847,0.0,0.0,0.0,0.0
1.9373750580000002,1790241581.390619,0.0,0.0,0.0,0.0
1.9392286550000002,1790241581.392419,0.0,0.0,0.0,0.0
1.9574080100000002,1790241581.4106536,0.0,0.0,0.0,0.0
1.9592483260000002,1790241581.4124818,0.0,0.0,0.0,0.0
1.977368306,1790241581.430608,0.0,0.0,0.0,0.0
1.979147892,1790241581.4323382,0.0,0.0,0.0,0.0
1.9975412060000002,1790241581.4508398,0.0,0.0,0.0,0.0
1.9995778770000001,1790241581.4529026,0.0,0.0,0.0,0.0
2.017380304,1790241581.4706314,0.0,0.0,0.0,0.0
2.019141765,1790241581.472337,0.0,0.0,0.0,0.0
2.0374122150000002,1790241581.4906526,0.0,0.0,0.0,0.0
2.039207322,1790241581.4924154,0.0,0.0,0.0,0.0
2.057365479,1790241581.5106177,0.0,0.0,0.0,0.0
2.059232357,1790241581.5124404,0.0,0.0,0.0,0.0
2.077377181,1790241581.5306284,0.0,0.0,0.0,0.0
2.079162966,1790241581.5323548,0.0,0.0,0.0,0.0
2.097330394,1790241581.550571,0.0,0.0,0.0,0.0
2.099119408,1790241581.5523012,0.0,0.0,0.0,0.0
2.117446784,1790241581.5706868,0.0,0.0,0.0,0.0
2.1192331930000003,1790241581.5724292,0.0,0.0,0.0,0.0
2.137341507,1790241581.590574,0.0,0.0,0.0,0.0
2.139279531,1790241581.5925136,0.0,0.0,0.0,0.0
2.1573348230000002,1790241581.6105826,0.0,0.0,0.0,0.0
2.159168004,1790241581.6123555,0.0,0.0,0.0,0.0
2.1773912650000002,1790241581.6306326,0.0,0.0,0.0,0.0
2.179185539,1790241581.6323695,0.0,0.0,0.0,0.0
2.1973003110000002,1790241581.650535,0.0,0.0,0.0,0.0
2.199104846,1790241581.652293,0.0,0.0,0.0,0.0
2.2173208150000003,1790241581.6705618,0.0,0.0,0.0,0.0
2.219109725,1790241581.6722894,0.0,0.0,0.0,0.0
2.2370388190000003,1790241581.6902766,0.0,0.0,0.0,0.0
2.238584811,1790241581.6917472,0.0,0.0,0.0,0.0
2.257031928,1790241581.7102485,0.0,0.0,0.0,0.0
2.2585804720000002,1790241581.7117426,0.0,0.0,0.0,0.0
2.277025557,1790241581.7302577,0.0,0.0,0.0,0.0
2.278602695,1790241581.7317677,0.0,0.0,0.0,0.0
2.297030592,1790241581.750254,0.0,0.0,0.0,0.0
2.2985939810000002,1790241581.7517543,0.0,0.0,0.0,0.0
2.3169963570000003,1790241581.7703016,0.0,0.0,0.0,0.0
2.318784694,1790241581.7719867,0.0,0.0,0.0,0.0
2.337001288,1790241581.7902226,0.0,0.0,0.0,0.0
2.33857676,1790241581.7917385,0.0,0.0,0.0,0.0
2.357008199,1790241581.810226,0.0,0.0,0.0,0.0
2.358586952,1790241581.8117616,0.0,0.0,0.0,0.0
2.3770555780000002,1790241581.830324,0.0,0.0,0.0,0.0
2.37881329,1790241581.8319929,0.0,0.0,0.0,0.0
2.397012385,1790241581.8502345,0.0,0.0,0.0,0.0
2.398562075,1790241581.8517423,0.0,0.0,0.0,0.0
2.417170129,1790241581.8704152,0.0,0.0,0.0,0.0
2.418889871,1790241581.872109,0.0,0.0,0.0,0.0
2.4370873520000003,1790241581.8903034,0.0,0.0,0.0,0.0
2.4387518860000004,1790241581.8919408,0.0,0.0,0.0,0.0
2.457190252,1790241581.910413,0.0,0.0,0.0,0.0
2.458729838,1790241581.9119027,0.0,0.0,0.0,0.0
2.4770934120000003,1790241581.9303184,0.0,0.0,0.0,0.0
2.4787340920000003,1790241581.9319363,0.0,0.0,0.0,0.0
2.4971588650000003,1790241581.9503884,0.0,0.0,0.0,0.0
2.498821367,1790241581.9520204,0.0,0.0,0.0,0.0
2.517053848,1790241581.970278,0.0,0.0,0.0,0.0
2.518606715,1790241581.9717965,0.0,0.0,0.0,0.0
2.5370683620000003,1790241581.990304,0.0,0.0,0.0,0.0
2.538777949,1790241581.9919538,0.0,0.0,0.0,0.0
2.5572771480000003,1790241582.010515,0.0,0.0,0.0,0.0
2.5590706930000002,1790241582.0122488,0.0,0.0,0.0,0.0
2.5773965590000003,1790241582.0306566,0.0,0.0,0.0,0.0
2.579208854,1790241582.0324001,0.0,0.0,0.0,0.0
2.5973594070000003,1790241582.0506015,0.0,0.0,0.0,0.0
2.599158369,1790241582.052368,0.0,0.0,0.0,0.0
2.617397255,1790241582.0706205,0.0,0.0,0.0,0.0
2.619199133,1790241582.0723822,0.0,0.0,0.0,0.0
2.637288436,1790241582.0905397,0.0,0.0,0.0,0.0
2.639104012,1790241582.0922995,0.0,0.0,0.0,0.0
2.657313368,1790241582.1105607,0.0,0.0,0.0,0.0
2.659152069,1790241582.1123414,0.0,0.0,0.0,0.0
2.677283247,1790241582.1305225,0.0,0.0,0.0,0.0
2.6791104900000002,1790241582.1322877,0.0,0.0,0.0,0.0
2.6972694280000002,1790241582.1505713,0.0,0.0,0.0,0.0
2.6991443790000003,1790241582.1523247,0.0,0.0,0.0,0.0
2.7173742560000003,1790241582.1706145,0.0,0.0,0.0,0.0
2.7192764990000002,1790241582.1724687,0.0,0.0,0.0,0.0
2.737474708,1790241582.1907437,0.0,0.0,0.0,0.0
2.7392786690000004,1790241582.1924565,0.0,0.0,0.0,0.0
2.757002086,1790241582.210216,0.0,0.0,0.0,0.0
2.7586118290000003,1790241582.2117915,0.0,0.0,0.0,0.0
2.7769751950000003,1790241582.2302184,0.0,0.0,0.0,0.0
2.778672646,1790241582.2319121,0.0,0.0,0.0,0.0
2.797078876,1790241582.250301,0.0,0.0,0.0,0.0
2.798637369,1790241582.2518165,0.0,0.0,0.0,0.0
2.81702537,1790241582.2702558,0.0,0.0,0.0,0.0
2.818564383,1790241582.2717395,0.0,0.0,0.0,0.0
2.837093895,1790241582.290326,0.0,0.0,0.0,0.0
2.8386732730000004,1790241582.2918477,0.0,0.0,0.0,0.0
2.8570460140000002,1790241582.310275,0.0,0.0,0.0,0.0
2.8585959130000003,1790241582.3117723,0.0,0.0,0.0,0.0
2.8770570390000003,1790241582.3302763,0.0,0.0,0.0,0.0
2.878599281,1790241582.3317726,0.0,0.0,0.0,0.0
2.897132387,1790241582.35034,0.0,0.0,0.0,0.0
2.898686869,1790241582.3518665,0.0,0.0,0.0,0.0
2.916993777,1790241582.3702254,0.0,0.0,0.0,0.0
2.9185641440000003,1790241582.3717284,0.0,0.0,0.0,0.0
2.937082354,1790241582.3903081,0.0,0.0,0.0,0.0
2.9386661590000003,1790241582.3918338,0.0,0.0,0.0,0.0
2.9570947850000002,1790241582.410328,0.0,0.0,0.0,0.0
2.958691715,1790241582.4118612,0.0,0.0,0.0,0.0
2.977041019,1790241582.4302635,0.0,0.0,0.0,0.0
2.978654199,1790241582.4318552,0.0,0.0,0.0,0.0
2.997299336,1790241582.4506526,0.0,0.0,0.0,0.0
2.9990785580000003,1790241582.4522593,0.0,0.0,0.0,0.0
3.0171355170000003,1790241582.4703705,0.0,0.0,0.0,0.0
3.018705416,1790241582.471866,0.0,0.0,0.0,0.0
3.037520397,1790241582.4907887,0.0,0.0,0.0,0.0
3.0392971710000003,1790241582.492522,0.0,0.0,0.0,0.0
3.057062932,1790241582.5102992,0.0,0.0,0.0,0.0
3.058608872,1790241582.5117807,0.0,0.0,0.0,0.0
3.07699479,1790241582.5302854,0.0,0.0,0.0,0.0
3.0786626050000003,1790241582.5318372,0.0,0.0,0.0,0.0
3.097476857,1790241582.550705,0.0,0.0,0.0,0.0
3.099169673,1790241582.5523596,0.0,0.0,0.0,0.0
3.1170088710000003,1790241582.5703177,0.0,0.0,0.0,0.0
3.1187426240000002,1790241582.571976,0.0,0.0,0.0,0.0
3.13713948,1790241582.5903938,0.0,0.0,0.0,0.0
3.138789587,1790241582.59197,0.0,0.0,0.0,0.0
3.157042692,1790241582.6103523,0.0,0.0,0.0,0.0
3.158817279,1790241582.612003,0.0,0.0,0.0,0.0
3.177039551,1790241582.6302886,0.0,0.0,0.0,0.0
3.178671845,1790241582.6318653,0.0,0.0,0.0,0.0
3.197044743,1790241582.6503048,0.0,0.0,0.0,0.0
3.1986365680000004,1790241582.6518013,0.0,0.0,0.0,0.0
3.2170513410000003,1790241582.6702728,0.0,0.0,0.0,0.0
3.2186013950000003,1790241582.671764,0.0,0.0,0.0,0.0
3.23703648,1790241582.6902568,0.0,0.0,0.0,0.0
3.238590598,1790241582.6917667,0.0,0.0,0.0,0.0
3.2570723490000004,1790241582.710319,0.0,0.0,0.0,0.0
3.258667092,1790241582.7118297,0.0,0.0,0.0,0.0
3.277129781,1790241582.7303572,0.0,0.0,0.0,0.0
3.278691502,1790241582.7318563,0.0,0.0,0.0,0.0
3.297034087,1790241582.7502582,0.0,0.0,0.0,0.0
3.298570808,1790241582.7517319,0.0,0.0,0.0,0.0
3.3170878200000002,1790241582.7703073,0.0,0.0,0.0,0.0
3.3186885000000004,1790241582.771883,0.0,0.0,0.0,0.0
3.336999887,1790241582.7902315,0.0,0.0,0.0,0.0
3.338625254,1790241582.7918248,0.0,0.0,0.0,0.0
3.357061068,1790241582.8102973,0.0,0.0,0.0,0.0
3.3586393,1790241582.8117995,0.0,0.0,0.0,0.0
3.3770502180000004,1790241582.8302715,0.0,0.0,0.0,0.0
3.3786262110000003,1790241582.8317878,0.0,0.0,0.0,0.0
3.3970630660000003,1790241582.8502862,0.0,0.0,0.0,0.0
3.3986347880000003,1790241582.8517957,0.0,0.0,0.0,0.0
3.4170437270000003,1790241582.8702767,0.0,0.0,0.0,0.0
3.418610032,1790241582.8718007,0.0,0.0,0.0,0.0
3.4370684500000004,1790241582.8903062,0.0,0.0,0.0,0.0
3.438630276,1790241582.8917916,0.0,0.0,0.0,0.0
3.457104058,1790241582.9103115,0.0,0.0,0.0,0.0
3.4587791140000004,1790241582.911966,0.0,0.0,0.0,0.0
3.4770054480000003,1790241582.9302275,0.0,0.0,0.0,0.0
3.478598732,1790241582.9317648,0.0,0.0,0.0,0.0
3.497076942,1790241582.9502997,0.0,0.0,0.0,0.0
3.498621163,1790241582.9517846,0.0,0.0,0.0,0.0
3.517075675,1790241582.9703155,0.0,0.0,0.0,0.0
3.518639116,1790241582.971802,0.0,0.0,0.0,0.0
3.537051753,1790241582.9902933,0.0,0.0,0.0,0.0
3.5387058700000003,1790241582.9918783,0.0,0.0,0.0,0.0
3.557339289,1790241583.0106106,0.0,0.0,0.0,0.0
3.5591427810000003,1790241583.0123386,0.0,0.0,0.0,0.0
3.577358491,1790241583.030613,0.0,0.0,0.0,0.0
3.5791774000000003,1790241583.0323818,0.0,0.0,0.0,0.0
3.5972457660000003,1790241583.0504854,0.0,0.0,0.0,0.0
3.599050092,1790241583.0522714,0.0,0.0,0.0,0.0
3.6174606970000003,1790241583.0707164,0.0,0.0,0.0,0.0
3.619311794,1790241583.0725627,0.0,0.0,0.0,0.0
3.6373906290000004,1790241583.090628,0.0,0.0,0.0,0.0
3.639259746,1790241583.0924504,0.0,0.0,0.0,0.0
3.6569251420000004,1790241583.110243,0.0,0.0,0.0,0.0
3.658615562,1790241583.111795,0.0,0.0,0.0,0.0
3.6770187200000004,1790241583.1302464,0.0,0.0,0.0,0.0
3.6785922120000003,1790241583.131768,0.0,0.0,0.0,0.0
3.6970556820000002,1790241583.150281,0.0,0.0,0.0,0.0
3.6986460500000002,1790241583.1518679,0.0,0.0,0.0,0.0
3.71709301,1790241583.1703246,0.0,0.0,0.0,0.0
3.7186957730000003,1790241583.1718645,0.0,0.0,0.0,0.0
3.737059191,1790241583.1902843,0.0,0.0,0.0,0.0
3.7386242980000004,1790241583.1917934,0.0,0.0,0.0,0.0
3.757164904,1790241583.2104137,0.0,0.0,0.0,0.0
3.7590796990000004,1790241583.2122927,0.0,0.0,0.0,0.0
3.77719197,1790241583.2304351,0.0,0.0,0.0,0.0
3.7789519730000003,1790241583.232149,0.0,0.0,0.0,0.0
3.7972393500000003,1790241583.25048,0.0,0.0,0.0,0.0
3.7990224780000004,1790241583.2522027,0.0,0.0,0.0,0.0
3.817236937,1790241583.2704844,0.0,0.0,0.0,0.0
3.819028347,1790241583.2722075,0.0,0.0,0.0,0.0
3.8371619210000003,1790241583.2904189,0.0,0.0,0.0,0.0
3.8390173930000002,1790241583.2922251,0.0,0.0,0.0,0.0
3.8571611750000003,1790241583.3103979,0.0,0.0,0.0,0.0
3.8589374280000004,1790241583.3121178,0.0,0.0,0.0,0.0
3.8772346480000004,1790241583.3304827,0.0,0.0,0.0,0.0
3.8790229320000003,1790241583.3322036,0.0,0.0,0.0,0.0
3.8973203090000004,1790241583.350566,0.0,0.0,0.0,0.0
3.8990779160000004,1790241583.3522704,0.0,0.0,0.0,0.0
3.9172090940000004,1790241583.3704484,0.0,0.0,0.0,0.0
3.9189865970000004,1790241583.372164,0.0,0.0,0.0,0.0
3.93724189,1790241583.3904946,0.0,0.0,0.0,0.0
3.9390203300000004,1790241583.392244,0.0,0.0,0.0,0.0
3.957250988,1790241583.4104872,0.0,0.0,0.0,0.0
3.959022762,1790241583.4122016,0.0,0.0,0.0,0.0
3.97732519,1790241583.4305766,0.0,0.0,0.0,0.0
3.979104672,1790241583.4322855,0.0,0.0,0.0,0.0
3.9971866320000005,1790241583.4504375,0.0,0.0,0.0,0.0
3.9989729370000004,1790241583.4521632,0.0,0.0,0.0,0.0
4.017374949000001,1790241583.4706323,0.0,0.0,0.0,0.0
4.019150473,1790241583.4723468,0.0,0.0,0.0,0.0
4.037271026,1790241583.4905295,0.0,0.0,0.0,0.0
4.039095352,1790241583.4922926,0.0,0.0,0.0,0.0
4.057324499,1790241583.5105422,0.0,0.0,0.0,0.0
4.059097887,1790241583.512289,0.0,0.0,0.0,0.0
4.076901252,1790241583.5301223,0.0,0.0,0.0,0.0
4.078460265,1790241583.531623,0.0,0.0,0.0,0.0
4.096948163,1790241583.5501795,0.0,0.0,0.0,0.0
4.098494624000001,1790241583.5516617,0.0,0.0,0.0,0.0
4.117077521000001,1790241583.5703015,0.0,0.0,0.0,0.0
4.118658097,1790241583.5718234,0.0,0.0,0.0,0.0
4.136999901,1790241583.590229,0.0,0.0,0.0,0.0
4.138643237,1790241583.5918229,0.0,0.0,0.0,0.0
4.156980509,1790241583.6101987,0.0,0.0,0.0,0.0
4.158687231,1790241583.6118662,0.0,0.0,0.0,0.0
4.177133722000001,1790241583.6303697,0.0,0.0,0.0,0.0
4.178693777,1790241583.6318486,0.0,0.0,0.0,0.0
4.1978630820000005,1790241583.6512158,0.0,0.0,0.0,0.0
4.200399805,1790241583.6536283,0.0,0.0,0.0,0.0
4.218943275,1790241583.6723266,0.0,0.0,0.0,0.0
4.222611094,1790241583.675926,0.0,0.0,0.0,0.0
4.236954713,1790241583.690198,0.0,0.0,0.0,0.0
4.2385343,1790241583.6916995,0.0,0.0,0.0,0.0
4.2569954260000005,1790241583.71022,0.0,0.0,0.0,0.0
4.258600116,1790241583.711768,0.0,0.0,0.0,0.0
4.278601923,1790241583.7319489,0.0,0.0,0.0,0.0
4.281713074000001,1790241583.7349737,0.0,0.0,0.0,0.0
4.297184404,1790241583.7504334,0.0,0.0,0.0,0.0
4.298979719,1790241583.752163,0.0,0.0,0.0,0.0
4.318693140000001,1790241583.7720506,0.0,0.0,0.0,0.0
4.3217514260000005,1790241583.775033,0.0,0.0,0.0,0.0
4.338060882000001,1790241583.7914338,0.0,0.0,0.0,0.0
4.340816981000001,1790241583.794067,0.0,0.0,0.0,0.0
4.357188052000001,1790241583.8104308,0.0,0.0,0.0,0.0
4.3589868570000005,1790241583.8121567,0.0,0.0,0.0,0.0
4.378384079,1790241583.8317153,0.0,0.0,0.0,0.0
4.381156896,1790241583.8344502,0.0,0.0,0.0,0.0
4.398418385,1790241583.8517687,0.0,0.0,0.0,0.0
4.401583651,1790241583.85486,0.0,0.0,0.0,0.0
4.417299304,1790241583.870627,0.0,0.0,0.0,0.0
4.42066431,1790241583.8739417,0.0,0.0,0.0,0.0
4.437145121,1790241583.8904042,0.0,0.0,0.0,0.0
4.438805540000001,1790241583.8919756,0.0,0.0,0.0,0.0
4.457037344000001,1790241583.910266,0.0,0.0,0.0,0.0
4.458576878000001,1790241583.9117312,0.0,0.0,0.0,0.0
4.478678944,1790241583.9320416,0.0,0.0,0.0,0.0
4.481787440000001,1790241583.9350839,0.0,0.0,0.0,0.0
4.4970274670000006,1790241583.950251,0.0,0.0,0.0,0.0
4.498674605000001,1790241583.9518485,0.0,0.0,0.0,0.0
4.518548546,1790241583.9718912,0.0,0.0,0.0,0.0
4.521568083,1790241583.9748273,0.0,0.0,0.0,0.0
4.537222590000001,1790241583.9905875,0.0,0.0,0.0,0.0
4.540235512000001,1790241583.9935305,0.0,0.0,0.0,0.0
4.557224969,1790241584.0104868,0.0,0.0,0.0,0.0
4.5590453890000004,1790241584.0122182,0.0,0.0,0.0,0.0
4.578251257000001,1790241584.0315893,0.0,0.0,0.0,0.0
4.581083710000001,1790241584.034339,0.0,0.0,0.0,0.0
4.598562491,1790241584.0518882,0.0,0.0,0.0,0.0
4.601715621,1790241584.0549786,0.0,0.0,0.0,0.0
4.617035857,1790241584.0702722,0.0,0.0,0.0,0.0
4.618708672,1790241584.0718796,0.0,0.0,0.0,0.0
4.637710008,1790241584.0909753,0.0,0.0,0.0,0.0
4.63991022,1790241584.093122,0.0,0.0,0.0,0.0
4.657136605000001,1790241584.1103601,0.0,0.0,0.0,0.0
4.658696503000001,1790241584.11185,0.0,0.0,0.0,0.0
4.677938048000001,1790241584.1312315,0.0,0.0,0.0,0.0
4.680381229,1790241584.133604,0.0,0.0,0.0,0.0
4.699074804,1790241584.1525233,0.0,0.0,0.0,0.0
4.702793978,1790241584.1561086,0.0,0.0,0.0,0.0
4.71694968,1790241584.1701806,0.0,0.0,0.0,0.0
4.718496141,1790241584.1716568,0.0,0.0,0.0,0.0
4.738779979,1790241584.1921258,0.0,0.0,0.0,0.0
4.741909984,1790241584.1951866,0.0,0.0,0.0,0.0
4.757922565,1790241584.211235,0.0,0.0,0.0,0.0
4.760670903,1790241584.2139513,0.0,0.0,0.0,0.0
4.777228276000001,1790241584.2304754,0.0,0.0,0.0,0.0
4.779031196,1790241584.2322152,0.0,0.0,0.0,0.0
4.7982369590000005,1790241584.2515514,0.0,0.0,0.0,0.0
4.80097561,1790241584.2542152,0.0,0.0,0.0,0.0
4.818437256,1790241584.2717829,0.0,0.0,0.0,0.0
4.821591844,1790241584.2748716,0.0,0.0,0.0,0.0
4.837154997000001,1790241584.290437,0.0,0.0,0.0,0.0
4.838803542,1790241584.291983,0.0,0.0,0.0,0.0
4.856988991000001,1790241584.3102176,0.0,0.0,0.0,0.0
4.858509045,1790241584.31166,0.0,0.0,0.0,0.0
4.8786185600000005,1790241584.331959,0.0,0.0,0.0,0.0
4.882040025,1790241584.3353715,0.0,0.0,0.0,0.0
4.896903384000001,1790241584.3501306,0.0,0.0,0.0,0.0
4.898436408,1790241584.3516011,0.0,0.0,0.0,0.0
4.918737121,1790241584.3720794,0.0,0.0,0.0,0.0
4.92189197,1790241584.3751736,0.0,0.0,0.0,0.0
4.938276947,1790241584.3916123,0.0,0.0,0.0,0.0
4.941037213,1790241584.3942716,0.0,0.0,0.0,0.0
4.9586670360000005,1790241584.412084,0.0,0.0,0.0,0.0
4.962367198,1790241584.4156778,0.0,0.0,0.0,0.0
4.976929776,1790241584.4301586,0.0,0.0,0.0,0.0
4.978453269,1790241584.4316187,0.0,0.0,0.0,0.0
4.998740075000001,1790241584.4520864,0.0,0.0,0.0,0.0
5.001866904,1790241584.4551325,0.0,0.0,0.0,0.0
5.018294068,1790241584.4716291,0.0,0.0,0.0,0.0
5.021353866,1790241584.474678,0.0,0.0,0.0,0.0
5.0371828,1790241584.4904258,0.0,0.0,0.0,0.0
5.038825824,1790241584.4920244,0.0,0.0,0.0,0.0
5.057052939,1790241584.5102723,0.0,0.0,0.0,0.0
5.058618567,1790241584.5117729,0.0,0.0,0.0,0.0
5.07876204,1790241584.532111,0.0,0.0,0.0,0.0
5.081876108,1790241584.5351682,0.0,0.0,0.0,0.0
5.098212127,1790241584.5515409,0.0,0.0,0.0,0.0
5.100978486000001,1790241584.5542102,0.0,0.0,0.0,0.0
5.118682163,1790241584.572085,0.0,0.0,0.0,0.0
5.122314618,1790241584.575656,0.0,0.0,0.0,0.0
5.136907925,1790241584.5901237,0.0,0.0,0.0,0.0
5.138460532000001,1790241584.5916262,0.0,0.0,0.0,0.0
5.15860963,1790241584.6120114,0.0,0.0,0.0,0.0
5.161782188,1790241584.615103,0.0,0.0,0.0,0.0
5.1782762270000005,1790241584.6316583,0.0,0.0,0.0,0.0
5.181403629,1790241584.63475,0.0,0.0,0.0,0.0
5.197066208000001,1790241584.6504526,0.0,0.0,0.0,0.0
5.20052585,1790241584.6538281,0.0,0.0,0.0,0.0
5.217189525,1790241584.6704502,0.0,0.0,0.0,0.0
5.218987549,1790241584.6721678,0.0,0.0,0.0,0.0
5.2379686770000005,1790241584.691266,0.0,0.0,0.0,0.0
5.2404883170000005,1790241584.6937435,0.0,0.0,0.0,0.0
5.257027982,1790241584.7102582,0.0,0.0,0.0,0.0
5.258715953,1790241584.7119079,0.0,0.0,0.0,0.0
5.277807862,1790241584.731089,0.0,0.0,0.0,0.0
5.280219273,1790241584.7334638,0.0,0.0,0.0,0.0
5.298729358,1790241584.752148,0.0,0.0,0.0,0.0
5.3024597810000005,1790241584.755784,0.0,0.0,0.0,0.0
5.316918192,1790241584.7701454,0.0,0.0,0.0,0.0
5.318471372,1790241584.7716336,0.0,0.0,0.0,0.0
5.338608647,1790241584.7920105,0.0,0.0,0.0,0.0
5.341748132,1790241584.7950757,0.0,0.0,0.0,0.0
5.358201338000001,1790241584.811606,0.0,0.0,0.0,0.0
5.361338948,1790241584.8146555,0.0,0.0,0.0,0.0
5.377069497,1790241584.8304298,0.0,0.0,0.0,0.0
5.38027919,1790241584.8335786,0.0,0.0,0.0,0.0
5.397267709,1790241584.8505309,0.0,0.0,0.0,0.0
5.3990724000000005,1790241584.852241,0.0,0.0,0.0,0.0
5.418303736,1790241584.871633,0.0,0.0,0.0,0.0
5.421047283,1790241584.874284,0.0,0.0,0.0,0.0
5.437343978,1790241584.8905914,0.0,0.0,0.0,0.0
5.439180232,1790241584.8923802,0.0,0.0,0.0,0.0
5.457129586000001,1790241584.9103673,0.0,0.0,0.0,0.0
5.45868162,1790241584.9118335,0.0,0.0,0.0,0.0
5.477565769,1790241584.9308486,0.0,0.0,0.0,0.0
5.479940408,1790241584.933153,0.0,0.0,0.0,0.0
5.4982803890000005,1790241584.9515793,0.0,0.0,0.0,0.0
5.500970237000001,1790241584.9542253,0.0,0.0,0.0,0.0
5.517222193,1790241584.9704695,0.0,0.0,0.0,0.0
5.519025894,1790241584.9721973,0.0,0.0,0.0,0.0
5.538228689,1790241584.9915671,0.0,0.0,0.0,0.0
5.5409368180000005,1790241584.99419,0.0,0.0,0.0,0.0
5.558497214,1790241585.0118735,0.0,0.0,0.0,0.0
5.561847949000001,1790241585.015141,0.0,0.0,0.0,0.0
5.5782605300000005,1790241585.0315778,0.0,0.0,0.0,0.0
5.581128661,1790241585.034513,0.0,0.0,0.0,0.0
5.597194939,1790241585.0505495,0.0,0.0,0.0,0.0
5.600531768000001,1790241585.0538893,0.0,0.0,0.0,0.0
5.61721336,1790241585.070471,0.0,0.0,0.0,0.0
5.619005915000001,1790241585.0721784,0.0,0.0,0.0,0.0
5.6380300640000005,1790241585.0913444,0.0,0.0,0.0,0.0
5.640523505,1790241585.093769,0.0,0.0,0.0,0.0
5.656983899,1790241585.1102095,0.0,0.0,0.0,0.0
5.658647704000001,1790241585.111848,0.0,0.0,0.0,0.0
5.6790178970000005,1790241585.1324484,0.0,0.0,0.0,0.0
5.682722487,1790241585.1360257,0.0,0.0,0.0,0.0
5.696914803,1790241585.150154,0.0,0.0,0.0,0.0
5.698471264,1790241585.1516237,0.0,0.0,0.0,0.0
5.7188042690000005,1790241585.1721299,0.0,0.0,0.0,0.0
5.721903233,1790241585.175165,0.0,0.0,0.0,0.0
5.738047428000001,1790241585.1913493,0.0,0.0,0.0,0.0
5.7407726420000005,1790241585.1940067,0.0,0.0,0.0,0.0
5.757180848,1790241585.210416,0.0,0.0,0.0,0.0
5.758962049,1790241585.2121437,0.0,0.0,0.0,0.0
5.778270937,1790241585.2315874,0.0,0.0,0.0,0.0
5.780991932,1790241585.234273,0.0,0.0,0.0,0.0
5.798285816,1790241585.2516851,0.0,0.0,0.0,0.0
5.801417801,1790241585.2547288,0.0,0.0,0.0,0.0
5.817160537,1790241585.270501,0.0,0.0,0.0,0.0
5.820501377,1790241585.2737975,0.0,0.0,0.0,0.0
5.837172708000001,1790241585.2904224,0.0,0.0,0.0,0.0
5.838870003,1790241585.2920647,0.0,0.0,0.0,0.0
5.857013837,1790241585.310246,0.0,0.0,0.0,0.0
5.8585775380000005,1790241585.3117414,0.0,0.0,0.0,0.0
5.879181637,1790241585.332562,0.0,0.0,0.0,0.0
5.8828168000000005,1790241585.3361104,0.0,0.0,0.0,0.0
5.886558733,1790241585.3398643,0.0,0.0,0.0,0.0
5.896998179000001,1790241585.3502254,0.0,0.0,0.0,0.0
5.919328583,1790241585.3727908,0.0,0.0,0.0,0.0
5.923037704,1790241585.3763733,0.0,0.0,0.0,0.0
5.937797730000001,1790241585.3910933,0.0,0.0,0.0,0.0
5.940452787000001,1790241585.3938344,0.0,0.0,0.0,0.0
5.958840059000001,1790241585.4122994,0.0,0.0,0.0,0.0
5.962559389,1790241585.4158716,0.0,0.0,0.0,0.0
5.976914883,1790241585.4301298,0.0,0.0,0.0,0.0
5.978407594,1790241585.4315708,0.0,0.0,0.0,0.0
5.999288777,1790241585.4527237,0.0,0.0,0.0,0.0
6.0025200850000004,1790241585.4558308,0.0,0.0,0.0,0.0
6.018073967,1790241585.4714108,0.0,0.0,0.0,0.0
6.020841107000001,1790241585.4740856,0.0,0.0,0.0,0.0
6.037198271,1790241585.4904556,0.0,0.0,0.0,0.0
6.038953483,1790241585.4921427,0.0,0.0,0.0,0.0
6.057222265,1790241585.5105133,0.0,0.0,0.0,0.0
6.0593740920000005,1790241585.5125828,0.0,0.0,0.0,0.0
6.077592614,1790241585.5308769,0.0,0.0,0.0,0.0
6.0799559510000005,1790241585.5331936,0.0,0.0,0.0,0.0
6.098262963000001,1790241585.551578,0.0,0.0,0.0,0.0
6.100982811000001,1790241585.5542188,0.0,0.0,0.0,0.0
6.1183914360000005,1790241585.5717177,0.0,0.0,0.0,0.0
6.121556442,1790241585.5748172,0.0,0.0,0.0,0.0
6.1368983440000004,1790241585.5901232,0.0,0.0,0.0,0.0
6.138440378,1790241585.591597,0.0,0.0,0.0,0.0
6.158799060000001,1790241585.6121373,0.0,0.0,0.0,0.0
6.161918545000001,1790241585.6151834,0.0,0.0,0.0,0.0
6.1780637810000005,1790241585.6314273,0.0,0.0,0.0,0.0
6.180837588,1790241585.634073,0.0,0.0,0.0,0.0
6.197230118,1790241585.650478,0.0,0.0,0.0,0.0
6.199041892,1790241585.6522126,0.0,0.0,0.0,0.0
6.218273488,1790241585.6715841,0.0,0.0,0.0,0.0
6.220987712,1790241585.6742232,0.0,0.0,0.0,0.0
6.237369772,1790241585.690615,0.0,0.0,0.0,0.0
6.239206129,1790241585.6924074,0.0,0.0,0.0,0.0
6.257432881000001,1790241585.710687,0.0,0.0,0.0,0.0
6.2592602280000005,1790241585.7124295,0.0,0.0,0.0,0.0
6.277588333000001,1790241585.7308552,0.0,0.0,0.0,0.0
6.279972348,1790241585.7331882,0.0,0.0,0.0,0.0
6.298247276000001,1790241585.7515483,0.0,0.0,0.0,0.0
6.300970926000001,1790241585.754229,0.0,0.0,0.0,0.0
6.317193195000001,1790241585.7704408,0.0,0.0,0.0,0.0
6.319010438,1790241585.772204,0.0,0.0,0.0,0.0
6.338222451,1790241585.79154,0.0,0.0,0.0,0.0
6.34094756,1790241585.7941804,0.0,0.0,0.0,0.0
6.358498997000001,1790241585.8118553,0.0,0.0,0.0,0.0
6.361889055000001,1790241585.8151734,0.0,0.0,0.0,0.0
6.377019655000001,1790241585.830235,0.0,0.0,0.0,0.0
6.3786472100000005,1790241585.8318322,0.0,0.0,0.0,0.0
6.398268495000001,1790241585.8515854,0.0,0.0,0.0,0.0
6.400990114000001,1790241585.8542695,0.0,0.0,0.0,0.0
6.418762594,1790241585.8721077,0.0,0.0,0.0,0.0
6.421931662,1790241585.8752134,0.0,0.0,0.0,0.0
6.437037418,1790241585.890272,0.0,0.0,0.0,0.0
6.438714973000001,1790241585.8919065,0.0,0.0,0.0,0.0
6.457052245000001,1790241585.9102943,0.0,0.0,0.0,0.0
6.4586189140000005,1790241585.9117732,0.0,0.0,0.0,0.0
6.478702856000001,1790241585.9320457,0.0,0.0,0.0,0.0
6.481867758000001,1790241585.9351335,0.0,0.0,0.0,0.0
6.496921326000001,1790241585.9501584,0.0,0.0,0.0,0.0
6.498498152000001,1790241585.9516525,0.0,0.0,0.0,0.0
6.5187177190000005,1790241585.9720554,0.0,0.0,0.0,0.0
6.521825641,1790241585.9751039,0.0,0.0,0.0,0.0
6.538006451,1790241585.991382,0.0,0.0,0.0,0.0
6.540781925,1790241585.994013,0.0,0.0,0.0,0.0
6.5571925790000005,1790241586.0104294,0.0,0.0,0.0,0.0
6.558992478,1790241586.0121753,0.0,0.0,0.0,0.0
6.578284856000001,1790241586.03158,0.0,0.0,0.0,0.0
6.580973715000001,1790241586.034225,0.0,0.0,0.0,0.0
6.598427443,1790241586.0517972,0.0,0.0,0.0,0.0
6.601561043,1790241586.0548604,0.0,0.0,0.0,0.0
6.617189873,1790241586.0705166,0.0,0.0,0.0,0.0
6.620532326,1790241586.0738313,0.0,0.0,0.0,0.0
6.637288762000001,1790241586.0905294,0.0,0.0,0.0,0.0
6.639076474,1790241586.0922565,0.0,0.0,0.0,0.0
6.657008172,1790241586.1102252,0.0,0.0,0.0,0.0
6.658546769,1790241586.111701,0.0,0.0,0.0,0.0
6.679498316,1790241586.13294,0.0,0.0,0.0,0.0
6.683130666,1790241586.136717,0.0,0.0,0.0,0.0
6.686899996,1790241586.1402185,0.0,0.0,0.0,0.0
6.696819389000001,1790241586.1500366,0.0,0.0,0.0,0.0
6.719387866000001,1790241586.172855,0.0,0.0,0.0,0.0
6.723051206,1790241586.1763608,0.0,0.0,0.0,0.0
6.738009357,1790241586.1913493,0.0,0.0,0.0,0.0
6.740765664,1790241586.1940227,0.0,0.0,0.0,0.0
6.757216735,1790241586.210461,0.0,0.0,0.0,0.0
6.758996270000001,1790241586.2121754,0.0,0.0,0.0,0.0
6.7782413560000006,1790241586.2315497,0.0,0.0,0.0,0.0
6.780976204000001,1790241586.2342849,0.0,0.0,0.0,0.0
6.798469569000001,1790241586.251797,0.0,0.0,0.0,0.0
6.801778846,1790241586.2550862,0.0,0.0,0.0,0.0
6.816925487000001,1790241586.270145,0.0,0.0,0.0,0.0
6.818458875,1790241586.2716115,0.0,0.0,0.0,0.0
6.837984014000001,1790241586.2912784,0.0,0.0,0.0,0.0
6.840418341,1790241586.293649,0.0,0.0,0.0,0.0
6.8570151930000005,1790241586.310221,0.0,0.0,0.0,0.0
6.85858728,1790241586.3117576,0.0,0.0,0.0,0.0
6.878500492000001,1790241586.3318098,0.0,0.0,0.0,0.0
6.881245236000001,1790241586.3344803,0.0,0.0,0.0,0.0
6.898604590000001,1790241586.3519418,0.0,0.0,0.0,0.0
6.901461001,1790241586.3547158,0.0,0.0,0.0,0.0
6.917166706000001,1790241586.3705351,0.0,0.0,0.0,0.0
6.920574212,1790241586.3738875,0.0,0.0,0.0,0.0
6.937289034000001,1790241586.3905354,0.0,0.0,0.0,0.0
6.939071953,1790241586.3922534,0.0,0.0,0.0,0.0
6.958270633000001,1790241586.4115696,0.0,0.0,0.0,0.0
6.961030951000001,1790241586.4142675,0.0,0.0,0.0,0.0
6.97831796,1790241586.4316733,0.0,0.0,0.0,0.0
6.981437549000001,1790241586.434712,0.0,0.0,0.0,0.0
6.997213046000001,1790241586.4505181,0.0,0.0,0.0,0.0
6.999958363,1790241586.4532502,0.0,0.0,0.0,0.0
7.017428603000001,1790241586.4706764,0.0,0.0,0.0,0.0
7.019353033000001,1790241586.4725444,0.0,0.0,0.0,0.0
7.038290046,1790241586.4917645,0.0,0.0,0.0,0.0
7.0412486450000005,1790241586.4945664,0.0,0.0,0.0,0.0
7.057439351,1790241586.510646,0.0,0.0,0.0,0.0
7.058951749,1790241586.512129,0.0,0.0,0.0,0.0
7.079425952,1790241586.5328763,0.0,0.0,0.0,0.0
7.083091375,1790241586.5364811,0.0,0.0,0.0,0.0
7.0867786740000005,1790241586.5400789,0.0,0.0,0.0,0.0
7.096828171,1790241586.5501082,0.0,0.0,0.0,0.0
7.1193030020000005,1790241586.5727925,0.0,0.0,0.0,0.0
7.122985352000001,1790241586.5762975,0.0,0.0,0.0,0.0
7.13813439,1790241586.5914497,0.0,0.0,0.0,0.0
7.140852103,1790241586.5941172,0.0,0.0,0.0,0.0
7.158638280000001,1790241586.612051,0.0,0.0,0.0,0.0
7.162324484000001,1790241586.6156673,0.0,0.0,0.0,0.0
7.17694175,1790241586.63018,0.0,0.0,0.0,0.0
7.178493055000001,1790241586.6316683,0.0,0.0,0.0,0.0
7.1986692880000005,1790241586.6519985,0.0,0.0,0.0,0.0
7.201782679000001,1790241586.6550462,0.0,0.0,0.0,0.0
7.2169388,1790241586.670175,0.0,0.0,0.0,0.0
7.218479949000001,1790241586.6716332,0.0,0.0,0.0,0.0
7.237953994000001,1790241586.691255,0.0,0.0,0.0,0.0
7.240558477,1790241586.6938543,0.0,0.0,0.0,0.0
7.256986736000001,1790241586.7102299,0.0,0.0,0.0,0.0
7.2586833010000005,1790241586.7118638,0.0,0.0,0.0,0.0
7.2778037520000005,1790241586.731109,0.0,0.0,0.0,0.0
7.280233391,1790241586.7334483,0.0,0.0,0.0,0.0
7.298682122000001,1790241586.752067,0.0,0.0,0.0,0.0
7.302302076,1790241586.755637,0.0,0.0,0.0,0.0
7.316939238000001,1790241586.7701807,0.0,0.0,0.0,0.0
7.318507157000001,1790241586.7716606,0.0,0.0,0.0,0.0
7.338666464,1790241586.792026,0.0,0.0,0.0,0.0
7.341803084,1790241586.7951083,0.0,0.0,0.0,0.0
7.358241811,1790241586.8116055,0.0,0.0,0.0,0.0
7.3614399420000005,1790241586.8147318,0.0,0.0,0.0,0.0
7.377291428,1790241586.8306713,0.0,0.0,0.0,0.0
7.380750549,1790241586.8340569,0.0,0.0,0.0,0.0
7.39719464,1790241586.85043,0.0,0.0,0.0,0.0
7.398971466000001,1790241586.85217,0.0,0.0,0.0,0.0
7.418210198000001,1790241586.8715255,0.0,0.0,0.0,0.0
7.420920880000001,1790241586.8742301,0.0,0.0,0.0,0.0
7.437238774000001,1790241586.8904877,0.0,0.0,0.0,0.0
7.438945391000001,1790241586.8921301,0.0,0.0,0.0,0.0
7.4571955800000005,1790241586.910469,0.0,0.0,0.0,0.0
7.4593585010000005,1790241586.912558,0.0,0.0,0.0,0.0
7.4775702520000005,1790241586.9308476,0.0,0.0,0.0,0.0
7.479950516000001,1790241586.9331832,0.0,0.0,0.0,0.0
7.498132111,1790241586.951443,0.0,0.0,0.0,0.0
7.500780241,1790241586.9540167,0.0,0.0,0.0,0.0
7.518600793,1790241586.9720283,0.0,0.0,0.0,0.0
7.522262883000001,1790241586.9755538,0.0,0.0,0.0,0.0
7.537566608000001,1790241586.9909184,0.0,0.0,0.0,0.0
7.540472082000001,1790241586.9937906,0.0,0.0,0.0,0.0
7.5574726850000005,1790241587.0107372,0.0,0.0,0.0,0.0
7.559414459,1790241587.012749,0.0,0.0,0.0,0.0
7.577234699000001,1790241587.030484,0.0,0.0,0.0,0.0
7.5788884,1790241587.0320692,0.0,0.0,0.0,0.0
7.597131297000001,1790241587.0503848,0.0,0.0,0.0,0.0
7.598989321,1790241587.0522354,0.0,0.0,0.0,0.0
7.617220968000001,1790241587.0704715,0.0,0.0,0.0,0.0
7.619055554000001,1790241587.072289,0.0,0.0,0.0,0.0
7.637164388,1790241587.0904047,0.0,0.0,0.0,0.0
7.638794548000001,1790241587.0919895,0.0,0.0,0.0,0.0
7.657314164000001,1790241587.1105545,0.0,0.0,0.0,0.0
7.659151667000001,1790241587.112482,0.0,0.0,0.0,0.0
7.677276751000001,1790241587.1305113,0.0,0.0,0.0,0.0
7.6790204520000005,1790241587.1322737,0.0,0.0,0.0,0.0
7.697371891,1790241587.1506796,0.0,0.0,0.0,0.0
7.699208353,1790241587.152434,0.0,0.0,0.0,0.0
7.717398906000001,1790241587.1706605,0.0,0.0,0.0,0.0
7.719301097000001,1790241587.1725733,0.0,0.0,0.0,0.0
7.737272483000001,1790241587.1905048,0.0,0.0,0.0,0.0
7.7390900380000005,1790241587.1923654,0.0,0.0,0.0,0.0
7.757302310000001,1790241587.2105541,0.0,0.0,0.0,0.0
7.7591093440000005,1790241587.212363,0.0,0.0,0.0,0.0
7.777277710000001,1790241587.2305505,0.0,0.0,0.0,0.0
7.77912563,1790241587.2323508,0.0,0.0,0.0,0.0
7.797389256000001,1790241587.25064,0.0,0.0,0.0,0.0
7.799230196000001,1790241587.2525086,0.0,0.0,0.0,0.0
7.817190645,1790241587.2704291,0.0,0.0,0.0,0.0
7.819007992,1790241587.2722368,0.0,0.0,0.0,0.0
7.837399691000001,1790241587.2906435,0.0,0.0,0.0,0.0
7.839195319000001,1790241587.2924452,0.0,0.0,0.0,0.0
7.857435925000001,1790241587.310681,0.0,0.0,0.0,0.0
7.859261813000001,1790241587.3124778,0.0,0.0,0.0,0.0
7.877352991,1790241587.3305929,0.0,0.0,0.0,0.0
7.879076380000001,1790241587.3323166,0.0,0.0,0.0,0.0
7.897279901,1790241587.350511,0.0,0.0,0.0,0.0
7.8989677170000006,1790241587.352164,0.0,0.0,0.0,0.0
7.917234312000001,1790241587.3705025,0.0,0.0,0.0,0.0
7.919070565,1790241587.3723068,0.0,0.0,0.0,0.0
7.937224399000001,1790241587.39045,0.0,0.0,0.0,0.0
7.938898517,1790241587.3921356,0.0,0.0,0.0,0.0
7.957226778000001,1790241587.410493,0.0,0.0,0.0,0.0
7.959030792,1790241587.4122589,0.0,0.0,0.0,0.0
7.977248637000001,1790241587.430497,0.0,0.0,0.0,0.0
7.978975411,1790241587.4322364,0.0,0.0,0.0,0.0
7.997183464000001,1790241587.450423,0.0,0.0,0.0,0.0
7.998851592,1790241587.452071,0.0,0.0,0.0,0.0
8.017426937,1790241587.4706924,0.0,0.0,0.0,0.0
8.019196888,1790241587.472438,0.0,0.0,0.0,0.0
8.037407754,1790241587.4906633,0.0,0.0,0.0,0.0
8.039267392000001,1790241587.492559,0.0,0.0,0.0,0.0
8.057232476000001,1790241587.5104883,0.0,0.0,0.0,0.0
8.059053469,1790241587.51229,0.0,0.0,0.0,0.0
8.077350064,1790241587.5306242,0.0,0.0,0.0,0.0
8.079183140000001,1790241587.5324202,0.0,0.0,0.0,0.0
8.097366923000001,1790241587.5506318,0.0,0.0,0.0,0.0
8.099133957000001,1790241587.5523837,0.0,0.0,0.0,0.0
8.117425916,1790241587.5706644,0.0,0.0,0.0,0.0
8.119135919,1790241587.5723753,0.0,0.0,0.0,0.0
8.137231056000001,1790241587.590505,0.0,0.0,0.0,0.0
8.139076007,1790241587.592354,0.0,0.0,0.0,0.0
8.157370258,1790241587.6106293,0.0,0.0,0.0,0.0
8.159257501,1790241587.612491,0.0,0.0,0.0,0.0
8.177343835,1790241587.6306248,0.0,0.0,0.0,0.0
8.179131599,1790241587.6323771,0.0,0.0,0.0,0.0
8.19727611,1790241587.6505234,0.0,0.0,0.0,0.0
8.199082259,1790241587.652326,0.0,0.0,0.0,0.0
8.217388802,1790241587.6706307,0.0,0.0,0.0,0.0
8.219198388,1790241587.6724374,0.0,0.0,0.0,0.0
8.237332327,1790241587.6905835,0.0,0.0,0.0,0.0
8.239222955,1790241587.692474,0.0,0.0,0.0,0.0
8.257254081000001,1790241587.7105167,0.0,0.0,0.0,0.0
8.259038355000001,1790241587.7122517,0.0,0.0,0.0,0.0
8.277304012,1790241587.7305446,0.0,0.0,0.0,0.0
8.279084692,1790241587.732364,0.0,0.0,0.0,0.0
8.297349516,1790241587.7505915,0.0,0.0,0.0,0.0
8.299163009,1790241587.7523975,0.0,0.0,0.0,0.0
8.317391791,1790241587.770665,0.0,0.0,0.0,0.0
8.319242941,1790241587.7725317,0.0,0.0,0.0,0.0
8.337329327,1790241587.7905712,0.0,0.0,0.0,0.0
8.339119747,1790241587.7923496,0.0,0.0,0.0,0.0
8.357427487,1790241587.8106613,0.0,0.0,0.0,0.0
8.359199261,1790241587.812449,0.0,0.0,0.0,0.0
8.377235491,1790241587.8304715,0.0,0.0,0.0,0.0
8.379113411,1790241587.8323424,0.0,0.0,0.0,0.0
8.397181464,1790241587.8504238,0.0,0.0,0.0,0.0
8.399045842000001,1790241587.8522818,0.0,0.0,0.0,0.0
8.41722301,1790241587.8704658,0.0,0.0,0.0,0.0
8.419023326000001,1790241587.8722744,0.0,0.0,0.0,0.0
8.437512629,1790241587.8907733,0.0,0.0,0.0,0.0
8.439332737,1790241587.8926013,0.0,0.0,0.0,0.0
8.457333758,1790241587.9105697,0.0,0.0,0.0,0.0
8.459107095,1790241587.9123592,0.0,0.0,0.0,0.0
8.477248116,1790241587.9304922,0.0,0.0,0.0,0.0
8.479017494,1790241587.9322631,0.0,0.0,0.0,0.0
8.497322058,1790241587.9505947,0.0,0.0,0.0,0.0
8.49915753,1790241587.9524136,0.0,0.0,0.0,0.0
8.517446365000001,1790241587.9707012,0.0,0.0,0.0,0.0
8.519262305,1790241587.9725144,0.0,0.0,0.0,0.0
8.537366764,1790241587.990625,0.0,0.0,0.0,0.0
8.539233018000001,1790241587.9924955,0.0,0.0,0.0,0.0
8.557312477,1790241588.010606,0.0,0.0,0.0,0.0
8.559198209,1790241588.012438,0.0,0.0,0.0,0.0
8.577183502,1790241588.0304248,0.0,0.0,0.0,0.0
8.578802463,1790241588.031999,0.0,0.0,0.0,0.0
8.597318173,1790241588.0505574,0.0,0.0,0.0,0.0
8.599105051,1790241588.052363,0.0,0.0,0.0,0.0
8.617229041,1790241588.070471,0.0,0.0,0.0,0.0
8.619018159000001,1790241588.0722668,0.0,0.0,0.0,0.0
8.637221473,1790241588.0904558,0.0,0.0,0.0,0.0
8.638903559000001,1790241588.0921142,0.0,0.0,0.0,0.0
8.657234373000001,1790241588.1104853,0.0,0.0,0.0,0.0
8.659070938000001,1790241588.1123044,0.0,0.0,0.0,0.0
8.677143262000001,1790241588.1304018,0.0,0.0,0.0,0.0
8.678845557,1790241588.1320395,0.0,0.0,0.0,0.0
8.697140589,1790241588.150376,0.0,0.0,0.0,0.0
8.698970332,1790241588.1522186,0.0,0.0,0.0,0.0
8.717257135,1790241588.170499,0.0,0.0,0.0,0.0
8.71903917,1790241588.1723006,0.0,0.0,0.0,0.0
8.737298369000001,1790241588.190555,0.0,0.0,0.0,0.0
8.739081965,1790241588.1923175,0.0,0.0,0.0,0.0
8.75721382,1790241588.210469,0.0,0.0,0.0,0.0
8.758978459,1790241588.2122147,0.0,0.0,0.0,0.0
8.777297606000001,1790241588.2305434,0.0,0.0,0.0,0.0
8.779084797000001,1790241588.2323244,0.0,0.0,0.0,0.0
8.797137849,1790241588.2503715,0.0,0.0,0.0,0.0
8.79888155,1790241588.2521098,0.0,0.0,0.0,0.0
8.817326896,1790241588.2705734,0.0,0.0,0.0,0.0
8.819067888000001,1790241588.2722878,0.0,0.0,0.0,0.0
8.837171566,1790241588.2904081,0.0,0.0,0.0,0.0
8.838899486,1790241588.292138,0.0,0.0,0.0,0.0
8.857189727,1790241588.3104327,0.0,0.0,0.0,0.0
8.858928167,1790241588.3122065,0.0,0.0,0.0,0.0
8.877216793,1790241588.330457,0.0,0.0,0.0,0.0
8.879021224,1790241588.3322537,0.0,0.0,0.0,0.0
8.897323496,1790241588.3505783,0.0,0.0,0.0,0.0
8.899133863000001,1790241588.3524022,0.0,0.0,0.0,0.0
8.917350979,1790241588.3705957,0.0,0.0,0.0,0.0
8.919227493000001,1790241588.3724573,0.0,0.0,0.0,0.0
8.937297733000001,1790241588.390556,0.0,0.0,0.0,0.0
8.939082788,1790241588.392332,0.0,0.0,0.0,0.0
8.957186154,1790241588.4104419,0.0,0.0,0.0,0.0
8.959004751,1790241588.412251,0.0,0.0,0.0,0.0
8.977239939,1790241588.4305503,0.0,0.0,0.0,0.0
8.979161193000001,1790241588.432394,0.0,0.0,0.0,0.0
8.997811642,1790241588.451045,0.0,0.0,0.0,0.0
8.999552895,1790241588.4529004,0.0,0.0,0.0,0.0
9.01727876,1790241588.4705083,0.0,0.0,0.0,0.0
9.019078138000001,1790241588.4723291,0.0,0.0,0.0,0.0
9.037354212,1790241588.4908533,0.0,0.0,0.0,0.0
9.039426716000001,1790241588.4927666,0.0,0.0,0.0,0.0
9.057795082,1790241588.5110428,0.0,0.0,0.0,0.0
9.059722325000001,1790241588.5129619,0.0,0.0,0.0,0.0
9.077371939,1790241588.5306208,0.0,0.0,0.0,0.0
9.079168609,1790241588.5324667,0.0,0.0,0.0,0.0
9.097252443,1790241588.5504737,0.0,0.0,0.0,0.0
9.098867550000001,1790241588.5521054,0.0,0.0,0.0,0.0
9.117150968,1790241588.5703974,0.0,0.0,0.0,0.0
9.118995138,1790241588.5722442,0.0,0.0,0.0,0.0
9.137379389000001,1790241588.5906236,0.0,0.0,0.0,0.0
9.139270226,1790241588.5925322,0.0,0.0,0.0,0.0
9.157069581,1790241588.6103008,0.0,0.0,0.0,0.0
9.158746875,1790241588.611977,0.0,0.0,0.0,0.0
9.177327533,1790241588.6305888,0.0,0.0,0.0,0.0
9.179173786,1790241588.6324382,0.0,0.0,0.0,0.0
9.197291579,1790241588.6505702,0.0,0.0,0.0,0.0
9.199183093,1790241588.652459,0.0,0.0,0.0,0.0
9.217264479,1790241588.6705122,0.0,0.0,0.0,0.0
9.218986357,1790241588.672198,0.0,0.0,0.0,0.0
9.237307639,1790241588.6905541,0.0,0.0,0.0,0.0
9.238995924000001,1790241588.6922476,0.0,0.0,0.0,0.0
9.257338039,1790241588.7105846,0.0,0.0,0.0,0.0
9.259203824,1790241588.71244,0.0,0.0,0.0,0.0
9.277206616,1790241588.7304425,0.0,0.0,0.0,0.0
9.278954953000001,1790241588.7321994,0.0,0.0,0.0,0.0
9.297396444,1790241588.7506423,0.0,0.0,0.0,0.0
9.299190249,1790241588.7524266,0.0,0.0,0.0,0.0
9.317251895,1790241588.7704918,0.0,0.0,0.0,0.0
9.319031534,1790241588.772281,0.0,0.0,0.0,0.0
9.337238285,1790241588.7905216,0.0,0.0,0.0,0.0
9.339078497000001,1790241588.7923186,0.0,0.0,0.0,0.0
9.357418946000001,1790241588.8107216,0.0,0.0,0.0,0.0
9.359390355,1790241588.8127234,0.0,0.0,0.0,0.0
9.377358616,1790241588.8305986,0.0,0.0,0.0,0.0
9.379134140000001,1790241588.8323627,0.0,0.0,0.0,0.0
9.39741511,1790241588.8506618,0.0,0.0,0.0,0.0
9.399167301,1790241588.8524091,0.0,0.0,0.0,0.0
9.417331291,1790241588.8705866,0.0,0.0,0.0,0.0
9.419180670000001,1790241588.872415,0.0,0.0,0.0,0.0
9.437238879,1790241588.890491,0.0,0.0,0.0,0.0
9.439075497000001,1790241588.8923283,0.0,0.0,0.0,0.0
9.457430685,1790241588.9106708,0.0,0.0,0.0,0.0
9.45930173,1790241588.912557,0.0,0.0,0.0,0.0
9.477457335,1790241588.9307175,0.0,0.0,0.0,0.0
9.479294734,1790241588.9325876,0.0,0.0,0.0,0.0
9.497374402,1790241588.9506166,0.0,0.0,0.0,0.0
9.499270759,1790241588.9525046,0.0,0.0,0.0,0.0
9.517297823,1790241588.9705734,0.0,0.0,0.0,0.0
9.519123399,1790241588.9723701,0.0,0.0,0.0,0.0
9.537525827000001,1790241588.9907768,0.0,0.0,0.0,0.0
9.539368278000001,1790241588.9926765,0.0,0.0,0.0,0.0
9.557209872000001,1790241589.0104735,0.0,0.0,0.0,0.0
9.55903123,1790241589.012269,0.0,0.0,0.0,0.0
9.577374856,1790241589.0306227,0.0,0.0,0.0,0.0
9.579281995,1790241589.032537,0.0,0.0,0.0,0.0
9.597270568,1790241589.0505226,0.0,0.0,0.0,0.0
9.599036249000001,1790241589.0522656,0.0,0.0,0.0,0.0
9.617368364,1790241589.070622,0.0,0.0,0.0,0.0
9.619155295,1790241589.0723913,0.0,0.0,0.0,0.0
9.637392306,1790241589.090662,0.0,0.0,0.0,0.0
9.639217986,1790241589.092495,0.0,0.0,0.0,0.0
9.657192497,1790241589.110557,0.0,0.0,0.0,0.0
9.659097917,1790241589.112328,0.0,0.0,0.0,0.0
9.67735446,1790241589.1305976,0.0,0.0,0.0,0.0
9.679100349,1790241589.1323202,0.0,0.0,0.0,0.0
9.69722486,1790241589.1504722,0.0,0.0,0.0,0.0
9.698964759,1790241589.1521916,0.0,0.0,0.0,0.0
9.717371354,1790241589.1706307,0.0,0.0,0.0,0.0
9.719196045,1790241589.1724272,0.0,0.0,0.0,0.0
9.737223629,1790241589.1904702,0.0,0.0,0.0,0.0
9.739017642,1790241589.1922858,0.0,0.0,0.0,0.0
9.757426477000001,1790241589.2106805,0.0,0.0,0.0,0.0
9.759245126000001,1790241589.212499,0.0,0.0,0.0,0.0
9.777237606,1790241589.2304718,0.0,0.0,0.0,0.0
9.778993859,1790241589.2322273,0.0,0.0,0.0,0.0
9.797301131000001,1790241589.2505507,0.0,0.0,0.0,0.0
9.799104623,1790241589.2523668,0.0,0.0,0.0,0.0
9.81740502,1790241589.270648,0.0,0.0,0.0,0.0
9.819199138,1790241589.2724679,0.0,0.0,0.0,0.0
9.837335681,1790241589.2905822,0.0,0.0,0.0,0.0
9.839094851,1790241589.2923467,0.0,0.0,0.0,0.0
9.857480143,1790241589.3107212,0.0,0.0,0.0,0.0
9.859297751000001,1790241589.3125474,0.0,0.0,0.0,0.0
9.877322731000001,1790241589.330583,0.0,0.0,0.0,0.0
9.879216015,1790241589.3324547,0.0,0.0,0.0,0.0
9.897406100000001,1790241589.3506613,0.0,0.0,0.0,0.0
9.899199592,1790241589.352496,0.0,0.0,0.0,0.0
9.917242801,1790241589.370499,0.0,0.0,0.0,0.0
9.919049107000001,1790241589.3723142,0.0,0.0,0.0,0.0
9.937290753000001,1790241589.39053,0.0,0.0,0.0,0.0
9.939093882,1790241589.392359,0.0,0.0,0.0,0.0
9.957305112,1790241589.410622,0.0,0.0,0.0,0.0
9.959253344,1790241589.4125054,0.0,0.0,0.0,0.0
9.977234366000001,1790241589.4304895,0.0,0.0,0.0,0.0
9.979023640000001,1790241589.4322512,0.0,0.0,0.0,0.0
9.997319662,1790241589.450577,0.0,0.0,0.0,0.0
9.999102269,1790241589.452345,0.0,0.0,0.0,0.0
10.017287510000001,1790241589.4705272,0.0,0.0,0.0,0.0
10.019109284,1790241589.4723454,0.0,0.0,0.0,0.0
10.03765515,1790241589.4909365,0.0,0.0,0.0,0.0
10.039482497,1790241589.4928243,0.0,0.0,0.0,0.0
10.057410393000001,1790241589.5106483,0.0,0.0,0.0,0.0
10.059229563,1790241589.5124552,0.0,0.0,0.0,0.0
10.077381418,1790241589.5306845,0.0,0.0,0.0,0.0
10.079237776000001,1790241589.532479,0.0,0.0,0.0,0.0
10.09737786,1790241589.5506182,0.0,0.0,0.0,0.0
10.099128436,1790241589.552431,0.0,0.0,0.0,0.0
10.117246332,1790241589.570485,0.0,0.0,0.0,0.0
10.119064409,1790241589.5723217,0.0,0.0,0.0,0.0
10.137311160000001,1790241589.590644,0.0,0.0,0.0,0.0
10.139255798,1790241589.5924957,0.0,0.0,0.0,0.0
10.157309112,1790241589.6105692,0.0,0.0,0.0,0.0
10.159125157,1790241589.6123734,0.0,0.0,0.0,0.0
10.177258418000001,1790241589.630504,0.0,0.0,0.0,0.0
10.179077900000001,1790241589.6323607,0.0,0.0,0.0,0.0
10.197418245000001,1790241589.6507,0.0,0.0,0.0,0.0
10.199329030000001,1790241589.652564,0.0,0.0,0.0,0.0
10.217223384,1790241589.6704793,0.0,0.0,0.0,0.0
10.219080992,1790241589.6723144,0.0,0.0,0.0,0.0
10.23722743,1790241589.690488,0.0,0.0,0.0,0.0
10.238984256,1790241589.6922405,0.0,0.0,0.0,0.0
10.257304341000001,1790241589.7105513,0.0,0.0,0.0,0.0
10.259147834,1790241589.71238,0.0,0.0,0.0,0.0
10.277499064,1790241589.7307413,0.0,0.0,0.0,0.0
10.279359276000001,1790241589.7326045,0.0,0.0,0.0,0.0
10.297315245,1790241589.7505615,0.0,0.0,0.0,0.0
10.2991103,1790241589.7523532,0.0,0.0,0.0,0.0
10.317262676,1790241589.770529,0.0,0.0,0.0,0.0
10.319083825,1790241589.7723155,0.0,0.0,0.0,0.0
10.337409014,1790241589.7906873,0.0,0.0,0.0,0.0
10.339266100000001,1790241589.792499,0.0,0.0,0.0,0.0
10.357439935,1790241589.8106976,0.0,0.0,0.0,0.0
10.359250771000001,1790241589.812555,0.0,0.0,0.0,0.0
10.377411272,1790241589.830668,0.0,0.0,0.0,0.0
10.379266067000001,1790241589.8324983,0.0,0.0,0.0,0.0
10.397312089000001,1790241589.8505497,0.0,0.0,0.0,0.0
10.399189331,1790241589.8524315,0.0,0.0,0.0,0.0
10.41740728,1790241589.8706543,0.0,0.0,0.0,0.0
10.419221815,1790241589.8725293,0.0,0.0,0.0,0.0
10.437496951,1790241589.8907678,0.0,0.0,0.0,0.0
10.439379090000001,1790241589.8927023,0.0,0.0,0.0,0.0
10.457708914000001,1790241589.9109745,0.0,0.0,0.0,0.0
10.459892564,1790241589.9131641,0.0,0.0,0.0,0.0
10.477617804000001,1790241589.9309285,0.0,0.0,0.0,0.0
10.47977838,1790241589.9330783,0.0,0.0,0.0,0.0
10.497502110000001,1790241589.9507654,0.0,0.0,0.0,0.0
10.499527217,1790241589.952857,0.0,0.0,0.0,0.0
10.517613864000001,1790241589.9709044,0.0,0.0,0.0,0.0
10.519833035000001,1790241589.9730992,0.0,0.0,0.0,0.0
10.538303015,1790241589.9915738,0.0,0.0,0.0,0.0
10.540504321,1790241589.9937778,0.0,0.0,0.0,0.0
10.557665081000001,1790241590.0109718,0.0,0.0,0.0,0.0
10.559851960000001,1790241590.0131166,0.0,0.0,0.0,0.0
10.577626626,1790241590.0309165,0.0,0.0,0.0,0.0
10.57976913,1790241590.033124,0.0,0.0,0.0,0.0
10.597618328000001,1790241590.0508766,0.0,0.0,0.0,0.0
10.599695624,1790241590.05297,0.0,0.0,0.0,0.0
10.617582062,1790241590.0708477,0.0,0.0,0.0,0.0
10.619651388000001,1790241590.0729046,0.0,0.0,0.0,0.0
10.637689024,1790241590.0909576,0.0,0.0,0.0,0.0
10.640045695000001,1790241590.0934181,0.0,0.0,0.0,0.0
10.657296715000001,1790241590.1106005,0.0,0.0,0.0,0.0
10.659230052,1790241590.112474,0.0,0.0,0.0,0.0
10.677246542,1790241590.1304982,0.0,0.0,0.0,0.0
10.679117952,1790241590.1323762,0.0,0.0,0.0,0.0
10.697222359000001,1790241590.1504827,0.0,0.0,0.0,0.0
10.699000643000002,1790241590.1522458,0.0,0.0,0.0,0.0
10.717264738,1790241590.170529,0.0,0.0,0.0,0.0
10.71913896,1790241590.1723871,0.0,0.0,0.0,0.0
10.737322742,1790241590.1905887,0.0,0.0,0.0,0.0
10.739161548,1790241590.19242,0.0,0.0,0.0,0.0
10.757236215,1790241590.2105143,0.0,0.0,0.0,0.0
10.759071479000001,1790241590.2122896,0.0,0.0,0.0,0.0
10.777276719000001,1790241590.2305484,0.0,0.0,0.0,0.0
10.77912141,1790241590.2324061,0.0,0.0,0.0,0.0
10.797213473000001,1790241590.2504513,0.0,0.0,0.0,0.0
10.798893528,1790241590.2521305,0.0,0.0,0.0,0.0
10.817236061000001,1790241590.2704751,0.0,0.0,0.0,0.0
10.819091377000001,1790241590.2723386,0.0,0.0,0.0,0.0
10.837408805,1790241590.2906883,0.0,0.0,0.0,0.0
10.839226100000001,1790241590.2924726,0.0,0.0,0.0,0.0
10.857231809,1790241590.310472,0.0,0.0,0.0,0.0
10.859050197,1790241590.312303,0.0,0.0,0.0,0.0
10.877328615000001,1790241590.3305824,0.0,0.0,0.0,0.0
10.879124243000001,1790241590.3324165,0.0,0.0,0.0,0.0
10.897310213,1790241590.3505442,0.0,0.0,0.0,0.0
10.899053185000001,1790241590.3523517,0.0,0.0,0.0,0.0
10.91725379,1790241590.3705306,0.0,0.0,0.0,0.0
10.919109314,1790241590.372352,0.0,0.0,0.0,0.0
10.937368669000001,1790241590.3906124,0.0,0.0,0.0,0.0
10.939187214,1790241590.3924701,0.0,0.0,0.0,0.0
10.957307402000001,1790241590.41058,0.0,0.0,0.0,0.0
10.95917876,1790241590.4124222,0.0,0.0,0.0,0.0
10.977265302000001,1790241590.4305208,0.0,0.0,0.0,0.0
10.979120722000001,1790241590.4323652,0.0,0.0,0.0,0.0
10.997244035000001,1790241590.4505217,0.0,0.0,0.0,0.0
10.999082424000001,1790241590.452308,0.0,0.0,0.0,0.0
11.017406884000001,1790241590.4706638,0.0,0.0,0.0,0.0
11.019218397000001,1790241590.4724686,0.0,0.0,0.0,0.0
11.037708534,1790241590.4909513,0.0,0.0,0.0,0.0
11.039524683000002,1790241590.4928648,0.0,0.0,0.0,0.0
11.057350288,1790241590.5105999,0.0,0.0,0.0,0.0
11.059189510000001,1790241590.5124307,0.0,0.0,0.0,0.0
11.077318292000001,1790241590.5305562,0.0,0.0,0.0,0.0
11.079175118,1790241590.5324256,0.0,0.0,0.0,0.0
11.097324629000001,1790241590.5505853,0.0,0.0,0.0,0.0
11.099162237,1790241590.5524368,0.0,0.0,0.0,0.0
11.117318050000002,1790241590.5705805,0.0,0.0,0.0,0.0
11.119150032,1790241590.5723855,0.0,0.0,0.0,0.0
11.137364075,1790241590.5906281,0.0,0.0,0.0,0.0
11.139225537000002,1790241590.5924797,0.0,0.0,0.0,0.0
11.157634215,1790241590.610942,0.0,0.0,0.0,0.0
11.159821875,1790241590.6131198,0.0,0.0,0.0,0.0
11.177667896,1790241590.6309626,0.0,0.0,0.0,0.0
11.184594836,1790241590.6379693,0.0,0.0,0.0,0.0
11.187035882,1790241590.6403842,0.0,0.0,0.0,0.0
11.197799859,1790241590.6510649,0.0,0.0,0.0,0.0
11.217637394,1790241590.6708946,0.0,0.0,0.0,0.0
11.219791513,1790241590.6731358,0.0,0.0,0.0,0.0
11.237655398000001,1790241590.6909192,0.0,0.0,0.0,0.0
11.239805402,1790241590.6931558,0.0,0.0,0.0,0.0
11.257733298000002,1790241590.7110167,0.0,0.0,0.0,0.0
11.259832833,1790241590.71311,0.0,0.0,0.0,0.0
11.277299166,1790241590.7305813,0.0,0.0,0.0,0.0
11.279129065000001,1790241590.7323828,0.0,0.0,0.0,0.0
11.297528004,1790241590.750767,0.0,0.0,0.0,0.0
11.299277434,1790241590.7525237,0.0,0.0,0.0,0.0
11.317219133,1790241590.7704642,0.0,0.0,0.0,0.0
11.318999657,1790241590.772248,0.0,0.0,0.0,0.0
11.337203179000001,1790241590.790461,0.0,0.0,0.0,0.0
11.338973598,1790241590.7922003,0.0,0.0,0.0,0.0
11.357374048,1790241590.8106828,0.0,0.0,0.0,0.0
11.359468687000001,1790241590.8128157,0.0,0.0,0.0,0.0
11.377740907000002,1790241590.8310134,0.0,0.0,0.0,0.0
11.38009164,1790241590.833359,0.0,0.0,0.0,0.0
11.397878755,1790241590.851132,0.0,0.0,0.0,0.0
11.400109175,1790241590.8533955,0.0,0.0,0.0,0.0
11.417573112000001,1790241590.8708353,0.0,0.0,0.0,0.0
11.419758793000002,1790241590.8730736,0.0,0.0,0.0,0.0
11.4376932,1790241590.8909588,0.0,0.0,0.0,0.0
11.439893464,1790241590.893201,0.0,0.0,0.0,0.0
11.457723392,1790241590.9110267,0.0,0.0,0.0,0.0
11.459865687,1790241590.9131157,0.0,0.0,0.0,0.0
11.477329260000001,1790241590.9305665,0.0,0.0,0.0,0.0
11.479146555000002,1790241590.9323862,0.0,0.0,0.0,0.0
11.499003881,1790241590.9523451,0.0,0.0,0.0,0.0
11.502116595,1790241590.9554222,0.0,0.0,0.0,0.0
11.518240061,1790241590.9715712,0.0,0.0,0.0,0.0
11.520983347000001,1790241590.974261,0.0,0.0,0.0,0.0
11.538736608,1790241590.9921486,0.0,0.0,0.0,0.0
11.542343489,1790241590.9957533,0.0,0.0,0.0,0.0
11.556908619000001,1790241591.0101488,0.0,0.0,0.0,0.0
11.55844982,1790241591.0116131,0.0,0.0,0.0,0.0
11.577807823,1790241591.0310717,0.0,0.0,0.0,0.0
11.580022827,1790241591.0332391,0.0,0.0,0.0,0.0
11.597267597,1790241591.0505176,0.0,0.0,0.0,0.0
11.598950673000001,1790241591.052109,0.0,0.0,0.0,0.0
11.619362688,1790241591.0728593,0.0,0.0,0.0,0.0
11.623130403000001,1790241591.076436,0.0,0.0,0.0,0.0
11.637345116,1790241591.0905855,0.0,0.0,0.0,0.0
11.639318296,1790241591.0926058,0.0,0.0,0.0,0.0
11.657826871000001,1790241591.1111155,0.0,0.0,0.0,0.0
11.660618386000001,1790241591.114027,0.0,0.0,0.0,0.0
11.677817635,1790241591.1311438,0.0,0.0,0.0,0.0
11.680673994000001,1790241591.1339805,0.0,0.0,0.0,0.0
11.697414076000001,1790241591.1506524,0.0,0.0,0.0,0.0
11.699183767000001,1790241591.1523495,0.0,0.0,0.0,0.0
11.718377811,1790241591.1717281,0.0,0.0,0.0,0.0
11.721229639,1790241591.1744878,0.0,0.0,0.0,0.0
11.738513784,1790241591.1918597,0.0,0.0,0.0,0.0
11.741341185000001,1790241591.1946387,0.0,0.0,0.0,0.0
11.758314444000002,1790241591.2116776,0.0,0.0,0.0,0.0
11.761075907,1790241591.2143097,0.0,0.0,0.0,0.0
11.777218853,1790241591.2304628,0.0,0.0,0.0,0.0
11.779096825,1790241591.2323234,0.0,0.0,0.0,0.0
11.798335400000001,1790241591.2516685,0.0,0.0,0.0,0.0
11.801084937,1790241591.254321,0.0,0.0,0.0,0.0
11.818691218000001,1790241591.2721033,0.0,0.0,0.0,0.0
11.822376537,1790241591.2757106,0.0,0.0,0.0,0.0
11.837045104000001,1790241591.2902892,0.0,0.0,0.0,0.0
11.83861094,1790241591.2917717,0.0,0.0,0.0,0.0
11.857019931,1790241591.3102424,0.0,0.0,0.0,0.0
11.858623424000001,1790241591.3118007,0.0,0.0,0.0,0.0
11.878701376,1790241591.3320425,0.0,0.0,0.0,0.0
11.881838725000001,1790241591.3351164,0.0,0.0,0.0,0.0
11.898013598,1790241591.3513439,0.0,0.0,0.0,0.0
11.900756259000001,1790241591.3540094,0.0,0.0,0.0,0.0
11.917181861000001,1790241591.370416,0.0,0.0,0.0,0.0
11.918954728000001,1790241591.3721359,0.0,0.0,0.0,0.0
11.938258617,1790241591.3916066,0.0,0.0,0.0,0.0
11.94118383,1790241591.394562,0.0,0.0,0.0,0.0
11.95762037,1790241591.4108603,0.0,0.0,0.0,0.0
11.959438862,1790241591.4126084,0.0,0.0,0.0,0.0
11.977635301000001,1790241591.4309251,0.0,0.0,0.0,0.0
11.980073899,1790241591.4332955,0.0,0.0,0.0,0.0
11.999073568,1790241591.4525,0.0,0.0,0.0,0.0
12.002006542,1790241591.4554005,0.0,0.0,0.0,0.0
12.017733809000001,1790241591.471065,0.0,0.0,0.0,0.0
12.020045272,1790241591.4733028,0.0,0.0,0.0,0.0
12.037625615000001,1790241591.4909482,0.0,0.0,0.0,0.0
12.039813067,1790241591.4931045,0.0,0.0,0.0,0.0
12.057091014000001,1790241591.5103357,0.0,0.0,0.0,0.0
12.058775965,1790241591.511962,0.0,0.0,0.0,0.0
12.079247876,1790241591.5325632,0.0,0.0,0.0,0.0
12.082044288,1790241591.5352986,0.0,0.0,0.0,0.0
12.097802024,1790241591.5510628,0.0,0.0,0.0,0.0
12.100151924,1790241591.553416,0.0,0.0,0.0,0.0
12.118913155000001,1790241591.5722868,0.0,0.0,0.0,0.0
12.122041285,1790241591.5753348,0.0,0.0,0.0,0.0
12.138068293,1790241591.5913982,0.0,0.0,0.0,0.0
12.140819912000001,1790241591.5940619,0.0,0.0,0.0,0.0
12.157966141000001,1790241591.6113179,0.0,0.0,0.0,0.0
12.161114219,1790241591.6144629,0.0,0.0,0.0,0.0
12.176974195000001,1790241591.630321,0.0,0.0,0.0,0.0
12.180186857,1790241591.633466,0.0,0.0,0.0,0.0
12.197150116000001,1790241591.6503918,0.0,0.0,0.0,0.0
12.198716161,1790241591.6518686,0.0,0.0,0.0,0.0
12.218670467,1790241591.6720355,0.0,0.0,0.0,0.0
12.221842087,1790241591.6751363,0.0,0.0,0.0,0.0
12.237242270000001,1790241591.6905255,0.0,0.0,0.0,0.0
12.239003888000001,1790241591.6921957,0.0,0.0,0.0,0.0
12.257385066000001,1790241591.710632,0.0,0.0,0.0,0.0
12.25913184,1790241591.7123108,0.0,0.0,0.0,0.0
12.277581352,1790241591.7308426,0.0,0.0,0.0,0.0
12.279973961000001,1790241591.7332172,0.0,0.0,0.0,0.0
12.298233264,1790241591.7515516,0.0,0.0,0.0,0.0
12.300954779000001,1790241591.7541862,0.0,0.0,0.0,0.0
12.318177986,1790241591.771544,0.0,0.0,0.0,0.0
12.321277367,1790241591.7745848,0.0,0.0,0.0,0.0
12.336924165000001,1790241591.7903235,0.0,0.0,0.0,0.0
12.340130265,1790241591.7934804,0.0,0.0,0.0,0.0
12.357148107,1790241591.8103852,0.0,0.0,0.0,0.0
12.358903527,1790241591.8120713,0.0,0.0,0.0,0.0
12.378663666000001,1790241591.831987,0.0,0.0,0.0,0.0
12.381775130000001,1790241591.8350344,0.0,0.0,0.0,0.0
12.398114169000001,1790241591.8514464,0.0,0.0,0.0,0.0
12.400951362,1790241591.854215,0.0,0.0,0.0,0.0
12.418648112000001,1790241591.8720615,0.0,0.0,0.0,0.0
12.422283848000001,1790241591.8756304,0.0,0.0,0.0,0.0
12.437096582,1790241591.890338,0.0,0.0,0.0,0.0
12.438680543,1790241591.8918467,0.0,0.0,0.0,0.0
12.457069951000001,1790241591.910316,0.0,0.0,0.0,0.0
12.458623651,1790241591.9117854,0.0,0.0,0.0,0.0
12.478665093,1790241591.9320354,0.0,0.0,0.0,0.0
12.481826817,1790241591.9351342,0.0,0.0,0.0,0.0
12.498044398000001,1790241591.9513469,0.0,0.0,0.0,0.0
12.50084133,1790241591.9540968,0.0,0.0,0.0,0.0
12.517179015,1790241591.9704113,0.0,0.0,0.0,0.0
12.518951466,1790241591.9721196,0.0,0.0,0.0,0.0
12.538679053000001,1790241591.992062,0.0,0.0,0.0,0.0
12.54179109,1790241591.9951217,0.0,0.0,0.0,0.0
12.558254817,1790241592.011659,0.0,0.0,0.0,0.0
12.561432844,1790241592.014767,0.0,0.0,0.0,0.0
12.57723209,1790241592.0305588,0.0,0.0,0.0,0.0
12.580553555000002,1790241592.0338492,0.0,0.0,0.0,0.0
12.597219209,1790241592.0504775,0.0,0.0,0.0,0.0
12.599014577,1790241592.0521836,0.0,0.0,0.0,0.0
12.618682372,1790241592.072044,0.0,0.0,0.0,0.0
12.621783523000001,1790241592.0750709,0.0,0.0,0.0,0.0
12.637154905000001,1790241592.0904055,0.0,0.0,0.0,0.0
12.638822876,1790241592.092003,0.0,0.0,0.0,0.0
12.657250982,1790241592.11053,0.0,0.0,0.0,0.0
12.659359735,1790241592.1125824,0.0,0.0,0.0,0.0
12.677579716,1790241592.1308641,0.0,0.0,0.0,0.0
12.679965866000002,1790241592.1331859,0.0,0.0,0.0,0.0
12.698178346,1790241592.1515248,0.0,0.0,0.0,0.0
12.700904028,1790241592.1541378,0.0,0.0,0.0,0.0
12.717150671,1790241592.1703825,0.0,0.0,0.0,0.0
12.718937185000001,1790241592.1721056,0.0,0.0,0.0,0.0
12.738201281,1790241592.191532,0.0,0.0,0.0,0.0
12.740972953,1790241592.1942232,0.0,0.0,0.0,0.0
12.758477515000001,1790241592.21182,0.0,0.0,0.0,0.0
12.761604343,1790241592.2148664,0.0,0.0,0.0,0.0
12.777022652000001,1790241592.2302542,0.0,0.0,0.0,0.0
12.780006928,1790241592.2332833,0.0,0.0,0.0,0.0
12.797249563000001,1790241592.2504928,0.0,0.0,0.0,0.0
12.799032118000001,1790241592.2522,0.0,0.0,0.0,0.0
12.818645173,1790241592.271971,0.0,0.0,0.0,0.0
12.821848252,1790241592.275121,0.0,0.0,0.0,0.0
12.837048695,1790241592.2902846,0.0,0.0,0.0,0.0
12.838604167000002,1790241592.2917671,0.0,0.0,0.0,0.0
12.856995918,1790241592.3102114,0.0,0.0,0.0,0.0
12.858530452,1790241592.311691,0.0,0.0,0.0,0.0
12.879153822000001,1790241592.3325655,0.0,0.0,0.0,0.0
12.882792162000001,1790241592.336079,0.0,0.0,0.0,0.0
12.897449167000001,1790241592.3506794,0.0,0.0,0.0,0.0
12.899107659,1790241592.3523011,0.0,0.0,0.0,0.0
12.917945297000001,1790241592.371212,0.0,0.0,0.0,0.0
12.920290093,1790241592.3735478,0.0,0.0,0.0,0.0
12.937088872,1790241592.390334,5.0,5.0,0.0,0.0
12.938664552,1790241592.3918195,5.0,5.0,0.0,0.0
12.959115161000001,1790241592.4125545,5.0,5.0,0.0,0.0
12.962802668,1790241592.416331,5.0,5.0,0.14,0.14
12.978006757000001,1790241592.4313118,5.0,5.0,0.421,0.421
12.980502022000001,1790241592.4337335,5.0,5.0,0.701,0.841
12.997090697,1790241592.4504182,5.0,5.0,1.402,1.402
13.000197109,1790241592.4534924,5.0,5.0,1.683,1.823
13.017249379,1790241592.470521,5.0,5.0,1.823,2.244
13.019045371,1790241592.4722145,5.0,5.0,2.384,2.945
13.037668842,1790241592.4909294,5.0,5.0,2.805,3.506
13.039714002,1790241592.492931,5.0,5.0,3.226,3.927
13.057155803,1790241592.5103817,5.0,5.0,3.506,4.207
13.058690598,1790241592.511867,5.0,5.0,3.787,4.628
13.079137613,1790241592.5325954,5.0,5.0,3.927,4.909
13.082842047000002,1790241592.5361507,5.0,5.0,4.207,5.049
13.097422333,1790241592.5507383,5.0,5.0,4.488,5.189
13.100204108000002,1790241592.5534909,5.0,5.0,4.348,5.329
13.117378722000002,1790241592.5706503,5.0,5.0,4.348,5.61
13.119333049000002,1790241592.572513,5.0,5.0,4.488,5.329
13.138245686000001,1790241592.5915809,5.0,5.0,4.628,5.47
13.140982410000001,1790241592.5942469,5.0,5.0,4.628,5.47
13.158746816,1790241592.6121511,5.0,5.0,4.768,5.47
13.162420781000002,1790241592.6157398,5.0,5.0,4.909,5.47
13.176914661000001,1790241592.630157,5.0,5.0,4.909,5.47
13.178459924,1790241592.6316237,5.0,5.0,5.049,5.47
13.198349594000002,1790241592.6516938,5.0,5.0,5.189,5.47
13.201090953000001,1790241592.6543376,5.0,5.0,5.189,5.47
13.218355776000001,1790241592.671696,5.0,5.0,5.329,5.47
13.221392239,1790241592.6746473,5.0,5.0,5.47,5.329
13.237125809,1790241592.6903627,5.0,5.0,5.47,5.329
13.238686437,1790241592.6918504,5.0,5.0,5.47,5.189
13.257496522,1790241592.7108595,5.0,5.0,5.61,5.189
13.259472932000001,1790241592.7127519,5.0,5.0,5.61,5.189
13.278376611,1790241592.731695,5.0,5.0,5.47,5.189
13.281119168,1790241592.7344127,5.0,5.0,5.61,5.329
13.297213884000001,1790241592.7504525,5.0,5.0,5.61,5.049
13.299012793000001,1790241592.7521918,5.0,5.0,5.61,4.909
13.318500901,1790241592.7718408,5.0,5.0,5.47,5.049
13.321591323000002,1790241592.774866,5.0,5.0,5.47,4.768
13.338077081000002,1790241592.7914097,5.0,5.0,5.329,4.909
13.341258128000002,1790241592.7945151,5.0,5.0,5.189,5.049
13.356920864000001,1790241592.810298,5.0,5.0,4.909,5.049
13.360134099000001,1790241592.8134527,5.0,5.0,5.049,4.768
13.377213452000001,1790241592.8304715,5.0,5.0,5.189,5.049
13.379009028,1790241592.832192,5.0,5.0,5.189,5.189
13.398390938,1790241592.8517015,5.0,5.0,5.329,4.909
13.401105995,1790241592.854381,5.0,5.0,5.189,4.909
13.418078889,1790241592.8713987,5.0,5.0,5.329,4.768
13.421197488,1790241592.874458,5.0,5.0,5.189,4.348
13.437098923,1790241592.8903255,5.0,5.0,4.909,4.348
13.438665488000002,1790241592.8918304,5.0,5.0,4.768,4.207
13.461357403000001,1790241592.9146445,5.0,5.0,4.909,4.348
13.463190375000002,1790241592.9163618,5.0,5.0,4.488,4.067
13.477455036,1790241592.9307024,5.0,5.0,3.787,3.646
13.479264362,1790241592.9324393,5.0,5.0,3.226,3.366
13.498311427,1790241592.9516718,5.0,5.0,2.384,2.524
13.501113671,1790241592.9543748,5.0,5.0,2.104,2.104
13.518736723,1790241592.9721303,5.0,5.0,1.823,2.104
13.522393396,1790241592.975742,5.0,5.0,1.543,1.823
13.53713212,1790241592.9903595,5.0,5.0,1.402,1.823
13.538683738000001,1790241592.991836,5.0,5.0,1.122,1.683
13.558404241000002,1790241593.0117712,5.0,5.0,1.122,1.963
13.561608882000002,1790241593.0149202,5.0,5.0,1.543,1.963
13.577129326000001,1790241593.0304964,5.0,5.0,1.823,2.384
13.580460843000001,1790241593.033738,5.0,5.0,2.104,2.524
13.597335664000001,1790241593.0505686,5.0,5.0,2.665,2.945
13.599117282000002,1790241593.0522916,5.0,5.0,2.945,3.366
13.618709348000001,1790241593.0720391,5.0,5.0,3.226,3.646
13.621706072,1790241593.0750456,5.0,5.0,3.646,3.927
13.637234693000002,1790241593.0905035,5.0,5.0,3.787,4.067
13.639050998,1790241593.0922296,5.0,5.0,4.207,4.348
13.657476604000001,1790241593.1107166,5.0,5.0,4.488,4.628
13.659286138,1790241593.112471,5.0,5.0,4.628,4.628
13.677602369,1790241593.130892,5.0,5.0,4.768,4.768
13.680250186,1790241593.1335042,5.0,5.0,4.909,4.909
13.697985061,1790241593.15127,5.0,5.0,5.189,5.049
13.700501367000001,1790241593.1537378,5.0,5.0,5.049,4.768
13.719412078000001,1790241593.1728644,5.0,5.0,5.049,5.049
13.723132032,1790241593.1764746,5.0,5.0,5.189,4.909
13.738273413000002,1790241593.191612,5.0,5.0,5.189,4.909
13.741163783000001,1790241593.1944377,5.0,5.0,5.189,4.909
13.758586001000001,1790241593.2119434,5.0,5.0,5.049,5.049
13.762256216,1790241593.215699,5.0,5.0,5.189,5.049
13.777382597,1790241593.2306998,5.0,5.0,5.189,4.909
13.780150414000001,1790241593.2334192,5.0,5.0,5.049,5.189
13.797217580000002,1790241593.250468,5.0,5.0,5.189,5.049
13.799025239,1790241593.2521946,5.0,5.0,5.189,4.909
13.81821569,1790241593.271544,5.0,5.0,5.049,5.049
13.820964549000001,1790241593.2742314,5.0,5.0,5.049,5.049
13.837357495000001,1790241593.2906084,5.0,5.0,5.049,5.189
13.839192602,1790241593.2923717,5.0,5.0,4.909,5.47
13.857188936,1790241593.3104248,5.0,5.0,5.049,5.47
13.859154408,1790241593.3123431,5.0,5.0,5.189,5.189
13.877625847000001,1790241593.3308992,5.0,5.0,5.189,5.329
13.880020435,1790241593.333237,5.0,5.0,5.049,5.049
13.898218696,1790241593.3515856,5.0,5.0,5.049,4.909
13.900980420000002,1790241593.3543293,5.0,5.0,4.909,4.768
13.917092323,1790241593.3703144,-5.0,-5.0,4.909,4.628
13.918624149000001,1790241593.3718007,-5.0,-5.0,4.768,4.628
13.939421946000001,1790241593.392887,-5.0,-5.0,4.909,4.768
13.943087525000001,1790241593.396372,-5.0,-5.0,4.488,4.348
13.957990156000001,1790241593.4113529,-5.0,-5.0,3.927,3.646
13.960797869,1790241593.4140334,-5.0,-5.0,3.366,2.945
13.9771792,1790241593.4304156,-5.0,-5.0,2.244,1.963
13.978979724,1790241593.4321492,-5.0,-5.0,1.262,0.701
13.998478144000002,1790241593.451789,-5.0,-5.0,0.14,-0.28
14.001453149000001,1790241593.454726,-5.0,-5.0,-0.841,-1.262
14.018697294,1790241593.4720197,-5.0,-5.0,-1.262,-2.244
14.022101779000002,1790241593.4753983,-5.0,-5.0,-1.963,-2.805
14.037126493,1790241593.490353,-5.0,-5.0,-2.524,-3.226
14.038813163,1790241593.4919925,-5.0,-5.0,-3.085,-3.646
14.057176008,1790241593.5104065,-5.0,-5.0,-3.506,-4.067
14.058843407000001,1790241593.5120056,-5.0,-5.0,-3.787,-4.488
14.078916880000001,1790241593.5322845,-5.0,-5.0,-4.067,-4.768
14.082399594000002,1790241593.5356824,-5.0,-5.0,-4.348,-4.909
14.097029412000001,1790241593.5502567,-5.0,-5.0,-4.488,-5.189
14.098700456000001,1790241593.551854,-5.0,-5.0,-4.768,-5.329
14.119028826000001,1790241593.5723517,-5.0,-5.0,-4.768,-5.189
14.122370707000002,1790241593.5756643,-5.0,-5.0,-4.909,-5.049
14.137068076,1790241593.5902865,-5.0,-5.0,-5.049,-4.909
14.138721152,1790241593.5918758,-5.0,-5.0,-4.909,-4.909
14.159028844000002,1790241593.612358,-5.0,-5.0,-5.049,-4.909
14.162421611000001,1790241593.6156967,-5.0,-5.0,-4.768,-5.049
14.178240024,1790241593.631557,-5.0,-5.0,-4.628,-5.049
14.181183831,1790241593.634453,-5.0,-5.0,-4.909,-4.909
14.199097977000001,1790241593.652481,-5.0,-5.0,-4.909,-4.768
14.203081891,1790241593.6564162,-5.0,-5.0,-4.909,-4.909
14.217059884000001,1790241593.670317,-5.0,-5.0,-4.909,-4.768
14.218743585,1790241593.6719165,-5.0,-5.0,-4.768,-4.909
14.238207213,1790241593.6915197,-5.0,-5.0,-4.628,-4.768
14.241054145000001,1790241593.6942985,-5.0,-5.0,-4.628,-4.628
14.257165268000001,1790241593.710393,-5.0,-5.0,-4.768,-4.628
14.258962562,1790241593.712151,-5.0,-5.0,-4.628,-4.628
14.277766241,1790241593.7310271,-5.0,-5.0,-4.488,-4.628
14.280366819000001,1790241593.7335858,-5.0,-5.0,-4.768,-4.628
14.298406538,1790241593.7517476,-5.0,-5.0,-4.628,-4.488
14.301391492,1790241593.7546709,-5.0,-5.0,-4.628,-4.628
14.318892356000001,1790241593.7723417,-5.0,-5.0,-4.488,-4.348
14.322961998,1790241593.7762516,-5.0,-5.0,-4.628,-4.348
14.33699395,1790241593.790214,-5.0,-5.0,-4.488,-4.488
14.338630047,1790241593.7917798,-5.0,-5.0,-4.488,-4.488
14.358921958000002,1790241593.812262,-5.0,-5.0,-4.488,-4.348
14.362310453000001,1790241593.815604,-5.0,-5.0,-4.348,-4.488
14.378278346,1790241593.831589,-5.0,-5.0,-4.207,-4.488
14.381332518,1790241593.8346102,-5.0,-5.0,-4.488,-4.348
14.397506349,1790241593.8511338,-5.0,-5.0,-4.207,-4.488
14.401222866000001,1790241593.8545277,-5.0,-5.0,-4.207,-4.488
14.41737378,1790241593.870627,-5.0,-5.0,-4.207,-4.488
14.419302742000001,1790241593.8724842,-5.0,-5.0,-4.348,-4.488
14.443808566000001,1790241593.897042,-5.0,-5.0,-4.488,-4.768
14.445630236000001,1790241593.8988204,-5.0,-5.0,-4.067,-4.628
14.447288833000002,1790241593.9004614,-5.0,-5.0,-3.787,-3.506
14.457205309,1790241593.910421,-5.0,-5.0,-3.085,-2.805
14.479154462,1790241593.932568,-5.0,-5.0,-2.104,-1.963
14.483249,1790241593.936555,-5.0,-5.0,-1.402,-1.262
14.497168035000001,1790241593.9503882,-5.0,-5.0,-0.841,-0.561
14.500057363000002,1790241593.9533067,-5.0,-5.0,-0.841,-0.14
14.517610311,1790241593.970867,-5.0,-5.0,-1.122,-0.421
14.519950836000001,1790241593.9731543,-5.0,-5.0,-1.122,-0.28
14.53843915,1790241593.9917362,-5.0,-5.0,-0.982,-0.561
14.541385978000001,1790241593.994638,-5.0,-5.0,-0.561,-0.701
14.558606842000001,1790241594.0119479,-5.0,-5.0,-0.841,-0.841
14.561965129,1790241594.0152452,-5.0,-5.0,-1.262,-1.262
14.578551096000002,1790241594.0318656,-5.0,-5.0,-1.823,-1.963
14.581662768000001,1790241594.034998,-5.0,-5.0,-1.963,-2.524
14.597180243,1790241594.0504038,-5.0,-5.0,-2.244,-2.945
14.598849882000001,1790241594.052014,-5.0,-5.0,-2.384,-3.366
14.619046949000001,1790241594.072412,-5.0,-5.0,-2.805,-3.787
14.622448986,1790241594.0757244,-5.0,-5.0,-3.085,-4.067
14.637469429000001,1790241594.0907114,-5.0,-5.0,-3.366,-4.348
14.639384224,1790241594.0925846,-5.0,-5.0,-3.646,-4.628
14.657404568,1790241594.1106353,-5.0,-5.0,-3.927,-4.909
14.659215770000001,1790241594.112379,-5.0,-5.0,-3.927,-4.909
14.678435699000001,1790241594.1317987,-5.0,-5.0,-4.067,-5.329
14.681920549,1790241594.1351824,-5.0,-5.0,-4.488,-5.329
14.697329014000001,1790241594.1505477,-5.0,-5.0,-4.488,-5.47
14.698998392000002,1790241594.152153,-5.0,-5.0,-4.488,-5.47
14.719206396,1790241594.1725664,-5.0,-5.0,-4.628,-5.61
14.722652496,1790241594.1759207,-5.0,-5.0,-4.768,-5.61
14.738127263,1790241594.191488,-5.0,-5.0,-4.909,-5.75
14.741448571000001,1790241594.1948304,-5.0,-5.0,-5.189,-5.47
14.757456099,1790241594.2107341,-5.0,-5.0,-5.329,-5.47
14.759314905,1790241594.2125175,-5.0,-5.0,-5.189,-5.189
14.777868114,1790241594.2311604,-5.0,-5.0,-5.329,-5.049
14.78049213,1790241594.2337205,-5.0,-5.0,-5.329,-4.909
14.798168567000001,1790241594.25145,-5.0,-5.0,-5.049,-4.909
14.800936541,1790241594.2541614,-5.0,-5.0,-4.909,-4.768
14.818607145000001,1790241594.271973,-5.0,-5.0,-5.049,-4.909
14.822016995,1790241594.2753186,-5.0,-5.0,-5.049,-4.909
14.837316553,1790241594.2905517,-5.0,-5.0,-5.189,-5.049
14.839007702000002,1790241594.2921724,-5.0,-5.0,-5.189,-4.909
14.857292838000001,1790241594.3105817,-5.0,-5.0,-5.189,-5.049
14.859714978000001,1790241594.312945,-5.0,-5.0,-5.049,-4.768
14.877554384000002,1790241594.3308,-5.0,-5.0,-5.329,-4.909
14.879887461000001,1790241594.3331292,-5.0,-5.0,-5.189,-5.049
14.898561348000001,1790241594.3518734,-5.0,-5.0,-5.189,-4.909
14.901467708,1790241594.354741,-5.0,-5.0,-5.189,-4.768
14.917357580000001,1790241594.370739,-5.0,-5.0,-5.049,-4.909
14.921058211,1790241594.374351,-5.0,-5.0,-4.909,-4.909
14.937476053000001,1790241594.3907225,-5.0,-5.0,-5.049,-4.768
14.939416785,1790241594.3926094,-5.0,-5.0,-4.909,-4.768
14.95819885,1790241594.4114914,-5.0,-5.0,-4.768,-4.768
14.960845625000001,1790241594.4140992,-5.0,-5.0,-4.909,-4.768
14.978477219,1790241594.4318397,-5.0,-5.0,-4.768,-4.628
14.981896287000001,1790241594.4351614,-5.0,-5.0,-4.628,-4.768
14.998678192000002,1790241594.4520307,-5.0,-5.0,-4.768,-4.768
15.002179709000002,1790241594.455486,-5.0,-5.0,-4.768,-4.628
15.017175881000002,1790241594.4703994,-5.0,-5.0,-4.628,-4.628
15.019695,1790241594.4730067,-5.0,-5.0,-4.628,-4.628
15.03768649,1790241594.4909725,-5.0,-5.0,-4.768,-4.488
15.039976702,1790241594.4932153,-5.0,-5.0,-4.628,-4.628
15.057220118000002,1790241594.5104656,-5.0,-5.0,-4.628,-4.488
15.059039028,1790241594.5122535,-5.0,-5.0,-4.628,-4.628
15.079164272000002,1790241594.5325303,-5.0,-5.0,-4.768,-4.488
15.083155581000002,1790241594.5364962,-5.0,-5.0,-4.628,-4.628
15.097079251,1790241594.5503156,-5.0,-5.0,-4.628,-4.628
15.098738577,1790241594.5519154,-5.0,-5.0,-4.909,-4.768
15.118746425000001,1790241594.5720656,-5.0,-5.0,-4.628,-4.768
15.122084504000002,1790241594.5753458,-5.0,-5.0,-4.909,-4.909
15.138312709000001,1790241594.5916598,-5.0,-5.0,-4.909,-4.909
15.141587767,1790241594.594864,-5.0,-5.0,-4.768,-4.909
15.157370191000002,1790241594.610735,-5.0,-5.0,-4.768,-5.049
15.161028479,1790241594.6143272,-5.0,-5.0,-5.049,-5.049
15.177335435000002,1790241594.6305835,-5.0,-5.0,-4.909,-5.049
15.179284396000002,1790241594.6324666,-5.0,-5.0,-4.768,-5.049
15.198534274000002,1790241594.6518636,-5.0,-5.0,-4.768,-4.909
15.201462508,1790241594.6547236,-5.0,-5.0,-4.909,-4.768
15.217330714000001,1790241594.6705747,-5.0,-5.0,-4.628,-4.909
15.219292123,1790241594.672472,-5.0,-5.0,-4.768,-4.768
15.237708093,1790241594.6909719,-5.0,-5.0,-4.909,-4.768
15.239863357,1790241594.6930916,-5.0,-5.0,-4.768,-4.909
15.257342451000001,1790241594.7105742,-5.0,-5.0,-4.768,-4.768
15.259183079000001,1790241594.7123997,-5.0,-5.0,-5.189,-4.909
15.277583632,1790241594.7308383,-5.0,-5.0,-4.909,-5.189
15.279541969,1790241594.7327535,-5.0,-5.0,-4.488,-4.768
15.298571690000001,1790241594.751949,-5.0,-5.0,-3.927,-3.787
15.301989769,1790241594.755247,-5.0,-5.0,-3.366,-3.226
15.317436047000001,1790241594.770781,-5.0,-5.0,-2.104,-2.384
15.320986938,1790241594.774282,-5.0,-5.0,-1.262,-1.823
15.337612853000001,1790241594.7908883,-5.0,-5.0,-0.982,-1.262
15.339866555,1790241594.7931309,-5.0,-5.0,-0.982,-0.701
15.357165179,1790241594.810404,-5.0,-5.0,-0.421,-0.421
15.359162579000001,1790241594.8124125,-5.0,-5.0,-0.28,-0.14
15.378459279000001,1790241594.8317604,-5.0,-5.0,-0.14,-0.14
15.381456212000002,1790241594.8347332,-5.0,-5.0,-0.14,-0.14
15.399062284000001,1790241594.8525178,-5.0,-5.0,-0.561,-0.421
15.402903958000001,1790241594.8562393,-5.0,-5.0,-0.841,-0.982
15.417954297000001,1790241594.8711922,-5.0,-5.0,-1.683,-1.823
15.419774144000002,1790241594.8729537,-5.0,-5.0,-2.104,-2.384
15.437905686,1790241594.8911757,-5.0,-5.0,-2.524,-3.085
15.440310222,1790241594.893534,-5.0,-5.0,-2.945,-3.506
15.457217856000002,1790241594.910441,-5.0,-5.0,-3.226,-4.067
15.458917130000001,1790241594.9120693,-5.0,-5.0,-3.787,-4.628
15.479268937,1790241594.9327362,-5.0,-5.0,-4.348,-4.909
15.483485767000001,1790241594.9368825,-5.0,-5.0,-4.488,-5.47
15.500823558,1790241594.9540987,-5.0,-5.0,-4.768,-5.47
15.502818509,1790241594.9559898,-5.0,-5.0,-4.909,-5.61
15.517169733000001,1790241594.9704137,-5.0,-5.0,-5.47,-5.89
15.518867913000001,1790241594.9720218,-5.0,-5.0,-5.61,-6.171
15.539063313000002,1790241594.9924383,-5.0,-5.0,-6.031,-6.171
15.542484777,1790241594.9957597,-5.0,-5.0,-6.171,-6.171
15.557022043000002,1790241595.0102403,-5.0,-5.0,-6.171,-6.311
15.558687202000002,1790241595.011842,-5.0,-5.0,-6.171,-6.031
15.579538749000001,1790241595.0330002,-5.0,-5.0,-6.311,-6.031
15.583298651000002,1790241595.0369318,-5.0,-5.0,-6.171,-5.89
15.597218103000001,1790241595.0504427,-5.0,-5.0,-6.311,-5.75
15.598910606,1790241595.0520656,-5.0,-5.0,-6.311,-5.47
15.619816476,1790241595.0732772,-5.0,-5.0,-6.171,-5.47
15.623888411000001,1790241595.077182,-5.0,-5.0,-6.031,-5.189
15.628148939,1790241595.0814617,-5.0,-5.0,-5.89,-4.909
15.637149476000001,1790241595.0903738,-5.0,-5.0,-5.89,-4.768
15.657129251,1790241595.1103554,-5.0,-5.0,-5.61,-4.768
15.658816389000002,1790241595.1119704,-5.0,-5.0,-5.47,-4.628
15.678906164,1790241595.1322997,-5.0,-5.0,-5.47,-4.768
15.682371743000001,1790241595.135634,-5.0,-5.0,-5.47,-4.909
15.698640886000002,1790241595.1520061,-5.0,-5.0,-5.47,-5.049
15.701966465000002,1790241595.1552606,-5.0,-5.0,-5.47,-5.049
15.717218263000001,1790241595.170468,-5.0,-5.0,-5.329,-5.329
15.719087120000001,1790241595.172263,-5.0,-5.0,-5.329,-5.329
15.738235956,1790241595.191542,-5.0,-5.0,-5.329,-5.47
15.741304816000001,1790241595.194612,-5.0,-5.0,-5.329,-5.61
15.758506357000002,1790241595.211725,-5.0,-5.0,-5.47,-5.89
15.760269328000001,1790241595.213438,-5.0,-5.0,-5.61,-5.89
15.778443006000002,1790241595.2318118,-5.0,-5.0,-5.47,-5.89
15.781857439000001,1790241595.235152,-5.0,-5.0,-5.329,-5.89
15.797189602000001,1790241595.2505891,-5.0,-5.0,-5.329,-6.031
15.800767733,1790241595.254047,-5.0,-5.0,-5.189,-5.75
15.817422919,1790241595.2706618,-5.0,-5.0,-5.329,-5.89
15.819361412000001,1790241595.2725425,-5.0,-5.0,-5.189,-5.61
15.838554623,1790241595.2918832,-5.0,-5.0,-5.189,-5.75
15.841619628,1790241595.2948875,-5.0,-5.0,-5.329,-5.47
15.857163874000001,1790241595.310387,-5.0,-5.0,-5.049,-5.61
15.858907732,1790241595.3120697,-5.0,-5.0,-5.189,-5.47
15.879402664,1790241595.3328505,-5.0,-5.0,-5.189,-5.329
15.883353296000001,1790241595.336764,-5.0,-5.0,-5.189,-5.329
15.898057540000002,1790241595.3513708,-5.0,-5.0,-5.049,-5.049
15.900740514,1790241595.3540072,-5.0,-5.0,-5.049,-5.189
15.922855761000001,1790241595.3761017,-5.0,-5.0,-5.049,-4.909
15.924944775,1790241595.3781483,-5.0,-5.0,-5.049,-5.049
15.926845716,1790241595.3800185,-5.0,-5.0,-5.049,-4.768
15.937065786000002,1790241595.390282,-5.0,-5.0,-4.909,-4.768
15.959762806,1790241595.41315,-5.0,-5.0,-5.049,-4.768
15.963997657,1790241595.4173465,-5.0,-5.0,-5.049,-4.768
15.978075650000001,1790241595.43138,-5.0,-5.0,-4.909,-4.909
15.980711384000001,1790241595.4339268,-5.0,-5.0,-5.049,-4.768
15.997382143000001,1790241595.4506528,-5.0,-5.0,-5.049,-4.768
15.999374126000001,1790241595.4525452,-5.0,-5.0,-5.049,-4.909
16.018275982000002,1790241595.4716125,-5.0,-5.0,-4.909,-4.909
16.021218018000003,1790241595.4744742,-5.0,-5.0,-5.189,-4.909
16.037514870000003,1790241595.4907446,-5.0,-5.0,-5.049,-4.909
16.039314248,1790241595.4924846,-5.0,-5.0,-5.189,-5.049
16.064553928000002,1790241595.5178175,-5.0,-5.0,-5.049,-4.909
16.066634453000002,1790241595.5198197,-5.0,-5.0,-5.189,-5.049
16.068725863,1790241595.5219183,-5.0,-5.0,-5.049,-5.049
16.077048742000002,1790241595.53027,-5.0,-5.0,-4.909,-5.049
16.099265916,1790241595.5526955,-5.0,-5.0,-5.049,-5.049
16.10324259,1790241595.5565984,-5.0,-5.0,-4.909,-4.909
16.117011469,1790241595.5702388,-5.0,-5.0,-4.909,-4.909
16.118679336,1790241595.5718455,-5.0,-5.0,-4.909,-4.628
16.138726507,1790241595.5920765,-5.0,-5.0,-4.768,-4.768
16.142110680000002,1790241595.5953705,-5.0,-5.0,-4.768,-4.909
16.158416438,1790241595.6117618,-5.0,-5.0,-4.909,-4.768
16.161775506,1790241595.6150508,-5.0,-5.0,-5.049,-4.909
16.177047043,1790241595.6302638,-5.0,-5.0,-5.049,-4.768
16.178732515,1790241595.6318877,-5.0,-5.0,-5.049,-4.768
16.198925884,1790241595.6522875,-5.0,-5.0,-5.049,-4.768
16.202343182,1790241595.655622,-5.0,-5.0,-5.049,-4.768
16.217491281,1790241595.6708136,-5.0,-5.0,-5.189,-4.768
16.22047488,1790241595.6737168,-5.0,-5.0,-5.049,-4.488
16.2374184,1790241595.690678,-5.0,-5.0,-5.049,-4.768
16.239365695,1790241595.6925442,-5.0,-5.0,-4.909,-4.768
16.25721057,1790241595.7104542,-5.0,-5.0,-5.049,-4.768
16.258908594,1790241595.7120743,-5.0,-5.0,-5.049,-4.628
16.279466547000002,1790241595.732944,-5.0,-5.0,-4.909,-4.909
16.283559002,1790241595.7368932,-5.0,-5.0,-4.909,-4.628
16.297008505,1790241595.7502267,-5.0,-5.0,-4.909,-4.909
16.298684081,1790241595.751836,-5.0,-5.0,-4.909,-4.768
16.318745158000002,1790241595.7720957,-5.0,-5.0,-5.049,-4.768
16.322167716000003,1790241595.775428,-5.0,-5.0,-5.049,-4.768
16.337740504000003,1790241595.791078,-5.0,-5.0,-4.909,-4.909
16.34112676,1790241595.7944567,-5.0,-5.0,-4.909,-4.768
16.357283247,1790241595.8105223,-5.0,-5.0,-4.909,-4.628
16.359200854,1790241595.8123693,-5.0,-5.0,-4.909,-4.768
16.378360055,1790241595.8317056,-5.0,-5.0,-5.049,-4.768
16.381401414000003,1790241595.8346903,-5.0,-5.0,-4.909,-4.628
16.397875819,1790241595.8512714,-5.0,-5.0,-4.909,-4.628
16.401445929,1790241595.854751,-5.0,-5.0,-4.909,-4.768
16.417442884,1790241595.8707812,-5.0,-5.0,-4.909,-4.628
16.421039297,1790241595.8743365,-5.0,-5.0,-4.768,-4.768
16.437369013,1790241595.890613,-5.0,-5.0,-4.909,-4.768
16.43920636,1790241595.8923752,-5.0,-5.0,-4.909,-4.768
16.457330299000002,1790241595.91056,-5.0,-5.0,-5.049,-4.768
16.459009676,1790241595.9121635,-5.0,-5.0,-4.768,-4.909
16.479098827,1790241595.932502,-5.0,-5.0,-4.628,-4.768
16.48309425,1790241595.9363859,-5.0,-5.0,-4.628,-4.909
16.49726464,1790241595.9506044,-5.0,-5.0,-4.488,-4.768
16.500424489,1790241595.9536958,-5.0,-5.0,-4.488,-5.049
16.517407592,1790241595.9706438,-5.0,-5.0,-4.768,-5.049
16.519342231,1790241595.97251,-5.0,-5.0,-4.488,-5.049
16.538834661000003,1790241595.9922333,-5.0,-5.0,-4.488,-5.049
16.542088938000003,1790241595.9953709,-5.0,-5.0,-4.488,-4.909
16.558133549,1790241596.0114784,-5.0,-5.0,-4.348,-5.189
16.561091211,1790241596.0143244,-5.0,-5.0,-4.348,-5.329
16.58373672,1790241596.0370157,-5.0,-5.0,-4.488,-5.049
16.586145526000003,1790241596.0393758,-5.0,-5.0,-4.488,-5.189
16.588928708,1790241596.0422013,-5.0,-5.0,-4.207,-5.47
16.597001326,1790241596.0502322,-5.0,-5.0,-4.067,-5.049
16.619750898,1790241596.0732045,-5.0,-5.0,-3.506,-4.348
16.624103718,1790241596.077507,-5.0,-5.0,-2.945,-3.927
16.638502181,1790241596.0917215,-5.0,-5.0,-2.104,-2.665
16.640295726,1790241596.0934768,-5.0,-5.0,-1.543,-2.104
16.657423672,1790241596.1106467,-5.0,-5.0,-1.402,-1.543
16.659068571000002,1790241596.1122203,-5.0,-5.0,-1.543,-1.262
16.679113346,1790241596.1324804,-5.0,-5.0,-1.543,-1.262
16.6825608,1790241596.1358197,-5.0,-5.0,-1.683,-1.402
16.69802515,1790241596.1513429,-5.0,-5.0,-1.963,-1.543
16.701024739,1790241596.154269,-5.0,-5.0,-1.683,-1.122
16.717711435000002,1790241596.1712313,-5.0,-5.0,-1.402,-1.122
16.721338681000002,1790241596.174681,-5.0,-5.0,-1.402,-1.543
16.737412668,1790241596.1906455,-5.0,-5.0,-1.963,-1.963
16.739351473000003,1790241596.1925192,-5.0,-5.0,-2.524,-2.524
16.764555893,1790241596.2178123,-5.0,-5.0,-2.805,-2.805
16.766290479000002,1790241596.2194483,-5.0,-5.0,-3.226,-3.085
16.767910326000003,1790241596.221065,-5.0,-5.0,-3.226,-3.506
16.777314301,1790241596.2305517,-5.0,-5.0,-3.506,-3.927
16.799707517,1790241596.2531161,-5.0,-5.0,-3.927,-4.067
16.804106535000003,1790241596.2577605,-5.0,-5.0,-4.067,-4.348
16.807997584000002,1790241596.26124,-5.0,-5.0,-4.207,-4.768
16.819546354,1790241596.272823,-5.0,-5.0,-4.207,-4.768
16.837741647,1790241596.2910023,-5.0,-5.0,-4.488,-4.909
16.839503108000002,1790241596.292729,-5.0,-5.0,-4.768,-5.049
16.857155796,1790241596.3103874,-5.0,-5.0,-4.768,-5.049
16.858817674,1790241596.3119748,-5.0,-5.0,-4.768,-5.189
16.879852867,1790241596.3332038,-5.0,-5.0,-4.909,-5.049
16.883268394,1790241596.3365965,-5.0,-5.0,-5.049,-5.189
16.897336856000003,1790241596.350569,-5.0,-5.0,-4.909,-5.329
16.899025765,1790241596.3522027,-5.0,-5.0,-5.049,-5.049
16.919291010000002,1790241596.3728085,-5.0,-5.0,-5.049,-5.049
16.923409038000003,1790241596.37681,-5.0,-5.0,-4.768,-5.189
16.937349323,1790241596.3906915,-5.0,-5.0,-4.909,-5.049
16.940206828,1790241596.3934498,-5.0,-5.0,-4.909,-4.909
16.957588421,1790241596.4108498,-5.0,-5.0,-4.768,-4.909
16.959935665,1790241596.413167,-5.0,-5.0,-4.768,-4.909
16.982661278000002,1790241596.435921,-5.0,-5.0,-4.768,-4.768
16.984600083,1790241596.4377878,-5.0,-5.0,-4.768,-4.909
16.986200919,1790241596.439367,-5.0,-5.0,-4.628,-4.768
16.997578231000002,1790241596.450839,-5.0,-5.0,-4.628,-4.768
17.019214832,1790241596.4725993,-5.0,-5.0,-4.628,-4.628
17.022710307,1790241596.4759846,-5.0,-5.0,-4.488,-4.909
17.037212728,1790241596.4904425,-5.0,-5.0,-4.768,-4.768
17.038911585,1790241596.49209,-5.0,-5.0,-4.628,-4.768
17.057227815,1790241596.5104527,-5.0,-5.0,-4.628,-4.768
17.058856777000003,1790241596.5120065,-5.0,-5.0,-4.488,-4.628
17.077521445000002,1790241596.530754,-5.0,-5.0,-4.488,-4.768
17.079321292,1790241596.5324826,-5.0,-5.0,-4.628,-4.768
17.099330233,1790241596.5527797,-5.0,-5.0,-4.488,-4.768
17.103363053000002,1790241596.5567138,-5.0,-5.0,-4.628,-4.768
17.117055317000002,1790241596.570288,-5.0,-5.0,-4.207,-4.768
17.118731414000003,1790241596.571905,-5.0,-5.0,-4.628,-4.909
17.139527388,1790241596.5930824,-5.0,-5.0,-4.628,-4.909
17.143376353,1790241596.5968163,-5.0,-5.0,-4.768,-4.909
17.157237575,1790241596.6105042,-5.0,-5.0,-4.768,-4.909
17.158936901,1790241596.6120913,-5.0,-5.0,-4.768,-5.049
17.178243654000003,1790241596.6315444,-5.0,-5.0,-5.049,-5.049
17.181221524,1790241596.6344552,-5.0,-5.0,-4.909,-4.909
17.19736525,1790241596.6506028,-5.0,-5.0,-4.768,-5.049
17.199302754,1790241596.652485,-5.0,-5.0,-4.909,-4.909
17.218698309,1790241596.6720285,-5.0,-5.0,-5.049,-4.909
17.221668106000003,1790241596.6749322,-5.0,-5.0,-4.768,-5.049
17.237220477,1790241596.6904538,-5.0,-5.0,-4.768,-5.049
17.239045636,1790241596.692217,-5.0,-5.0,-4.909,-4.909
17.257102335000003,1790241596.7103412,-5.0,-5.0,-4.768,-4.909
17.258786452000002,1790241596.7119415,-5.0,-5.0,-4.768,-5.049
17.289202079000002,1790241596.742459,-5.0,-5.0,-4.909,-5.049
17.291430781000003,1790241596.744821,-5.0,-5.0,-4.768,-5.049
17.294041619,1790241596.7474077,-5.0,-5.0,-4.768,-5.049
17.298481679,1790241596.7517211,-5.0,-5.0,-4.909,-4.909
17.318106036,1790241596.7714248,-5.0,-5.0,-4.909,-5.049
17.320766145,1790241596.773983,-5.0,-5.0,-4.768,-5.049
17.338908521,1790241596.7922847,-5.0,-5.0,-5.049,-4.909
17.342877851,1790241596.7962246,-5.0,-5.0,-5.189,-5.049
17.357233189000002,1790241596.8105645,-5.0,-5.0,-4.768,-5.049
17.360418663,1790241596.8137074,-5.0,-5.0,-4.909,-5.049
17.377377599000003,1790241596.830636,-5.0,-5.0,-4.909,-4.909
17.379401821000002,1790241596.8326128,-5.0,-5.0,-4.768,-4.909
17.398375761,1790241596.85163,-5.0,-5.0,-4.488,-4.768
17.400435348000002,1790241596.8536305,-5.0,-5.0,-4.768,-4.628
17.418303557,1790241596.8716502,-5.0,-5.0,-4.628,-4.909
17.421707261,1790241596.8750317,-5.0,-5.0,-4.909,-5.049
17.437174007,1790241596.8903964,-5.0,-5.0,-5.189,-5.049
17.438870885,1790241596.8920355,-5.0,-5.0,-5.189,-5.189
17.457254511000002,1790241596.910497,-5.0,-5.0,-4.768,-5.189
17.458936128,1790241596.912098,-5.0,-5.0,-5.049,-5.189
17.489068161000002,1790241596.9423244,-5.0,-5.0,-5.189,-5.189
17.491011654,1790241596.944184,-5.0,-5.0,-5.189,-5.47
17.492902959000002,1790241596.9460783,-5.0,-5.0,-5.189,-5.329
17.497987916,1790241596.9512055,-5.0,-5.0,-5.329,-5.329
17.518741859000002,1790241596.9723434,-5.0,-5.0,-4.768,-5.329
17.523194731,1790241596.9765506,-5.0,-5.0,-5.049,-5.189
17.537223767,1790241596.990538,-5.0,-5.0,-5.049,-5.049
17.539511166,1790241596.992917,-5.0,-5.0,-4.768,-5.329
17.557243021,1790241597.0104685,-5.0,-5.0,-4.909,-5.189
17.558902086,1790241597.0120702,-5.0,-5.0,-5.189,-5.189
17.578740715000002,1790241597.0320737,-5.0,-5.0,-5.049,-5.329
17.582270513,1790241597.0356538,-5.0,-5.0,-5.329,-5.329
17.598182937,1790241597.05153,-5.0,-5.0,-5.329,-5.329
17.601160338,1790241597.0544367,-5.0,-5.0,-5.189,-5.47
17.619059223,1790241597.0725067,-5.0,-5.0,-5.049,-5.329
17.623106314,1790241597.0764492,-5.0,-5.0,-5.329,-5.189
17.637437433000002,1790241597.0906556,-5.0,-5.0,-5.049,-5.47
17.639232332000002,1790241597.0924528,-5.0,-5.0,-5.049,-5.329
17.658315595,1790241597.111647,-5.0,-5.0,-5.329,-5.189
17.660520442000003,1790241597.1137357,-5.0,-5.0,-5.049,-5.47
17.677730889,1790241597.1309898,-5.0,-5.0,-5.189,-5.329
17.6801348,1790241597.1333878,-5.0,-5.0,-5.329,-5.189
17.698009779,1790241597.1512842,-5.0,-5.0,-5.049,-5.329
17.700869055000002,1790241597.1541708,-5.0,-5.0,-5.189,-5.329
17.718724451,1790241597.1719704,-5.0,-5.0,-5.329,-5.189
17.720756226000002,1790241597.1739507,-5.0,-5.0,-5.189,-5.329
17.73878433,1790241597.192146,-5.0,-5.0,-5.049,-5.189
17.742708764,1790241597.1960895,-5.0,-5.0,-5.47,-5.189
17.757290248,1790241597.2106261,-5.0,-5.0,-5.189,-5.47
17.760381191,1790241597.2136817,-5.0,-5.0,-5.329,-5.47
17.777416482,1790241597.2306604,-5.0,-5.0,-5.329,-5.47
17.779343360000002,1790241597.2325125,-5.0,-5.0,-5.189,-5.75
17.798344956,1790241597.2516809,-5.0,-5.0,-5.049,-5.61
17.801321889,1790241597.254575,-5.0,-5.0,-5.189,-5.75
17.818095824,1790241597.2713385,-5.0,-5.0,-4.768,-5.61
17.820010411000002,1790241597.273197,-5.0,-5.0,-4.768,-5.47
17.83768164,1790241597.2909603,-5.0,-5.0,-4.768,-5.189
17.840109092000002,1790241597.2933378,-5.0,-5.0,-4.628,-5.049
17.857289748,1790241597.3105106,-5.0,-5.0,-4.488,-4.768
17.858981626000002,1790241597.3121448,-5.0,-5.0,-4.628,-4.488
17.878687442,1790241597.3320086,-5.0,-5.0,-4.488,-4.348
17.881688437,1790241597.3349693,-5.0,-5.0,-4.348,-4.067
17.897374923,1790241597.3506427,-5.0,-5.0,-4.628,-3.927
17.899919198000003,1790241597.353194,-5.0,-5.0,-4.909,-3.927
17.917874646,1790241597.3711505,-5.0,-5.0,-4.768,-3.927
17.920197723,1790241597.3734193,-5.0,-5.0,-5.049,-3.927
17.939385778000002,1790241597.392877,-5.0,-5.0,-5.329,-3.787
17.943727244,1790241597.3971543,-5.0,-5.0,-5.189,-4.207
17.957256226000002,1790241597.4105935,-5.0,-5.0,-5.329,-4.207
17.960112429000002,1790241597.413349,-5.0,-5.0,-5.47,-4.067
17.980910174,1790241597.4341824,-5.0,-5.0,-5.47,-4.348
17.982869865,1790241597.4360452,-5.0,-5.0,-5.189,-4.488
17.997722443,1790241597.4510725,-5.0,-5.0,-5.47,-4.348
18.000800209,1790241597.454089,-5.0,-5.0,-5.329,-4.628
18.017383572,1790241597.4706478,-5.0,-5.0,-5.189,-4.768
18.019353159,1790241597.4725344,-5.0,-5.0,-5.47,-4.768
18.037910587000002,1790241597.491194,-5.0,-5.0,-5.329,-4.909
18.040297258000003,1790241597.4935718,-5.0,-5.0,-5.049,-5.049
18.057313694,1790241597.5105891,-5.0,-5.0,-5.329,-5.049
18.06068219,1790241597.5139885,-5.0,-5.0,-5.189,-5.189
18.077674043000002,1790241597.5309684,-5.0,-5.0,-5.049,-5.329
18.080192745,1790241597.5334606,-5.0,-5.0,-5.189,-5.329
18.097900328,1790241597.5511627,-5.0,-5.0,-5.329,-5.049
18.100486895,1790241597.5537152,-5.0,-5.0,-5.189,-5.189
18.118359271000003,1790241597.57167,-5.0,-5.0,-5.329,-4.909
18.121263495,1790241597.5745254,-5.0,-5.0,-5.47,-4.909
18.137544044000002,1790241597.5907938,-5.0,-5.0,-5.189,-5.049
18.139506287,1790241597.5927417,-5.0,-5.0,-5.329,-4.909
18.157721423,1790241597.6109881,-5.0,-5.0,-5.189,-4.909
18.160087678,1790241597.6133008,-5.0,-5.0,-5.049,-4.909
18.178139116,1790241597.6314297,-5.0,-5.0,-5.049,-4.909
18.180722558,1790241597.633948,-5.0,-5.0,-5.049,-4.768
18.1990141,1790241597.652398,-5.0,-5.0,-4.768,-4.909
18.203000774,1790241597.6563175,-5.0,-5.0,-5.049,-4.909
18.217252622,1790241597.670641,-5.0,-5.0,-4.909,-4.909
18.220873097000002,1790241597.6742668,-5.0,-5.0,-4.768,-4.909
18.23723297,1790241597.6904802,-5.0,-5.0,-4.909,-4.909
18.238943442,1790241597.692119,-5.0,-5.0,-4.768,-4.909
18.257198109,1790241597.7104328,-5.0,-5.0,-4.628,-4.628
18.258869883000003,1790241597.7120461,-5.0,-5.0,-4.768,-4.628
18.279323565000002,1790241597.7327785,-5.0,-5.0,-4.768,-4.768
18.28334503,1790241597.7366827,-5.0,-5.0,-4.768,-4.628
18.297527712,1790241597.7508695,-5.0,-5.0,-4.768,-4.628
18.300518082,1790241597.7537794,-5.0,-5.0,-4.909,-4.768
18.317388007,1790241597.7706249,-5.0,-5.0,-4.768,-4.628
18.319917907,1790241597.7734163,-5.0,-5.0,-4.628,-4.768
18.33834518,1790241597.7915792,-5.0,-5.0,-4.909,-4.768
18.340119974,1790241597.7933004,-5.0,-5.0,-4.909,-4.909
18.358685215,1790241597.8120167,-5.0,-5.0,-4.768,-4.909
18.362104388000002,1790241597.8153806,-5.0,-5.0,-4.909,-4.909
18.377700197000003,1790241597.831094,-5.0,-5.0,-4.909,-4.909
18.381212026,1790241597.8345246,-5.0,-5.0,-4.768,-5.049
18.397861378,1790241597.8511286,-5.0,-5.0,-4.909,-4.909
18.400370862000003,1790241597.8536668,-5.0,-5.0,-5.049,-5.049
18.417259069,1790241597.8704908,-5.0,-5.0,-4.909,-4.768
18.418957874,1790241597.8721256,-5.0,-5.0,-5.049,-4.909
18.437971084,1790241597.8912349,-5.0,-5.0,-5.049,-4.768
18.440414787,1790241597.8936357,-5.0,-5.0,-4.909,-4.628
18.457356639,1790241597.910606,-5.0,-5.0,-4.909,-4.768
18.459051174000003,1790241597.9122036,-5.0,-5.0,-4.909,-4.628
18.48346705,1790241597.936833,-5.0,-5.0,-4.768,-4.768
18.486001325,1790241597.9392369,-5.0,-5.0,-4.488,-4.768
18.48858284,1790241597.9418492,-5.0,-5.0,-4.628,-4.768
18.496968168000002,1790241597.950188,-5.0,-5.0,-4.628,-5.189
18.519667843,1790241597.9730587,-5.0,-5.0,-4.488,-5.189
18.523961288000002,1790241597.9773352,-5.0,-5.0,-4.628,-5.329
18.538048553,1790241597.991337,-5.0,-5.0,-4.768,-5.329
18.540653245,1790241597.9938815,-5.0,-5.0,-4.768,-5.47
18.557635202,1790241598.0109477,-5.0,-5.0,-4.909,-5.61
18.560332811000002,1790241598.013592,-5.0,-5.0,-5.329,-5.47
18.577180132000002,1790241598.030408,-5.0,-5.0,-5.189,-5.189
18.578876698000002,1790241598.0320299,-5.0,-5.0,-5.189,-5.049
18.598770587,1790241598.0521429,-5.0,-5.0,-5.329,-5.049
18.602187051,1790241598.0554917,-5.0,-5.0,-5.189,-4.909
18.617133119000002,1790241598.0703673,-5.0,-5.0,-5.189,-5.189
18.618844112,1790241598.071997,-5.0,-5.0,-5.329,-5.049
18.640410139,1790241598.0936842,-5.0,-5.0,-5.189,-5.049
18.642649987000002,1790241598.0959015,-5.0,-5.0,-5.189,-5.189
18.657189284,1790241598.110415,-5.0,-5.0,-5.189,-5.189
18.658868193,1790241598.112031,-5.0,-5.0,-5.329,-5.329
18.679459323,1790241598.1328983,-5.0,-5.0,-5.189,-5.329
18.683709955,1790241598.1370814,-5.0,-5.0,-5.189,-5.329
18.697382740000002,1790241598.1506944,-5.0,-5.0,-5.329,-5.329
18.700397172000002,1790241598.1537166,-5.0,-5.0,-5.329,-5.189
18.717775067,1790241598.1710382,-5.0,-5.0,-5.47,-5.189
18.720121322,1790241598.1733613,-5.0,-5.0,-5.329,-5.189
18.737260987000003,1790241598.19049,-5.0,-5.0,-5.47,-5.189
18.739077292,1790241598.1923964,-5.0,-5.0,-5.61,-5.189
18.759666860000003,1790241598.213093,-5.0,-5.0,-5.329,-5.189
18.763864211,1790241598.217246,-5.0,-5.0,-5.189,-5.189
18.778101528,1790241598.231419,-5.0,-5.0,-5.329,-5.189
18.781078304,1790241598.2343326,-5.0,-5.0,-5.189,-5.189
18.797990678,1790241598.2514265,-5.0,-5.0,-5.189,-5.329
18.802015789000002,1790241598.2553709,-5.0,-5.0,-5.329,-5.189
18.817108003,1790241598.2703283,-5.0,-5.0,-5.189,-5.329
18.818787277000002,1790241598.2719426,-5.0,-5.0,-5.189,-5.329
18.838095852000002,1790241598.2913756,-5.0,-5.0,-5.329,-5.329
18.840718982000002,1790241598.2940161,-5.0,-5.0,-5.329,-5.329
18.857263178,1790241598.3105152,-5.0,-5.0,-5.329,-5.47
18.859142504,1790241598.3123481,-5.0,-5.0,-5.47,-5.329
18.879527696,1790241598.3329663,-5.0,-5.0,-5.189,-5.329
18.883665881000002,1790241598.336994,-5.0,-5.0,-5.47,-5.189
18.897982833,1790241598.35147,-5.0,-5.0,-5.47,-5.329
18.900719088000002,1790241598.3539803,-5.0,-5.0,-5.61,-5.47
18.917203075,1790241598.3704467,-5.0,-5.0,-5.47,-5.329
18.918914589,1790241598.3720806,-5.0,-5.0,-5.47,-5.329
18.939205093,1790241598.392587,-5.0,-5.0,-5.329,-5.189
18.942613016000003,1790241598.3958929,-5.0,-5.0,-5.47,-5.329
18.958317991,1790241598.4116576,-5.0,-5.0,-5.47,-5.189
18.961273101,1790241598.4145489,-5.0,-5.0,-5.61,-5.47
18.978890997,1790241598.4321609,-5.0,-5.0,-5.61,-5.47
18.980979229000003,1790241598.4341702,-5.0,-5.0,-5.47,-5.329
18.997987801,1790241598.4512706,-5.0,-5.0,-5.61,-5.329
19.000388586,1790241598.4536068,-5.0,-5.0,-5.61,-5.329
19.017399241,1790241598.470664,-5.0,-5.0,-5.61,-5.329
19.019355339,1790241598.4725254,-5.0,-5.0,-5.61,-5.47
19.037909486,1790241598.4911957,-5.0,-5.0,-5.61,-5.329
19.040466105,1790241598.4937205,-5.0,-5.0,-5.47,-5.329
19.057628427,1790241598.5109668,-5.0,-5.0,-5.189,-5.189
19.059796816000002,1790241598.5130477,-5.0,-5.0,-5.329,-5.049
19.07751867,1790241598.53083,-5.0,-5.0,-5.189,-5.049
19.079906748000003,1790241598.5331693,-5.0,-5.0,-5.189,-5.049
19.098563707,1790241598.5518486,-5.0,-5.0,-5.189,-5.049
19.101286212,1790241598.5545478,-5.0,-5.0,-5.189,-5.189
19.117432543,1790241598.5706751,-5.0,-5.0,-5.329,-5.189
19.119254473,1790241598.5724175,-5.0,-5.0,-5.329,-5.189
19.138574247,1790241598.591873,-5.0,-5.0,-5.329,-5.329
19.141632325,1790241598.5949183,-5.0,-5.0,-5.329,-5.189
19.164945179,1790241598.6183112,-5.0,-5.0,-5.329,-5.189
19.167657423,1790241598.6209078,-5.0,-5.0,-5.189,-5.329
19.169487791,1790241598.6226928,-5.0,-5.0,-5.049,-5.189
19.176978064,1790241598.63021,-5.0,-5.0,-5.189,-5.189
19.199210187000002,1790241598.6525772,-5.0,-5.0,-5.049,-5.329
19.202648631000002,1790241598.6559274,-5.0,-5.0,-5.189,-5.47
19.21838569,1790241598.671697,-5.0,-5.0,-5.189,-5.329
19.221894498,1790241598.675302,-5.0,-5.0,-4.909,-5.189
19.23807437,1790241598.6913128,-5.0,-5.0,-4.768,-5.049
19.239890102,1790241598.6930761,-5.0,-5.0,-4.909,-5.049
19.257312425000002,1790241598.7105722,-5.0,-5.0,-4.768,-5.049
19.25948045,1790241598.7127378,-5.0,-5.0,-4.909,-5.329
19.277708919000002,1790241598.7309878,-5.0,-5.0,-5.049,-5.189
19.280068246000003,1790241598.7333267,-5.0,-5.0,-5.049,-5.049
19.298143643,1790241598.7514591,-5.0,-5.0,-4.909,-5.049
19.300773179,1790241598.7539864,-5.0,-5.0,-4.768,-4.909
19.318421231000002,1790241598.7717245,-5.0,-5.0,-4.909,-4.909
19.322157331,1790241598.7754557,-5.0,-5.0,-4.909,-4.909
19.338482203,1790241598.7918632,-5.0,-5.0,-5.049,-5.189
19.341688199,1790241598.794999,-5.0,-5.0,-5.189,-5.189
19.357517549,1790241598.8110256,-5.0,-5.0,-5.189,-5.189
19.361331931000002,1790241598.8146138,-5.0,-5.0,-5.049,-4.909
19.377822585,1790241598.8313723,-5.0,-5.0,-5.049,-5.049
19.381462644000003,1790241598.8347576,-5.0,-5.0,-4.909,-4.909
19.397101473000003,1790241598.8503246,-5.0,-5.0,-5.049,-5.049
19.398781737,1790241598.8519528,-5.0,-5.0,-5.189,-5.189
19.418869845,1790241598.8721764,-5.0,-5.0,-5.189,-5.189
19.421784694000003,1790241598.8750527,-5.0,-5.0,-5.189,-5.329
19.438208838,1790241598.8915129,-5.0,-5.0,-5.329,-5.329
19.440755613,1790241598.8939898,-5.0,-5.0,-5.049,-5.049
19.457320382000002,1790241598.9105477,-5.0,-5.0,-5.049,-5.189
19.459017208000002,1790241598.9121716,-5.0,-5.0,-5.189,-5.189
19.479264587000003,1790241598.9327183,-5.0,-5.0,-5.329,-5.189
19.482635791,1790241598.9359179,-5.0,-5.0,-5.329,-5.329
19.498277902,1790241598.9515975,-5.0,-5.0,-5.329,-5.329
19.501249522000002,1790241598.9545228,-5.0,-5.0,-5.47,-5.189
19.517220331,1790241598.9705844,-5.0,-5.0,-5.47,-5.329
19.521460338,1790241598.974841,-5.0,-5.0,-5.61,-5.189
19.537219429,1790241598.9907987,-5.0,-5.0,-5.61,-5.329
19.540500893,1790241598.993862,-5.0,-5.0,-5.89,-5.189
19.557781600000002,1790241599.0110292,-5.0,-5.0,-5.89,-5.189
19.560112438,1790241599.0133402,-5.0,-5.0,-5.89,-5.329
19.578280855000003,1790241599.031561,-5.0,-5.0,-5.61,-5.47
19.580926172,1790241599.034205,-5.0,-5.0,-5.75,-5.329
19.599232663000002,1790241599.052688,-5.0,-5.0,-5.75,-5.329
19.603181003,1790241599.0564961,-5.0,-5.0,-5.75,-5.329
19.617332851,1790241599.0706325,-5.0,-5.0,-5.47,-5.189
19.620154835,1790241599.073405,-5.0,-5.0,-5.329,-5.049
19.637539553,1790241599.0907955,-5.0,-5.0,-5.329,-5.049
19.639466692000003,1790241599.0926692,-5.0,-5.0,-5.189,-5.049
19.657171098000003,1790241599.1103978,-5.0,-5.0,-5.189,-5.049
19.658864331,1790241599.1120167,-5.0,-5.0,-5.049,-4.909
19.679060929000002,1790241599.1324112,-5.0,-5.0,-4.909,-4.909
19.682442758,1790241599.1357412,-5.0,-5.0,-4.909,-4.768
19.698293671000002,1790241599.151616,-5.0,-5.0,-5.049,-4.628
19.701262322,1790241599.1544983,-5.0,-5.0,-4.768,-4.628
19.717343027000002,1790241599.1705947,-5.0,-5.0,-4.768,-4.628
19.719322458,1790241599.172508,-5.0,-5.0,-4.909,-4.628
19.73827395,1790241599.1915848,-5.0,-5.0,-4.909,-4.488
19.740954111,1790241599.1941602,-5.0,-5.0,-4.909,-4.628
19.758295079,1790241599.211584,-5.0,-5.0,-4.909,-4.628
19.760976854000003,1790241599.2142024,-5.0,-5.0,-4.768,-4.488
19.778312145,1790241599.2316272,-5.0,-5.0,-4.067,-3.787
19.781313348,1790241599.234583,-5.0,-5.0,-3.366,-3.226
19.798542129,1790241599.2519162,-5.0,-5.0,-2.665,-2.244
19.802310208,1790241599.2557003,-5.0,-5.0,-1.963,-1.823
19.818474612000003,1790241599.2717776,-5.0,-5.0,-1.402,-1.122
19.821491544,1790241599.2747467,-5.0,-5.0,-1.122,-0.841
19.837313447,1790241599.290558,-5.0,-5.0,-0.701,-0.421
19.839090221000003,1790241599.292263,-5.0,-5.0,-0.421,0.14
19.857049680000003,1790241599.3102899,-5.0,-5.0,0.0,0.14
19.858631245,1790241599.3117857,-5.0,-5.0,0.0,0.14
19.879143104,1790241599.332553,-5.0,-5.0,0.0,0.14
19.882915663000002,1790241599.3362408,-5.0,-5.0,0.0,0.14
19.897368240000002,1790241599.3506057,-5.0,-5.0,0.0,0.0
19.899130119000002,1790241599.3523452,-5.0,-5.0,0.0,0.14
19.917060046,1790241599.370291,-5.0,-5.0,0.0,0.0
19.918910414000003,1790241599.3721697,-5.0,-5.0,0.0,0.0
19.939372950000003,1790241599.3928454,-5.0,-5.0,0.0,0.0
19.943362957,1790241599.397,-5.0,-5.0,-0.14,-0.14
19.958354025000002,1790241599.4116507,-5.0,-5.0,-0.14,-0.28
19.961324916000002,1790241599.4145873,-5.0,-5.0,-0.561,-0.701
19.977353225,1790241599.4306135,-5.0,-5.0,-1.262,-1.262
19.979297499,1790241599.432476,-5.0,-5.0,-1.683,-1.963
19.998334200000002,1790241599.451661,-5.0,-5.0,-2.384,-2.244
20.001280194,1790241599.454531,-5.0,-5.0,-2.945,-2.384
20.019068403000002,1790241599.4724889,-5.0,-5.0,-3.366,-2.805
20.023151691000002,1790241599.4764397,-5.0,-5.0,-3.646,-3.366
20.037178435,1790241599.4904034,-5.0,-5.0,-3.787,-3.787
20.038855209,1790241599.4920175,-5.0,-5.0,-4.067,-4.067
20.057450346,1790241599.510688,-5.0,-5.0,-4.348,-4.207
20.059239307000002,1790241599.5124426,-5.0,-5.0,-4.628,-4.628
20.078557049,1790241599.5318544,-5.0,-5.0,-4.768,-4.768
20.081698669,1790241599.5349686,-5.0,-5.0,-5.049,-5.049
20.098798752,1790241599.552165,-5.0,-5.0,-5.329,-5.189
20.102284175,1790241599.5555847,-5.0,-5.0,-5.329,-5.329
20.117013575,1790241599.5702415,-5.0,-5.0,-5.329,-5.47
20.118657849,1790241599.5718105,-5.0,-5.0,-5.329,-5.329
20.138844031,1790241599.5921736,-5.0,-5.0,-5.329,-5.189
20.14221487,1790241599.5954747,-5.0,-5.0,-4.768,-5.189
20.157747866,1790241599.611096,-5.0,-5.0,-5.189,-5.329
20.161135997000002,1790241599.614432,-5.0,-5.0,-5.189,-5.049
20.177356755,1790241599.6305933,-5.0,-5.0,-5.189,-5.189
20.179278269,1790241599.6324708,-5.0,-5.0,-5.049,-5.049
20.198355073000002,1790241599.6516938,-5.0,-5.0,-5.049,-5.049
20.201421901,1790241599.654701,-5.0,-5.0,-5.049,-5.049
20.219059328,1790241599.6724954,-5.0,-5.0,-5.049,-5.049
20.223045898000002,1790241599.6763783,-5.0,-5.0,-4.909,-4.909
20.237094829,1790241599.690348,-5.0,-5.0,-4.628,-5.049
20.238803478,1790241599.6919901,-5.0,-5.0,-4.488,-5.049
20.257157572,1790241599.7103715,-5.0,-5.0,-4.348,-4.909
20.258809086000003,1790241599.711985,-5.0,-5.0,-4.348,-5.049
20.279348549,1790241599.7328227,-5.0,-5.0,-4.488,-5.049
20.28338116,1790241599.7367628,-5.0,-5.0,-4.488,-5.049
20.297030611,1790241599.7502468,-5.0,-5.0,-4.348,-5.049
20.29870676,1790241599.7518606,-5.0,-5.0,-4.207,-4.909
20.319007473000003,1790241599.7723515,-5.0,-5.0,-4.488,-4.768
20.322379458,1790241599.7757094,-5.0,-5.0,-4.207,-4.909
20.338312663,1790241599.791614,-5.0,-5.0,-4.348,-4.909
20.341246002000002,1790241599.7944975,-5.0,-5.0,-4.488,-4.768
20.357298791,1790241599.8105536,-5.0,-5.0,-4.488,-4.909
20.359258065000002,1790241599.812453,-5.0,-5.0,-4.348,-4.628
20.378523255,1790241599.8319411,-5.0,-5.0,-4.488,-4.628
20.381693104,1790241599.8349833,-5.0,-5.0,-4.628,-4.628
20.398675999,1790241599.8520494,-5.0,-5.0,-4.488,-4.768
20.402268349,1790241599.855605,-5.0,-5.0,-4.628,-4.628
20.417548688,1790241599.870789,-5.0,-5.0,-4.628,-4.628
20.420463121,1790241599.873782,-5.0,-5.0,-4.628,-4.628
20.437217994,1790241599.890463,-5.0,-5.0,-4.488,-4.488
20.438946382,1790241599.892131,-5.0,-5.0,-4.348,-4.207
20.457235946,1790241599.9104598,-5.0,-5.0,-3.646,-3.646
20.458965793,1790241599.912122,-5.0,-5.0,-2.805,-3.085
20.479912913,1790241599.9332983,-5.0,-5.0,-1.963,-2.384
20.484122035000002,1790241599.937506,-5.0,-5.0,-1.402,-1.683
20.497494558,1790241599.950724,-5.0,-5.0,-0.982,-1.402
20.499163884,1790241599.95235,-5.0,-5.0,-1.122,-1.262
20.518269543000002,1790241599.9715676,-5.0,-5.0,-0.982,-1.402
20.520893089,1790241599.9741228,-5.0,-5.0,-0.841,-1.122
20.538666714,1790241599.9919987,-5.0,-5.0,-0.701,-0.841
20.542047658,1790241599.9953432,-5.0,-5.0,-0.561,-0.982
20.558349197000002,1790241600.0117116,-5.0,-5.0,-0.701,-1.122
20.561781599,1790241600.0150445,-5.0,-5.0,-1.122,-1.683
20.583111897000002,1790241600.0365043,-5.0,-5.0,-1.543,-2.104
20.585733933,1790241600.0390027,-5.0,-5.0,-1.683,-2.244
20.588144562,1790241600.041358,-5.0,-5.0,-2.104,-2.524
20.596979109000003,1790241600.050208,-5.0,-5.0,-2.524,-2.805
20.619781961,1790241600.0731714,-5.0,-5.0,-2.805,-3.366
20.624062959,1790241600.0773761,-5.0,-5.0,-3.226,-3.646
20.637741889,1790241600.090999,-5.0,-5.0,-3.646,-3.927
20.639739340000002,1790241600.0929265,-5.0,-5.0,-3.646,-4.067
20.657140933,1790241600.1103528,-5.0,-5.0,-3.927,-4.348
20.658779738,1790241600.1119635,-5.0,-5.0,-4.348,-4.488
20.680974986000003,1790241600.1342652,-5.0,-5.0,-4.488,-4.628
20.683242386,1790241600.1364374,-5.0,-5.0,-4.628,-4.909
20.698233350000002,1790241600.151547,-5.0,-5.0,-4.628,-5.049
20.700910021000002,1790241600.1541374,-5.0,-5.0,-4.909,-5.049
20.717394008000003,1790241600.1706583,-5.0,-5.0,-4.909,-5.049
20.719351981000003,1790241600.172523,-5.0,-5.0,-4.768,-5.189
20.73888264,1790241600.192211,-5.0,-5.0,-4.909,-5.189
20.741973322,1790241600.195265,-5.0,-5.0,-5.189,-5.189
20.757444287000002,1790241600.2107043,-5.0,-5.0,-4.768,-5.189
20.759301895,1790241600.2124698,-5.0,-5.0,-5.049,-5.049
20.777934948000002,1790241600.2313728,-5.0,-5.0,-5.049,-5.049
20.780750057000002,1790241600.233976,-5.0,-5.0,-4.909,-5.189
20.797318941,1790241600.2505584,-5.0,-5.0,-4.909,-4.909
20.799202694,1790241600.252371,-5.0,-5.0,-5.049,-4.909
20.818529239,1790241600.2718425,-5.0,-5.0,-4.909,-4.909
20.821462994,1790241600.2747283,-5.0,-5.0,-4.768,-4.909
20.843064386,1790241600.2963114,-5.0,-5.0,-4.909,-4.909
20.845145119,1790241600.2983758,-5.0,-5.0,-4.909,-4.768
20.846928039,1790241600.3001177,-5.0,-5.0,-4.768,-4.909
20.857470609,1790241600.3107066,-5.0,-5.0,-4.768,-4.628
20.878074656000003,1790241600.3313553,-5.0,-5.0,-4.768,-4.628
20.880823046,1790241600.3340511,-5.0,-5.0,-4.488,-4.628
20.898456306,1790241600.351754,-5.0,-5.0,-4.768,-4.488
20.901412041,1790241600.3546672,-5.0,-5.0,-4.628,-4.488
20.918933165000002,1790241600.3723361,-5.0,-5.0,-4.768,-4.768
20.922929839000002,1790241600.3762507,-5.0,-5.0,-4.628,-4.768
20.937086947,1790241600.3903143,-5.0,-5.0,-5.049,-4.628
20.938742784000002,1790241600.3919091,-5.0,-5.0,-4.768,-4.768
20.959010528,1790241600.4122603,-5.0,-5.0,-4.909,-4.768
20.961048552,1790241600.4142532,-5.0,-5.0,-5.049,-4.909
20.978928167000003,1790241600.4322798,-5.0,-5.0,-5.049,-4.768
20.982310621,1790241600.4356306,-5.0,-5.0,-5.049,-5.189
21.004396076000003,1790241600.457735,-5.0,-5.0,-5.189,-5.049
21.006820716,1790241600.4600267,-5.0,-5.0,-5.049,-5.189
21.009457283,1790241600.4627125,-5.0,-5.0,-5.049,-5.189
21.016995369,1790241600.470238,-5.0,-5.0,-5.189,-5.049
21.038258688000003,1790241600.4915638,-5.0,-5.0,-5.049,-5.189
21.040994995000002,1790241600.494251,-5.0,-5.0,-4.909,-5.329
21.057244451000003,1790241600.510479,-5.0,-5.0,-5.049,-5.189
21.058904662,1790241600.5120575,-5.0,-5.0,-4.909,-5.189
21.079156208,1790241600.5325198,-5.0,-5.0,-4.909,-5.189
21.083419028,1790241600.5369809,-5.0,-5.0,-4.768,-5.189
21.098728534000003,1790241600.5519686,-5.0,-5.0,-5.049,-5.049
21.100525204,1790241600.5537102,-5.0,-5.0,-4.768,-5.329
21.117962214000002,1790241600.5712378,-5.0,-5.0,-4.909,-5.189
21.120537427000002,1790241600.5737984,-5.0,-5.0,-5.049,-5.049
21.138155479,1790241600.5914924,-5.0,-5.0,-5.049,-5.049
21.140784077000003,1790241600.5940151,-5.0,-5.0,-4.909,-5.189
21.16535537,1790241600.6186495,-5.0,-5.0,-5.189,-5.049
21.167716677,1790241600.620953,-5.0,-5.0,-4.909,-4.909
21.170316785,1790241600.6236866,-5.0,-5.0,-4.909,-5.189
21.176964505,1790241600.630193,-5.0,-5.0,-5.189,-4.909
21.19923017,1790241600.652688,-5.0,-5.0,-5.049,-5.049
21.203316635,1790241600.6566868,-5.0,-5.0,-5.049,-5.189
21.217440827,1790241600.6707485,-5.0,-5.0,-5.049,-5.049
21.220078019000002,1790241600.6733265,-5.0,-5.0,-5.189,-5.189
21.23742357,1790241600.690665,-5.0,-5.0,-5.049,-5.329
21.239321751000002,1790241600.6925094,-5.0,-5.0,-5.189,-5.329
21.257341418000003,1790241600.710607,-5.0,-5.0,-5.049,-5.189
21.259042931,1790241600.7121956,-5.0,-5.0,-4.909,-5.329
21.279357446000002,1790241600.732791,-5.0,-5.0,-5.049,-5.329
21.283424849000003,1790241600.7367847,-5.0,-5.0,-5.189,-5.189
21.297062998,1790241600.7502825,-5.0,-5.0,-5.049,-5.329
21.298719251,1790241600.75187,-5.0,-5.0,-5.189,-5.329
21.319519184,1790241600.7729867,-5.0,-5.0,-5.189,-5.189
21.323261013,1790241600.7766068,-5.0,-5.0,-5.189,-5.329
21.337467809,1790241600.7907314,-5.0,-5.0,-5.189,-5.329
21.339164062000002,1790241600.792319,-5.0,-5.0,-5.329,-5.329
21.358858628,1790241600.812264,-5.0,-5.0,-5.189,-5.47
21.362853479,1790241600.8161716,-5.0,-5.0,-5.329,-5.47
21.377104754,1790241600.8303285,-5.0,-5.0,-5.47,-5.329
21.378782830000002,1790241600.8319378,-5.0,-5.0,-5.189,-5.47
21.39866625,1790241600.851997,-5.0,-5.0,-5.189,-5.189
21.402009225,1790241600.8553083,-5.0,-5.0,-5.049,-5.189
21.417745346,1790241600.871158,-5.0,-5.0,-4.909,-5.189
21.421239206000003,1790241600.8745227,-5.0,-5.0,-5.189,-5.189
21.437328974,1790241600.8905635,-5.0,-5.0,-5.61,-5.329
21.439027884,1790241600.8921938,-5.0,-5.0,-5.47,-5.47
21.457166874000002,1790241600.9103904,-5.0,-5.0,-5.61,-5.61
21.458980054,1790241600.9121635,-5.0,-5.0,-5.61,-5.47
21.481694365000003,1790241600.935,-5.0,-5.0,-5.47,-5.61
21.483700827,1790241600.9369037,-5.0,-5.0,-5.329,-5.47
21.498038769,1790241600.9513662,-5.0,-5.0,-5.329,-5.329
21.500444086,1790241600.9536407,-5.0,-5.0,-5.189,-5.47
21.517940887,1790241600.9711986,-5.0,-5.0,-5.329,-5.47
21.51982813,1790241600.9730313,-5.0,-5.0,-5.47,-5.61
21.539290769,1790241600.992789,-5.0,-5.0,-5.47,-5.47
21.543298119000003,1790241600.9966838,-5.0,-5.0,-5.61,-5.61
21.557256165000002,1790241601.010569,-5.0,-5.0,-5.61,-5.47
21.560085961000002,1790241601.0133173,-5.0,-5.0,-5.329,-5.47
21.577575263,1790241601.0308344,-5.0,-5.0,-5.61,-5.61
21.579908236,1790241601.0331416,-5.0,-5.0,-5.47,-5.47
21.598313164,1790241601.0516129,-5.0,-5.0,-5.47,-5.61
21.601255669,1790241601.054508,-5.0,-5.0,-5.47,-5.75
21.618898773,1790241601.0722847,-5.0,-5.0,-5.61,-5.47
21.622897426,1790241601.0762165,-5.0,-5.0,-5.47,-5.61
21.637247556000002,1790241601.0904918,-5.0,-5.0,-5.47,-5.47
21.639042663,1790241601.0922134,-5.0,-5.0,-5.329,-5.61
21.657139414000003,1790241601.110356,-5.0,-5.0,-5.049,-5.61
21.658810666,1790241601.111964,-5.0,-5.0,-5.189,-5.61
21.678831014,1790241601.1321764,-5.0,-5.0,-5.049,-5.61
21.682245604000002,1790241601.1355267,-5.0,-5.0,-4.768,-5.61
21.69846808,1790241601.1518106,-5.0,-5.0,-5.049,-5.47
21.701884128,1790241601.1551905,-5.0,-5.0,-4.768,-5.47
21.717054884000003,1790241601.1702719,-5.0,-5.0,-4.768,-5.47
21.718796918000002,1790241601.1719553,-5.0,-5.0,-4.768,-5.189
21.738818776000002,1790241601.1921937,-5.0,-5.0,-4.768,-5.329
21.742245605,1790241601.1955326,-5.0,-5.0,-4.628,-5.189
21.75840204,1790241601.2117667,-5.0,-5.0,-4.909,-5.329
21.761848087,1790241601.2151287,-5.0,-5.0,-4.909,-5.329
21.777007281000003,1790241601.230237,-5.0,-5.0,-5.049,-5.189
21.778683534000002,1790241601.2318375,-5.0,-5.0,-5.049,-5.329
21.798805236,1790241601.2521303,-5.0,-5.0,-5.049,-5.189
21.802116179000002,1790241601.2553923,-5.0,-5.0,-5.049,-5.189
21.817852821000002,1790241601.2712333,-5.0,-5.0,-5.189,-5.189
21.821241734,1790241601.27452,-5.0,-5.0,-5.189,-5.189
21.837203741,1790241601.290463,-5.0,-5.0,-5.329,-5.049
21.83910489,1790241601.2922947,-5.0,-5.0,-5.329,-5.049
21.857144453,1790241601.3103635,-5.0,-5.0,-5.61,-5.049
21.858821696,1790241601.3119757,-5.0,-5.0,-5.47,-5.049
21.879097304000002,1790241601.332494,-5.0,-5.0,-5.47,-4.909
21.882555540000002,1790241601.3358295,-5.0,-5.0,-5.47,-4.909
21.897659316000002,1790241601.3511493,-5.0,-5.0,-5.47,-5.049
21.900846978,1790241601.354119,-5.0,-5.0,-5.47,-4.909
21.917351122000003,1790241601.370612,-5.0,-5.0,-5.47,-4.909
21.919290604,1790241601.3724706,-5.0,-5.0,-5.47,-4.909
21.938614440000002,1790241601.3919132,-5.0,-5.0,-5.61,-4.909
21.941525383000002,1790241601.394795,-5.0,-5.0,-5.329,-4.909
21.957164056,1790241601.4105046,-5.0,-5.0,-5.189,-4.909
21.960521666,1790241601.4138105,-5.0,-5.0,-5.329,-4.628
21.977447009000002,1790241601.4307044,-5.0,-5.0,-5.049,-4.768
21.979367064,1790241601.4325597,-5.0,-5.0,-4.909,-4.768
21.998378608000003,1790241601.451672,-5.0,-5.0,-5.189,-4.909
22.001005488,1790241601.4542441,-5.0,-5.0,-5.189,-5.049
22.018790102,1790241601.472151,-5.0,-5.0,-5.049,-5.049
22.022163129000003,1790241601.475419,-5.0,-5.0,-5.189,-5.189
22.037333104000002,1790241601.4905834,-5.0,-5.0,-5.189,-5.189
22.039111961,1790241601.4922805,-5.0,-5.0,-4.768,-5.049
22.057230639,1790241601.5104728,-5.0,-5.0,-4.348,-4.488
22.058912985000003,1790241601.5120664,-5.0,-5.0,-3.646,-3.787
22.078639218000003,1790241601.5320354,-5.0,-5.0,-2.384,-2.945
22.082043026,1790241601.5353239,-5.0,-5.0,-1.963,-2.104
22.097363887,1790241601.550735,-5.0,-5.0,-1.543,-1.543
22.100963216,1790241601.554255,-5.0,-5.0,-0.982,-1.122
22.117416109,1790241601.5706542,-5.0,-5.0,-0.561,-0.701
22.119344967,1790241601.5725286,-5.0,-5.0,-0.28,-0.561
22.138250834,1790241601.5915923,-5.0,-5.0,0.0,-0.14
22.140997401,1790241601.5942502,-5.0,-5.0,0.0,0.0
22.157462482,1790241601.6108477,-5.0,-5.0,0.0,0.0
22.160894623,1790241601.6141694,-5.0,-5.0,0.0,0.0
22.1772646,1790241601.630506,-5.0,-5.0,0.0,0.0
22.179023666000003,1790241601.6321924,-5.0,-5.0,0.0,0.0
22.198398335,1790241601.6517432,-5.0,-5.0,0.0,0.0
22.201536362000002,1790241601.6547935,-5.0,-5.0,0.0,0.0
22.217007951000003,1790241601.670396,-5.0,-5.0,0.0,0.0
22.220201082000003,1790241601.6735158,-5.0,-5.0,0.0,0.0
22.237308300000002,1790241601.6905625,-5.0,-5.0,0.0,0.0
22.239091792,1790241601.6922998,-5.0,-5.0,0.0,0.0
22.257095834,1790241601.7103117,-5.0,-5.0,0.0,0.0
22.258620473,1790241601.7117705,-5.0,-5.0,0.0,0.0
22.278851185,1790241601.732233,-5.0,-5.0,0.0,0.0
22.282509785000002,1790241601.735834,-5.0,-5.0,0.0,0.0
22.296946113,1790241601.7501729,-5.0,-5.0,0.0,0.0
22.299619243000002,1790241601.7528827,-5.0,-5.0,0.0,0.0
22.317179169000003,1790241601.770443,-5.0,-5.0,0.0,0.0
22.318978391,1790241601.7721462,-5.0,-5.0,0.0,0.0
22.338481342,1790241601.7918785,-5.0,-5.0,0.0,0.0
22.341599317,1790241601.7948713,-5.0,-5.0,0.0,0.0
22.358218929000003,1790241601.8116186,-5.0,-5.0,0.0,0.0
22.362193884,1790241601.8155806,-5.0,-5.0,0.0,0.0
22.376883493,1790241601.8301141,-5.0,-5.0,0.0,0.0
22.378420267000003,1790241601.8315742,-5.0,-5.0,0.0,0.0
22.398563323,1790241601.8519156,-5.0,-5.0,0.0,0.0
22.401703224000002,1790241601.8549936,-5.0,-5.0,0.0,0.0
22.418272681,1790241601.8716178,-5.0,-5.0,0.0,0.0
22.421424874000003,1790241601.874682,-5.0,-5.0,0.0,0.0
22.437363704000003,1790241601.890601,-5.0,-5.0,0.0,0.0
22.439084332,1790241601.8922606,-5.0,-5.0,0.0,0.0
22.457012801,1790241601.9102309,-5.0,-5.0,0.0,0.0
22.458696189,1790241601.911911,-5.0,-5.0,0.0,0.0
22.478432839,1790241601.9317324,-5.0,-5.0,0.0,0.0
22.481136385000003,1790241601.9344037,-5.0,-5.0,0.0,0.0
22.497187663000002,1790241601.9504209,-5.0,-5.0,0.0,0.0
22.498971052,1790241601.9521408,-5.0,-5.0,0.0,0.0
22.518622545000003,1790241601.9720058,-5.0,-5.0,0.0,0.0
22.521752915,1790241601.9750142,-5.0,-5.0,0.0,0.0
22.538538309,1790241601.9918869,-5.0,-5.0,0.0,0.0
22.541662585,1790241601.99494,-5.0,-5.0,0.0,0.0
22.557357353,1790241602.0106785,-5.0,-5.0,0.0,0.0
22.560308191,1790241602.0135653,-5.0,-5.0,0.0,0.0
22.577162908000002,1790241602.0303984,-5.0,-5.0,0.0,0.0
22.578937443,1790241602.0321062,-5.0,-5.0,0.0,0.0
22.598758571,1790241602.052129,-5.0,-5.0,0.0,0.0
22.601876077,1790241602.05519,-5.0,-5.0,0.0,0.0
22.616911937,1790241602.070132,-5.0,-5.0,0.0,0.0
22.6184397,1790241602.0716138,-5.0,-5.0,0.0,0.0
22.637909369000003,1790241602.0912046,-5.0,-5.0,0.0,0.0
22.64031427,1790241602.0935688,-5.0,-5.0,0.0,0.0
22.656985653000003,1790241602.1102257,-5.0,-5.0,0.0,0.0
22.658604198000003,1790241602.1117854,-5.0,-5.0,0.0,0.0
22.677528918,1790241602.1308396,-5.0,-5.0,0.0,0.0
22.679981735000002,1790241602.133212,-5.0,-5.0,0.0,0.0
22.698201559,1790241602.1515353,-5.0,-5.0,0.0,0.0
22.700931199000003,1790241602.1541705,-5.0,-5.0,0.0,0.0
22.718877793,1790241602.172309,-5.0,-5.0,0.0,0.0
22.722572539,1790241602.1759171,-5.0,-5.0,0.0,0.0
22.736934231000003,1790241602.190174,-5.0,-5.0,0.0,0.0
22.738500432000002,1790241602.191656,-5.0,-5.0,0.0,0.0
22.758345623,1790241602.2116694,-5.0,-5.0,0.0,0.0
22.76133443,1790241602.2146018,-5.0,-5.0,0.0,0.0
22.777335292,1790241602.2306838,-5.0,-5.0,0.0,0.0
22.780534777,1790241602.233803,-5.0,-5.0,0.0,0.0
22.797196264,1790241602.2504294,-5.0,-5.0,0.0,0.0
22.798934861000003,1790241602.2521122,-5.0,-5.0,0.0,0.0
22.818572187,1790241602.2719455,-5.0,-5.0,0.0,0.0
22.821734224,1790241602.2750213,-5.0,-5.0,0.0,0.0
22.837066595000003,1790241602.290292,-5.0,-5.0,0.0,0.0
22.838617587,1790241602.2917786,-5.0,-5.0,0.0,0.0
22.857031838,1790241602.310249,-5.0,-5.0,0.0,0.0
22.858550747000002,1790241602.3117008,-5.0,-5.0,0.0,0.0
22.878535939000002,1790241602.3318818,-5.0,-5.0,0.0,0.0
22.881606986,1790241602.3349037,-5.0,-5.0,0.0,0.0
22.897568004,1790241602.3509188,-5.0,-5.0,0.0,0.0
22.900694936,1790241602.353994,-5.0,-5.0,0.0,0.0
22.917236059,1790241602.3704715,-5.0,-5.0,0.0,0.0
22.919005437000003,1790241602.3721755,-5.0,-5.0,0.0,0.0
22.938286304000002,1790241602.3915823,-5.0,-5.0,0.0,0.0
22.941008861,1790241602.394241,-5.0,-5.0,0.0,0.0
22.958424569,1790241602.4117522,-5.0,-5.0,0.0,0.0
22.961577283,1790241602.4148638,-5.0,-5.0,0.0,0.0
22.976959914000002,1790241602.4301832,-5.0,-5.0,0.0,0.0
22.978458458000002,1790241602.431619,-5.0,-5.0,0.0,0.0
22.998505473,1790241602.4519393,-5.0,-5.0,0.14,0.0
23.001727093000003,1790241602.4550054,-5.0,-5.0,0.0,0.14
23.017517069,1790241602.4708874,-5.0,-5.0,0.0,0.0
23.020669314000003,1790241602.473975,-5.0,-5.0,0.14,0.14
23.037295749000002,1790241602.4905307,-5.0,-5.0,0.0,0.14
23.038928409,1790241602.4921186,-5.0,-5.0,0.14,0.14
23.057031826000003,1790241602.5102487,-5.0,-5.0,0.14,0.14
23.058590214000002,1790241602.511743,-5.0,-5.0,0.14,0.14
23.078762593,1790241602.5321064,-5.0,-5.0,0.14,0.28
23.081909786,1790241602.5351875,-5.0,-5.0,0.28,0.14
23.096911427000002,1790241602.5501325,-5.0,-5.0,0.28,0.0
23.09845143,1790241602.5516057,-5.0,-5.0,0.28,0.0
23.118651049,1790241602.5720103,-5.0,-5.0,0.421,0.0
23.121839596,1790241602.5751023,-5.0,-5.0,0.421,0.14
23.138063843,1790241602.5914192,-5.0,-5.0,0.561,0.0
23.140816817,1790241602.5940514,-5.0,-5.0,0.561,0.0
23.157216794,1790241602.6104662,-5.0,-5.0,0.561,0.0
23.159019297,1790241602.612189,-5.0,-5.0,0.561,0.0
23.178260060000003,1790241602.63158,-5.0,-5.0,0.701,0.14
23.180963138000003,1790241602.6341968,-5.0,-5.0,0.701,0.14
23.198395929,1790241602.6517637,-5.0,-5.0,0.841,0.14
23.201548591,1790241602.654841,-5.0,-5.0,0.841,0.421
23.216913982,1790241602.6701841,-5.0,-5.0,0.841,0.28
23.219051434,1790241602.6723342,-5.0,-5.0,0.841,0.28
23.237756102000002,1790241602.6910365,-5.0,-5.0,0.701,0.421
23.240115794,1790241602.693366,-5.0,-5.0,0.982,0.421
23.257084626,1790241602.7103107,-5.0,-5.0,0.841,0.421
23.258592181,1790241602.7117548,-5.0,-5.0,0.982,0.421
23.278844664,1790241602.7322462,-5.0,-5.0,1.122,0.421
23.282507066,1790241602.7358239,-5.0,-5.0,1.122,0.701
23.296928446000003,1790241602.7502458,-5.0,-5.0,1.122,0.701
23.299673503,1790241602.7529182,-5.0,-5.0,0.982,0.701
23.317256607,1790241602.770548,-5.0,-5.0,0.841,0.561
23.319111922,1790241602.7722838,-5.0,-5.0,0.982,0.421
23.338424352,1790241602.791835,-5.0,-5.0,0.841,0.561
23.341562952,1790241602.7948759,-5.0,-5.0,0.982,0.561
23.363000958,1790241602.8162642,-1.5277777910232544,1.5277777910232544,0.841,0.701
23.365105753,1790241602.818317,-1.5277777910232544,1.5277777910232544,0.841,0.421
23.36697534,1790241602.8201559,-1.5277777910232544,1.5277777910232544,0.982,0.561
23.376940931,1790241602.8301566,-1.5277777910232544,1.5277777910232544,0.982,0.561
23.398691438,1790241602.8520992,-1.5277777910232544,1.5277777910232544,0.982,0.701
23.402413059,1790241602.855742,-1.5277777910232544,1.5277777910232544,0.982,0.841
23.41713298,1790241602.8704603,-1.5277777910232544,1.5277777910232544,0.841,1.122
23.420134079,1790241602.8734217,-1.5277777910232544,1.5277777910232544,0.421,1.262
23.43818333,1790241602.8914692,-1.5277777910232544,1.5277777910232544,0.14,1.402
23.440797345,1790241602.894062,-1.5277777910232544,1.5277777910232544,-0.14,1.683
23.457171488,1790241602.910387,-1.5277777910232544,1.5277777910232544,-0.14,1.963
23.458888939,1790241602.9120867,-1.5277777910232544,1.5277777910232544,-0.14,1.823
23.479126579000003,1790241602.932488,-1.5277777910232544,1.5277777910232544,-0.14,1.963
23.482901846,1790241602.9362323,-1.5277777910232544,1.5277777910232544,-0.28,1.823
23.497303903000002,1790241602.9506547,-1.5277777910232544,1.5277777910232544,-0.14,1.963
23.500084793000003,1790241602.9533236,-1.5277777910232544,1.5277777910232544,0.0,1.963
23.51742524,1790241602.970683,-1.5277777910232544,1.5277777910232544,-0.14,1.823
23.519411910000002,1790241602.9725914,-1.5277777910232544,1.5277777910232544,-0.14,1.543
23.538232048,1790241602.991564,-1.5277777910232544,1.5277777910232544,-0.14,1.543
23.541054553000002,1790241602.9942877,-1.5277777910232544,1.5277777910232544,-0.14,1.543
23.558105468,1790241603.01148,-1.5277777910232544,1.5277777910232544,-0.14,1.402
23.561663860000003,1790241603.0149791,-1.5277777910232544,1.5277777910232544,0.0,1.402
23.577488836,1790241603.0308414,-1.5277777910232544,1.5277777910232544,0.0,1.402
23.580606028000002,1790241603.033886,-1.5277777910232544,1.5277777910232544,-0.28,1.262
23.597364183,1790241603.0506032,-1.5277777910232544,1.5277777910232544,-0.421,1.402
23.599242832,1790241603.052421,-1.5277777910232544,1.5277777910232544,-0.561,1.262
23.618436928,1790241603.071769,-1.5277777910232544,1.5277777910232544,-0.421,1.262
23.621281777,1790241603.0745564,-1.5277777910232544,1.5277777910232544,-0.561,1.402
23.637366805000003,1790241603.090631,-1.5277777910232544,1.5277777910232544,-0.561,1.262
23.639296861000002,1790241603.0924892,-1.5277777910232544,1.5277777910232544,-0.701,1.262
23.657081944,1790241603.1103308,-1.5277777910232544,1.5277777910232544,-0.841,1.262
23.658718249000003,1790241603.1118724,-1.5277777910232544,1.5277777910232544,-0.841,1.262
23.678696097000003,1790241603.1320214,-1.5277777910232544,1.5277777910232544,-0.701,1.402
23.681948082,1790241603.1352313,-1.5277777910232544,1.5277777910232544,-0.841,1.262
23.697207640000002,1790241603.150426,-1.5277777910232544,1.5277777910232544,-0.982,1.402
23.698799674,1790241603.1519518,-1.5277777910232544,1.5277777910232544,-1.122,1.402
23.718868876000002,1790241603.172195,-1.5277777910232544,1.5277777910232544,-1.402,1.402
23.722098673,1790241603.175379,-1.5277777910232544,1.5277777910232544,-1.402,1.262
23.738057660000003,1790241603.1913905,-1.5277777910232544,1.5277777910232544,-1.823,1.262
23.740936727,1790241603.1941707,-1.5277777910232544,1.5277777910232544,-1.963,1.122
23.758900248,1790241603.2123334,-1.5277777910232544,1.5277777910232544,-2.104,1.122
23.762746557,1790241603.2160966,-1.5277777910232544,1.5277777910232544,-2.104,1.122
23.776976061000003,1790241603.23019,-1.5277777910232544,1.5277777910232544,-1.823,1.122
23.778580023,1790241603.2317307,-1.5277777910232544,1.5277777910232544,-1.262,1.122
23.798811517,1790241603.2521515,-1.5277777910232544,1.5277777910232544,-1.122,1.402
23.802041262000003,1790241603.2552962,-1.5277777910232544,1.5277777910232544,-0.982,1.262
23.81834629,1790241603.2716691,-1.5277777910232544,1.5277777910232544,-0.982,1.262
23.821238639,1790241603.274547,-1.5277777910232544,1.5277777910232544,-1.122,1.122
23.837294397,1790241603.2905278,-1.5277777910232544,1.5277777910232544,-1.402,0.982
23.839005962,1790241603.2921855,-1.5277777910232544,1.5277777910232544,-1.823,0.841
23.85738938,1790241603.3106105,-1.5277777910232544,1.5277777910232544,-1.963,0.841
23.859204904000002,1790241603.312419,-1.5277777910232544,1.5277777910232544,-1.963,0.701
23.877939468,1790241603.3312325,-1.5277777910232544,1.5277777910232544,-1.683,0.841
23.880285202000003,1790241603.333536,-1.5277777910232544,1.5277777910232544,-1.262,0.982
23.899064245,1790241603.3524742,-1.5277777910232544,1.5277777910232544,-0.982,1.122
23.902881127,1790241603.3562136,-1.5277777910232544,1.5277777910232544,-0.701,0.982
23.917043495,1790241603.3702662,-1.5277777910232544,1.5277777910232544,-0.28,0.841
23.918581988000003,1790241603.3717365,-1.5277777910232544,1.5277777910232544,0.14,0.421
23.938557283,1790241603.391898,-1.5277777910232544,1.5277777910232544,0.421,0.14
23.941760310000003,1790241603.395127,-1.5277777910232544,1.5277777910232544,0.421,0.0
23.957685806,1790241603.4109502,-1.5277777910232544,1.5277777910232544,0.28,0.0
23.959859144000003,1790241603.4130642,-1.5277777910232544,1.5277777910232544,0.14,0.0
23.978957458,1790241603.4323606,-1.5277777910232544,1.5277777910232544,0.14,0.14
23.982612986000003,1790241603.4359052,-1.5277777910232544,1.5277777910232544,0.0,0.421
23.99731072,1790241603.4505463,-1.5277777910232544,1.5277777910232544,0.0,0.701
23.998871243,1790241603.4520345,-1.5277777910232544,1.5277777910232544,0.0,0.701
24.018859299000002,1790241603.4722352,-1.5277777910232544,1.5277777910232544,0.0,0.841
24.022081336000003,1790241603.4754148,-1.5277777910232544,1.5277777910232544,0.0,0.982
24.037491520000003,1790241603.490716,-1.5277777910232544,1.5277777910232544,0.0,1.122
24.039113189000002,1790241603.4922855,-1.5277777910232544,1.5277777910232544,-0.14,1.262
24.057030356000002,1790241603.5102491,-1.5277777910232544,1.5277777910232544,0.0,1.402
24.058559057,1790241603.5117328,-1.5277777910232544,1.5277777910232544,0.0,1.402
24.078671280000002,1790241603.5319932,-1.5277777910232544,1.5277777910232544,-0.14,1.543
24.081889983,1790241603.535172,-1.5277777910232544,1.5277777910232544,-0.14,1.543
24.100439339,1790241603.5537374,5.0,5.0,-0.14,1.543
24.102519134,1790241603.5557287,5.0,5.0,-0.421,1.402
24.117202129000002,1790241603.5704417,5.0,5.0,-0.421,1.402
24.118819215000002,1790241603.5719726,5.0,5.0,-0.421,1.543
24.138832583000003,1790241603.592199,5.0,5.0,-0.701,1.262
24.142132068000002,1790241603.5954008,5.0,5.0,-0.421,1.543
24.158003190000002,1790241603.6113412,5.0,5.0,-0.14,1.683
24.160714236,1790241603.6139638,5.0,5.0,0.14,2.104
24.178019059,1790241603.6314209,5.0,5.0,0.701,2.384
24.1816612,1790241603.6350074,5.0,5.0,1.122,2.945
24.196935759000002,1790241603.6501496,5.0,5.0,1.683,3.226
24.198470032000003,1790241603.6516218,5.0,5.0,2.244,3.646
24.218423036,1790241603.6718042,5.0,5.0,2.524,4.067
24.221571427,1790241603.6749232,5.0,5.0,3.085,4.348
24.236974162000003,1790241603.6901984,5.0,5.0,3.226,4.628
24.238517238,1790241603.691695,5.0,5.0,3.366,4.768
24.257033,1790241603.7102919,5.0,5.0,3.646,5.049
24.258625398000003,1790241603.711788,5.0,5.0,3.787,5.329
24.278501267000003,1790241603.731885,5.0,5.0,3.927,5.189
24.281663616000003,1790241603.7349663,5.0,5.0,4.348,5.47
24.297500571,1790241603.75084,5.0,5.0,4.488,5.61
24.300636253,1790241603.7539139,5.0,5.0,4.488,5.61
24.317226699000003,1790241603.7704732,5.0,5.0,4.488,5.61
24.319030505,1790241603.7722006,5.0,5.0,4.488,5.75
24.338494705000002,1790241603.7918682,5.0,5.0,4.628,5.75
24.341682263000003,1790241603.794946,5.0,5.0,4.628,5.89
24.357401718000002,1790241603.810749,5.0,5.0,4.488,5.75
24.360497869000003,1790241603.8137765,5.0,5.0,4.628,5.89
24.377222899000003,1790241603.8304794,5.0,5.0,4.488,5.89
24.379011964,1790241603.83218,5.0,5.0,4.628,5.89
24.398229342,1790241603.851529,5.0,5.0,4.488,5.89
24.401007472,1790241603.854261,5.0,5.0,4.348,5.75
24.418394273,1790241603.8717346,5.0,5.0,4.348,5.61
24.421620268,1790241603.8749175,5.0,5.0,4.488,5.61
24.437149931,1790241603.8903983,5.0,5.0,4.628,5.47
24.438739778000002,1790241603.8919184,5.0,5.0,4.348,5.47
24.457027831,1790241603.9102452,5.0,5.0,4.628,5.189
24.458552781,1790241603.9117398,5.0,5.0,4.628,5.049
24.47891813,1790241603.932238,5.0,5.0,4.768,5.049
24.482044073,1790241603.935306,5.0,5.0,4.628,5.049
24.496942172,1790241603.9501626,5.0,5.0,4.768,5.049
24.498460508,1790241603.9516122,5.0,5.0,4.768,4.768
24.51848971,1790241603.9718456,5.0,5.0,4.628,4.909
24.521583048,1790241603.9748774,5.0,5.0,4.909,4.909
24.537436618,1790241603.9907885,5.0,5.0,4.909,4.768
24.540541467,1790241603.9938052,5.0,5.0,4.628,4.909
24.557202382,1790241604.0104516,5.0,5.0,4.768,4.909
24.558979937,1790241604.0121717,5.0,5.0,4.768,4.768
24.578453096,1790241604.0319061,5.0,5.0,4.488,4.909
24.581699404000002,1790241604.0350025,5.0,5.0,4.348,4.909
24.597116619,1790241604.0504968,5.0,5.0,4.768,4.628
24.600401833000003,1790241604.0537438,5.0,5.0,4.488,4.768
24.623911770000003,1790241604.0771685,5.0,5.0,4.488,4.909
24.625977815000002,1790241604.079179,5.0,5.0,4.628,4.768
24.628017246000002,1790241604.0812304,5.0,5.0,4.628,4.628
24.637010387,1790241604.090259,5.0,5.0,4.207,4.768
24.657329433,1790241604.1106226,5.0,5.0,3.787,3.927
24.659145165,1790241604.1123724,5.0,5.0,3.646,3.366
24.677820719000003,1790241604.13109,5.0,5.0,2.945,2.805
24.680064004000002,1790241604.1332848,5.0,5.0,2.384,2.665
24.698395182000002,1790241604.1517756,5.0,5.0,2.244,2.384
24.702017220000002,1790241604.1553957,5.0,5.0,2.104,1.823
24.716973444,1790241604.170206,5.0,5.0,1.683,1.543
24.718543186,1790241604.171697,5.0,5.0,1.543,1.262
24.738558899,1790241604.1918995,5.0,5.0,1.543,1.543
24.741925623,1790241604.195389,5.0,5.0,1.823,1.543
24.757736432,1790241604.2109735,5.0,5.0,1.963,1.963
24.759262268,1790241604.2124176,5.0,5.0,1.823,2.244
24.777810739000003,1790241604.2311,5.0,5.0,2.244,2.665
24.780231837000002,1790241604.233467,5.0,5.0,2.384,2.945
24.797862284,1790241604.2511384,5.0,5.0,2.805,3.226
24.800308747000003,1790241604.2535346,5.0,5.0,3.085,3.506
24.818862269,1790241604.2722793,5.0,5.0,3.366,3.927
24.822623421000003,1790241604.2759602,5.0,5.0,3.506,4.348
24.837076832,1790241604.2903388,5.0,5.0,3.787,4.348
24.83876845,1790241604.2919393,5.0,5.0,4.067,4.348
24.857019107000003,1790241604.3102357,5.0,5.0,4.488,4.909
24.858544162,1790241604.3116965,5.0,5.0,4.488,4.909
24.878726072000003,1790241604.3321269,5.0,5.0,4.628,5.049
24.881914932,1790241604.3351724,5.0,5.0,5.049,5.189
24.898262096,1790241604.3515825,5.0,5.0,5.049,5.329
24.90104908,1790241604.3542943,5.0,5.0,5.189,5.189
24.917280671,1790241604.3705187,5.0,5.0,5.329,5.329
24.919061195,1790241604.3722296,5.0,5.0,5.329,5.47
24.938313312000002,1790241604.3916461,5.0,5.0,5.47,5.47
24.941076807,1790241604.3943176,5.0,5.0,5.47,5.61
24.957954337,1790241604.41135,5.0,5.0,5.47,5.61
24.96157476,1790241604.414883,5.0,5.0,5.47,5.329
24.977079006,1790241604.4302964,5.0,5.0,5.61,5.47
24.978610675000002,1790241604.4317627,5.0,5.0,5.47,5.329
24.998397897,1790241604.451725,5.0,5.0,5.47,5.189
25.001107173,1790241604.454366,5.0,5.0,5.329,5.329
25.018481526000002,1790241604.4718516,5.0,5.0,5.329,5.189
25.021634657,1790241604.474939,5.0,5.0,5.049,5.189
25.037085465,1790241604.4903085,5.0,5.0,5.189,5.049
25.038641249,1790241604.4918141,5.0,5.0,4.909,5.049
25.057083730000002,1790241604.5103047,5.0,5.0,5.189,5.049
25.058640764000003,1790241604.5117972,5.0,5.0,5.329,5.189
25.079241946000003,1790241604.5326016,5.0,5.0,5.049,5.189
25.082862056000003,1790241604.536196,5.0,5.0,5.189,5.049
25.096856664,1790241604.550071,5.0,5.0,5.049,5.049
25.098398906,1790241604.5515532,5.0,5.0,5.189,5.189
25.118427223,1790241604.5718045,5.0,5.0,5.189,5.189
25.121557489,1790241604.5748374,5.0,5.0,5.329,5.049
25.136946787000003,1790241604.5903645,5.0,5.0,5.049,5.329
25.140132574000003,1790241604.5934522,5.0,5.0,5.189,5.049
25.157202395000002,1790241604.6104498,5.0,5.0,5.329,5.189
25.159003961,1790241604.6121738,5.0,5.0,5.049,5.329
25.178426964,1790241604.6317875,5.0,5.0,5.189,5.329
25.181531136,1790241604.6348343,5.0,5.0,5.049,5.189
25.197479758,1790241604.6509144,5.0,5.0,5.049,5.189
25.200873878000003,1790241604.6541908,5.0,5.0,5.049,5.189
25.217241667000003,1790241604.6705894,5.0,5.0,5.189,5.189
25.22058209,1790241604.6738625,5.0,5.0,5.049,5.189
25.237138265000002,1790241604.6904068,5.0,5.0,5.189,5.049
25.238967539,1790241604.6921642,5.0,5.0,5.329,5.189
25.257044915,1790241604.710266,5.0,5.0,5.329,5.329
25.258579501,1790241604.7117307,5.0,5.0,5.189,5.189
25.278379431,1790241604.7317216,5.0,5.0,5.47,5.189
25.281515218000003,1790241604.7347777,5.0,5.0,4.909,5.049
25.297105454,1790241604.7504296,5.0,5.0,4.488,4.488
25.300396657,1790241604.7537298,5.0,5.0,4.067,4.067
25.317084916000002,1790241604.770375,5.0,5.0,3.226,3.366
25.318792471000002,1790241604.771955,5.0,5.0,2.665,2.665
25.338430891,1790241604.7917764,5.0,5.0,2.244,2.384
25.341593084000003,1790241604.7948737,5.0,5.0,1.963,2.104
25.367390577000002,1790241604.8207812,-5.0,-5.0,1.823,1.683
25.369248289,1790241604.8224275,-5.0,-5.0,1.683,1.543
25.370737354000003,1790241604.8239088,-5.0,-5.0,1.402,1.402
25.377002209,1790241604.8302472,-5.0,-5.0,1.262,1.262
25.398280059,1790241604.851642,-5.0,-5.0,1.122,1.122
25.400982616,1790241604.8542688,-5.0,-5.0,0.561,0.421
25.41776952,1790241604.8710618,-5.0,-5.0,0.0,-0.28
25.420137701,1790241604.8733375,-5.0,-5.0,-0.561,-0.841
25.437416794,1790241604.890655,-5.0,-5.0,-1.683,-1.823
25.439324350000003,1790241604.8925195,-5.0,-5.0,-1.963,-2.384
25.457608548000003,1790241604.910863,-5.0,-5.0,-2.244,-2.244
25.459623187000002,1790241604.912825,-5.0,-5.0,-2.244,-2.384
25.477953272,1790241604.9312828,-5.0,-5.0,-2.524,-2.524
25.481328851,1790241604.93459,-5.0,-5.0,-2.805,-3.085
25.497296274,1790241604.950537,-5.0,-5.0,-3.085,-3.366
25.499184038000003,1790241604.95241,-5.0,-5.0,-3.506,-3.787
25.518452510000003,1790241604.9717493,-5.0,-5.0,-3.787,-4.067
25.521451629,1790241604.974713,-5.0,-5.0,-4.207,-4.348
25.539090619000003,1790241604.9924574,-5.0,-5.0,-4.207,-4.488
25.542939115000003,1790241604.99628,-5.0,-5.0,-4.207,-4.628
25.557543047000003,1790241605.0108445,-5.0,-5.0,-4.348,-4.628
25.560690761,1790241605.0139713,-5.0,-5.0,-4.207,-4.768
25.577406936000003,1790241605.0306392,-5.0,-5.0,-4.067,-4.768
25.579315377,1790241605.0325084,-5.0,-5.0,-4.348,-4.768
25.598332285,1790241605.0516255,-5.0,-5.0,-4.348,-4.909
25.601198436,1790241605.0544302,-5.0,-5.0,-4.348,-5.049
25.618580759,1790241605.0719178,-5.0,-5.0,-4.348,-5.049
25.621953942,1790241605.0752249,-5.0,-5.0,-4.488,-4.768
25.637492823000002,1790241605.090727,-5.0,-5.0,-4.207,-4.909
25.639347514,1790241605.0925345,-5.0,-5.0,-3.927,-4.909
25.657134160000002,1790241605.1103618,-5.0,-5.0,-4.207,-4.628
25.65879885,1790241605.111976,-5.0,-5.0,-4.207,-4.768
25.678762271,1790241605.1320827,-5.0,-5.0,-4.348,-4.768
25.682151652,1790241605.1354265,-5.0,-5.0,-4.348,-4.628
25.698395326,1790241605.1517446,-5.0,-5.0,-4.909,-4.628
25.701780176000003,1790241605.1550872,-5.0,-5.0,-4.768,-4.768
25.717064734,1790241605.1702838,-5.0,-5.0,-4.628,-4.909
25.718744372000003,1790241605.1719084,-5.0,-5.0,-4.909,-4.628
25.738756334,1790241605.1921244,-5.0,-5.0,-4.768,-4.768
25.742179049,1790241605.1954565,-5.0,-5.0,-4.628,-4.768
25.758415431000003,1790241605.2117615,-5.0,-5.0,-4.768,-4.768
25.761808458,1790241605.2150826,-5.0,-5.0,-5.049,-4.768
25.777003068000003,1790241605.2302256,-5.0,-5.0,-4.768,-4.909
25.778653696000003,1790241605.2318277,-5.0,-5.0,-4.628,-4.768
25.798798263000002,1790241605.2521358,-5.0,-5.0,-4.768,-4.628
25.802109154,1790241605.2553873,-5.0,-5.0,-4.628,-4.768
25.818352412000003,1790241605.27168,-5.0,-5.0,-4.488,-4.628
25.821723876,1790241605.2750647,-5.0,-5.0,-4.488,-4.628
25.837168851,1790241605.2904096,-5.0,-5.0,-4.628,-4.768
25.83886375,1790241605.2920275,-5.0,-5.0,-4.488,-4.768
25.857118678000003,1790241605.310334,-5.0,-5.0,-4.348,-4.768
25.858794045000003,1790241605.3119462,-5.0,-5.0,-4.768,-4.768
25.879126477000003,1790241605.3324454,-5.0,-5.0,-4.628,-4.768
25.882507420000003,1790241605.3357882,-5.0,-5.0,-4.488,-4.909
25.897954948000002,1790241605.3512695,-5.0,-5.0,-5.049,-4.768
25.900900786,1790241605.3541322,-5.0,-5.0,-4.348,-4.768
25.917386336,1790241605.3707335,-5.0,-5.0,-3.646,-3.787
25.920876186,1790241605.374178,-5.0,-5.0,-2.805,-2.945
25.937510694,1790241605.3907466,-5.0,-5.0,-1.402,-1.823
25.939436218,1790241605.3926055,-5.0,-5.0,-0.28,-0.982
25.958368179,1790241605.411667,-5.0,-5.0,0.14,-0.28
25.961105163000003,1790241605.414335,-5.0,-5.0,0.421,0.28
25.978668944000002,1790241605.4320135,-5.0,-5.0,0.841,0.561
25.981778689000002,1790241605.435041,-5.0,-5.0,1.122,1.122
25.998214499000003,1790241605.4515407,-5.0,-5.0,1.402,1.262
26.001316327,1790241605.4545896,-5.0,-5.0,1.402,1.543
26.017148542,1790241605.4705229,-5.0,-5.0,1.543,1.683
26.020541361000003,1790241605.4738336,-5.0,-5.0,1.543,1.543
26.037313370000003,1790241605.4905667,-5.0,-5.0,1.402,1.683
26.039074102,1790241605.4922593,-5.0,-5.0,1.683,1.543
26.057053977000002,1790241605.5102737,-5.0,-5.0,1.543,1.683
26.058584397,1790241605.511739,-5.0,-5.0,1.683,1.683
26.07891688,1790241605.5322933,-5.0,-5.0,1.543,1.683
26.082525741,1790241605.535885,-5.0,-5.0,1.683,1.683
26.097087641,1790241605.5504186,-5.0,-5.0,1.543,1.683
26.099968428,1790241605.5532532,-5.0,-5.0,1.683,1.683
26.117388094000002,1790241605.5706573,-5.0,-5.0,1.683,1.683
26.119330337,1790241605.5725071,-5.0,-5.0,1.683,1.683
26.138097922,1790241605.5914118,-5.0,-5.0,1.683,1.543
26.140838604000002,1790241605.5941434,-5.0,-5.0,1.683,1.543
26.157339935000003,1790241605.6107438,-5.0,-5.0,1.683,1.543
26.160749368,1790241605.6140296,-5.0,-5.0,1.683,1.402
26.177244188000003,1790241605.6304796,-5.0,-5.0,1.683,1.402
26.179042056,1790241605.6322103,-5.0,-5.0,1.683,1.402
26.198407976000002,1790241605.6517806,-5.0,-5.0,1.683,1.402
26.201538189,1790241605.654836,-5.0,-5.0,1.683,1.262
26.217138842,1790241605.6705008,-5.0,-5.0,1.683,1.402
26.220466087000002,1790241605.6737735,-5.0,-5.0,1.683,1.262
26.237176169,1790241605.6904318,-5.0,-5.0,1.543,1.262
26.238856588,1790241605.6920316,-5.0,-5.0,1.543,1.262
26.257005162000002,1790241605.7102334,-5.0,-5.0,1.543,1.402
26.258565321000003,1790241605.7117238,-5.0,-5.0,1.543,1.262
26.279065513000003,1790241605.7324386,-5.0,-5.0,1.543,1.262
26.282704895000002,1790241605.7359965,-5.0,-5.0,1.543,1.262
26.297895182,1790241605.7512286,-5.0,-5.0,1.543,1.262
26.300641124000002,1790241605.7538736,-5.0,-5.0,1.402,1.262
26.317390424000003,1790241605.7707586,-5.0,-5.0,1.543,1.262
26.320720118,1790241605.7740111,-5.0,-5.0,1.543,1.262
26.337177334000003,1790241605.7904108,-5.0,-5.0,1.543,1.122
26.338958379,1790241605.792131,-5.0,-5.0,1.402,1.262
26.358285288,1790241605.8115966,-5.0,-5.0,1.543,1.262
26.36098597,1790241605.8142972,-5.0,-5.0,1.402,1.122
26.378163604,1790241605.8314977,-5.0,-5.0,1.262,0.982
26.381345380000003,1790241605.834653,-5.0,-5.0,1.262,0.982
26.397148533000003,1790241605.8505151,-5.0,-5.0,1.262,0.982
26.400480883,1790241605.853815,-5.0,-5.0,1.122,0.841
26.417250912,1790241605.8705063,-5.0,-5.0,1.262,0.841
26.419015863000002,1790241605.8721952,-5.0,-5.0,1.122,0.841
26.437989595,1790241605.891273,-5.0,-5.0,1.122,0.841
26.440525641,1790241605.8937993,-5.0,-5.0,1.262,0.841
26.456962701000002,1790241605.9101677,-5.0,-5.0,1.122,0.841
26.458580568000002,1790241605.9117987,-5.0,-5.0,1.122,0.841
26.479170084000003,1790241605.9325986,-5.0,-5.0,1.122,0.701
26.482859205,1790241605.9361672,-5.0,-5.0,0.982,0.841
26.496917719000002,1790241605.9501572,-5.0,-5.0,1.122,0.841
26.498460065000003,1790241605.9516225,-5.0,-5.0,0.982,0.561
26.518391923000003,1790241605.9717577,-5.0,-5.0,0.841,0.14
26.521445314,1790241605.9747589,-5.0,-5.0,0.982,0.14
26.537503936,1790241605.9908454,-5.0,-5.0,0.841,0.14
26.540655504,1790241605.9939375,-5.0,-5.0,0.561,0.14
26.557275898,1790241606.0105116,-5.0,-5.0,0.421,0.14
26.559072568,1790241606.0122416,-5.0,-5.0,0.28,0.0
26.578073591000003,1790241606.0313816,-5.0,-5.0,0.28,0.14
26.580608127,1790241606.033865,-5.0,-5.0,0.14,0.14
26.598500241,1790241606.0518358,-5.0,-5.0,0.0,0.0
26.601251965000003,1790241606.0545347,-5.0,-5.0,0.0,0.0
26.617193555,1790241606.0705447,-5.0,-5.0,0.0,0.0
26.620574499,1790241606.073873,-5.0,-5.0,0.0,0.0
26.637404633000003,1790241606.0906477,-5.0,-5.0,0.0,0.0
26.639311667,1790241606.0925164,-5.0,-5.0,0.0,0.0
26.657054667,1790241606.1102881,-5.0,-5.0,0.0,0.0
26.658595503,1790241606.111749,-5.0,-5.0,0.0,0.0
26.678709236000003,1790241606.132133,-5.0,-5.0,0.0,0.0
26.682370805,1790241606.1357214,-5.0,-5.0,0.0,0.0
26.697164685,1790241606.1504564,-5.0,-5.0,0.0,0.0
26.699578023,1790241606.1529133,-5.0,-5.0,0.0,0.0
26.717476804,1790241606.1707385,-5.0,-5.0,0.0,0.0
26.719422485000003,1790241606.172603,-5.0,-5.0,0.0,0.0
26.738090955,1790241606.1914043,-5.0,-5.0,0.0,0.0
26.740774866000002,1790241606.1940582,-5.0,-5.0,0.0,0.0
26.757275572,1790241606.2106376,-5.0,-5.0,0.0,0.0
26.760669172,1790241606.2139788,-5.0,-5.0,0.0,0.0
26.777238368000003,1790241606.230475,-5.0,-5.0,0.0,0.0
26.779070246000003,1790241606.2322676,-5.0,-5.0,0.0,0.0
26.798046269,1790241606.2513564,-5.0,-5.0,0.0,0.0
26.800901951,1790241606.2541544,-5.0,-5.0,0.0,0.0
26.817242292000003,1790241606.2706242,-5.0,-5.0,0.0,0.0
26.820629798000002,1790241606.2739425,-5.0,-5.0,0.0,0.0
26.83732639,1790241606.2905657,-5.0,-5.0,0.0,0.0
26.839123737,1790241606.292331,-5.0,-5.0,0.0,0.0
26.856994862,1790241606.3102112,-5.0,-5.0,0.0,0.0
26.858525334000003,1790241606.3116767,-5.0,-5.0,0.0,0.0
26.879035995000002,1790241606.3323977,-5.0,-5.0,0.0,0.0
26.882693345000003,1790241606.336026,-5.0,-5.0,0.0,0.0
26.897905559,1790241606.351232,-5.0,-5.0,0.0,0.0
26.900657908000003,1790241606.3539243,-5.0,-5.0,0.0,0.0
26.917123874,1790241606.3703701,-5.0,-5.0,0.0,0.0
26.918870127,1790241606.3720458,-5.0,-5.0,0.0,0.0
26.938783391,1790241606.3921292,-5.0,-5.0,0.0,0.0
26.942088866000002,1790241606.395479,-5.0,-5.0,0.0,0.0
26.957007746000002,1790241606.4102473,-5.0,-5.0,0.0,0.0
26.958542905,1790241606.4116948,-5.0,-5.0,0.0,0.0
26.978681013000003,1790241606.4320579,-5.0,-5.0,0.0,0.0
26.981796904000003,1790241606.4350908,-5.0,-5.0,0.0,0.0
26.998487611,1790241606.4518151,-5.0,-5.0,0.0,0.0
27.001277668,1790241606.4545233,-5.0,-5.0,0.0,0.0
27.017578738,1790241606.470942,-5.0,-5.0,0.0,0.0
27.021252963000002,1790241606.474665,-5.0,-5.0,0.0,0.0
27.037104449,1790241606.4903426,-5.0,-5.0,0.0,0.0
27.038771431,1790241606.4919665,-5.0,-5.0,0.0,0.0
27.057060839000002,1790241606.5102932,-5.0,-5.0,0.0,0.0
27.058574175,1790241606.5117347,-5.0,-5.0,0.0,0.0
27.078729106,1790241606.532051,-5.0,-5.0,0.0,0.0
27.081843174000003,1790241606.5350993,-5.0,-5.0,0.0,0.0
27.09806414,1790241606.551372,-5.0,-5.0,0.0,0.0
27.100814145,1790241606.5540504,-5.0,-5.0,0.0,0.0
27.117164486,1790241606.5703993,-5.0,-5.0,0.0,0.0
27.118954854000002,1790241606.5721216,-5.0,-5.0,0.0,0.0
27.138564055000003,1790241606.591904,-5.0,-5.0,0.0,0.0
27.141687446000002,1790241606.5949671,-5.0,-5.0,0.0,0.0
27.158319871000003,1790241606.6116843,-5.0,-5.0,0.0,0.0
27.161433522000003,1790241606.6147368,-5.0,-5.0,0.0,0.0
27.177018966000002,1790241606.630255,-5.0,-5.0,0.0,0.0
27.178655011,1790241606.6318138,-5.0,-5.0,0.0,0.0
27.198579525000003,1790241606.6519134,-5.0,-5.0,0.0,0.0
27.201667916,1790241606.654924,-5.0,-5.0,0.0,0.0
27.217409766000003,1790241606.670751,-5.0,-5.0,0.0,0.0
27.220533678000002,1790241606.6738122,-5.0,-5.0,0.0,0.0
27.237186780000002,1790241606.6904292,-5.0,-5.0,0.0,0.0
27.238837564,1790241606.6920533,-5.0,-5.0,0.0,0.0
27.257043690000003,1790241606.7102644,-5.0,-5.0,0.0,0.0
27.258586922000003,1790241606.7117467,-5.0,-5.0,0.0,0.0
27.279077635,1790241606.7324574,-5.0,-5.0,0.0,0.0
27.282702068000003,1790241606.7359998,-5.0,-5.0,0.0,0.0
27.296882458000002,1790241606.7501054,-5.0,-5.0,0.0,0.0
27.298404492000003,1790241606.7515762,-5.0,-5.0,0.0,0.0
27.318527860000003,1790241606.7718496,-5.0,-5.0,0.0,0.0
27.321623751,1790241606.7749014,-5.0,-5.0,0.0,0.0
27.338111697000002,1790241606.7914379,-5.0,-5.0,0.0,0.0
27.341280713000003,1790241606.794542,-5.0,-5.0,0.0,0.0
27.357191522,1790241606.8105237,-5.0,-5.0,0.0,0.0
27.360547309,1790241606.8138216,-5.0,-5.0,0.0,0.0
27.377192964000002,1790241606.830429,-5.0,-5.0,0.0,0.0
27.379037863,1790241606.832333,-5.0,-5.0,0.0,0.0
27.397875292000002,1790241606.8512282,-5.0,-5.0,0.0,0.0
27.400405817000003,1790241606.853655,-5.0,-5.0,0.0,0.0
27.41842163,1790241606.8718,-5.0,-5.0,0.0,0.0
27.422150751,1790241606.8754516,-5.0,-5.0,0.0,0.0
27.437391611000002,1790241606.8906484,-5.0,-5.0,0.0,0.0
27.439106770000002,1790241606.892293,-5.0,-5.0,0.0,0.0
27.457016333000002,1790241606.9102674,-5.0,-5.0,0.0,0.0
27.458574044000002,1790241606.91173,-5.0,-5.0,0.0,0.0
27.478544235,1790241606.931943,-5.0,-5.0,0.0,0.0
27.481674137000002,1790241606.9350033,-5.0,-5.0,0.0,0.0
27.496929580000003,1790241606.9503067,-5.0,-5.0,0.0,0.0
27.500081773,1790241606.9533877,-5.0,-5.0,0.0,0.0
27.517211543000002,1790241606.9704604,-5.0,-5.0,0.0,0.0
27.518992744000002,1790241606.9721727,-5.0,-5.0,0.0,0.0
27.538376372000002,1790241606.9917154,-5.0,-5.0,0.0,0.0
27.541483513000003,1790241606.9947603,-5.0,-5.0,0.0,0.0
27.557102498000003,1790241607.0104432,-5.0,-5.0,0.0,0.0
27.560439535,1790241607.0137954,-5.0,-5.0,0.0,0.0
27.577226284,1790241607.0304608,-5.0,-5.0,0.0,0.0
27.578978683000003,1790241607.0321708,-5.0,-5.0,0.0,0.0
27.601246274,1790241607.0545275,1.5277777910232544,-1.5277777910232544,0.0,0.0
27.603451955,1790241607.056886,1.5277777910232544,-1.5277777910232544,0.0,0.0
27.618010939,1790241607.0713134,1.5277777910232544,-1.5277777910232544,0.0,0.0
27.620775996000003,1790241607.0740123,1.5277777910232544,-1.5277777910232544,0.0,0.0
27.637276129,1790241607.0905273,1.5277777910232544,-1.5277777910232544,0.0,0.0
27.638987538000002,1790241607.0921724,1.5277777910232544,-1.5277777910232544,0.0,0.0
27.657087622000002,1790241607.110356,1.5277777910232544,-1.5277777910232544,0.0,0.0
27.659146844000002,1790241607.112355,1.5277777910232544,-1.5277777910232544,0.14,-0.14
27.677659064,1790241607.1309333,1.5277777910232544,-1.5277777910232544,0.28,-0.28
27.68003261,1790241607.1332939,1.5277777910232544,-1.5277777910232544,0.421,-0.561
27.698584413000003,1790241607.1519165,1.5277777910232544,-1.5277777910232544,0.561,-0.982
27.701426033,1790241607.1546576,1.5277777910232544,-1.5277777910232544,0.701,-0.982
27.717328926,1790241607.1706607,1.5277777910232544,-1.5277777910232544,0.982,-0.701
27.720760598000002,1790241607.1740615,1.5277777910232544,-1.5277777910232544,1.402,-0.701
27.737254377000003,1790241607.1905704,1.5277777910232544,-1.5277777910232544,1.402,-0.701
27.739195474000002,1790241607.1923642,1.5277777910232544,-1.5277777910232544,1.402,-0.701
27.758558946,1790241607.2118561,1.5277777910232544,-1.5277777910232544,1.543,-0.841
27.761388899000004,1790241607.214679,1.5277777910232544,-1.5277777910232544,1.823,-0.561
27.777036791,1790241607.230379,1.5277777910232544,-1.5277777910232544,1.823,-0.561
27.780177682,1790241607.233469,1.5277777910232544,-1.5277777910232544,1.823,-0.421
27.797250576000003,1790241607.2505062,1.5277777910232544,-1.5277777910232544,1.823,-0.701
27.799110371,1790241607.2522771,1.5277777910232544,-1.5277777910232544,1.823,-0.561
27.818427436,1790241607.2717378,1.5277777910232544,-1.5277777910232544,1.823,-0.841
27.821248639,1790241607.2745194,1.5277777910232544,-1.5277777910232544,2.104,-0.841
27.83735549,1790241607.2906077,1.5277777910232544,-1.5277777910232544,2.244,-0.841
27.839211900000002,1790241607.2923882,1.5277777910232544,-1.5277777910232544,2.384,-0.982
27.857247296,1790241607.3105235,1.5277777910232544,-1.5277777910232544,2.524,-1.122
27.859275008,1790241607.312471,1.5277777910232544,-1.5277777910232544,2.384,-1.262
27.877700978,1790241607.3309891,1.5277777910232544,-1.5277777910232544,2.524,-1.402
27.880209993,1790241607.3334267,1.5277777910232544,-1.5277777910232544,2.384,-1.402
27.897886378000003,1790241607.351144,1.5277777910232544,-1.5277777910232544,2.384,-1.543
27.900192163000003,1790241607.3534105,1.5277777910232544,-1.5277777910232544,2.244,-1.683
27.919224853000003,1790241607.3726654,1.5277777910232544,-1.5277777910232544,2.384,-1.823
27.923140537000002,1790241607.3764741,1.5277777910232544,-1.5277777910232544,2.384,-1.823
27.937108061,1790241607.3903282,1.5277777910232544,-1.5277777910232544,2.384,-1.683
27.938717179,1790241607.3918684,1.5277777910232544,-1.5277777910232544,2.384,-1.683
27.958865548000002,1790241607.412189,1.5277777910232544,-1.5277777910232544,2.244,-1.543
27.96208972,1790241607.4153473,1.5277777910232544,-1.5277777910232544,2.104,-1.823
27.978566468,1790241607.4318724,1.5277777910232544,-1.5277777910232544,2.104,-1.823
27.981426629,1790241607.4347377,1.5277777910232544,-1.5277777910232544,1.963,-1.683
27.997583949000003,1790241607.4509525,1.5277777910232544,-1.5277777910232544,1.963,-1.402
28.000866611000003,1790241607.4541655,1.5277777910232544,-1.5277777910232544,1.823,-1.543
28.017366744,1790241607.4706244,1.5277777910232544,-1.5277777910232544,1.823,-1.262
28.019249508,1790241607.4724202,1.5277777910232544,-1.5277777910232544,1.683,-1.122
28.037597561000002,1790241607.49085,1.5277777910232544,-1.5277777910232544,1.683,-0.841
28.039740429000002,1790241607.4929698,1.5277777910232544,-1.5277777910232544,1.543,-0.701
28.057148220000002,1790241607.510375,1.5277777910232544,-1.5277777910232544,1.543,-0.561
28.058710150000003,1790241607.5118723,1.5277777910232544,-1.5277777910232544,1.543,-0.421
28.077710496,1790241607.530974,1.5277777910232544,-1.5277777910232544,1.402,-0.561
28.080122792,1790241607.5333571,1.5277777910232544,-1.5277777910232544,1.262,-0.421
28.098208865,1790241607.5515363,1.5277777910232544,-1.5277777910232544,0.982,-0.701
28.10104262,1790241607.5542767,1.5277777910232544,-1.5277777910232544,1.122,-0.841
28.118925829000002,1790241607.5723412,1.5277777910232544,-1.5277777910232544,1.122,-0.982
28.122815263000003,1790241607.576137,1.5277777910232544,-1.5277777910232544,1.122,-0.701
28.136980287,1790241607.590198,1.5277777910232544,-1.5277777910232544,1.262,-0.841
28.138572738,1790241607.5917256,1.5277777910232544,-1.5277777910232544,1.402,-0.701
28.158883868,1790241607.6122234,1.5277777910232544,-1.5277777910232544,1.262,-0.14
28.162006217000002,1790241607.6152923,1.5277777910232544,-1.5277777910232544,1.122,0.14
28.178104110000003,1790241607.6314301,1.5277777910232544,-1.5277777910232544,1.122,0.561
28.180817864,1790241607.6340804,1.5277777910232544,-1.5277777910232544,1.122,0.982
28.197204456,1790241607.650442,1.5277777910232544,-1.5277777910232544,0.982,1.122
28.199006907,1790241607.6521752,1.5277777910232544,-1.5277777910232544,0.982,1.262
28.218561316000002,1790241607.6718879,1.5277777910232544,-1.5277777910232544,0.982,1.402
28.22170127,1790241607.6749592,1.5277777910232544,-1.5277777910232544,0.982,1.402
28.237355464,1790241607.6905997,1.5277777910232544,-1.5277777910232544,0.982,1.543
28.239035571000002,1790241607.6922064,1.5277777910232544,-1.5277777910232544,0.841,1.683
28.257006436,1790241607.7102363,1.5277777910232544,-1.5277777910232544,0.982,1.543
28.258553991000003,1790241607.71172,1.5277777910232544,-1.5277777910232544,0.982,1.543
28.278393557,1790241607.731734,1.5277777910232544,-1.5277777910232544,1.122,1.823
28.281546010000003,1790241607.7348013,1.5277777910232544,-1.5277777910232544,1.122,1.823
28.298093122,1790241607.751432,1.5277777910232544,-1.5277777910232544,1.262,1.683
28.301205263000003,1790241607.7544792,1.5277777910232544,-1.5277777910232544,1.262,1.823
28.317029874000003,1790241607.7702823,1.5277777910232544,-1.5277777910232544,1.262,1.683
28.318720763,1790241607.7718837,1.5277777910232544,-1.5277777910232544,1.262,1.823
28.33894158,1790241607.7922664,1.5277777910232544,-1.5277777910232544,1.122,1.543
28.342041325,1790241607.7953193,1.5277777910232544,-1.5277777910232544,1.262,1.683
28.357756404000003,1790241607.8111274,1.5277777910232544,-1.5277777910232544,1.262,1.543
28.36050969,1790241607.8137414,1.5277777910232544,-1.5277777910232544,1.122,1.683
28.377196751000003,1790241607.8304539,1.5277777910232544,-1.5277777910232544,1.262,1.402
28.379033265,1790241607.832208,1.5277777910232544,-1.5277777910232544,1.262,1.543
28.398646007000004,1790241607.8519835,1.5277777910232544,-1.5277777910232544,1.262,1.402
28.401831221000002,1790241607.8551478,1.5277777910232544,-1.5277777910232544,1.402,1.543
28.416922237,1790241607.8701408,1.5277777910232544,-1.5277777910232544,1.543,1.543
28.418461823,1790241607.8716245,1.5277777910232544,-1.5277777910232544,1.683,1.823
28.438384358,1790241607.8917108,1.5277777910232544,-1.5277777910232544,1.683,1.683
28.441167749,1790241607.8944495,1.5277777910232544,-1.5277777910232544,1.683,1.823
28.456945537000003,1790241607.9101708,1.5277777910232544,-1.5277777910232544,1.543,1.683
28.458603769000003,1790241607.911812,1.5277777910232544,-1.5277777910232544,1.543,1.683
28.479087919,1790241607.9324758,1.5277777910232544,-1.5277777910232544,1.543,1.823
28.48277553,1790241607.9361064,1.5277777910232544,-1.5277777910232544,1.543,1.543
28.496891649000002,1790241607.9501107,1.5277777910232544,-1.5277777910232544,1.543,1.543
28.498464724,1790241607.9516158,1.5277777910232544,-1.5277777910232544,1.402,1.543
28.518670593000003,1790241607.9720109,1.5277777910232544,-1.5277777910232544,1.543,1.543
28.521798724000003,1790241607.9750583,1.5277777910232544,-1.5277777910232544,1.402,1.402
28.53714974,1790241607.990385,1.5277777910232544,-1.5277777910232544,1.402,1.402
28.538711826,1790241607.9918666,1.5277777910232544,-1.5277777910232544,1.543,1.402
28.558370819,1790241608.011664,1.5277777910232544,-1.5277777910232544,1.402,1.402
28.561147699000003,1790241608.0144076,1.5277777910232544,-1.5277777910232544,1.402,1.402
28.578592261,1790241608.0319023,1.5277777910232544,-1.5277777910232544,1.402,1.262
28.581472735000002,1790241608.0347662,1.5277777910232544,-1.5277777910232544,1.402,1.262
28.597542450000002,1790241608.0507905,1.5277777910232544,-1.5277777910232544,1.262,1.262
28.599544693000002,1790241608.0528493,1.5277777910232544,-1.5277777910232544,1.402,1.122
28.617574308000002,1790241608.0708668,1.5277777910232544,-1.5277777910232544,1.262,1.122
28.619754573,1790241608.0729835,1.5277777910232544,-1.5277777910232544,1.402,0.982
28.637385281,1790241608.0906353,1.5277777910232544,-1.5277777910232544,1.543,0.841
28.639176013,1790241608.0923638,1.5277777910232544,-1.5277777910232544,1.543,0.28
28.657513754000004,1790241608.1107693,1.5277777910232544,-1.5277777910232544,1.543,0.0
28.659392819,1790241608.1125638,1.5277777910232544,-1.5277777910232544,1.683,-0.14
28.677572539000003,1790241608.1308568,1.5277777910232544,-1.5277777910232544,1.683,0.0
28.680023533000004,1790241608.1333005,1.5277777910232544,-1.5277777910232544,1.543,-0.28
28.698654867000002,1790241608.1519492,1.5277777910232544,-1.5277777910232544,1.683,-0.28
28.701509039,1790241608.1547573,1.5277777910232544,-1.5277777910232544,1.543,-0.421
28.717359744000003,1790241608.1707244,1.5277777910232544,-1.5277777910232544,1.683,-0.28
28.720816938000002,1790241608.1741335,1.5277777910232544,-1.5277777910232544,1.402,-0.421
28.737268269,1790241608.1905155,1.5277777910232544,-1.5277777910232544,1.122,-0.561
28.739130147,1790241608.1923008,1.5277777910232544,-1.5277777910232544,1.122,-0.701
28.758858879,1790241608.2122037,1.5277777910232544,-1.5277777910232544,1.122,-0.841
28.762108052000002,1790241608.215374,1.5277777910232544,-1.5277777910232544,1.122,-0.841
28.776974536,1790241608.2302117,1.5277777910232544,-1.5277777910232544,1.122,-0.982
28.778585789,1790241608.2317398,1.5277777910232544,-1.5277777910232544,1.122,-0.982
28.798592387000003,1790241608.2519524,1.5277777910232544,-1.5277777910232544,1.122,-1.262
28.801863122,1790241608.2551317,1.5277777910232544,-1.5277777910232544,0.982,-1.402
28.817186430000003,1790241608.2705445,1.5277777910232544,-1.5277777910232544,0.982,-1.543
28.820677269,1790241608.2739708,1.5277777910232544,-1.5277777910232544,0.982,-1.683
28.837243288000003,1790241608.2904785,1.5277777910232544,-1.5277777910232544,0.982,-1.683
28.838969333,1790241608.2921505,1.5277777910232544,-1.5277777910232544,0.982,-1.823
28.860056192000002,1790241608.3132925,5.0,5.0,0.982,-1.963
28.861696247,1790241608.314854,5.0,5.0,0.841,-1.963
28.878577527,1790241608.3319218,5.0,5.0,0.841,-2.104
28.881818522000003,1790241608.3351095,5.0,5.0,0.841,-1.963
28.898308187,1790241608.3516514,5.0,5.0,0.982,-1.963
28.90158939,1790241608.3548703,5.0,5.0,1.122,-1.963
28.917202022,1790241608.3705647,5.0,5.0,1.543,-1.262
28.920648747,1790241608.3739438,5.0,5.0,1.823,-0.701
28.937327578,1790241608.3905628,5.0,5.0,2.244,0.701
28.939113102,1790241608.392282,5.0,5.0,2.665,1.262
28.958798866000002,1790241608.4121442,5.0,5.0,2.805,1.823
28.961915955000002,1790241608.415179,5.0,5.0,3.085,2.244
28.976938637000003,1790241608.4301548,5.0,5.0,3.366,2.665
28.978469473,1790241608.4316218,5.0,5.0,4.067,3.226
28.998746592000003,1790241608.4520853,5.0,5.0,4.348,3.646
29.001962796,1790241608.455247,5.0,5.0,4.488,4.207
29.018065636000003,1790241608.4713871,5.0,5.0,4.768,4.348
29.020789339,1790241608.4740415,5.0,5.0,5.049,4.488
29.037229993,1790241608.4904776,5.0,5.0,5.049,4.768
29.038970048000003,1790241608.4921868,5.0,5.0,5.049,4.909
29.057051486000002,1790241608.510272,5.0,5.0,5.329,4.909
29.058619979000003,1790241608.5117726,5.0,5.0,5.47,5.049
29.078715066,1790241608.5320654,5.0,5.0,5.189,5.189
29.081827155000003,1790241608.5351295,5.0,5.0,5.329,5.049
29.097748485,1790241608.5510805,5.0,5.0,5.329,4.909
29.100482552000003,1790241608.55375,5.0,5.0,5.189,5.189
29.117347373,1790241608.5707037,5.0,5.0,5.189,5.049
29.120697015,1790241608.5739877,5.0,5.0,5.329,4.909
29.137223294,1790241608.5904725,5.0,5.0,5.049,4.909
29.139003609000003,1790241608.5921745,5.0,5.0,4.909,4.909
29.158217601,1790241608.611513,5.0,5.0,4.909,4.628
29.160938648000002,1790241608.6142328,5.0,5.0,4.768,4.488
29.178291491000003,1790241608.6316783,5.0,5.0,4.628,4.628
29.181409361,1790241608.6347752,5.0,5.0,4.768,4.348
29.198102932,1790241608.6514943,5.0,5.0,4.768,4.488
29.201315437,1790241608.6545906,5.0,5.0,4.488,4.348
29.217096038,1790241608.6704588,5.0,5.0,4.768,4.488
29.220432554000002,1790241608.6737435,5.0,5.0,4.488,4.207
29.237286021000003,1790241608.6905584,5.0,5.0,4.488,4.348
29.239099202000002,1790241608.692275,5.0,5.0,4.488,4.488
29.257054337000003,1790241608.7102728,5.0,5.0,4.628,4.488
29.258561892000003,1790241608.7117152,5.0,5.0,4.348,4.488
29.278871094000003,1790241608.7322524,5.0,5.0,4.488,4.628
29.282478549,1790241608.7358177,5.0,5.0,4.628,4.488
29.297097168,1790241608.750437,5.0,5.0,4.488,4.488
29.300049673,1790241608.7533014,5.0,5.0,4.348,4.628
29.317370276000002,1790241608.7706861,5.0,5.0,4.488,4.628
29.319369134000002,1790241608.7725756,5.0,5.0,4.488,4.628
29.338141980000003,1790241608.7914362,5.0,5.0,4.348,4.488
29.340856151,1790241608.7941024,5.0,5.0,4.488,4.628
29.357429982000003,1790241608.8107767,5.0,5.0,4.488,4.768
29.360772071000003,1790241608.8140678,5.0,5.0,4.488,4.628
29.384997322,1790241608.83826,5.0,5.0,4.348,4.628
29.386954669,1790241608.840137,5.0,5.0,4.488,4.768
29.388857746000003,1790241608.842077,5.0,5.0,4.628,4.768
29.396986145000003,1790241608.850207,5.0,5.0,4.207,4.488
29.418994205,1790241608.8723865,5.0,5.0,3.506,3.927
29.422711659,1790241608.8760607,5.0,5.0,3.085,3.085
29.437056112,1790241608.8902977,5.0,5.0,2.244,2.244
29.438673406000003,1790241608.8918357,5.0,5.0,1.823,1.823
29.457309428000002,1790241608.910567,5.0,5.0,1.402,1.543
29.459310005000003,1790241608.9127405,5.0,5.0,1.402,1.262
29.477032588,1790241608.9302716,5.0,5.0,1.122,0.982
29.478604830000002,1790241608.93178,5.0,5.0,0.982,0.982
29.498623459,1790241608.9520085,5.0,5.0,0.982,1.122
29.502051538000003,1790241608.9554462,5.0,5.0,1.262,1.402
29.516898908,1790241608.9701302,5.0,5.0,1.543,1.823
29.5184099,1790241608.9715648,5.0,5.0,1.823,1.963
29.546905263000003,1790241609.0001788,5.0,5.0,1.963,2.384
29.548816047000003,1790241609.0020077,5.0,5.0,2.244,2.665
29.550534852000002,1790241609.0037162,5.0,5.0,2.384,3.085
29.556927884,1790241609.0101507,5.0,5.0,2.665,3.506
29.578619589000002,1790241609.0319426,5.0,5.0,3.085,3.927
29.581468553,1790241609.0347419,5.0,5.0,3.366,4.067
29.597309622,1790241609.0506396,5.0,5.0,3.787,4.348
29.600653169,1790241609.0540104,5.0,5.0,3.787,4.488
29.617213824,1790241609.0704718,5.0,5.0,4.067,4.768
29.619083879,1790241609.0722558,5.0,5.0,4.488,4.768
29.640422041,1790241609.0937128,5.0,5.0,4.628,4.909
29.642529285000002,1790241609.0957732,5.0,5.0,4.628,5.189
29.657218269,1790241609.1104507,5.0,5.0,4.909,5.329
29.658766969000002,1790241609.1119184,5.0,5.0,5.049,5.189
29.677582159000004,1790241609.1308985,5.0,5.0,4.909,5.47
29.679900861,1790241609.133158,5.0,5.0,5.189,5.329
29.698205997000002,1790241609.1514919,5.0,5.0,5.189,5.47
29.700950585,1790241609.154168,5.0,5.0,5.329,5.47
29.717148426,1790241609.1703813,5.0,5.0,5.189,5.329
29.718793741000002,1790241609.1720247,5.0,5.0,5.329,5.47
29.739281173000002,1790241609.1927235,5.0,5.0,5.189,5.47
29.742899877000003,1790241609.1962519,5.0,5.0,5.189,5.189
29.757869122000002,1790241609.2112021,5.0,5.0,5.47,5.47
29.760616211000002,1790241609.2138937,5.0,5.0,5.47,5.61
29.777778272000003,1790241609.2311606,5.0,5.0,5.47,5.47
29.781452966000003,1790241609.2347941,5.0,5.0,5.61,5.47
29.796913618,1790241609.25016,5.0,5.0,5.329,5.329
29.798466173,1790241609.2516203,5.0,5.0,5.329,5.189
29.818421572000002,1790241609.2717967,5.0,5.0,5.329,5.329
29.821508817,1790241609.2748141,5.0,5.0,5.189,5.049
29.837025563,1790241609.2902534,5.0,5.0,5.329,5.189
29.838615566,1790241609.2917802,5.0,5.0,5.47,5.189
29.857379922000003,1790241609.3106008,5.0,5.0,5.189,5.189
29.859136123000003,1790241609.3123724,5.0,5.0,5.329,5.049
29.881298766,1790241609.3345375,5.0,5.0,5.189,5.189
29.882916477000002,1790241609.3360765,5.0,5.0,5.189,5.049
29.897706712,1790241609.350992,5.0,5.0,5.329,5.049
29.900155726,1790241609.353405,5.0,5.0,5.47,5.189
29.918186591,1790241609.3715718,5.0,5.0,4.768,5.189
29.92190566,1790241609.3752615,5.0,5.0,5.61,5.189
29.937024281000003,1790241609.390247,5.0,5.0,5.61,5.329
29.938568814000003,1790241609.391734,5.0,5.0,5.47,5.329
29.958570152000004,1790241609.4119222,5.0,5.0,5.61,5.329
29.96148724,1790241609.4147983,5.0,5.0,5.75,5.189
29.977361643000002,1790241609.4306335,5.0,5.0,5.47,5.47
29.979180552000003,1790241609.432354,5.0,5.0,5.61,5.189
29.999944078000002,1790241609.453364,5.0,5.0,5.61,5.47
30.003706898,1790241609.457028,5.0,5.0,5.61,5.47
30.016927233,1790241609.470166,5.0,5.0,5.75,5.329
30.018479684000003,1790241609.4716303,5.0,5.0,5.47,5.61
30.037840812000002,1790241609.491114,5.0,5.0,5.61,5.47
30.040084461000003,1790241609.4933515,5.0,5.0,5.75,5.329
30.057877878000003,1790241609.5111046,5.0,5.0,5.47,5.47
30.059392204,1790241609.5125444,5.0,5.0,5.61,5.61
30.079274374,1790241609.5327365,5.0,5.0,5.61,5.47
30.083015891000002,1790241609.5363078,5.0,5.0,5.47,5.47
30.096939144,1790241609.550181,5.0,5.0,5.47,5.47
30.098497428,1790241609.5516515,5.0,5.0,5.61,5.47
30.119014079000003,1790241609.572363,5.0,5.0,5.47,5.47
30.122203824000003,1790241609.575518,5.0,5.0,5.47,5.329
30.137149267,1790241609.5903783,5.0,5.0,5.75,5.329
30.138705832000003,1790241609.591878,5.0,5.0,5.47,5.47
30.159570661000004,1790241609.6129851,5.0,5.0,5.61,5.47
30.163149781,1790241609.6164625,5.0,5.0,5.61,5.329
30.176978556,1790241609.6302185,5.0,5.0,5.61,5.61
30.178526371,1790241609.631688,5.0,5.0,5.61,5.47
30.1984625,1790241609.651829,5.0,5.0,5.61,5.47
30.201591516,1790241609.6548917,5.0,5.0,5.61,5.61
30.217101387000003,1790241609.670459,5.0,5.0,5.47,5.47
30.220530559,1790241609.6738102,5.0,5.0,5.61,5.61
30.237364391000003,1790241609.690609,5.0,5.0,5.47,5.61
30.239161061,1790241609.6923594,5.0,5.0,5.47,5.47
30.257004425,1790241609.7102313,5.0,5.0,5.47,5.61
30.258562397000002,1790241609.7117133,5.0,5.0,5.329,5.61
30.279910455000003,1790241609.7333734,5.0,5.0,5.47,5.47
30.283969368,1790241609.7374113,5.0,5.0,5.329,5.47
30.297802153000003,1790241609.7510293,1.5277777910232544,-1.5277777910232544,5.47,5.61
30.299348823000003,1790241609.7525065,1.5277777910232544,-1.5277777910232544,5.47,5.329
30.317624480000003,1790241609.770914,1.5277777910232544,-1.5277777910232544,5.329,5.47
30.320101307,1790241609.7733808,1.5277777910232544,-1.5277777910232544,5.189,5.189
30.338176911,1790241609.791477,1.5277777910232544,-1.5277777910232544,5.049,4.488
30.340923687000004,1790241609.7941632,1.5277777910232544,-1.5277777910232544,4.768,3.927
30.358765541,1790241609.8122027,1.5277777910232544,-1.5277777910232544,4.348,2.665
30.362519298000002,1790241609.8158352,1.5277777910232544,-1.5277777910232544,3.927,1.963
30.376973959,1790241609.8301973,1.5277777910232544,-1.5277777910232544,3.506,0.982
30.37852292,1790241609.8316784,1.5277777910232544,-1.5277777910232544,3.226,0.14
30.398809882000002,1790241609.8521364,1.5277777910232544,-1.5277777910232544,3.085,-0.28
30.401957128000003,1790241609.8552644,1.5277777910232544,-1.5277777910232544,2.805,0.0
30.417537936000002,1790241609.8708997,1.5277777910232544,-1.5277777910232544,2.524,-0.14
30.420768202,1790241609.8740675,1.5277777910232544,-1.5277777910232544,2.104,-0.421
30.437243127000002,1790241609.8904898,1.5277777910232544,-1.5277777910232544,1.823,-0.28
30.438991359000003,1790241609.8921638,1.5277777910232544,-1.5277777910232544,1.402,-0.28
30.457443892,1790241609.9107258,1.5277777910232544,-1.5277777910232544,1.262,-0.561
30.459315041000004,1790241609.912529,1.5277777910232544,-1.5277777910232544,0.982,-0.561
30.47802924,1790241609.9313824,-5.0,-5.0,1.262,-0.561
30.480361223000003,1790241609.9335768,-5.0,-5.0,1.122,-0.421
30.497441045000002,1790241609.9507155,-5.0,-5.0,1.262,-0.561
30.499469070000004,1790241609.9528863,-5.0,-5.0,1.122,-0.701
30.518351498,1790241609.971678,-5.0,-5.0,0.421,-0.982
30.5213289,1790241609.9745767,-5.0,-5.0,-0.14,-1.683
30.538609503000004,1790241609.9920137,-5.0,-5.0,-0.982,-1.963
30.542042530000003,1790241609.995325,-5.0,-5.0,-1.122,-2.524
30.557051306,1790241610.010272,-5.0,-5.0,-1.262,-2.945
30.558689382,1790241610.0118535,-5.0,-5.0,-1.823,-3.085
30.578808896,1790241610.0321395,-5.0,-5.0,-2.384,-3.226
30.582198173000002,1790241610.0354645,-5.0,-5.0,-2.244,-3.506
30.597646013000002,1790241610.0509949,-5.0,-5.0,-2.384,-3.787
30.601009039,1790241610.054328,-5.0,-5.0,-2.665,-4.067
30.617367141000003,1790241610.0706234,-5.0,-5.0,-2.945,-4.067
30.619296519000002,1790241610.0724647,-5.0,-5.0,-3.226,-4.348
30.638198896000002,1790241610.0915186,-5.0,-5.0,-3.366,-4.488
30.640930516,1790241610.0941854,-5.0,-5.0,-3.366,-4.488
30.657217002000003,1790241610.1104436,-5.0,-5.0,-3.506,-4.628
30.658876745,1790241610.1120296,-5.0,-5.0,-3.787,-4.768
30.677739591,1790241610.131027,-5.0,-5.0,-3.927,-4.768
30.680160272000002,1790241610.1333864,-5.0,-5.0,-3.927,-4.909
30.698025147000003,1790241610.151333,-5.0,-5.0,-3.787,-4.909
30.700657235,1790241610.153867,-5.0,-5.0,-3.927,-4.909
30.719116851000003,1790241610.1725163,-5.0,-5.0,-4.207,-5.049
30.72303592,1790241610.176328,-5.0,-5.0,-4.207,-5.189
30.737021674,1790241610.1902616,-5.0,-5.0,-4.207,-5.189
30.73869777,1790241610.1918552,-5.0,-5.0,-4.348,-5.189
30.758953483000003,1790241610.212281,-5.0,-5.0,-4.488,-5.329
30.762275624,1790241610.2155323,-5.0,-5.0,-4.488,-5.329
30.778498517000003,1790241610.2317958,-5.0,-5.0,-4.628,-5.189
30.781458158000003,1790241610.2347088,-5.0,-5.0,-4.768,-5.47
30.797340269000003,1790241610.250703,-5.0,-5.0,-4.768,-5.329
30.801054911,1790241610.2543418,-5.0,-5.0,-4.628,-5.47
30.817333012000002,1790241610.270563,-5.0,-5.0,-5.049,-5.329
30.819266558000002,1790241610.2724314,-5.0,-5.0,-5.189,-5.329
30.838246018000003,1790241610.2915356,-5.0,-5.0,-4.768,-5.47
30.841027794000002,1790241610.294297,-5.0,-5.0,-5.189,-5.329
30.857158916000003,1790241610.3104434,-5.0,-5.0,-5.61,-5.329
30.859013919000002,1790241610.3121943,-5.0,-5.0,-4.768,-5.47
30.878310099000004,1790241610.3316836,-5.0,-5.0,-5.189,-5.189
30.881756250000002,1790241610.335037,-5.0,-5.0,-6.031,-5.47
30.897267319,1790241610.350499,-5.0,-5.0,-5.049,-5.189
30.898936072,1790241610.3520973,-5.0,-5.0,-4.768,-5.329
30.918957097000003,1790241610.3722758,-5.0,-5.0,-5.89,-5.329
30.922380280000002,1790241610.375676,-5.0,-5.0,-5.75,-5.47
30.938319735,1790241610.391654,-5.0,-5.0,-4.628,-5.47
30.941268959000002,1790241610.3945184,-5.0,-5.0,-5.61,-5.189
30.958317114000003,1790241610.411702,-5.0,-5.0,-6.031,-5.61
30.962243840000003,1790241610.4156246,-5.0,-5.0,-4.768,-5.47
30.977219595,1790241610.430449,-5.0,-5.0,-5.189,-5.189
30.978885275000003,1790241610.4320598,-5.0,-5.0,-6.031,-5.049
30.998667393,1790241610.4519844,-5.0,-5.0,-5.61,-5.329
31.001683336000003,1790241610.4549687,-5.0,-5.0,-4.067,-4.909
31.018574407000003,1790241610.4719284,-5.0,-5.0,-4.067,-3.927
31.022038528000003,1790241610.47534,-5.0,-5.0,-3.787,-3.226
31.037289336,1790241610.4905152,-5.0,-5.0,-2.244,-1.543
31.039017568000002,1790241610.4922156,-5.0,-5.0,-0.14,-0.421
31.057021870000003,1790241610.5102408,-5.0,-5.0,0.28,0.28
31.058556456,1790241610.5117316,-5.0,-5.0,0.561,0.701
31.078777533,1790241610.5321398,-5.0,-5.0,0.982,0.982
31.081904310000002,1790241610.5352004,-5.0,-5.0,1.122,1.122
31.096969388,1790241610.5501878,-5.0,-5.0,1.122,1.402
31.098514339,1790241610.551667,-5.0,-5.0,1.262,1.543
31.118507186000002,1790241610.571877,-5.0,-5.0,1.402,1.543
31.121632921000003,1790241610.5749378,-5.0,-5.0,1.402,1.683
31.137107636000003,1790241610.590489,-5.0,-5.0,1.402,1.823
31.140365298000003,1790241610.593704,-5.0,-5.0,1.683,1.823
31.157251942000002,1790241610.6104908,-5.0,-5.0,1.683,1.823
31.159037987,1790241610.61222,-5.0,-5.0,1.543,1.963
31.178394844000003,1790241610.6318629,-5.0,-5.0,1.823,1.963
31.181702974,1790241610.6350288,-5.0,-5.0,1.683,1.963
31.196963887000003,1790241610.650316,-5.0,-5.0,1.683,2.104
31.200108892000003,1790241610.6533995,-5.0,-5.0,1.683,2.104
31.217210745000003,1790241610.6704452,-5.0,-5.0,1.683,2.104
31.218974029,1790241610.672163,-5.0,-5.0,1.543,1.963
31.237949115000003,1790241610.6912506,-5.0,-5.0,1.683,1.963
31.240439327,1790241610.6937397,-5.0,-5.0,1.683,1.963
31.256966752,1790241610.7101805,-5.0,-5.0,1.683,1.823
31.258525036,1790241610.7116835,-5.0,-5.0,1.683,1.963
31.279016270000003,1790241610.7323956,-5.0,-5.0,1.683,1.963
31.282621693000003,1790241610.7359493,-5.0,-5.0,1.683,1.963
31.296893437,1790241610.7501218,-5.0,-5.0,1.683,1.963
31.298438700000002,1790241610.7515907,-5.0,-5.0,1.823,1.963
31.318826548,1790241610.7721484,-5.0,-5.0,1.683,1.823
31.321927127000002,1790241610.7752032,-5.0,-5.0,1.823,1.963
31.338175957,1790241610.7915037,-5.0,-5.0,1.823,1.963
31.341195129000003,1790241610.7944744,-5.0,-5.0,1.823,1.963
31.357115053,1790241610.8104644,-5.0,-5.0,1.683,1.823
31.360474069000002,1790241610.8138044,-5.0,-5.0,1.683,1.823
31.377220453000003,1790241610.8304803,-5.0,-5.0,1.823,1.823
31.378998581,1790241610.8321872,-5.0,-5.0,1.683,1.823
31.398775699,1790241610.85214,-5.0,-5.0,1.683,1.823
31.40190284,1790241610.8552155,-5.0,-5.0,1.683,1.683
31.416881668000002,1790241610.8701108,-5.0,-5.0,1.683,1.823
31.418415577,1790241610.8715663,-5.0,-5.0,1.683,1.683
31.438075403000003,1790241610.8913581,-5.0,-5.0,1.683,1.683
31.440659210000003,1790241610.8939242,-5.0,-5.0,1.683,1.683
31.457053197,1790241610.9102762,-5.0,-5.0,1.543,1.543
31.458724137,1790241610.9119267,-5.0,-5.0,1.543,1.683
31.477810265000002,1790241610.931157,-5.0,-5.0,1.683,1.683
31.480970687000003,1790241610.9342291,-5.0,-5.0,1.543,1.683
31.497274882000003,1790241610.9505692,-5.0,-5.0,1.402,1.402
31.499105875,1790241610.9522753,-5.0,-5.0,1.543,1.543
31.518248460000002,1790241610.9715376,-5.0,-5.0,1.402,1.402
31.520977736000003,1790241610.9742165,-5.0,-5.0,1.543,1.402
31.538434538,1790241610.9918454,-5.0,-5.0,1.543,1.402
31.541578189000003,1790241610.994915,-5.0,-5.0,1.543,1.402
31.558330614000003,1790241611.0116916,-5.0,-5.0,1.543,1.543
31.561515307,1790241611.0147886,-5.0,-5.0,1.543,1.402
31.577246741000003,1790241611.0305755,-5.0,-5.0,1.262,1.402
31.580581591,1790241611.033865,-5.0,-5.0,1.262,1.262
31.597143182000003,1790241611.0504062,-5.0,-5.0,1.262,1.122
31.598945269,1790241611.0521152,-5.0,-5.0,1.122,1.262
31.618747803,1790241611.0721285,-5.0,-5.0,0.982,1.262
31.621906871,1790241611.0751836,-5.0,-5.0,0.982,1.122
31.637038148000002,1790241611.090264,-5.0,-5.0,0.982,1.122
31.638616276,1790241611.0918076,-5.0,-5.0,0.701,0.982
31.65700537,1790241611.1102316,-5.0,-5.0,0.841,0.982
31.658563446000002,1790241611.111726,-5.0,-5.0,0.841,0.982
31.678753117000003,1790241611.1321201,-5.0,-5.0,0.982,0.982
31.682002341,1790241611.135296,-5.0,-5.0,0.841,0.841
31.696921013,1790241611.1501393,-5.0,-5.0,0.701,0.421
31.698458308000003,1790241611.1516204,-5.0,-5.0,0.561,0.28
31.718638864000003,1790241611.17201,-5.0,-5.0,0.28,0.28
31.721768036,1790241611.1750703,-5.0,-5.0,0.14,0.28
31.738002596,1790241611.1913412,-5.0,-5.0,0.0,0.14
31.740727913,1790241611.1939595,-5.0,-5.0,0.14,0.0
31.757209817000003,1790241611.2104483,-5.0,-5.0,0.0,0.0
31.759015185000003,1790241611.2121842,-5.0,-5.0,0.14,0.0
31.778496208000004,1790241611.2318616,-5.0,-5.0,0.14,0.0
31.781591943000002,1790241611.2348835,-5.0,-5.0,0.0,0.0
31.798171816000004,1790241611.2515204,-5.0,-5.0,0.0,0.0
31.801292134,1790241611.2545674,-5.0,-5.0,0.0,0.0
31.817132578000002,1790241611.270508,-5.0,-5.0,0.0,0.0
31.820492011000002,1790241611.2737703,-5.0,-5.0,0.0,0.0
31.837125842000003,1790241611.2903717,-5.0,-5.0,0.0,0.0
31.838813241,1790241611.291983,-5.0,-5.0,0.0,0.0
31.857057388,1790241611.3102734,-5.0,-5.0,0.0,0.0
31.858581140000002,1790241611.3117337,-5.0,-5.0,0.0,0.0
31.878897895,1790241611.3322568,-5.0,-5.0,0.0,0.0
31.882542693,1790241611.3358665,-5.0,-5.0,0.0,0.0
31.897005479,1790241611.3503418,-5.0,-5.0,0.0,0.0
31.899948713,1790241611.3531966,-5.0,-5.0,0.0,0.0
31.917409525000004,1790241611.3706677,-5.0,-5.0,0.0,0.0
31.919383591000003,1790241611.3725607,-5.0,-5.0,0.0,0.0
31.938206801000003,1790241611.3915052,-5.0,-5.0,0.0,0.0
31.940935504000002,1790241611.3941681,-5.0,-5.0,0.0,0.0
31.957175688000003,1790241611.4105866,-5.0,-5.0,0.0,0.0
31.960586423000002,1790241611.4138842,-5.0,-5.0,0.0,0.0
31.977230724,1790241611.4304676,-5.0,-5.0,0.0,0.0
31.978974893000004,1790241611.4321425,-5.0,-5.0,0.0,0.0
31.998061489,1790241611.4513733,-5.0,-5.0,0.0,0.0
32.00052566,1790241611.453749,-5.0,-5.0,0.0,0.0
32.019212724,1790241611.4726813,-5.0,-5.0,0.0,0.0
32.022825543,1790241611.4761393,-5.0,-5.0,0.0,0.0
32.037096349,1790241611.4903193,-5.0,-5.0,0.0,0.0
32.038643696,1790241611.4918084,-5.0,-5.0,0.0,0.0
32.057155447,1790241611.5104465,-5.0,-5.0,0.0,0.0
32.059294357,1790241611.5125163,-5.0,-5.0,0.0,0.0
32.077657931000005,1790241611.5309489,-5.0,-5.0,0.0,0.0
32.080050279000005,1790241611.5332804,-5.0,-5.0,0.0,0.0
32.098367707,1790241611.5516808,-5.0,-5.0,0.0,0.0
32.101125055000004,1790241611.5543942,-5.0,-5.0,0.0,0.0
32.117158,1790241611.570438,-5.0,-5.0,0.0,0.0
32.119418994,1790241611.5726209,-5.0,-5.0,0.0,0.0
32.138454392,1790241611.5917542,-5.0,-5.0,0.0,0.0
32.141147053000005,1790241611.5944326,-5.0,-5.0,0.0,0.0
32.157255414000005,1790241611.6105115,-5.0,-5.0,0.0,0.0
32.159081407,1790241611.6122541,-5.0,-5.0,0.0,0.0
32.178551181,1790241611.6319244,-5.0,-5.0,0.0,0.0
32.181675978,1790241611.6349747,-5.0,-5.0,0.0,0.0
32.19735413,1790241611.6507242,-5.0,-5.0,0.0,0.0
32.200520386,1790241611.6538184,-5.0,-5.0,0.0,0.0
32.217273905,1790241611.6705217,-5.0,-5.0,0.0,0.0
32.219044637,1790241611.67222,-5.0,-5.0,0.0,0.0
32.237647482,1790241611.6909287,-5.0,-5.0,0.0,0.0
32.239837746,1790241611.6930537,-5.0,-5.0,0.0,0.0
32.257061943000004,1790241611.7102687,-5.0,-5.0,0.0,0.0
32.258573925,1790241611.7117352,-5.0,-5.0,0.0,0.0
32.278959534,1790241611.7323809,-5.0,-5.0,0.0,0.0
32.282638967000004,1790241611.735947,-5.0,-5.0,0.0,0.0
32.296891336,1790241611.7501192,-5.0,-5.0,0.0,0.0
32.298483214,1790241611.7516356,-5.0,-5.0,-0.14,0.0
32.318917208,1790241611.7722557,-5.0,-5.0,0.0,0.0
32.322038151,1790241611.7752972,-5.0,-5.0,0.0,0.0
32.336927865,1790241611.7901423,-5.0,-5.0,0.0,0.0
32.338449169,1790241611.7916002,-5.0,-5.0,0.0,0.0
32.358496131,1790241611.811861,-5.0,-5.0,0.0,0.0
32.361615616,1790241611.8149202,-5.0,-5.0,0.0,0.0
32.37736481,1790241611.830758,-5.0,-5.0,0.0,0.0
32.380559972,1790241611.833867,-5.0,-5.0,0.0,0.0
32.397207918,1790241611.8504574,-5.0,-5.0,0.0,0.0
32.399027817000004,1790241611.8521996,-5.0,-5.0,0.0,0.0
32.418193007,1790241611.871488,-5.0,-5.0,0.0,0.0
32.42088921,1790241611.8741193,-5.0,-5.0,0.0,0.0
32.437376791000005,1790241611.8906217,-5.0,-5.0,0.0,0.0
32.439037262,1790241611.8922048,-5.0,-5.0,0.0,0.0
32.457297294,1790241611.910559,-5.0,-5.0,0.0,0.0
32.459425215,1790241611.91262,-5.0,-5.0,0.0,0.0
32.477466288,1790241611.9307523,-5.0,-5.0,0.0,0.0
32.479410666,1790241611.9325979,-5.0,-5.0,0.0,0.0
32.498175856,1790241611.9515193,-5.0,-5.0,0.0,0.0
32.500893933,1790241611.9541426,-5.0,-5.0,0.0,0.0
32.518727402,1790241611.9721322,-5.0,-5.0,0.0,0.0
32.522351471,1790241611.9756625,-5.0,-5.0,0.0,0.0
32.536875403,1790241611.9900882,-5.0,-5.0,0.0,0.0
32.538430509,1790241611.991587,-5.0,-5.0,0.0,0.0
32.558839816,1790241612.0121844,-5.0,-5.0,0.0,0.0
32.561970551,1790241612.0152483,-5.0,-5.0,0.0,0.0
32.577182140000005,1790241612.0304065,-5.0,-5.0,0.0,0.0
32.57870907,1790241612.0318608,-5.0,-5.0,0.0,0.0
32.598426969,1790241612.0517402,-5.0,-5.0,0.0,0.0
32.601135099000004,1790241612.0543807,-5.0,-5.0,0.0,0.0
32.618455077,1790241612.0717978,-5.0,-5.0,0.0,0.0
32.621573155,1790241612.0748327,-5.0,-5.0,0.0,0.0
32.637109380000005,1790241612.0903664,-5.0,-5.0,0.0,0.0
32.638806727,1790241612.0919871,-5.0,-5.0,0.0,0.0
32.657208530000005,1790241612.1104558,-5.0,-5.0,0.0,0.0
32.659274627,1790241612.1124868,-5.0,-5.0,0.0,0.0
32.677611483,1790241612.1308835,-5.0,-5.0,0.0,0.0
32.679980393,1790241612.1331966,-5.0,-5.0,0.0,0.0
32.698032456,1790241612.1513228,-5.0,-5.0,0.0,0.0
32.700460793000005,1790241612.1536973,-5.0,-5.0,0.0,0.0
32.718249106,1790241612.1715786,-5.0,-5.0,0.0,0.0
32.721019371000004,1790241612.174268,-5.0,-5.0,0.0,0.0
32.738390704000004,1790241612.1917174,-5.0,-5.0,0.0,0.0
32.741521542,1790241612.194781,-5.0,-5.0,0.0,0.14
32.757195632000006,1790241612.2105434,-5.0,-5.0,0.0,0.14
32.760558138,1790241612.2138374,-5.0,-5.0,0.0,0.14
32.777155355000005,1790241612.2303927,-5.0,-5.0,0.0,0.0
32.7789364,1790241612.2321064,-5.0,-5.0,0.0,0.0
32.798746278,1790241612.2520902,-5.0,-5.0,0.0,0.0
32.801875242,1790241612.2551496,-5.0,-5.0,0.0,0.0
32.817019383,1790241612.2702427,-5.0,-5.0,0.0,0.14
32.818568344,1790241612.2717183,-5.0,-5.0,0.0,0.0
32.837947128,1790241612.2912264,-5.0,-5.0,0.0,0.14
32.840379320000004,1790241612.2936094,-5.0,-5.0,0.0,0.28
32.857061537,1790241612.310282,-5.0,-5.0,0.0,0.28
32.858570654000005,1790241612.3117325,-5.0,-5.0,0.0,0.421
32.879043606,1790241612.332419,-5.0,-5.0,0.0,0.28
32.882647831,1790241612.3359592,-5.0,-5.0,0.14,0.421
32.896890617000004,1790241612.3501182,-5.0,-5.0,0.28,0.561
32.898423380000004,1790241612.3515964,-5.0,-5.0,0.421,0.561
32.918713572,1790241612.3720744,-5.0,-5.0,0.561,0.701
32.9218654,1790241612.3751428,-5.0,-5.0,0.561,0.561
32.937064593,1790241612.390292,-5.0,-5.0,0.561,0.701
32.938610638,1790241612.391763,-5.0,-5.0,0.561,0.701
32.958434006000005,1790241612.4117362,-5.0,-5.0,0.561,0.561
32.961153959,1790241612.414413,-5.0,-5.0,0.561,0.841
32.978454978,1790241612.4318,-5.0,-5.0,0.561,0.841
32.981551651000004,1790241612.434828,-5.0,-5.0,0.841,0.982
32.998257721,1790241612.4515967,-5.0,-5.0,0.841,0.982
33.001473925,1790241612.4547713,-5.0,-5.0,0.841,0.982
33.01693015,1790241612.4701486,-5.0,-5.0,0.982,1.122
33.018466871,1790241612.4716287,-5.0,-5.0,0.841,0.841
33.037981281,1790241612.4912739,-5.0,-5.0,0.841,0.982
33.040484202,1790241612.493753,-5.0,-5.0,0.982,0.841
33.057071106,1790241612.5102801,-5.0,-5.0,0.982,0.982
33.058589546,1790241612.5117424,-5.0,-5.0,1.122,0.982
33.078843019000004,1790241612.532227,-5.0,-5.0,1.262,1.122
33.082547088000005,1790241612.5359442,-5.0,-5.0,1.262,1.262
33.097095551,1790241612.5503938,-5.0,-5.0,1.402,1.122
33.099986285,1790241612.5532687,-5.0,-5.0,1.122,1.262
33.118306838,1790241612.5716174,-5.0,-5.0,1.262,1.122
33.120750332,1790241612.5739622,-5.0,-5.0,1.122,1.262
33.137323955,1790241612.5905645,-5.0,-5.0,1.262,1.262
33.139076927000005,1790241612.5922549,-5.0,-5.0,1.122,1.262
33.158333054,1790241612.611688,-5.0,-5.0,1.262,1.402
33.161085767,1790241612.6143184,-5.0,-5.0,1.262,1.402
33.178368923,1790241612.6317146,-5.0,-5.0,1.122,1.402
33.181534761,1790241612.634816,-5.0,-5.0,1.262,1.262
33.197155674,1790241612.6504798,-5.0,-5.0,1.122,1.122
33.20047193,1790241612.6537886,-5.0,-5.0,1.122,1.262
33.217190501000005,1790241612.6704388,-5.0,-5.0,1.122,1.262
33.218975348,1790241612.6721704,-5.0,-5.0,1.262,1.402
33.237675329000005,1790241612.6909494,-5.0,-5.0,1.262,1.402
33.239862416,1790241612.6930802,-5.0,-5.0,1.122,1.402
33.257083904000005,1790241612.7102935,-5.0,-5.0,1.262,1.543
33.258889689,1790241612.7121642,-5.0,-5.0,1.262,1.402
33.277401909000005,1790241612.7306898,1.5277777910232544,-1.5277777910232544,1.262,1.543
33.279218005000004,1790241612.7323892,1.5277777910232544,-1.5277777910232544,1.262,1.402
33.298154757,1790241612.7515724,1.5277777910232544,-1.5277777910232544,1.262,1.543
33.301857681,1790241612.7552001,1.5277777910232544,-1.5277777910232544,1.262,1.402
33.316962655000005,1790241612.7701843,1.5277777910232544,-1.5277777910232544,1.543,1.122
33.31850396,1790241612.7716675,1.5277777910232544,-1.5277777910232544,1.683,0.701
33.338475297,1790241612.7918353,1.5277777910232544,-1.5277777910232544,1.683,0.28
33.341742855,1790241612.7950032,1.5277777910232544,-1.5277777910232544,1.963,-0.14
33.357500174,1790241612.8108454,1.5277777910232544,-1.5277777910232544,1.963,-0.14
33.360593929000004,1790241612.813888,1.5277777910232544,-1.5277777910232544,1.963,0.0
33.377216927,1790241612.830452,1.5277777910232544,-1.5277777910232544,1.823,0.0
33.378986982,1790241612.8321812,1.5277777910232544,-1.5277777910232544,1.823,0.0
33.398405975,1790241612.8518171,1.5277777910232544,-1.5277777910232544,1.683,0.0
33.401722856,1790241612.8550441,1.5277777910232544,-1.5277777910232544,1.683,0.0
33.417164081,1790241612.8705237,1.5277777910232544,-1.5277777910232544,1.683,0.0
33.420502055,1790241612.8738022,1.5277777910232544,-1.5277777910232544,1.543,0.0
33.437255939,1790241612.89051,1.5277777910232544,-1.5277777910232544,1.683,-0.14
33.438997608,1790241612.892169,1.5277777910232544,-1.5277777910232544,1.683,-0.14
33.457067328,1790241612.910286,1.5277777910232544,-1.5277777910232544,1.543,-0.28
33.458678372,1790241612.9118319,1.5277777910232544,-1.5277777910232544,1.402,-0.14
33.479000751,1790241612.9323654,1.5277777910232544,-1.5277777910232544,1.402,-0.14
33.482238882000004,1790241612.9355273,1.5277777910232544,-1.5277777910232544,1.402,-0.14
33.497010002,1790241612.9502378,1.5277777910232544,-1.5277777910232544,1.402,-0.561
33.498615213,1790241612.951766,1.5277777910232544,-1.5277777910232544,1.402,-0.701
33.518604519,1790241612.9719512,1.5277777910232544,-1.5277777910232544,1.543,-0.701
33.521837181,1790241612.9752345,1.5277777910232544,-1.5277777910232544,1.402,-1.122
33.537677052,1790241612.9909177,1.5277777910232544,-1.5277777910232544,1.402,-1.262
33.539394868,1790241612.992557,1.5277777910232544,-1.5277777910232544,1.543,-1.262
33.557873702,1790241613.0111659,1.5277777910232544,-1.5277777910232544,1.402,-1.402
33.560401207000005,1790241613.0136285,1.5277777910232544,-1.5277777910232544,1.402,-1.543
33.578246863000004,1790241613.0315657,1.5277777910232544,-1.5277777910232544,1.402,-1.683
33.581112597,1790241613.0343494,1.5277777910232544,-1.5277777910232544,1.402,-1.683
33.597487938,1790241613.0508516,1.5277777910232544,-1.5277777910232544,1.262,-1.683
33.600982319,1790241613.054294,1.5277777910232544,-1.5277777910232544,1.122,-1.683
33.617320473,1790241613.0705693,1.5277777910232544,-1.5277777910232544,1.122,-1.543
33.619154695,1790241613.0723455,1.5277777910232544,-1.5277777910232544,0.982,-1.543
33.637676029000005,1790241613.0909438,1.5277777910232544,-1.5277777910232544,1.122,-1.543
33.639757543,1790241613.093,1.5277777910232544,-1.5277777910232544,1.122,-1.543
33.657134709000005,1790241613.1103623,1.5277777910232544,-1.5277777910232544,1.262,-1.543
33.65874315,1790241613.1118991,1.5277777910232544,-1.5277777910232544,1.262,-1.683
33.679291623000005,1790241613.1327524,1.5277777910232544,-1.5277777910232544,1.262,-1.683
33.683079859,1790241613.13642,1.5277777910232544,-1.5277777910232544,1.122,-1.823
33.697025821000004,1790241613.150247,1.5277777910232544,-1.5277777910232544,1.262,-1.823
33.698747334000004,1790241613.151996,1.5277777910232544,-1.5277777910232544,1.262,-1.823
33.718386223,1790241613.1717782,1.5277777910232544,-1.5277777910232544,1.122,-1.823
33.72124654,1790241613.174496,1.5277777910232544,-1.5277777910232544,1.262,-1.683
33.738454956000005,1790241613.1917784,1.5277777910232544,-1.5277777910232544,1.122,-1.543
33.741702722,1790241613.1949663,1.5277777910232544,-1.5277777910232544,1.262,-1.402
33.756927384,1790241613.2101467,1.5277777910232544,-1.5277777910232544,1.402,-1.402
33.75854296,1790241613.2116985,1.5277777910232544,-1.5277777910232544,1.122,-1.543
33.779217788000004,1790241613.2325385,1.5277777910232544,-1.5277777910232544,1.262,-1.543
33.782542064000005,1790241613.2358994,1.5277777910232544,-1.5277777910232544,1.262,-1.683
33.797144434,1790241613.2503805,1.5277777910232544,-1.5277777910232544,1.402,-1.543
33.798777249000004,1790241613.2519433,1.5277777910232544,-1.5277777910232544,1.262,-1.683
33.818914316000004,1790241613.2723544,1.5277777910232544,-1.5277777910232544,1.122,-1.963
33.822809166,1790241613.2761416,1.5277777910232544,-1.5277777910232544,0.982,-1.823
33.837122837,1790241613.2903457,1.5277777910232544,-1.5277777910232544,0.982,-1.963
33.838743725,1790241613.2919219,1.5277777910232544,-1.5277777910232544,1.122,-1.823
33.85704058,1790241613.31026,1.5277777910232544,-1.5277777910232544,1.122,-2.104
33.858644437,1790241613.3118086,1.5277777910232544,-1.5277777910232544,0.982,-2.384
33.878931348,1790241613.33235,1.5277777910232544,-1.5277777910232544,0.982,-2.244
33.882243437,1790241613.335554,1.5277777910232544,-1.5277777910232544,1.262,-1.963
33.897136223000004,1790241613.3503675,1.5277777910232544,-1.5277777910232544,1.543,-1.823
33.898751122,1790241613.3519254,1.5277777910232544,-1.5277777910232544,1.402,-1.683
33.918893553000004,1790241613.3722353,1.5277777910232544,-1.5277777910232544,1.262,-2.104
33.922134965000005,1790241613.3754435,1.5277777910232544,-1.5277777910232544,1.122,-2.384
33.93846666,1790241613.3917952,1.5277777910232544,-1.5277777910232544,1.122,-2.384
33.941335207,1790241613.3945763,1.5277777910232544,-1.5277777910232544,1.402,-1.963
33.958496435,1790241613.4118557,1.5277777910232544,-1.5277777910232544,1.402,-1.963
33.962322588,1790241613.4156694,1.5277777910232544,-1.5277777910232544,1.402,-2.244
33.977414802000006,1790241613.4307775,1.5277777910232544,-1.5277777910232544,1.122,-2.244
33.980474286,1790241613.4337208,1.5277777910232544,-1.5277777910232544,0.982,-2.104
33.997346607000004,1790241613.450583,1.5277777910232544,-1.5277777910232544,1.402,-1.823
33.999178538,1790241613.4523728,1.5277777910232544,-1.5277777910232544,1.402,-1.543
34.018393155000005,1790241613.471692,1.5277777910232544,-1.5277777910232544,1.262,-1.543
34.021237378,1790241613.4744942,1.5277777910232544,-1.5277777910232544,1.402,-1.963
34.037162875,1790241613.4903998,1.5277777910232544,-1.5277777910232544,1.262,-2.384
34.038957514,1790241613.4921455,1.5277777910232544,-1.5277777910232544,1.122,-2.244
34.062005679,1790241613.5152745,1.5277777910232544,-1.5277777910232544,1.402,-1.963
34.064012818,1790241613.517201,1.5277777910232544,-1.5277777910232544,1.683,-1.683
34.077356227,1790241613.5305853,1.5277777910232544,-1.5277777910232544,1.683,-1.963
34.079058157,1790241613.53223,1.5277777910232544,-1.5277777910232544,1.402,-2.104
34.098606628,1790241613.5519807,1.5277777910232544,-1.5277777910232544,1.262,-2.384
34.101869134000005,1790241613.5551724,1.5277777910232544,-1.5277777910232544,1.402,-2.244
34.117343797000004,1790241613.5707183,1.5277777910232544,-1.5277777910232544,1.402,-2.244
34.120830626,1790241613.574126,1.5277777910232544,-1.5277777910232544,1.543,-2.244
34.137323155000004,1790241613.5905778,1.5277777910232544,-1.5277777910232544,1.402,-2.244
34.139172168,1790241613.592365,1.5277777910232544,-1.5277777910232544,1.402,-2.244
34.158282879000005,1790241613.6115963,1.5277777910232544,-1.5277777910232544,1.683,-2.524
34.161116425,1790241613.6143494,1.5277777910232544,-1.5277777910232544,1.683,-2.244
34.178316612,1790241613.6317177,1.5277777910232544,-1.5277777910232544,1.823,-2.244
34.181606149000004,1790241613.6348853,1.5277777910232544,-1.5277777910232544,1.823,-2.104
34.19761076,1790241613.65094,1.5277777910232544,-1.5277777910232544,1.963,-1.963
34.200880974,1790241613.6541808,1.5277777910232544,-1.5277777910232544,1.823,-2.104
34.217313295000004,1790241613.6705635,1.5277777910232544,-1.5277777910232544,1.823,-2.104
34.219172933,1790241613.672342,1.5277777910232544,-1.5277777910232544,1.683,-2.104
34.237594632000004,1790241613.690855,1.5277777910232544,-1.5277777910232544,1.823,-2.104
34.239627761,1790241613.6928308,1.5277777910232544,-1.5277777910232544,1.683,-1.963
34.257292323,1790241613.7105012,1.5277777910232544,-1.5277777910232544,1.823,-1.963
34.258876388000004,1790241613.7120268,1.5277777910232544,-1.5277777910232544,1.823,-1.683
34.277661942,1790241613.7309477,1.5277777910232544,-1.5277777910232544,1.683,-1.683
34.280155488000005,1790241613.7333727,1.5277777910232544,-1.5277777910232544,1.683,-1.683
34.298250364000005,1790241613.7515693,1.5277777910232544,-1.5277777910232544,1.543,-1.683
34.301101723,1790241613.7543347,1.5277777910232544,-1.5277777910232544,1.543,-1.543
34.318827483,1790241613.7721927,1.5277777910232544,-1.5277777910232544,1.543,-1.543
34.322694365000004,1790241613.7760026,1.5277777910232544,-1.5277777910232544,1.402,-1.402
34.337015796,1790241613.7902331,1.5277777910232544,-1.5277777910232544,1.402,-1.543
34.338648299,1790241613.7918043,1.5277777910232544,-1.5277777910232544,1.543,-1.402
34.358639428000004,1790241613.8119793,1.5277777910232544,-1.5277777910232544,1.402,-1.402
34.361865944,1790241613.8151257,1.5277777910232544,-1.5277777910232544,1.402,-1.262
34.377601544,1790241613.8309271,1.5277777910232544,-1.5277777910232544,1.543,-1.122
34.380878425,1790241613.8341823,1.5277777910232544,-1.5277777910232544,1.262,-1.262
34.397302568,1790241613.8505392,1.5277777910232544,-1.5277777910232544,1.262,-1.122
34.39916929,1790241613.8523512,1.5277777910232544,-1.5277777910232544,1.122,-0.982
34.418349272,1790241613.8716788,1.5277777910232544,-1.5277777910232544,1.122,-1.122
34.421183027000005,1790241613.8744147,1.5277777910232544,-1.5277777910232544,1.262,-1.122
34.437443993,1790241613.8906822,1.5277777910232544,-1.5277777910232544,1.122,-0.982
34.439299673,1790241613.892494,1.5277777910232544,-1.5277777910232544,1.122,-1.262
34.457294028,1790241613.9105303,1.5277777910232544,-1.5277777910232544,1.402,-1.262
34.459375333000004,1790241613.9125683,1.5277777910232544,-1.5277777910232544,1.262,-1.262
34.477546303000004,1790241613.9308043,1.5277777910232544,-1.5277777910232544,1.122,-1.262
34.479578702000005,1790241613.9329875,1.5277777910232544,-1.5277777910232544,1.543,-1.262
34.498551287000005,1790241613.9518645,1.5277777910232544,-1.5277777910232544,1.262,-1.262
34.501399574000004,1790241613.9546623,1.5277777910232544,-1.5277777910232544,1.122,-1.122
34.517244289000004,1790241613.9705672,1.5277777910232544,-1.5277777910232544,1.262,-1.402
34.520660753,1790241613.973933,1.5277777910232544,-1.5277777910232544,0.982,-1.122
34.537309480000005,1790241613.9906185,1.5277777910232544,-1.5277777910232544,1.262,-1.262
34.539564745,1790241613.9929118,1.5277777910232544,-1.5277777910232544,1.402,-1.262
34.558481965000006,1790241614.0117784,1.5277777910232544,-1.5277777910232544,1.262,-0.982
34.560992855,1790241614.0142238,1.5277777910232544,-1.5277777910232544,1.543,-1.262
34.577527884000006,1790241614.0307772,1.5277777910232544,-1.5277777910232544,1.543,-1.262
34.579383616,1790241614.0325751,1.5277777910232544,-1.5277777910232544,1.543,-1.262
34.598350264000004,1790241614.051667,1.5277777910232544,-1.5277777910232544,1.543,-1.262
34.601203915,1790241614.0544376,1.5277777910232544,-1.5277777910232544,1.122,-1.262
34.621201033000006,1790241614.074473,5.0,5.0,0.701,-0.982
34.623241922000005,1790241614.0764217,5.0,5.0,0.28,-0.561
34.637443822,1790241614.0906918,5.0,5.0,0.0,0.14
34.639124242,1790241614.0922935,5.0,5.0,0.0,0.421
34.657107711,1790241614.1103325,5.0,5.0,0.0,0.561
34.658635214,1790241614.1117897,5.0,5.0,0.14,0.701
34.678437123,1790241614.1318076,5.0,5.0,0.28,1.262
34.681564785,1790241614.1349092,5.0,5.0,0.561,1.823
34.696941426,1790241614.150324,5.0,5.0,1.122,2.805
34.700126953,1790241614.153434,5.0,5.0,1.963,3.226
34.717221879,1790241614.1704555,5.0,5.0,2.665,3.085
34.718985319000005,1790241614.1721692,5.0,5.0,3.226,3.506
34.738509885,1790241614.1918905,5.0,5.0,3.506,3.927
34.741671817000004,1790241614.194974,5.0,5.0,3.085,4.348
34.756963719000005,1790241614.2103102,5.0,5.0,3.506,4.067
34.760115808,1790241614.2133882,5.0,5.0,3.646,4.348
34.777226775,1790241614.230461,5.0,5.0,3.787,4.488
34.778998497,1790241614.2321956,5.0,5.0,4.348,4.909
34.79840025,1790241614.2517629,5.0,5.0,4.768,4.909
34.801622131,1790241614.2549207,5.0,5.0,4.628,4.909
34.817178199000004,1790241614.2705383,5.0,5.0,4.768,5.189
34.82056706,1790241614.2738583,5.0,5.0,5.189,5.189
34.837245995,1790241614.2904892,5.0,5.0,5.189,5.049
34.838910321,1790241614.292076,5.0,5.0,5.049,5.329
34.857025978,1790241614.3102455,5.0,5.0,5.329,5.049
34.858553220000005,1790241614.3117037,5.0,5.0,5.329,5.049
34.879011641000005,1790241614.3324125,5.0,5.0,5.329,5.189
34.882715762000004,1790241614.3360248,5.0,5.0,5.329,4.909
34.897872143,1790241614.3512044,5.0,5.0,5.329,4.909
34.900608502000004,1790241614.3538778,5.0,5.0,5.189,5.049
34.917194208000005,1790241614.3704338,5.0,5.0,5.47,4.768
34.918976607000005,1790241614.372145,5.0,5.0,5.329,4.768
34.938742162000004,1790241614.3921056,5.0,5.0,5.049,4.909
34.941885241,1790241614.39516,5.0,5.0,5.329,4.768
34.95817803,1790241614.4115381,5.0,5.0,5.329,4.768
34.961522723,1790241614.414814,5.0,5.0,4.909,4.768
34.977121448000005,1790241614.43052,5.0,5.0,5.049,4.628
34.980505569,1790241614.4337795,5.0,5.0,5.049,4.628
34.997213983,1790241614.4504719,5.0,5.0,5.049,4.488
34.999025132,1790241614.4521983,5.0,5.0,5.049,4.768
35.01827001,1790241614.4715831,5.0,5.0,5.049,4.488
35.020992619000005,1790241614.47423,5.0,5.0,4.909,4.628
35.037310512000005,1790241614.4905572,5.0,5.0,5.189,4.628
35.039138432,1790241614.4923146,5.0,5.0,4.909,4.628
35.057363255000006,1790241614.5106294,5.0,5.0,5.049,4.628
35.059052738000005,1790241614.5122144,5.0,5.0,4.768,4.768
35.077960948000005,1790241614.531265,5.0,5.0,4.768,4.909
35.080393400000005,1790241614.5336149,5.0,5.0,4.768,4.768
35.098861088,1790241614.5522423,5.0,5.0,4.909,4.768
35.102559793000005,1790241614.5559013,5.0,5.0,4.768,4.909
35.119939563,1790241614.573196,5.0,5.0,5.049,4.909
35.121802118000005,1790241614.574975,5.0,5.0,5.189,4.628
35.137413812000005,1790241614.5906856,5.0,5.0,5.189,4.488
35.139269961000004,1790241614.5924397,5.0,5.0,5.049,4.488
35.158364578000004,1790241614.6116796,5.0,5.0,5.049,4.207
35.161122343,1790241614.6143754,5.0,5.0,4.909,4.348
35.178284613,1790241614.6316795,5.0,5.0,4.768,4.488
35.181391598000005,1790241614.6347268,5.0,5.0,4.768,4.488
35.197460792,1790241614.6507823,5.0,5.0,4.768,4.628
35.200539183000004,1790241614.6537998,5.0,5.0,4.768,4.909
35.217327442000006,1790241614.670641,5.0,5.0,4.768,4.909
35.219672394,1790241614.6730626,5.0,5.0,4.909,5.049
35.237475446000005,1790241614.6907082,5.0,5.0,4.909,5.47
35.239068001,1790241614.6922312,5.0,5.0,4.768,5.47
35.257034907000005,1790241614.7102635,5.0,5.0,4.768,5.189
35.258594285,1790241614.711749,5.0,5.0,4.909,5.329
35.277221453,1790241614.7304919,5.0,5.0,4.628,5.47
35.278902862,1790241614.7320778,5.0,5.0,5.049,5.329
35.299114772,1790241614.7525008,5.0,5.0,5.049,5.329
35.302763685,1790241614.7561128,5.0,5.0,5.049,5.329
35.316920689,1790241614.7701464,5.0,5.0,5.329,5.329
35.318453452,1790241614.7716067,5.0,5.0,5.329,5.329
35.338615883,1790241614.791972,5.0,5.0,5.329,5.189
35.341720368000004,1790241614.7950199,5.0,5.0,5.329,5.049
35.356934561,1790241614.8101726,5.0,5.0,5.329,5.049
35.358491751,1790241614.8116446,5.0,5.0,5.329,4.909
35.378640537,1790241614.8320193,5.0,5.0,5.329,4.768
35.381776167000005,1790241614.835078,5.0,5.0,5.189,4.909
35.397979685,1790241614.85131,5.0,5.0,5.049,4.909
35.400719169000006,1790241614.8539515,5.0,5.0,5.189,4.768
35.418857638000006,1790241614.8722718,5.0,5.0,5.189,4.909
35.422551759,1790241614.8758788,5.0,5.0,5.049,4.909
35.437091733,1790241614.890335,5.0,5.0,5.049,5.049
35.438654548,1790241614.8918242,5.0,5.0,5.189,5.049
35.456975674,1790241614.9102006,5.0,5.0,5.049,5.329
35.458510676,1790241614.9116774,5.0,5.0,5.189,5.47
35.478854462,1790241614.932296,5.0,5.0,5.329,5.329
35.482544364,1790241614.9358532,5.0,5.0,5.049,5.61
35.496902150000004,1790241614.9501219,5.0,5.0,5.049,5.47
35.498437673000005,1790241614.9516146,5.0,5.0,5.189,5.329
35.518896459000004,1790241614.972268,5.0,5.0,5.049,5.61
35.522027402,1790241614.9753292,5.0,5.0,5.329,5.329
35.538097274,1790241614.9914293,5.0,5.0,5.47,5.47
35.540862748,1790241614.994129,5.0,5.0,5.329,5.47
35.557199964,1790241615.0104313,5.0,5.0,5.329,5.329
35.558977936000005,1790241615.0121615,5.0,5.0,5.47,5.329
35.578433907000004,1790241615.031797,5.0,5.0,5.329,5.329
35.581227506000005,1790241615.0344896,5.0,5.0,5.47,5.329
35.598255557,1790241615.0516355,5.0,5.0,5.61,5.47
35.601135978,1790241615.0544286,5.0,5.0,5.47,5.61
35.618773665,1790241615.072179,5.0,5.0,5.61,5.47
35.622449661000005,1790241615.0757635,5.0,5.0,5.61,5.47
35.637087604,1790241615.090312,5.0,5.0,5.329,5.47
35.638642086000004,1790241615.091804,5.0,5.0,5.47,5.329
35.657030243,1790241615.110287,5.0,5.0,5.47,5.47
35.658607277,1790241615.1117597,5.0,5.0,5.47,5.61
35.678492937,1790241615.1318533,5.0,5.0,5.47,5.329
35.681646119,1790241615.134966,5.0,5.0,5.329,5.47
35.697270417000006,1790241615.1505847,5.0,5.0,5.329,5.47
35.700050318,1790241615.1533046,5.0,5.0,5.329,5.47
35.717289254,1790241615.1705265,5.0,5.0,5.47,5.61
35.719066028,1790241615.1722355,5.0,5.0,5.329,5.75
35.738656063,1790241615.191974,5.0,5.0,5.329,5.61
35.741825391,1790241615.195121,5.0,5.0,5.189,5.61
35.756867813,1790241615.2100961,5.0,5.0,5.049,5.47
35.758399326,1790241615.2115524,5.0,5.0,5.049,5.47
35.778563008,1790241615.2318869,5.0,5.0,5.049,5.61
35.781668378,1790241615.2349267,5.0,5.0,5.049,5.61
35.798318875,1790241615.251711,5.0,5.0,5.189,5.75
35.801979767,1790241615.255365,5.0,5.0,4.909,5.47
35.817170158,1790241615.2703953,-5.0,-5.0,4.488,5.189
35.818719692,1790241615.2718835,-5.0,-5.0,4.067,4.628
35.838054257,1790241615.2913525,-5.0,-5.0,3.226,3.787
35.840470199,1790241615.2938473,-5.0,-5.0,2.384,3.085
35.857238822,1790241615.3104486,-5.0,-5.0,1.402,1.963
35.85876846,1790241615.3119218,-5.0,-5.0,0.701,0.982
35.877725369000004,1790241615.3310034,-5.0,-5.0,-0.28,-0.561
35.880276727,1790241615.3335066,-5.0,-5.0,-0.841,-1.122
35.898388530000005,1790241615.3517215,-5.0,-5.0,-1.823,-1.823
35.901344577,1790241615.3546126,-5.0,-5.0,-2.524,-2.244
35.918969816,1790241615.372382,-5.0,-5.0,-2.805,-2.945
35.922998625000005,1790241615.376353,-5.0,-5.0,-3.085,-3.226
35.937126462,1790241615.3903549,-5.0,-5.0,-3.366,-3.787
35.938783653,1790241615.391944,-5.0,-5.0,-3.506,-4.207
35.958657541,1790241615.4119558,-5.0,-5.0,-3.506,-4.207
35.961594474,1790241615.4148865,-5.0,-5.0,-3.927,-4.628
35.978644972000005,1790241615.4319913,-5.0,-5.0,-4.488,-4.768
35.982034509,1790241615.4353294,-5.0,-5.0,-4.488,-4.909
35.997353234,1790241615.450732,-5.0,-5.0,-4.207,-4.909
36.000874282000005,1790241615.454204,-5.0,-5.0,-4.348,-4.909
36.017363061000005,1790241615.4706123,-5.0,-5.0,-4.628,-4.909
36.01930796,1790241615.4724774,-5.0,-5.0,-4.628,-4.909
36.037876118,1790241615.4911578,-5.0,-5.0,-4.488,-4.909
36.040368205,1790241615.4936233,-5.0,-5.0,-4.488,-4.909
36.057235891000005,1790241615.5104415,-5.0,-5.0,-4.628,-4.768
36.058863654,1790241615.512015,-5.0,-5.0,-4.628,-4.909
36.078320615,1790241615.5316873,-5.0,-5.0,-4.628,-4.909
36.08167859,1790241615.5349698,-5.0,-5.0,-4.628,-4.768
36.097428982000004,1790241615.5507998,-5.0,-5.0,-4.488,-4.909
36.10105852,1790241615.5543334,-5.0,-5.0,-4.628,-4.909
36.117423496,1790241615.5706594,-5.0,-5.0,-4.628,-4.909
36.119359958000004,1790241615.5725322,-5.0,-5.0,-4.488,-5.049
36.138389002000004,1790241615.591693,-5.0,-5.0,-4.768,-5.049
36.141328434,1790241615.594563,-5.0,-5.0,-5.049,-5.049
36.158922111,1790241615.6123354,-5.0,-5.0,-4.488,-5.189
36.162862066,1790241615.6161718,-5.0,-5.0,-4.067,-5.049
36.177573445,1790241615.6309218,-5.0,-5.0,-4.348,-4.909
36.180577774,1790241615.6338463,-5.0,-5.0,-4.348,-4.909
36.197326293,1790241615.6505709,-5.0,-5.0,-4.348,-4.909
36.199272442,1790241615.6524441,-5.0,-5.0,-4.488,-4.909
36.218329558,1790241615.6716616,-5.0,-5.0,-5.189,-4.909
36.221272949,1790241615.6745412,-5.0,-5.0,-5.049,-5.049
36.237527613000005,1790241615.6907697,-5.0,-5.0,-4.909,-5.189
36.239644023000004,1790241615.6928492,-5.0,-5.0,-5.75,-4.909
36.257138376,1790241615.7103777,-5.0,-5.0,-6.031,-5.329
36.258817338,1790241615.711973,-5.0,-5.0,-4.628,-5.47
36.278966019,1790241615.7322936,-5.0,-5.0,-4.488,-5.189
36.282334202,1790241615.7356179,-5.0,-5.0,-5.47,-5.049
36.298315948,1790241615.7516272,-5.0,-5.0,-6.171,-4.768
36.301286787,1790241615.7545216,-5.0,-5.0,-4.768,-4.909
36.326508758,1790241615.7798007,-5.0,-5.0,-4.628,-4.768
36.328425064,1790241615.7816038,-5.0,-5.0,-5.61,-4.628
36.330031733000006,1790241615.7832196,-5.0,-5.0,-6.451,-4.488
36.337282110000004,1790241615.7905607,-5.0,-5.0,-4.628,-4.488
36.358086886,1790241615.8113737,-5.0,-5.0,-2.665,-3.506
36.360872412,1790241615.814128,-5.0,-5.0,-2.665,-2.384
36.378056869000005,1790241615.8313668,-5.0,-5.0,-1.823,-1.402
36.380691145,1790241615.83394,-5.0,-5.0,-1.262,-0.561
36.399059041,1790241615.8524418,-5.0,-5.0,-0.701,-0.28
36.402917434,1790241615.8562484,-5.0,-5.0,0.0,-0.14
36.418112356,1790241615.8714447,-5.0,-5.0,-0.28,0.0
36.421058715,1790241615.8743365,-5.0,-5.0,-0.28,-0.14
36.437300879000006,1790241615.890536,-5.0,-5.0,-0.701,-0.14
36.439146559,1790241615.8923419,-5.0,-5.0,-0.421,-0.421
36.457157164,1790241615.910381,-5.0,-5.0,-0.14,-0.701
36.458833625000004,1790241615.9119892,-5.0,-5.0,-1.122,-0.982
36.479784704000004,1790241615.9331822,-5.0,-5.0,-1.543,-1.543
36.484013044,1790241615.9375267,-5.0,-5.0,-1.683,-2.104
36.486635497,1790241615.9398289,-5.0,-5.0,-2.104,-2.665
36.497487391,1790241615.9507797,-5.0,-5.0,-3.085,-3.085
36.518087843,1790241615.9715052,-5.0,-5.0,-4.067,-3.506
36.521526547,1790241615.974804,-5.0,-5.0,-3.646,-3.927
36.537162200000004,1790241615.9903991,-5.0,-5.0,-3.506,-4.207
36.538969390000005,1790241615.992149,-5.0,-5.0,-4.628,-4.348
36.558770258,1790241616.0120978,-5.0,-5.0,-5.47,-4.628
36.56213016,1790241616.0154397,-5.0,-5.0,-3.927,-5.049
36.577238259000005,1790241616.0305755,-5.0,-5.0,-3.366,-4.909
36.580403057000005,1790241616.033691,-5.0,-5.0,-4.488,-5.049
36.597333295000006,1790241616.0505793,-5.0,-5.0,-5.47,-4.909
36.599261058,1790241616.0524318,-5.0,-5.0,-5.049,-5.189
36.618300727000005,1790241616.0716019,-5.0,-5.0,-4.067,-5.47
36.621255576,1790241616.0745096,-5.0,-5.0,-4.628,-5.189
36.637241489000004,1790241616.0904772,-5.0,-5.0,-5.47,-5.189
36.639035243,1790241616.092221,-5.0,-5.0,-6.031,-5.47
36.657172722000006,1790241616.110423,-5.0,-5.0,-4.909,-5.47
36.658856267000004,1790241616.1120093,-5.0,-5.0,-4.768,-5.61
36.678767135,1790241616.1321156,-5.0,-5.0,-5.47,-5.47
36.682156256,1790241616.1354594,-5.0,-5.0,-6.171,-5.329
36.697318261,1790241616.1506593,-5.0,-5.0,-5.61,-5.61
36.700542277000004,1790241616.1538239,-5.0,-5.0,-4.628,-5.75
36.717392880000006,1790241616.1706524,-5.0,-5.0,-5.189,-5.329
36.719331164,1790241616.1725101,-5.0,-5.0,-5.61,-5.47
36.738305729000004,1790241616.1916003,-5.0,-5.0,-5.049,-5.329
36.741241723,1790241616.1944888,-5.0,-5.0,-4.488,-5.329
36.757118626,1790241616.2104967,-5.0,-5.0,-4.909,-5.049
36.760517486000005,1790241616.2138236,-5.0,-5.0,-5.049,-5.049
36.777313505,1790241616.2305603,-5.0,-5.0,-4.909,-5.049
36.77922554,1790241616.2323945,-5.0,-5.0,-4.768,-5.049
36.798319688,1790241616.2516432,-5.0,-5.0,-4.909,-5.049
36.801270683000006,1790241616.254504,-5.0,-5.0,-5.049,-5.189
36.817383315,1790241616.27073,-5.0,-5.0,-4.768,-5.049
36.820949102,1790241616.274294,-5.0,-5.0,-4.628,-5.049
36.837474392000004,1790241616.2907143,-5.0,-5.0,-4.628,-5.049
36.839424239,1790241616.2926009,-5.0,-5.0,-4.768,-4.909
36.857091405000006,1790241616.3103044,-5.0,-5.0,-4.909,-5.049
36.858759117000005,1790241616.3119116,-5.0,-5.0,-4.067,-4.768
36.879493372,1790241616.3329268,-5.0,-5.0,-3.506,-3.787
36.883530149,1790241616.3368683,-5.0,-5.0,-2.805,-2.805
36.898197623,1790241616.3514757,-5.0,-5.0,-1.262,-1.963
36.900839398,1790241616.3540857,-5.0,-5.0,-0.28,-0.982
36.917318854,1790241616.3705575,-5.0,-5.0,0.0,-0.28
36.919101722,1790241616.372272,-5.0,-5.0,0.421,0.14
36.938263266,1790241616.391585,-5.0,-5.0,0.561,0.421
36.941010563,1790241616.3942413,-5.0,-5.0,0.561,0.701
36.958334447000006,1790241616.4116604,-5.0,-5.0,0.841,0.841
36.961409452000005,1790241616.414683,-5.0,-5.0,1.122,1.122
36.977335939,1790241616.4306812,-5.0,-5.0,1.122,1.122
36.980663028,1790241616.4339752,-5.0,-5.0,1.122,1.402
36.997121702,1790241616.4503627,-5.0,-5.0,1.262,1.122
36.998685559,1790241616.451839,-5.0,-5.0,1.262,1.262
37.018750334,1790241616.4720929,-5.0,-5.0,1.122,0.982
37.02195711,1790241616.4752374,-5.0,-5.0,0.982,1.122
37.037307814,1790241616.490549,-5.0,-5.0,1.122,0.982
37.039116151,1790241616.492307,-5.0,-5.0,1.122,0.982
37.057112745000005,1790241616.5103543,-5.0,-5.0,1.122,0.841
37.058973738,1790241616.512159,-5.0,-5.0,0.982,0.982
37.077624447000005,1790241616.5309148,-5.0,-5.0,1.122,0.982
37.080028566,1790241616.533256,-5.0,-5.0,0.982,0.841
37.098156254,1790241616.5514958,-5.0,-5.0,0.982,0.701
37.100925894,1790241616.5541816,-5.0,-5.0,0.982,0.421
37.117811028000006,1790241616.5711906,-5.0,-5.0,0.982,0.28
37.121427805,1790241616.5747416,-5.0,-5.0,0.701,0.561
37.136955853,1790241616.5901797,-5.0,-5.0,0.701,0.561
37.138510283,1790241616.5916648,-5.0,-5.0,0.421,0.28
37.158926465,1790241616.612262,-5.0,-5.0,0.28,0.14
37.162050533000006,1790241616.6153164,-5.0,-5.0,0.0,0.28
37.178107956000005,1790241616.6314747,-5.0,-5.0,0.0,0.421
37.180917284,1790241616.6341813,-5.0,-5.0,0.0,0.421
37.197253771,1790241616.6504912,-5.0,-5.0,0.0,0.14
37.199039139,1790241616.6522193,-5.0,-5.0,0.0,0.14
37.218480631000006,1790241616.6718426,-5.0,-5.0,0.0,0.0
37.221570637,1790241616.674877,-5.0,-5.0,0.0,0.0
37.237210664,1790241616.6904693,-5.0,-5.0,0.0,0.0
37.238904104,1790241616.6920762,-5.0,-5.0,0.0,0.0
37.257177418000005,1790241616.7104232,-5.0,-5.0,0.0,0.0
37.259253828000006,1790241616.7124503,-5.0,-5.0,0.0,0.0
37.277725943,1790241616.7310202,-5.0,-5.0,0.0,0.0
37.280145062,1790241616.7333887,-5.0,-5.0,0.14,0.0
37.298706188000004,1790241616.7521384,-5.0,-5.0,0.14,0.0
37.302415466,1790241616.7557492,-5.0,-5.0,0.421,0.0
37.316934397000004,1790241616.7701495,-5.0,-5.0,0.421,0.14
37.318467785,1790241616.7716234,-5.0,-5.0,0.421,0.0
37.338847456,1790241616.7921648,-5.0,-5.0,-0.14,0.0
37.342059181,1790241616.795317,-5.0,-5.0,-0.14,0.0
37.358016396000004,1790241616.8113549,-5.0,-5.0,0.0,0.0
37.360730620000005,1790241616.8139632,-5.0,-5.0,0.0,0.0
37.377207263,1790241616.8304458,-5.0,-5.0,0.0,0.0
37.378987579000004,1790241616.8321557,-5.0,-5.0,0.0,0.0
37.398503446,1790241616.8518772,-5.0,-5.0,0.0,0.14
37.401641212,1790241616.8549368,-5.0,-5.0,0.14,0.0
37.417273479,1790241616.8706505,-5.0,-5.0,0.0,0.0
37.420570047000005,1790241616.8738742,-5.0,-5.0,-0.14,0.0
37.437260806000005,1790241616.8904953,-5.0,-5.0,-0.14,0.0
37.4389881,1790241616.8921764,-5.0,-5.0,-0.14,0.0
37.456983548000004,1790241616.9101996,-5.0,-5.0,0.0,0.0
37.458513082,1790241616.911684,-5.0,-5.0,0.0,0.0
37.478893587,1790241616.9322388,-5.0,-5.0,0.0,0.0
37.482029113,1790241616.9353058,-5.0,-5.0,0.0,0.0
37.496915597000005,1790241616.9501417,-5.0,-5.0,0.0,0.0
37.498530079000005,1790241616.9516888,-5.0,-5.0,0.0,0.0
37.518485739,1790241616.971859,-5.0,-5.0,0.0,0.0
37.521591161,1790241616.9749138,-5.0,-5.0,0.0,0.0
37.537529366,1790241616.9908829,-5.0,-5.0,0.0,0.0
37.540824685000004,1790241616.9941561,-5.0,-5.0,0.0,0.0
37.557475599,1790241617.0108356,-5.0,-5.0,0.0,0.0
37.560852272000005,1790241617.0141623,-5.0,-5.0,0.0,0.0
37.577106415,1790241617.0303555,-5.0,-5.0,0.0,0.0
37.578773449,1790241617.0319345,-5.0,-5.0,0.0,0.0
37.598891193,1790241617.0522351,-5.0,-5.0,0.0,0.0
37.602005104,1790241617.0552669,-5.0,-5.0,0.0,0.0
37.618133674,1790241617.0714934,-5.0,-5.0,0.0,0.0
37.621228263,1790241617.0745218,-5.0,-5.0,0.0,0.0
37.637092405000004,1790241617.0903401,-5.0,-5.0,0.0,0.0
37.638790794,1790241617.0919647,-5.0,-5.0,0.0,0.0
37.6570052,1790241617.1102214,-5.0,-5.0,0.0,0.0
37.658531870000004,1790241617.1116931,-5.0,-5.0,0.0,0.0
37.678663415,1790241617.1319885,-5.0,-5.0,0.0,0.0
37.681835088,1790241617.1350944,-5.0,-5.0,0.0,0.0
37.696894333,1790241617.1501112,-5.0,-5.0,0.0,0.0
37.698420846000005,1790241617.1515722,-5.0,-5.0,0.0,0.0
37.718722131,1790241617.1720605,-5.0,-5.0,0.0,0.0
37.721853283,1790241617.1751325,-5.0,-5.0,0.0,0.0
37.737961904,1790241617.1912975,-5.0,-5.0,0.0,0.0
37.740702170000006,1790241617.1939578,-5.0,-5.0,0.0,0.0
37.757191834000004,1790241617.2104495,-5.0,-5.0,0.0,0.0
37.758989025000005,1790241617.2121685,-5.0,-5.0,0.0,0.0
37.778830205000006,1790241617.2321587,-5.0,-5.0,0.0,0.0
37.781937919,1790241617.2352011,-5.0,-5.0,0.0,0.0
37.796964456000005,1790241617.2502167,-5.0,-5.0,0.0,0.0
37.798536229,1790241617.251686,-5.0,-5.0,0.0,0.0
37.818609233000004,1790241617.271987,-5.0,-5.0,0.0,0.0
37.821852312000004,1790241617.275119,-5.0,-5.0,0.0,0.0
37.837175203,1790241617.2904363,-5.0,-5.0,0.0,0.0
37.838886039,1790241617.2920582,-5.0,-5.0,0.0,0.0
37.857532322000004,1790241617.3107777,-5.0,-5.0,0.0,0.0
37.859500398,1790241617.3127248,-5.0,-5.0,0.0,0.0
37.877301575000004,1790241617.3305461,-5.0,-5.0,0.0,0.0
37.879225329,1790241617.3324027,-5.0,-5.0,0.0,0.0
37.898478383000004,1790241617.3517807,-5.0,-5.0,0.0,0.0
37.901184534,1790241617.3544676,-5.0,-5.0,0.0,0.0
37.917218676000005,1790241617.3704538,-5.0,-5.0,0.0,0.0
37.919004148,1790241617.372174,-5.0,-5.0,0.0,0.0
37.938659235,1790241617.3920016,-5.0,-5.0,0.0,0.0
37.94180424,1790241617.3950872,-5.0,-5.0,0.0,0.0
37.957107704,1790241617.4104934,-5.0,-5.0,0.0,0.0
37.960495627,1790241617.4138117,-5.0,-5.0,0.0,0.0
37.977307010000004,1790241617.4305532,-5.0,-5.0,0.0,0.0
37.979076649,1790241617.4322674,-5.0,-5.0,0.0,0.0
37.998123141,1790241617.4514477,-5.0,-5.0,0.0,0.0
38.000920229,1790241617.4541626,-5.0,-5.0,0.0,0.0
38.017789008,1790241617.4711597,-5.0,-5.0,0.0,0.0
38.021486567000004,1790241617.4747849,-5.0,-5.0,0.0,0.0
38.037163573,1790241617.4903903,-5.0,-5.0,0.0,0.0
38.038719097000005,1790241617.4918804,-5.0,-5.0,0.0,0.0
38.056998192,1790241617.510219,-5.0,-5.0,0.0,0.0
38.058536215000004,1790241617.511705,-5.0,-5.0,0.0,0.0
38.078822969,1790241617.5321493,-5.0,-5.0,0.0,0.0
38.08193511,1790241617.5351906,-5.0,-5.0,0.0,0.0
38.096935241000004,1790241617.550157,-5.0,-5.0,0.0,0.0
38.098471493000005,1790241617.5516248,-5.0,-5.0,0.0,0.0
38.118403559,1790241617.5717666,-5.0,-5.0,0.0,0.0
38.121538669,1790241617.574839,-5.0,-5.0,0.0,0.0
38.137506874,1790241617.590916,-5.0,-5.0,0.0,0.0
38.140686046,1790241617.593988,-5.0,-5.0,0.0,0.0
38.157288575,1790241617.6105378,-5.0,-5.0,0.0,0.0
38.159071599,1790241617.6122792,-5.0,-5.0,0.0,0.0
38.178146268,1790241617.631467,-5.0,-5.0,0.0,0.0
38.180882366000006,1790241617.6341302,-5.0,-5.0,0.0,0.0
38.197780625,1790241617.6511955,-5.0,-5.0,0.0,0.0
38.201488757,1790241617.6548014,-5.0,-5.0,0.0,0.0
38.216924305,1790241617.6701634,-5.0,-5.0,0.0,0.0
38.218465557,1790241617.6716285,-5.0,-5.0,0.0,0.0
38.237953456,1790241617.6912382,-5.0,-5.0,0.0,0.0
38.240333877000005,1790241617.6935778,-5.0,-5.0,0.0,0.0
38.257143281000005,1790241617.7103944,-5.0,-5.0,0.0,0.0
38.258738128000005,1790241617.711892,-5.0,-5.0,0.0,0.0
38.278048682000005,1790241617.7314029,-5.0,-5.0,0.0,0.0
38.281314261000006,1790241617.7346666,-5.0,-5.0,0.0,0.0
38.297025434000005,1790241617.750254,-5.0,-5.0,0.0,0.0
38.298687052000005,1790241617.7518597,-5.0,-5.0,0.0,0.0
38.318842191,1790241617.7722008,-5.0,-5.0,0.0,0.0
38.322015999,1790241617.775338,-5.0,-5.0,0.0,0.0
38.336919983,1790241617.7901597,-5.0,-5.0,0.0,0.0
38.338490611000005,1790241617.791645,-5.0,-5.0,0.0,0.14
38.358440698,1790241617.8118055,-5.0,-5.0,0.14,0.0
38.361554089,1790241617.814813,-5.0,-5.0,0.14,0.421
38.377159949,1790241617.830552,-5.0,-5.0,0.14,0.28
38.380525268,1790241617.833804,-5.0,-5.0,0.14,0.14
38.397271078,1790241617.85052,-5.0,-5.0,0.0,0.0
38.399046342000005,1790241617.8522375,-5.0,-5.0,0.0,0.0
38.418408251,1790241617.8717866,-5.0,-5.0,0.0,0.0
38.421578569000005,1790241617.8749173,-5.0,-5.0,0.0,0.0
38.437074898000006,1790241617.8903084,-5.0,-5.0,0.0,0.0
38.438757349,1790241617.8919322,-5.0,-5.0,0.0,0.14
38.457066547000004,1790241617.9103286,-5.0,-5.0,0.0,0.0
38.458649727,1790241617.911802,-5.0,-5.0,0.0,0.0
38.478830231,1790241617.9321702,-5.0,-5.0,0.14,0.14
38.481951747000004,1790241617.9352129,-5.0,-5.0,0.28,0.0
38.497962192,1790241617.9512823,-5.0,-5.0,0.28,0.0
38.500716832,1790241617.9539664,-5.0,-5.0,0.28,0.0
38.518070300000005,1790241617.9714737,-5.0,-5.0,0.28,0.0
38.521794577,1790241617.9750924,-5.0,-5.0,0.421,0.0
38.536884135,1790241617.99011,-5.0,-5.0,0.28,0.14
38.538423044000005,1790241617.9915838,-5.0,-5.0,0.421,0.14
38.558447558000005,1790241618.0118375,-5.0,-5.0,0.28,0.14
38.561538449000004,1790241618.014877,-5.0,-5.0,0.28,0.28
38.57775129,1790241618.0310705,-5.0,-5.0,0.28,0.28
38.580575097,1790241618.0338428,-5.0,-5.0,0.421,0.28
38.597462209,1790241618.05083,-5.0,-5.0,0.421,0.28
38.60087883,1790241618.0541973,-5.0,-5.0,0.421,0.421
38.61727865,1790241618.0705264,-5.0,-5.0,0.421,0.421
38.619045633,1790241618.072215,-5.0,-5.0,0.28,0.421
38.637998530000004,1790241618.091303,-5.0,-5.0,0.421,0.421
38.640629785,1790241618.0939145,-5.0,-5.0,0.421,0.421
38.657072105000005,1790241618.1103036,-5.0,-5.0,0.421,0.561
38.658747265,1790241618.1119487,-5.0,-5.0,0.561,0.421
38.677965319,1790241618.131312,-5.0,-5.0,0.701,0.561
38.681057720000005,1790241618.1343157,-5.0,-5.0,0.561,0.561
38.697488322000005,1790241618.1507266,-5.0,-5.0,0.561,0.701
38.699345252,1790241618.1525471,-5.0,-5.0,0.701,0.701
38.718170754,1790241618.1715026,-5.0,-5.0,0.701,0.841
38.72098305,1790241618.1742547,-5.0,-5.0,0.841,0.841
38.737316256,1790241618.1906807,-5.0,-5.0,0.841,0.701
38.740676054000005,1790241618.1939998,-5.0,-5.0,0.982,0.982
38.757205249,1790241618.2104852,-5.0,-5.0,0.982,0.841
38.759005825,1790241618.2121718,-5.0,-5.0,0.841,0.841
38.778170338,1790241618.2315302,-5.0,-5.0,0.982,0.841
38.780924457000005,1790241618.234195,-5.0,-5.0,0.982,0.841
38.798334071,1790241618.2517006,-5.0,-5.0,0.982,0.701
38.801713556,1790241618.255002,-5.0,-5.0,0.982,0.841
38.817391031,1790241618.2707534,-5.0,-5.0,0.841,0.701
38.820550724,1790241618.2738504,-5.0,-5.0,0.982,0.701
38.837159608,1790241618.2904015,-5.0,-5.0,0.982,0.841
38.838848517,1790241618.2920194,-5.0,-5.0,0.982,0.701
38.857048705000004,1790241618.3102818,-5.0,-5.0,0.982,0.841
38.858640687000005,1790241618.3117948,-5.0,-5.0,0.982,0.701
38.879096556,1790241618.3325136,-5.0,-5.0,0.982,0.982
38.882785521,1790241618.3361382,-5.0,-5.0,1.122,0.982
38.896984348000004,1790241618.350205,-5.0,-5.0,1.122,0.841
38.898529923000005,1790241618.3516963,-5.0,-5.0,1.122,0.982
38.918356052,1790241618.371733,-5.0,-5.0,1.122,0.982
38.921468557000004,1790241618.3747492,-5.0,-5.0,1.262,0.982
38.937829992000005,1790241618.3911762,-5.0,-5.0,1.262,0.982
38.940924372000005,1790241618.3942103,-5.0,-5.0,1.402,0.982
38.957087213,1790241618.4103103,-5.0,-5.0,1.262,0.982
38.958619976,1790241618.4117725,-5.0,-5.0,1.262,0.982
38.978753709,1790241618.4321094,-5.0,-5.0,1.262,0.982
38.981839496,1790241618.435133,-5.0,-5.0,1.262,0.841
38.998147024000005,1790241618.4515402,-5.0,-5.0,1.122,0.982
39.001153123,1790241618.4544175,-5.0,-5.0,1.262,0.982
39.018728362000004,1790241618.472109,-5.0,-5.0,1.262,0.841
39.022479359,1790241618.4758248,-5.0,-5.0,1.262,0.982
39.03705329,1790241618.4902883,-5.0,-5.0,1.262,1.122
39.038659491000004,1790241618.49184,-5.0,-5.0,1.402,0.982
39.057065825,1790241618.5102901,-5.0,-5.0,1.262,1.122
39.058654318,1790241618.511816,-5.0,-5.0,1.402,0.982
39.078656592,1790241618.5319967,-5.0,-5.0,1.262,0.982
39.081756702,1790241618.535016,-5.0,-5.0,1.402,1.122
39.096877614,1790241618.550156,-5.0,-5.0,1.262,0.982
39.098471679,1790241618.5516226,-5.0,-5.0,1.402,1.122
39.118456714000004,1790241618.5718338,-5.0,-5.0,1.262,0.982
39.121612032,1790241618.574894,-5.0,-5.0,1.402,0.982
39.138095446,1790241618.591502,-5.0,-5.0,1.402,0.982
39.141260504,1790241618.594563,-5.0,-5.0,1.402,1.122
39.157146625,1790241618.6104896,-5.0,-5.0,1.262,1.122
39.160483506000006,1790241618.6137938,-5.0,-5.0,1.262,1.122
39.17719666,1790241618.6304276,-5.0,-5.0,1.402,1.122
39.178973226000004,1790241618.6321657,-5.0,-5.0,1.262,1.122
39.198807636000005,1790241618.6521327,-5.0,-5.0,1.402,1.122
39.201960506,1790241618.6552193,-5.0,-5.0,1.402,1.122
39.216897459,1790241618.6701305,-5.0,-5.0,1.262,0.982
39.218436889,1790241618.6715875,-5.0,-5.0,1.402,1.122
39.237639058,1790241618.690932,-5.0,-5.0,1.402,0.982
39.239875884,1790241618.6931243,-5.0,-5.0,1.262,0.982
39.257172425,1790241618.710408,-5.0,-5.0,1.262,0.982
39.258805084,1790241618.7119663,-5.0,-5.0,1.262,0.982
39.277547304,1790241618.7308307,-5.0,-5.0,1.262,1.122
39.27996585,1790241618.7332063,-5.0,-5.0,1.122,0.982
39.298156715000005,1790241618.7514756,-5.0,-5.0,1.262,0.982
39.300898491000005,1790241618.7541313,-5.0,-5.0,1.262,1.122
39.318842637,1790241618.7722347,-5.0,-5.0,1.262,1.122
39.322531029000004,1790241618.7758203,-5.0,-5.0,1.262,1.122
39.336900064000005,1790241618.7901304,-5.0,-5.0,1.262,1.122
39.338439859000005,1790241618.7916148,-5.0,-5.0,1.262,0.982
39.358504633,1790241618.8118763,-5.0,-5.0,1.262,1.122
39.361627712,1790241618.8149323,-5.0,-5.0,1.402,1.122
39.377472792,1790241618.8308125,-5.0,-5.0,1.262,0.982
39.380678839000005,1790241618.8339612,-5.0,-5.0,1.262,0.982
39.397202618,1790241618.850437,-5.0,-5.0,1.262,0.982
39.398937777,1790241618.8521383,-5.0,-5.0,1.262,0.982
39.418853176,1790241618.8721936,-5.0,-5.0,1.262,0.982
39.421959796,1790241618.8752196,-5.0,-5.0,1.122,0.841
39.437540709000004,1790241618.8907976,-5.0,-5.0,1.122,0.841
39.439340243000004,1790241618.8925476,-5.0,-5.0,1.122,0.982
39.457074233,1790241618.9102955,-5.0,-5.0,1.122,0.841
39.458653090000006,1790241618.9118435,-5.0,-5.0,1.122,0.982
39.478808021,1790241618.9321506,-5.0,-5.0,1.122,0.982
39.481980214000004,1790241618.9352195,-5.0,-5.0,1.122,0.982
39.497839044,1790241618.951118,-5.0,-5.0,1.122,0.982
39.50028384,1790241618.9535115,-5.0,-5.0,1.122,1.122
39.518812309000005,1790241618.972205,-5.0,-5.0,1.262,0.982
39.522468045000004,1790241618.9758039,-5.0,-5.0,1.122,0.982
39.53687781,1790241618.990097,-5.0,-5.0,1.122,0.982
39.538419635000004,1790241618.9915843,-5.0,-5.0,1.122,0.982
39.558542796000005,1790241619.0119052,-5.0,-5.0,1.122,0.982
39.56162228,1790241619.0149128,-5.0,-5.0,1.122,0.982
39.577438974,1790241619.0307782,-5.0,-5.0,0.982,0.841
39.58057799,1790241619.0338588,-5.0,-5.0,1.122,0.982
39.597208644000006,1790241619.0504444,-5.0,-5.0,1.122,0.841
39.598993647,1790241619.0521615,-5.0,-5.0,0.982,0.841
39.61851113,1790241619.0718417,-5.0,-5.0,1.122,0.701
39.621643114,1790241619.074901,-5.0,-5.0,0.982,0.841
39.637165537,1790241619.0904005,-5.0,-5.0,1.122,0.982
39.638862728,1790241619.0920444,-5.0,-5.0,0.982,0.841
39.657052186,1790241619.1102993,-5.0,-5.0,0.841,0.841
39.659068336000004,1790241619.1122804,-5.0,-5.0,0.982,0.982
39.677553628000005,1790241619.1308188,-5.0,-5.0,0.982,0.701
39.679938528,1790241619.133161,-5.0,-5.0,0.841,0.841
39.698378925,1790241619.1516964,-5.0,-5.0,0.841,0.841
39.701158149,1790241619.1544144,-5.0,-5.0,0.982,0.841
39.718245106000005,1790241619.1715736,-5.0,-5.0,0.982,0.561
39.721398288,1790241619.174659,-5.0,-5.0,0.982,0.561
39.736938784,1790241619.1903055,-5.0,-5.0,0.841,0.561
39.740075144,1790241619.1933472,-5.0,-5.0,0.701,0.561
39.75722632,1790241619.210475,-5.0,-5.0,0.701,0.28
39.75899075,1790241619.2121954,-5.0,-5.0,0.561,0.421
39.778407711,1790241619.2317858,-5.0,-5.0,0.561,0.28
39.781518341,1790241619.2348163,-5.0,-5.0,0.561,0.28
39.797197588,1790241619.2505667,-5.0,-5.0,0.561,0.14
39.800549000000004,1790241619.253844,-5.0,-5.0,0.561,0.28
39.817287987,1790241619.270524,-5.0,-5.0,0.28,0.0
39.819075334000004,1790241619.2722461,-5.0,-5.0,0.28,0.14
39.837675992,1790241619.2909594,-5.0,-5.0,0.14,0.0
39.839911152,1790241619.2931428,-5.0,-5.0,0.14,0.14
39.857166859,1790241619.3103995,-5.0,-5.0,0.14,0.0
39.858743008000005,1790241619.3119218,-5.0,-5.0,0.14,0.0
39.878890855,1790241619.332294,-5.0,-5.0,0.0,0.0
39.882526591,1790241619.3358479,-5.0,-5.0,0.14,0.0
39.897151512,1790241619.3504593,-5.0,-5.0,0.0,0.0
39.899569641,1790241619.3528938,-5.0,-5.0,0.14,0.0
39.917851027000005,1790241619.3711295,-5.0,-5.0,0.0,0.0
39.920278428,1790241619.3735242,-5.0,-5.0,0.0,0.0
39.937803458000005,1790241619.3912158,-5.0,-5.0,0.14,0.0
39.941483308,1790241619.3948004,-5.0,-5.0,0.0,0.0
39.956892502,1790241619.410119,-5.0,-5.0,0.0,0.0
39.958425005,1790241619.4115782,-5.0,-5.0,0.0,0.0
39.978742384,1790241619.4320655,-5.0,-5.0,0.0,0.0
39.981824837000005,1790241619.435087,-5.0,-5.0,0.0,0.0
39.998182262,1790241619.4514973,-5.0,-5.0,0.0,0.0
40.000931746,1790241619.4542081,-5.0,-5.0,0.0,0.0
40.017206253000005,1790241619.470455,-5.0,-5.0,0.14,0.0
40.018999381,1790241619.4721708,-5.0,-5.0,0.14,0.0
40.037994935,1790241619.491281,-5.0,-5.0,0.0,0.0
40.040457804,1790241619.493692,-5.0,-5.0,0.14,0.0
40.057067156,1790241619.5102804,-5.0,-5.0,0.0,0.0
40.058649555,1790241619.5118308,-5.0,-5.0,0.0,0.0
40.078900632,1790241619.532259,-5.0,-5.0,0.0,0.0
40.082466784000005,1790241619.5358016,-5.0,-5.0,0.0,0.0
40.097107174,1790241619.5504057,-5.0,-5.0,0.0,0.0
40.100003637,1790241619.5532956,-5.0,-5.0,0.0,0.0
40.117395647,1790241619.570667,-5.0,-5.0,0.0,0.0
40.119338932000005,1790241619.572517,-5.0,-5.0,0.0,0.0
40.138239954,1790241619.591552,-5.0,-5.0,0.0,0.0
40.140959699,1790241619.594212,-5.0,-5.0,0.0,0.0
40.158328531,1790241619.6117218,-5.0,-5.0,0.0,0.0
40.161422599000005,1790241619.6147542,-5.0,-5.0,0.0,0.0
40.178171951,1790241619.6315062,-5.0,-5.0,0.0,0.0
40.181292477,1790241619.634577,-5.0,-5.0,0.0,0.0
40.196873078,1790241619.6502137,-5.0,-5.0,0.0,0.0
40.200039854,1790241619.6533332,-5.0,-5.0,0.0,0.0
40.217207644000005,1790241619.6704664,-5.0,-5.0,0.0,0.0
40.218989679,1790241619.6721814,-5.0,-5.0,0.0,0.0
40.23776867,1790241619.6910503,-5.0,-5.0,0.0,0.0
40.239953674000006,1790241619.6932309,-5.0,-5.0,0.0,0.0
40.257009172000004,1790241619.710216,-5.0,-5.0,0.0,0.0
40.258534852000004,1790241619.7116883,-5.0,-5.0,0.0,0.0
40.278261449000006,1790241619.7316377,-5.0,-5.0,0.0,0.0
40.281898591,1790241619.7352164,-5.0,-5.0,0.0,0.0
40.296925127,1790241619.750166,-5.0,-5.0,0.0,0.0
40.29848487,1790241619.7516396,-5.0,-5.0,0.0,0.0
40.318548811,1790241619.771923,-5.0,-5.0,0.0,0.0
40.321699962000004,1790241619.7749965,-5.0,-5.0,0.0,0.0
40.337249312000004,1790241619.7906277,-5.0,-5.0,0.0,0.0
40.34046661,1790241619.7937312,-5.0,-5.0,0.0,0.0
40.357242316000004,1790241619.8104777,-5.0,-5.0,0.0,0.0
40.359013986,1790241619.812182,-5.0,-5.0,0.0,0.0
40.378218863,1790241619.8315134,-5.0,-5.0,0.0,0.0
40.380932305,1790241619.8341656,-5.0,-5.0,0.0,0.0
40.398350148000006,1790241619.8516917,-5.0,-5.0,0.0,0.0
40.401462654,1790241619.8547387,-5.0,-5.0,0.0,0.0
40.417233983,1790241619.8705604,-5.0,-5.0,0.0,0.0
40.420550708,1790241619.8738844,-5.0,-5.0,0.0,0.0
40.437271154,1790241619.8905058,-5.0,-5.0,0.0,0.0
40.438944803000005,1790241619.892126,-5.0,-5.0,0.0,0.0
40.457052855,1790241619.910271,-5.0,-5.0,0.0,0.0
40.458593899,1790241619.911749,-5.0,-5.0,0.0,0.0
40.478499715000005,1790241619.9318411,-5.0,-5.0,0.0,0.0
40.481571179,1790241619.9348662,-5.0,-5.0,0.0,0.0
40.497112404,1790241619.9505131,-5.0,-5.0,0.0,0.0
40.500514754,1790241619.9538398,-5.0,-5.0,0.0,0.0
40.517208325000006,1790241619.9704697,-5.0,-5.0,0.0,0.0
40.519011869,1790241619.972185,-5.0,-5.0,0.0,0.0
40.538637633,1790241619.9919882,-5.0,-5.0,0.0,0.0
40.541962483000006,1790241619.9953086,-5.0,-5.0,0.0,0.0
40.557080009,1790241620.010315,-5.0,-5.0,0.0,0.0
40.55861996,1790241620.011811,-5.0,-5.0,0.0,0.0
40.57861239,1790241620.0319347,-5.0,-5.0,0.0,0.0
40.58166125,1790241620.0349364,-5.0,-5.0,0.0,0.0
40.597045704,1790241620.050276,-5.0,-5.0,0.0,0.0
40.598679404,1790241620.0518398,-5.0,-5.0,0.0,0.0
40.61850496,1790241620.071876,-5.0,-5.0,0.0,0.0
40.621644236,1790241620.0749419,-5.0,-5.0,0.0,0.0
40.637097180000005,1790241620.0903473,-5.0,-5.0,0.0,0.0
40.638868433000006,1790241620.092081,-5.0,-5.0,0.0,0.0
40.657077163000004,1790241620.1103063,-5.0,-5.0,0.0,0.0
40.658592738,1790241620.1117477,-5.0,-5.0,0.0,0.0
40.678472044,1790241620.1318858,-5.0,-5.0,0.0,0.0
40.681726529,1790241620.135028,-5.0,-5.0,0.0,0.0
40.697122858,1790241620.1504807,-5.0,-5.0,0.0,0.0
40.700509686000004,1790241620.153806,-5.0,-5.0,0.0,0.0
40.717220080000004,1790241620.1704557,-5.0,-5.0,0.0,0.0
40.719002219000004,1790241620.1721969,-5.0,-5.0,0.0,0.0
40.738182304000006,1790241620.1914911,-5.0,-5.0,0.0,0.0
40.740896580000005,1790241620.1941636,-5.0,-5.0,0.0,0.0
40.758396663,1790241620.2117684,-5.0,-5.0,0.0,0.0
40.761567866,1790241620.2148457,-5.0,-5.0,0.0,0.0
40.778139718000006,1790241620.2314622,-5.0,-5.0,0.0,0.0
40.781296338000004,1790241620.2345774,-5.0,-5.0,0.0,0.0
40.797064282,1790241620.2504175,-5.0,-5.0,0.0,0.0
40.800442413000006,1790241620.2537625,-5.0,-5.0,0.0,0.0
40.817308745000005,1790241620.2705755,-5.0,-5.0,0.0,0.0
40.819129685,1790241620.272298,-5.0,-5.0,0.0,0.0
40.837996177,1790241620.2912827,-5.0,-5.0,0.0,0.0
40.840456493000005,1790241620.2937043,-5.0,-5.0,0.0,0.0
40.857003762000005,1790241620.3102152,-5.0,-5.0,0.0,0.0
40.858525587,1790241620.311692,-5.0,-5.0,0.0,0.0
40.879143644,1790241620.3326912,-5.0,-5.0,0.0,0.0
40.883929746,1790241620.3373013,-5.0,-5.0,0.0,0.0
40.896867842000006,1790241620.3500974,-5.0,-5.0,0.0,0.0
40.898383313000004,1790241620.3515356,-5.0,-5.0,0.0,0.0
40.918373557,1790241620.371701,-5.0,-5.0,0.0,0.0
40.921465906,1790241620.3747444,-5.0,-5.0,0.0,0.0
40.937208485,1790241620.3905783,-5.0,-5.0,0.0,0.0
40.940566824,1790241620.3938806,-5.0,-5.0,0.0,0.0
40.957248312000004,1790241620.4104912,-5.0,-5.0,0.0,0.0
40.959015659,1790241620.4122057,-5.0,-5.0,0.0,0.0
40.978147255,1790241620.431465,-5.0,-5.0,0.0,0.0
40.980848926,1790241620.4341166,-5.0,-5.0,0.0,0.0
40.998356977,1790241620.4517188,-5.0,-5.0,0.0,0.0
41.001605629000004,1790241620.4548762,-5.0,-5.0,0.0,0.0
41.017455240000004,1790241620.4708133,-5.0,-5.0,0.0,0.0
41.020598214,1790241620.473896,-5.0,-5.0,0.0,0.0
41.037076108,1790241620.4903026,-5.0,-5.0,0.0,0.0
41.038663506000006,1790241620.4918423,-5.0,-5.0,0.0,0.0
41.05702208,1790241620.5102613,-5.0,-5.0,0.0,0.0
41.058622083,1790241620.5118022,-5.0,-5.0,0.0,0.0
41.078466388,1790241620.5317962,-5.0,-5.0,0.0,0.0
41.081228476,1790241620.5344658,-5.0,-5.0,0.0,0.0
41.097118504,1790241620.5504465,-5.0,-5.0,0.0,0.0
41.100466010000005,1790241620.5537417,-5.0,-5.0,0.0,0.0
41.117225779,1790241620.570488,-5.0,-5.0,0.0,0.0
41.119013959,1790241620.5721798,-5.0,-5.0,0.0,0.0
41.13875165,1790241620.592126,-5.0,-5.0,0.0,0.0
41.141847697,1790241620.5951169,-5.0,-5.0,0.0,0.0
41.156902567,1790241620.6101308,-5.0,-5.0,0.14,0.0
41.158438715,1790241620.6116126,-5.0,-5.0,0.14,0.0
41.178606407000004,1790241620.6319451,-5.0,-5.0,0.14,0.0
41.181761308000006,1790241620.6350183,-5.0,-5.0,0.421,0.0
41.198115087000005,1790241620.6514573,-5.0,-5.0,0.421,0.0
41.201257644,1790241620.6545305,-5.0,-5.0,0.421,0.0
41.217013036000004,1790241620.670265,-5.0,-5.0,0.561,0.0
41.2186783,1790241620.6718647,-5.0,-5.0,0.701,0.14
41.237739114,1790241620.6910193,-5.0,-5.0,0.701,0.0
41.23990766,1790241620.693156,-5.0,-5.0,0.701,0.0
41.257088523,1790241620.7103016,-5.0,-5.0,0.701,0.0
41.258601338000005,1790241620.7117665,-5.0,-5.0,0.841,0.0
41.277740538,1790241620.731049,-5.0,-5.0,0.701,0.0
41.280466949,1790241620.7337422,-5.0,-5.0,0.841,0.14
41.297918282000005,1790241620.7513044,-5.0,-5.0,0.561,0.0
41.301492246,1790241620.7548175,-5.0,-5.0,0.701,0.0
41.317213576,1790241620.770558,-5.0,-5.0,0.701,0.0
41.320652853000006,1790241620.7739336,-5.0,-5.0,0.701,0.0
41.337155225000004,1790241620.7903905,-5.0,-5.0,0.561,0.0
41.338940801,1790241620.7921233,-5.0,-5.0,0.561,0.0
41.358869274,1790241620.8122153,-5.0,-5.0,0.561,0.0
41.362006779000005,1790241620.8152661,-5.0,-5.0,0.561,0.14
41.376928732,1790241620.8301697,-5.0,-5.0,0.561,0.0
41.378481704,1790241620.831634,-5.0,-5.0,0.701,0.14
41.398659656,1790241620.8520193,-5.0,-5.0,0.561,0.14
41.401830443,1790241620.8550909,-5.0,-5.0,0.561,0.14
41.417978231,1790241620.8712769,-5.0,-5.0,0.421,0.14
41.420691621,1790241620.87396,-5.0,-5.0,0.421,0.28
41.437228838,1790241620.890463,-5.0,-5.0,0.561,0.28
41.438912903,1790241620.8920946,-5.0,-5.0,0.421,0.28
41.457046424000005,1790241620.910289,-5.0,-5.0,0.28,0.421
41.458600177,1790241620.9117749,-5.0,-5.0,0.561,0.28
41.478878129,1790241620.932213,-5.0,-5.0,0.561,0.561
41.482015687,1790241620.9352918,-5.0,-5.0,0.421,0.561
41.498059934000004,1790241620.9513903,-5.0,-5.0,0.561,0.421
41.500774990000004,1790241620.9540377,-5.0,-5.0,0.701,0.701
41.517154342000005,1790241620.970389,-5.0,-5.0,0.701,0.561
41.518912470000004,1790241620.9720824,-5.0,-5.0,0.841,0.701
41.538843182,1790241620.9921906,-5.0,-5.0,0.701,0.701
41.54194751,1790241620.9952242,-5.0,-5.0,0.841,0.841
41.556912224,1790241621.0101411,-5.0,-5.0,0.701,0.701
41.558421081000006,1790241621.0115714,-5.0,-5.0,0.701,0.701
41.578484293,1790241621.0318105,-5.0,-5.0,0.561,0.701
41.581289714,1790241621.0345566,-5.0,-5.0,0.701,0.701
41.598253129,1790241621.0515928,-5.0,-5.0,0.701,0.701
41.601035842,1790241621.054292,-5.0,-5.0,0.841,0.841
41.618735457,1790241621.0721245,-5.0,-5.0,0.982,0.701
41.622455515000006,1790241621.0757506,-5.0,-5.0,0.841,0.701
41.637004759,1790241621.090244,-5.0,-5.0,0.841,0.701
41.638655075,1790241621.0918486,-5.0,-5.0,0.982,0.701
41.65700068,1790241621.1102183,-5.0,-5.0,0.982,0.701
41.658547974,1790241621.1117115,-5.0,-5.0,0.841,0.701
41.678840197,1790241621.132189,-5.0,-5.0,0.841,0.561
41.682039994,1790241621.1353002,-5.0,-5.0,0.982,0.701
41.697156739,1790241621.150388,-5.0,-5.0,0.841,0.701
41.698778201,1790241621.1520405,-5.0,-5.0,0.841,0.561
41.717646567,1790241621.1709094,-5.0,-5.0,0.841,0.701
41.720058498,1790241621.1733007,-5.0,-5.0,0.841,0.701
41.737906863,1790241621.1911964,-5.0,-5.0,0.841,0.561
41.740333117000006,1790241621.1935492,-5.0,-5.0,0.841,0.841
41.758556326000004,1790241621.211972,-5.0,-5.0,0.841,0.701
41.762212113000004,1790241621.2155561,-5.0,-5.0,0.841,0.701
41.777118962,1790241621.2304206,-5.0,-5.0,0.841,0.701
41.780033863,1790241621.2332878,-5.0,-5.0,0.841,0.701
41.797458165,1790241621.250721,-5.0,-5.0,0.841,0.841
41.799401397000004,1790241621.2525816,-5.0,-5.0,0.982,0.701
41.81823794,1790241621.2715564,-5.0,-5.0,0.841,0.841
41.820960966,1790241621.274236,-5.0,-5.0,0.982,0.841
41.8371299,1790241621.2903829,-5.0,-5.0,0.982,0.841
41.838764435,1790241621.2919528,-5.0,-5.0,0.982,0.841
41.857055977,1790241621.310299,-5.0,-5.0,0.982,0.841
41.858636813000004,1790241621.3117898,-5.0,-5.0,0.982,0.841
41.878475858,1790241621.331795,-5.0,-5.0,1.122,0.982
41.881551853000005,1790241621.3348114,-5.0,-5.0,0.982,0.982
41.897086828,1790241621.3504472,-5.0,-5.0,0.982,0.841
41.900432719,1790241621.3537836,-5.0,-5.0,0.982,0.982
41.917224363,1790241621.3704743,-5.0,-5.0,0.982,0.841
41.91896296,1790241621.3721437,-5.0,-5.0,0.982,0.982
41.938701849000005,1790241621.3920648,-5.0,-5.0,0.982,0.982
41.941917219000004,1790241621.395251,-5.0,-5.0,0.982,0.841
41.95797683,1790241621.4113152,-5.0,-5.0,0.982,0.982
41.960823137000006,1790241621.4140894,-5.0,-5.0,0.982,0.982
41.978096292000004,1790241621.431525,-5.0,-5.0,0.982,0.982
41.981689059000004,1790241621.435033,-5.0,-5.0,0.982,0.982
41.997393357,1790241621.4506516,-5.0,-5.0,1.122,0.982
41.999745341,1790241621.4529855,-5.0,-5.0,1.122,0.982
42.017412455000006,1790241621.4707067,-5.0,-5.0,1.122,0.982
42.019364958000004,1790241621.4725444,-5.0,-5.0,0.982,0.841
42.037819105000004,1790241621.4910872,-5.0,-5.0,1.122,0.982
42.040141922000004,1790241621.4934006,-5.0,-5.0,0.982,0.841
42.057083930000005,1790241621.510303,-5.0,-5.0,0.982,0.841
42.058723152000006,1790241621.5119317,-5.0,-5.0,0.841,0.982
42.078114123000006,1790241621.53144,-5.0,-5.0,0.982,0.841
42.081225327000006,1790241621.5344985,-5.0,-5.0,0.841,0.841
42.097252542,1790241621.5504944,-5.0,-5.0,0.841,0.841
42.099016347,1790241621.5521853,-5.0,-5.0,0.841,0.982
42.118386225,1790241621.5717137,-5.0,-5.0,0.841,0.982
42.121518105,1790241621.574776,-5.0,-5.0,0.841,0.841
42.137125685,1790241621.590488,-5.0,-5.0,0.841,0.982
42.140502722,1790241621.5938187,-5.0,-5.0,0.701,0.841
42.157260303,1790241621.6105018,-5.0,-5.0,0.841,0.701
42.159042494000005,1790241621.6122108,-5.0,-5.0,0.841,0.841
42.178515340000004,1790241621.6318355,-5.0,-5.0,0.841,0.701
42.181626596,1790241621.6349075,-5.0,-5.0,0.701,0.701
42.197075112,1790241621.650412,-5.0,-5.0,0.841,0.701
42.200392514,1790241621.6536674,-5.0,-5.0,0.701,0.701
42.217290408000004,1790241621.670528,-5.0,-5.0,0.701,0.701
42.219041192000006,1790241621.6722217,-5.0,-5.0,0.701,0.561
42.237581277000004,1790241621.690841,-5.0,-5.0,0.701,0.701
42.239571384,1790241621.6928058,-5.0,-5.0,0.701,0.561
42.257196103000005,1790241621.7104278,-5.0,-5.0,0.561,0.561
42.258757095,1790241621.7119186,-5.0,-5.0,0.561,0.421
42.278886297,1790241621.732278,-5.0,-5.0,0.561,0.28
42.282470417000006,1790241621.7357857,-5.0,-5.0,0.421,0.28
42.296893359,1790241621.750116,-5.0,-5.0,0.14,0.28
42.298416435,1790241621.7515774,-5.0,-5.0,0.421,0.28
42.318594908,1790241621.7719395,-5.0,-5.0,0.421,0.28
42.321723403,1790241621.775,-5.0,-5.0,0.28,0.28
42.337335722000006,1790241621.7907245,-5.0,-5.0,0.28,0.28
42.3405063,1790241621.7937741,-5.0,-5.0,0.28,0.28
42.357206329,1790241621.8104534,-5.0,-5.0,0.28,0.28
42.359013311000005,1790241621.8121836,-5.0,-5.0,0.421,0.28
42.378250637,1790241621.8315468,-5.0,-5.0,0.28,0.14
42.380961735,1790241621.834194,-5.0,-5.0,0.14,0.14
42.398504526,1790241621.8518314,-5.0,-5.0,0.14,0.0
42.401611146,1790241621.8548744,-5.0,-5.0,0.14,0.0
42.418220394,1790241621.8715475,-5.0,-5.0,0.14,0.0
42.421406337,1790241621.8746958,-5.0,-5.0,0.14,0.0
42.437065583000006,1790241621.8902879,-5.0,-5.0,0.28,0.0
42.438614284,1790241621.8917966,-5.0,-5.0,0.14,0.0
42.457114941,1790241621.910365,-5.0,-5.0,0.28,0.0
42.458666558000004,1790241621.9118307,-5.0,-5.0,0.14,0.0
42.478822114,1790241621.9321759,-5.0,-5.0,0.28,0.0
42.481942693,1790241621.9352458,-5.0,-5.0,0.14,0.0
42.497800481000006,1790241621.95111,-5.0,-5.0,0.28,0.0
42.500514704000004,1790241621.9537802,-5.0,-5.0,0.28,0.0
42.51736489,1790241621.9707103,-5.0,-5.0,0.28,0.0
42.520689948000005,1790241621.974007,-5.0,-5.0,0.14,0.0
42.537219300000004,1790241621.9904795,-5.0,-5.0,0.28,0.0
42.538998886,1790241621.9921806,-5.0,-5.0,0.14,0.0
42.558386003,1790241622.011731,-5.0,-5.0,0.14,0.0
42.561517207,1790241622.0147972,-5.0,-5.0,0.14,0.0
42.57713239,1790241622.0305357,-5.0,-5.0,0.14,0.0
42.580574375000005,1790241622.0338578,-5.0,-5.0,0.14,0.0
42.597222425000005,1790241622.0504556,-5.0,-5.0,0.28,0.0
42.599072689,1790241622.0522456,-5.0,-5.0,0.28,0.0
42.618405483000004,1790241622.0717394,-5.0,-5.0,0.14,0.0
42.621530228000005,1790241622.0747929,-5.0,-5.0,0.28,0.0
42.637115307,1790241622.0903842,-5.0,-5.0,0.28,0.0
42.638855467000006,1790241622.0920417,-5.0,-5.0,0.14,0.0
42.657060655,1790241622.1102824,-5.0,-5.0,0.421,0.0
42.658584616000006,1790241622.1117365,-5.0,-5.0,0.28,0.0
42.678777047000004,1790241622.1321492,-5.0,-5.0,0.28,0.0
42.681884708000005,1790241622.1351783,-5.0,-5.0,0.28,0.0
42.697818799000004,1790241622.1511571,-5.0,-5.0,0.421,0.0
42.700577345,1790241622.1538494,-5.0,-5.0,0.28,0.0
42.717349718,1790241622.1707106,-5.0,-5.0,0.28,0.0
42.720757537000004,1790241622.1740305,-5.0,-5.0,0.28,0.0
42.737225847000005,1790241622.1904597,-5.0,-5.0,0.28,0.0
42.738988402000004,1790241622.1922042,-5.0,-5.0,0.28,0.0
42.758366456000005,1790241622.211747,-5.0,-5.0,0.28,0.0
42.761514483,1790241622.214822,-5.0,-5.0,0.14,0.0
42.777173052,1790241622.230534,-5.0,-5.0,0.14,0.0
42.780487693000005,1790241622.2338078,-5.0,-5.0,0.14,0.0
42.797206785,1790241622.250439,-5.0,-5.0,0.0,0.0
42.798973611,1790241622.2521422,-5.0,-5.0,0.0,0.0
42.818402967000004,1790241622.271747,-5.0,-5.0,0.0,0.0
42.821504223000005,1790241622.2747638,-5.0,-5.0,0.0,0.0
42.836969354000004,1790241622.2902102,-5.0,-5.0,0.0,0.0
42.838691857,1790241622.2918758,-5.0,-5.0,0.0,0.0
42.857099754000004,1790241622.310326,-5.0,-5.0,0.0,0.0
42.858654236,1790241622.311808,-5.0,-5.0,0.0,0.0
42.878539843000006,1790241622.3319077,-5.0,-5.0,0.0,0.0
42.881672401,1790241622.3349538,-5.0,-5.0,0.0,0.0
42.897199147,1790241622.3505292,-5.0,-5.0,0.0,0.0
42.900003735000006,1790241622.3532817,-5.0,-5.0,0.0,0.0
42.917401994,1790241622.370661,-5.0,-5.0,0.0,0.0
42.919401685000004,1790241622.3725965,-5.0,-5.0,0.0,0.0
42.938501562000006,1790241622.391872,-5.0,-5.0,0.0,0.0
42.941277609000004,1790241622.3945355,-5.0,-5.0,0.0,0.0
42.957155866,1790241622.4105363,-5.0,-5.0,0.0,0.0
42.960294725000004,1790241622.4136117,-5.0,-5.0,0.0,0.0
42.977127828,1790241622.430359,-5.0,-5.0,0.0,0.0
42.978786060000004,1790241622.431944,-5.0,-5.0,0.0,0.0
42.998053802,1790241622.451342,-5.0,-5.0,0.0,0.0
43.00049391,1790241622.45372,-5.0,-5.0,0.0,0.0
43.018908734,1790241622.4722912,-5.0,-5.0,0.0,0.0
43.022507803,1790241622.475848,-5.0,-5.0,0.0,0.0
43.037166787000004,1790241622.490438,-5.0,-5.0,0.0,0.0
43.039038821000005,1790241622.492237,-5.0,-5.0,0.0,0.0
43.057031873,1790241622.5102751,-5.0,-5.0,0.0,0.0
43.058615834,1790241622.5117972,-5.0,-5.0,0.0,0.0
43.078075243,1790241622.53138,-5.0,-5.0,0.0,0.0
43.080803790000004,1790241622.5340362,-5.0,-5.0,0.0,0.0
43.097985851000004,1790241622.551445,-5.0,-5.0,0.0,0.0
43.101727785,1790241622.5550451,-5.0,-5.0,0.0,0.0
43.116895832000004,1790241622.5701256,-5.0,-5.0,0.0,0.0
43.118424897000004,1790241622.571588,-5.0,-5.0,0.0,0.0
43.138480505000004,1790241622.5918422,-5.0,-5.0,0.0,0.0
43.141625042,1790241622.5949063,-5.0,-5.0,0.0,0.0
43.157532361,1790241622.6109002,-5.0,-5.0,0.0,0.0
43.160726481000005,1790241622.614019,-5.0,-5.0,0.0,0.0
43.177210989,1790241622.6304455,-5.0,-5.0,0.0,0.0
43.178976982,1790241622.6321588,-5.0,-5.0,0.0,0.0
43.198505037000004,1790241622.651896,-5.0,-5.0,0.0,0.0
43.201624313,1790241622.6549284,-5.0,-5.0,0.0,0.0
43.217510903000004,1790241622.6708395,-5.0,-5.0,0.0,0.0
43.220647784,1790241622.6739118,-5.0,-5.0,0.0,0.0
43.237139063,1790241622.6904166,-5.0,-5.0,0.0,0.0
43.238898805000005,1790241622.6921034,-5.0,-5.0,0.0,0.0
43.257025972,1790241622.7102542,-5.0,-5.0,0.0,0.0
43.258583058,1790241622.7117603,-5.0,-5.0,0.0,0.0
43.278704916,1790241622.7320285,-5.0,-5.0,0.0,0.0
43.281989662,1790241622.735285,-5.0,-5.0,0.0,0.0
43.297735731,1790241622.7510638,-5.0,-5.0,0.0,0.0
43.300520423,1790241622.7538073,-5.0,-5.0,0.0,0.0
43.317415453,1790241622.7707596,-5.0,-5.0,0.0,0.0
43.320784782000004,1790241622.7740586,-5.0,-5.0,0.0,0.0
43.337230644,1790241622.7904649,-5.0,-5.0,0.0,0.0
43.339035855000006,1790241622.7922053,-5.0,-5.0,0.0,0.0
43.359105213,1790241622.8124757,-5.0,-5.0,0.0,0.0
43.362139750000004,1790241622.815461,-5.0,-5.0,0.0,0.0
43.377094255,1790241622.830331,5.0,5.0,0.0,0.0
43.378645403,1790241622.8318005,5.0,5.0,0.0,0.0
43.398341479,1790241622.85172,5.0,5.0,0.0,0.0
43.401508256,1790241622.8548334,5.0,5.0,0.14,0.14
43.417534742,1790241622.870883,5.0,5.0,0.421,0.421
43.420681935000005,1790241622.873941,5.0,5.0,0.982,0.701
43.437170818000006,1790241622.890408,5.0,5.0,1.543,1.402
43.438827123,1790241622.8920138,5.0,5.0,1.963,1.963
43.457004603,1790241622.9102232,5.0,5.0,2.384,2.244
43.458507314,1790241622.9116888,5.0,5.0,2.665,2.805
43.478840318,1790241622.9321897,5.0,5.0,3.226,3.226
43.481925896,1790241622.9352183,5.0,5.0,3.646,3.927
43.496917068,1790241622.950141,5.0,5.0,4.067,4.488
43.498442331,1790241622.951619,5.0,5.0,4.348,4.488
43.51849372,1790241622.9718537,5.0,5.0,4.348,4.909
43.521640288,1790241622.9749172,5.0,5.0,4.628,5.329
43.537660056,1790241622.9910002,5.0,5.0,5.049,5.329
43.54097428,1790241622.9943168,5.0,5.0,5.049,5.47
43.557537122,1790241623.011109,5.0,5.0,5.049,5.61
43.560911867,1790241623.0142708,5.0,5.0,5.189,5.329
43.577161375,1790241623.0304065,5.0,5.0,5.329,5.47
43.578957836,1790241623.0321274,5.0,5.0,5.189,5.61
43.603071785000004,1790241623.0563188,1.5277777910232544,-1.5277777910232544,5.329,5.329
43.604832621,1790241623.0580294,1.5277777910232544,-1.5277777910232544,5.329,5.189
43.606336686000006,1790241623.0594988,1.5277777910232544,-1.5277777910232544,5.189,5.189
43.617344153000005,1790241623.0705824,1.5277777910232544,-1.5277777910232544,5.329,5.049
43.637575074000004,1790241623.090814,1.5277777910232544,-1.5277777910232544,5.189,4.909
43.639250493000006,1790241623.0924206,1.5277777910232544,-1.5277777910232544,4.909,4.909
43.65729839,1790241623.1105642,1.5277777910232544,-1.5277777910232544,4.768,4.067
43.659010059,1790241623.1121721,1.5277777910232544,-1.5277777910232544,4.628,3.646
43.677657175,1790241623.130943,1.5277777910232544,-1.5277777910232544,4.067,2.665
43.680002127,1790241623.13321,1.5277777910232544,-1.5277777910232544,3.787,1.823
43.698285648,1790241623.1516168,1.5277777910232544,-1.5277777910232544,3.646,0.841
43.701159404,1790241623.1544204,1.5277777910232544,-1.5277777910232544,3.366,-0.14
43.718417246,1790241623.1717396,1.5277777910232544,-1.5277777910232544,2.805,-0.701
43.721634856,1790241623.174895,1.5277777910232544,-1.5277777910232544,2.665,-0.701
43.737009466,1790241623.1902366,1.5277777910232544,-1.5277777910232544,2.384,-1.122
43.738620302,1790241623.191775,1.5277777910232544,-1.5277777910232544,2.104,-1.402
43.758665389,1790241623.2120159,1.5277777910232544,-1.5277777910232544,1.543,-1.262
43.761914093,1790241623.2151935,1.5277777910232544,-1.5277777910232544,1.402,-1.262
43.777386151,1790241623.230738,1.5277777910232544,-1.5277777910232544,1.122,-1.262
43.780578240000004,1790241623.2338426,1.5277777910232544,-1.5277777910232544,1.122,-1.122
43.797306342000006,1790241623.2505372,1.5277777910232544,-1.5277777910232544,0.982,-0.982
43.799165512,1790241623.252335,1.5277777910232544,-1.5277777910232544,0.982,-0.982
43.818162733,1790241623.2715044,1.5277777910232544,-1.5277777910232544,1.122,-0.982
43.821025342000006,1790241623.2742798,1.5277777910232544,-1.5277777910232544,1.122,-0.841
43.837243495,1790241623.2904851,1.5277777910232544,-1.5277777910232544,1.262,-0.841
43.838979436,1790241623.2921498,1.5277777910232544,-1.5277777910232544,1.402,-0.982
43.857139467,1790241623.3103664,1.5277777910232544,-1.5277777910232544,1.402,-0.982
43.858760043000004,1790241623.3119295,1.5277777910232544,-1.5277777910232544,1.543,-0.982
43.878896536000006,1790241623.3322356,1.5277777910232544,-1.5277777910232544,1.683,-0.982
43.882106907,1790241623.335382,1.5277777910232544,-1.5277777910232544,1.543,-0.841
43.898185841,1790241623.351515,1.5277777910232544,-1.5277777910232544,1.543,-0.982
43.901020533,1790241623.3542917,1.5277777910232544,-1.5277777910232544,1.683,-1.122
43.91727051,1790241623.3705335,1.5277777910232544,-1.5277777910232544,1.683,-0.982
43.919144263,1790241623.3723118,1.5277777910232544,-1.5277777910232544,1.683,-1.122
43.938428463,1790241623.3917673,1.5277777910232544,-1.5277777910232544,1.963,-1.262
43.941291124,1790241623.3945413,1.5277777910232544,-1.5277777910232544,1.823,-1.122
43.958524436000005,1790241623.4118502,1.5277777910232544,-1.5277777910232544,1.963,-1.262
43.961826577000004,1790241623.415091,1.5277777910232544,-1.5277777910232544,1.963,-1.402
43.978308897000005,1790241623.4316533,1.5277777910232544,-1.5277777910232544,1.823,-1.262
43.981593538000006,1790241623.434853,1.5277777910232544,-1.5277777910232544,1.823,-1.402
43.997000805000006,1790241623.4503403,1.5277777910232544,-1.5277777910232544,1.963,-1.543
44.000213623,1790241623.4535024,1.5277777910232544,-1.5277777910232544,1.963,-1.543
44.017232507,1790241623.4704964,1.5277777910232544,-1.5277777910232544,1.823,-1.543
44.019111937000005,1790241623.4722812,1.5277777910232544,-1.5277777910232544,1.823,-1.683
44.038180773,1790241623.4914792,1.5277777910232544,-1.5277777910232544,1.823,-1.543
44.040790985,1790241623.4940305,1.5277777910232544,-1.5277777910232544,1.823,-1.543
44.057102524,1790241623.5103242,1.5277777910232544,-1.5277777910232544,1.823,-1.543
44.058776434,1790241623.5119693,1.5277777910232544,-1.5277777910232544,1.683,-1.683
44.079317355,1790241623.5327756,1.5277777910232544,-1.5277777910232544,1.683,-1.402
44.083165591000004,1790241623.5365062,1.5277777910232544,-1.5277777910232544,1.823,-1.543
44.097919679,1790241623.5512664,1.5277777910232544,-1.5277777910232544,1.683,-1.402
44.100803694,1790241623.5540364,1.5277777910232544,-1.5277777910232544,1.683,-1.402
44.117239348000005,1790241623.5704706,1.5277777910232544,-1.5277777910232544,1.543,-1.262
44.119112008,1790241623.5722964,1.5277777910232544,-1.5277777910232544,1.543,-1.402
44.138439177,1790241623.5916889,1.5277777910232544,-1.5277777910232544,1.402,-1.402
44.140421784000004,1790241623.5936115,1.5277777910232544,-1.5277777910232544,1.262,-0.982
44.158716347,1790241623.612048,1.5277777910232544,-1.5277777910232544,1.122,-0.701
44.161974791000006,1790241623.6152477,1.5277777910232544,-1.5277777910232544,0.841,-0.28
44.185846655000006,1790241623.6391406,1.5277777910232544,-1.5277777910232544,0.701,0.0
44.188099784,1790241623.6413598,1.5277777910232544,-1.5277777910232544,0.561,0.28
44.190078590000006,1790241623.6432424,1.5277777910232544,-1.5277777910232544,0.561,0.0
44.196886674000005,1790241623.6501088,1.5277777910232544,-1.5277777910232544,0.701,0.0
44.218816452000006,1790241623.6722205,1.5277777910232544,-1.5277777910232544,0.982,0.0
44.222522552,1790241623.6758516,1.5277777910232544,-1.5277777910232544,0.982,0.0
44.237139245,1790241623.690378,1.5277777910232544,-1.5277777910232544,1.122,0.0
44.238691018000004,1790241623.691863,1.5277777910232544,-1.5277777910232544,1.262,0.0
44.257050009000004,1790241623.7102647,1.5277777910232544,-1.5277777910232544,1.402,-0.14
44.258607251,1790241623.7117608,1.5277777910232544,-1.5277777910232544,1.402,0.0
44.279063328,1790241623.7324364,1.5277777910232544,-1.5277777910232544,1.402,0.0
44.282369011,1790241623.735699,1.5277777910232544,-1.5277777910232544,1.543,0.0
44.297309037000005,1790241623.7505348,1.5277777910232544,-1.5277777910232544,1.402,-0.14
44.298915863000005,1790241623.7520795,1.5277777910232544,-1.5277777910232544,1.402,-0.14
44.319087617,1790241623.7724998,1.5277777910232544,-1.5277777910232544,1.543,-0.14
44.322808717,1790241623.776162,1.5277777910232544,-1.5277777910232544,1.402,0.0
44.337310149000004,1790241623.7906792,1.5277777910232544,-1.5277777910232544,1.402,-0.28
44.340486977000005,1790241623.7937937,1.5277777910232544,-1.5277777910232544,1.262,-0.28
44.357121225,1790241623.8103487,1.5277777910232544,-1.5277777910232544,1.543,-0.561
44.358744040000005,1790241623.8119,1.5277777910232544,-1.5277777910232544,1.402,-0.701
44.379033919,1790241623.832409,1.5277777910232544,-1.5277777910232544,1.402,-0.701
44.382351217,1790241623.8356135,1.5277777910232544,-1.5277777910232544,1.402,-0.982
44.397888692,1790241623.8511872,1.5277777910232544,-1.5277777910232544,1.262,-1.122
44.400711926,1790241623.8539793,1.5277777910232544,-1.5277777910232544,1.122,-1.122
44.417251069,1790241623.8706295,1.5277777910232544,-1.5277777910232544,1.122,-1.262
44.420507012,1790241623.8738127,1.5277777910232544,-1.5277777910232544,1.122,-1.262
44.437367823,1790241623.8906128,1.5277777910232544,-1.5277777910232544,0.982,-1.402
44.439250951000005,1790241623.8924432,1.5277777910232544,-1.5277777910232544,0.982,-1.543
44.457066659000006,1790241623.910296,1.5277777910232544,-1.5277777910232544,0.841,-1.823
44.458679475000004,1790241623.9118555,1.5277777910232544,-1.5277777910232544,0.701,-2.104
44.479529251,1790241623.9329653,1.5277777910232544,-1.5277777910232544,0.701,-2.104
44.483437278000004,1790241623.9368088,1.5277777910232544,-1.5277777910232544,0.561,-2.244
44.497605480000004,1790241623.9509132,1.5277777910232544,-1.5277777910232544,0.841,-2.104
44.500432673000006,1790241623.9537077,1.5277777910232544,-1.5277777910232544,0.982,-1.963
44.517257546,1790241623.9704943,1.5277777910232544,-1.5277777910232544,1.402,-1.402
44.519119007,1790241623.972292,1.5277777910232544,-1.5277777910232544,1.543,-1.122
44.538914563000006,1790241623.9922593,1.5277777910232544,-1.5277777910232544,1.683,-0.982
44.542202693,1790241623.995465,1.5277777910232544,-1.5277777910232544,1.683,-0.982
44.557052146000004,1790241624.0102682,1.5277777910232544,-1.5277777910232544,1.543,-1.122
44.558643035,1790241624.011796,1.5277777910232544,-1.5277777910232544,1.543,-0.982
44.578137287000004,1790241624.031427,1.5277777910232544,-1.5277777910232544,1.262,-1.262
44.580714792,1790241624.033955,1.5277777910232544,-1.5277777910232544,1.262,-1.543
44.598430864,1790241624.0517733,1.5277777910232544,-1.5277777910232544,1.122,-1.543
44.601340869000005,1790241624.0546246,1.5277777910232544,-1.5277777910232544,1.262,-1.543
44.618936577,1790241624.0723453,1.5277777910232544,-1.5277777910232544,1.262,-1.543
44.622857522000004,1790241624.0761557,1.5277777910232544,-1.5277777910232544,1.402,-1.402
44.637112026000004,1790241624.0903518,1.5277777910232544,-1.5277777910232544,1.543,-1.402
44.638753591000004,1790241624.0919292,1.5277777910232544,-1.5277777910232544,1.543,-1.543
44.657176123,1790241624.1104164,1.5277777910232544,-1.5277777910232544,1.543,-1.683
44.658788730000005,1790241624.1119437,1.5277777910232544,-1.5277777910232544,1.402,-1.963
44.679334599,1790241624.132795,1.5277777910232544,-1.5277777910232544,1.543,-1.963
44.683120335000005,1790241624.1364293,1.5277777910232544,-1.5277777910232544,1.262,-2.104
44.697271974,1790241624.1505258,1.5277777910232544,-1.5277777910232544,1.262,-2.104
44.699366249,1790241624.1525633,1.5277777910232544,-1.5277777910232544,1.402,-2.104
44.717638364,1790241624.1708996,1.5277777910232544,-1.5277777910232544,1.402,-1.963
44.719739618000006,1790241624.1729596,1.5277777910232544,-1.5277777910232544,1.402,-1.963
44.745726850000004,1790241624.1989834,5.0,5.0,1.543,-1.683
44.747690031000005,1790241624.2008865,5.0,5.0,1.683,-1.543
44.749488263,1790241624.2026849,5.0,5.0,1.823,-1.683
44.757029526000004,1790241624.2102513,5.0,5.0,1.543,-1.683
44.779074200000004,1790241624.2324786,5.0,5.0,1.543,-1.683
44.782955613000006,1790241624.2362816,5.0,5.0,1.683,-1.683
44.797215846,1790241624.25064,5.0,5.0,1.823,-1.122
44.800189185,1790241624.2534642,5.0,5.0,1.963,-0.28
44.817288642,1790241624.2705257,5.0,5.0,2.524,0.701
44.819076457,1790241624.272248,5.0,5.0,2.945,1.683
44.838108366,1790241624.2918422,5.0,5.0,3.506,2.524
44.841211183000006,1790241624.2944932,5.0,5.0,3.787,2.945
44.857083972000005,1790241624.310294,5.0,5.0,3.787,2.945
44.858783245000005,1790241624.311975,5.0,5.0,3.927,3.366
44.877612705000004,1790241624.3308904,5.0,5.0,4.207,3.646
44.879996876,1790241624.3332343,5.0,5.0,4.768,3.927
44.898252168000006,1790241624.351544,5.0,5.0,4.768,4.348
44.901027121000006,1790241624.3542616,5.0,5.0,4.909,4.488
44.918372672000004,1790241624.3717544,5.0,5.0,5.329,4.628
44.921582886,1790241624.3748388,5.0,5.0,5.329,4.488
44.937169788000006,1790241624.390516,5.0,5.0,5.329,4.909
44.940560523,1790241624.393924,5.0,5.0,5.61,4.909
44.957113156000005,1790241624.4103487,5.0,5.0,5.89,4.909
44.958642951,1790241624.4117982,5.0,5.0,5.89,5.049
44.978898142000006,1790241624.4322267,5.0,5.0,5.75,5.189
44.982038096000004,1790241624.435315,5.0,5.0,5.89,5.049
44.998405103,1790241624.4517496,5.0,5.0,6.031,4.909
45.001347088,1790241624.454626,5.0,5.0,5.89,4.909
45.017290605,1790241624.4705293,5.0,5.0,5.89,4.909
45.0190804,1790241624.4722476,5.0,5.0,5.89,4.628
45.038032672,1790241624.4913325,5.0,5.0,5.61,4.768
45.040574552,1790241624.4938614,5.0,5.0,5.61,4.628
45.057121560000006,1790241624.5103526,5.0,5.0,5.75,4.628
45.05878375,1790241624.5119982,5.0,5.0,5.47,4.488
45.077430137,1790241624.5306914,5.0,5.0,5.329,4.628
45.079383786,1790241624.5325623,5.0,5.0,5.61,4.488
45.098146944,1790241624.5514598,5.0,5.0,5.329,4.488
45.100885022,1790241624.5541222,5.0,5.0,5.189,4.768
45.118710365000005,1790241624.5721676,5.0,5.0,5.329,4.628
45.122530789,1790241624.5758412,5.0,5.0,5.049,4.488
45.136924928000006,1790241624.5901525,5.0,5.0,5.049,4.768
45.138437014000004,1790241624.591598,5.0,5.0,5.049,4.628
45.158519966,1790241624.6118891,5.0,5.0,5.049,4.628
45.161647784,1790241624.6149352,5.0,5.0,4.909,4.628
45.177334894000005,1790241624.6306784,5.0,5.0,4.909,4.909
45.180493442,1790241624.6337795,5.0,5.0,4.768,4.628
45.197212429000004,1790241624.6504736,5.0,5.0,4.768,4.768
45.199017797,1790241624.6521938,5.0,5.0,4.768,4.768
45.218450956000005,1790241624.6718109,5.0,5.0,4.628,4.768
45.221606274,1790241624.6749265,5.0,5.0,4.768,4.768
45.239018752,1790241624.6922631,5.0,5.0,4.628,4.909
45.240758599,1790241624.6939726,5.0,5.0,4.628,5.049
45.257003992,1790241624.7102242,5.0,5.0,4.628,4.768
45.258553057,1790241624.7117069,5.0,5.0,4.628,4.909
45.278846061,1790241624.732214,5.0,5.0,4.628,4.909
45.281965702,1790241624.7352407,5.0,5.0,4.768,4.909
45.297707813,1790241624.7510514,5.0,5.0,4.628,4.909
45.300439276000006,1790241624.7536974,5.0,5.0,4.628,5.049
45.317394618,1790241624.7707682,5.0,5.0,4.628,4.768
45.320724884,1790241624.7740166,5.0,5.0,4.628,5.049
45.337264184000006,1790241624.7905004,5.0,5.0,4.628,4.909
45.339033978,1790241624.7922041,5.0,5.0,4.768,4.909
45.35858469,1790241624.8120353,5.0,5.0,4.768,4.768
45.362055529,1790241624.8153496,5.0,5.0,4.768,4.909
45.37714717,1790241624.830492,5.0,5.0,4.768,4.768
45.380476863000005,1790241624.8338041,5.0,5.0,4.628,4.768
45.397293455,1790241624.850531,5.0,5.0,4.488,4.768
45.399045021000006,1790241624.8522239,5.0,5.0,4.768,4.909
45.418299481000005,1790241624.8716133,5.0,5.0,4.768,4.768
45.42109709,1790241624.8743439,5.0,5.0,4.768,5.049
45.437349306,1790241624.8905926,5.0,5.0,5.049,5.049
45.439139101,1790241624.892327,5.0,5.0,4.909,5.049
45.458264759,1790241624.911499,1.5277777910232544,-1.5277777910232544,5.049,5.189
45.460036377,1790241624.913216,1.5277777910232544,-1.5277777910232544,5.049,5.189
45.478011721,1790241624.9313755,1.5277777910232544,-1.5277777910232544,5.189,5.189
45.481058132,1790241624.9343526,1.5277777910232544,-1.5277777910232544,5.049,5.189
45.497256338,1790241624.9504933,1.5277777910232544,-1.5277777910232544,4.909,4.488
45.499052487,1790241624.9522207,1.5277777910232544,-1.5277777910232544,4.768,4.067
45.518470645,1790241624.9718409,1.5277777910232544,-1.5277777910232544,4.488,3.085
45.521595286,1790241624.9748886,1.5277777910232544,-1.5277777910232544,4.207,2.384
45.537337762,1790241624.9907038,1.5277777910232544,-1.5277777910232544,4.067,1.683
45.540527976,1790241624.993842,1.5277777910232544,-1.5277777910232544,3.787,0.701
45.557205453,1790241625.0104518,1.5277777910232544,-1.5277777910232544,3.366,0.0
45.559052852,1790241625.012243,1.5277777910232544,-1.5277777910232544,2.945,-0.561
45.578541115,1790241625.0319448,1.5277777910232544,-1.5277777910232544,2.805,-0.701
45.581888725000006,1790241625.0351517,1.5277777910232544,-1.5277777910232544,2.244,-0.982
45.597233908,1790241625.0506034,1.5277777910232544,-1.5277777910232544,1.963,-0.982
45.600722508000004,1790241625.0539966,1.5277777910232544,-1.5277777910232544,1.543,-1.122
45.617489829,1790241625.070745,1.5277777910232544,-1.5277777910232544,1.402,-1.122
45.619365248,1790241625.072536,1.5277777910232544,-1.5277777910232544,1.122,-0.982
45.63762278,1790241625.0908992,1.5277777910232544,-1.5277777910232544,0.982,-0.841
45.639779034,1790241625.0929987,1.5277777910232544,-1.5277777910232544,0.982,-0.701
45.657108491,1790241625.1103675,1.5277777910232544,-1.5277777910232544,0.982,-0.841
45.658761359,1790241625.111915,1.5277777910232544,-1.5277777910232544,0.982,-0.701
45.678371133000006,1790241625.1317384,1.5277777910232544,-1.5277777910232544,1.122,-0.561
45.68169317,1790241625.13503,1.5277777910232544,-1.5277777910232544,1.122,-0.561
45.697166634000006,1790241625.150512,1.5277777910232544,-1.5277777910232544,1.122,-0.701
45.700462056000006,1790241625.1537545,1.5277777910232544,-1.5277777910232544,1.262,-0.561
45.717286305,1790241625.1705441,1.5277777910232544,-1.5277777910232544,1.402,-0.561
45.719157974000005,1790241625.1723278,1.5277777910232544,-1.5277777910232544,1.543,-0.561
45.738519414,1790241625.191833,1.5277777910232544,-1.5277777910232544,1.543,-0.561
45.741461815,1790241625.1946967,1.5277777910232544,-1.5277777910232544,1.543,-0.561
45.756980957,1790241625.210325,1.5277777910232544,-1.5277777910232544,1.823,-0.701
45.760250702,1790241625.2135234,1.5277777910232544,-1.5277777910232544,1.823,-0.701
45.777350472,1790241625.230609,1.5277777910232544,-1.5277777910232544,1.963,-0.841
45.779269017000004,1790241625.2324607,1.5277777910232544,-1.5277777910232544,2.244,-0.982
45.798504050000005,1790241625.2518332,1.5277777910232544,-1.5277777910232544,2.104,-0.982
45.801350826000004,1790241625.254605,1.5277777910232544,-1.5277777910232544,2.244,-1.122
45.817292885,1790241625.2705362,1.5277777910232544,-1.5277777910232544,2.384,-1.262
45.819157367,1790241625.2723303,1.5277777910232544,-1.5277777910232544,2.244,-1.262
45.838115526,1790241625.2914124,1.5277777910232544,-1.5277777910232544,2.384,-1.402
45.840718811,1790241625.2939632,1.5277777910232544,-1.5277777910232544,2.524,-1.262
45.857056236000005,1790241625.3102944,1.5277777910232544,-1.5277777910232544,2.524,-1.262
45.858777176000004,1790241625.311962,1.5277777910232544,-1.5277777910232544,2.384,-1.402
45.87768174,1790241625.3309438,1.5277777910232544,-1.5277777910232544,2.384,-1.683
45.88003039,1790241625.3332705,1.5277777910232544,-1.5277777910232544,2.384,-1.963
45.898142245,1790241625.3514514,1.5277777910232544,-1.5277777910232544,2.384,-1.963
45.900701468,1790241625.3539274,1.5277777910232544,-1.5277777910232544,2.524,-1.823
45.919107281,1790241625.372476,1.5277777910232544,-1.5277777910232544,2.384,-1.823
45.922924736000006,1790241625.376324,1.5277777910232544,-1.5277777910232544,2.244,-1.963
45.937106167,1790241625.3903308,1.5277777910232544,-1.5277777910232544,2.104,-1.823
45.938725440000006,1790241625.3918905,1.5277777910232544,-1.5277777910232544,1.963,-1.963
45.958734798,1790241625.4120612,1.5277777910232544,-1.5277777910232544,1.963,-1.683
45.961985325,1790241625.4152446,1.5277777910232544,-1.5277777910232544,2.104,-1.262
45.980142023000006,1790241625.4334054,1.5277777910232544,-1.5277777910232544,2.104,-0.701
45.982541767,1790241625.435787,1.5277777910232544,-1.5277777910232544,2.244,-0.421
45.998605545000004,1790241625.45195,1.5277777910232544,-1.5277777910232544,2.244,-0.28
46.001900446,1790241625.4552195,1.5277777910232544,-1.5277777910232544,1.823,-0.28
46.016932712000006,1790241625.4701536,1.5277777910232544,-1.5277777910232544,1.402,0.0
46.018473236000005,1790241625.4716294,1.5277777910232544,-1.5277777910232544,0.841,0.0
46.037989207,1790241625.4912894,1.5277777910232544,-1.5277777910232544,0.701,0.0
46.040617337,1790241625.493863,1.5277777910232544,-1.5277777910232544,0.982,0.0
46.057015126,1790241625.5103078,1.5277777910232544,-1.5277777910232544,0.982,0.0
46.058741431,1790241625.511923,1.5277777910232544,-1.5277777910232544,1.262,0.0
46.077674381,1790241625.530944,1.5277777910232544,-1.5277777910232544,1.402,-0.14
46.080356833,1790241625.533599,1.5277777910232544,-1.5277777910232544,1.543,-0.421
46.098548167000004,1790241625.5518703,1.5277777910232544,-1.5277777910232544,1.402,-0.701
46.101363797000005,1790241625.5546207,1.5277777910232544,-1.5277777910232544,1.543,-0.561
46.123496387,1790241625.5767798,1.5277777910232544,-1.5277777910232544,1.543,-0.701
46.125375037000005,1790241625.5785787,1.5277777910232544,-1.5277777910232544,1.683,-0.841
46.127062227,1790241625.5802355,1.5277777910232544,-1.5277777910232544,1.683,-1.122
46.137320318,1790241625.5905652,1.5277777910232544,-1.5277777910232544,1.683,-1.262
46.158465928000005,1790241625.6118395,1.5277777910232544,-1.5277777910232544,1.683,-1.122
46.161770412,1790241625.6150568,1.5277777910232544,-1.5277777910232544,1.823,-1.262
46.177469867000006,1790241625.6308448,1.5277777910232544,-1.5277777910232544,1.963,-1.262
46.180775081,1790241625.6340868,1.5277777910232544,-1.5277777910232544,1.823,-1.262
46.197916621000005,1790241625.6512153,1.5277777910232544,-1.5277777910232544,1.823,-1.262
46.200424022,1790241625.653737,1.5277777910232544,-1.5277777910232544,1.823,-1.402
46.217177905,1790241625.6704001,1.5277777910232544,-1.5277777910232544,1.823,-1.543
46.218777543,1790241625.6719315,1.5277777910232544,-1.5277777910232544,1.683,-1.543
46.237598826,1790241625.6908762,1.5277777910232544,-1.5277777910232544,1.543,-1.543
46.239679975,1790241625.6928928,1.5277777910232544,-1.5277777910232544,1.543,-1.683
46.257142922,1790241625.7103815,1.5277777910232544,-1.5277777910232544,1.262,-1.543
46.258760842,1790241625.7119145,1.5277777910232544,-1.5277777910232544,1.262,-1.683
46.282332706000005,1790241625.7356112,1.5277777910232544,-1.5277777910232544,1.262,-1.683
46.284678543000005,1790241625.7379007,1.5277777910232544,-1.5277777910232544,1.402,-1.683
46.286841255000006,1790241625.7400515,1.5277777910232544,-1.5277777910232544,1.262,-1.543
46.296899815,1790241625.7501228,1.5277777910232544,-1.5277777910232544,1.402,-1.683
46.319323395000005,1790241625.7728019,1.5277777910232544,-1.5277777910232544,1.262,-1.543
46.323200850000006,1790241625.7765708,1.5277777910232544,-1.5277777910232544,1.262,-1.543
46.336959624,1790241625.7901971,1.5277777910232544,-1.5277777910232544,1.262,-1.683
46.338565252,1790241625.7917402,1.5277777910232544,-1.5277777910232544,1.122,-1.683
46.359370913,1790241625.8129754,1.5277777910232544,-1.5277777910232544,1.262,-1.683
46.363027326,1790241625.8163447,1.5277777910232544,-1.5277777910232544,1.122,-1.683
46.377113027,1790241625.8303525,1.5277777910232544,-1.5277777910232544,1.122,-1.543
46.378750999000005,1790241625.8319144,1.5277777910232544,-1.5277777910232544,1.262,-1.683
46.399474368,1790241625.8528802,1.5277777910232544,-1.5277777910232544,1.262,-1.683
46.40317401,1790241625.8565404,1.5277777910232544,-1.5277777910232544,1.262,-1.823
46.417967838,1790241625.8713045,1.5277777910232544,-1.5277777910232544,1.262,-1.823
46.420903,1790241625.8741884,1.5277777910232544,-1.5277777910232544,1.262,-1.823
46.437260684,1790241625.8905075,1.5277777910232544,-1.5277777910232544,1.122,-1.963
46.439021312,1790241625.8922055,1.5277777910232544,-1.5277777910232544,1.122,-1.823
46.457555355000004,1790241625.910773,1.5277777910232544,-1.5277777910232544,1.122,-1.823
46.45938291,1790241625.9126968,1.5277777910232544,-1.5277777910232544,0.982,-1.823
46.477991068,1790241625.9314086,1.5277777910232544,-1.5277777910232544,0.982,-1.683
46.480422270000005,1790241625.93366,1.5277777910232544,-1.5277777910232544,0.982,-1.823
46.498671312000006,1790241625.9520817,1.5277777910232544,-1.5277777910232544,0.982,-1.683
46.502370329,1790241625.9556818,1.5277777910232544,-1.5277777910232544,0.982,-1.683
46.517318949,1790241625.9706502,1.5277777910232544,-1.5277777910232544,0.982,-1.823
46.520337652,1790241625.9736183,1.5277777910232544,-1.5277777910232544,0.982,-1.823
46.538631226,1790241625.9919004,1.5277777910232544,-1.5277777910232544,0.982,-1.823
46.54044727,1790241625.9936304,1.5277777910232544,-1.5277777910232544,1.122,-1.683
46.557665321,1790241626.0109484,1.5277777910232544,-1.5277777910232544,1.262,-1.823
46.560262149,1790241626.0134854,1.5277777910232544,-1.5277777910232544,1.262,-1.543
46.577238584,1790241626.0305862,1.5277777910232544,-1.5277777910232544,1.402,-1.543
46.580462080000004,1790241626.0337896,1.5277777910232544,-1.5277777910232544,1.262,-1.543
46.597314661000006,1790241626.0505505,1.5277777910232544,-1.5277777910232544,1.402,-1.543
46.599157998,1790241626.0523503,1.5277777910232544,-1.5277777910232544,1.262,-1.402
46.618213239000006,1790241626.0715065,1.5277777910232544,-1.5277777910232544,1.262,-1.402
46.621029807000006,1790241626.0742865,1.5277777910232544,-1.5277777910232544,1.402,-1.262
46.644683546,1790241626.097927,1.5277777910232544,-1.5277777910232544,1.262,-1.262
46.646572768000006,1790241626.0997744,1.5277777910232544,-1.5277777910232544,1.402,-1.122
46.648531677,1790241626.1017437,1.5277777910232544,-1.5277777910232544,1.402,-1.122
46.657103099000004,1790241626.1103272,1.5277777910232544,-1.5277777910232544,1.402,-0.982
46.678928657,1790241626.132328,1.5277777910232544,-1.5277777910232544,1.402,-1.122
46.682737883,1790241626.1360686,1.5277777910232544,-1.5277777910232544,1.402,-1.122
46.701622134000004,1790241626.1548805,1.5277777910232544,-1.5277777910232544,1.543,-1.122
46.703520471000004,1790241626.1567984,1.5277777910232544,-1.5277777910232544,1.543,-1.122
46.717142266,1790241626.1703794,1.5277777910232544,-1.5277777910232544,1.402,-1.122
46.718742685,1790241626.1719084,1.5277777910232544,-1.5277777910232544,1.402,-1.262
46.738928241,1790241626.1922574,1.5277777910232544,-1.5277777910232544,1.402,-1.262
46.742188091,1790241626.195505,1.5277777910232544,-1.5277777910232544,1.262,-1.262
46.757001762,1790241626.2102306,1.5277777910232544,-1.5277777910232544,1.402,-1.402
46.758608171000006,1790241626.2117584,1.5277777910232544,-1.5277777910232544,1.402,-1.402
46.778562685000004,1790241626.2319326,1.5277777910232544,-1.5277777910232544,1.262,-1.262
46.781846024000004,1790241626.2351048,1.5277777910232544,-1.5277777910232544,1.402,-1.543
46.797566156,1790241626.2509143,1.5277777910232544,-1.5277777910232544,1.402,-1.122
46.801038974,1790241626.2543116,1.5277777910232544,-1.5277777910232544,1.262,-1.262
46.817261034000005,1790241626.2704976,1.5277777910232544,-1.5277777910232544,1.543,-1.402
46.819132495000005,1790241626.272303,1.5277777910232544,-1.5277777910232544,1.122,-0.982
46.837311694,1790241626.2905705,1.5277777910232544,-1.5277777910232544,1.402,-1.122
46.839199822000005,1790241626.2923918,1.5277777910232544,-1.5277777910232544,1.543,-1.122
46.857106416,1790241626.3103302,1.5277777910232544,-1.5277777910232544,1.402,-0.982
46.858667825000005,1790241626.3118198,1.5277777910232544,-1.5277777910232544,1.543,-1.122
46.876876034000006,1790241626.3301296,1.5277777910232544,-1.5277777910232544,1.402,-0.982
46.878552286,1790241626.3317492,1.5277777910232544,-1.5277777910232544,1.683,-1.122
46.897875653,1790241626.3512385,1.5277777910232544,-1.5277777910232544,1.683,-1.122
46.901156753,1790241626.3544292,1.5277777910232544,-1.5277777910232544,1.823,-1.122
46.925580545,1790241626.3788555,5.0,5.0,1.963,-0.982
46.927642893000005,1790241626.380836,5.0,5.0,1.823,-0.982
46.929596073000006,1790241626.3828042,5.0,5.0,1.823,-1.122
46.93702093,1790241626.3902655,5.0,5.0,1.823,-1.262
46.959138468000006,1790241626.4125006,5.0,5.0,1.683,-1.402
46.963050663000004,1790241626.416392,5.0,5.0,1.543,-1.402
46.977423657,1790241626.4307268,5.0,5.0,1.963,-0.841
46.980300537000005,1790241626.4335742,5.0,5.0,2.244,-0.28
46.997239577,1790241626.4504757,5.0,5.0,2.805,0.701
46.999034319,1790241626.452203,5.0,5.0,3.085,1.683
47.018490916000005,1790241626.4718468,5.0,5.0,3.226,2.384
47.021618004000004,1790241626.47492,5.0,5.0,3.646,2.524
47.037064750000006,1790241626.4902904,5.0,5.0,3.787,2.665
47.038650951,1790241626.4918253,5.0,5.0,3.927,3.085
47.057024004000006,1790241626.5102494,5.0,5.0,4.067,3.646
47.058549475,1790241626.5117104,5.0,5.0,4.348,3.787
47.078756646,1790241626.5320857,5.0,5.0,4.488,3.787
47.081856026000004,1790241626.5351188,5.0,5.0,4.488,4.067
47.098036315,1790241626.5513706,5.0,5.0,4.207,4.207
47.100768194000004,1790241626.5540185,5.0,5.0,4.488,4.207
47.117179577,1790241626.570425,5.0,5.0,4.768,4.067
47.118959632000006,1790241626.5721283,5.0,5.0,4.909,4.488
47.138311906000006,1790241626.5916576,5.0,5.0,4.909,4.768
47.14128988,1790241626.594546,5.0,5.0,5.47,4.488
47.157580585000005,1790241626.6109366,5.0,5.0,5.189,4.768
47.160684705,1790241626.6139588,5.0,5.0,5.189,4.909
47.177253067,1790241626.6304994,5.0,5.0,5.47,4.768
47.179047862000004,1790241626.632216,5.0,5.0,5.329,4.909
47.198228572000005,1790241626.651529,5.0,5.0,5.189,5.189
47.200951963,1790241626.6542277,5.0,5.0,5.47,5.049
47.218423191,1790241626.671795,5.0,5.0,5.329,5.049
47.221528457000005,1790241626.6748374,5.0,5.0,5.049,5.189
47.237045307,1790241626.6902716,5.0,5.0,5.329,5.049
47.238616507,1790241626.691795,5.0,5.0,5.189,5.049
47.257000914,1790241626.7102304,5.0,5.0,5.049,5.049
47.258566646000006,1790241626.7117183,5.0,5.0,4.909,5.189
47.278789859,1790241626.7321222,5.0,5.0,5.189,4.768
47.282056479000005,1790241626.7353582,5.0,5.0,4.909,5.049
47.296855463,1790241626.750092,5.0,5.0,4.909,5.049
47.29839958,1790241626.7515492,5.0,5.0,5.189,4.909
47.318539147,1790241626.7718737,5.0,5.0,4.909,5.049
47.321643371,1790241626.77492,5.0,5.0,4.909,5.189
47.338098504,1790241626.7914674,5.0,5.0,5.049,4.909
47.341317624000006,1790241626.7945752,5.0,5.0,4.909,5.049
47.357044943000005,1790241626.810282,5.0,5.0,4.768,5.049
47.358701612000004,1790241626.811883,5.0,5.0,5.049,5.049
47.378624147000004,1790241626.8319712,5.0,5.0,4.768,4.909
47.381738163,1790241626.835016,5.0,5.0,4.768,5.049
47.397537670000006,1790241626.8508832,5.0,5.0,4.909,4.909
47.400734446,1790241626.854022,5.0,5.0,4.909,4.909
47.418535571,1790241626.871768,5.0,5.0,4.768,5.049
47.420264428,1790241626.8734527,5.0,5.0,5.049,4.909
47.437521958000005,1790241626.89079,5.0,5.0,4.909,5.049
47.439474409000006,1790241626.8927433,5.0,5.0,4.768,5.049
47.457032930000004,1790241626.9102545,5.0,5.0,5.049,5.049
47.458563818,1790241626.9117317,5.0,5.0,5.049,5.049
47.479713594,1790241626.9331145,5.0,5.0,4.909,5.189
47.48350433,1790241626.9369514,5.0,5.0,4.909,5.189
47.497194041,1790241626.9504316,5.0,5.0,5.049,4.909
47.498734877000004,1790241626.9518986,5.0,5.0,4.909,5.189
47.517676056000006,1790241626.97096,5.0,5.0,4.909,5.049
47.520097831,1790241626.9733198,5.0,5.0,5.049,4.909
47.538047914,1790241626.9914293,5.0,5.0,4.768,4.909
47.541668702,1790241626.9949825,5.0,5.0,4.909,5.049
47.556930708,1790241627.0101702,5.0,5.0,5.049,5.049
47.558489773000005,1790241627.0116515,5.0,5.0,5.049,5.049
47.588328054,1790241627.0416245,5.0,5.0,4.909,5.049
47.590155818,1790241627.043325,5.0,5.0,5.189,5.049
47.591869258,1790241627.0450563,5.0,5.0,5.329,5.049
47.59712734,1790241627.0503526,5.0,5.0,5.049,5.049
47.618432169,1790241627.0718138,5.0,5.0,5.189,5.049
47.622008998000005,1790241627.0753455,5.0,5.0,5.329,4.909
47.636975483,1790241627.0902188,5.0,5.0,5.189,5.189
47.638535850000004,1790241627.0917072,5.0,5.0,5.61,4.768
47.656994632,1790241627.1102126,5.0,5.0,5.61,4.768
47.658498333000004,1790241627.1116502,5.0,5.0,5.75,5.189
47.679456702,1790241627.1330009,5.0,5.0,5.89,5.189
47.683843533,1790241627.1372366,5.0,5.0,5.75,5.049
47.697168087,1790241627.150408,5.0,5.0,5.189,5.049
47.698764601,1790241627.1519346,5.0,5.0,5.189,4.909
47.717760779,1790241627.1710222,5.0,5.0,4.768,4.768
47.720159169000006,1790241627.1734028,5.0,5.0,4.768,5.049
47.743263428000006,1790241627.1965232,5.0,5.0,4.909,5.049
47.745119525,1790241627.1983147,5.0,5.0,4.768,4.909
47.74674859,1790241627.1999116,5.0,5.0,4.628,4.909
47.757426734000006,1790241627.210668,5.0,5.0,4.768,5.049
47.778765417,1790241627.2321975,5.0,5.0,4.768,4.768
47.782526986,1790241627.2358625,5.0,5.0,4.488,4.909
47.797097116,1790241627.250401,5.0,5.0,4.488,4.909
47.800018319,1790241627.253287,5.0,5.0,4.768,4.768
47.817418974000006,1790241627.2706625,5.0,5.0,4.628,4.768
47.819354811000004,1790241627.2725317,5.0,5.0,4.628,4.909
47.84197511,1790241627.2952526,5.0,5.0,5.049,4.628
47.843819176000004,1790241627.2970119,5.0,5.0,4.768,4.768
47.857228158000005,1790241627.3104377,5.0,5.0,4.768,5.049
47.858758473,1790241627.3119125,5.0,5.0,5.049,4.768
47.878875123,1790241627.3322418,5.0,5.0,5.049,4.909
47.882601692,1790241627.336026,5.0,5.0,4.768,5.049
47.898193698,1790241627.351538,5.0,5.0,5.189,5.049
47.901118963,1790241627.3544505,5.0,5.0,5.189,4.909
47.917125137000006,1790241627.370376,5.0,5.0,5.049,5.049
47.918701286,1790241627.371853,5.0,5.0,5.189,5.049
47.938797935000004,1790241627.392145,5.0,5.0,5.189,4.909
47.941927993,1790241627.39521,5.0,5.0,5.049,5.049
47.958001771000006,1790241627.41132,5.0,5.0,5.189,4.909
47.960752973000005,1790241627.4139993,5.0,5.0,5.189,4.909
47.97804842,1790241627.4314222,5.0,5.0,5.049,5.049
47.981161134000004,1790241627.4344537,5.0,5.0,5.189,5.189
47.997320016,1790241627.4507642,5.0,5.0,5.47,5.189
48.000997366,1790241627.4543638,5.0,5.0,5.049,5.189
48.017299478000005,1790241627.4705384,5.0,5.0,5.189,5.189
48.019093596000005,1790241627.472274,5.0,5.0,5.329,5.049
48.037938004000004,1790241627.4912367,5.0,5.0,5.189,5.049
48.040505612000004,1790241627.4937656,5.0,5.0,5.049,5.049
48.057012099000005,1790241627.510265,5.0,5.0,5.329,5.049
48.058694654,1790241627.5118911,5.0,5.0,5.189,5.049
48.077562344,1790241627.5308723,5.0,5.0,5.189,5.189
48.079946827,1790241627.5331614,5.0,5.0,5.329,5.049
48.098467067,1790241627.55178,5.0,5.0,5.329,5.189
48.101174728000004,1790241627.554439,5.0,5.0,5.189,5.329
48.117231996,1790241627.5704653,5.0,5.0,5.189,5.049
48.119026478,1790241627.5721962,5.0,5.0,5.189,5.049
48.138476095,1790241627.591824,5.0,5.0,5.329,5.47
48.141635580000006,1790241627.5949378,5.0,5.0,5.47,5.189
48.15710644,1790241627.6104894,5.0,5.0,5.329,5.47
48.160535040000006,1790241627.6138444,5.0,5.0,5.47,5.47
48.177262361000004,1790241627.6305008,5.0,5.0,5.61,5.329
48.179052729000006,1790241627.6322503,5.0,5.0,5.47,5.329
48.198422189000006,1790241627.6518261,5.0,5.0,5.47,5.47
48.201636778,1790241627.6549563,5.0,5.0,5.61,5.329
48.216934357,1790241627.6703184,5.0,5.0,5.47,5.329
48.220412644,1790241627.673779,5.0,5.0,5.329,5.47
48.237386945000004,1790241627.6906304,5.0,5.0,5.47,5.189
48.239169448000006,1790241627.6923366,5.0,5.0,5.329,5.47
48.256988281000005,1790241627.7102056,5.0,5.0,5.47,5.47
48.258522711000005,1790241627.7116785,5.0,5.0,5.329,5.329
48.278661912000004,1790241627.7320068,5.0,5.0,5.329,5.329
48.281786970000006,1790241627.7350514,5.0,5.0,5.189,5.329
48.296937986,1790241627.7501783,5.0,5.0,5.329,5.189
48.298495697,1790241627.7516491,5.0,5.0,5.329,5.189
48.318424013000005,1790241627.771776,5.0,5.0,5.329,5.329
48.321542195000006,1790241627.774818,5.0,5.0,5.329,5.189
48.33710191,1790241627.7904773,5.0,5.0,5.47,5.329
48.340433166000004,1790241627.7937658,5.0,5.0,5.329,5.329
48.357217258000006,1790241627.8104615,5.0,5.0,5.329,5.189
48.358981584000006,1790241627.8121843,5.0,5.0,5.329,5.189
48.378431097,1790241627.8318315,5.0,5.0,5.329,5.329
48.381591050000004,1790241627.8348973,5.0,5.0,5.329,5.189
48.397140556000004,1790241627.850512,5.0,5.0,5.189,5.189
48.401034469,1790241627.8544364,5.0,5.0,5.329,5.329
48.417372779000004,1790241627.8705976,5.0,5.0,5.189,5.329
48.418884136,1790241627.8720367,5.0,5.0,5.189,5.329
48.437789117,1790241627.8910763,5.0,5.0,5.189,5.329
48.440019225,1790241627.8932478,5.0,5.0,5.049,5.329
48.457029150000004,1790241627.9102454,5.0,5.0,5.189,5.329
48.458584517000006,1790241627.9117393,5.0,5.0,5.049,5.329
48.479268095,1790241627.9326832,5.0,5.0,5.189,5.329
48.48297435200001,1790241627.9363425,5.0,5.0,5.049,5.329
48.496960261000005,1790241627.9501863,5.0,5.0,4.909,5.189
48.498561879,1790241627.9517224,5.0,5.0,5.049,5.329
48.518611653,1790241627.972006,5.0,5.0,4.909,5.189
48.521796711,1790241627.975075,5.0,5.0,4.768,5.329
48.537334863000005,1790241627.9907174,5.0,5.0,4.909,5.049
48.540442420000005,1790241627.9937315,5.0,5.0,4.768,5.189
48.557191616000004,1790241628.0104249,5.0,5.0,4.909,5.329
48.558914744000006,1790241628.0121024,5.0,5.0,4.768,5.049
48.578448684,1790241628.0318294,5.0,5.0,4.909,5.049
48.581550669,1790241628.0348542,5.0,5.0,4.768,5.189
48.597382936,1790241628.0507126,5.0,5.0,5.049,5.049
48.60068914,1790241628.0539656,5.0,5.0,5.049,5.049
48.617225419,1790241628.0704582,5.0,5.0,5.049,5.049
48.618987036,1790241628.0721788,5.0,5.0,5.049,5.189
48.637988892,1790241628.091287,5.0,5.0,4.909,5.189
48.640426240000004,1790241628.0937011,5.0,5.0,4.909,5.189
48.65703778,1790241628.1102977,5.0,5.0,5.049,5.049
48.658745803,1790241628.1119328,5.0,5.0,5.049,5.189
48.677567763000006,1790241628.1308546,5.0,5.0,5.189,5.189
48.679935007000005,1790241628.133188,5.0,5.0,5.049,5.329
48.697961809000006,1790241628.1512825,5.0,5.0,5.049,5.189
48.700623428,1790241628.1539323,5.0,5.0,5.049,5.329
48.718900283,1790241628.1722744,5.0,5.0,5.049,5.189
48.722533623000004,1790241628.175876,5.0,5.0,5.189,5.189
48.736976356,1790241628.1902184,5.0,5.0,5.049,5.189
48.738577765,1790241628.1917632,5.0,5.0,4.768,5.189
48.757567069000004,1790241628.2108588,5.0,5.0,4.768,5.189
48.759919157000006,1790241628.2131405,5.0,5.0,4.628,5.189
48.778383512000005,1790241628.2316856,5.0,5.0,4.909,5.049
48.781103673000004,1790241628.234358,5.0,5.0,4.909,5.049
48.797277920000006,1790241628.2505155,5.0,5.0,4.768,5.049
48.799066308,1790241628.2522464,5.0,5.0,4.768,5.049
48.818463373,1790241628.2718349,5.0,5.0,5.049,5.049
48.82162322200001,1790241628.2749233,5.0,5.0,4.909,4.909
48.837157051000005,1790241628.2904894,5.0,5.0,5.049,4.909
48.838944034,1790241628.292133,5.0,5.0,5.049,4.768
48.857061565,1790241628.3102827,5.0,5.0,5.049,4.909
48.858584745,1790241628.3117554,5.0,5.0,5.049,4.909
48.878462384,1790241628.3318272,5.0,5.0,5.049,4.909
48.881635566,1790241628.3349385,5.0,5.0,5.189,4.909
48.897405906,1790241628.3507454,5.0,5.0,5.049,5.049
48.900362682,1790241628.353645,5.0,5.0,5.049,5.049
48.925837622,1790241628.379125,5.0,5.0,5.049,4.909
48.928282158,1790241628.381506,5.0,5.0,5.049,5.049
48.930351120000005,1790241628.3835201,5.0,5.0,5.049,4.768
48.958964295,1790241628.4123669,5.0,5.0,4.768,4.628
48.962687009,1790241628.4160483,5.0,5.0,4.348,4.207
48.966467641,1790241628.419844,5.0,5.0,3.927,3.927
48.968924572000006,1790241628.4221082,5.0,5.0,3.226,3.366
48.977247139000006,1790241628.4307103,5.0,5.0,3.085,3.226
48.99724082,1790241628.4504876,5.0,5.0,2.945,3.226
48.999021344000006,1790241628.4522073,5.0,5.0,2.945,3.085
49.01775971,1790241628.471072,5.0,5.0,3.085,3.085
49.020140287000004,1790241628.473353,5.0,5.0,3.226,3.226
49.037683598,1790241628.4909751,5.0,5.0,3.085,3.506
49.039874019,1790241628.493173,5.0,5.0,2.945,3.506
49.057141757000004,1790241628.5104225,5.0,5.0,2.665,3.366
49.058911031,1790241628.5121343,5.0,5.0,2.945,3.226
49.086014516000006,1790241628.539248,5.0,5.0,3.085,3.366
49.087568737000005,1790241628.540801,5.0,5.0,3.366,3.787
49.089121032,1790241628.5422742,5.0,5.0,3.506,4.207
49.118268218000004,1790241628.5715706,5.0,5.0,3.927,4.207
49.121393588000004,1790241628.574651,5.0,5.0,4.207,4.207
49.123793071,1790241628.577028,5.0,5.0,4.067,4.488
49.137978617,1790241628.5912602,5.0,5.0,4.207,4.628
49.140622007000005,1790241628.5939221,5.0,5.0,4.488,4.768
49.157552869,1790241628.6107953,5.0,5.0,4.768,4.768
49.159178341,1790241628.612366,5.0,5.0,4.768,4.909
49.177646811,1790241628.6309302,5.0,5.0,4.768,5.189
49.180002752,1790241628.6332223,5.0,5.0,5.049,4.768
49.198530857,1790241628.651847,5.0,5.0,5.049,5.049
49.201235185,1790241628.6545014,5.0,5.0,4.909,5.189
49.217118234000004,1790241628.6703513,5.0,5.0,5.049,5.049
49.220172510000005,1790241628.6734931,5.0,5.0,5.049,5.189
49.237277852000005,1790241628.6905308,5.0,5.0,5.049,5.189
49.239091449,1790241628.6922686,5.0,5.0,5.189,5.189
49.265037119000006,1790241628.7182968,5.0,5.0,5.189,5.189
49.267049050000004,1790241628.720248,5.0,5.0,5.189,5.329
49.269009938,1790241628.722201,5.0,5.0,5.189,5.049
49.299315668000006,1790241628.7527888,5.0,5.0,5.189,5.189
49.303188956,1790241628.7566173,5.0,5.0,5.189,5.049
49.307165526000006,1790241628.7604568,5.0,5.0,5.189,4.909
49.309108029,1790241628.7623267,5.0,5.0,5.049,4.909
49.319752214000005,1790241628.773004,5.0,5.0,5.049,4.909
49.337577818,1790241628.79084,5.0,5.0,5.189,4.768
49.339500061,1790241628.792929,5.0,5.0,5.049,4.768
49.358514209000006,1790241628.8118408,5.0,5.0,4.909,4.909
49.361436037000004,1790241628.8147206,5.0,5.0,5.049,4.768
49.377373408000004,1790241628.8307412,5.0,5.0,5.329,5.049
49.380728414000004,1790241628.83404,5.0,5.0,5.189,5.189
49.397076307000006,1790241628.8503087,5.0,5.0,5.189,5.189
49.398715998,1790241628.8518746,5.0,5.0,5.329,5.049
49.418786033,1790241628.8721328,5.0,5.0,5.189,5.189
49.421920361000005,1790241628.875178,5.0,5.0,5.049,5.189
49.437234606000004,1790241628.8904662,5.0,5.0,5.189,4.909
49.438967526000006,1790241628.8921533,5.0,5.0,5.189,5.049
49.457192714,1790241628.9104562,5.0,5.0,5.189,4.909
49.45914178,1790241628.9123516,5.0,5.0,4.909,4.768
49.477440041,1790241628.9308372,5.0,5.0,4.909,4.909
49.480678536000006,1790241628.934003,5.0,5.0,4.768,4.628
49.497160023000006,1790241628.950401,5.0,5.0,4.909,4.488
49.498825807,1790241628.9519873,5.0,5.0,4.909,4.768
49.51872204,1790241628.9720685,5.0,5.0,4.628,4.768
49.521822983,1790241628.975104,5.0,5.0,4.909,4.488
49.53699202,1790241628.9902287,5.0,5.0,4.628,4.488
49.538518481000004,1790241628.9916806,5.0,5.0,4.628,4.768
49.558883099000006,1790241629.0122447,5.0,5.0,4.768,4.628
49.562084147,1790241629.0153039,5.0,5.0,4.909,4.488
49.577588705000004,1790241629.030862,5.0,5.0,4.628,4.768
49.579754959000006,1790241629.03297,5.0,5.0,4.628,4.909
49.598862127000004,1790241629.0522468,5.0,5.0,4.909,4.488
49.602523019,1790241629.055853,5.0,5.0,4.909,4.768
49.61717018,1790241629.070471,5.0,5.0,4.768,5.049
49.620090029,1790241629.0733886,5.0,5.0,4.909,4.768
49.637485944000005,1790241629.0907483,5.0,5.0,5.049,4.628
49.639410375000004,1790241629.0925987,5.0,5.0,4.628,5.049
49.65706551,1790241629.1103032,5.0,5.0,4.909,4.909
49.658639523000005,1790241629.1118045,5.0,5.0,5.049,4.768
49.679054246,1790241629.132475,5.0,5.0,4.909,5.189
49.682743523000006,1790241629.1360643,5.0,5.0,4.909,5.049
49.697112350000005,1790241629.1503386,5.0,5.0,5.049,4.909
49.698928187,1790241629.152158,5.0,5.0,4.909,5.189
49.718543742,1790241629.1718574,5.0,5.0,5.049,5.189
49.721227757,1790241629.1745255,5.0,5.0,5.189,5.049
49.737383149,1790241629.1907053,5.0,5.0,5.049,5.189
49.740724301,1790241629.1940906,5.0,5.0,4.909,5.189
49.757091725,1790241629.2103512,5.0,5.0,5.189,5.049
49.758839697000006,1790241629.212001,5.0,5.0,5.049,5.189
49.77882718,1790241629.2321718,5.0,5.0,5.049,5.189
49.781970102,1790241629.2352326,5.0,5.0,5.189,5.049
49.796960597,1790241629.2502148,5.0,5.0,5.189,5.049
49.800034196000006,1790241629.2533915,5.0,5.0,4.909,5.049
49.817196153000005,1790241629.270447,5.0,5.0,5.049,5.049
49.819001312000005,1790241629.2721696,5.0,5.0,5.049,4.909
49.837641553000005,1790241629.2909143,5.0,5.0,4.909,5.189
49.839868640000006,1790241629.2930999,5.0,5.0,4.909,4.909
49.857152889000005,1790241629.3103883,5.0,5.0,4.909,5.049
49.858706121000004,1790241629.3118622,5.0,5.0,4.488,4.909
49.877620060000005,1790241629.330982,5.0,5.0,4.348,4.348
49.880659336,1790241629.3339565,5.0,5.0,3.927,4.067
49.897069313,1790241629.3503168,5.0,5.0,3.226,3.226
49.898741868,1790241629.3519018,5.0,5.0,2.524,2.805
49.91879586100001,1790241629.3721638,5.0,5.0,2.244,2.524
49.922245190000005,1790241629.3756492,5.0,5.0,1.823,2.104
49.938148551000005,1790241629.3913772,1.5277777910232544,-1.5277777910232544,1.683,1.823
49.939775272000006,1790241629.3929443,1.5277777910232544,-1.5277777910232544,1.543,1.543
49.958552545,1790241629.4119205,1.5277777910232544,-1.5277777910232544,1.262,1.402
49.96165812300001,1790241629.414944,1.5277777910232544,-1.5277777910232544,1.262,0.982
49.977213202,1790241629.4306254,1.5277777910232544,-1.5277777910232544,1.122,0.701
49.980598677,1790241629.4338932,1.5277777910232544,-1.5277777910232544,0.982,0.14
49.997243966000006,1790241629.450602,1.5277777910232544,-1.5277777910232544,0.701,-0.561
50.000537566000006,1790241629.4538212,1.5277777910232544,-1.5277777910232544,0.841,-0.982
50.01727848,1790241629.4705377,1.5277777910232544,-1.5277777910232544,0.841,-1.402
50.019140931,1790241629.4723237,1.5277777910232544,-1.5277777910232544,0.982,-1.543
50.038133256,1790241629.4914217,1.5277777910232544,-1.5277777910232544,0.982,-1.543
50.040712115000005,1790241629.4939437,1.5277777910232544,-1.5277777910232544,1.122,-1.122
50.057179539,1790241629.5103858,1.5277777910232544,-1.5277777910232544,1.543,-1.262
50.058790011000006,1790241629.5119479,1.5277777910232544,-1.5277777910232544,1.543,-1.262
50.077876086,1790241629.5312612,1.5277777910232544,-1.5277777910232544,1.543,-1.262
50.081206300000005,1790241629.5344772,1.5277777910232544,-1.5277777910232544,1.543,-1.122
50.097209661,1790241629.550458,1.5277777910232544,-1.5277777910232544,1.543,-1.122
50.100325916,1790241629.553638,1.5277777910232544,-1.5277777910232544,1.683,-1.122
50.117340581,1790241629.5705793,1.5277777910232544,-1.5277777910232544,1.683,-0.982
50.119207876000004,1790241629.5723796,1.5277777910232544,-1.5277777910232544,1.823,-0.982
50.138909786000006,1790241629.5922801,1.5277777910232544,-1.5277777910232544,1.823,-0.982
50.142245,1790241629.5955226,1.5277777910232544,-1.5277777910232544,1.963,-0.982
50.157020286000005,1790241629.610251,1.5277777910232544,-1.5277777910232544,1.963,-0.982
50.158701799000006,1790241629.6118793,1.5277777910232544,-1.5277777910232544,1.963,-1.122
50.178381833,1790241629.63168,1.5277777910232544,-1.5277777910232544,1.963,-1.122
50.181263088,1790241629.6345193,1.5277777910232544,-1.5277777910232544,1.963,-1.122
50.197277595,1790241629.6505125,1.5277777910232544,-1.5277777910232544,1.823,-1.262
50.199149578000004,1790241629.652328,1.5277777910232544,-1.5277777910232544,1.823,-1.122
50.218901696,1790241629.6722784,1.5277777910232544,-1.5277777910232544,1.823,-1.402
50.222288681,1790241629.6755557,1.5277777910232544,-1.5277777910232544,1.823,-1.262
50.237233186000005,1790241629.690456,1.5277777910232544,-1.5277777910232544,1.963,-1.262
50.238861157,1790241629.692024,1.5277777910232544,-1.5277777910232544,2.104,-1.262
50.25712046,1790241629.7103388,1.5277777910232544,-1.5277777910232544,1.823,-1.122
50.258767494000004,1790241629.7119339,1.5277777910232544,-1.5277777910232544,1.823,-1.402
50.278946071,1790241629.7322884,1.5277777910232544,-1.5277777910232544,1.683,-1.402
50.282194722,1790241629.7354877,1.5277777910232544,-1.5277777910232544,1.683,-1.402
50.298188969,1790241629.751505,1.5277777910232544,-1.5277777910232544,1.543,-1.262
50.301025588,1790241629.754304,1.5277777910232544,-1.5277777910232544,1.543,-1.402
50.317592492,1790241629.7711322,1.5277777910232544,-1.5277777910232544,1.683,-1.262
50.321085102000005,1790241629.7743576,1.5277777910232544,-1.5277777910232544,1.543,-1.122
50.337117005,1790241629.7903414,1.5277777910232544,-1.5277777910232544,1.543,-1.122
50.338819300000004,1790241629.7919805,1.5277777910232544,-1.5277777910232544,1.543,-1.122
50.359051471,1790241629.812471,1.5277777910232544,-1.5277777910232544,1.543,-1.262
50.367250652,1790241629.8207378,1.5277777910232544,-1.5277777910232544,1.402,-1.262
50.369388884,1790241629.8225985,1.5277777910232544,-1.5277777910232544,1.402,-1.262
50.398780446,1790241629.8521066,1.5277777910232544,-1.5277777910232544,1.402,-1.402
50.402203473,1790241629.855449,1.5277777910232544,-1.5277777910232544,1.262,-1.543
50.404719363000005,1790241629.8579671,1.5277777910232544,-1.5277777910232544,1.402,-1.543
50.417670739,1790241629.8709233,1.5277777910232544,-1.5277777910232544,1.262,-1.543
50.419724493000004,1790241629.8729463,1.5277777910232544,-1.5277777910232544,1.402,-1.402
50.437520513,1790241629.890794,1.5277777910232544,-1.5277777910232544,1.262,-1.543
50.439432131000004,1790241629.892997,1.5277777910232544,-1.5277777910232544,1.402,-1.402
50.457379975,1790241629.9106264,1.5277777910232544,-1.5277777910232544,1.262,-1.122
50.459147061,1790241629.9123251,1.5277777910232544,-1.5277777910232544,1.402,-1.262
50.477762823000006,1790241629.9311492,1.5277777910232544,-1.5277777910232544,1.262,-1.262
50.481128246000004,1790241629.9344583,1.5277777910232544,-1.5277777910232544,1.262,-1.122
50.497360878,1790241629.9505992,1.5277777910232544,-1.5277777910232544,1.402,-1.262
50.499218850000005,1790241629.9524128,1.5277777910232544,-1.5277777910232544,1.262,-1.122
50.523634101000006,1790241629.9768798,1.5277777910232544,-1.5277777910232544,1.402,-1.262
50.525319781,1790241629.9785616,1.5277777910232544,-1.5277777910232544,1.402,-1.262
50.526934731000004,1790241629.9800916,1.5277777910232544,-1.5277777910232544,1.262,-1.262
50.559636351,1790241630.0130372,1.5277777910232544,-1.5277777910232544,1.402,-1.122
50.563458805,1790241630.0168488,1.5277777910232544,-1.5277777910232544,1.402,-1.122
50.56736256200001,1790241630.020804,1.5277777910232544,-1.5277777910232544,1.402,-1.262
50.56963366,1790241630.0228875,1.5277777910232544,-1.5277777910232544,1.402,-1.122
50.597366521000005,1790241630.0506136,1.5277777910232544,-1.5277777910232544,1.402,-1.122
50.598999648,1790241630.0521638,1.5277777910232544,-1.5277777910232544,1.262,-1.122
50.600783558,1790241630.0539873,1.5277777910232544,-1.5277777910232544,1.262,-1.122
50.618044994,1790241630.0713265,1.5277777910232544,-1.5277777910232544,1.402,-1.262
50.620535363,1790241630.073769,1.5277777910232544,-1.5277777910232544,1.262,-1.402
50.637539663000005,1790241630.0907688,1.5277777910232544,-1.5277777910232544,1.402,-1.543
50.63928596900001,1790241630.0924575,1.5277777910232544,-1.5277777910232544,1.543,-1.543
50.65716725,1790241630.1104176,1.5277777910232544,-1.5277777910232544,1.402,-1.543
50.659228034,1790241630.1124184,1.5277777910232544,-1.5277777910232544,1.402,-1.402
50.682523231000005,1790241630.1357753,1.5277777910232544,-1.5277777910232544,1.262,-1.402
50.684504745000005,1790241630.1376953,1.5277777910232544,-1.5277777910232544,1.122,-1.543
50.697285757,1790241630.1505308,1.5277777910232544,-1.5277777910232544,0.982,-1.683
50.699084562,1790241630.1522813,1.5277777910232544,-1.5277777910232544,0.841,-1.823
50.718385169,1790241630.1717033,1.5277777910232544,-1.5277777910232544,0.841,-1.543
50.721250382,1790241630.1745505,1.5277777910232544,-1.5277777910232544,1.122,-1.402
50.737488796,1790241630.1908133,1.5277777910232544,-1.5277777910232544,0.982,-1.402
50.74095625,1790241630.1942494,1.5277777910232544,-1.5277777910232544,1.122,-1.122
50.757133048,1790241630.2103596,1.5277777910232544,-1.5277777910232544,0.982,-1.122
50.758855916,1790241630.2120407,1.5277777910232544,-1.5277777910232544,0.982,-1.122
50.77898642,1790241630.2323573,1.5277777910232544,-1.5277777910232544,1.122,-1.122
50.782265957,1790241630.2355657,1.5277777910232544,-1.5277777910232544,1.122,-1.122
50.797524733,1790241630.2508538,1.5277777910232544,-1.5277777910232544,1.262,-1.122
50.801218594000005,1790241630.2545564,1.5277777910232544,-1.5277777910232544,1.122,-1.122
50.817181226,1790241630.2704103,1.5277777910232544,-1.5277777910232544,1.262,-1.122
50.818908625000006,1790241630.27208,1.5277777910232544,-1.5277777910232544,1.122,-1.262
50.841079288,1790241630.2943456,1.5277777910232544,-1.5277777910232544,1.122,-1.543
50.842953146000006,1790241630.2961457,1.5277777910232544,-1.5277777910232544,0.982,-1.683
50.857177597,1790241630.3103893,1.5277777910232544,-1.5277777910232544,0.841,-1.823
50.85881109,1790241630.3119714,1.5277777910232544,-1.5277777910232544,0.841,-1.823
50.877559977000004,1790241630.3309166,1.5277777910232544,-1.5277777910232544,0.982,-1.683
50.880790764000004,1790241630.3340816,1.5277777910232544,-1.5277777910232544,1.122,-1.543
50.897376522,1790241630.350642,1.5277777910232544,-1.5277777910232544,1.122,-1.402
50.8992584,1790241630.3524415,1.5277777910232544,-1.5277777910232544,1.122,-1.402
50.918422183000004,1790241630.371812,1.5277777910232544,-1.5277777910232544,1.122,-1.402
50.921676355,1790241630.3750565,1.5277777910232544,-1.5277777910232544,1.122,-1.543
50.937170132000006,1790241630.390407,1.5277777910232544,-1.5277777910232544,1.122,-1.823
50.938801802,1790241630.3919542,1.5277777910232544,-1.5277777910232544,1.122,-1.963
50.957961783,1790241630.4112296,1.5277777910232544,-1.5277777910232544,1.262,-2.104
50.960516006000006,1790241630.4137478,1.5277777910232544,-1.5277777910232544,1.262,-1.963
50.97804145400001,1790241630.4313238,1.5277777910232544,-1.5277777910232544,1.402,-1.963
50.98054776,1790241630.4338198,1.5277777910232544,-1.5277777910232544,1.402,-1.683
50.999400814000005,1790241630.4530172,1.5277777910232544,-1.5277777910232544,1.543,-1.543
51.003638946,1790241630.4569798,1.5277777910232544,-1.5277777910232544,1.262,-1.543
51.016939334,1790241630.470184,1.5277777910232544,-1.5277777910232544,1.262,-1.543
51.0193584,1790241630.4725788,1.5277777910232544,-1.5277777910232544,1.262,-1.543
51.038484788000005,1790241630.4917433,1.5277777910232544,-1.5277777910232544,1.262,-1.683
51.040384895,1790241630.4936135,1.5277777910232544,-1.5277777910232544,1.262,-1.823
51.057491123000005,1790241630.5107727,-5.0,-5.0,1.402,-1.963
51.059365553000006,1790241630.512576,-5.0,-5.0,1.543,-1.683
51.078343711,1790241630.5316813,-5.0,-5.0,1.823,-1.683
51.081183977,1790241630.5344553,-5.0,-5.0,1.823,-1.823
51.098581142,1790241630.5519583,-5.0,-5.0,1.402,-2.244
51.101890731000005,1790241630.5551858,-5.0,-5.0,0.841,-2.384
51.117258519,1790241630.5706031,-5.0,-5.0,0.14,-2.805
51.120896025,1790241630.5741956,-5.0,-5.0,-0.421,-3.085
51.13718397,1790241630.590422,-5.0,-5.0,-1.122,-3.646
51.138986369,1790241630.5921452,-5.0,-5.0,-1.683,-3.787
51.158990727,1790241630.6123457,-5.0,-5.0,-2.104,-4.207
51.162380837,1790241630.6156554,-5.0,-5.0,-2.104,-4.348
51.177289196000004,1790241630.6306324,-5.0,-5.0,-2.524,-4.768
51.180823525,1790241630.6341534,-5.0,-5.0,-2.805,-4.768
51.197237512,1790241630.6504722,-5.0,-5.0,-2.805,-5.189
51.199004807,1790241630.6521645,-5.0,-5.0,-3.226,-5.329
51.218586247000005,1790241630.6719208,-5.0,-5.0,-3.506,-5.329
51.221550523000005,1790241630.6748152,-5.0,-5.0,-3.787,-5.61
51.237532061,1790241630.690781,-5.0,-5.0,-3.787,-5.61
51.239480346,1790241630.6926937,-5.0,-5.0,-3.787,-5.47
51.257189699,1790241630.7104216,-5.0,-5.0,-4.067,-5.47
51.258833973,1790241630.7119894,-5.0,-5.0,-4.348,-5.47
51.278900623000006,1790241630.7322674,-5.0,-5.0,-4.348,-5.47
51.28231906600001,1790241630.7355986,-5.0,-5.0,-4.348,-5.47
51.297450759,1790241630.7507973,-5.0,-5.0,-4.488,-5.189
51.301096130000005,1790241630.7544081,-5.0,-5.0,-4.628,-5.329
51.317231835,1790241630.770462,-5.0,-5.0,-4.628,-5.189
51.319032099000005,1790241630.772204,-5.0,-5.0,-4.628,-5.189
51.339158279,1790241630.7925222,-5.0,-5.0,-4.768,-4.909
51.342584119,1790241630.7958455,-5.0,-5.0,-4.768,-5.049
51.357322790000005,1790241630.810637,-5.0,-5.0,-4.768,-4.909
51.360481858,1790241630.8137891,-5.0,-5.0,-4.768,-4.768
51.377385169,1790241630.830638,-5.0,-5.0,-4.768,-4.628
51.379272933,1790241630.832452,-5.0,-5.0,-4.768,-4.909
51.398646716,1790241630.8519483,-5.0,-5.0,-4.768,-4.768
51.401594898000006,1790241630.8548665,-5.0,-5.0,-4.768,-4.628
51.417382895,1790241630.870734,-5.0,-5.0,-4.768,-4.768
51.42103774500001,1790241630.874421,-5.0,-5.0,-4.628,-4.909
51.437467721000004,1790241630.8907092,-5.0,-5.0,-4.768,-4.628
51.43943361,1790241630.8928022,-5.0,-5.0,-4.628,-4.909
51.457193172000004,1790241630.910423,-5.0,-5.0,-4.488,-4.768
51.458837238,1790241630.9119925,-5.0,-5.0,-4.768,-4.768
51.479508367,1790241630.9329488,-5.0,-5.0,-4.628,-4.768
51.483491343000004,1790241630.9368548,-5.0,-5.0,-4.488,-4.768
51.497027981,1790241630.950328,-5.0,-5.0,-4.628,-4.909
51.499569704,1790241630.9529114,-5.0,-5.0,-4.628,-4.909
51.517587340000006,1790241630.9708347,-5.0,-5.0,-4.488,-5.189
51.51992296900001,1790241630.9731457,-5.0,-5.0,-4.628,-5.189
51.538656543,1790241630.9920356,-5.0,-5.0,-4.768,-5.189
51.541985299000004,1790241630.995298,-5.0,-5.0,-4.628,-5.329
51.557275325000006,1790241631.0105262,-5.0,-5.0,-4.488,-5.329
51.558965693000005,1790241631.0121381,-5.0,-5.0,-4.768,-5.189
51.577697132000004,1790241631.030973,-5.0,-5.0,-4.768,-5.329
51.580055938,1790241631.0332603,-5.0,-5.0,-4.488,-5.61
51.598626960000004,1790241631.0519328,-5.0,-5.0,-4.768,-5.329
51.601584621,1790241631.054839,-5.0,-5.0,-4.909,-5.329
51.619293037000006,1790241631.0725415,-5.0,-5.0,-4.768,-5.61
51.621353926000005,1790241631.0745392,-5.0,-5.0,-4.768,-5.47
51.637459423,1790241631.0907085,-5.0,-5.0,-4.909,-5.329
51.639261874000006,1790241631.092432,-5.0,-5.0,-4.909,-5.61
51.657228051000004,1790241631.1104302,-5.0,-5.0,-4.768,-5.329
51.658973627,1790241631.1121502,-5.0,-5.0,-4.909,-5.329
51.678474078,1790241631.1318243,-5.0,-5.0,-4.909,-5.189
51.682066272,1790241631.135462,-5.0,-5.0,-4.768,-5.189
51.697544476000004,1790241631.1508868,-5.0,-5.0,-4.909,-5.049
51.700727606,1790241631.154104,-5.0,-5.0,-5.189,-5.049
51.718491127,1790241631.171734,-5.0,-5.0,-4.909,-5.049
51.720253525000004,1790241631.1734476,-5.0,-5.0,-5.189,-5.049
51.737768452000005,1790241631.1910322,-5.0,-5.0,-5.189,-4.909
51.740118872000004,1790241631.1933248,-5.0,-5.0,-5.189,-5.049
51.758113279,1790241631.2114053,-5.0,-5.0,-5.049,-5.049
51.760705106,1790241631.2139378,-5.0,-5.0,-5.329,-4.909
51.788912864000004,1790241631.2421887,-5.0,-5.0,-5.189,-4.909
51.790663075000005,1790241631.2438223,-5.0,-5.0,-5.189,-5.049
51.792299432,1790241631.2454832,-5.0,-5.0,-5.329,-4.909
51.81994515700001,1790241631.2733374,-5.0,-5.0,-5.189,-4.909
51.823053496,1790241631.2762816,-5.0,-5.0,-5.049,-5.049
51.82585657400001,1790241631.2790968,-5.0,-5.0,-5.189,-4.909
51.828557099,1790241631.2818182,-5.0,-5.0,-5.049,-5.049
51.857166524,1790241631.3103952,-5.0,-5.0,-5.049,-5.049
51.858850225000005,1790241631.3119996,-5.0,-5.0,-5.189,-4.909
51.860441686,1790241631.313628,-5.0,-5.0,-4.909,-5.049
51.880199845,1790241631.3336275,-5.0,-5.0,-5.049,-5.049
51.884286519,1790241631.337685,-5.0,-5.0,-5.049,-5.049
51.898056387000004,1790241631.3512855,-5.0,-5.0,-5.189,-5.049
51.899776546000005,1790241631.3529766,-5.0,-5.0,-5.049,-5.049
51.917981786000006,1790241631.3717635,-5.0,-5.0,-5.329,-5.189
51.922536533000006,1790241631.3759203,-5.0,-5.0,-5.329,-5.049
51.937169475000005,1790241631.3904083,-5.0,-5.0,-5.329,-5.189
51.938826510000005,1790241631.3919907,-5.0,-5.0,-5.47,-5.329
51.958941805,1790241631.412375,-5.0,-5.0,-5.329,-5.329
51.962756551000005,1790241631.4161448,-5.0,-5.0,-5.329,-5.189
51.97816777600001,1790241631.4313986,-5.0,-5.0,-5.47,-5.329
51.979966164000004,1790241631.4331741,-5.0,-5.0,-5.189,-5.329
51.997779060000006,1790241631.4510396,-5.0,-5.0,-5.329,-5.329
51.999966251000004,1790241631.4531775,-5.0,-5.0,-5.47,-5.329
52.018522898,1790241631.4718645,-5.0,-5.0,-5.329,-5.329
52.021486341000006,1790241631.4747381,-5.0,-5.0,-5.189,-5.329
52.037432827,1790241631.4907508,-5.0,-5.0,-5.329,-5.329
52.039677883,1790241631.4929984,-5.0,-5.0,-5.189,-5.049
52.05725171500001,1790241631.510499,-5.0,-5.0,-5.049,-5.189
52.05927099,1790241631.5125275,-5.0,-5.0,-5.189,-5.049
52.078127377,1790241631.5314424,-5.0,-5.0,-5.189,-5.189
52.080824777000004,1790241631.5340447,-5.0,-5.0,-5.049,-5.049
52.099149861,1790241631.5525596,-5.0,-5.0,-5.329,-5.189
52.103136326000005,1790241631.556485,-5.0,-5.0,-5.47,-5.189
52.121801359,1790241631.575075,-5.0,-5.0,-5.89,-5.47
52.124045113,1790241631.5772557,-5.0,-5.0,-6.171,-5.61
52.137256646000004,1790241631.590481,-5.0,-5.0,-6.311,-5.61
52.138895399000006,1790241631.5920472,-5.0,-5.0,-6.451,-5.61
52.15906158000001,1790241631.6124113,-5.0,-5.0,-6.171,-5.47
52.16259893,1790241631.6158855,-5.0,-5.0,-5.75,-5.189
52.177078278,1790241631.6303144,-5.0,-5.0,-5.61,-5.189
52.179942450000006,1790241631.6332188,-5.0,-5.0,-5.47,-5.189
52.197576386,1790241631.6508255,-5.0,-5.0,-4.909,-4.628
52.199723161,1790241631.6529534,-5.0,-5.0,-4.628,-4.348
52.21845105800001,1790241631.6717787,-5.0,-5.0,-4.348,-4.348
52.221425334,1790241631.6746926,-5.0,-5.0,-4.207,-4.207
52.237483227000006,1790241631.6907265,-5.0,-5.0,-4.207,-3.927
52.239451511000006,1790241631.6926923,-5.0,-5.0,-4.207,-4.207
52.257283105000006,1790241631.7105353,-5.0,-5.0,-3.927,-4.067
52.259145764,1790241631.7123468,-5.0,-5.0,-3.787,-3.927
52.277755015000004,1790241631.7310445,-5.0,-5.0,-3.787,-3.787
52.280322780000006,1790241631.7335677,-5.0,-5.0,-3.927,-3.927
52.298568645,1790241631.7518883,-5.0,-5.0,-3.787,-4.207
52.30154813,1790241631.754787,-5.0,-5.0,-3.927,-4.067
52.318487118,1790241631.7718709,-5.0,-5.0,-4.067,-4.207
52.321858113000005,1790241631.7751849,-5.0,-5.0,-4.207,-4.348
52.337042931000006,1790241631.7902658,-5.0,-5.0,-4.067,-4.348
52.338716111000004,1790241631.791869,-5.0,-5.0,-4.207,-4.348
52.359065313,1790241631.812442,-5.0,-5.0,-4.348,-4.348
52.362594955000006,1790241631.815916,-5.0,-5.0,-4.488,-4.628
52.377413939,1790241631.8307312,-5.0,-5.0,-4.207,-4.488
52.380579882000006,1790241631.8338356,-5.0,-5.0,-4.348,-4.348
52.397368296,1790241631.850629,-5.0,-5.0,-4.348,-4.628
52.399321268,1790241631.85249,-5.0,-5.0,-4.207,-4.488
52.418550156,1790241631.871865,-5.0,-5.0,-4.348,-4.628
52.421568755,1790241631.8748298,-5.0,-5.0,-4.488,-4.488
52.437533054000006,1790241631.890787,-5.0,-5.0,-4.768,-4.768
52.439491442000005,1790241631.8927128,-5.0,-5.0,-4.488,-4.909
52.457255796000005,1790241631.910494,-5.0,-5.0,-5.049,-4.909
52.459101997000005,1790241631.9123147,-5.0,-5.0,-5.189,-5.049
52.478373593,1790241631.9317393,-5.0,-5.0,-4.768,-5.049
52.481865058000004,1790241631.935185,-5.0,-5.0,-5.189,-4.909
52.497374095000005,1790241631.950723,-5.0,-5.0,-4.909,-5.049
52.501113425,1790241631.9543948,-5.0,-5.0,-4.488,-4.909
52.517197880000005,1790241631.9704518,-5.0,-5.0,-4.909,-4.628
52.519014497,1790241631.9721737,-5.0,-5.0,-5.049,-4.628
52.538990105,1790241631.9923596,-5.0,-5.0,-4.768,-4.628
52.542547351,1790241631.99585,-5.0,-5.0,-4.909,-4.348
52.557514825000005,1790241632.0108666,-5.0,-5.0,-4.768,-4.348
52.56057748600001,1790241632.0138445,-5.0,-5.0,-4.909,-4.488
52.577422151,1790241632.030687,-5.0,-5.0,-5.189,-4.628
52.579356217000004,1790241632.0325274,-5.0,-5.0,-4.768,-4.628
52.598545156,1790241632.0518596,-5.0,-5.0,-4.768,-4.768
52.601495318000005,1790241632.054731,-5.0,-5.0,-4.909,-4.768
52.618492743000004,1790241632.0718577,-5.0,-5.0,-4.628,-4.768
52.621862645,1790241632.0751882,-5.0,-5.0,-4.909,-4.768
52.637153505,1790241632.0903785,-5.0,-5.0,-4.628,-4.909
52.638816893000005,1790241632.0919747,-5.0,-5.0,-4.628,-4.768
52.657257863000005,1790241632.1105006,-5.0,-5.0,-4.768,-4.768
52.658942084,1790241632.112095,-5.0,-5.0,-4.207,-4.909
52.678248993000004,1790241632.1316175,-5.0,-5.0,-3.506,-3.787
52.681153685000005,1790241632.1344373,-5.0,-5.0,-2.665,-3.085
52.697211578,1790241632.1504495,5.0,5.0,-1.683,-2.104
52.698952258000006,1790241632.1521204,5.0,5.0,-0.701,-1.262
52.718527813,1790241632.1723466,5.0,5.0,-0.14,-0.701
52.722405372000004,1790241632.1757715,5.0,5.0,0.421,0.0
52.736915449,1790241632.1901584,5.0,5.0,1.122,0.841
52.739490245000006,1790241632.1928065,5.0,5.0,1.963,1.683
52.757516006,1790241632.2107885,5.0,5.0,2.805,2.805
52.75946470700001,1790241632.2126865,5.0,5.0,3.646,3.787
52.778269635,1790241632.2316163,5.0,5.0,4.207,4.488
52.780998182000005,1790241632.234232,5.0,5.0,4.628,4.909
52.798390035000004,1790241632.2517166,5.0,5.0,5.049,5.049
52.801471551000006,1790241632.2547576,5.0,5.0,5.329,4.909
52.817173245000006,1790241632.2705019,5.0,5.0,5.329,5.189
52.820300438000004,1790241632.2736003,5.0,5.0,5.329,5.329
52.83721249800001,1790241632.2904575,5.0,5.0,5.61,5.47
52.838881668000006,1790241632.2920506,5.0,5.0,5.75,5.329
52.857157377,1790241632.3103888,5.0,5.0,5.61,5.47
52.858818265000004,1790241632.3119957,5.0,5.0,5.61,5.61
52.879003248000004,1790241632.332364,5.0,5.0,5.61,5.61
52.882750077000004,1790241632.3361332,5.0,5.0,5.47,5.61
52.897005727,1790241632.3502278,5.0,5.0,5.47,5.47
52.898560886000006,1790241632.3517246,5.0,5.0,5.189,5.189
52.918493733000005,1790241632.3718376,5.0,5.0,5.189,5.189
52.921549155,1790241632.3748395,5.0,5.0,5.049,5.189
52.937311318000006,1790241632.3906572,5.0,5.0,5.049,5.329
52.940642574,1790241632.3939552,5.0,5.0,5.189,5.47
52.957111405000006,1790241632.4103386,5.0,5.0,5.049,5.47
52.958780209000004,1790241632.411941,5.0,5.0,5.049,5.75
52.978552796,1790241632.431854,5.0,5.0,5.189,5.75
52.981291603,1790241632.4345462,5.0,5.0,5.189,5.61
52.997223922,1790241632.4505665,5.0,5.0,5.049,5.75
53.000320594,1790241632.4536223,5.0,5.0,4.909,5.47
53.017229269000005,1790241632.4704766,5.0,5.0,5.049,5.47
53.018985262,1790241632.4721706,5.0,5.0,4.768,5.47
53.038008941,1790241632.4913592,5.0,5.0,4.909,5.329
53.040595925000005,1790241632.493845,5.0,5.0,5.049,5.189
53.057142724,1790241632.5103815,5.0,5.0,4.768,5.189
53.058839915,1790241632.5120697,5.0,5.0,4.909,5.189
53.078876929,1790241632.53224,5.0,5.0,4.909,4.909
53.082599695000006,1790241632.5358992,5.0,5.0,4.768,5.049
53.096950033000006,1790241632.5501835,5.0,5.0,4.628,4.768
53.098485869,1790241632.5516386,5.0,5.0,4.909,4.909
53.118630643,1790241632.5719974,5.0,5.0,4.768,4.768
53.121756743000006,1790241632.575055,5.0,5.0,4.628,4.768
53.136949321,1790241632.5901682,5.0,5.0,4.768,4.909
53.138446043,1790241632.5915973,5.0,5.0,4.768,4.628
53.158719724,1790241632.612052,5.0,5.0,4.768,4.768
53.161989104,1790241632.6153371,5.0,5.0,4.628,4.768
53.177117203,1790241632.6305234,5.0,5.0,4.628,4.628
53.180533251,1790241632.6338603,5.0,5.0,4.628,4.628
53.197057342,1790241632.6503022,5.0,5.0,4.628,4.628
53.198724324000004,1790241632.651897,5.0,5.0,4.768,4.348
53.218737953,1790241632.6720815,5.0,5.0,4.768,4.348
53.221892125000004,1790241632.675173,5.0,5.0,4.628,4.348
53.237124547,1790241632.6903498,5.0,5.0,4.067,3.927
53.238683248,1790241632.6918445,5.0,5.0,3.366,3.506
53.262854696000005,1790241632.716107,1.5277777910232544,-1.5277777910232544,2.805,2.945
53.264747356,1790241632.7179334,1.5277777910232544,-1.5277777910232544,2.104,2.384
53.277602743,1790241632.7308693,1.5277777910232544,-1.5277777910232544,1.823,1.963
53.279531809000005,1790241632.732751,1.5277777910232544,-1.5277777910232544,1.543,2.104
53.298873040000004,1790241632.75224,1.5277777910232544,-1.5277777910232544,1.402,1.823
53.302551692,1790241632.7558517,1.5277777910232544,-1.5277777910232544,1.262,1.402
53.316937134,1790241632.7701576,1.5277777910232544,-1.5277777910232544,1.262,0.841
53.318493022000006,1790241632.771646,1.5277777910232544,-1.5277777910232544,1.262,0.14
53.338795922,1790241632.7921655,1.5277777910232544,-1.5277777910232544,0.701,-0.561
53.34205098,1790241632.795376,1.5277777910232544,-1.5277777910232544,0.701,-0.982
53.357235016000004,1790241632.8105865,1.5277777910232544,-1.5277777910232544,0.701,-1.262
53.360679085,1790241632.814025,1.5277777910232544,-1.5277777910232544,0.982,-1.402
53.377171614000005,1790241632.8304255,1.5277777910232544,-1.5277777910232544,0.982,-1.683
53.378927710000006,1790241632.8320894,1.5277777910232544,-1.5277777910232544,0.982,-1.683
53.398906703,1790241632.8522775,1.5277777910232544,-1.5277777910232544,0.982,-1.823
53.402163376000004,1790241632.855468,1.5277777910232544,-1.5277777910232544,1.122,-2.104
53.417273037,1790241632.8706193,1.5277777910232544,-1.5277777910232544,1.262,-2.104
53.420723981,1790241632.8740478,1.5277777910232544,-1.5277777910232544,1.402,-1.963
53.43726031200001,1790241632.890496,1.5277777910232544,-1.5277777910232544,1.402,-1.963
53.439003336000006,1790241632.8921738,1.5277777910232544,-1.5277777910232544,1.402,-1.823
53.457212534,1790241632.91042,1.5277777910232544,-1.5277777910232544,1.402,-1.683
53.458826183000006,1790241632.912002,1.5277777910232544,-1.5277777910232544,1.402,-1.823
53.47922476,1790241632.932699,1.5277777910232544,-1.5277777910232544,1.402,-1.543
53.483214194000006,1790241632.9365845,1.5277777910232544,-1.5277777910232544,1.402,-1.543
53.496982916,1790241632.9502108,1.5277777910232544,-1.5277777910232544,1.402,-1.683
53.499080888,1790241632.9523246,1.5277777910232544,-1.5277777910232544,1.543,-1.402
53.51770717,1790241632.9709833,1.5277777910232544,-1.5277777910232544,1.683,-1.543
53.520217539,1790241632.9734664,1.5277777910232544,-1.5277777910232544,1.543,-1.543
53.538577623,1790241632.9919388,1.5277777910232544,-1.5277777910232544,1.823,-1.262
53.541419399000006,1790241632.994655,1.5277777910232544,-1.5277777910232544,1.823,-1.262
53.557164843,1790241633.0105515,1.5277777910232544,-1.5277777910232544,1.823,-1.262
53.560430317000005,1790241633.0137331,1.5277777910232544,-1.5277777910232544,1.823,-1.262
53.57731024300001,1790241633.0305817,1.5277777910232544,-1.5277777910232544,1.683,-1.122
53.580188060000005,1790241633.0334637,1.5277777910232544,-1.5277777910232544,1.823,-1.262
53.597343507000005,1790241633.0505826,1.5277777910232544,-1.5277777910232544,1.823,-1.122
53.599087260000005,1790241633.052276,1.5277777910232544,-1.5277777910232544,1.823,-1.262
53.61835218900001,1790241633.0716684,1.5277777910232544,-1.5277777910232544,1.963,-1.262
53.621157558,1790241633.0743892,1.5277777910232544,-1.5277777910232544,1.823,-1.262
53.637432639000004,1790241633.0906782,1.5277777910232544,-1.5277777910232544,1.683,-1.402
53.639324934,1790241633.092519,1.5277777910232544,-1.5277777910232544,1.823,-1.402
53.657184131,1790241633.1104262,1.5277777910232544,-1.5277777910232544,1.543,-1.402
53.658989187,1790241633.1121907,1.5277777910232544,-1.5277777910232544,1.683,-1.402
53.677620625,1790241633.130896,1.5277777910232544,-1.5277777910232544,1.683,-1.402
53.680041515000006,1790241633.1332617,1.5277777910232544,-1.5277777910232544,1.543,-1.402
53.70488411,1790241633.1581395,1.5277777910232544,-1.5277777910232544,1.683,-1.543
53.70666687400001,1790241633.1598604,1.5277777910232544,-1.5277777910232544,1.683,-1.402
53.70838692900001,1790241633.1615674,1.5277777910232544,-1.5277777910232544,1.543,-1.543
53.739235576000006,1790241633.1928089,1.5277777910232544,-1.5277777910232544,1.543,-1.543
53.74288386400001,1790241633.1962636,1.5277777910232544,-1.5277777910232544,1.402,-1.683
53.746703141000005,1790241633.2000554,1.5277777910232544,-1.5277777910232544,1.402,-1.543
53.749246166000006,1790241633.2024686,1.5277777910232544,-1.5277777910232544,1.122,-1.683
53.759700716000005,1790241633.2129636,1.5277777910232544,-1.5277777910232544,1.262,-1.543
53.777722778000005,1790241633.2309885,1.5277777910232544,-1.5277777910232544,1.122,-1.543
53.78018122,1790241633.233435,1.5277777910232544,-1.5277777910232544,1.262,-1.543
53.798591460000004,1790241633.2518957,1.5277777910232544,-1.5277777910232544,1.122,-1.402
53.801447299,1790241633.2546878,1.5277777910232544,-1.5277777910232544,1.262,-1.543
53.822738638000004,1790241633.27604,1.5277777910232544,-1.5277777910232544,1.122,-1.402
53.82512989200001,1790241633.2783384,1.5277777910232544,-1.5277777910232544,1.262,-1.543
53.837055642,1790241633.2902975,1.5277777910232544,-1.5277777910232544,1.402,-1.402
53.838680488,1790241633.2918591,1.5277777910232544,-1.5277777910232544,1.262,-1.402
53.857325469,1790241633.3105514,1.5277777910232544,-1.5277777910232544,1.122,-1.543
53.85893552300001,1790241633.3120863,1.5277777910232544,-1.5277777910232544,1.262,-1.262
53.879293111,1790241633.332716,1.5277777910232544,-1.5277777910232544,1.122,-1.402
53.883149993,1790241633.3364427,1.5277777910232544,-1.5277777910232544,1.262,-1.402
53.897015954000004,1790241633.3502362,1.5277777910232544,-1.5277777910232544,1.122,-1.402
53.898669967000004,1790241633.3518577,1.5277777910232544,-1.5277777910232544,1.262,-1.262
53.91856906500001,1790241633.3718803,1.5277777910232544,-1.5277777910232544,1.262,-1.262
53.921387819,1790241633.374668,1.5277777910232544,-1.5277777910232544,1.402,-1.402
53.937856702000005,1790241633.3912308,1.5277777910232544,-1.5277777910232544,1.402,-1.402
53.941103583,1790241633.3944032,1.5277777910232544,-1.5277777910232544,1.543,-1.543
53.95736762200001,1790241633.4107072,1.5277777910232544,-1.5277777910232544,1.683,-1.402
53.960678565,1790241633.414039,1.5277777910232544,-1.5277777910232544,1.683,-1.543
53.977126822,1790241633.4303548,1.5277777910232544,-1.5277777910232544,1.543,-1.402
53.978938753,1790241633.4321723,1.5277777910232544,-1.5277777910232544,1.683,-1.402
53.999022433,1790241633.4522707,1.5277777910232544,-1.5277777910232544,1.543,-1.402
54.000932489,1790241633.4541392,1.5277777910232544,-1.5277777910232544,1.402,-1.402
54.01734324700001,1790241633.4708974,1.5277777910232544,-1.5277777910232544,1.543,-1.262
54.019673511,1790241633.4729388,1.5277777910232544,-1.5277777910232544,1.543,-1.402
54.037626094000004,1790241633.490893,1.5277777910232544,-1.5277777910232544,1.543,-1.262
54.039503962000005,1790241633.4927235,1.5277777910232544,-1.5277777910232544,1.543,-1.262
54.057257535000005,1790241633.5105085,1.5277777910232544,-1.5277777910232544,1.543,-1.262
54.059024048000005,1790241633.5122452,1.5277777910232544,-1.5277777910232544,1.683,-1.402
54.077646841,1790241633.5310302,1.5277777910232544,-1.5277777910232544,1.402,-1.402
54.080935805,1790241633.5342898,1.5277777910232544,-1.5277777910232544,1.543,-1.402
54.09726619800001,1790241633.5505285,1.5277777910232544,-1.5277777910232544,1.402,-1.402
54.099276618000005,1790241633.55249,1.5277777910232544,-1.5277777910232544,1.402,-1.402
54.11858508900001,1790241633.5718832,1.5277777910232544,-1.5277777910232544,1.402,-1.402
54.121398427,1790241633.5746627,1.5277777910232544,-1.5277777910232544,1.402,-1.402
54.138296217000004,1790241633.5916562,1.5277777910232544,-1.5277777910232544,1.402,-1.402
54.141770129,1790241633.5950954,1.5277777910232544,-1.5277777910232544,1.543,-1.402
54.157198489,1790241633.6105473,1.5277777910232544,-1.5277777910232544,1.543,-1.543
54.160674745,1790241633.6139603,1.5277777910232544,-1.5277777910232544,1.543,-1.402
54.177117326,1790241633.6303484,1.5277777910232544,-1.5277777910232544,1.543,-1.543
54.178839985,1790241633.631998,1.5277777910232544,-1.5277777910232544,1.543,-1.543
54.198878718,1790241633.6522398,1.5277777910232544,-1.5277777910232544,1.402,-1.543
54.202108620000004,1790241633.6553633,1.5277777910232544,-1.5277777910232544,1.262,-1.543
54.218196252000006,1790241633.6715221,1.5277777910232544,-1.5277777910232544,1.262,-1.402
54.221053548,1790241633.674311,1.5277777910232544,-1.5277777910232544,1.262,-1.402
54.237291129000006,1790241633.6905441,1.5277777910232544,-1.5277777910232544,1.262,-1.402
54.238992798000005,1790241633.6921692,1.5277777910232544,-1.5277777910232544,1.262,-1.402
54.257382413,1790241633.7106533,1.5277777910232544,-1.5277777910232544,1.122,-1.402
54.259432469000004,1790241633.712713,1.5277777910232544,-1.5277777910232544,1.402,-1.543
54.278329637000006,1790241633.7316499,1.5277777910232544,-1.5277777910232544,1.262,-1.402
54.281155528000006,1790241633.7344053,1.5277777910232544,-1.5277777910232544,1.402,-1.683
54.298839621000006,1790241633.7522054,1.5277777910232544,-1.5277777910232544,1.262,-1.543
54.302142700000005,1790241633.7554739,1.5277777910232544,-1.5277777910232544,1.262,-1.402
54.317989133000005,1790241633.7713072,1.5277777910232544,-1.5277777910232544,1.262,-1.543
54.320860649000004,1790241633.774104,1.5277777910232544,-1.5277777910232544,1.122,-1.543
54.337638282,1790241633.7911892,1.5277777910232544,-1.5277777910232544,0.982,-1.402
54.341091101,1790241633.7943995,1.5277777910232544,-1.5277777910232544,1.262,-1.402
54.357283056,1790241633.8105314,1.5277777910232544,-1.5277777910232544,1.122,-1.402
54.359125767,1790241633.8123126,1.5277777910232544,-1.5277777910232544,1.262,-1.402
54.378595437,1790241633.8318923,1.5277777910232544,-1.5277777910232544,1.262,-1.543
54.381429973,1790241633.8346956,1.5277777910232544,-1.5277777910232544,1.402,-1.402
54.397338021,1790241633.850703,1.5277777910232544,-1.5277777910232544,1.543,-1.543
54.400804017000006,1790241633.8540835,1.5277777910232544,-1.5277777910232544,1.543,-1.402
54.417378316000004,1790241633.8706267,1.5277777910232544,-1.5277777910232544,1.543,-1.402
54.419303997,1790241633.8724773,1.5277777910232544,-1.5277777910232544,1.543,-1.543
54.438107415000005,1790241633.891398,1.5277777910232544,-1.5277777910232544,1.543,-1.402
54.440678669,1790241633.89392,1.5277777910232544,-1.5277777910232544,1.543,-1.402
54.457132969,1790241633.9103653,1.5277777910232544,-1.5277777910232544,1.402,-1.402
54.458898961,1790241633.91212,1.5277777910232544,-1.5277777910232544,1.543,-1.402
54.479026653000005,1790241633.9324431,1.5277777910232544,-1.5277777910232544,1.683,-1.402
54.483004993,1790241633.9364002,1.5277777910232544,-1.5277777910232544,1.683,-1.402
54.497422830000005,1790241633.9506772,1.5277777910232544,-1.5277777910232544,1.683,-1.402
54.499202365,1790241633.9524093,1.5277777910232544,-1.5277777910232544,1.823,-1.402
54.517382500000004,1790241633.9707332,1.5277777910232544,-1.5277777910232544,1.683,-1.543
54.520653027,1790241633.9739249,1.5277777910232544,-1.5277777910232544,1.543,-1.543
54.537233577,1790241633.9904692,1.5277777910232544,-1.5277777910232544,1.543,-1.402
54.539055871,1790241633.9922256,1.5277777910232544,-1.5277777910232544,1.402,-1.122
54.558942312000006,1790241634.0122998,1.5277777910232544,-1.5277777910232544,1.122,-0.701
54.562166901000005,1790241634.0154614,1.5277777910232544,-1.5277777910232544,0.841,-0.28
54.576990937000005,1790241634.030229,1.5277777910232544,-1.5277777910232544,0.28,0.14
54.579894484,1790241634.033184,1.5277777910232544,-1.5277777910232544,0.14,0.28
54.597362223000005,1790241634.0506084,1.5277777910232544,-1.5277777910232544,0.0,0.561
54.599308164,1790241634.052492,1.5277777910232544,-1.5277777910232544,0.0,0.841
54.618385176000004,1790241634.071744,1.5277777910232544,-1.5277777910232544,0.0,0.701
54.621144660000006,1790241634.0743816,1.5277777910232544,-1.5277777910232544,0.0,0.841
54.637203906,1790241634.0904574,1.5277777910232544,-1.5277777910232544,0.0,0.841
54.638823857000006,1790241634.0920136,1.5277777910232544,-1.5277777910232544,0.0,0.841
54.657044670000005,1790241634.1102853,1.5277777910232544,-1.5277777910232544,0.0,0.841
54.658595767,1790241634.1117654,1.5277777910232544,-1.5277777910232544,0.0,0.841
54.67874298900001,1790241634.1320713,1.5277777910232544,-1.5277777910232544,0.0,0.841
54.68191289000001,1790241634.135196,1.5277777910232544,-1.5277777910232544,0.0,0.982
54.697185834,1790241634.1505804,1.5277777910232544,-1.5277777910232544,0.0,0.841
54.700442402,1790241634.153768,1.5277777910232544,-1.5277777910232544,0.0,0.841
54.717222587,1790241634.1704595,1.5277777910232544,-1.5277777910232544,0.0,0.841
54.71897352800001,1790241634.172142,1.5277777910232544,-1.5277777910232544,0.0,0.982
54.738752572,1790241634.192084,1.5277777910232544,-1.5277777910232544,0.0,0.841
54.74193841100001,1790241634.1952372,1.5277777910232544,-1.5277777910232544,0.0,0.841
54.756944323000006,1790241634.2101667,1.5277777910232544,-1.5277777910232544,0.0,0.841
54.759454275,1790241634.2127802,1.5277777910232544,-1.5277777910232544,0.0,0.841
54.777418733000005,1790241634.2306674,1.5277777910232544,-1.5277777910232544,0.0,0.841
54.779317018,1790241634.2325072,1.5277777910232544,-1.5277777910232544,0.0,0.841
54.798377624000004,1790241634.251711,1.5277777910232544,-1.5277777910232544,0.0,0.982
54.801231379,1790241634.2544944,1.5277777910232544,-1.5277777910232544,0.14,0.841
54.817066458000006,1790241634.270322,1.5277777910232544,-1.5277777910232544,0.14,0.841
54.819924172,1790241634.2731998,1.5277777910232544,-1.5277777910232544,0.14,0.701
54.837315921000005,1790241634.290555,1.5277777910232544,-1.5277777910232544,0.14,0.561
54.839009257,1790241634.2921808,1.5277777910232544,-1.5277777910232544,0.14,0.28
54.857268872000006,1790241634.3105025,1.5277777910232544,-1.5277777910232544,0.14,0.561
54.859002000000004,1790241634.3122032,1.5277777910232544,-1.5277777910232544,0.14,0.561
54.878921097,1790241634.3323038,1.5277777910232544,-1.5277777910232544,0.28,0.561
54.882528499,1790241634.335857,1.5277777910232544,-1.5277777910232544,0.14,0.561
54.897155764000004,1790241634.350403,1.5277777910232544,-1.5277777910232544,0.14,0.421
54.899543060000006,1790241634.3528476,1.5277777910232544,-1.5277777910232544,0.14,0.421
54.917411945000005,1790241634.3706746,1.5277777910232544,-1.5277777910232544,0.28,0.561
54.919310438000004,1790241634.3725002,1.5277777910232544,-1.5277777910232544,0.28,0.561
54.938371565000004,1790241634.3917098,1.5277777910232544,-1.5277777910232544,0.28,0.421
54.941131101,1790241634.394387,1.5277777910232544,-1.5277777910232544,0.14,0.561
54.958459516000005,1790241634.4118376,1.5277777910232544,-1.5277777910232544,0.14,0.421
54.962102335000004,1790241634.4154391,1.5277777910232544,-1.5277777910232544,0.14,0.561
54.977114861000004,1790241634.4304132,1.5277777910232544,-1.5277777910232544,0.14,0.561
54.980023877,1790241634.4332778,1.5277777910232544,-1.5277777910232544,0.28,0.561
54.997304271000004,1790241634.450545,1.5277777910232544,-1.5277777910232544,0.14,0.421
54.99893057600001,1790241634.452088,1.5277777910232544,-1.5277777910232544,0.28,0.561
55.018770923000005,1790241634.4721491,1.5277777910232544,-1.5277777910232544,0.28,0.421
55.021952335,1790241634.4752786,1.5277777910232544,-1.5277777910232544,0.14,0.561
55.037034236000004,1790241634.4902751,1.5277777910232544,-1.5277777910232544,0.28,0.561
55.038604916000004,1790241634.491777,1.5277777910232544,-1.5277777910232544,0.28,0.421
55.057106823000005,1790241634.5103366,1.5277777910232544,-1.5277777910232544,0.14,0.561
55.058756045,1790241634.5119126,1.5277777910232544,-1.5277777910232544,0.28,0.421
55.078796757000006,1790241634.5321777,1.5277777910232544,-1.5277777910232544,0.28,0.421
55.081940460000006,1790241634.535218,1.5277777910232544,-1.5277777910232544,0.14,0.28
55.098121686000006,1790241634.5514214,1.5277777910232544,-1.5277777910232544,0.14,0.421
55.100851118,1790241634.554108,1.5277777910232544,-1.5277777910232544,0.14,0.561
55.117125625,1790241634.5703561,1.5277777910232544,-1.5277777910232544,0.0,0.28
55.118779691,1790241634.5719502,1.5277777910232544,-1.5277777910232544,0.0,0.421
55.1387591,1790241634.5920877,1.5277777910232544,-1.5277777910232544,0.0,0.28
55.141904366000006,1790241634.5951638,1.5277777910232544,-1.5277777910232544,0.0,0.421
55.157031944,1790241634.6102662,1.5277777910232544,-1.5277777910232544,0.0,0.28
55.160063564000005,1790241634.6133769,1.5277777910232544,-1.5277777910232544,0.0,0.28
55.177227761000005,1790241634.630477,1.5277777910232544,-1.5277777910232544,0.0,0.14
55.178983024000004,1790241634.6321502,1.5277777910232544,-1.5277777910232544,0.0,0.28
55.198767277,1790241634.6521342,1.5277777910232544,-1.5277777910232544,0.0,0.28
55.201903168,1790241634.6551797,1.5277777910232544,-1.5277777910232544,0.0,0.14
55.217077101,1790241634.6703098,1.5277777910232544,-1.5277777910232544,0.0,0.14
55.218639291,1790241634.671793,1.5277777910232544,-1.5277777910232544,0.0,0.14
55.237814324000006,1790241634.6910973,1.5277777910232544,-1.5277777910232544,0.0,0.14
55.240040786,1790241634.6932738,1.5277777910232544,-1.5277777910232544,0.0,0.0
55.257111441000006,1790241634.7103283,1.5277777910232544,-1.5277777910232544,0.0,0.0
55.258628058000006,1790241634.711782,1.5277777910232544,-1.5277777910232544,0.0,0.0
55.277743925,1790241634.7311187,1.5277777910232544,-1.5277777910232544,0.0,0.0
55.280905493000006,1790241634.734222,1.5277777910232544,-1.5277777910232544,0.0,0.0
55.297198698,1790241634.7504344,1.5277777910232544,-1.5277777910232544,0.0,0.0
55.298998337,1790241634.752178,1.5277777910232544,-1.5277777910232544,0.0,0.0
55.31868587100001,1790241634.7720308,1.5277777910232544,-1.5277777910232544,0.14,0.0
55.321706345,1790241634.7749944,1.5277777910232544,-1.5277777910232544,0.0,0.0
55.337184288,1790241634.7905307,1.5277777910232544,-1.5277777910232544,0.0,0.0
55.340526898,1790241634.7938244,1.5277777910232544,-1.5277777910232544,0.14,0.0
55.357181459,1790241634.8104372,1.5277777910232544,-1.5277777910232544,0.14,0.0
55.359095368000006,1790241634.8123147,1.5277777910232544,-1.5277777910232544,0.28,0.0
55.378581287,1790241634.8318996,1.5277777910232544,-1.5277777910232544,0.14,0.0
55.381357751,1790241634.8346012,1.5277777910232544,-1.5277777910232544,0.14,0.0
55.397241372,1790241634.8506067,1.5277777910232544,-1.5277777910232544,0.14,0.0
55.40055335700001,1790241634.8538668,1.5277777910232544,-1.5277777910232544,0.14,0.0
55.41728349,1790241634.8705354,1.5277777910232544,-1.5277777910232544,0.14,0.0
55.419071722000005,1790241634.8722405,1.5277777910232544,-1.5277777910232544,0.0,0.0
55.438013057000006,1790241634.8913176,1.5277777910232544,-1.5277777910232544,0.0,0.0
55.440490041000004,1790241634.8937306,1.5277777910232544,-1.5277777910232544,0.0,0.0
55.457158195000005,1790241634.9104254,1.5277777910232544,-1.5277777910232544,0.0,0.0
55.45887715600001,1790241634.9120793,1.5277777910232544,-1.5277777910232544,0.0,0.0
55.478783961000005,1790241634.9322276,1.5277777910232544,-1.5277777910232544,0.0,0.0
55.482495374,1790241634.935789,1.5277777910232544,-1.5277777910232544,0.0,0.0
55.497281129,1790241634.9506001,1.5277777910232544,-1.5277777910232544,0.0,0.0
55.500167749000006,1790241634.9534433,1.5277777910232544,-1.5277777910232544,0.0,0.0
55.517250174000004,1790241634.9705105,1.5277777910232544,-1.5277777910232544,0.0,0.0
55.519035958,1790241634.9722264,1.5277777910232544,-1.5277777910232544,0.0,0.0
55.538783024000004,1790241634.992143,1.5277777910232544,-1.5277777910232544,0.0,0.0
55.54194651900001,1790241634.9952226,1.5277777910232544,-1.5277777910232544,0.0,0.0
55.557268056000005,1790241635.0105734,1.5277777910232544,-1.5277777910232544,0.0,0.0
55.559989936,1790241635.0132692,1.5277777910232544,-1.5277777910232544,0.0,0.0
55.577235591000004,1790241635.0304825,1.5277777910232544,-1.5277777910232544,0.0,0.0
55.579037938000006,1790241635.032207,1.5277777910232544,-1.5277777910232544,0.0,0.0
55.598524169,1790241635.0518293,1.5277777910232544,-1.5277777910232544,0.0,0.0
55.601258132000005,1790241635.0545204,1.5277777910232544,-1.5277777910232544,0.0,0.0
55.617352067000006,1790241635.070683,1.5277777910232544,-1.5277777910232544,0.0,0.0
55.620627749,1790241635.0739105,1.5277777910232544,-1.5277777910232544,0.0,0.0
55.637207101,1790241635.0904703,1.5277777910232544,-1.5277777910232544,0.0,0.0
55.638845073000006,1790241635.092027,1.5277777910232544,-1.5277777910232544,0.0,0.0
55.657164688,1790241635.110368,1.5277777910232544,-1.5277777910232544,0.0,0.0
55.658779743000004,1790241635.1119576,1.5277777910232544,-1.5277777910232544,0.0,0.0
55.678403631,1790241635.1318023,1.5277777910232544,-1.5277777910232544,0.0,0.0
55.681542907,1790241635.1348565,1.5277777910232544,-1.5277777910232544,0.0,0.0
55.697150486000005,1790241635.150586,1.5277777910232544,-1.5277777910232544,0.0,0.0
55.700437575,1790241635.153741,1.5277777910232544,-1.5277777910232544,0.0,0.0
55.717075729,1790241635.1703515,1.5277777910232544,-1.5277777910232544,0.0,0.0
55.720171724000004,1790241635.1734455,1.5277777910232544,-1.5277777910232544,0.0,0.0
55.737227275,1790241635.1904652,1.5277777910232544,-1.5277777910232544,0.0,0.0
55.73903837100001,1790241635.1922064,1.5277777910232544,-1.5277777910232544,0.0,0.0
55.75875288500001,1790241635.2120755,1.5277777910232544,-1.5277777910232544,0.0,0.0
55.761980755,1790241635.2152572,1.5277777910232544,-1.5277777910232544,0.0,0.0
55.776914375000004,1790241635.2301574,1.5277777910232544,-1.5277777910232544,0.0,0.0
55.779736411,1790241635.2330267,1.5277777910232544,-1.5277777910232544,0.0,0.0
55.797413108,1790241635.2506783,1.5277777910232544,-1.5277777910232544,0.0,0.0
55.799334309,1790241635.2525136,1.5277777910232544,-1.5277777910232544,0.0,0.0
55.818402884,1790241635.2717357,1.5277777910232544,-1.5277777910232544,0.0,0.0
55.821150649,1790241635.274384,1.5277777910232544,-1.5277777910232544,0.0,0.0
55.837160156,1790241635.2904193,1.5277777910232544,-1.5277777910232544,0.0,0.0
55.838780732000004,1790241635.2919552,1.5277777910232544,-1.5277777910232544,0.0,0.0
55.857177587,1790241635.3103852,1.5277777910232544,-1.5277777910232544,0.0,0.0
55.858673996,1790241635.3118358,1.5277777910232544,-1.5277777910232544,0.0,0.0
55.878327103000004,1790241635.3317027,1.5277777910232544,-1.5277777910232544,0.0,0.0
55.881514556000006,1790241635.3347788,1.5277777910232544,-1.5277777910232544,0.0,0.0
55.897173073000005,1790241635.3505163,1.5277777910232544,-1.5277777910232544,0.0,0.0
55.900485423000006,1790241635.3537822,1.5277777910232544,-1.5277777910232544,0.0,0.0
55.917226754000005,1790241635.3704665,1.5277777910232544,-1.5277777910232544,0.0,0.0
55.918987955000006,1790241635.372158,1.5277777910232544,-1.5277777910232544,0.0,0.0
55.938328144,1790241635.3916798,1.5277777910232544,-1.5277777910232544,0.0,0.0
55.941097576000004,1790241635.394339,1.5277777910232544,-1.5277777910232544,0.0,0.0
55.95828005400001,1790241635.41165,1.5277777910232544,-1.5277777910232544,0.0,0.0
55.961464070000005,1790241635.4147272,1.5277777910232544,-1.5277777910232544,0.0,0.0
55.97717342000001,1790241635.430539,1.5277777910232544,-1.5277777910232544,0.0,0.0
55.980330978000005,1790241635.4336572,1.5277777910232544,-1.5277777910232544,0.0,0.0
55.99745507,1790241635.4508052,1.5277777910232544,-1.5277777910232544,0.0,0.0
56.000748305,1790241635.454083,1.5277777910232544,-1.5277777910232544,0.0,0.0
56.017073646,1790241635.4703472,1.5277777910232544,-1.5277777910232544,0.0,0.0
56.01878193,1790241635.4719436,1.5277777910232544,-1.5277777910232544,0.0,0.0
56.038018213,1790241635.4913192,1.5277777910232544,-1.5277777910232544,0.0,0.0
56.04049113400001,1790241635.4937878,1.5277777910232544,-1.5277777910232544,0.0,0.0
56.057040017000006,1790241635.5102737,1.5277777910232544,-1.5277777910232544,0.0,0.0
56.058704343,1790241635.511941,1.5277777910232544,-1.5277777910232544,0.0,0.0
56.078919586000005,1790241635.532306,1.5277777910232544,-1.5277777910232544,0.0,0.0
56.08257672800001,1790241635.5359166,1.5277777910232544,-1.5277777910232544,0.0,0.0
56.096909513,1790241635.5501642,1.5277777910232544,-1.5277777910232544,0.0,0.14
56.099419518000005,1790241635.5527005,1.5277777910232544,-1.5277777910232544,0.0,0.0
56.11742678900001,1790241635.5707018,1.5277777910232544,-1.5277777910232544,0.0,0.0
56.119427313,1790241635.572698,1.5277777910232544,-1.5277777910232544,0.0,0.0
56.137965106,1790241635.5912588,1.5277777910232544,-1.5277777910232544,0.0,0.0
56.140609433,1790241635.59384,1.5277777910232544,-1.5277777910232544,0.0,0.0
56.158359412,1790241635.611693,1.5277777910232544,-1.5277777910232544,0.0,0.0
56.161130562000004,1790241635.6144092,1.5277777910232544,-1.5277777910232544,0.0,0.0
56.17740803900001,1790241635.63073,1.5277777910232544,-1.5277777910232544,0.0,0.0
56.180678982,1790241635.6339982,1.5277777910232544,-1.5277777910232544,0.0,0.0
56.197098958000005,1790241635.6503258,1.5277777910232544,-1.5277777910232544,0.0,0.0
56.19876021100001,1790241635.6519225,1.5277777910232544,-1.5277777910232544,0.0,0.0
56.218303474,1790241635.6716022,1.5277777910232544,-1.5277777910232544,0.0,0.0
56.221072646,1790241635.6743455,1.5277777910232544,-1.5277777910232544,0.0,0.0
56.237536893000005,1790241635.6907938,1.5277777910232544,-1.5277777910232544,0.0,0.0
56.23936924,1790241635.6925488,1.5277777910232544,-1.5277777910232544,0.0,0.0
56.257128229,1790241635.7103734,1.5277777910232544,-1.5277777910232544,0.0,0.0
56.258822190000004,1790241635.712036,1.5277777910232544,-1.5277777910232544,0.0,0.0
56.277730973000004,1790241635.7310996,1.5277777910232544,-1.5277777910232544,0.0,0.0
56.280935666000005,1790241635.734256,1.5277777910232544,-1.5277777910232544,0.0,0.0
56.297198455,1790241635.7504475,1.5277777910232544,-1.5277777910232544,0.0,0.0
56.299002,1790241635.7521708,1.5277777910232544,-1.5277777910232544,0.0,0.0
56.318847607,1790241635.7722092,1.5277777910232544,-1.5277777910232544,0.0,0.0
56.321972352,1790241635.7752278,1.5277777910232544,-1.5277777910232544,0.0,0.0
56.337056024000006,1790241635.790334,1.5277777910232544,-1.5277777910232544,0.0,0.0
56.34010004,1790241635.7934113,1.5277777910232544,-1.5277777910232544,0.0,0.0
56.357194132000004,1790241635.810432,1.5277777910232544,-1.5277777910232544,0.0,0.0
56.358979552,1790241635.812174,1.5277777910232544,-1.5277777910232544,0.0,0.0
56.377917970000006,1790241635.8312056,1.5277777910232544,-1.5277777910232544,0.0,0.0
56.380309693,1790241635.8335261,1.5277777910232544,-1.5277777910232544,0.0,0.0
56.39904259,1790241635.8524802,1.5277777910232544,-1.5277777910232544,0.0,0.0
56.402762544000005,1790241635.8560565,1.5277777910232544,-1.5277777910232544,0.0,0.0
56.416895642,1790241635.8701284,1.5277777910232544,-1.5277777910232544,0.0,0.0
56.419442000000004,1790241635.8727508,1.5277777910232544,-1.5277777910232544,0.0,0.0
56.437293594,1790241635.8905606,1.5277777910232544,-1.5277777910232544,0.0,0.0
56.439119326000004,1790241635.892289,1.5277777910232544,-1.5277777910232544,0.0,0.0
56.45709269100001,1790241635.910342,1.5277777910232544,-1.5277777910232544,0.0,0.0
56.458656652,1790241635.9118104,1.5277777910232544,-1.5277777910232544,0.0,0.0
56.47866710300001,1790241635.932014,1.5277777910232544,-1.5277777910232544,0.0,0.0
56.481743567,1790241635.9350495,1.5277777910232544,-1.5277777910232544,0.0,0.0
56.498316668,1790241635.951651,1.5277777910232544,-1.5277777910232544,0.0,0.0
56.501012454000005,1790241635.9542444,1.5277777910232544,-1.5277777910232544,0.0,0.0
56.517504931000005,1790241635.9708736,1.5277777910232544,-1.5277777910232544,0.0,0.0
56.520887280000004,1790241635.9741786,1.5277777910232544,-1.5277777910232544,0.0,0.0
56.537241007000006,1790241635.9904804,1.5277777910232544,-1.5277777910232544,0.0,0.0
56.539020333,1790241635.9921896,1.5277777910232544,-1.5277777910232544,0.0,0.0
56.558746825,1790241636.01209,1.5277777910232544,-1.5277777910232544,0.0,0.0
56.561854747000005,1790241636.0151358,1.5277777910232544,-1.5277777910232544,0.0,0.0
56.577097274,1790241636.0303547,1.5277777910232544,-1.5277777910232544,0.0,0.0
56.578664308,1790241636.031816,1.5277777910232544,-1.5277777910232544,0.0,0.0
56.59850835300001,1790241636.0518231,1.5277777910232544,-1.5277777910232544,0.0,0.0
56.601245753,1790241636.0545084,1.5277777910232544,-1.5277777910232544,0.0,0.0
56.6183637,1790241636.071728,1.5277777910232544,-1.5277777910232544,0.0,0.0
56.621532820000006,1790241636.074839,1.5277777910232544,-1.5277777910232544,0.0,0.0
56.63704795100001,1790241636.090308,1.5277777910232544,-1.5277777910232544,0.0,0.0
56.638641079,1790241636.0918133,1.5277777910232544,-1.5277777910232544,0.0,0.0
56.657199809000005,1790241636.1104786,1.5277777910232544,-1.5277777910232544,0.0,0.0
56.658785436,1790241636.111951,1.5277777910232544,-1.5277777910232544,0.0,0.0
56.677624532,1790241636.130895,1.5277777910232544,-1.5277777910232544,0.0,0.0
56.679948077000006,1790241636.1331644,1.5277777910232544,-1.5277777910232544,0.0,0.0
56.698061025,1790241636.1513724,1.5277777910232544,-1.5277777910232544,0.0,0.0
56.700547071,1790241636.1537967,1.5277777910232544,-1.5277777910232544,0.0,0.0
56.71911642600001,1790241636.1725285,1.5277777910232544,-1.5277777910232544,0.0,0.0
56.722934766,1790241636.176275,1.5277777910232544,-1.5277777910232544,0.0,0.0
56.736872239,1790241636.1901011,1.5277777910232544,-1.5277777910232544,0.0,0.0
56.7383862,1790241636.191548,1.5277777910232544,-1.5277777910232544,0.0,0.0
56.75878061,1790241636.212124,1.5277777910232544,-1.5277777910232544,0.0,0.0
56.761885824000004,1790241636.215164,1.5277777910232544,-1.5277777910232544,0.0,0.0
56.778023195,1790241636.2313228,1.5277777910232544,-1.5277777910232544,0.0,0.0
56.780717888000005,1790241636.2340026,1.5277777910232544,-1.5277777910232544,0.0,0.0
56.797213489,1790241636.2505825,1.5277777910232544,-1.5277777910232544,0.0,0.0
56.800413547000005,1790241636.2536871,1.5277777910232544,-1.5277777910232544,0.0,0.0
56.817155451000005,1790241636.270383,1.5277777910232544,-1.5277777910232544,0.0,0.0
56.818830349,1790241636.2719896,1.5277777910232544,-1.5277777910232544,0.0,0.0
56.837664965,1790241636.2909431,1.5277777910232544,-1.5277777910232544,0.0,0.0
56.839875386,1790241636.2930927,1.5277777910232544,-1.5277777910232544,0.0,0.0
56.857159426,1790241636.3103979,1.5277777910232544,-1.5277777910232544,0.0,0.0
56.858875784000006,1790241636.3120823,1.5277777910232544,-1.5277777910232544,0.0,0.14
56.877519462,1790241636.330913,1.5277777910232544,-1.5277777910232544,0.0,0.0
56.880716238000005,1790241636.3340318,1.5277777910232544,-1.5277777910232544,0.14,0.14
56.897319184000004,1790241636.3505766,1.5277777910232544,-1.5277777910232544,0.0,0.28
56.89910179100001,1790241636.3522696,1.5277777910232544,-1.5277777910232544,0.28,0.28
56.918205261000004,1790241636.371503,1.5277777910232544,-1.5277777910232544,0.28,0.421
56.920953339,1790241636.3742163,1.5277777910232544,-1.5277777910232544,0.421,0.421
56.938551547,1790241636.3918808,1.5277777910232544,-1.5277777910232544,0.421,0.28
56.941593115,1790241636.3948572,1.5277777910232544,-1.5277777910232544,0.421,0.561
56.958392779,1790241636.411741,1.5277777910232544,-1.5277777910232544,0.561,0.561
56.961594816,1790241636.4148648,1.5277777910232544,-1.5277777910232544,0.561,0.561
56.977198697000006,1790241636.4305396,1.5277777910232544,-1.5277777910232544,0.561,0.701
56.980535630000006,1790241636.4338505,1.5277777910232544,-1.5277777910232544,0.421,0.701
56.997272847000005,1790241636.450582,1.5277777910232544,-1.5277777910232544,0.561,0.701
57.000685613,1790241636.4540355,1.5277777910232544,-1.5277777910232544,0.421,0.701
57.017312360000005,1790241636.470564,1.5277777910232544,-1.5277777910232544,0.561,0.701
57.019084134,1790241636.4722526,1.5277777910232544,-1.5277777910232544,0.421,0.841
57.037990834000006,1790241636.4912908,1.5277777910232544,-1.5277777910232544,0.421,0.701
57.040511515000006,1790241636.4937623,1.5277777910232544,-1.5277777910232544,0.421,0.701
57.057156232000004,1790241636.5104303,1.5277777910232544,-1.5277777910232544,0.561,0.841
57.058890193,1790241636.512098,1.5277777910232544,-1.5277777910232544,0.421,0.701
57.078946478000006,1790241636.5323508,1.5277777910232544,-1.5277777910232544,0.561,0.841
57.082675859000005,1790241636.5360289,1.5277777910232544,-1.5277777910232544,0.701,0.841
57.09696885300001,1790241636.5503166,1.5277777910232544,-1.5277777910232544,0.561,0.841
57.09969859700001,1790241636.5529497,1.5277777910232544,-1.5277777910232544,0.701,0.982
57.117246544000004,1790241636.5704875,1.5277777910232544,-1.5277777910232544,0.701,0.841
57.119042589,1790241636.572224,1.5277777910232544,-1.5277777910232544,0.841,0.982
57.138853092000005,1790241636.592184,1.5277777910232544,-1.5277777910232544,0.701,0.841
57.141993410000005,1790241636.5952542,1.5277777910232544,-1.5277777910232544,0.841,0.841
57.15692078,1790241636.6101632,1.5277777910232544,-1.5277777910232544,0.701,0.841
57.159934066000005,1790241636.6132815,1.5277777910232544,-1.5277777910232544,0.701,0.982
57.177261753,1790241636.6305087,1.5277777910232544,-1.5277777910232544,0.701,0.982
57.179030089,1790241636.6322098,1.5277777910232544,-1.5277777910232544,0.701,0.982
57.198789082000005,1790241636.652116,1.5277777910232544,-1.5277777910232544,0.841,0.982
57.201957577,1790241636.6552215,1.5277777910232544,-1.5277777910232544,0.841,0.841
57.216958228,1790241636.6702056,1.5277777910232544,-1.5277777910232544,0.841,0.982
57.219919691,1790241636.6732357,1.5277777910232544,-1.5277777910232544,0.841,0.982
57.23729680500001,1790241636.6905508,1.5277777910232544,-1.5277777910232544,0.841,0.982
57.239117589,1790241636.6922977,1.5277777910232544,-1.5277777910232544,0.841,0.982
57.257023037,1790241636.710241,1.5277777910232544,-1.5277777910232544,0.841,0.982
57.258560592,1790241636.7117138,1.5277777910232544,-1.5277777910232544,0.982,0.982
57.279101877,1790241636.7325044,1.5277777910232544,-1.5277777910232544,0.841,1.122
57.282729592,1790241636.7360198,1.5277777910232544,-1.5277777910232544,0.841,1.122
57.296924668,1790241636.7502403,1.5277777910232544,-1.5277777910232544,0.982,1.122
57.299574204,1790241636.752926,1.5277777910232544,-1.5277777910232544,0.841,1.122
57.317275173000006,1790241636.7705312,1.5277777910232544,-1.5277777910232544,0.982,1.122
57.32023549,1790241636.773583,1.5277777910232544,-1.5277777910232544,0.982,1.122
57.337223384000005,1790241636.7904623,1.5277777910232544,-1.5277777910232544,0.982,1.122
57.338997554,1790241636.7921937,1.5277777910232544,-1.5277777910232544,0.982,1.122
57.358924464000005,1790241636.8123238,1.5277777910232544,-1.5277777910232544,0.841,1.122
57.362143271,1790241636.8154616,1.5277777910232544,-1.5277777910232544,0.982,1.122
57.377246058000004,1790241636.8306067,1.5277777910232544,-1.5277777910232544,0.841,1.122
57.380331949,1790241636.8336573,1.5277777910232544,-1.5277777910232544,0.841,0.982
57.397022655,1790241636.8502598,1.5277777910232544,-1.5277777910232544,0.701,0.982
57.398654532,1790241636.8518152,1.5277777910232544,-1.5277777910232544,0.701,0.982
57.418307223000006,1790241636.8716056,1.5277777910232544,-1.5277777910232544,0.701,0.841
57.42107441500001,1790241636.8743145,1.5277777910232544,-1.5277777910232544,0.841,0.841
57.437360798,1790241636.8906677,1.5277777910232544,-1.5277777910232544,0.701,0.841
57.439264395,1790241636.8924522,1.5277777910232544,-1.5277777910232544,0.701,0.982
57.457261926,1790241636.910519,1.5277777910232544,-1.5277777910232544,0.841,0.841
57.458995575,1790241636.9122064,1.5277777910232544,-1.5277777910232544,0.701,0.701
57.477619409000006,1790241636.9309282,1.5277777910232544,-1.5277777910232544,0.701,0.841
57.480004517000005,1790241636.9332252,1.5277777910232544,-1.5277777910232544,0.841,0.701
57.498025642,1790241636.9513521,1.5277777910232544,-1.5277777910232544,0.701,0.841
57.500461792,1790241636.95371,1.5277777910232544,-1.5277777910232544,0.841,0.701
57.518993752,1790241636.9723973,1.5277777910232544,-1.5277777910232544,0.701,0.701
57.522687091,1790241636.9760418,1.5277777910232544,-1.5277777910232544,0.701,0.841
57.537120294000005,1790241636.9904554,1.5277777910232544,-1.5277777910232544,0.701,0.701
57.540070924000005,1790241636.99336,1.5277777910232544,-1.5277777910232544,0.701,0.701
57.55722569300001,1790241637.010463,1.5277777910232544,-1.5277777910232544,0.561,0.841
57.558952363,1790241637.0121179,1.5277777910232544,-1.5277777910232544,0.561,0.701
57.578759584000004,1790241637.0320816,1.5277777910232544,-1.5277777910232544,0.421,0.701
57.581843600000006,1790241637.0351253,1.5277777910232544,-1.5277777910232544,0.561,0.701
57.597179616000005,1790241637.050533,1.5277777910232544,-1.5277777910232544,0.561,0.561
57.600529362,1790241637.053852,1.5277777910232544,-1.5277777910232544,0.421,0.421
57.617084338000005,1790241637.0703607,1.5277777910232544,-1.5277777910232544,0.28,0.561
57.618796112000005,1790241637.0719597,1.5277777910232544,-1.5277777910232544,0.421,0.561
57.637922187,1790241637.091243,1.5277777910232544,-1.5277777910232544,0.561,0.561
57.64041833700001,1790241637.0936623,1.5277777910232544,-1.5277777910232544,0.561,0.561
57.65700446,1790241637.1102126,1.5277777910232544,-1.5277777910232544,0.701,0.561
57.658541910000004,1790241637.1116955,1.5277777910232544,-1.5277777910232544,0.701,0.561
57.679127363000006,1790241637.1325386,1.5277777910232544,-1.5277777910232544,0.561,0.561
57.682823723000006,1790241637.136113,1.5277777910232544,-1.5277777910232544,0.561,0.561
57.697026040000004,1790241637.1502876,1.5277777910232544,-1.5277777910232544,0.841,0.701
57.69975646100001,1790241637.153054,1.5277777910232544,-1.5277777910232544,0.701,0.701
57.717486752000006,1790241637.170736,1.5277777910232544,-1.5277777910232544,0.982,0.701
57.719450714000004,1790241637.172818,1.5277777910232544,-1.5277777910232544,0.841,0.701
57.738202569,1790241637.191523,1.5277777910232544,-1.5277777910232544,1.122,0.982
57.740884918000006,1790241637.1941571,1.5277777910232544,-1.5277777910232544,1.122,0.982
57.757049112000004,1790241637.210295,1.5277777910232544,-1.5277777910232544,1.262,0.982
57.758687709,1790241637.2118492,1.5277777910232544,-1.5277777910232544,1.122,1.122
57.778813942000006,1790241637.2321794,1.5277777910232544,-1.5277777910232544,0.982,0.982
57.781962958,1790241637.2352335,1.5277777910232544,-1.5277777910232544,1.122,0.982
57.796979546,1790241637.2502098,1.5277777910232544,-1.5277777910232544,0.841,0.982
57.798502830000004,1790241637.2516623,1.5277777910232544,-1.5277777910232544,0.982,0.841
57.818778126000005,1790241637.2721038,1.5277777910232544,-1.5277777910232544,0.841,0.841
57.821955944,1790241637.2752156,1.5277777910232544,-1.5277777910232544,0.982,0.841
57.836971543000004,1790241637.290223,1.5277777910232544,-1.5277777910232544,0.982,0.841
57.83860816000001,1790241637.2917814,1.5277777910232544,-1.5277777910232544,0.982,0.701
57.857074494,1790241637.3103142,1.5277777910232544,-1.5277777910232544,0.982,0.841
57.858632622,1790241637.3117852,1.5277777910232544,-1.5277777910232544,0.982,0.841
57.878780678000005,1790241637.3321433,1.5277777910232544,-1.5277777910232544,0.841,0.701
57.881887506000005,1790241637.3351629,1.5277777910232544,-1.5277777910232544,0.982,0.701
57.89752545,1790241637.350855,1.5277777910232544,-1.5277777910232544,0.982,0.841
57.900521653000006,1790241637.3537817,1.5277777910232544,-1.5277777910232544,0.841,0.561
57.917254599,1790241637.3705199,1.5277777910232544,-1.5277777910232544,0.982,0.701
57.919057102000004,1790241637.3722382,1.5277777910232544,-1.5277777910232544,0.841,0.421
57.93833947900001,1790241637.391661,1.5277777910232544,-1.5277777910232544,0.841,0.561
57.941069536,1790241637.394345,1.5277777910232544,-1.5277777910232544,0.701,0.561
57.958501597,1790241637.4119148,1.5277777910232544,-1.5277777910232544,0.701,0.561
57.962199624,1790241637.4155133,1.5277777910232544,-1.5277777910232544,0.701,0.421
57.976921837000006,1790241637.430152,1.5277777910232544,-1.5277777910232544,0.701,0.561
57.978470069000004,1790241637.4316568,1.5277777910232544,-1.5277777910232544,0.701,0.561
57.998808386,1790241637.45217,1.5277777910232544,-1.5277777910232544,0.561,0.421
58.00198412,1790241637.455243,1.5277777910232544,-1.5277777910232544,0.701,0.421
58.017190814,1790241637.4705358,1.5277777910232544,-1.5277777910232544,0.561,0.561
58.020503111000004,1790241637.4737954,1.5277777910232544,-1.5277777910232544,0.701,0.421
58.037208192,1790241637.4904459,1.5277777910232544,-1.5277777910232544,0.701,0.561
58.038887987,1790241637.4920695,1.5277777910232544,-1.5277777910232544,0.841,0.421
58.057078122,1790241637.5103009,1.5277777910232544,-1.5277777910232544,0.841,0.421
58.058617656,1790241637.5117686,1.5277777910232544,-1.5277777910232544,0.701,0.561
58.079076702,1790241637.532467,1.5277777910232544,-1.5277777910232544,0.841,0.421
58.082694729,1790241637.536041,1.5277777910232544,-1.5277777910232544,0.701,0.561
58.097001837,1790241637.5502193,1.5277777910232544,-1.5277777910232544,0.701,0.561
58.098513819000004,1790241637.5516648,1.5277777910232544,-1.5277777910232544,0.841,0.421
58.118853959000006,1790241637.5721993,1.5277777910232544,-1.5277777910232544,0.701,0.561
58.121996204000006,1790241637.5752711,1.5277777910232544,-1.5277777910232544,0.701,0.701
58.138174877000004,1790241637.5914748,1.5277777910232544,-1.5277777910232544,0.701,0.421
58.140873007,1790241637.594146,1.5277777910232544,-1.5277777910232544,0.841,0.561
58.15706741,1790241637.6103168,1.5277777910232544,-1.5277777910232544,0.701,0.701
58.15874783,1790241637.6119194,1.5277777910232544,-1.5277777910232544,0.841,0.561
58.17885875,1790241637.6321971,1.5277777910232544,-1.5277777910232544,0.701,0.561
58.182011933000005,1790241637.6353009,1.5277777910232544,-1.5277777910232544,0.701,0.561
58.198114200000006,1790241637.6514716,1.5277777910232544,-1.5277777910232544,0.841,0.561
58.200855194000006,1790241637.6541243,1.5277777910232544,-1.5277777910232544,0.701,0.701
58.217069077000005,1790241637.6703074,1.5277777910232544,-1.5277777910232544,0.701,0.701
58.218743715,1790241637.6719005,1.5277777910232544,-1.5277777910232544,0.841,0.701
58.237716717000005,1790241637.691007,1.5277777910232544,-1.5277777910232544,0.841,0.701
58.240039325000005,1790241637.693259,1.5277777910232544,-1.5277777910232544,0.841,0.841
58.257238938,1790241637.7104561,1.5277777910232544,-1.5277777910232544,0.701,0.561
58.258743264,1790241637.7119126,1.5277777910232544,-1.5277777910232544,0.841,0.701
58.277598869,1790241637.7308893,1.5277777910232544,-1.5277777910232544,0.841,0.701
58.279962728,1790241637.7331743,1.5277777910232544,-1.5277777910232544,0.701,0.561
58.298511666,1790241637.7518132,1.5277777910232544,-1.5277777910232544,0.841,0.561
58.301288650000004,1790241637.7545416,1.5277777910232544,-1.5277777910232544,0.701,0.561
58.31743117800001,1790241637.770831,1.5277777910232544,-1.5277777910232544,0.701,0.421
58.32079503800001,1790241637.7741075,1.5277777910232544,-1.5277777910232544,0.841,0.561
58.337058504000005,1790241637.7902975,1.5277777910232544,-1.5277777910232544,0.701,0.561
58.338687569,1790241637.7918484,1.5277777910232544,-1.5277777910232544,0.701,0.561
58.358725416000006,1790241637.81208,1.5277777910232544,-1.5277777910232544,0.841,0.561
58.362005057000005,1790241637.8152907,1.5277777910232544,-1.5277777910232544,0.701,0.561
58.377035396000004,1790241637.8302724,1.5277777910232544,-1.5277777910232544,0.841,0.561
58.379458421,1790241637.8327801,1.5277777910232544,-1.5277777910232544,0.701,0.561
58.397249962000004,1790241637.850489,1.5277777910232544,-1.5277777910232544,0.841,0.561
58.399045017000006,1790241637.8522148,1.5277777910232544,-1.5277777910232544,0.701,0.561
58.418303853000005,1790241637.8716192,1.5277777910232544,-1.5277777910232544,0.701,0.701
58.421004691,1790241637.874241,1.5277777910232544,-1.5277777910232544,0.701,0.561
58.437594251,1790241637.8908405,1.5277777910232544,-1.5277777910232544,0.701,0.561
58.439447431000005,1790241637.8926966,1.5277777910232544,-1.5277777910232544,0.701,0.561
58.457036055,1790241637.910256,1.5277777910232544,-1.5277777910232544,0.701,0.421
58.458545173000005,1790241637.9117103,1.5277777910232544,-1.5277777910232544,0.701,0.421
58.478389061,1790241637.931731,1.5277777910232544,-1.5277777910232544,0.701,0.421
58.481485629000005,1790241637.934764,1.5277777910232544,-1.5277777910232544,0.561,0.421
58.497305136,1790241637.9506786,1.5277777910232544,-1.5277777910232544,0.701,0.421
58.500640246,1790241637.9539676,1.5277777910232544,-1.5277777910232544,0.561,0.28
58.51712100300001,1790241637.9706426,1.5277777910232544,-1.5277777910232544,0.701,0.421
58.519908300000004,1790241637.9731538,1.5277777910232544,-1.5277777910232544,0.561,0.421
58.538406092,1790241637.9917219,1.5277777910232544,-1.5277777910232544,0.561,0.14
58.54112172200001,1790241637.9943933,1.5277777910232544,-1.5277777910232544,0.421,0.28
58.55816222000001,1790241638.0115414,1.5277777910232544,-1.5277777910232544,0.561,0.28
58.561584153000005,1790241638.014915,1.5277777910232544,-1.5277777910232544,0.701,0.28
58.577018503000005,1790241638.0303483,1.5277777910232544,-1.5277777910232544,0.561,0.28
58.580055852,1790241638.0333247,1.5277777910232544,-1.5277777910232544,0.561,0.28
58.59728306900001,1790241638.0505524,1.5277777910232544,-1.5277777910232544,0.701,0.28
58.60026911600001,1790241638.0535796,1.5277777910232544,-1.5277777910232544,0.561,0.28
58.617224354,1790241638.0704606,1.5277777910232544,-1.5277777910232544,0.701,0.28
58.618973472,1790241638.0721514,1.5277777910232544,-1.5277777910232544,0.561,0.561
58.637746056000005,1790241638.0910187,1.5277777910232544,-1.5277777910232544,0.561,0.421
58.639990018000006,1790241638.0932207,1.5277777910232544,-1.5277777910232544,0.701,0.28
58.657287548000006,1790241638.1105325,1.5277777910232544,-1.5277777910232544,0.561,0.421
58.658978385000005,1790241638.1121826,1.5277777910232544,-1.5277777910232544,0.701,0.421
58.678119199,1790241638.1314485,1.5277777910232544,-1.5277777910232544,0.561,0.421
58.681227590000006,1790241638.1344876,1.5277777910232544,-1.5277777910232544,0.701,0.28
58.697198399,1790241638.1504486,1.5277777910232544,-1.5277777910232544,0.561,0.421
58.698951266,1790241638.1522176,1.5277777910232544,-1.5277777910232544,0.701,0.421
58.717983904,1790241638.1712813,1.5277777910232544,-1.5277777910232544,0.561,0.421
58.720422085,1790241638.1736479,1.5277777910232544,-1.5277777910232544,0.561,0.421
58.738878679,1790241638.1922638,1.5277777910232544,-1.5277777910232544,0.701,0.421
58.742554675,1790241638.1958518,1.5277777910232544,-1.5277777910232544,0.701,0.421
58.75692319,1790241638.2101402,1.5277777910232544,-1.5277777910232544,0.701,0.28
58.758456578,1790241638.211634,1.5277777910232544,-1.5277777910232544,0.701,0.421
58.778578019,1790241638.2319014,1.5277777910232544,-1.5277777910232544,0.841,0.561
58.78166266,1790241638.234946,1.5277777910232544,-1.5277777910232544,0.841,0.421
58.797108937000004,1790241638.2504518,1.5277777910232544,-1.5277777910232544,0.841,0.421
58.800574880000006,1790241638.2539065,1.5277777910232544,-1.5277777910232544,0.841,0.561
58.817059075,1790241638.2703233,1.5277777910232544,-1.5277777910232544,0.841,0.701
58.818747776,1790241638.2719042,1.5277777910232544,-1.5277777910232544,0.841,0.561
58.838044164,1790241638.291352,1.5277777910232544,-1.5277777910232544,0.982,0.561
58.840512241000006,1790241638.2937696,1.5277777910232544,-1.5277777910232544,0.841,0.701
58.857080030000006,1790241638.3102872,1.5277777910232544,-1.5277777910232544,0.841,0.701
58.858594616000005,1790241638.3117483,1.5277777910232544,-1.5277777910232544,0.841,0.701
58.878904599,1790241638.3322845,1.5277777910232544,-1.5277777910232544,0.982,0.841
58.88261184500001,1790241638.3359597,1.5277777910232544,-1.5277777910232544,0.701,0.841
58.896940776,1790241638.350159,1.5277777910232544,-1.5277777910232544,0.841,0.841
58.899453489,1790241638.35276,1.5277777910232544,-1.5277777910232544,0.841,0.701
58.91742372900001,1790241638.3706846,1.5277777910232544,-1.5277777910232544,0.841,0.701
58.919366649000004,1790241638.3725617,1.5277777910232544,-1.5277777910232544,0.841,0.841
58.938287827,1790241638.391592,1.5277777910232544,-1.5277777910232544,0.841,0.701
58.941042832,1790241638.394295,1.5277777910232544,-1.5277777910232544,0.841,0.841
58.957081454000004,1790241638.4103332,1.5277777910232544,-1.5277777910232544,0.841,0.982
58.960066511,1790241638.413377,1.5277777910232544,-1.5277777910232544,0.841,0.982
58.977197843000006,1790241638.430436,1.5277777910232544,-1.5277777910232544,0.841,1.122
58.979007846,1790241638.432179,1.5277777910232544,-1.5277777910232544,0.982,0.982
58.998310796000005,1790241638.451625,1.5277777910232544,-1.5277777910232544,0.841,0.982
59.001017623,1790241638.4542751,1.5277777910232544,-1.5277777910232544,0.841,0.982
59.018395414000004,1790241638.471723,1.5277777910232544,-1.5277777910232544,0.982,0.982
59.021548336,1790241638.4748125,1.5277777910232544,-1.5277777910232544,0.701,1.122
59.037233103000005,1790241638.4904625,1.5277777910232544,-1.5277777910232544,0.841,0.982
59.038777168,1790241638.4919517,1.5277777910232544,-1.5277777910232544,0.841,0.982
59.057091575,1790241638.5103235,1.5277777910232544,-1.5277777910232544,0.841,0.982
59.058621421000005,1790241638.5118003,1.5277777910232544,-1.5277777910232544,0.841,0.982
59.078419476,1790241638.5317438,1.5277777910232544,-1.5277777910232544,0.841,0.982
59.081547867000005,1790241638.534826,1.5277777910232544,-1.5277777910232544,0.982,0.982
59.097220863000004,1790241638.5505607,1.5277777910232544,-1.5277777910232544,0.841,0.982
59.100551025,1790241638.5538802,1.5277777910232544,-1.5277777910232544,0.841,0.982
59.117288762,1790241638.5705278,1.5277777910232544,-1.5277777910232544,0.841,0.982
59.119029703,1790241638.5722187,1.5277777910232544,-1.5277777910232544,0.982,0.982
59.13881656,1790241638.5921607,1.5277777910232544,-1.5277777910232544,0.841,0.982
59.141951461000005,1790241638.5952296,1.5277777910232544,-1.5277777910232544,0.841,0.982
59.157012425000005,1790241638.6102583,1.5277777910232544,-1.5277777910232544,0.982,1.122
59.159944513000006,1790241638.6132882,1.5277777910232544,-1.5277777910232544,0.841,1.122
59.177428971000005,1790241638.6306872,1.5277777910232544,-1.5277777910232544,0.841,0.982
59.179306266000005,1790241638.6324944,1.5277777910232544,-1.5277777910232544,0.841,1.262
59.19874947700001,1790241638.652076,1.5277777910232544,-1.5277777910232544,0.841,1.122
59.201931618,1790241638.6552556,1.5277777910232544,-1.5277777910232544,0.841,1.262
59.216942269,1790241638.6701782,1.5277777910232544,-1.5277777910232544,0.841,1.262
59.219775086000006,1790241638.673067,1.5277777910232544,-1.5277777910232544,0.982,1.262
59.237523294000006,1790241638.690811,1.5277777910232544,-1.5277777910232544,0.701,1.262
59.239515276000006,1790241638.692782,1.5277777910232544,-1.5277777910232544,0.841,1.402
59.257132547000005,1790241638.7103894,1.5277777910232544,-1.5277777910232544,0.841,1.262
59.258873122000004,1790241638.7121077,1.5277777910232544,-1.5277777910232544,0.701,1.122
59.278551438,1790241638.7319183,1.5277777910232544,-1.5277777910232544,0.841,1.262
59.28167587,1790241638.7349498,1.5277777910232544,-1.5277777910232544,0.841,1.402
59.297175793,1790241638.7505145,1.5277777910232544,-1.5277777910232544,0.841,1.402
59.300495330000004,1790241638.7537708,1.5277777910232544,-1.5277777910232544,0.982,1.543
59.317249786000005,1790241638.7704887,1.5277777910232544,-1.5277777910232544,0.982,1.402
59.319050362000006,1790241638.7722337,1.5277777910232544,-1.5277777910232544,0.982,1.262
59.33823977,1790241638.7915857,1.5277777910232544,-1.5277777910232544,0.841,1.262
59.340948108000006,1790241638.7941756,1.5277777910232544,-1.5277777910232544,0.982,1.122
59.358322878,1790241638.8116765,1.5277777910232544,-1.5277777910232544,0.841,1.262
59.361534238000004,1790241638.8148265,1.5277777910232544,-1.5277777910232544,0.982,1.262
59.377243328000006,1790241638.8306062,1.5277777910232544,-1.5277777910232544,0.841,1.122
59.380570156000005,1790241638.8338606,1.5277777910232544,-1.5277777910232544,0.841,1.122
59.397049299,1790241638.8502734,1.5277777910232544,-1.5277777910232544,0.701,1.122
59.398671229,1790241638.8518307,1.5277777910232544,-1.5277777910232544,0.701,1.262
59.418489076,1790241638.8718073,1.5277777910232544,-1.5277777910232544,0.701,1.122
59.42144866500001,1790241638.8747232,1.5277777910232544,-1.5277777910232544,0.701,1.122
59.438031454000004,1790241638.8913589,1.5277777910232544,-1.5277777910232544,0.841,1.262
59.440547031,1790241638.8938007,1.5277777910232544,-1.5277777910232544,0.841,1.122
59.457104820000005,1790241638.910334,1.5277777910232544,-1.5277777910232544,0.841,1.262
59.45876018800001,1790241638.911984,1.5277777910232544,-1.5277777910232544,0.841,1.262
59.478849493000006,1790241638.9322119,1.5277777910232544,-1.5277777910232544,0.841,1.262
59.48231095800001,1790241638.935628,1.5277777910232544,-1.5277777910232544,0.841,1.122
59.497072285,1790241638.9503422,1.5277777910232544,-1.5277777910232544,0.841,1.262
59.49974229,1790241638.9530213,1.5277777910232544,-1.5277777910232544,0.841,1.122
59.517532842,1790241638.9707875,1.5277777910232544,-1.5277777910232544,0.982,1.262
59.519485397000004,1790241638.9728851,1.5277777910232544,-1.5277777910232544,0.841,1.262
59.538418242000006,1790241638.9917521,1.5277777910232544,-1.5277777910232544,0.841,1.262
59.541171841,1790241638.9944258,1.5277777910232544,-1.5277777910232544,0.982,1.262
59.557079733,1790241639.0103116,1.5277777910232544,-1.5277777910232544,0.701,1.262
59.558718017000004,1790241639.0118785,1.5277777910232544,-1.5277777910232544,0.982,1.262
59.578072738,1790241639.03137,1.5277777910232544,-1.5277777910232544,0.701,1.122
59.580533888000005,1790241639.0337644,1.5277777910232544,-1.5277777910232544,0.982,1.262
59.598396003000005,1790241639.051728,1.5277777910232544,-1.5277777910232544,0.841,1.122
59.60114496600001,1790241639.0544064,1.5277777910232544,-1.5277777910232544,0.982,1.262
59.617081816,1790241639.0703328,1.5277777910232544,-1.5277777910232544,0.982,1.122
59.620178384000006,1790241639.073489,1.5277777910232544,-1.5277777910232544,0.841,1.262
59.63737883100001,1790241639.0906332,1.5277777910232544,-1.5277777910232544,0.701,1.122
59.63919477100001,1790241639.0923731,1.5277777910232544,-1.5277777910232544,0.701,1.122
59.657045688000004,1790241639.1102633,1.5277777910232544,-1.5277777910232544,0.701,1.122
59.658587201,1790241639.1117387,1.5277777910232544,-1.5277777910232544,0.701,0.982
59.679092392,1790241639.1324985,1.5277777910232544,-1.5277777910232544,0.841,1.122
59.682737815,1790241639.1360693,1.5277777910232544,-1.5277777910232544,0.701,0.982
59.697509299000004,1790241639.1508036,1.5277777910232544,-1.5277777910232544,0.701,1.122
59.700161648000005,1790241639.1534142,1.5277777910232544,-1.5277777910232544,0.701,0.982
59.717257094000004,1790241639.1705055,1.5277777910232544,-1.5277777910232544,0.701,0.982
59.719063764000005,1790241639.1722314,1.5277777910232544,-1.5277777910232544,0.701,0.841
59.738765465,1790241639.1921089,1.5277777910232544,-1.5277777910232544,0.561,0.982
59.741950522,1790241639.195244,1.5277777910232544,-1.5277777910232544,0.561,0.841
59.757194194,1790241639.2105393,1.5277777910232544,-1.5277777910232544,0.421,0.841
59.76048024200001,1790241639.2137806,1.5277777910232544,-1.5277777910232544,0.561,0.701
59.777063239,1790241639.2302928,1.5277777910232544,-1.5277777910232544,0.28,0.701
59.778735742,1790241639.2318974,1.5277777910232544,-1.5277777910232544,0.0,0.701
59.798681714000004,1790241639.2520473,1.5277777910232544,-1.5277777910232544,0.0,0.701
59.801843386,1790241639.2551312,1.5277777910232544,-1.5277777910232544,0.0,0.421
59.817127215000006,1790241639.2704997,1.5277777910232544,-1.5277777910232544,0.0,0.561
59.820480346000004,1790241639.2737741,1.5277777910232544,-1.5277777910232544,0.14,0.561
59.837242719,1790241639.2905023,1.5277777910232544,-1.5277777910232544,0.0,0.561
59.838917774,1790241639.2920961,1.5277777910232544,-1.5277777910232544,0.14,0.841
59.857037128,1790241639.3102686,1.5277777910232544,-1.5277777910232544,0.28,0.701
59.858573693000004,1790241639.3117375,1.5277777910232544,-1.5277777910232544,0.28,0.982
59.879008208,1790241639.3324168,1.5277777910232544,-1.5277777910232544,0.421,0.841
