time_s,ref_left,ref_right,meas_left,meas_right
0.185571059,0.0,0.0,0.0,0.0
0.18731292300000002,0.0,0.0,0.0,0.0
0.188805777,0.0,0.0,0.0,0.0
0.19030009,0.0,0.0,0.0,0.0
0.191844768,0.0,0.0,0.0,0.0
0.193290696,0.0,0.0,0.0,0.0
0.19469808200000002,0.0,0.0,0.0,0.0
0.196232655,0.0,0.0,0.0,0.0
0.197685458,0.0,0.0,0.0,0.0
0.19916899000000002,0.0,0.0,0.0,0.0
0.200792677,0.0,0.0,0.0,0.0
0.202233865,0.0,0.0,0.0,0.0
0.20370099100000003,0.0,0.0,0.0,0.0
0.205100044,0.0,0.0,0.0,0.0
0.206561597,0.0,0.0,0.0,0.0
0.20803111900000001,0.0,0.0,0.0,0.0
0.20945006800000002,0.0,0.0,0.0,0.0
0.21094537000000002,0.0,0.0,0.0,0.0
0.21242885,0.0,0.0,0.0,0.0
0.213843476,0.0,0.0,0.0,0.0
0.21536700700000003,0.0,0.0,0.0,0.0
0.21686882000000002,0.0,0.0,0.0,0.0
0.21829714400000003,0.0,0.0,0.0,0.0
0.219788853,0.0,0.0,0.0,0.0
0.221287489,0.0,0.0,0.0,0.0
0.22272216700000003,0.0,0.0,0.0,0.0
0.224167261,0.0,0.0,0.0,0.0
0.22557464800000002,0.0,0.0,0.0,0.0
0.22711182500000002,0.0,0.0,0.0,0.0
0.22857306600000002,0.0,0.0,0.0,0.0
0.23001201400000001,0.0,0.0,0.0,0.0
0.23153408800000003,0.0,0.0,0.0,0.0
0.232958505,0.0,0.0,0.0,0.0
0.25140254900000003,0.0,0.0,0.0,0.0
0.253945449,0.0,0.0,0.0,0.0
0.271565072,0.0,0.0,0.0,0.0
0.273975837,0.0,0.0,0.0,0.0
0.292521495,0.0,0.0,0.0,0.0
0.29552756900000005,0.0,0.0,0.0,0.0
0.29851583000000004,0.0,0.0,0.0,0.0
0.31075319700000004,0.0,0.0,0.0,0.0
0.332042483,0.0,0.0,0.0,0.0
0.335035223,0.0,0.0,0.0,0.0
0.35096735700000004,0.0,0.0,0.0,0.0
0.353735568,0.0,0.0,0.0,0.0
0.37124441,0.0,0.0,0.0,0.0
0.373586322,0.0,0.0,0.0,0.0
0.391787451,0.0,0.0,0.0,0.0
0.394147748,0.0,0.0,0.0,0.0
0.412243148,0.0,0.0,0.0,0.0
0.415270264,0.0,0.0,0.0,0.0
0.43099307600000003,0.0,0.0,0.0,0.0
0.434049879,0.0,0.0,0.0,0.0
0.45092549600000004,0.0,0.0,0.0,0.0
0.453977246,0.0,0.0,0.0,0.0
0.471108799,0.0,0.0,0.0,0.0
0.47339019000000004,0.0,0.0,0.0,0.0
0.49122502,0.0,0.0,0.0,0.0
0.493410214,0.0,0.0,0.0,0.0
0.5114802500000001,0.0,0.0,0.0,0.0
0.513536538,0.0,0.0,0.0,0.0
0.5325094850000001,0.0,0.0,0.0,0.0
0.535584673,0.0,0.0,0.0,-0.14
0.551884459,0.0,0.0,0.0,0.0
0.5545573570000001,0.0,0.0,0.0,-0.14
0.570848549,0.0,0.0,0.0,0.0
0.5738918620000001,0.0,0.0,0.0,0.0
0.591047215,0.0,0.0,0.0,0.0
0.5940934440000001,0.0,0.0,0.0,0.0
0.6108845810000001,0.0,0.0,0.0,0.0
0.613867425,0.0,0.0,0.0,0.0
0.63101783,0.0,0.0,0.0,0.0
0.634140205,0.0,0.0,0.0,0.0
0.651002851,0.0,0.0,0.0,0.0
0.6532489300000001,0.0,0.0,0.0,0.0
0.671360682,0.0,0.0,0.0,0.0
0.673834676,0.0,0.0,0.0,0.0
0.69126034,0.0,0.0,0.0,0.0
0.693227201,0.0,0.0,0.0,0.0
0.7125608210000001,0.0,0.0,0.0,0.0
0.715510592,0.0,0.0,0.0,0.0
0.7318710030000001,0.0,0.0,0.0,0.0
0.734414475,0.0,0.0,0.0,0.0
0.750856395,0.0,0.0,0.0,0.0
0.7537767400000001,0.0,0.0,0.0,0.0
0.7710191230000001,0.0,0.0,0.0,0.0
0.774038322,0.0,0.0,0.0,0.0
0.791024092,0.0,0.0,0.0,0.0
0.7939823020000001,0.0,0.0,0.0,0.0
0.8110375510000001,0.0,0.0,0.0,0.0
0.8134032120000001,0.0,0.0,0.0,0.0
0.831257727,0.0,0.0,0.0,0.0
0.8336865120000001,0.0,0.0,0.0,0.0
0.851664933,0.0,0.0,0.0,0.0
0.8537390330000001,0.0,0.0,0.0,0.0
0.8728184880000001,0.0,0.0,0.0,0.0
0.875817842,0.0,0.0,0.0,0.0
0.878112306,0.0,0.0,0.0,0.0
0.891451278,0.0,0.0,0.0,0.0
0.9114571330000001,0.0,0.0,0.0,0.0
0.91446305,0.0,0.0,0.0,0.0
0.9308510120000001,0.0,0.0,0.0,0.0
0.933651306,0.0,0.0,0.0,0.0
0.950991813,0.0,0.0,0.0,0.0
0.953504817,0.0,0.0,0.0,0.0
0.971430113,0.0,0.0,0.0,0.0
0.9735074420000001,0.0,0.0,0.0,0.0
0.992543928,0.0,0.0,0.0,0.0
0.9955463560000001,0.0,0.0,0.0,0.0
1.0119632760000001,0.0,0.0,0.0,0.0
1.014534144,0.0,0.0,0.0,0.0
1.030867055,0.0,0.0,0.0,0.0
1.033565891,0.0,0.0,0.0,0.0
1.0510200440000002,0.0,0.0,0.0,0.0
1.0538524200000001,0.0,0.0,0.0,0.0
1.071018086,0.0,0.0,0.0,0.0
1.0738850450000001,0.0,0.0,0.0,0.0
1.090997951,0.0,0.0,0.0,0.0
1.093364185,0.0,0.0,0.0,0.0
1.1114701040000001,0.0,0.0,0.0,0.0
1.113560611,0.0,0.0,0.0,0.0
1.132540482,0.0,0.0,0.0,0.0
1.135518118,0.0,0.0,0.0,0.0
1.1520393610000002,0.0,0.0,0.0,0.0
1.154609291,0.0,0.0,0.0,0.0
1.172577087,0.0,0.0,0.0,0.0
1.175959981,0.0,0.0,0.0,0.0
1.190858213,0.0,0.0,0.0,0.0
1.193086479,0.0,0.0,0.0,0.0
1.211229638,0.0,0.0,0.0,0.0
1.213796756,0.0,0.0,0.0,0.0
1.231006692,0.0,0.0,0.0,0.0
1.233494227,0.0,0.0,0.0,0.0
1.2512131180000001,0.0,0.0,0.0,0.0
1.253738622,0.0,0.0,0.0,0.0
1.271213243,0.0,0.0,0.0,0.0
1.2736808830000002,0.0,0.0,0.0,0.0
1.2912550870000001,0.0,0.0,0.0,0.0
1.293751684,0.0,0.0,0.0,0.0
1.311271254,0.0,0.0,0.0,0.0
1.313773424,0.0,0.0,0.0,0.0
1.330992266,0.0,0.0,0.0,0.0
1.333375323,0.0,0.0,0.0,0.0
1.351472701,0.0,0.0,0.0,0.0
1.354004715,0.0,0.0,0.0,0.0
1.3712074630000002,0.0,0.0,0.0,0.0
1.373109377,0.0,0.0,0.0,0.0
1.392536954,0.0,0.0,0.0,0.0
1.395497559,0.0,0.0,0.0,0.0
1.398136864,0.0,0.0,0.0,0.0
1.4114927640000001,0.0,0.0,0.0,0.0
1.4314144000000002,0.0,0.0,0.0,0.0
1.4342994850000002,0.0,0.0,0.0,0.0
1.450986611,0.0,0.0,0.0,0.0
1.453312689,0.0,0.0,0.0,0.0
1.471237672,0.0,0.0,0.0,0.0
1.473677656,0.0,0.0,0.0,0.0
1.491237954,0.0,0.0,0.0,0.0
1.49367299,0.0,0.0,0.0,0.0
1.511226256,0.0,0.0,0.0,0.0
1.5136822810000001,0.0,0.0,0.0,0.0
1.531236746,0.0,0.0,0.0,0.0
1.5336538130000001,0.0,0.0,0.0,0.0
1.551252858,0.0,0.0,0.0,0.0
1.5536460710000002,0.0,0.0,0.0,0.0
1.57122194,0.0,0.0,0.0,0.0
1.573644736,0.0,0.0,0.0,0.0
1.5912303440000002,0.0,0.0,0.0,0.0
1.5936451710000001,0.0,0.0,0.0,0.0
1.6111881750000001,0.0,0.0,0.0,0.0
1.613595659,0.0,0.0,0.0,0.0
1.6312391830000001,0.0,0.0,0.0,0.0
1.633625,0.0,0.0,0.0,0.0
1.6513560760000001,0.0,0.0,0.0,0.0
1.653835643,0.0,0.0,0.0,0.0
1.67122995,0.0,0.0,0.0,0.0
1.6731960300000002,0.0,0.0,0.0,0.0
1.6917342880000001,0.0,0.0,0.0,0.0
1.6940350540000002,0.0,0.0,0.0,0.0
1.7121571160000002,0.0,0.0,0.0,0.0
1.71474689,0.0,0.0,0.0,0.0
1.732298957,0.0,0.0,0.0,0.0
1.7348619600000001,0.0,0.0,0.0,0.0
1.7526206400000002,0.0,0.0,0.0,0.0
1.7560320230000002,0.0,0.0,0.0,0.0
1.759872413,0.0,0.0,0.0,0.0
1.7706318710000002,0.0,0.0,0.0,0.0
1.7921139620000002,0.0,0.0,0.0,0.0
1.7946931110000002,0.0,0.0,0.0,0.0
1.810938729,0.0,0.0,0.0,0.0
1.8134270970000002,0.0,0.0,0.0,0.0
1.831443015,0.0,0.0,0.0,0.0
1.833606698,0.0,0.0,0.0,0.0
1.851703813,0.0,0.0,0.0,0.0
1.853996089,0.0,0.0,0.0,0.0
1.872068725,0.0,0.0,0.0,0.0
1.8747257380000002,0.0,0.0,0.0,0.0
1.8926153540000001,0.0,0.0,0.0,0.0
1.8960723620000002,0.0,0.0,0.0,0.0
1.899879263,0.0,0.0,0.0,0.0
1.910619241,0.0,0.0,0.0,0.0
1.9321441970000002,0.0,0.0,0.0,0.0
1.9346286590000001,0.0,0.0,0.0,0.0
1.9514973450000002,0.0,0.0,0.0,0.0
1.9536132160000002,0.0,0.0,0.0,0.0
1.9725410550000002,0.0,0.0,0.0,0.0
1.975510201,0.0,0.0,0.0,0.0
1.992028369,0.0,0.0,0.0,0.0
1.9945976220000001,0.0,0.0,0.0,0.0
2.012580727,0.0,0.0,0.0,0.0
2.0159897140000003,0.0,0.0,0.0,0.0
2.0198892710000003,0.0,0.0,0.0,0.0
2.030638572,0.0,0.0,0.0,0.0
2.052092591,0.0,0.0,0.0,0.0
2.054718979,0.0,0.0,0.0,0.0
2.07123298,0.0,0.0,0.0,0.0
2.073197238,0.0,0.0,0.0,0.0
2.091681485,0.0,0.0,0.0,0.0
2.094013865,0.0,0.0,0.0,0.0
2.11206046,0.0,0.0,0.0,0.0
2.114710025,0.0,0.0,0.0,0.0
2.1320403740000002,0.0,0.0,0.0,0.0
2.134674888,0.0,0.0,0.0,0.0
2.15261091,0.0,0.0,0.0,0.0
2.1560404180000003,0.0,0.0,0.0,0.0
2.159677164,0.0,0.0,0.0,0.0
2.170663182,0.0,0.0,0.0,0.0
2.1922214710000003,0.0,0.0,0.0,0.0
2.194611246,0.0,0.0,0.0,0.0
2.2112342050000002,0.0,0.0,0.0,0.0
2.2133674190000003,0.0,0.0,0.0,0.0
2.2314312530000002,0.0,0.0,0.0,0.0
2.2338429040000003,0.0,0.0,0.0,0.0
2.251243305,0.0,0.0,0.0,0.0
2.253365321,0.0,0.0,0.0,0.0
2.2714619160000002,0.0,0.0,0.0,0.0
2.273842472,0.0,0.0,0.0,0.0
2.291216259,0.0,0.0,0.0,0.0
2.29333213,0.0,0.0,0.0,0.0
2.3114049740000002,0.0,0.0,0.0,0.0
2.31356272,0.0,0.0,0.0,0.0
2.331713793,0.0,0.0,0.0,0.0
2.334086693,0.0,0.0,0.0,0.0
2.3517148530000003,0.0,0.0,0.0,0.0
2.354089837,0.0,0.0,0.0,0.0
2.372621376,0.0,0.0,0.0,0.0
2.375633387,0.0,0.0,0.0,0.0
2.3785458150000003,0.0,0.0,0.0,0.0
2.390788022,0.0,0.0,0.0,0.0
2.412053605,0.0,0.0,0.0,0.0
2.414648639,0.0,0.0,0.0,0.0
2.4312213380000003,0.0,0.0,0.0,0.0
2.433222574,0.0,0.0,0.0,0.0
2.4514330220000002,0.0,0.0,0.0,0.0
2.4536249860000003,0.0,0.0,0.0,0.0
2.471428978,0.0,0.0,0.0,0.0
2.4736649,0.0,0.0,0.0,0.0
2.4914204030000002,0.0,0.0,0.0,0.0
2.493571273,0.0,0.0,0.0,0.0
2.5116598470000002,0.0,0.0,0.0,0.0
2.5139875910000002,0.0,0.0,0.0,0.0
2.532055123,0.0,0.0,0.0,0.0
2.534674272,0.0,0.0,0.0,0.0
2.552477637,0.0,0.0,0.0,0.0
2.5554562620000003,0.0,0.0,0.0,0.0
2.5584283240000003,0.0,0.0,0.0,0.0
2.570794852,0.0,0.0,0.0,0.0
2.5921189740000004,0.0,0.0,0.0,0.0
2.594652706,0.0,0.0,0.0,0.0
2.611418005,0.0,0.0,0.0,0.0
2.6135436160000003,0.0,0.0,0.0,0.0
2.6317070300000003,0.0,0.0,0.0,0.0
2.6340252950000003,0.0,0.0,0.0,0.0
2.652061732,0.0,0.0,0.0,0.0
2.654644057,0.0,0.0,0.0,0.0
2.67250888,0.0,0.0,0.0,0.0
2.675551151,0.0,0.0,0.0,0.0
2.678641337,0.0,0.0,0.0,0.0
2.691555622,0.0,0.0,0.0,0.0
2.7114238160000004,0.0,0.0,0.0,0.0
2.7135527080000004,0.0,0.0,0.0,0.0
2.731426749,0.0,0.0,0.0,0.0
2.733593609,0.0,0.0,0.0,0.0
2.751477078,0.0,0.0,0.0,0.0
2.7536763850000003,0.0,0.0,0.0,0.0
2.7714483960000003,0.0,0.0,0.0,0.0
2.7736627560000002,0.0,0.0,0.0,0.0
2.7914109650000003,0.0,0.0,0.0,0.0
2.7935517830000003,0.0,0.0,0.0,0.0
2.8116624900000002,0.0,0.0,0.0,0.0
2.813976588,0.0,0.0,0.0,0.0
2.832007087,0.0,0.0,0.0,0.0
2.83469785,0.0,0.0,0.0,0.0
2.8525210060000004,0.0,0.0,0.0,0.0
2.855563902,0.0,0.0,0.0,0.0
2.8708386900000002,0.0,0.0,0.0,0.0
2.8728659160000003,0.0,0.0,0.0,0.0
2.891412036,0.0,0.0,0.0,0.0
2.893564313,0.0,0.0,0.0,0.0
2.911456948,0.0,0.0,0.0,0.0
2.913570006,0.0,0.0,0.0,0.0
2.9316763380000004,0.0,0.0,0.0,0.0
2.9340515820000004,0.0,0.0,0.0,0.0
2.9520115600000003,0.0,0.0,0.0,0.0
2.954624771,0.0,0.0,0.0,0.0
2.9724907920000003,0.0,0.0,0.0,0.0
2.9755190000000002,0.0,0.0,0.0,0.0
2.990828163,0.0,0.0,0.0,0.0
2.992913878,0.0,0.0,0.0,0.0
3.0114730190000003,0.0,0.0,0.0,0.0
3.0135834210000003,0.0,0.0,0.0,0.0
3.0314228790000004,0.0,0.0,0.0,0.0
3.033559114,0.0,0.0,0.0,0.0
3.051678571,0.0,0.0,0.0,0.0
3.054008034,0.0,0.0,0.0,0.0
3.071705723,0.0,0.0,0.0,0.0
3.07406581,0.0,0.0,0.0,0.0
3.092012716,0.0,0.0,0.0,0.0
3.094588688,0.0,0.0,0.0,0.0
3.112684134,0.0,0.0,0.0,0.0
3.115844268,0.0,0.0,0.0,0.0
3.1187349770000004,0.0,0.0,0.0,0.0
3.130794111,0.0,0.0,0.0,0.0
3.1520890140000004,0.0,0.0,0.0,0.0
3.1546438400000003,0.0,0.0,0.0,0.0
3.1714403370000004,0.0,0.0,0.0,0.0
3.173606624,0.0,0.0,0.0,0.0
3.191875924,0.0,0.0,0.0,0.0
3.1942686670000002,0.0,0.0,0.0,0.0
3.211705889,0.0,0.0,0.0,0.0
3.2138640510000003,0.0,0.0,0.0,0.0
3.2316734580000004,0.0,0.0,0.0,0.0
3.2339797960000003,0.0,0.0,0.0,0.0
3.2520534710000004,0.0,0.0,0.0,0.0
3.254689234,0.0,0.0,0.0,0.0
3.272543692,0.0,0.0,0.0,0.0
3.278468547,0.0,0.0,0.0,0.0
3.281775972,0.0,0.0,0.0,0.0
3.290639972,0.0,0.0,0.0,0.0
3.312296018,0.0,0.0,0.0,0.0
3.314782928,0.0,0.0,0.0,0.0
3.331411978,0.0,0.0,0.0,0.0
3.3335802450000003,0.0,0.0,0.0,0.0
3.3516912120000004,0.0,0.0,0.0,0.0
3.353988852,0.0,0.0,0.0,0.0
3.371448365,0.0,0.0,0.0,0.0
3.373561527,0.0,0.0,0.0,0.0
3.391714786,0.0,0.0,0.0,0.0
3.394046384,0.0,0.0,0.0,0.0
3.4114403770000004,0.0,0.0,0.0,0.0
3.413600831,0.0,0.0,0.0,0.0
3.4316852350000002,0.0,0.0,0.0,0.0
3.434021834,0.0,0.0,0.0,0.0
3.4517040010000004,0.0,0.0,0.0,0.0
3.4539940380000003,0.0,0.0,0.0,0.0
3.4720921400000004,0.0,0.0,0.0,0.0
3.474639674,0.0,0.0,0.0,0.0
3.492444029,0.0,0.0,0.0,0.0
3.4954339040000004,0.0,0.0,0.0,0.0
3.511328949,0.0,0.0,0.0,0.0
3.513550652,0.0,0.0,0.0,0.0
3.5314213600000004,0.0,0.0,0.0,0.0
3.5335284810000003,0.0,0.0,0.0,0.0
3.551720591,0.0,0.0,0.0,0.0
3.554064689,0.0,0.0,0.0,0.0
3.57170024,0.0,0.0,0.0,0.0
3.574015745,0.0,0.0,0.0,0.0
3.592043637,0.0,0.0,0.0,0.0
3.5947309100000004,0.0,0.0,0.0,0.0
3.6124870340000004,0.0,0.0,0.0,0.0
3.615543418,0.0,0.0,0.0,0.0
3.6308598200000004,0.0,0.0,0.0,0.0
3.6329229300000003,0.0,0.0,0.0,0.0
3.651439673,0.0,0.0,0.0,0.0
3.653562314,0.0,0.0,0.0,0.0
3.6717122370000004,0.0,0.0,0.0,0.0
3.674112897,0.0,0.0,0.0,0.0
3.691746418,0.0,0.0,0.0,0.0
3.6941043170000003,0.0,0.0,0.0,0.0
3.7117001820000004,0.0,0.0,0.0,0.0
3.714072665,0.0,0.0,0.0,0.0
3.732132849,0.0,0.0,0.0,0.0
3.734756737,0.0,0.0,0.0,0.0
3.752469163,0.0,0.0,0.0,0.0
3.7555217450000002,0.0,0.0,0.0,0.0
3.7585205260000003,0.0,0.0,0.0,0.0
3.770840438,0.0,0.0,0.0,0.0
3.7921215370000003,0.0,0.0,0.0,0.0
3.7946943830000004,0.0,0.0,0.0,0.0
3.811396295,0.0,0.0,0.0,0.0
3.8134982600000003,0.0,0.0,0.0,0.0
3.831693651,0.0,0.0,0.0,0.0
3.834205352,0.0,0.0,0.0,0.0
3.8522174110000003,0.0,0.0,0.0,0.0
3.8548044760000004,0.0,0.0,0.0,0.0
3.8718732090000003,0.0,0.0,0.0,0.0
3.874217203,0.0,0.0,0.0,0.0
3.892513166,0.0,0.0,0.0,0.0
3.8955308530000003,0.0,0.0,0.0,0.0
3.8983538020000004,0.0,0.0,0.0,0.0
3.910949441,0.0,0.0,0.0,0.0
3.9319637710000004,0.0,0.0,0.0,0.0
3.934599013,0.0,0.0,0.0,0.0
3.951722901,0.0,0.0,0.0,0.0
3.9540338740000003,0.0,0.0,0.0,0.0
3.9720644230000004,0.0,0.0,0.0,0.0
3.9746925290000004,0.0,0.0,0.0,0.0
3.992473132,0.0,0.0,0.0,0.0
3.995522277,0.0,0.0,0.0,0.0
3.9985829840000005,0.0,0.0,0.0,0.14
4.010828262,0.0,0.0,0.0,0.0
4.032076079,0.0,0.0,0.0,0.14
4.034793821,0.0,0.0,0.0,0.14
4.0516897940000005,0.0,0.0,0.0,0.14
4.053997851,0.0,0.0,0.0,0.0
4.072046889,0.0,0.0,0.0,0.0
4.0746440580000005,0.0,0.0,0.0,0.0
4.092012736,0.0,0.0,0.0,0.0
4.0946675610000005,0.0,0.0,0.0,0.0
4.112488476,0.0,0.0,0.0,0.0
4.115471111000001,0.0,0.0,0.0,0.0
4.130847564000001,0.0,0.0,0.0,0.0
4.132889008,0.0,0.0,0.0,0.0
4.151454136,0.0,0.0,0.0,0.0
4.1534909970000005,0.0,0.0,0.0,0.0
4.172049406,0.0,0.0,0.0,0.0
4.174639805,0.0,0.0,0.0,0.0
4.192143795000001,0.0,0.0,0.0,0.0
4.194714297,0.0,0.0,0.0,0.0
4.2120214140000005,0.0,0.0,0.0,0.0
4.214668478,0.0,0.0,0.0,0.0
4.232574497,0.0,0.0,0.0,0.0
4.236262648,0.0,0.0,0.0,0.0
4.239911997,0.0,0.0,0.0,0.0
4.250647285,0.0,0.0,0.0,0.0
4.272106403,0.0,0.0,0.0,0.0
4.2747553940000005,0.0,0.0,0.0,0.0
4.291693243,0.0,0.0,0.0,0.0
4.294039059,0.0,0.0,0.0,0.0
4.311721642,0.0,0.0,0.0,0.0
4.314027563000001,0.0,0.0,0.0,0.0
4.331696604,0.0,0.0,0.0,0.0
4.333999244,0.0,0.0,0.0,0.0
4.351714222,0.0,0.0,0.0,0.0
4.354063841,0.0,0.0,0.0,0.0
4.371727882,0.0,0.0,0.0,0.0
4.374025522,0.0,0.0,0.0,0.0
4.392040237000001,0.0,0.0,0.0,0.0
4.39461501,0.0,0.0,0.0,0.0
4.412014522000001,0.0,0.0,0.0,0.0
4.414594504,0.0,0.0,0.0,0.0
4.432441616,0.0,0.0,0.0,0.0
4.435491178,0.0,0.0,0.0,0.0
4.438608864,0.0,0.0,0.0,0.0
4.450791121,0.0,0.0,0.0,0.0
4.472109147,0.0,0.0,0.0,0.0
4.474713243,0.0,0.0,0.0,0.0
4.4916978610000005,0.0,0.0,0.0,0.0
4.493972429,0.0,0.0,0.0,0.0
4.512033706,0.0,0.0,0.0,0.0
4.514671396000001,0.0,0.0,0.0,0.0
4.531728149,0.0,0.0,0.0,0.0
4.533993081,0.0,0.0,0.0,0.0
4.552063888,0.0,0.0,0.0,0.0
4.554588557000001,0.0,0.0,0.0,0.0
4.572048795000001,0.0,0.0,0.0,0.0
4.5746363290000005,0.0,0.0,0.0,0.0
4.59257073,0.0,0.0,0.0,0.0
4.596089038000001,0.0,0.0,0.0,0.0
4.599876302,0.0,0.0,0.0,0.0
4.610656589,0.0,0.0,0.0,0.0
4.632514035000001,0.0,0.0,0.0,0.0
4.6355018260000005,0.0,0.0,0.0,0.0
4.637675404,0.0,0.0,0.0,0.0
4.651229473,0.0,0.0,0.0,0.0
4.673113585,0.0,0.0,0.0,0.0
4.67696538,0.0,0.0,0.0,0.0
4.67892172,0.0,0.0,0.0,0.0
4.69116408,0.0,0.0,0.0,0.0
4.712067418,0.0,0.0,0.0,0.0
4.714701461000001,0.0,0.0,0.0,0.0
4.7317122760000005,0.0,0.0,0.0,0.0
4.733992364000001,0.0,0.0,0.0,0.0
4.752250773,0.0,0.0,0.0,0.0
4.7551155960000004,0.0,0.0,0.0,0.0
4.77204162,0.0,0.0,0.0,0.0
4.7746318610000005,0.0,0.0,0.0,0.0
4.792590221,0.0,0.0,0.0,0.0
4.796083685,0.0,0.0,0.0,0.0
4.799959126,0.0,0.0,0.0,0.0
4.810718111,0.0,0.0,0.0,0.0
4.832553109,0.0,0.0,0.0,0.0
4.835688868,0.0,0.0,0.0,0.0
4.837632968,0.0,0.0,0.0,0.0
4.851176724,0.0,0.0,0.0,0.0
4.873097243,0.0,0.0,0.0,0.0
4.876268157,0.0,0.0,0.0,0.0
4.878109134000001,0.0,0.0,0.0,0.0
4.891167373,0.0,0.0,0.0,0.0
4.913123151000001,0.0,0.0,0.0,0.0
4.9163208890000005,0.0,0.0,0.0,0.0
4.918184729,0.0,0.0,0.0,0.0
4.931154375,0.0,0.0,0.0,0.0
4.953014217000001,0.0,0.0,0.0,0.0
4.956688409000001,0.0,0.0,0.0,0.0
4.958562562,0.0,0.0,0.0,0.0
4.971432104000001,0.0,0.0,0.0,0.0
4.992066486000001,0.0,0.0,0.0,0.0
4.994654801,0.0,0.0,0.0,0.0
5.011686605,0.0,0.0,0.0,0.0
5.013924558,0.0,0.0,0.0,0.0
5.032008437,0.0,0.0,0.0,0.0
5.034578939,0.0,0.0,0.0,0.0
5.052403654,0.0,0.0,0.0,0.0
5.055393112,0.0,0.0,0.0,0.0
5.071288153,0.0,0.0,0.0,0.0
5.073528293000001,0.0,0.0,0.0,0.0
5.091527798,0.0,0.0,0.0,0.0
5.093607835,0.0,0.0,0.0,0.0
5.112105202,0.0,0.0,0.0,0.0
5.114624246,0.0,0.0,0.0,0.0
5.131997454,0.0,0.0,0.0,0.0
5.134534675,0.0,0.0,0.0,0.0
5.1525012640000005,0.0,0.0,0.0,0.0
5.155508481,0.0,0.0,0.0,0.0
5.170844673,0.0,0.0,0.0,0.0
5.1728939810000005,0.0,0.0,0.0,0.0
5.191537544,0.0,0.0,0.0,0.0
5.193579248000001,0.0,0.0,0.0,0.0
5.212485309000001,0.0,0.0,0.0,0.0
5.215550808000001,0.0,0.0,0.0,0.0
5.218100529,0.0,0.0,0.0,0.0
5.231665951,0.0,0.0,0.0,0.0
5.251667942,0.0,0.0,0.0,0.0
5.253932822,0.0,0.0,0.0,0.0
5.272025243000001,0.0,0.0,0.0,0.0
5.2745597040000005,0.0,0.0,0.0,0.0
5.292042754000001,0.0,0.0,0.0,0.0
5.29463284,0.0,0.0,0.0,0.0
5.312053651,0.0,0.0,0.0,0.0
5.314597383000001,0.0,0.0,0.0,0.0
5.332547253,0.0,0.0,0.0,0.0
5.3361796230000005,0.0,0.0,0.0,0.0
5.339859127,0.0,0.0,0.0,0.0
5.350651705000001,0.0,0.0,0.0,0.0
5.372504464,0.0,0.0,0.0,0.0
5.375547098,0.0,0.0,0.0,0.0
5.377734062,0.0,0.0,0.0,0.0
5.391421306000001,0.0,0.0,0.0,0.0
5.413047035,0.0,0.0,0.0,0.0
5.416595812000001,0.0,0.0,0.0,0.0
5.42025516,0.0,0.0,0.0,0.0
5.430768782,0.0,0.0,0.0,0.0
5.452517687,0.0,0.0,0.0,0.0
5.455572665,0.0,0.0,0.0,0.0
5.457743222,0.0,0.0,0.0,0.0
5.471421613,0.0,0.0,0.0,0.0
5.4930420820000005,0.0,0.0,0.0,0.0
5.496573358,0.0,0.0,0.0,0.0
5.500005469,0.0,0.0,0.0,0.0
5.510790183,0.0,0.0,0.0,0.0
5.532500442,0.0,0.0,0.0,0.0
5.535596044,0.0,0.0,0.0,0.0
5.537748424,0.0,0.0,0.0,0.0
5.551427647000001,0.0,0.0,0.0,0.0
5.57314207,0.0,0.0,0.0,0.0
5.576746106000001,0.0,0.0,0.0,0.0
5.578607186,0.0,0.0,0.0,0.0
5.591421103,0.0,0.0,0.0,0.0
5.611893088,0.0,0.0,0.0,0.0
5.614571349,0.0,0.0,0.0,0.0
5.631427736,0.0,0.0,0.0,0.0
5.633487148,0.0,0.0,0.0,0.0
5.6525348200000005,0.0,0.0,0.0,0.0
5.655730317000001,0.0,0.0,0.0,0.0
5.658150925,0.0,0.0,0.0,0.0
5.671678065,0.0,0.0,0.0,0.0
5.693212802000001,0.0,0.0,0.0,0.0
5.696875848,0.0,0.0,0.0,0.0
5.700644102,0.0,0.0,0.0,0.0
5.710824131000001,0.0,0.0,0.0,0.0
5.732683502,0.0,0.0,0.0,0.0
5.735731448,0.0,0.0,0.0,0.0
5.751691383000001,0.0,0.0,0.0,0.0
5.753976158,0.0,0.0,0.0,0.0
5.772530032000001,0.0,0.0,0.0,0.0
5.775555166,0.0,0.0,0.0,0.0
5.77848478,0.0,0.0,0.0,0.0
5.7907973980000005,0.0,0.0,0.0,0.0
5.812466874,0.0,0.0,0.0,0.0
5.815535757,0.0,0.0,0.0,0.0
5.817851053,0.0,0.0,0.0,0.0
5.831461578000001,0.0,0.0,0.0,0.0
5.853010482,0.0,0.0,0.0,0.0
5.856738632000001,0.0,0.0,0.0,0.0
5.858660128,0.0,0.0,0.0,0.0
5.871392743,0.0,0.0,0.0,0.0
5.89158874,0.0,0.0,0.0,0.0
5.89419669,0.0,0.0,0.0,0.0
5.911452292000001,0.0,0.0,0.0,0.0
5.913507068,0.0,0.0,0.0,0.0
5.932503023000001,0.0,0.0,0.0,0.0
5.935462897000001,0.0,0.0,0.0,0.0
5.952057775,0.0,0.0,0.0,0.0
5.954632131,0.0,0.0,0.0,0.0
5.972436062000001,0.0,0.0,0.0,0.0
5.975918849,0.0,0.0,0.0,0.0
5.979526010000001,0.0,0.0,0.0,0.0
5.9906567100000006,0.0,0.0,0.0,0.0
6.012559674,0.0,0.0,0.0,0.0
6.015515121,0.0,0.0,0.0,0.0
6.017899009000001,0.0,0.0,0.0,0.0
6.031428702,0.0,0.0,0.0,0.0
6.053073178,0.0,0.0,0.0,0.0
6.0566581,0.0,0.0,0.0,0.0
6.059015061,0.0,0.0,0.0,0.0
6.071412366000001,0.0,0.0,0.0,0.0
6.09158352,0.0,0.0,0.0,0.0
6.094261990000001,0.0,0.0,0.0,0.0
6.111441343,0.0,0.0,0.0,0.0
6.113502682,0.0,0.0,0.0,0.0
6.133081861,0.0,0.0,0.0,0.0
6.136903291,0.0,0.0,0.0,0.0
6.139762437000001,0.0,0.0,0.0,0.0
6.151562767000001,0.0,0.0,0.0,0.0
6.171379913,0.0,0.0,0.0,0.0
6.17381427,0.0,0.0,0.0,0.0
6.191544816,0.0,0.0,0.0,0.0
6.193603864,0.0,0.0,0.0,0.0
6.212521746,0.0,0.0,0.0,0.0
6.215615942,0.0,0.0,0.0,0.0
6.218044778,0.0,0.0,0.0,0.0
6.231700042000001,0.0,0.0,0.0,0.0
6.252692700000001,0.0,0.0,0.0,0.0
6.256188248,0.0,0.0,0.0,0.0
6.259710930000001,0.0,0.0,0.0,0.0
6.270665902,0.0,0.0,0.0,0.0
6.292283034,0.0,0.0,0.0,0.0
6.294832703,0.0,0.0,0.0,0.0
6.31206591,0.0,0.0,0.0,0.0
6.3146110470000005,0.0,0.0,0.0,0.0
6.332445135,0.0,0.0,0.0,0.0
6.335424436,0.0,0.0,0.0,0.0
6.338493580000001,0.0,0.0,0.0,0.0
6.351669369000001,0.0,0.0,0.0,0.0
6.372748849000001,0.0,0.0,0.0,0.0
6.376439759,0.0,0.0,0.0,0.0
6.379915619,0.0,0.0,0.0,0.0
6.3906493950000005,0.0,0.0,0.0,0.0
6.412473609,0.0,0.0,0.0,0.0
6.415446192,0.0,0.0,0.0,0.0
6.4320311740000005,0.0,0.0,0.0,0.0
6.434565582,0.0,0.0,0.0,0.0
6.452487898,0.0,0.0,0.0,0.0
6.455457668,0.0,0.0,0.0,0.0
6.458233117000001,0.0,0.0,0.0,0.0
6.471693747000001,0.0,0.0,0.0,0.0
6.492741613000001,0.0,0.0,0.0,0.0
6.496276118000001,0.0,0.0,0.0,0.0
6.5000021320000005,0.0,0.0,0.0,0.0
6.510656325,0.0,0.0,0.0,0.0
6.532456217,0.0,0.0,0.0,0.0
6.535507131,0.0,0.0,0.0,0.0
6.538138987000001,0.0,0.0,0.0,0.0
6.551719719,0.0,0.0,0.0,0.0
6.573051382,0.0,0.0,0.0,0.0
6.576723699,0.0,0.0,0.0,0.0
6.580125652,0.0,0.0,0.0,0.0
6.590794844,0.0,0.0,0.0,0.0
6.612497234,0.0,0.0,0.0,0.0
6.615467420000001,0.0,0.0,0.0,0.0
6.632038181,0.0,0.0,0.0,0.0
6.634574569000001,0.0,0.0,0.0,0.0
6.652494174,0.0,0.0,0.0,0.0
6.655429569000001,0.0,0.0,0.0,0.0
6.65834637,0.0,0.0,0.0,0.0
6.67080435,0.0,0.0,0.0,0.0
6.692176378,0.0,0.0,0.0,0.0
6.694685734,0.0,0.0,0.0,0.0
6.7124734660000005,0.0,0.0,0.0,0.0
6.715452663000001,0.0,0.0,0.0,0.0
6.718252433000001,0.0,0.0,0.0,0.0
6.731695093000001,0.0,0.0,0.0,0.0
6.752697801,0.0,0.0,0.0,0.0
6.756328087,0.0,0.0,0.0,0.0
6.759868789,0.0,0.0,0.0,0.0
6.7706620420000005,0.0,0.0,0.0,0.0
6.792520473000001,0.0,0.0,0.0,0.0
6.795570137,0.0,0.0,0.0,0.0
6.798164128000001,0.0,0.0,0.0,0.0
6.811677569,0.0,0.0,0.0,0.0
6.833270429000001,0.0,0.0,0.0,0.0
6.83708264,0.0,0.0,0.0,0.0
6.839888504,0.0,0.0,0.0,0.0
6.851606542000001,0.0,0.0,0.0,0.0
6.871801599,0.0,0.0,0.0,0.0
6.874450694,0.0,0.0,0.0,0.0
6.891231350000001,0.0,0.0,0.0,0.0
6.893124096,0.0,0.0,0.0,0.0
6.912576607,0.0,0.0,0.0,0.0
6.915583199,0.0,0.0,0.0,0.0
6.9182512,0.0,0.0,0.0,0.0
6.93170261,0.0,0.0,0.0,0.0
6.953021305,0.0,0.0,0.0,0.0
6.956640237,0.0,0.0,0.0,0.0
6.959966410000001,0.0,0.0,0.0,0.0
6.971545646,0.0,0.0,0.0,0.0
6.991394092,0.0,0.0,0.0,0.0
6.993838448000001,0.0,0.0,0.0,0.0
7.011703627,0.0,0.0,0.0,0.0
7.014008819000001,0.0,0.0,0.0,0.0
7.0324737850000005,0.0,0.0,0.0,0.0
7.035411575,0.0,0.0,0.0,0.0
7.052143586000001,0.0,0.0,0.0,0.0
7.054713983,0.0,0.0,0.0,0.0
7.072812338,0.0,0.0,0.0,0.0
7.076245437000001,0.0,0.0,0.0,0.0
7.079894993000001,0.0,0.0,0.0,0.0
7.090775797,0.0,0.0,0.0,0.0
7.1126238630000005,0.0,0.0,0.0,0.0
7.115627435,0.0,0.0,0.0,0.0
7.118370696,0.0,0.0,0.0,0.0
7.131679711,0.0,0.0,0.0,0.0
7.153101061,0.0,0.0,0.0,0.0
7.156734419,0.0,0.0,0.0,0.0
7.160264654000001,0.0,0.0,0.0,0.0
7.171375821000001,0.0,0.0,0.0,0.0
7.191694002,0.0,0.0,0.0,0.0
7.194342576,0.0,0.0,0.0,0.0
7.211415261000001,0.0,0.0,0.0,0.0
7.213463267000001,0.0,0.0,0.0,0.0
7.233001506000001,0.0,0.0,0.0,0.0
7.236592156,0.0,0.0,0.0,0.0
7.239150523,0.0,0.0,0.0,0.0
7.251427566,0.0,0.0,0.0,0.0
7.272793449000001,0.0,0.0,0.0,0.0
7.276416338000001,0.0,0.0,0.0,0.0
7.280079384,0.0,0.0,0.0,0.0
7.290684409000001,0.0,0.0,0.0,0.0
7.312084405,0.0,0.0,0.0,0.0
7.3146175630000005,0.0,0.0,0.0,0.0
7.332496284,0.0,0.0,0.0,0.0
7.335437877,0.0,0.0,0.0,0.0
7.352286188000001,0.0,0.0,0.0,0.0
7.3552581450000005,0.0,0.0,0.0,0.0
7.371998749,0.0,0.0,0.0,0.0
7.374931957,0.0,0.0,0.0,0.0
7.390739078,0.0,0.0,0.0,0.0
7.392540836,0.0,0.0,0.0,0.0
7.411729911,0.0,0.0,0.0,0.0
7.414064112,0.0,0.0,0.0,0.0
7.432575745,0.0,0.0,0.0,0.0
7.435571243,0.0,0.0,0.0,0.0
7.438406639,0.0,0.0,0.0,0.0
7.451709873,0.0,0.0,0.0,0.0
7.4731068490000006,0.0,0.0,0.0,0.0
7.476606718,0.0,0.0,0.0,0.0
7.479698674000001,0.0,0.0,0.0,0.0
7.491351921000001,0.0,0.0,0.0,0.0
7.512828844,0.0,0.0,0.0,0.0
7.5162578280000005,0.0,0.0,0.0,0.0
7.52013332,0.0,0.0,0.0,0.0
7.530658450000001,0.0,0.0,0.0,0.0
7.552439222,0.0,0.0,0.0,0.0
7.5553980020000004,0.0,0.0,0.0,0.0
7.558354542000001,0.0,0.0,0.0,0.0
7.571534859000001,0.0,0.0,0.0,0.0
7.592729177000001,0.0,0.0,0.0,0.0
7.596399149000001,0.0,0.0,0.0,0.0
7.599882717000001,0.0,0.0,0.0,0.0
7.610685604,0.0,0.0,0.0,0.0
7.632481532000001,0.0,0.0,0.0,0.0
7.635567134,0.0,0.0,0.0,0.0
7.638486903,0.0,0.0,0.0,0.0
7.651494513,0.0,0.0,0.0,0.0
7.6716086830000005,0.0,0.0,0.0,0.0
7.674202674000001,0.0,0.0,0.0,0.0
7.691493532000001,0.0,0.0,0.0,0.0
7.693559402000001,0.0,0.0,0.0,0.0
7.7130520670000005,0.0,0.0,0.0,0.0
7.7165095930000005,0.0,0.0,0.0,0.0
7.719689412,0.0,0.0,0.0,0.0
7.731407657,0.0,0.0,0.0,0.0
7.752389633000001,0.0,0.0,0.0,0.0
7.755357423,0.0,0.0,0.0,0.0
7.7584421390000005,0.0,0.0,0.0,0.0
7.7706562130000005,0.0,0.0,0.0,0.0
7.792483391,0.0,0.0,0.0,0.0
7.795450452000001,0.0,0.0,0.0,0.0
7.8120858470000005,0.0,0.0,0.0,0.0
7.814625619,0.0,0.0,0.0,0.0
7.8331360000000005,0.0,0.0,0.0,0.0
7.836852847,0.0,0.0,0.0,0.0
7.839921261000001,0.0,0.0,0.0,0.0
7.851298310000001,0.0,0.0,0.0,0.0
7.8726982,0.0,0.0,0.0,0.0
7.876193225000001,0.0,0.0,0.0,0.0
7.879606637,0.0,0.0,0.0,0.0
7.890661814,0.0,0.0,0.0,0.0
7.912511179000001,0.0,0.0,0.0,0.0
7.915480688000001,0.0,0.0,0.0,0.0
7.932108999,0.0,0.0,0.0,0.0
7.9343742420000005,0.0,0.0,0.0,0.0
7.952431553,0.0,0.0,0.0,0.0
7.955543926000001,0.0,0.0,0.0,0.0
7.958474424,0.0,0.0,0.0,0.0
7.971639637000001,0.0,0.0,0.0,0.0
7.9913679250000005,0.0,0.0,0.0,0.0
7.993862906,0.0,0.0,0.0,0.0
8.011749749,0.0,0.0,0.0,0.0
8.013995045,0.0,0.0,0.0,0.0
8.033068546,0.0,0.0,0.0,0.0
8.036672842,0.0,0.0,0.0,0.0
8.039958806000001,0.0,0.0,0.0,0.0
8.051361636000001,0.0,0.0,0.0,0.0
8.071959032,0.0,0.0,0.0,0.0
8.075563432000001,0.0,0.0,0.0,0.0
8.079393247,0.0,0.0,0.0,0.0
8.09073014,0.0,0.0,0.0,0.0
8.113132158,0.0,0.0,0.0,0.0
8.116770047000001,0.0,0.0,0.0,0.0
8.118699615,0.0,0.0,0.0,0.0
8.131543476000001,0.0,0.0,0.0,0.0
8.153092584000001,0.0,0.0,0.0,0.0
8.15673016,0.0,0.0,0.0,0.0
8.160076489,0.0,0.0,0.0,0.0
8.171338227,0.0,0.0,0.0,0.0
8.191924008,0.0,0.0,0.0,0.0
8.194197793,0.0,0.0,0.0,0.0
8.212606559000001,0.0,0.0,0.0,0.0
8.216100856,0.0,0.0,0.0,0.0
8.219789942,0.0,0.0,0.0,0.0
8.230794911,0.0,0.0,0.0,0.0
8.251688294000001,0.0,0.0,0.0,0.0
8.25403036,0.0,0.0,0.0,0.0
8.272016630000001,0.0,0.0,0.0,0.0
8.274566923,0.0,0.0,0.0,0.0
8.29318975,0.0,0.0,0.0,0.0
8.296990503,0.0,0.0,0.0,0.0
8.300296207,0.0,0.0,0.0,0.0
8.311383519000001,0.0,0.0,0.0,0.0
8.332948043,0.0,0.0,0.0,0.0
8.336620827,0.0,0.0,0.0,0.0
8.340057207000001,0.0,0.0,0.0,0.0
8.351439777000001,0.0,0.0,0.0,0.0
8.371921497,0.0,0.0,0.0,0.0
8.374859339,0.0,0.0,0.0,0.0
8.390852708,0.0,0.0,0.0,0.0
8.392911806,0.0,0.0,0.0,0.0
8.411739007000001,0.0,0.0,0.0,0.0
8.414004199,0.0,0.0,0.0,0.0
8.432519475000001,0.0,0.0,0.0,0.0
8.435479504,0.0,0.0,0.0,0.0
8.451987869,0.0,0.0,0.0,0.0
8.454922847,0.0,0.0,0.0,0.0
8.470848663,0.0,0.0,0.0,0.0
8.473902234,0.0,0.0,0.0,0.0
8.490881011,0.0,0.0,0.0,0.0
8.492922038,0.0,0.0,0.0,0.0
8.511721635,0.0,0.0,0.0,0.0
8.514003232,0.0,0.0,0.0,0.0
8.532504914,0.0,0.0,0.0,0.0
8.535545776000001,0.0,0.0,0.0,0.0
8.538398931,0.0,0.0,0.0,0.0
8.552184607000001,0.0,0.0,0.0,0.0
8.571550812,0.0,0.0,0.0,0.0
8.573285954000001,0.0,0.0,0.0,0.0
8.590915142,0.0,0.0,0.0,0.0
8.592545181,0.0,0.0,0.0,0.0
8.611349255,0.0,0.0,0.0,0.0
8.613101377000001,0.0,0.0,0.0,0.0
8.633236847000001,0.0,0.0,0.0,0.0
8.636848955000001,0.0,0.0,0.0,0.0
8.63890748,0.0,0.0,0.0,0.0
8.651526133,0.0,0.0,0.0,0.0
8.673223466000001,0.0,0.0,0.0,0.0
8.677120884,0.0,0.0,0.0,0.0
8.680835543,0.0,0.0,0.0,0.0
8.691366972,0.0,0.0,0.0,0.0
8.711368693,0.0,0.0,0.0,0.0
8.713009149000001,0.0,0.0,0.0,0.0
8.730765783,0.0,0.0,0.0,0.0
8.732333219000001,0.0,0.0,0.0,0.0
8.750686463000001,0.0,0.0,0.0,0.0
8.752342649000001,0.0,0.0,0.0,0.0
8.77121292,0.0,0.0,0.0,0.0
8.772982802000001,0.0,0.0,0.0,0.0
8.792610932,0.0,0.0,0.0,0.0
8.795876792000001,0.0,0.0,0.0,0.0
8.798470106,0.0,0.0,0.0,0.0
8.811892867000001,0.0,0.0,0.0,0.0
8.832405470000001,0.0,0.0,0.0,0.0
8.835256229,0.0,0.0,0.0,0.0
8.85195485,0.0,0.0,0.0,0.0
8.854502695,0.0,0.0,0.0,0.0
8.870826007,0.0,0.0,0.0,0.0
8.873931869,0.0,0.0,0.0,0.0
8.891155278000001,0.0,0.0,0.0,0.0
8.893269532,0.0,0.0,0.0,0.0
8.911514131,0.0,0.0,0.0,0.0
8.913586251,0.0,0.0,0.0,0.0
8.932546938,0.0,0.0,0.0,0.0
8.935554727000001,0.0,0.0,0.0,0.0
8.938176634000001,0.0,0.0,0.0,0.0
8.951431949,0.0,0.0,0.0,0.0
8.972549078,0.0,0.0,0.0,0.0
8.975997176,0.0,0.0,0.0,0.0
8.97965069,0.0,0.0,0.0,0.0
8.991196278,0.0,0.0,0.0,0.0
9.012438771000001,0.0,0.0,0.0,0.0
9.015879525,0.0,0.0,0.0,0.0
9.019250645000001,0.0,0.0,0.0,0.0
9.031045502000001,0.0,0.0,0.0,0.0
9.051580396,0.0,0.0,0.0,0.0
9.054549124000001,0.0,0.0,0.0,0.0
9.070870717,0.0,0.0,0.0,0.0
9.072962836,0.0,0.0,0.0,0.0
9.091770139000001,0.0,0.0,0.0,0.0
9.094082621,0.0,0.0,0.0,0.0
9.112660186000001,0.0,0.0,0.0,0.0
9.116300992000001,0.0,0.0,0.0,0.0
9.119713413000001,0.0,0.0,0.0,0.0
9.131024368,0.0,0.0,0.0,0.0
9.152510296,0.0,0.0,0.0,0.0
9.156066779000001,0.0,0.0,0.0,0.0
9.159496076,0.0,0.0,0.0,0.0
9.17099505,0.0,0.0,0.0,0.0
9.192272751,0.0,0.0,0.0,0.0
9.195260696,0.0,0.0,0.0,0.0
9.211333437,0.0,0.0,0.0,0.0
9.214793202000001,0.0,0.0,0.0,0.0
9.23075485,0.0,0.0,0.0,0.0
9.233507329,0.0,0.0,0.0,0.0
9.251015111000001,0.0,0.0,0.0,0.0
9.253463165000001,0.0,0.0,0.0,0.0
9.271750993000001,0.0,0.0,0.0,0.0
9.274245713000001,0.0,0.0,0.0,0.0
9.292802133,0.0,0.0,0.0,0.0
9.296847466000001,0.0,0.0,0.0,0.0
9.300875456,0.0,0.0,0.0,0.0
9.310713766000001,0.0,0.0,0.0,0.0
9.331955008000001,0.0,0.0,0.0,0.0
9.33466681,0.0,0.0,0.0,0.0
9.351545222,0.0,0.0,0.0,0.0
9.3536088,0.0,0.0,0.0,0.0
9.371470954000001,0.0,0.0,0.0,0.0
9.374469212000001,0.0,0.0,0.0,0.0
9.390900961,0.0,0.0,0.0,0.0
9.393407504,0.0,0.0,0.0,0.0
9.411791008,0.0,0.0,0.0,0.0
9.414049793,0.0,0.0,0.0,0.0
9.433117302000001,0.0,0.0,0.0,0.0
9.43665665,0.0,0.0,0.0,0.0
9.440369382,0.0,0.0,0.0,0.0
9.450964769,0.0,0.0,0.0,0.0
9.471422476,0.0,0.0,0.0,0.0
9.474452817000001,0.0,0.0,0.0,0.0
9.491242219,0.0,0.0,0.0,0.0
9.493141267,0.0,0.0,0.0,0.0
9.512562888,0.0,0.0,0.0,0.0
9.515535470000001,0.0,0.0,0.0,0.0
9.532052113,0.0,0.0,0.0,0.0
9.534681520000001,0.0,0.0,0.0,0.0
9.552574974,0.0,0.0,0.0,0.0
9.556087759,0.0,0.0,0.0,0.0
9.559410649,0.0,0.0,0.0,0.0
9.570744259000001,0.0,0.0,0.0,0.0
9.591778053,0.0,0.0,0.0,0.0
9.594672717,0.0,0.0,0.0,0.0
9.610881497000001,0.0,0.0,0.0,0.0
9.61307799,0.0,0.0,0.0,0.0
9.631477794,0.0,0.0,0.0,0.0
9.633549914000001,0.0,0.0,0.0,0.0
9.652548151000001,0.0,0.0,0.0,0.0
9.655496773000001,0.0,0.0,0.0,0.0
9.672056227,0.0,0.0,0.0,0.0
9.674613707,0.0,0.0,0.0,0.0
9.692470286,0.0,0.0,0.0,0.0
9.696055467,0.0,0.0,0.0,0.0
9.699449919000001,0.0,0.0,0.0,0.0
9.710695873,0.0,0.0,0.0,0.0
9.731772167,0.0,0.0,0.0,0.0
9.734723602,0.0,0.0,0.0,0.0
9.750865143,0.0,0.0,0.0,0.0
9.753823401,0.0,0.0,0.0,0.0
9.771005923,0.0,0.0,0.0,0.0
9.773103927000001,0.0,0.0,0.0,0.0
9.791435294000001,0.0,0.0,0.0,0.0
9.793532205,0.0,0.0,0.0,0.0
9.812539973,0.0,0.0,0.0,0.0
9.815514793,0.0,0.0,0.0,0.0
9.818372271000001,0.0,0.0,0.0,0.0
9.831033526,0.0,0.0,0.0,0.0
9.851661855000001,0.0,0.0,0.0,0.0
9.854161679,0.0,0.0,0.0,0.0
9.871439877,0.0,0.0,0.0,0.0
9.874372146,0.0,0.0,0.0,0.0
9.890986808000001,0.0,0.0,0.0,0.0
9.892862887000001,0.0,0.0,0.0,0.0
9.913191113,0.0,0.0,0.0,0.0
9.916822179,0.0,0.0,0.0,0.0
9.918777268000001,0.0,0.0,0.0,0.0
9.931456127,0.0,0.0,0.0,0.0
9.951660500000001,0.0,0.0,0.0,0.0
9.954653237,0.0,0.0,0.0,0.0
9.970897173000001,0.0,0.0,0.0,0.0
9.973976211,0.0,0.0,0.0,0.0
9.991035765000001,0.0,0.0,0.0,0.0
9.993343456,0.0,0.0,0.0,0.0
10.011469876000001,0.0,0.0,0.0,0.0
10.013543610000001,0.0,0.0,0.0,0.0
10.03253617,0.0,0.0,0.0,0.0
10.035559897,0.0,0.0,0.0,0.0
10.052025757000001,0.0,0.0,0.0,0.0
10.054583602000001,0.0,0.0,0.0,0.0
10.070875298,0.0,0.0,0.0,0.0
10.073906159,0.0,0.0,0.0,0.0
10.091510657,0.0,0.0,0.0,0.0
10.093326112000002,0.0,0.0,0.0,0.0
10.111286961000001,0.0,0.0,0.0,0.0
10.113141321,0.0,0.0,0.0,0.0
10.131285607,0.0,0.0,0.0,0.0
10.133104395,0.0,0.0,0.0,0.0
10.151276075,0.0,0.0,0.0,0.0
10.153121946,0.0,0.0,0.0,0.0
10.171346856000001,0.0,0.0,0.0,0.0
10.173166321,0.0,0.0,0.0,0.0
10.191296336,0.0,0.0,0.0,0.0
10.193135644,0.0,0.0,0.0,0.0
10.211338418,0.0,0.0,0.0,0.0
10.213319965,0.0,0.0,0.0,0.0
10.231270502000001,0.0,0.0,0.0,0.0
10.233044863,0.0,0.0,0.0,0.0
10.251317741000001,0.0,0.0,0.0,0.0
10.253061061,0.0,0.0,0.0,0.0
10.271218419,0.0,0.0,0.0,0.0
10.273061634000001,0.0,0.0,0.0,0.0
10.291335189,0.0,0.0,0.0,0.0
10.293119706,0.0,0.0,0.0,0.0
10.311225606,0.0,0.0,0.0,0.0
10.313066738,0.0,0.0,0.0,0.0
10.331318522,0.0,0.0,0.0,0.0
10.333139081,0.0,0.0,0.0,0.0
10.351272898000001,0.0,0.0,0.0,0.0
10.353124341000001,0.0,0.0,0.0,0.0
10.371340449,0.0,0.0,0.0,0.0
10.373153768,0.0,0.0,0.0,0.0
10.391259148000001,0.0,0.0,0.0,0.0
10.393118300000001,0.0,0.0,0.0,0.0
10.411268783,0.0,0.0,0.0,0.0
10.413086685000001,0.0,0.0,0.0,0.0
10.431428521,0.0,0.0,0.0,0.0
10.433285902000001,0.0,0.0,0.0,0.0
10.451446229,0.0,0.0,0.0,0.0
10.453673504000001,0.0,0.0,0.0,0.0
10.471523781,0.0,0.0,0.0,0.0
10.473625014000001,0.0,0.0,0.0,0.0
10.492557002,0.0,0.0,0.0,0.0
10.495543853000001,0.0,0.0,0.0,0.0
10.51189383,0.0,0.0,0.0,0.0
10.514447247000001,0.0,0.0,0.0,0.0
10.530892848,0.0,0.0,0.0,0.0
10.533623816,0.0,0.0,0.0,0.0
10.550986230000001,0.0,0.0,0.0,0.0
10.553439023000001,0.0,0.0,0.0,0.0
10.571442526,0.0,0.0,0.0,0.0
10.573547770000001,0.0,0.0,0.0,0.0
10.592541005000001,0.0,0.0,0.0,0.0
10.595698167,0.0,0.0,0.0,0.0
10.598504187000001,0.0,0.0,0.0,0.0
10.61094914,0.0,0.0,0.0,0.0
10.632053712000001,0.0,0.0,0.0,0.0
10.633996822,0.0,0.0,0.0,0.0
10.651355851,0.0,0.0,0.0,0.0
10.653182503,0.0,0.0,0.0,0.0
10.671306734,0.0,0.0,0.0,0.0
10.673191876,0.0,0.0,0.0,0.0
10.693159009,0.0,0.0,0.0,0.0
10.695773363,0.0,0.0,0.0,0.0
10.711522874,0.0,0.0,0.0,0.0
10.713626607,0.0,0.0,0.0,0.0
10.73189016,0.0,0.0,0.0,0.0
10.734205975,0.0,0.0,0.0,0.0
10.751813648,0.0,0.0,0.0,0.0
10.754019984000001,0.0,0.0,0.0,0.0
10.771388857,0.0,0.0,0.0,0.0
10.773591652,0.0,0.0,0.0,0.0
10.791179169000001,0.0,0.0,0.0,0.0
10.793018425000001,0.0,0.0,0.0,0.0
10.810980887000001,0.0,0.0,0.0,0.0
10.812742644,0.0,0.0,0.0,0.0
10.831170987,0.0,0.0,0.0,0.0
10.832944931,0.0,0.0,0.0,0.0
10.850944007,0.0,0.0,0.0,0.0
10.852843263,0.0,0.0,0.0,0.0
10.871176295000001,0.0,0.0,0.0,0.0
10.872983833000001,0.0,0.0,0.0,0.0
10.891205407000001,0.0,0.0,0.0,0.0
10.893015236,0.0,0.0,0.0,0.0
10.911046239000001,0.0,0.0,0.0,0.0
10.91294013,0.0,0.0,0.0,0.0
10.930839624,0.0,0.0,0.0,0.0
10.932600704,0.0,0.0,0.0,0.0
10.951031026,0.0,0.0,0.0,0.0
10.952926115,0.0,0.0,0.0,0.0
10.971201074000001,0.0,0.0,0.0,0.0
10.972923821,0.0,0.0,0.0,0.0
10.991049615000001,0.0,0.0,0.0,0.0
10.99294059,0.0,0.0,0.0,0.0
11.011005186,0.0,0.0,0.0,0.0
11.012861525,0.0,0.0,0.0,0.0
11.031229557000001,0.0,0.0,0.0,0.0
11.033065948,0.0,0.0,0.0,0.0
11.051161847000001,0.0,0.0,0.0,0.0
11.052989645,0.0,0.0,0.0,0.0
11.07132528,0.0,0.0,0.0,0.0
11.073170943000001,0.0,0.0,0.0,0.0
11.091018510000001,0.0,0.0,0.0,0.0
11.092896203,0.0,0.0,0.0,0.0
11.111225537000001,0.0,0.0,0.0,0.0
11.113054533000001,0.0,0.0,0.0,0.0
11.131177410000001,0.0,0.0,0.0,0.0
11.132963281,0.0,0.0,0.0,0.0
11.151137408,0.0,0.0,0.0,0.0
11.15287005,0.0,0.0,0.0,0.0
11.170939542000001,0.0,0.0,0.0,0.0
11.172790049000001,0.0,0.0,0.0,0.0
11.19121209,0.0,0.0,0.0,0.0
11.193050669000002,0.0,0.0,0.0,0.0
11.211210108000001,0.0,0.0,0.0,0.0
11.21309577,0.0,0.0,0.0,0.0
11.231293751,0.0,0.0,0.0,0.0
11.233156757000001,0.0,0.0,0.0,0.0
11.251028386000002,0.0,0.0,0.0,0.0
11.252956965000001,0.0,0.0,0.0,0.0
11.271038123,0.0,0.0,0.0,0.0
11.272967587,0.0,0.0,0.0,0.0
11.291379629000001,0.0,0.0,0.0,0.0
11.293133313,0.0,0.0,0.0,0.0
11.311226294,0.0,0.0,0.0,0.0
11.313076748,0.0,0.0,0.0,0.0
11.33104072,0.0,0.0,0.0,0.0
11.332916487,0.0,0.0,0.0,0.0
11.351041708,0.0,0.0,0.0,0.0
11.353052577000001,0.0,0.0,0.0,0.0
11.371002851,0.0,0.0,0.0,0.0
11.372934659,0.0,0.0,0.0,0.0
11.391021391,0.0,0.0,0.0,0.0
11.392973875000001,0.0,0.0,0.0,0.0
11.411155918,0.0,0.0,0.0,0.0
11.413017414,0.0,0.0,0.0,0.0
11.430951803000001,0.0,0.0,0.0,0.0
11.432799913,0.0,0.0,0.0,0.0
11.451131643,0.0,0.0,0.0,0.0
11.453006784000001,0.0,0.0,0.0,0.0
11.470943205000001,0.0,0.0,0.0,0.0
11.472805586000002,0.0,0.0,0.0,0.0
11.490942213,0.0,0.0,0.0,0.0
11.492806937000001,0.0,0.0,0.0,0.0
11.511025230000001,0.0,0.0,0.0,0.0
11.512877612,0.0,0.0,0.0,0.0
11.531020645,0.0,0.0,0.0,0.0
11.53290115,0.0,0.0,0.0,0.0
11.551042463,0.0,0.0,0.0,0.0
11.552971666000001,0.0,0.0,0.0,0.0
11.571000792000001,0.0,0.0,0.0,0.0
11.572895412000001,0.0,0.0,0.0,0.0
11.591161515000001,0.0,0.0,0.0,0.0
11.592962803,0.0,0.0,0.0,0.0
11.611050365,0.0,0.0,0.0,0.0
11.612961444000002,0.0,0.0,0.0,0.0
11.631022392,0.0,0.0,0.0,0.0
11.632835867,0.0,0.0,0.0,0.0
11.650975096000002,0.0,0.0,0.0,0.0
11.652830446000001,0.0,0.0,0.0,0.0
11.671217173,0.0,0.0,0.0,0.0
11.673122574,0.0,0.0,0.0,0.0
11.691048263,0.0,0.0,0.0,0.0
11.692908509,0.0,0.0,0.0,0.0
11.711018884000001,0.0,0.0,0.0,0.0
11.7129259,0.0,0.0,0.0,0.0
11.731218149,0.0,0.0,0.0,0.0
11.733000478000001,0.0,0.0,0.0,0.0
11.750977729,0.0,0.0,0.0,0.0
11.752859954000002,0.0,0.0,0.0,0.0
11.771011839000002,0.0,0.0,0.0,0.0
11.772891459,0.0,0.0,0.0,0.0
11.791205114,0.0,0.0,0.0,0.0
11.792983172000001,0.0,0.0,0.0,0.0
11.810965059,0.0,0.0,0.0,0.0
11.812789055000001,0.0,0.0,0.0,0.0
11.831231667,0.0,0.0,0.0,0.0
11.833113839000001,0.0,0.0,0.0,0.0
11.851036299,0.0,0.0,0.0,0.0
11.852886128000002,0.0,0.0,0.0,0.0
11.870987649,0.0,0.0,0.0,0.0
11.872906748,0.0,0.0,0.0,0.0
11.891163424,0.0,0.0,0.0,0.0
11.892984555,0.0,0.0,0.0,0.0
11.911137274000001,0.0,0.0,0.0,0.0
11.913014655000001,0.0,0.0,0.0,0.0
11.930991124,0.0,0.0,0.0,0.0
11.933001212,0.0,0.0,0.0,0.0
11.951005599,0.0,0.0,0.0,0.0
11.952883917000001,0.0,0.0,0.0,0.0
11.971179707000001,0.0,0.0,0.0,0.0
11.972972714,0.0,0.0,0.0,0.0
11.991020902,0.0,0.0,0.0,0.0
11.992905366,0.0,0.0,0.0,0.0
12.011264749,0.0,0.0,0.0,0.0
12.013137859,0.0,0.0,0.0,0.0
12.031013913,0.0,0.0,0.0,0.0
12.032970200000001,0.0,0.0,0.0,0.0
12.051163855,0.0,0.0,0.0,0.0
12.052996601,0.0,0.0,0.0,0.0
12.070995102000001,0.0,0.0,0.0,0.0
12.072841858,0.0,0.0,0.0,0.0
12.09113218,0.0,0.0,0.0,0.0
12.092899613,0.0,0.0,0.0,0.0
12.111214674000001,0.0,0.0,0.0,0.0
12.113094399000001,0.0,0.0,0.0,0.0
12.130977328,0.0,0.0,0.0,0.0
12.132830438000001,0.0,0.0,0.0,0.0
12.151236540000001,0.0,0.0,0.0,0.0
12.153014911000001,0.0,0.0,0.0,0.0
12.171144973,0.0,0.0,0.0,0.0
12.172937876,0.0,0.0,0.0,0.0
12.191207937000001,0.0,0.0,0.0,0.0
12.193078964000001,0.0,0.0,0.0,0.0
12.211048298000001,0.0,0.0,0.0,0.0
12.212833961000001,0.0,0.0,0.0,0.0
12.230970950000001,0.0,0.0,0.0,0.0
12.232844842,0.0,0.0,0.0,0.0
12.251017612,0.0,0.0,0.0,0.0
12.252877597000001,0.0,0.0,0.0,0.0
12.270979899,0.0,0.0,0.0,0.0
12.272907436,0.0,0.0,0.0,0.0
12.290926458000001,0.0,0.0,0.0,0.0
12.292846338,0.0,0.0,0.0,0.0
12.310955671,0.0,0.0,0.0,0.0
12.312903833,0.0,0.0,0.0,0.0
12.331017385,0.0,0.0,0.0,0.0
12.332892526,0.0,0.0,0.0,0.0
12.351042536000001,0.0,0.0,0.0,0.0
12.35303226,0.0,0.0,0.0,0.0
12.370929356000001,0.0,0.0,0.0,0.0
12.372757987,0.0,0.0,0.0,0.0
12.390963882000001,0.0,0.0,0.0,0.0
12.392930845,0.0,0.0,0.0,0.0
12.411047939000001,0.0,0.0,0.0,0.0
12.412892403,0.0,0.0,0.0,0.0
12.431011372,0.0,0.0,0.0,0.0
12.432782608,0.0,0.0,0.0,0.0
12.450915014000001,0.0,0.0,0.0,0.0
12.452685937,0.0,0.0,0.0,0.0
12.470969384,0.0,0.0,0.0,0.0
12.47281614,0.0,0.0,0.0,0.0
12.491047868,0.0,0.0,0.0,0.0
12.493031706,0.0,0.0,0.0,0.0
12.510935781,0.0,0.0,0.0,0.0
12.512658996,0.0,0.0,0.0,0.0
12.531010307,0.0,0.0,0.0,0.0
12.532919510000001,0.0,0.0,0.0,0.0
12.550919832,0.0,0.0,0.0,0.0
12.552691224,0.0,0.0,0.0,0.0
12.571167792,0.0,0.0,0.0,0.0
12.572928194000001,0.0,0.0,0.0,0.0
12.591352523000001,0.0,0.0,0.0,0.0
12.593146727,0.0,0.0,0.0,0.0
12.61139262,0.0,0.0,0.0,0.0
12.613184168,0.0,0.0,0.0,0.0
12.631031210000002,0.0,0.0,0.0,0.0
12.632928746000001,0.0,0.0,0.0,0.0
12.650996307000002,0.0,0.0,0.0,0.0
12.652865198,0.0,0.0,0.0,0.0
12.671043487,0.0,0.0,0.0,0.0
12.672904358,0.0,0.0,0.0,0.0
12.691053532000002,0.0,0.0,0.0,0.0
12.692901538000001,0.0,0.0,0.0,0.0
12.711027692,0.0,0.0,0.0,0.0
12.712995905000001,0.0,0.0,0.0,0.0
12.731014144000001,0.0,0.0,0.0,0.0
12.732878191000001,0.0,0.0,0.0,0.0
12.751033251,0.0,0.0,0.0,0.0
12.752858913,0.0,0.0,0.0,0.0
12.771008557,0.0,0.0,0.0,0.0
12.772814688,0.0,0.0,0.0,0.0
12.791000008000001,0.0,0.0,0.0,0.0
12.793005877,0.0,0.0,0.0,0.0
12.811133490000001,0.0,0.0,0.0,0.0
12.812918632,0.0,0.0,0.0,0.0
12.831582386000001,0.0,0.0,0.0,0.0
12.833685129000001,0.0,0.0,0.0,0.0
12.851280610000002,0.0,0.0,0.0,0.0
12.853160959,0.0,0.0,0.0,0.0
12.871292009000001,0.0,0.0,0.0,0.0
12.873148348,0.0,0.0,0.0,0.0
12.891316377,0.0,0.0,0.0,0.0
12.893168393000002,0.0,0.0,0.0,0.0
12.911274391000001,0.0,0.0,0.0,0.0
12.913180938,0.0,0.0,0.0,0.0
12.931101782,0.0,0.0,0.0,0.0
12.932780153000001,0.0,0.0,0.0,0.0
12.951279273,0.0,0.0,0.0,0.0
12.953130925,0.0,0.0,0.0,0.0
12.971393953000002,0.0,0.0,0.0,0.0
12.973295292000001,0.0,0.0,0.0,0.0
12.99127176,0.0,0.0,0.0,0.0
12.993081380000001,0.0,0.0,0.0,0.0
13.011275867,0.0,0.0,0.0,0.0
13.013102154,0.0,0.0,0.0,0.0
13.031459921000002,0.0,0.0,0.0,0.0
13.033345322,0.0,0.0,0.0,0.0
13.05127403,0.0,0.0,0.0,0.0
13.053039641000002,0.0,0.0,0.0,0.0
13.071444491000001,0.0,0.0,0.0,0.0
13.073427183000002,0.0,0.0,0.0,0.0
13.091292297,0.0,0.0,0.0,0.0
13.093135355000001,0.0,0.0,0.0,0.0
13.111335103,0.0,0.0,0.0,0.0
13.113160504000001,0.0,0.0,0.0,0.0
13.131123795,0.0,0.0,0.0,0.0
13.132984093000001,0.0,0.0,0.0,0.0
13.151487796000001,0.0,0.0,0.0,0.0
13.153247209000002,0.0,0.0,0.0,0.0
13.17123826,0.0,0.0,0.0,0.0
13.172998766000001,0.0,0.0,0.0,0.0
13.191198878000002,0.0,0.0,0.0,0.0
13.193007301000002,0.0,0.0,0.0,0.0
13.211350484,0.0,0.0,0.0,0.0
13.213245834,0.0,0.0,0.0,0.0
13.231467976000001,0.0,0.0,0.0,0.0
13.233459314000001,0.0,0.0,0.0,0.0
13.25119693,0.0,0.0,0.0,0.0
13.253062488000001,0.0,0.0,0.0,0.0
13.271427130000001,0.0,0.0,0.0,0.0
13.273400291000002,0.0,0.0,0.0,0.0
13.292014826,0.0,0.0,0.0,0.0
13.294349495,0.0,0.0,0.0,0.0
13.311506646000002,0.0,0.0,0.0,0.0
13.313908762,0.0,0.0,0.0,0.0
13.331870230000002,0.0,0.0,0.0,0.0
13.334300314,0.0,0.0,0.0,0.0
13.351661735,0.0,0.0,0.0,0.0
13.353869686000001,0.0,0.0,0.0,0.0
13.371411782000001,0.0,0.0,0.0,0.0
13.373437235,0.0,0.0,0.0,0.0
13.391599534000001,0.0,0.0,0.0,0.0
13.393843735,0.0,0.0,0.0,0.0
13.411324165000002,0.0,0.0,0.0,0.0
13.41325967,0.0,0.0,0.0,0.0
13.431813581,0.0,0.0,0.0,0.0
13.434075073,0.0,0.0,0.0,0.0
13.451495296000001,0.0,0.0,0.0,0.0
13.453498560000002,0.0,0.0,0.0,0.0
13.471533309000002,0.0,0.0,0.0,0.0
13.474445421,0.0,0.0,0.0,0.0
13.492624074,0.0,0.0,0.0,0.0
13.49488765,0.0,0.0,0.0,0.0
13.511201267,0.0,0.0,0.0,0.0
13.512968440000002,0.0,0.0,0.0,0.0
13.531203916,0.0,0.0,0.0,0.0
13.533003328000001,0.0,0.0,0.0,0.0
13.550994950000002,0.0,0.0,0.0,0.0
13.552797852000001,0.0,0.0,0.0,0.0
13.570954316000002,0.0,0.0,0.0,0.0
13.572879144000002,0.0,0.0,0.0,0.0
13.591304356,0.0,0.0,0.0,0.0
13.593267986,0.0,0.0,0.0,0.0
13.611624448,0.0,0.0,0.0,0.0
13.613693546,0.0,0.0,0.0,0.0
13.631426576,0.0,0.0,0.0,0.0
13.633448799000002,0.0,0.0,0.0,0.0
13.651181257000001,0.0,0.0,0.0,0.0
13.652918690000002,0.0,0.0,0.0,0.0
13.670990832000001,0.0,0.0,0.0,0.0
13.672745401,0.0,0.0,0.0,0.0
13.690970250000001,0.0,0.0,0.0,0.0
13.692738725000002,0.0,0.0,0.0,0.0
13.711824609,0.0,0.0,0.0,0.0
13.714092142,0.0,0.0,0.0,0.0
13.732071941000001,0.0,0.0,0.0,0.0
13.734704524000001,0.0,0.0,0.0,0.0
13.751629540000001,0.0,0.0,0.0,0.0
13.753720096,0.0,0.0,0.0,0.0
13.771150680000002,0.0,0.0,0.0,0.0
13.772960145,0.0,0.0,0.0,0.0
13.79097411,0.0,0.0,0.0,0.0
13.792822689000001,0.0,0.0,0.0,0.0
13.811038528000001,0.0,0.0,0.0,0.0
13.812931533,0.0,0.0,0.0,0.0
13.831045862000002,0.0,0.0,0.0,0.0
13.832901055,0.0,0.0,0.0,0.0
13.851027259,0.0,0.0,0.0,0.0
13.853023441000001,0.0,0.0,0.0,0.0
13.870918865,0.0,0.0,0.0,0.0
13.872572185000001,0.0,0.0,0.0,0.0
13.891172917,0.0,0.0,0.0,0.0
13.892964516000001,0.0,0.0,0.0,0.0
13.911192855000001,0.0,0.0,0.0,0.0
13.912989767000001,0.0,0.0,0.0,0.0
13.931013681000001,0.0,0.0,0.0,0.0
13.932818093000002,0.0,0.0,0.0,0.0
13.950969349000001,0.0,0.0,0.0,0.0
13.952822094,0.0,0.0,0.0,0.0
13.971124547,0.0,0.0,0.0,0.0
13.972869220000002,0.0,0.0,0.0,0.0
13.991139277,0.0,0.0,0.0,0.0
13.992892439,0.0,0.0,0.0,0.0
14.010980415,0.0,0.0,0.0,0.0
14.012750452,0.0,0.0,0.0,0.0
14.030962541000001,0.0,0.0,0.0,0.0
14.032772057,0.0,0.0,0.0,0.0
14.050962167000002,0.0,0.0,0.0,0.0
14.052905276,0.0,0.0,0.0,0.0
14.070997210000002,0.0,0.0,0.0,0.0
14.072802976,0.0,0.0,0.0,0.0
14.090967774000001,0.0,0.0,0.0,0.0
14.092808019000001,0.0,0.0,0.0,0.0
14.111002608000002,0.0,0.0,0.0,0.0
14.112713896,0.0,0.0,0.0,0.0
14.130924995,0.0,0.0,0.0,0.0
14.132689043000001,0.0,0.0,0.0,0.0
14.150997590000001,0.0,0.0,0.0,0.0
14.152926272,0.0,0.0,0.0,0.0
14.170989716000001,0.0,0.0,0.0,0.0
14.172800951000001,0.0,0.0,0.0,0.0
14.191630743000001,0.0,0.0,0.0,0.0
14.193332812000001,0.0,0.0,0.0,0.0
14.210962927,0.0,0.0,0.0,0.0
14.212785099000001,0.0,0.0,0.0,0.0
14.230979897000001,0.0,0.0,0.0,0.0
14.232818579000002,0.0,0.0,0.0,0.0
14.251125511000001,0.0,0.0,0.0,0.0
14.252876434000001,0.0,0.0,0.0,0.0
14.270979305000001,0.0,0.0,0.0,0.0
14.272880539,0.0,0.0,0.0,0.0
14.29098315,0.0,0.0,0.0,0.0
14.292883863,0.0,0.0,0.0,-0.28
14.311125848000001,0.0,0.0,0.0,-0.14
14.312917187,0.0,0.0,0.0,-0.14
14.331138443,0.0,0.0,0.0,-0.14
14.332915095,0.0,0.0,0.0,0.0
14.350987445000001,0.0,0.0,0.0,0.0
14.352786128000002,0.0,0.0,0.0,0.0
14.370992540000001,0.0,0.0,0.0,0.0
14.372837837,0.0,0.0,0.0,0.0
14.391039197000001,0.0,0.0,0.0,0.0
14.392831474000001,0.0,0.0,0.0,0.0
14.410963824000001,0.0,0.0,0.0,0.0
14.412757507,0.0,0.0,0.0,0.0
14.430951575000002,0.0,0.0,0.0,0.0
14.432779789000001,0.0,0.0,0.0,0.0
14.451378125000002,0.0,0.0,0.0,0.0
14.453199516000002,0.0,0.0,0.0,0.0
14.471403220000001,0.0,0.0,0.0,0.0
14.473319923,0.0,0.0,0.0,0.0
14.491332846,0.0,0.0,0.0,0.0
14.493220175000001,0.0,0.0,0.0,0.0
14.511617470000001,0.0,0.0,0.0,0.0
14.513788494000002,0.0,0.0,0.0,0.0
14.531256735000001,0.0,0.0,0.0,0.0
14.533042032,0.0,0.0,0.0,0.0
14.551031309,0.0,0.0,0.0,0.0
14.552856866,0.0,0.0,0.0,0.0
14.571212754000001,0.0,0.0,0.0,0.0
14.573001437,0.0,0.0,0.0,0.0
14.590974046000001,0.0,0.0,0.0,0.0
14.592645334,0.0,0.0,0.0,0.0
14.611022837,0.0,0.0,0.0,0.0
14.612864904,0.0,0.0,0.0,0.0
14.631138553000001,0.0,0.0,0.0,0.0
14.632940622000001,0.0,0.0,0.0,0.0
14.651181302000001,0.0,0.0,0.0,0.0
14.652911964000001,0.0,0.0,0.0,0.0
14.670848689000001,0.0,0.0,0.0,0.0
14.672524821000001,0.0,0.0,0.0,0.0
14.691034353000001,0.0,0.0,0.0,0.0
14.693091575,0.0,0.0,0.0,0.0
14.711012779,0.0,0.0,0.0,0.0
14.712855785,0.0,0.0,0.0,0.0
14.731132402,0.0,0.0,0.0,0.0
14.732847648000002,0.0,0.0,0.0,0.0
14.751023641000002,0.0,0.0,0.0,0.0
14.752899876,0.0,0.0,0.0,0.0
14.771418522000001,0.0,0.0,0.0,0.0
14.773259340000001,0.0,0.0,0.0,0.0
14.791371636000001,0.0,0.0,0.0,0.0
14.793270579000001,0.0,0.0,0.0,0.0
14.811505009000001,0.0,0.0,0.0,0.0
14.813567492,0.0,0.0,0.0,0.0
14.831161198,0.0,0.0,0.0,0.0
14.832899465,0.0,0.0,0.0,0.0
14.85086796,0.0,0.0,0.0,0.0
14.852570498,0.0,0.0,0.0,0.0
14.871044614,0.0,0.0,0.0,0.0
14.872849911000001,0.0,0.0,0.0,0.0
14.891014290000001,0.0,0.0,0.0,0.0
14.892821306,0.0,0.0,0.0,0.0
14.911124069000001,0.0,0.0,0.0,0.0
14.912849784,0.0,0.0,0.0,0.0
14.931052652000002,0.0,0.0,0.0,0.0
14.933221592,0.0,0.0,0.0,0.0
14.950878267,0.0,0.0,0.0,0.0
14.952519868000001,0.0,0.0,0.0,0.0
14.971031796,0.0,0.0,0.0,0.0
14.97269647,0.0,0.0,0.0,0.0
14.990856578,0.0,0.0,0.0,0.0
14.992502866,0.0,0.0,0.0,0.0
15.011003023,0.0,0.0,0.0,0.0
15.01289457,0.0,0.0,0.0,0.0
15.031012491,0.0,0.0,0.0,0.0
15.032875392000001,0.0,0.0,0.0,0.0
15.051173416000001,0.0,0.0,0.0,0.0
15.052955744,0.0,0.0,0.0,0.0
15.071308767000001,0.0,0.0,0.0,0.0
15.073111461000002,0.0,0.0,0.0,0.0
15.091269121000002,0.0,0.0,0.0,0.0
15.09306645,0.0,0.0,0.0,0.0
15.111169839,0.0,0.0,0.0,0.0
15.112872429000001,0.0,0.0,0.0,0.0
15.132702888,0.0,0.0,0.0,0.0
15.13589958,0.0,0.0,0.0,0.0
15.138790962000002,0.0,0.0,0.0,0.0
15.150671748,0.0,0.0,0.0,0.0
15.172116568000002,0.0,0.0,0.0,0.0
15.174649515,0.0,0.0,0.0,0.0
15.192057807000001,0.0,0.0,0.0,0.0
15.194600025000002,0.0,0.0,0.0,0.0
15.212028420000001,0.0,0.0,0.0,0.0
15.214570899000002,0.0,0.0,0.0,0.0
15.232454135000001,0.0,0.0,0.0,0.0
15.235528119000001,0.0,0.0,0.0,0.0
15.250827574,0.0,0.0,0.0,0.0
15.252871411000001,0.0,0.0,0.0,0.0
15.271748649000001,0.0,0.0,0.0,0.0
15.274288992,0.0,0.0,0.0,0.0
15.292611286000001,0.0,0.0,0.0,0.0
15.296649534,0.0,0.0,0.0,0.0
15.299137377000001,0.0,0.0,0.0,0.0
15.311425503,0.0,0.0,0.0,0.0
15.331609553000002,0.0,0.0,0.0,0.0
15.334190208,0.0,0.0,0.0,0.0
15.351446886000002,0.0,0.0,0.0,0.0
15.353484161,0.0,0.0,0.0,0.0
15.37249322,0.0,0.0,0.0,0.0
15.375454654,0.0,0.0,0.0,0.0
15.391962692000002,0.0,0.0,0.0,0.0
15.394496109,0.0,0.0,0.0,0.0
15.412491218000001,0.0,0.0,0.0,0.0
15.416043688,0.0,0.0,0.0,0.0
15.419424493000001,0.0,0.0,0.0,0.0
15.430685284,0.0,0.0,0.0,0.0
15.452503591000001,0.0,0.0,0.0,0.0
15.455549815000001,0.0,0.0,0.0,0.0
15.45789766,0.0,0.0,0.0,0.0
15.471443276,0.0,0.0,0.0,0.0
15.493004241000001,0.0,0.0,0.0,0.0
15.496616085000001,0.0,0.0,0.0,0.0
15.498974347,0.0,0.0,0.0,0.0
15.511397784000001,0.0,0.0,0.0,0.0
15.531550532,0.0,0.0,0.0,0.0
15.534131135,0.0,0.0,0.0,0.0
15.551416665000001,0.0,0.0,0.0,0.0
15.553498627000002,0.0,0.0,0.0,0.0
15.573070023000001,0.0,0.0,0.0,0.0
15.576619628000001,0.0,0.0,0.0,0.0
15.579203096,0.0,0.0,0.0,0.0
15.591379242,0.0,0.0,0.0,0.0
15.611562300000001,0.0,0.0,0.0,0.0
15.614196965000001,0.0,0.0,0.0,0.0
15.631402600000001,0.0,0.0,0.0,0.0
15.633461176,0.0,0.0,0.0,0.0
15.653068978,0.0,0.0,0.0,0.0
15.656731239,0.0,0.0,0.0,0.0
15.659148145000001,0.0,0.0,0.0,0.0
15.671381843,0.0,0.0,0.0,0.0
15.692996191,0.0,0.0,0.0,0.0
15.696639754000001,0.0,0.0,0.0,0.0
15.70013712,0.0,0.0,0.0,0.0
15.710641405,0.0,0.0,0.0,0.0
15.732495074000001,0.0,0.0,0.0,0.0
15.735433955000001,0.0,0.0,0.0,0.0
15.752198708000002,0.0,0.0,0.0,0.0
15.754850873,0.0,0.0,0.0,0.0
15.772424005000001,0.0,0.0,0.0,0.0
15.776086318,0.0,0.0,0.0,0.0
15.779581392,0.0,0.0,0.0,0.0
15.790665621,0.0,0.0,0.0,0.0
15.812497571000002,0.0,0.0,0.0,0.0
15.815466504000002,0.0,0.0,0.0,0.0
15.832034123000001,0.0,0.0,0.0,0.0
15.834635351000001,0.0,0.0,0.0,0.0
15.852266764000001,0.0,0.0,0.0,0.0
15.854630858,0.0,0.0,0.0,0.0
15.872343885000001,0.0,0.0,0.0,0.0
15.875344693,0.0,0.0,0.0,0.0
15.890874457,0.0,0.0,0.0,0.0
15.892787774,0.0,0.0,0.0,0.0
15.911798758000002,0.0,0.0,0.0,0.0
15.914031551,0.0,0.0,0.0,0.0
15.932503894000002,0.0,0.0,0.0,0.0
15.935440588,0.0,0.0,0.0,0.0
15.952002583,0.0,0.0,0.0,0.0
15.954544228000001,0.0,0.0,0.0,0.0
15.972445742000001,0.0,0.0,0.0,0.0
15.975947067000002,0.0,0.0,0.0,0.0
15.979642400000001,0.0,0.0,0.0,0.0
15.990639911,0.0,0.0,0.0,0.0
16.012063062,0.0,0.0,0.0,0.0
16.01459429,0.0,0.0,0.0,0.0
16.032031434,0.0,0.0,0.0,0.0
16.034572141,0.0,0.0,0.0,0.0
16.052445114,0.0,0.0,0.0,0.0
16.055579359,0.0,0.0,0.0,0.0
16.058455949000003,0.0,0.0,0.0,0.0
16.071704534000002,0.0,0.0,0.0,0.0
16.092718991,0.0,0.0,0.0,0.0
16.096219221000002,0.0,0.0,0.0,0.0
16.0999457,0.0,0.0,0.0,0.0
16.110621234,0.0,0.0,0.0,0.0
16.132566517,0.0,0.0,0.0,0.0
16.135510189,0.0,0.0,0.0,0.0
16.152002289000002,0.0,0.0,0.0,0.0
16.154543621000002,0.0,0.0,0.0,0.0
16.172519979,0.0,0.0,0.0,0.0
16.175530318,0.0,0.0,0.0,0.0
16.178432012000002,0.0,0.0,0.0,0.0
16.191715805,0.0,0.0,0.0,0.0
16.211305014,0.0,0.0,0.0,0.0
16.213150102,0.0,0.0,0.0,0.0
16.231674841,0.0,0.0,0.0,0.0
16.233931384,0.0,0.0,0.0,0.0
16.252498518,0.0,0.0,0.0,0.0
16.255616877,0.0,0.0,0.0,0.0
16.258213573000003,0.0,0.0,0.0,0.0
16.271659709,0.0,0.0,0.0,0.0
16.293105985,0.0,0.0,0.0,0.0
16.296654028000003,0.0,0.0,0.0,0.0
16.298922967,0.0,0.0,0.0,0.0
16.311430465,0.0,0.0,0.0,0.0
16.332997469000002,0.0,0.0,0.0,0.0
16.336617386,0.0,0.0,0.0,0.0
16.340356886000002,0.0,0.0,0.0,0.0
16.351409812,0.0,0.0,0.0,0.0
16.371859899,0.0,0.0,0.0,0.0
16.374124046000002,0.0,0.0,0.0,0.0
16.392461807,0.0,0.0,0.0,0.0
16.395392407000003,0.0,0.0,0.0,0.0
16.412035547000002,0.0,0.0,0.0,0.0
16.414562661,0.0,0.0,0.0,0.0
16.432625008000002,0.0,0.0,0.0,0.0
16.435746491,0.0,0.0,0.0,0.0
16.438629488,0.0,0.0,0.0,0.0
16.451542451,0.0,0.0,0.0,0.0
16.471400355,0.0,0.0,0.0,0.0
16.473840647,0.0,0.0,0.0,0.0
16.49142982,0.0,0.0,0.0,0.0
16.493481626,0.0,0.0,0.0,0.0
16.513100678,0.0,0.0,0.0,0.0
16.516771688000002,0.0,0.0,0.0,0.0
16.51911771,0.0,0.0,0.0,0.0
16.531384637000002,0.0,0.0,0.0,0.0
16.552867941000002,0.0,0.0,0.0,0.0
16.55649416,0.0,0.0,0.0,0.0
16.55998314,0.0,0.0,0.0,0.0
16.570651746,0.0,0.0,0.0,0.0
16.592456975,0.0,0.0,0.0,0.0
16.59538294,0.0,0.0,0.0,0.0
16.612027536,0.0,0.0,0.0,0.0
16.614608816,0.0,0.0,0.0,0.0
16.632510953,0.0,0.0,0.0,0.0
16.635495771000002,0.0,0.0,0.0,0.0
16.638341215,0.0,0.0,0.0,0.0
16.651653861,0.0,0.0,0.0,0.0
16.672898418000003,0.0,0.0,0.0,0.0
16.676167765000002,0.0,0.0,0.0,0.0
16.679256071,0.0,0.0,0.0,0.0
16.690668004000003,0.0,0.0,0.0,0.0
16.712236673,0.0,0.0,0.0,0.0
16.714977899,0.0,0.0,0.0,0.0
16.717261473,0.0,0.0,0.0,0.0
16.730989011000002,0.0,0.0,0.0,0.0
16.753146685,0.0,0.0,0.0,0.0
16.756780612,0.0,0.0,0.0,0.0
16.758643044,0.0,0.0,0.0,0.0
16.771426892,0.0,0.0,0.0,0.0
16.793090768000003,0.0,0.0,0.0,0.0
16.796527509,0.0,0.0,0.0,0.0
16.799497796,0.0,0.0,0.0,0.0
16.811365923,0.0,0.0,0.0,0.0
16.832244649,0.0,0.0,0.0,0.0
16.834761190000002,0.0,0.0,0.0,0.0
16.852427913,0.0,0.0,0.0,0.0
16.855872675,0.0,0.0,0.0,0.0
16.859391291,0.0,0.0,0.0,0.0
16.870636767,0.0,0.0,0.0,0.0
16.892679754,0.0,0.0,0.0,0.0
16.896072433,0.0,0.0,0.0,0.0
16.897952729,0.0,0.0,0.0,0.0
16.911389697,0.0,0.0,0.0,0.0
16.933062583,0.0,0.0,0.0,0.0
16.936576355,0.0,0.0,0.0,0.0
16.940020804,0.0,0.0,0.0,0.0
16.951265864,0.0,0.0,0.0,0.0
16.971577824,0.0,0.0,0.0,0.0
16.97422327,0.0,0.0,0.0,0.0
16.991399424,0.0,0.0,0.0,0.0
16.993459146,0.0,0.0,0.0,0.0
17.013062363,0.0,0.0,0.0,0.0
17.016606447,0.0,0.0,0.0,0.0
17.019617515,0.0,0.0,0.0,0.0
17.031430642,0.0,0.0,0.0,0.0
17.052641761,0.0,0.0,0.0,0.0
17.056390375,0.0,0.0,0.0,0.0
17.060144822,0.0,0.0,0.0,0.0
17.07127457,0.0,0.0,0.0,0.0
17.092048297,0.0,0.0,0.0,0.0
17.094309371,0.0,0.0,0.0,0.0
17.112560152,0.0,0.0,0.0,0.0
17.115635802,0.0,0.0,0.0,0.0
17.118402028000002,0.0,0.0,0.0,0.0
17.13151452,0.0,0.0,0.0,0.0
17.152838711,0.0,0.0,0.0,0.0
17.156489148000002,0.0,0.0,0.0,0.0
17.1599374,0.0,0.0,0.0,0.0
17.171428967,0.0,0.0,0.0,0.0
17.191525617,0.0,0.0,0.0,0.0
17.194646111,0.0,0.0,0.0,0.0
17.211417321000003,0.0,0.0,0.0,0.0
17.213467616000003,0.0,0.0,0.0,0.0
17.233092655,0.0,0.0,0.0,0.0
17.236753561,0.0,0.0,0.0,0.0
17.239459527,0.0,0.0,0.0,0.0
17.251458851000002,0.0,0.0,0.0,0.0
17.273342725000003,0.0,0.0,0.0,0.0
17.277169827,0.0,0.0,0.0,0.0
17.28012626,0.0,0.0,0.0,0.0
17.291625745,0.0,0.0,0.0,0.0
17.313208892000002,0.0,0.0,0.0,0.0
17.316926568,0.0,0.0,0.0,0.0
17.319949511,0.0,0.0,0.0,0.0
17.331226029,0.0,0.0,0.0,0.0
17.351565853,0.0,0.0,0.0,0.0
17.354197654,0.0,0.0,0.0,0.0
17.371665732,0.0,0.0,0.0,0.0
17.373748058,0.0,0.0,0.0,0.0
17.392891799,0.0,0.0,0.0,0.0
17.395951981,0.0,0.0,0.0,0.0
17.398844561,0.0,0.0,0.0,0.0
17.411588253,0.0,0.0,0.0,0.0
17.432957444,0.0,0.0,0.0,0.0
17.436584652,0.0,0.0,0.0,0.0
17.440003946,0.0,0.0,0.0,0.0
17.450654844000002,0.0,0.0,0.0,0.0
17.472486426,0.0,0.0,0.0,0.0
17.475441505000003,0.0,0.0,0.0,0.0
17.492034591,0.0,0.0,0.0,0.0
17.494576392000003,0.0,0.0,0.0,0.0
17.512383479,0.0,0.0,0.0,0.0
17.515348297000003,0.0,0.0,0.0,0.0
17.518267647000002,0.0,0.0,0.0,0.0
17.531602532,0.0,0.0,0.0,0.0
17.553052084,0.0,0.0,0.0,0.0
17.556655542,0.0,0.0,0.0,0.0
17.560022127,0.0,0.0,0.0,0.0
17.571393643,0.0,0.0,0.0,0.0
17.591575654,0.0,0.0,0.0,0.0
17.593356576,0.0,0.0,0.0,0.0
17.612273078,0.0,0.0,0.0,0.0
17.614825556,0.0,0.0,0.0,0.0
17.63212905,0.0,0.0,0.0,0.0
17.635037567,0.0,0.0,0.0,0.0
17.652511373,0.0,0.0,0.0,0.0
17.656150195000002,0.0,0.0,0.0,0.0
17.659863392000002,0.0,0.0,0.0,0.0
17.670674704,0.0,0.0,0.0,0.0
17.692588627000003,0.0,0.0,0.0,0.0
17.695553966000002,0.0,0.0,0.0,0.0
17.698012434000002,0.0,0.0,0.0,0.0
17.711440233,0.0,0.0,0.0,0.0
17.732859369,0.0,0.0,0.0,0.0
17.736319235,0.0,0.0,0.0,0.0
17.739831444,0.0,0.0,0.0,0.0
17.751516707,0.0,0.0,0.0,0.0
17.772735844,0.0,0.0,0.0,0.0
17.776348521000003,0.0,0.0,0.0,0.0
17.780067187,0.0,0.0,0.0,0.0
17.790664125000003,0.0,0.0,0.0,0.0
17.812019460000002,0.0,0.0,0.0,0.0
17.814565636,0.0,0.0,0.0,0.0
17.832049806,0.0,0.0,0.0,0.0
17.834599523,0.0,0.0,0.0,0.0
17.851781040000002,0.0,0.0,0.0,0.0
17.855262624,0.0,0.0,0.0,0.0
17.872031436,0.0,0.0,0.0,0.0
17.874936255,0.0,0.0,0.0,0.0
17.890847105000002,0.0,0.0,0.0,0.0
17.893875673,0.0,0.0,0.0,0.0
17.9113075,0.0,0.0,0.0,0.0
17.913203317,0.0,0.0,0.0,0.0
17.933082258000002,0.0,0.0,0.0,0.0
17.936631706,0.0,0.0,0.0,0.0
17.938947884,0.0,0.0,0.0,0.0
17.951424546000002,0.0,0.0,0.0,0.0
17.972829203,0.0,0.0,0.0,0.0
17.97642464,0.0,0.0,0.0,0.0
17.980038775,0.0,0.0,0.0,0.0
17.99141102,0.0,0.0,0.0,0.0
18.012796614000003,0.0,0.0,0.0,0.0
18.016291532,0.0,0.0,0.0,0.0
18.019743168,0.0,0.0,0.0,0.0
18.031201506000002,0.0,0.0,0.0,0.0
18.051722733000002,0.0,0.0,0.0,0.0
18.054707707000002,0.0,0.0,0.0,0.0
18.07123199,0.0,0.0,0.0,0.0
18.073122650000002,0.0,0.0,0.0,0.0
18.092627532,0.0,0.0,0.0,0.0
18.095745318000002,0.0,0.0,0.0,0.0
18.098655917000002,0.0,0.0,0.0,0.0
18.111739970000002,0.0,0.0,0.0,0.0
18.132737599000002,0.0,0.0,0.0,0.0
18.136163871,0.0,0.0,0.0,0.0
18.139592747000002,0.0,0.0,0.0,0.0
18.151459206000002,0.0,0.0,0.0,0.0
18.171613666000002,0.0,0.0,0.0,0.0
18.174548536,0.0,0.0,0.0,0.0
18.190837300000002,0.0,0.0,0.0,0.0
18.192971969000002,0.0,0.0,0.0,0.0
18.211429152,0.0,0.0,0.0,0.0
18.213500748,0.0,0.0,0.0,0.0
18.232813861,0.0,0.0,0.0,0.0
18.235890866000002,0.0,0.0,0.0,0.0
18.238623081,0.0,0.0,0.0,0.0
18.251427136,0.0,0.0,0.0,0.0
18.27261216,0.0,0.0,0.0,0.0
18.276282961,0.0,0.0,0.0,0.0
18.279859440000003,0.0,0.0,0.0,0.0
18.291487047,0.0,0.0,0.0,0.0
18.312607332000002,0.0,0.0,0.0,0.0
18.315657461,0.0,0.0,0.0,0.0
18.318574884,0.0,0.0,0.0,0.0
18.330689153,0.0,0.0,0.0,0.0
18.351846781000003,0.0,0.0,0.0,0.0
18.354526393,0.0,0.0,0.0,0.0
18.371460464000002,0.0,0.0,0.0,0.0
18.373333573,0.0,0.0,0.0,0.0
18.392577259,0.0,0.0,0.0,0.0
18.395570201,0.0,0.0,0.0,0.0
18.412054068,0.0,0.0,0.0,0.0
18.414682274,0.0,0.0,0.0,0.0
18.432209465,0.0,0.0,0.0,0.0
18.435713393,0.0,0.0,0.0,0.0
18.439121540000002,0.0,0.0,0.0,0.0
18.451040915,0.0,0.0,0.0,0.0
18.473076296000002,0.0,0.0,0.0,0.0
18.476608296000002,0.0,0.0,0.0,0.0
18.480178317,0.0,0.0,0.0,0.0
18.491039993,0.0,0.0,0.0,0.0
18.512579858000002,0.0,0.0,0.0,0.0
18.516211128000002,0.0,0.0,0.0,0.0
18.519650577,0.0,0.0,0.0,0.0
18.530692668,0.0,0.0,0.0,0.0
18.551883262,0.0,0.0,0.0,0.0
18.554585426000003,0.0,0.0,0.0,0.0
18.57140434,0.0,0.0,0.0,0.0
18.57329125,0.0,0.0,0.0,0.0
18.592501653000003,0.0,0.0,0.0,0.0
18.595521366,0.0,0.0,0.0,0.0
18.598339466000002,0.0,0.0,0.0,0.0
18.611155707,0.0,0.0,0.0,0.0
18.631783962,0.0,0.0,0.0,0.0
18.63501008,0.0,0.0,0.0,0.0
18.65134129,0.0,0.0,0.0,0.0
18.653147888,0.0,0.0,0.0,0.0
18.671959337,0.0,0.0,0.0,0.0
18.674225983,0.0,0.0,0.0,0.0
18.692620769,0.0,0.0,0.0,0.0
18.695677408,0.0,0.0,0.0,0.0
18.710844201,0.0,0.0,0.0,0.0
18.713640062,0.0,0.0,0.0,0.0
18.731008138,0.0,0.0,0.0,0.0
18.733484157,0.0,0.0,0.0,0.0
18.751481759,0.0,0.0,0.0,0.0
18.753570334000003,0.0,0.0,0.0,0.0
18.772054962000002,0.0,0.0,0.0,0.0
18.774596815000002,0.0,0.0,0.0,0.0
18.792557698,0.0,0.0,0.0,0.0
18.795484964,0.0,0.0,0.0,0.0
18.798478583,0.0,0.0,0.0,0.0
18.810797849,0.0,0.0,0.0,0.0
18.83170381,0.0,0.0,0.0,0.0
18.834394984000003,0.0,0.0,0.0,0.0
18.851366241,0.0,0.0,0.0,0.0
18.853257474,0.0,0.0,0.0,0.0
18.872744020000003,0.0,0.0,0.0,0.0
18.8758154,0.0,0.0,0.0,0.0
18.878025432,0.0,0.0,0.0,0.0
18.891427397,0.0,0.0,0.0,0.0
18.913108872000002,0.0,0.0,0.0,0.0
18.916632383,0.0,0.0,0.0,0.0
18.920267142,0.0,0.0,0.0,0.0
18.930904913000003,0.0,0.0,0.0,0.0
18.952164673000002,0.0,0.0,0.0,0.0
18.955775214000003,0.0,0.0,0.0,0.0
18.958996644000003,0.0,0.0,0.0,0.0
18.970727217,0.0,0.0,0.0,0.0
18.991723021000002,0.0,0.0,0.0,0.0
18.994224562,0.0,0.0,0.0,0.0
19.011467742,0.0,0.0,0.0,0.0
19.013518297,0.0,0.0,0.0,0.0
19.031535534,0.0,0.0,0.0,0.0
19.034466445,0.0,0.0,0.0,0.0
19.050947914,0.0,0.0,0.0,0.0
19.054280593,0.0,0.0,0.0,0.0
19.071050601,0.0,0.0,0.0,0.0
19.07324079,0.0,0.0,0.0,0.0
19.091795314000002,0.0,0.0,0.0,0.0
19.094105814000002,0.0,0.0,0.0,0.0
19.11308773,0.0,0.0,0.0,0.0
19.116547803,0.0,0.0,0.0,0.0
19.120244281,0.0,0.0,0.0,0.0
19.130853146,0.0,0.0,0.0,0.0
19.151811242,0.0,0.0,0.0,0.0
19.154732258000003,0.0,0.0,0.0,0.0
19.170867896,0.0,0.0,0.0,0.0
19.172953555,0.0,0.0,0.0,0.0
19.191446933,0.0,0.0,0.0,0.0
19.194015192000002,0.0,0.0,0.0,0.0
19.211468787,0.0,0.0,0.0,0.0
19.213524498,0.0,0.0,0.0,0.0
19.232562976,0.0,0.0,0.0,0.0
19.235507794,0.0,0.0,0.0,0.0
19.252086345000002,0.0,0.0,0.0,0.0
19.254626687000002,0.0,0.0,0.0,0.0
19.272439082,0.0,0.0,0.0,0.0
19.275951655,0.0,0.0,0.0,0.0
19.279594279,0.0,0.0,0.0,0.0
19.290823347,0.0,0.0,0.0,0.0
19.311748735000002,0.0,0.0,0.0,0.0
19.314637928,0.0,0.0,0.0,0.0
19.330871691000002,0.0,0.0,0.0,0.0
19.333918018000002,0.0,0.0,0.0,0.0
19.351106668,0.0,0.0,0.0,0.0
19.353407273000002,0.0,0.0,0.0,0.0
19.371223574000002,0.0,0.0,0.0,0.0
19.373142827000002,0.0,0.0,0.0,0.0
19.392546510000003,0.0,0.0,0.0,0.0
19.39550763,0.0,0.0,0.0,0.0
19.398391927000002,0.0,0.0,0.0,0.0
19.410954629000003,0.0,0.0,0.0,0.0
19.431775018,0.0,0.0,0.0,0.0
19.434370411,0.0,0.0,0.0,0.0
19.450985837,0.0,0.0,0.0,0.0
19.453448107,0.0,0.0,0.0,0.0
19.471722373000002,0.0,0.0,0.0,0.0
19.474016571,0.0,0.0,0.0,0.0
19.493152184,0.0,0.0,0.0,0.0
19.496683507,0.0,0.0,0.0,0.0
19.500112122,0.0,0.0,0.0,0.0
19.510808069000003,0.0,0.0,0.0,0.0
19.531908039,0.0,0.0,0.0,0.0
19.534641296,0.0,0.0,0.0,0.0
19.55125396,0.0,0.0,0.0,0.0
19.553158890000002,0.0,0.0,0.0,0.0
19.572508613,0.0,0.0,0.0,0.0
19.57550968,0.0,0.0,0.0,0.0
19.578481633000003,0.0,0.0,0.0,0.0
19.590942354000003,0.0,0.0,0.0,0.0
19.611815084,0.0,0.0,0.0,0.0
19.614733444000002,0.0,0.0,0.0,0.0
19.630845956,0.0,0.0,0.0,0.0
19.633695774,0.0,0.0,0.0,0.0
19.65099515,0.0,0.0,0.0,0.0
19.653158985,0.0,0.0,0.0,0.0
19.671479082,0.0,0.0,0.0,0.0
19.673793905,0.0,0.0,0.0,0.0
19.691464736,0.0,0.0,0.0,0.0
19.693620654,0.0,0.0,0.0,0.0
19.711716117,0.0,0.0,0.0,0.0
19.714008961,0.0,0.0,0.0,0.0
19.732124008,0.0,0.0,0.0,0.0
19.734718151000003,0.0,0.0,0.0,0.0
19.752610179,0.0,0.0,0.0,0.0
19.756253427,0.0,0.0,0.0,0.0
19.759972873000002,0.0,0.0,0.0,0.0
19.770669132000002,0.0,0.0,0.0,0.0
19.791904879,0.0,0.0,0.0,0.0
19.794853811000003,0.0,0.0,0.0,0.0
19.810871011,0.0,0.0,0.0,0.0
19.813731559,0.0,0.0,0.0,0.0
19.831005362000003,0.0,0.0,0.0,0.0
19.833987836000002,0.0,0.0,0.0,0.0
19.850990340000003,0.0,0.0,0.0,0.0
19.853910730000003,0.0,0.0,0.0,0.0
19.870988859,0.0,0.0,0.0,0.0
19.873427014,0.0,0.0,0.0,0.0
19.891230032000003,0.0,0.0,0.0,0.0
19.89325793,0.0,0.0,0.0,0.0
19.911964794000003,0.0,0.0,0.0,0.0
19.914245868000002,0.0,0.0,0.0,0.0
19.932113728,0.0,0.0,0.0,0.0
19.934706622,0.0,0.0,0.0,0.0
19.952608858,0.0,0.0,0.0,0.0
19.956018619,0.0,0.0,0.0,0.0
19.959764575,0.0,0.0,0.0,0.0
19.970650467000002,0.0,0.0,0.0,0.0
19.992096994,0.0,0.0,0.0,0.0
19.995380402000002,0.0,0.0,0.0,0.0
19.998652248000003,0.0,0.0,0.0,0.0
20.010913961,0.0,0.0,0.0,0.0
20.032125177,0.0,0.0,0.0,0.0
20.034693488000002,0.0,0.0,0.0,0.0
20.051247246000003,0.0,0.0,0.0,0.0
20.053165979000003,0.0,0.0,0.0,0.0
20.072574086,0.0,0.0,0.0,0.0
20.075644215,0.0,0.0,0.0,0.0
20.078750593000002,0.0,0.0,0.0,0.0
20.090976578000003,0.0,0.0,0.0,0.0
20.111835714,0.0,0.0,0.0,0.0
20.114503034000002,0.0,0.0,0.0,0.0
20.130990126,0.0,0.0,0.0,0.0
20.133831351,0.0,0.0,0.0,0.0
20.151209997000002,0.0,0.0,0.0,0.0
20.153606486,0.0,0.0,0.0,0.0
20.171242214000003,0.0,0.0,0.0,0.0
20.173208811000002,0.0,0.0,0.0,0.0
20.191682812,0.0,0.0,0.0,0.0
20.193996437000003,0.0,0.0,0.0,0.0
20.212417314,0.0,0.0,0.0,0.0
20.214690262,0.0,0.0,0.0,0.0
20.232143335,0.0,0.0,0.0,0.0
20.23511409,0.0,0.0,0.0,0.0
20.250753638000003,0.0,0.0,0.0,0.0
20.252729662,0.0,0.0,0.0,0.0
20.271447411,0.0,0.0,0.0,0.0
20.274006971000002,0.0,0.0,0.0,0.0
20.291221296,0.0,0.0,0.0,0.0
20.293504661,0.0,0.0,0.0,0.0
20.311468875000003,0.0,0.0,0.0,0.0
20.313586773,0.0,0.0,0.0,0.0
20.332477229000002,0.0,0.0,0.0,0.0
20.335533556,0.0,0.0,0.0,0.0
20.338377176,0.0,0.0,0.0,0.0
20.350984199000003,0.0,0.0,0.0,0.0
20.371943595,0.0,0.0,0.0,0.0
20.374560134000003,0.0,0.0,0.0,0.0
20.391000820000002,0.0,0.0,0.0,0.0
20.393377413,0.0,0.0,0.0,0.0
20.411205795,0.0,0.0,0.0,0.0
20.41360192,0.0,0.0,0.0,0.0
20.431200252,0.0,0.0,0.0,0.0
20.433647782,0.0,0.0,0.0,0.0
20.45121174,0.0,0.0,0.0,0.0
20.453662395000002,0.0,0.0,0.0,0.0
20.471243696000002,0.0,0.0,0.0,0.0
20.473652476,0.0,0.0,0.0,0.0
20.491220027,0.0,0.0,0.0,0.0
20.49357985,0.0,0.0,0.0,0.0
20.511227869000002,0.0,0.0,0.0,0.0
20.513596233,0.0,0.0,0.0,0.0
20.53133597,0.0,0.0,0.0,0.0
20.533882145,0.0,0.0,0.0,0.0
20.551216572,0.0,0.0,0.0,0.0
20.553177023,0.0,0.0,0.0,0.0
20.571686542000002,0.0,0.0,0.0,0.0
20.573986001,0.0,0.0,0.0,0.0
20.592043129,0.0,0.0,0.0,0.0
20.594665188,0.0,0.0,0.0,0.0
20.612537683000003,0.0,0.0,0.0,0.0
20.616063015,0.0,0.0,0.0,0.0
20.619691889000002,0.0,0.0,0.0,0.0
20.630635696000002,0.0,0.0,0.0,0.0
20.651992065,0.0,0.0,0.0,0.0
20.654556781,0.0,0.0,0.0,0.0
20.67145267,0.0,0.0,0.0,0.0
20.673571921,0.0,0.0,0.0,0.0
20.692646592000003,0.0,0.0,0.0,0.0
20.695613649000002,0.0,0.0,0.0,0.0
20.698493467000002,0.0,0.0,0.0,0.0
20.710924968,0.0,0.0,0.0,0.0
20.732026444000002,0.0,0.0,0.0,0.0
20.734590587,0.0,0.0,0.0,0.0
20.751350852,0.0,0.0,0.0,0.0
20.75389359,0.0,0.0,0.0,0.0
20.771199006,0.0,0.0,0.0,0.0
20.773453673000002,0.0,0.0,0.0,0.0
20.791339500000003,0.0,0.0,0.0,0.0
20.793838749000003,0.0,0.0,0.0,0.0
20.811277341,0.0,0.0,0.0,0.0
20.813330395,0.0,0.0,0.0,0.0
20.831401585000002,0.0,0.0,0.0,0.0
20.833577347000002,0.0,0.0,0.0,0.0
20.851691245,0.0,0.0,0.0,0.0
20.854009870000002,0.0,0.0,0.0,0.0
20.872155643000003,0.0,0.0,0.0,0.0
20.874723537,0.0,0.0,0.0,0.0
20.892404054,0.0,0.0,0.0,0.0
20.895385277000003,0.0,0.0,0.0,0.0
20.898442749,0.0,0.0,0.0,0.0
20.910769356000003,0.0,0.0,0.0,0.0
20.93203359,0.0,0.0,0.0,0.0
20.934697316,0.0,0.0,0.0,0.0
20.951177792000003,0.0,0.0,0.0,0.0
20.953344804,0.0,0.0,0.0,0.0
20.971422036,0.0,0.0,0.0,0.0
20.973433997,0.0,0.0,0.0,0.0
20.991432063,0.0,0.0,0.0,0.0
20.993559335,0.0,0.0,0.0,0.0
21.011616776,0.0,0.0,0.0,0.0
21.013935609,0.0,0.0,0.0,0.0
21.032007528,0.0,0.0,0.0,0.0
21.034587765,0.0,0.0,0.0,0.0
21.052494062,0.0,0.0,0.0,0.0
21.056064342000003,0.0,0.0,0.0,0.0
21.059663840000002,0.0,0.0,0.0,0.0
21.070622439,0.0,0.0,0.0,0.0
21.092351513,0.0,0.0,0.0,0.0
21.095393777,0.0,0.0,0.0,0.0
21.098242085000003,0.0,0.0,0.0,0.0
21.110746867,0.0,0.0,0.0,0.0
21.133242705,0.0,0.0,0.0,0.0
21.137027462000002,0.0,0.0,0.0,0.0
21.13889807,0.0,0.0,0.0,0.0
21.15114921,0.0,0.0,0.0,0.0
21.172877346,0.0,0.0,0.0,0.0
21.176511532000003,0.0,0.0,0.0,0.0
21.180168426,0.0,0.0,0.0,0.0
21.190642654,0.0,0.0,0.0,0.0
21.212137772000002,0.0,0.0,0.0,0.0
21.214505875,0.0,0.0,0.0,0.0
21.231197286,0.0,0.0,0.0,0.0
21.233254091000003,0.0,0.0,0.0,0.0
21.251451478,0.0,0.0,0.0,0.0
21.254033173,0.0,0.0,0.0,0.0
21.271388537,0.0,0.0,0.0,0.0
21.273474091,0.0,0.0,0.0,0.0
21.292116474,0.0,0.0,0.0,0.0
21.294598795000002,0.0,0.0,0.0,0.0
21.311225468,0.0,0.0,0.0,0.0
21.313215814000003,0.0,0.0,0.0,0.0
21.331430649,0.0,0.0,0.0,0.0
21.333617348,0.0,0.0,0.0,0.0
21.351386093000002,0.0,0.0,0.0,0.0
21.353644042000003,0.0,0.0,0.0,0.0
21.371396016000002,0.0,0.0,0.0,0.0
21.37360808,0.0,0.0,0.0,0.0
21.391464897000002,0.0,0.0,0.0,0.0
21.393606440000003,0.0,0.0,0.0,0.0
21.411388779000003,0.0,0.0,0.0,0.0
21.413520739000003,0.0,0.0,0.0,0.0
21.431648491,0.0,0.0,0.0,0.0
21.434200760000003,0.0,0.0,0.0,0.0
21.451881277000002,0.0,0.0,0.0,0.0
21.454194902,0.0,0.0,0.0,0.0
21.472049532,0.0,0.0,0.0,0.0
21.474634196,0.0,0.0,0.0,0.0
21.492437316,0.0,0.0,0.0,0.0
21.495404112000003,0.0,0.0,0.0,0.0
21.510844128000002,0.0,0.0,0.0,0.0
21.512874995,0.0,0.0,0.0,0.0
21.53144165,0.0,0.0,0.0,0.0
21.533604442,0.0,0.0,0.0,0.0
21.551427716000003,0.0,0.0,0.0,0.0
21.553625665000002,0.0,0.0,0.0,0.0
21.571417898,0.0,0.0,0.0,0.0
21.573570899,0.0,0.0,0.0,0.0
21.591627296000002,0.0,0.0,0.0,0.0
21.593717433000002,0.0,0.0,0.0,0.0
21.612463563000002,0.0,0.0,0.0,0.0
21.615501139000003,0.0,0.0,0.0,0.0
21.631989634,0.0,0.0,0.0,0.0
21.634620651000002,0.0,0.0,0.0,0.0
21.65240752,0.0,0.0,0.0,0.0
21.655906185000003,0.0,0.0,0.0,0.0
21.659560319,0.0,0.0,0.0,0.0
21.671294482,0.0,0.0,0.0,0.0
21.691757055,0.0,0.0,0.0,0.0
21.694080262,0.0,0.0,0.0,0.0
21.711428645,0.0,0.0,0.0,0.0
21.713558573,0.0,0.0,0.0,0.0
21.731392212000003,0.0,0.0,0.0,0.0
21.733524745,0.0,0.0,0.0,0.0
21.751375779,0.0,0.0,0.0,0.0
21.75351003,0.0,0.0,0.0,0.0
21.771402783000003,0.0,0.0,0.0,0.0
21.773559065,0.0,0.0,0.0,0.0
21.791370568,0.0,0.0,0.0,0.0
21.793517371,0.0,0.0,0.0,0.0
21.811403249,0.0,0.0,0.0,0.0
21.813527969000003,0.0,0.0,0.0,0.0
21.831627282000003,0.0,0.0,0.0,0.0
21.833948928,0.0,0.0,0.0,0.0
21.851842357000002,0.0,0.0,0.0,0.0
21.854178274000002,0.0,0.0,0.0,0.0
21.872217483,0.0,0.0,0.0,0.0
21.874805480000003,0.0,0.0,0.0,0.0
21.892444277000003,0.0,0.0,0.0,0.0
21.895475082,0.0,0.0,0.0,0.0
21.898625262000003,0.0,0.0,0.0,-0.14
21.910768328,0.0,0.0,0.0,0.0
21.932140944,0.0,0.0,0.0,0.0
21.934668421,0.0,0.0,0.0,0.0
21.951510246,0.0,0.0,0.0,0.0
21.953615331,0.0,0.0,0.0,0.0
21.971687665,0.0,0.0,0.0,0.0
21.973990092,0.0,0.0,0.0,0.0
21.991377015,0.0,0.0,0.0,0.0
21.993491007000003,0.0,0.0,0.0,0.0
22.012001931,0.0,0.0,0.0,0.0
22.014585396,0.0,0.0,0.0,0.0
22.032008414,0.0,0.0,0.0,0.0
22.034631098000002,0.0,0.0,0.0,0.0
22.052553955,0.0,0.0,0.0,0.0
22.056077464,0.0,0.0,0.0,0.0
22.059747586,0.0,0.0,0.0,0.0
22.070610351000003,0.0,0.0,0.0,0.0
22.092017447,0.0,0.0,0.0,0.0
22.094580548,0.0,0.0,0.0,0.0
22.111415654,0.0,0.0,0.0,0.0
22.113579176000002,0.0,0.0,0.0,0.0
22.131630625,0.0,0.0,0.0,0.0
22.133975395,0.0,0.0,0.0,0.0
22.151703462,0.0,0.0,0.0,0.0
22.15400766,0.0,0.0,0.0,0.0
22.172010099,0.0,0.0,0.0,0.0
22.174591221,0.0,0.0,0.0,0.0
22.19203804,0.0,0.0,0.0,0.0
22.195132595,0.0,0.0,0.0,0.0
22.210715369000003,0.0,0.0,0.0,0.0
22.212680507,0.0,0.0,0.0,0.0
22.231398617,0.0,0.0,0.0,0.0
22.233503910000003,0.0,0.0,0.0,0.0
22.251624889000002,0.0,0.0,0.0,0.0
22.253905233,0.0,0.0,0.0,0.0
22.27167481,0.0,0.0,0.0,0.0
22.273968591000003,0.0,0.0,0.0,0.0
22.291632387,0.0,0.0,0.0,0.0
22.293909502,0.0,0.0,0.0,0.0
22.312012565,0.0,0.0,0.0,0.0
22.314602385,0.0,0.0,0.0,0.0
22.332371909000003,0.0,0.0,0.0,0.0
22.335376726,0.0,0.0,0.0,0.0
22.338391281,0.0,0.0,0.0,0.0
22.350805230000002,0.0,0.0,0.0,0.0
22.372153524,0.0,0.0,0.0,0.0
22.374730063,0.0,0.0,0.0,0.0
22.391384858000002,0.0,0.0,0.0,0.0
22.393470203,0.0,0.0,0.0,0.0
22.412091491,0.0,0.0,0.0,0.0
22.414809904000002,0.0,0.0,0.0,-0.28
22.432117714,0.0,0.0,0.0,-0.14
22.434804147,0.0,0.0,0.0,-0.14
22.4522018,0.0,0.0,0.0,-0.14
22.455179377,0.0,0.0,0.0,0.0
22.470713089,0.0,0.0,0.0,0.0
22.472491198,0.0,0.0,0.0,0.0
22.491643782,0.0,0.0,0.0,0.0
22.494004542000003,0.0,0.0,0.0,0.0
22.511672974,0.0,0.0,0.0,0.0
22.513997952,0.0,0.0,0.0,0.0
22.531662478,0.0,0.0,0.0,0.0
22.533941155,0.0,0.0,0.0,0.0
22.551992029,0.0,0.0,0.0,0.0
22.554560963,0.0,0.0,0.0,0.0
22.571934604000003,0.0,0.0,0.0,0.0
22.574928014,0.0,0.0,0.0,0.0
22.590693805,0.0,0.0,0.0,0.0
22.592448632,0.0,0.0,0.0,0.0
22.611685225000002,0.0,0.0,0.0,0.0
22.614042651000002,0.0,0.0,0.0,0.0
22.631664102000002,0.0,0.0,0.0,0.0
22.634032153,0.0,0.0,0.0,0.0
22.651694229,0.0,0.0,0.0,0.0
22.654015822,0.0,0.0,0.0,0.0
22.671662168,0.0,0.0,0.0,0.0
22.673957407000003,0.0,0.0,0.0,0.0
22.691747138,0.0,0.0,0.0,0.0
22.694068887,0.0,0.0,0.0,0.0
22.711689349,0.0,0.0,0.0,0.0
22.714005004,0.0,0.0,0.0,0.0
22.731674372,0.0,0.0,0.0,0.0
22.733998933000002,0.0,0.0,0.0,0.0
22.751681999000002,0.0,0.0,0.0,0.0
22.754011404,0.0,0.0,0.0,0.0
22.771997435000003,0.0,0.0,0.0,0.0
22.774624546000002,0.0,0.0,0.0,0.0
22.79201376,0.0,0.0,0.0,0.0
22.794579986000002,0.0,0.0,0.0,0.0
22.810912959000003,0.0,0.0,0.0,0.0
22.814170898,0.0,0.0,0.0,0.0
22.830794129,0.0,0.0,0.0,0.0
22.832805465,0.0,0.0,0.0,0.0
22.851411386000002,0.0,0.0,0.0,0.0
22.853475637000003,0.0,0.0,0.0,0.0
22.872004476,0.0,0.0,0.0,0.0
22.874587421,0.0,0.0,0.0,0.0
22.891696376000002,0.0,0.0,0.0,0.0
22.894004324,0.0,0.0,0.0,0.0
22.912025250000003,0.0,0.0,0.0,0.0
22.914656424,0.0,0.0,0.0,0.0
22.931970638000003,0.0,0.0,0.0,0.0
22.93491509,0.0,0.0,0.0,0.0
22.950682287000003,0.0,0.0,0.0,0.0
22.952427375000003,0.0,0.0,0.0,0.0
22.971645426000002,0.0,0.0,0.0,0.0
22.973991915000003,0.0,0.0,0.0,0.0
22.991679824000002,0.0,0.0,0.0,0.0
22.993961365,0.0,0.0,0.0,0.0
23.012433381,0.0,0.0,0.0,0.0
23.015436113,0.0,0.0,0.0,0.0
23.031260133,0.0,0.0,0.0,0.0
23.033211365,0.0,0.0,0.0,0.0
23.051375259,0.0,0.0,0.0,0.0
23.053503260000003,0.0,0.0,0.0,0.0
23.072003141,0.0,0.0,0.0,0.0
23.074592075,0.0,0.0,0.0,0.0
23.091969466000002,0.0,0.0,0.0,0.0
23.094546421,0.0,0.0,0.0,0.0
23.112120008,0.0,0.0,0.0,0.0
23.114760973000003,0.0,0.0,0.0,0.0
23.132449663000003,0.0,0.0,0.0,0.0
23.135452812,0.0,0.0,0.0,0.0
23.15078793,0.0,0.0,0.0,0.0
23.152753589000003,0.0,0.0,0.0,0.0
23.171669612000002,0.0,0.0,0.0,0.0
23.173977924000003,0.0,0.0,0.0,0.0
23.191991038,0.0,0.0,0.0,0.0
23.194566274000003,0.0,0.0,0.0,0.0
23.212017466000002,0.0,0.0,0.0,0.0
23.214597859,0.0,0.0,0.0,0.0
23.232392017000002,0.0,0.0,0.0,0.0
23.236238023000002,0.0,0.0,0.0,0.0
23.250664243000003,0.0,0.0,0.0,0.0
23.252393967,0.0,0.0,0.0,0.0
23.27163608,0.0,0.0,0.0,0.0
23.273938923000003,0.0,0.0,0.0,0.0
23.292007089000002,0.0,0.0,0.0,0.0
23.294576023,0.0,0.0,0.0,0.0
23.311951643,0.0,0.0,0.0,0.0
23.314490838,0.0,0.0,0.0,0.0
23.331965728,0.0,0.0,0.0,0.0
23.334554715000003,0.0,0.0,0.0,0.0
23.352313039000002,0.0,0.0,0.0,0.0
23.355827955000002,0.0,0.0,0.0,0.0
23.370680629000002,0.0,0.0,0.0,0.0
23.372418478,0.0,0.0,0.0,0.0
23.391657206,0.0,0.0,0.0,0.0
23.393883747,0.0,0.0,0.0,0.0
23.412008319,0.0,0.0,0.0,0.0
23.414622878000003,0.0,0.0,0.0,0.0
23.431679386000003,0.0,0.0,0.0,0.0
23.433904105,0.0,0.0,0.0,0.0
23.451948,0.0,0.0,0.0,0.0
23.454480789,0.0,0.0,0.0,0.0
23.472352915000002,0.0,0.0,0.0,0.0
23.475993767000002,0.0,0.0,0.0,0.0
23.490676964000002,0.0,0.0,0.0,0.0
23.492427677000002,0.0,0.0,0.0,0.0
23.511647655,0.0,0.0,0.0,0.0
23.513875551,0.0,0.0,0.0,0.0
23.531989393,0.0,0.0,0.0,0.0
23.534545931,0.0,0.0,0.0,0.0
23.552103371,0.0,0.0,0.0,0.0
23.554923188,0.0,0.0,0.0,0.0
23.571164181,0.0,0.0,0.0,0.0
23.572970779000002,0.0,0.0,0.0,0.0
23.59086509,0.0,0.0,0.0,0.0
23.592597001,0.0,0.0,0.0,0.0
23.610960318,0.0,0.0,0.0,0.0
23.612793165000003,0.0,0.0,0.0,0.0
23.631137837,0.0,0.0,0.0,0.0
23.632924539,0.0,0.0,0.0,0.0
23.650978796,0.0,0.0,0.0,0.0
23.652862893,0.0,0.0,0.0,0.0
23.671018973000002,0.0,0.0,0.0,0.0
23.672939632000002,0.0,0.0,0.0,0.0
23.691032535,0.0,0.0,0.0,0.0
23.692711634000002,0.0,0.0,0.0,0.0
23.710985108000003,0.0,0.0,0.0,0.0
23.712834882000003,0.0,0.0,0.0,0.0
23.730997212000002,0.0,0.0,0.0,0.0
23.732773185000003,0.0,0.0,0.0,0.0
23.750960306000003,0.0,0.0,0.0,0.0
23.752698518000003,0.0,0.0,0.0,0.0
23.771031419,0.0,0.0,0.0,0.0
23.772914631000003,0.0,0.0,0.0,0.0
23.791019877,0.0,0.0,0.0,0.0
23.792898870000002,0.0,0.0,0.0,0.0
23.810989117000002,0.0,0.0,0.0,0.0
23.812713424000002,0.0,0.0,0.0,0.0
23.831050804,0.0,0.0,0.0,0.0
23.832876411,0.0,0.0,0.0,0.0
23.851260510000003,0.0,0.0,0.0,0.0
23.853136430000003,0.0,0.0,0.0,0.0
23.871025897000003,0.0,0.0,0.0,0.0
23.872833693,0.0,0.0,0.0,0.0
23.890990449,0.0,0.0,0.0,0.0
23.892775120000003,0.0,0.0,0.0,0.0
23.910943439,0.0,0.0,0.0,0.0
23.912840921,0.0,0.0,0.0,0.0
23.930956741000003,0.0,0.0,0.0,0.0
23.932668183,0.0,0.0,0.0,0.0
23.950994782000002,0.0,0.0,0.0,0.0
23.952796640000003,0.0,0.0,0.0,0.0
23.970936469,0.0,0.0,0.0,0.0
23.972861972,0.0,0.0,0.0,0.0
23.99090774,0.0,0.0,0.0,0.0
23.992690536,0.0,0.0,0.0,0.0
24.011029895,0.0,0.0,0.0,0.0
24.012905763000003,0.0,0.0,0.0,0.0
24.031331788000003,0.0,0.0,0.0,0.0
24.033111511,0.0,0.0,0.0,0.0
24.051164726000003,0.0,0.0,0.0,0.0
24.052996011,0.0,0.0,0.0,0.0
24.071124956000002,0.0,0.0,0.0,0.0
24.072882856000003,0.0,0.0,0.0,0.0
24.09101404,0.0,0.0,0.0,0.0
24.092848293000003,0.0,0.0,0.0,0.0
24.111210777,0.0,0.0,0.0,0.0
24.112956750000002,0.0,0.0,0.0,0.0
24.131006685000003,0.0,0.0,0.0,0.0
24.132925782,0.0,0.0,0.0,0.0
24.151294828,0.0,0.0,0.0,0.0
24.153072259,0.0,0.0,0.0,0.0
24.171145319,0.0,0.0,0.0,0.0
24.172903479000002,0.0,0.0,0.0,0.0
24.191049403,0.0,0.0,0.0,0.0
24.192939229,0.0,0.0,0.0,0.0
24.211145099000003,0.0,0.0,0.0,0.0
24.212910239000003,0.0,0.0,0.0,0.0
24.230946111,0.0,0.0,0.0,0.0
24.232798229,0.0,0.0,0.0,0.0
24.251231077,0.0,0.0,0.0,0.0
24.252946217,0.0,0.0,0.0,0.0
24.271045110000003,0.0,0.0,0.0,0.0
24.272921134,0.0,0.0,0.0,0.0
24.291027474,0.0,0.0,0.0,0.0
24.292930998000003,0.0,0.0,0.0,0.0
24.311226816,0.0,0.0,0.0,0.0
24.313025914,0.0,0.0,0.0,0.0
24.33124267,0.0,0.0,0.0,0.0
24.333056819000003,0.0,0.0,0.0,0.0
24.351009099000002,0.0,0.0,0.0,0.0
24.352866373,0.0,0.0,0.0,0.0
24.370956463000002,0.0,0.0,0.0,0.0
24.372796915000002,0.0,0.0,0.0,0.0
24.390988984,0.0,0.0,0.0,0.0
24.392856779000002,0.0,0.0,0.0,0.0
24.411242439000002,0.0,0.0,0.0,0.0
24.413063360000002,0.0,0.0,0.0,0.0
24.431028399000002,0.0,0.0,0.0,0.0
24.432858799,0.0,0.0,0.0,0.0
24.451107065000002,0.0,0.0,0.0,0.0
24.452834340000003,0.0,0.0,0.0,0.0
24.471146981,0.0,0.0,0.0,0.0
24.47291186,0.0,0.0,0.0,0.0
24.491123252,0.0,0.0,0.0,0.0
24.492905266,0.0,0.0,0.0,0.0
24.511145095,0.0,0.0,0.0,0.0
24.51295362,0.0,0.0,0.0,0.0
24.53097418,0.0,0.0,0.0,0.0
24.532859422,0.0,0.0,0.0,0.0
24.550908001,0.0,0.0,0.0,0.0
24.552597151,0.0,0.0,0.0,0.0
24.570948435000002,0.0,0.0,0.0,0.0
24.572797168,0.0,0.0,0.0,0.0
24.590982568,0.0,0.0,0.0,0.0
24.592821874000002,0.0,0.0,0.0,0.0
24.611003576,0.0,0.0,0.0,0.0
24.612812621,0.0,0.0,0.0,0.0
24.630905678,0.0,0.0,0.0,0.0
24.632513528,0.0,0.0,0.0,0.0
24.650879603,0.0,0.0,0.0,0.0
24.652635628000002,0.0,0.0,0.0,0.0
24.671008579000002,0.0,0.0,0.0,0.0
24.67283377,0.0,0.0,0.0,0.0
24.691163439,0.0,0.0,0.0,0.0
24.692897902000002,0.0,0.0,0.0,0.0
24.711011897000002,0.0,0.0,0.0,0.0
24.712915889,0.0,0.0,0.0,0.0
24.730985665000002,0.0,0.0,0.0,0.0
24.732813408000002,0.0,0.0,0.0,0.0
24.750889330000003,0.0,0.0,0.0,0.0
24.752589106000002,0.0,0.0,0.0,0.0
24.770908203,0.0,0.0,0.0,0.0
24.772689488,0.0,0.0,0.0,0.0
24.790933377,0.0,0.0,0.0,0.0
24.792716746,0.0,0.0,0.0,0.0
24.81100803,0.0,0.0,0.0,0.0
24.812838586,0.0,0.0,0.0,0.0
24.830973934000003,0.0,0.0,0.0,0.0
24.832871468,0.0,0.0,0.0,0.0
24.851030827000002,0.0,0.0,0.0,0.0
24.852920341,0.0,0.0,0.0,0.0
24.871005533,0.0,0.0,0.0,0.0
24.872850776,0.0,0.0,0.0,0.0
24.891029874,0.0,0.0,0.0,0.0
24.892980689,0.0,0.0,0.0,0.0
24.910959477000002,0.0,0.0,0.0,0.0
24.912766699000002,0.0,0.0,0.0,0.0
24.931029494,0.0,0.0,0.0,0.0
24.932875362,0.0,0.0,0.0,0.0
24.950950659,0.0,0.0,0.0,0.0
24.952723820000003,0.0,0.0,0.0,0.0
24.970938595,0.0,0.0,0.0,0.0
24.972803264000003,0.0,0.0,0.0,0.0
24.990995644,0.0,0.0,0.0,0.0
24.992844897,0.0,0.0,0.0,0.0
25.011020453,0.0,0.0,0.0,0.0
25.012818978000002,0.0,0.0,0.0,0.0
25.03102042,0.0,0.0,0.0,0.0
25.03282983,0.0,0.0,0.0,0.0
25.050974188,0.0,0.0,0.0,0.0
25.052842973,0.0,0.0,0.0,0.0
25.070910197,0.0,0.0,0.0,0.0
25.072746950000003,0.0,0.0,0.0,0.0
25.090936882,0.0,0.0,0.0,0.0
25.092876238000002,0.0,0.0,0.0,0.0
25.110871172000003,0.0,0.0,0.0,0.0
25.112536104,0.0,0.0,0.0,0.0
25.130920981000003,0.0,0.0,0.0,0.0
25.132701433,0.0,0.0,0.0,0.0
25.150978395000003,0.0,0.0,0.0,0.0
25.152788378,0.0,0.0,0.0,0.0
25.170975236,0.0,0.0,0.0,0.0
25.172880531,0.0,0.0,0.0,0.0
25.190956921,0.0,0.0,0.0,0.0
25.192840393,0.0,0.0,0.0,0.0
25.210959648000003,0.0,0.0,0.0,0.0
25.212814474,0.0,0.0,0.0,0.0
25.230949406,0.0,0.0,0.0,0.0
25.232734337,0.0,0.0,0.0,0.0
25.251046507,0.0,0.0,0.0,0.0
25.252866646,0.0,0.0,0.0,0.0
25.270988661,0.0,0.0,0.0,0.0
25.272838123000003,0.0,0.0,0.0,0.0
25.290985659,0.0,0.0,0.0,0.0
25.292851995000003,0.0,0.0,0.0,0.0
25.310981927,0.0,0.0,0.0,0.0
25.312816389,0.0,0.0,0.0,0.0
25.330950748000003,0.0,0.0,0.0,0.0
25.332697085000003,0.0,0.0,0.0,0.0
25.351004151,0.0,0.0,0.0,0.0
25.352806634,0.0,0.0,0.0,0.0
25.371155366,0.0,0.0,0.0,0.0
25.372930974000003,0.0,0.0,0.0,0.0
25.390990698000003,0.0,0.0,0.0,0.0
25.392792504000003,0.0,0.0,0.0,0.0
25.411129778000003,0.0,0.0,0.0,0.0
25.412936688000002,0.0,0.0,0.0,0.0
25.431012350000003,0.0,0.0,0.0,0.0
25.432927279,0.0,0.0,0.0,0.0
25.451036482000003,0.0,0.0,0.0,0.0
25.452861100000003,0.0,0.0,0.0,0.0
25.470973272000002,0.0,0.0,0.0,0.0
25.472879764,0.0,0.0,0.0,0.0
25.490967197000003,0.0,0.0,0.0,0.0
25.492770305,0.0,0.0,0.0,0.0
25.510985757,0.0,0.0,0.0,0.0
25.512859228,0.0,0.0,0.0,0.0
25.530923796000003,0.0,0.0,0.0,0.0
25.532844143000002,0.0,0.0,0.0,0.0
25.550980895000002,0.0,0.0,0.0,0.0
25.552821503,0.0,0.0,0.0,0.0
25.571169295,0.0,0.0,0.0,0.0
25.572936257000002,0.0,0.0,0.0,0.0
25.591049521000002,0.0,0.0,0.0,0.0
25.592964919,0.0,0.0,0.0,0.0
25.611022037,0.0,0.0,0.0,0.0
25.612905144000003,0.0,0.0,0.0,0.0
25.631048355,0.0,0.0,0.0,0.0
25.632907192,0.0,0.0,0.0,0.0
25.651051913,0.0,0.0,0.0,0.0
25.652894656,0.0,0.0,0.0,0.0
25.67102995,0.0,0.0,0.0,0.0
25.67292462,0.0,0.0,0.0,0.0
25.691004238,0.0,0.0,0.0,0.0
25.692897136000003,0.0,0.0,0.0,0.0
25.711041806,0.0,0.0,0.0,0.0
25.712899496000002,0.0,0.0,0.0,0.0
25.731168591000003,0.0,0.0,0.0,0.0
25.732986282000002,0.0,0.0,0.0,0.0
25.750999443,0.0,0.0,0.0,0.0
25.752863748000003,0.0,0.0,0.0,0.0
25.770933886,0.0,0.0,0.0,0.0
25.772717984000003,0.0,0.0,0.0,0.0
25.791266087,0.0,0.0,0.0,0.0
25.793057945,0.0,0.0,0.0,0.0
25.811227145,0.0,0.0,0.0,0.0
25.813048065,0.0,0.0,0.0,0.0
25.831053726,0.0,0.0,0.0,0.0
25.832812354,0.0,0.0,0.0,0.0
25.851161137000002,0.0,0.0,0.0,0.0
25.852922109,0.0,0.0,0.0,0.0
25.871231048000002,0.0,0.0,0.0,0.0
25.873004260000002,0.0,0.0,0.0,0.0
25.891365438,0.0,0.0,0.0,0.0
25.893048338000003,0.0,0.0,0.0,0.0
25.911011812,0.0,0.0,0.0,0.0
25.912828877000003,0.0,0.0,0.0,0.0
25.931210732,0.0,0.0,0.0,0.0
25.932986444,0.0,0.0,0.0,0.0
25.951150645000002,0.0,0.0,0.0,0.0
25.952923492,0.0,0.0,0.0,0.0
25.971046131,0.0,0.0,0.0,0.0
25.973045643000003,0.0,0.0,0.0,0.0
25.99119401,0.0,0.0,0.0,0.0
25.992957743,0.0,0.0,0.0,0.0
26.011244494000003,0.0,0.0,0.0,0.0
26.0130188,0.0,0.0,0.0,0.0
26.031034304000002,0.0,0.0,0.0,0.0
26.033031837000003,0.0,0.0,0.0,0.0
26.051030206,0.0,0.0,0.0,0.0
26.052853053000003,0.0,0.0,0.0,0.0
26.071037357,0.0,0.0,0.0,0.0
26.072909944000003,0.0,0.0,0.0,0.0
26.090974406,0.0,0.0,0.0,0.0
26.092879387,0.0,0.0,0.0,0.0
26.111184888,0.0,0.0,0.0,0.0
26.11297133,0.0,0.0,0.0,0.0
26.130995219000003,0.0,0.0,0.0,0.0
26.132869732000003,0.0,0.0,0.0,0.0
26.151029558,0.0,0.0,0.0,0.0
26.152884748,0.0,0.0,0.0,0.0
26.171010043000003,0.0,0.0,0.0,0.0
26.172830338,0.0,0.0,0.0,0.0
26.191026101000002,0.0,0.0,0.0,0.0
26.192925041000002,0.0,0.0,0.0,0.0
26.21126101,0.0,0.0,0.0,0.0
26.213026827,0.0,0.0,0.0,0.0
26.230950925000002,0.0,0.0,0.0,0.0
26.232909657,0.0,0.0,0.0,0.0
26.251041878000002,0.0,0.0,0.0,0.0
26.252875246000002,0.0,0.0,0.0,0.0
26.27096377,0.0,0.0,0.0,0.0
26.272757034,0.0,0.0,0.0,0.0
26.290908318000003,0.0,0.0,0.0,0.0
26.292726999000003,0.0,0.0,0.0,0.0
26.311119113,0.0,0.0,0.0,0.0
26.312900398,0.0,0.0,0.0,0.0
26.330886059,0.0,0.0,0.0,0.0
26.332809634,0.0,0.0,0.0,0.0
26.350949408,0.0,0.0,0.0,0.0
26.352818296000002,0.0,0.0,0.0,0.0
26.370967028000003,0.0,0.0,0.0,0.0
26.372826021,0.0,0.0,0.0,0.0
26.391129126000003,0.0,0.0,0.0,0.0
26.392871453,0.0,0.0,0.0,0.0
26.411112163000002,0.0,0.0,0.0,0.0
26.412776887000003,0.0,0.0,0.0,0.0
26.430938223000002,0.0,0.0,0.0,0.0
26.432875444,0.0,0.0,0.0,0.0
26.450815219000003,0.0,0.0,0.0,0.0
26.452463329,0.0,0.0,0.0,0.0
26.470822735000002,0.0,0.0,0.0,0.0
26.472374596,0.0,0.0,0.0,0.0
26.490972594000002,0.0,0.0,0.0,0.0
26.492823201,0.0,0.0,0.0,0.0
26.510877507,0.0,0.0,0.0,0.0
26.512619834000002,0.0,0.0,0.0,0.0
26.531042886,0.0,0.0,0.0,0.0
26.532847504000003,0.0,0.0,0.0,0.0
26.550957068000002,0.0,0.0,0.0,0.0
26.552756581,0.0,0.0,0.0,0.0
26.571017289,0.0,0.0,0.0,0.0
26.572749616000003,0.0,0.0,0.0,0.0
26.591012772000003,0.0,0.0,0.0,0.0
26.592825046,0.0,0.0,0.0,0.0
26.611239711000003,0.0,0.0,0.0,0.0
26.617580014,0.0,0.0,0.0,0.0
26.620225093000002,0.0,0.0,0.0,0.0
26.631251808000002,0.0,0.0,0.0,0.0
26.651161146000003,0.0,0.0,0.0,0.0
26.652940400000002,0.0,0.0,0.0,0.0
26.670997256000003,0.0,0.0,0.0,0.0
26.672754478,0.0,0.0,0.0,0.0
26.691513410000002,0.0,0.0,0.0,0.0
26.693599015,0.0,0.0,0.0,0.0
26.711181292000003,0.0,0.0,0.0,0.0
26.712925494,0.0,0.0,0.0,0.0
26.730977871,0.0,0.0,0.0,0.0
26.732820457000003,0.0,0.0,0.0,0.0
26.751018249,0.0,0.0,0.0,0.0
26.753012813,0.0,0.0,0.0,0.0
26.770983211,0.0,0.0,0.0,0.0
26.772910276,0.0,0.0,0.0,0.0
26.791019475000002,0.0,0.0,0.0,0.0
26.792870759000003,0.0,0.0,0.0,0.0
26.811036364000003,0.0,0.0,0.0,0.0
26.812918898000003,0.0,0.0,0.0,0.0
26.831137575000003,0.0,0.0,0.0,0.0
26.832905943,0.0,0.0,0.0,0.0
26.851340451000002,0.0,0.0,0.0,0.0
26.853603034000002,0.0,0.0,0.0,0.0
26.871664212000002,0.0,0.0,0.0,0.0
26.874025491,0.0,0.0,0.0,0.0
26.893035203,0.0,0.0,0.0,0.0
26.896433190000003,0.0,0.0,0.0,0.0
26.899859199,0.0,0.0,0.0,0.0
26.911325077,0.0,0.0,0.0,0.0
26.932971950000002,0.0,0.0,0.0,0.0
26.936484728,0.0,0.0,0.0,0.0
26.950694226000003,0.0,0.0,0.0,0.0
26.952411865000002,0.0,0.0,0.0,0.0
26.971958759000003,0.0,0.0,0.0,0.0
26.974488317000002,0.0,0.0,0.0,0.0
26.992520642000002,0.0,0.0,0.0,0.0
26.995901599000003,0.0,0.0,0.0,0.0
27.010698122,0.0,0.0,0.0,0.0
27.012441699,0.0,0.0,0.0,0.0
27.031525055000003,0.0,0.0,0.0,0.0
27.033559671000003,0.0,0.0,0.0,0.0
27.052508653,0.0,0.0,0.0,0.0
27.055477218,0.0,0.0,0.0,0.0
27.072243982000003,0.0,0.0,0.0,0.0
27.075182027,0.0,0.0,0.0,0.0
27.09197353,0.0,0.0,0.0,0.0
27.094852929,0.0,0.0,0.0,0.0
27.112393644,0.0,0.0,0.0,0.0
27.116143972000003,0.0,0.0,0.0,0.0
27.119847947,0.0,0.0,0.0,0.0
27.130674821000003,0.0,0.0,0.0,0.0
27.151719825,0.0,0.0,0.0,0.0
27.154075687000002,0.0,0.0,0.0,0.0
27.172031450000002,0.0,0.0,0.0,0.0
27.174576113,0.0,0.0,0.0,0.0
27.192748645,0.0,0.0,0.0,0.0
27.196202205000002,0.0,0.0,0.0,0.0
27.211684971,0.0,0.0,0.0,0.0
27.214211145,0.0,0.0,0.0,0.0
27.230822337000003,0.0,0.0,0.0,0.0
27.232815964,0.0,0.0,0.0,0.0
27.251673333000003,0.0,0.0,0.0,0.0
27.253936644000003,0.0,0.0,0.0,0.0
27.273060156000003,0.0,0.0,0.0,0.0
27.276720954,0.0,0.0,0.0,0.0
27.280276076000003,0.0,0.0,0.0,0.0
27.291285083000002,0.0,0.0,0.0,0.0
27.311823946,0.0,0.0,0.0,0.0
27.314754439,0.0,0.0,0.0,0.0
27.331610317000003,0.0,0.0,0.0,0.0
27.333804983,0.0,0.0,0.0,0.0
27.351637726000003,0.0,0.0,0.0,0.0
27.353762549000002,0.0,0.0,0.0,0.0
27.371285296,0.0,0.0,0.0,0.0
27.373175121000003,0.0,0.0,0.0,0.0
27.391251716000003,0.0,0.0,0.0,0.0
27.393129459,0.0,0.0,0.0,0.0
27.411188502,0.0,0.0,0.0,0.0
27.412955933000003,0.0,0.0,0.0,0.0
27.431271067,0.0,0.0,0.0,0.0
27.433134747,0.0,0.0,0.0,0.0
27.451452850000003,0.0,0.0,0.0,0.0
27.453287207000002,0.0,0.0,0.0,0.0
27.471213804,0.0,0.0,0.0,0.0
27.473043578000002,0.0,0.0,0.0,0.0
27.491194131,0.0,0.0,0.0,0.0
27.492952082000002,0.0,0.0,0.0,0.0
27.511250498000003,0.0,0.0,0.0,0.0
27.513066835,0.0,0.0,0.0,0.0
27.531341501,0.0,0.0,0.0,0.0
27.533251170000003,0.0,0.0,0.0,0.0
27.551241097000002,0.0,0.0,0.0,0.0
27.553015142000003,0.0,0.0,0.0,0.0
27.57144892,0.0,0.0,0.0,0.0
27.573296818000003,0.0,0.0,0.0,0.0
27.591159976,0.0,0.0,0.0,0.0
27.593008864,0.0,0.0,0.0,0.0
27.611149623000003,0.0,0.0,0.0,0.0
27.612981480000002,0.0,0.0,0.0,0.0
27.631225572,0.0,0.0,0.0,0.0
27.63300993,0.0,0.0,0.0,0.0
27.651258344000002,0.0,0.0,0.0,0.0
27.653033066000003,0.0,0.0,0.0,0.0
27.671348407,0.0,0.0,0.0,0.0
27.67323667,0.0,0.0,0.0,0.0
27.692003621,0.0,0.0,0.0,0.0
27.694891092000002,0.0,0.0,0.0,0.0
27.710743489000002,0.0,0.0,0.0,0.0
27.713665908000003,0.0,0.0,0.0,0.0
27.731211829000003,0.0,0.0,0.0,0.0
27.733153685,0.0,0.0,0.0,0.0
27.752564120000002,0.0,0.0,0.0,0.0
27.755527632000003,0.0,0.0,0.0,0.0
27.770962168,0.0,0.0,0.0,0.0
27.774215938,0.0,0.0,0.0,0.0
27.791309625,0.0,0.0,0.0,0.0
27.793152158,0.0,0.0,0.0,0.0
27.810935578000002,0.0,0.0,0.0,0.0
27.812549208,0.0,0.0,0.0,0.0
27.833187338000002,0.0,0.0,0.0,0.0
27.836607305,0.0,0.0,0.0,0.0
27.839198737,0.0,0.0,0.0,0.0
27.851581949000003,0.0,0.0,0.0,0.0
27.872007998,0.0,0.0,0.0,0.0
27.874604692000002,0.0,0.0,0.0,0.0
27.892449152,0.0,0.0,0.0,0.0
27.895863337,0.0,0.0,0.0,0.0
27.911890367,0.0,0.0,0.0,0.0
27.914795391000002,0.0,0.0,0.0,0.0
27.930735026,0.0,0.0,0.0,0.0
27.933674684000003,0.0,0.0,0.0,0.0
27.951022222000002,0.0,0.0,0.0,0.0
27.953763341000002,0.0,0.0,0.0,0.0
27.971229888000003,0.0,0.0,0.0,0.0
27.973125391000004,0.0,0.0,0.0,0.0
27.992463742,0.0,0.0,0.0,0.0
27.995480223,0.0,0.0,0.0,0.0
28.010869291000002,0.0,0.0,0.0,0.0
28.013810564000003,0.0,0.0,0.0,0.0
28.030968572000003,0.0,0.0,0.0,0.0
28.033410996,0.0,0.0,0.0,0.0
28.051451184,0.0,0.0,0.0,0.0
28.053498195000003,0.0,0.0,0.0,0.0
28.072519987000003,0.0,0.0,0.0,0.0
28.075459177000003,0.0,0.0,0.0,0.0
28.092223439,0.0,0.0,0.0,0.0
28.095140442,0.0,0.0,0.0,0.0
28.111684134,0.0,0.0,0.0,0.0
28.115117277000003,0.0,0.0,0.0,0.0
28.131395294,0.0,0.0,0.0,0.0
28.134359900000003,0.0,0.0,0.0,0.0
28.150933644000002,0.0,0.0,0.0,0.0
28.154066894000003,0.0,0.0,0.0,0.0
28.171019072,0.0,0.0,0.0,0.0
28.173830711,0.0,0.0,0.0,0.0
28.19119028,0.0,0.0,0.0,0.0
28.193097605000002,0.0,0.0,0.0,0.0
28.2126321,0.0,0.0,0.0,0.0
28.215642592000002,0.0,0.0,0.0,0.0
28.23206717,0.0,0.0,0.0,0.0
28.234629801,0.0,0.0,0.0,0.0
28.252421657000003,0.0,0.0,0.0,0.0
28.255875894000003,0.0,0.0,0.0,0.0
28.270726269,0.0,0.0,0.0,0.0
28.273076194,0.0,0.0,0.0,0.0
28.291338671000002,0.0,0.0,0.0,0.0
28.294026353000003,0.0,0.0,0.0,0.0
28.311529566,0.0,0.0,0.0,0.0
28.313587775000002,0.0,0.0,0.0,0.0
28.332508787000002,0.0,0.0,0.0,0.0
28.335486258000003,0.0,0.0,0.0,0.0
28.352101407000003,0.0,0.0,0.0,0.0
28.354974817000002,0.0,0.0,0.0,0.0
28.370932941000003,0.0,0.0,0.0,0.0
28.373930776,0.0,0.0,0.0,0.0
28.390922849000003,0.0,0.0,0.0,0.0
28.393919799000003,0.0,0.0,0.0,0.0
28.410976246,0.0,0.0,0.0,0.0
28.413294765000003,0.0,0.0,0.0,0.0
28.431358337000002,0.0,0.0,0.0,0.0
28.433772793000003,0.0,0.0,0.0,0.0
28.451690898000003,0.0,0.0,0.0,0.0
28.453932959000003,0.0,0.0,0.0,0.0
28.473050636000004,0.0,0.0,0.0,0.0
28.476471957,0.0,0.0,0.0,0.0
28.480307492,0.0,0.0,0.0,0.0
28.490864732000002,0.0,0.0,0.0,0.0
28.511722912000003,0.0,0.0,0.0,0.0
28.514636477000003,0.0,0.0,0.0,0.0
28.531006212,0.0,0.0,0.0,0.0
28.534010714,0.0,0.0,0.0,0.0
28.55099742,0.0,0.0,0.0,0.0
28.554050411000002,0.0,0.0,0.0,0.0
28.570973472000002,0.0,0.0,0.0,0.0
28.573370167,0.0,0.0,0.0,0.0
28.591443216000002,0.0,0.0,0.0,0.0
28.593492571000002,0.0,0.0,0.0,0.0
28.612508945000002,0.0,0.0,0.0,0.0
28.615447718000002,0.0,0.0,0.0,0.0
28.632054219,0.0,0.0,0.0,0.0
28.634602215,0.0,0.0,0.0,0.0
28.652432246,0.0,0.0,0.0,0.0
28.655868306000002,0.0,0.0,0.0,0.0
28.670695086000002,0.0,0.0,0.0,0.0
28.673373549,0.0,0.0,0.0,0.0
28.691356547,0.0,0.0,0.0,0.0
28.694321830000003,0.0,0.0,0.0,0.0
28.71087453,0.0,0.0,0.0,0.0
28.713476744,0.0,0.0,0.0,0.0
28.731452712000003,0.0,0.0,0.0,0.0
28.733976176000002,0.0,0.0,0.0,0.0
28.751452513,0.0,0.0,0.0,0.0
28.753512649,0.0,0.0,0.0,0.0
28.772445898,0.0,0.0,0.0,0.0
28.775439254000002,0.0,0.0,0.0,0.0
28.790872642,0.0,0.0,0.0,0.0
28.793943914000003,0.0,0.0,0.0,0.0
28.811043327,0.0,0.0,0.0,0.0
28.814112724,0.0,0.0,0.0,0.0
28.830843912000002,0.0,0.0,0.0,0.0
28.833953204,0.0,0.0,0.0,0.0
28.850990431000003,0.0,0.0,0.0,0.0
28.853305824000003,0.0,0.0,0.0,0.0
28.871169293,0.0,0.0,0.0,0.0
28.873071097,0.0,0.0,0.0,0.0
28.892529133,0.0,0.0,0.0,0.0
28.895493114,0.0,0.0,0.0,0.0
28.91084744,0.0,0.0,0.0,0.0
28.913806526000002,0.0,0.0,0.0,0.0
28.930981928,0.0,0.0,0.0,0.0
28.933790754,0.0,0.0,0.0,0.0
28.950964855000002,0.0,0.0,0.0,0.0
28.953386393000002,0.0,0.0,0.0,0.0
28.971652514000002,0.0,0.0,0.0,0.0
28.973926918,0.0,0.0,0.0,0.0
28.992480171,0.0,0.0,0.0,0.0
28.995973626,0.0,0.0,0.0,0.0
29.010690980000003,0.0,0.0,0.0,0.0
29.013184601000003,0.0,0.0,0.0,0.0
29.031279578000003,0.0,0.0,0.0,0.0
29.034255225000003,0.0,0.0,0.0,0.0
29.050974643000004,0.0,0.0,0.0,0.0
29.054033935000003,0.0,0.0,0.0,0.0
29.070962934,0.0,0.0,0.0,0.0
29.073224213000003,0.0,0.0,0.0,0.0
29.091521011,0.0,0.0,0.0,0.0
29.093607657000003,0.0,0.0,0.0,0.0
29.112464813000003,0.0,0.0,0.0,0.0
29.115428065000003,0.0,0.0,0.0,0.0
29.131965349,0.0,0.0,0.0,0.0
29.134492459,0.0,0.0,0.0,0.0
29.152440562000002,0.0,0.0,0.0,0.0
29.155898757000003,0.0,0.0,0.0,0.0
29.159860645000002,0.0,0.0,0.0,0.0
29.170662985000003,0.0,0.0,0.0,0.0
29.191819650000003,0.0,0.0,0.0,0.0
29.19476535,0.0,0.0,0.0,0.0
29.210926804000003,0.0,0.0,0.0,0.0
29.213370478,0.0,0.0,0.0,0.0
29.231348008,0.0,0.0,0.0,0.0
29.233816681,0.0,0.0,0.0,0.0
29.251438641000004,0.0,0.0,0.0,0.0
29.253524871000003,0.0,0.0,0.0,0.0
29.272453902000002,0.0,0.0,0.0,0.0
29.275449341,0.0,0.0,0.0,0.0
29.291130904000003,0.0,0.0,0.0,0.0
29.294051968,0.0,0.0,0.0,0.0
29.310976696,0.0,0.0,0.0,0.0
29.313407297,0.0,0.0,0.0,0.0
29.331685345,0.0,0.0,0.0,0.0
29.333757407,0.0,0.0,0.0,0.0
29.352271234000003,0.0,0.0,0.0,0.0
29.354793813,0.0,0.0,0.0,0.0
29.372400669,0.0,0.0,0.0,0.0
29.375945165,0.0,0.0,0.0,0.0
29.390733873000002,0.0,0.0,0.0,0.0
29.39299635,0.0,0.0,0.0,0.0
29.411243044000003,0.0,0.0,0.0,0.0
29.414144109000002,0.0,0.0,0.0,0.0
29.430978161000002,0.0,0.0,0.0,0.0
29.433817664000003,0.0,0.0,0.0,0.0
29.450970618000003,0.0,0.0,0.0,0.0
29.453752309000002,0.0,0.0,0.0,0.0
29.471000940000003,0.0,0.0,0.0,0.0
29.473750600000002,0.0,0.0,0.0,0.0
29.490992252,0.0,0.0,0.0,0.0
29.493276032,0.0,0.0,0.0,0.0
29.511236322000002,0.0,0.0,0.0,0.0
29.514078794000003,0.0,0.0,0.0,0.0
29.530980449,0.0,0.0,0.0,0.0
29.533463757000003,0.0,0.0,0.0,0.0
29.551246652000003,0.0,0.0,0.0,0.0
29.553775689000002,0.0,0.0,0.0,0.0
29.57119192,0.0,0.0,0.0,0.0
29.573680072000002,0.0,0.0,0.0,0.0
29.591200938000004,0.0,0.0,0.0,0.0
29.593719611,0.0,0.0,0.0,0.0
29.611216466000002,0.0,0.0,0.0,0.0
29.613636546000002,0.0,0.0,0.0,0.0
29.631225016000002,0.0,0.0,0.0,0.0
29.633744626000002,0.0,0.0,0.0,0.0
29.651213148,0.0,0.0,0.0,0.0
29.653671196,0.0,0.0,0.0,0.0
29.671262843,0.0,0.0,0.0,0.0
29.673821567,0.0,0.0,0.0,0.0
29.691239517000003,0.0,0.0,0.0,0.0
29.693661993000003,0.0,0.0,0.0,0.0
29.711226765000003,0.0,0.0,0.0,0.0
29.713683042000003,0.0,0.0,0.0,0.0
29.731241668000003,0.0,0.0,0.0,0.0
29.733709091,0.0,0.0,0.0,0.0
29.751415267000002,0.0,0.0,0.0,0.0
29.753951388,0.0,0.0,0.0,0.0
29.770992727000003,0.0,0.0,0.0,0.0
29.773329214,0.0,0.0,0.0,0.0
29.791220805000002,0.0,0.0,0.0,0.0
29.793611771000002,0.0,0.0,0.0,0.0
29.811350291,0.0,0.0,0.0,0.0
29.813834589000002,0.0,0.0,0.0,0.0
29.831379465,0.0,0.0,0.0,0.0
29.833701889,0.0,0.0,0.0,0.0
29.851610460000003,0.0,0.0,0.0,0.0
29.853805125,0.0,0.0,0.0,0.0
29.871805934,0.0,0.0,0.0,0.0
29.874069193,0.0,0.0,0.0,0.0
29.892042137,0.0,0.0,0.0,0.0
29.894598361000003,0.0,0.0,0.0,0.0
29.912055270000003,0.0,0.0,0.0,0.0
29.914955865000003,0.0,0.0,0.0,0.0
29.931446585000003,0.0,0.0,0.0,0.0
29.934342598,0.0,0.0,0.0,0.0
29.951193158000002,0.0,0.0,0.0,0.0
29.953747455000002,0.0,0.0,0.0,0.0
29.971212645,0.0,0.0,0.0,0.0
29.973593246000004,0.0,0.0,0.0,0.0
29.991198954,0.0,0.0,0.0,0.0
29.993575024000002,0.0,0.0,0.0,0.0
30.011396668000003,0.0,0.0,0.0,0.0
30.013880081000003,0.0,0.0,0.0,0.0
30.031197095000003,0.0,0.0,0.0,0.0
30.033132075,0.0,0.0,0.0,0.0
30.052530214,0.0,0.0,0.0,0.0
30.055472424,0.0,0.0,0.0,0.0
30.072012414000003,0.0,0.0,0.0,0.0
30.074563013000002,0.0,0.0,0.0,0.0
30.092311273000004,0.0,0.0,0.0,0.0
30.095300514,0.0,0.0,0.0,0.0
30.110689682,0.0,0.0,0.0,0.0
30.112303989,0.0,0.0,0.0,0.0
30.131514681000002,0.0,0.0,0.0,0.0
30.133967157,0.0,0.0,0.0,0.0
30.151214692000003,0.0,0.0,0.0,0.0
30.153476388,0.0,0.0,0.0,0.0
30.171592456000003,0.0,0.0,0.0,0.0
30.173990557000003,0.0,0.0,0.0,0.0
30.191376008000002,0.0,0.0,0.0,0.0
30.193379269,0.0,0.0,0.0,0.0
30.211557315,0.0,0.0,0.0,0.0
30.213750887000003,0.0,0.0,0.0,0.0
30.231936121,0.0,0.0,0.0,0.0
30.234040058,0.0,0.0,0.0,0.0
30.251890608000004,0.0,0.0,0.0,0.0
30.254170846,0.0,0.0,0.0,0.0
30.273162062,0.0,0.0,0.0,0.0
30.277046293,0.0,0.0,0.0,0.0
30.280801308,0.0,0.0,0.0,0.0
30.290740583,0.0,0.0,0.0,0.0
30.312272502000003,0.0,0.0,0.0,0.0
30.314601854000003,0.0,0.0,0.0,0.0
30.331206687,0.0,0.0,0.0,0.0
30.333445988,0.0,0.0,0.0,0.0
30.351306590000004,0.0,0.0,0.0,0.0
30.353271987000003,0.0,0.0,0.0,0.0
30.371776749000002,0.0,0.0,0.0,0.0
30.374093496,0.0,0.0,0.0,0.0
30.392025921000002,0.0,0.0,0.0,0.0
30.394593239000002,0.0,0.0,0.0,0.0
30.412284988000003,0.0,0.0,0.0,0.0
30.414881681,0.0,0.0,0.0,0.0
30.432498014000004,0.0,0.0,0.0,0.0
30.436039958000002,0.0,0.0,0.0,0.0
30.450673457,0.0,0.0,0.0,0.0
30.452492189,0.0,0.0,0.0,0.0
30.471460644,0.0,0.0,0.0,0.0
30.473676507,0.0,0.0,0.0,0.0
30.491407788000004,0.0,0.0,0.0,0.0
30.493562662000002,0.0,0.0,0.0,0.0
30.511644720000003,0.0,0.0,0.0,0.0
30.513736105000003,0.0,0.0,0.0,0.0
30.532533885000003,0.0,0.0,0.0,0.0
30.535554271000002,0.0,0.0,0.0,0.0
30.551050989,0.0,0.0,0.0,0.0
30.553277060000003,0.0,0.0,0.0,0.0
30.571448126000003,0.0,0.0,0.0,0.0
30.573842997000003,0.0,0.0,0.0,0.0
30.591261779000003,0.0,0.0,0.0,0.0
30.593910502000004,0.0,0.0,0.0,0.0
30.611224493,0.0,0.0,0.0,0.0
30.613349524,0.0,0.0,0.0,0.0
30.631438298000003,0.0,0.0,0.0,0.0
30.633562704000003,0.0,0.0,0.0,0.0
30.652024704000002,0.0,0.0,0.0,0.0
30.654615563000004,0.0,0.0,0.0,0.0
30.672663297000003,0.0,0.0,0.0,0.0
30.675701704,0.0,0.0,0.0,0.0
30.692529606,0.0,0.0,0.0,0.0
30.695470878000002,0.0,0.0,0.0,0.0
30.712001387,0.0,0.0,0.0,0.0
30.714973805000003,0.0,0.0,0.0,0.0
30.730723281000003,0.0,0.0,0.0,0.0
30.732536856000003,0.0,0.0,0.0,0.0
30.75141354,0.0,0.0,0.0,0.0
30.753771641,0.0,0.0,0.0,0.0
30.771432868,0.0,0.0,0.0,0.0
30.773564148000002,0.0,0.0,0.0,0.0
30.791671569000002,0.0,0.0,0.0,0.0
30.793993368000002,0.0,0.0,0.0,0.0
30.812065424000004,0.0,0.0,0.0,0.0
30.814629565,0.0,0.0,0.0,0.0
30.832028451000003,0.0,0.0,0.0,0.0
30.835008108,0.0,0.0,0.0,0.0
30.850867583000003,0.0,0.0,0.0,0.0
30.852957666000002,0.0,0.0,0.0,0.0
30.871562217,0.0,0.0,0.0,0.0
30.873760840000003,0.0,0.0,0.0,0.0
30.891409932000002,0.0,0.0,0.0,0.0
30.893520640000002,0.0,0.0,0.0,0.0
30.911711341,0.0,0.0,0.0,0.0
30.914067202000002,0.0,0.0,0.0,0.0
30.932025718000002,0.0,0.0,0.0,0.0
30.934646681,0.0,0.0,0.0,0.0
30.952038848,0.0,0.0,0.0,0.0
30.954620905000002,0.0,0.0,0.0,0.0
30.972504578000002,0.0,0.0,0.0,0.0
30.975508506,0.0,0.0,0.0,0.0
30.990827361,0.0,0.0,0.0,0.0
30.992905673000003,0.0,0.0,0.0,0.0
31.011426683000003,0.0,0.0,0.0,0.0
31.013568485,0.0,0.0,0.0,0.0
31.031424345,0.0,0.0,0.0,0.0
31.033579479000004,0.0,0.0,0.0,0.0
31.051433517000003,0.0,0.0,0.0,0.0
31.053563079000003,0.0,0.0,0.0,0.0
31.071409564000003,0.0,0.0,0.0,0.0
31.073536366000003,0.0,0.0,0.0,0.0
31.091428580000002,0.0,0.0,0.0,0.0
31.093607464,0.0,0.0,0.0,0.0
31.111525668000002,0.0,0.0,0.0,0.0
31.113733250000003,0.0,0.0,0.0,0.0
31.131411716000002,0.0,0.0,0.0,0.0
31.133578205000003,0.0,0.0,0.0,0.0
31.152016507000003,0.0,0.0,0.0,0.0
31.154633147000002,0.0,0.0,0.0,0.0
31.172492393000002,0.0,0.0,0.0,0.0
31.175527987000002,0.0,0.0,0.0,0.0
31.190843301,0.0,0.0,0.0,0.0
31.192929478000003,0.0,0.0,0.0,0.0
31.211526737000003,0.0,0.0,0.0,0.0
31.21365833,0.0,0.0,0.0,0.0
31.231442212,0.0,0.0,0.0,0.0
31.233560055,0.0,0.0,0.0,0.0
31.251630913000003,0.0,0.0,0.0,0.0
31.253970837,0.0,0.0,0.0,0.0
31.272417525,0.0,0.0,0.0,0.0
31.275752648,0.0,0.0,0.0,0.0
31.292216752,0.0,0.0,0.0,0.0
31.294834694000002,0.0,0.0,0.0,0.0
31.311252756000002,0.0,0.0,0.0,0.0
31.313084665,0.0,0.0,0.0,0.0
31.331403594,0.0,0.0,0.0,0.0
31.333530343000003,0.0,0.0,0.0,0.0
31.351668024000002,0.0,0.0,0.0,0.0
31.354027322,0.0,0.0,0.0,0.0
31.372099535,0.0,0.0,0.0,0.0
31.374706019,0.0,0.0,0.0,0.0
31.392472401000003,0.0,0.0,0.0,0.0
31.396150124000002,0.0,0.0,0.0,0.0
31.410713154000003,0.0,0.0,0.0,0.0
31.412504594,0.0,0.0,0.0,0.0
31.431649139,0.0,0.0,0.0,0.0
31.433979168,0.0,0.0,0.0,0.0
31.451359564,0.0,0.0,0.0,0.0
31.453475116000003,0.0,0.0,0.0,0.0
31.471666337000002,0.0,0.0,0.0,0.0
31.473967408000004,0.0,0.0,0.0,0.0
31.491864362,0.0,0.0,0.0,0.0
31.494147464,0.0,0.0,0.0,0.0
31.512034574,0.0,0.0,0.0,0.0
31.514643037000003,0.0,0.0,0.0,0.0
31.532375774000002,0.0,0.0,0.0,0.0
31.535943237,0.0,0.0,0.0,0.0
31.550680117000002,0.0,0.0,0.0,0.0
31.552502182,0.0,0.0,0.0,0.0
31.571639017000003,0.0,0.0,0.0,0.0
31.573967847000002,0.0,0.0,0.0,0.0
31.591421991,0.0,0.0,0.0,0.0
31.593558949000002,0.0,0.0,0.0,0.0
31.611669232,0.0,0.0,0.0,0.0
31.613963844,0.0,0.0,0.0,0.0
31.631412154000003,0.0,0.0,0.0,0.0
31.633516195000002,0.0,0.0,0.0,0.0
31.651650593000003,0.0,0.0,0.0,0.0
31.654014006,0.0,0.0,0.0,0.0
31.671668356,0.0,0.0,0.0,0.0
31.673762762000003,0.0,0.0,0.0,0.0
31.692072782,0.0,0.0,0.0,0.0
31.694720307,0.0,0.0,0.0,0.0
31.712443042,0.0,0.0,0.0,0.0
31.716006183,0.0,0.0,0.0,0.0
31.730703428,0.0,0.0,0.0,0.0
31.732446848000002,0.0,0.0,0.0,0.0
31.751659984000003,0.0,0.0,0.0,0.0
31.753970481000003,0.0,0.0,0.0,0.0
31.77148426,0.0,0.0,0.0,0.0
31.773593197,0.0,0.0,0.0,0.0
31.791618220000004,0.0,0.0,0.0,0.0
31.793908301000002,0.0,0.0,0.0,0.0
31.812322383,0.0,0.0,0.0,0.0
31.814679703000003,0.0,0.0,0.0,0.0
31.831830985000003,0.0,0.0,0.0,0.0
31.834492677000004,0.0,0.0,0.0,0.0
31.852173641,0.0,0.0,0.0,0.0
31.854746219000003,0.0,0.0,0.0,0.0
31.872170728,0.0,0.0,0.0,0.0
31.875189812000002,0.0,0.0,0.0,0.0
31.890655903000003,0.0,0.0,0.0,0.0
31.892410469,0.0,0.0,0.0,0.0
31.911733135000002,0.0,0.0,0.0,0.0
31.914291494,0.0,0.0,0.0,0.0
31.931549651,0.0,0.0,0.0,0.0
31.933632598000003,0.0,0.0,0.0,0.0
31.952034597,0.0,0.0,0.0,0.0
31.954633997000002,0.0,0.0,0.0,0.0
31.972040329000002,0.0,0.0,0.0,0.0
31.974714000000002,0.0,0.0,0.0,0.0
31.992376996,0.0,0.0,0.0,0.0
31.995961803000004,0.0,0.0,0.0,0.0
32.011478467,0.0,0.0,0.0,0.0
32.014128492000005,0.0,0.0,0.0,0.0
32.031296805000004,0.0,0.0,0.0,0.0
32.033200640000004,0.0,0.0,0.0,0.0
32.052044249000005,0.0,0.0,0.0,0.0
32.054647503000005,0.0,0.0,0.0,0.0
32.071680037,0.0,0.0,0.0,0.0
32.073913191,0.0,0.0,0.0,0.0
32.092400085,0.0,0.0,0.0,0.0
32.095445471000005,0.0,0.0,0.0,0.0
32.110814324,0.0,0.0,0.0,0.0
32.112826386,0.0,0.0,0.0,0.0
32.131583121,0.0,0.0,0.0,0.0
32.133673673000004,0.0,0.0,0.0,0.0
32.151699738000005,0.0,0.0,0.0,0.0
32.154021954,0.0,0.0,0.0,0.0
32.171669689000005,0.0,0.0,0.0,0.0
32.174011488000005,0.0,0.0,0.0,0.0
32.191667297,0.0,0.0,0.0,0.0
32.194005606000005,0.0,0.0,0.0,0.0
32.211780997000005,0.0,0.0,0.0,0.0
32.214081546,0.0,0.0,0.0,0.0
32.232102247,0.0,0.0,0.0,0.0
32.23466545,0.0,0.0,0.0,0.0
32.252357144,0.0,0.0,0.0,0.0
32.255883774000004,0.0,0.0,0.0,0.0
32.271741111000004,0.0,0.0,0.0,0.0
32.274329158,0.0,0.0,0.0,0.0
32.290825083,0.0,0.0,0.0,0.0
32.292831468,0.0,0.0,0.0,0.0
32.311441642000005,0.0,0.0,0.0,0.0
32.313499642000004,0.0,0.0,0.0,0.0
32.332034921,0.0,0.0,0.0,0.0
32.334673852,0.0,0.0,0.0,0.0
32.351676021,0.0,0.0,0.0,0.0
32.353989748000004,0.0,0.0,0.0,0.0
32.372194665,0.0,0.0,0.0,0.0
32.374791982000005,0.0,0.0,0.0,0.0
32.3925718,0.0,0.0,0.0,0.0
32.395728643000005,0.0,0.0,0.0,0.0
32.410816717,0.0,0.0,0.0,0.0
32.412795655000004,0.0,0.0,0.0,0.0
32.431668222,0.0,0.0,0.0,0.0
32.434015802000005,0.0,0.0,0.0,0.0
32.451674996,0.0,0.0,0.0,0.0
32.453975181000004,0.0,0.0,0.0,0.0
32.471982340000004,0.0,0.0,0.0,0.0
32.474557783,0.0,0.0,0.0,0.0
32.492456505,0.0,0.0,0.0,0.0
32.495474808000004,0.0,0.0,0.0,0.0
32.510810901,0.0,0.0,0.0,0.0
32.512823901000004,0.0,0.0,0.0,0.0
32.531673239,0.0,0.0,0.0,0.0
32.533978736,0.0,0.0,0.0,0.0
32.55200433,0.0,0.0,0.0,0.0
32.554623886,0.0,0.0,0.0,0.0
32.572026675000004,0.0,0.0,0.0,0.0
32.574623888000005,0.0,0.0,0.0,0.0
32.592415891,0.0,0.0,0.0,0.0
32.595425495,0.0,0.0,0.0,0.0
32.610829294000006,0.0,0.0,0.0,0.0
32.612843596000005,0.0,0.0,0.0,0.0
32.631617308,0.0,0.0,0.0,0.0
32.633704630000004,0.0,0.0,0.0,0.0
32.652032096,0.0,0.0,0.0,0.0
32.654598684,0.0,0.0,0.0,0.0
32.67204366,0.0,0.0,0.0,0.0
32.674648321,0.0,0.0,0.0,0.0
32.692455949,0.0,0.0,0.0,0.0
32.695507115000005,0.0,0.0,0.0,0.0
32.710837529,0.0,0.0,0.0,0.0
32.712860894,0.0,0.0,0.0,0.0
32.731697626,0.0,0.0,0.0,0.0
32.733990779,0.0,0.0,0.0,0.0
32.751678825,0.0,0.0,0.0,0.0
32.753944218,0.0,0.0,0.0,0.0
32.772001687,0.0,0.0,0.0,0.0
32.774575150000004,0.0,0.0,0.0,0.0
32.792307519000005,0.0,0.0,0.0,0.0
32.795035251,0.0,0.0,0.0,0.0
32.812449133,0.0,0.0,0.0,0.0
32.815511341000004,0.0,0.0,0.0,0.0
32.831302271000006,0.0,0.0,0.0,0.0
32.833014128,0.0,0.0,0.0,0.0
32.851682737000004,0.0,0.0,0.0,0.0
32.853934276000004,0.0,0.0,0.0,0.0
32.872020808,0.0,0.0,0.0,0.0
32.874608906,0.0,0.0,0.0,0.0
32.892021851,0.0,0.0,0.0,0.0
32.894570574,0.0,0.0,0.0,0.0
32.912424869,0.0,0.0,0.0,0.0
32.915409265,0.0,0.0,0.0,0.0
32.931268996,0.0,0.0,0.0,0.0
32.933228716,0.0,0.0,0.0,0.0
32.951390455,0.0,0.0,0.0,0.0
32.9534596,0.0,0.0,0.0,0.0
32.972013053000005,0.0,0.0,0.0,0.0
32.974567871000005,0.0,0.0,0.0,0.0
32.991852327000004,0.0,0.0,0.0,0.0
32.994154803,0.0,0.0,0.0,0.0
33.012048576000005,0.0,0.0,0.0,0.0
33.014613914,0.0,0.0,0.0,0.0
33.032046390000005,0.0,0.0,0.0,0.0
33.034577718,0.0,0.0,0.0,0.0
33.05248696,0.0,0.0,0.0,0.0
33.055514168,0.0,0.0,0.0,0.0
33.070815884000005,0.0,0.0,0.0,0.0
33.072824874000005,0.0,0.0,0.0,0.0
33.091700824,0.0,0.0,0.0,0.0
33.093931583,0.0,0.0,0.0,0.0
33.112107123,0.0,0.0,0.0,0.0
33.114713086,0.0,0.0,0.0,0.0
33.132167749000004,0.0,0.0,0.0,0.0
33.134763608,0.0,0.0,0.0,0.0
33.151996190000006,0.0,0.0,0.0,0.0
33.154538351,0.0,0.0,0.0,0.0
33.172482852,0.0,0.0,0.0,0.0
33.17550079,0.0,0.0,0.0,0.0
33.19129146,0.0,0.0,0.0,0.0
33.193248158,0.0,0.0,0.0,0.0
33.211472501,0.0,0.0,0.0,0.0
33.213511438000005,0.0,0.0,0.0,0.0
33.231992236,0.0,0.0,0.0,0.0
33.234566637,0.0,0.0,0.0,0.0
33.252023852,0.0,0.0,0.0,0.0
33.254659658,0.0,0.0,0.0,0.0
33.27236036,0.0,0.0,0.0,0.0
33.276069592,0.0,0.0,0.0,0.0
33.290698086,0.0,0.0,0.0,0.0
33.292667233,0.0,0.0,0.0,0.0
33.311705161,0.0,0.0,0.0,0.0
33.313732327000004,0.0,0.0,0.0,0.0
33.332206198,0.0,0.0,0.0,0.0
33.33479013,0.0,0.0,0.0,0.0
33.351694486,0.0,0.0,0.0,0.0
33.353940504,0.0,0.0,0.0,0.0
33.371996411000005,0.0,0.0,0.0,0.0
33.374552166,0.0,0.0,0.0,0.0
33.392025787,0.0,0.0,0.0,0.0
33.394562375,0.0,0.0,0.0,0.0
33.412227401,0.0,0.0,0.0,0.0
33.415299452,0.0,0.0,0.0,0.0
33.432414588,0.0,0.0,0.0,0.0
33.435389505,0.0,0.0,0.0,0.0
33.451328975,0.0,0.0,0.0,0.0
33.453326038,0.0,0.0,0.0,0.0
33.471701629,0.0,0.0,0.0,0.0
33.473974522,0.0,0.0,0.0,0.0
33.492057095,0.0,0.0,0.0,0.0
33.494561184000005,0.0,0.0,0.0,0.0
33.511981628,0.0,0.0,0.0,0.0
33.51450629,0.0,0.0,0.0,0.0
33.532021421,0.0,0.0,0.0,0.0
33.53453905,0.0,0.0,0.0,0.0
33.552418186000004,0.0,0.0,0.0,0.0
33.555368312,0.0,0.0,0.0,0.0
33.570803463000004,0.0,0.0,0.0,0.0
33.572806567,0.0,0.0,0.0,0.0
33.591676734,0.0,0.0,0.0,0.0
33.593705254,0.0,0.0,0.0,0.0
33.612017563,0.0,0.0,0.0,0.0
33.614503162000005,0.0,0.0,0.0,0.0
33.632487609,0.0,0.0,0.0,0.0
33.635111436,0.0,0.0,0.0,0.0
33.652132977,0.0,0.0,0.0,0.0
33.654683627000004,0.0,0.0,0.0,0.0
33.672429327,0.0,0.0,0.0,0.0
33.676066424000005,0.0,0.0,0.0,0.0
33.690680438,0.0,0.0,0.0,0.0
33.692405524,0.0,0.0,0.0,0.0
33.711710010000004,0.0,0.0,0.0,0.0
33.713771550000004,0.0,0.0,0.0,0.0
33.732479219000005,0.0,0.0,0.0,0.0
33.735502209,0.0,0.0,0.0,0.0
33.752008859,0.0,0.0,0.0,0.0
33.754536593000005,0.0,0.0,0.0,0.0
33.772444374,0.0,0.0,0.0,0.0
33.775403718,0.0,0.0,0.0,0.0
33.790815067000004,0.0,0.0,0.0,0.0
33.792811661,0.0,0.0,0.0,0.0
33.811660162,0.0,0.0,0.0,0.0
33.813934044,0.0,0.0,0.0,0.0
33.832573849,0.0,0.0,0.0,0.0
33.835824857,0.0,0.0,0.0,0.0
33.852275154000004,0.0,0.0,0.0,0.0
33.854809554,0.0,0.0,0.0,0.0
33.87252916,0.0,0.0,0.0,0.0
33.87610105,0.0,0.0,0.0,0.0
33.879874344,0.0,0.0,0.0,0.0
33.8906372,0.0,0.0,0.0,0.0
33.912462753,0.0,0.0,0.0,0.0
33.915478711,0.0,0.0,0.0,0.0
33.931814426,0.0,0.0,0.0,-0.14
33.934065600000004,0.0,0.0,0.0,0.0
33.952431918,0.0,0.0,0.0,0.0
33.955393866,0.0,0.0,0.0,0.0
33.972690456,0.0,0.0,0.0,0.0
33.975277929,0.0,0.0,0.0,0.0
33.992434937,0.0,0.0,0.0,0.0
33.995907505000005,0.0,0.0,0.0,0.0
34.010688028000004,0.0,0.0,0.0,0.0
34.012444051,0.0,0.0,0.0,0.0
34.031658537000006,0.0,0.0,0.0,0.0
34.033880962000005,0.0,0.0,0.0,0.0
34.052499934000004,0.0,0.0,0.0,0.0
34.055509746000006,0.0,0.0,0.0,0.0
34.072138843000005,0.0,0.0,0.0,0.0
34.074402361000004,0.0,0.0,0.0,0.0
34.092028427,0.0,0.0,0.0,0.0
34.094553296,0.0,0.0,0.0,0.0
34.112530973000005,0.0,0.0,0.0,0.0
34.115506983,0.0,0.0,0.0,0.0
34.131883947,0.0,0.0,0.0,0.0
34.134861729,0.0,0.0,0.0,0.0
34.151306921,0.0,0.0,0.0,0.0
34.153166641000006,0.0,0.0,0.0,0.0
34.172777009,0.0,0.0,0.0,0.0
34.176140359,0.0,0.0,0.0,0.0
34.191844153000005,0.0,0.0,0.0,0.0
34.194107411000005,0.0,0.0,0.0,0.0
34.212570968,0.0,0.0,0.0,0.0
34.215565624,0.0,0.0,0.0,0.0
34.232238106000004,0.0,0.0,0.0,0.0
34.234750631000004,0.0,0.0,0.0,0.0
34.252428155000004,0.0,0.0,0.0,0.0
34.25595442,0.0,0.0,0.0,0.0
34.270686453,0.0,0.0,0.0,0.0
34.272426748,0.0,0.0,0.0,0.0
34.291670765,0.0,0.0,0.0,0.0
34.293948658000005,0.0,0.0,0.0,0.0
34.312434975,0.0,0.0,0.0,0.0
34.315360674000004,0.0,0.0,0.0,0.0
34.331968208,0.0,0.0,0.0,0.0
34.334481203,0.0,0.0,0.0,0.0
34.352394036,0.0,0.0,0.0,0.0
34.356129518,0.0,0.0,0.0,0.0
34.370862645,0.0,0.0,0.0,0.0
34.372721219,0.0,0.0,0.0,0.0
34.391675761,0.0,0.0,0.0,0.0
34.393911935000006,0.0,0.0,0.0,0.0
34.412502418,0.0,0.0,0.0,0.0
34.415650354,0.0,0.0,0.0,0.0
34.431046911,0.0,0.0,0.0,0.0
34.432922725000005,0.0,0.0,0.0,0.0
34.451190971,0.0,0.0,0.0,0.0
34.452972151000004,0.0,0.0,0.0,0.0
34.470886234000005,0.0,0.0,0.0,0.0
34.472634966,0.0,0.0,0.0,0.0
34.490938681,0.0,0.0,0.0,0.0
34.49277413,0.0,0.0,0.0,0.0
34.510988679,0.0,0.0,0.0,0.0
34.512832254,0.0,0.0,0.0,0.0
34.531012272000005,0.0,0.0,0.0,0.0
34.532911679,0.0,0.0,0.0,0.0
34.551020446,0.0,0.0,0.0,0.0
34.552934748000006,0.0,0.0,0.0,0.0
34.570926485,0.0,0.0,0.0,0.0
34.572517927,0.0,0.0,0.0,0.0
34.591023044,0.0,0.0,0.0,0.0
34.592982398000004,0.0,0.0,0.0,0.0
34.611213039,0.0,0.0,0.0,0.0
34.612935625,0.0,0.0,0.0,0.0
34.630960799,0.0,0.0,0.0,0.0
34.632790728,0.0,0.0,0.0,0.0
34.650978817,0.0,0.0,0.0,0.0
34.652720673000005,0.0,0.0,0.0,0.0
34.67118553,0.0,0.0,0.0,0.0
34.672970668000005,0.0,0.0,0.0,0.0
34.691224016,0.0,0.0,0.0,0.0
34.692959258,0.0,0.0,0.0,0.0
34.710846049000004,0.0,0.0,0.0,0.0
34.712557958000005,0.0,0.0,0.0,0.0
34.730936826000004,0.0,0.0,0.0,0.0
34.73274389,0.0,0.0,0.0,0.0
34.750949167,0.0,0.0,0.0,0.0
34.752776126,0.0,0.0,0.0,0.0
34.770970257,0.0,0.0,0.0,0.0
34.772756644000005,0.0,0.0,0.0,0.0
34.790912182,0.0,0.0,0.0,0.0
34.792676747,0.0,0.0,0.0,0.0
34.810931241,0.0,0.0,0.0,0.0
34.812642265,0.0,0.0,0.0,0.0
34.830841187000004,0.0,0.0,0.0,0.0
34.832522419,0.0,0.0,0.0,0.0
34.850985349000005,0.0,0.0,0.0,0.0
34.852884392,0.0,0.0,0.0,0.0
34.870960503,0.0,0.0,0.0,0.0
34.872727671,0.0,0.0,0.0,0.0
34.890964927,0.0,0.0,0.0,0.0
34.892781991,0.0,0.0,0.0,0.0
34.910996278,0.0,0.0,0.0,0.0
34.912833654,0.0,0.0,0.0,0.0
34.930847057,0.0,0.0,0.0,0.0
34.932598862,0.0,0.0,0.0,0.0
34.95094622,0.0,0.0,0.0,0.0
34.952807086,0.0,0.0,0.0,0.0
34.970945905,0.0,0.0,0.0,0.0
34.972736198,0.0,0.0,0.0,0.0
34.990957828,0.0,0.0,0.0,0.0
34.99278932,0.0,0.0,0.0,0.0
35.010967409,0.0,0.0,0.0,0.0
35.012775046,0.0,0.0,0.0,0.0
35.030915167,0.0,0.0,0.0,0.0
35.032708429,0.0,0.0,0.0,0.0
35.050971413,0.0,0.0,0.0,0.0
35.05276405,0.0,0.0,0.0,0.0
35.070977400000004,0.0,0.0,0.0,0.0
35.072743996,0.0,0.0,0.0,0.0
35.090961199,0.0,0.0,0.0,0.0
35.092728107,0.0,0.0,0.0,0.0
35.110938436000005,0.0,0.0,0.0,0.0
35.112774302000005,0.0,0.0,0.0,0.0
35.130923693,0.0,0.0,0.0,0.0
35.13272331,0.0,0.0,0.0,0.0
35.151377592,0.0,0.0,0.0,0.0
35.153161531,0.0,0.0,0.0,0.0
35.171332537000005,0.0,0.0,0.0,0.0
35.173211424,0.0,0.0,0.0,0.0
35.191384669,0.0,0.0,0.0,0.0
35.19330918,0.0,0.0,0.0,0.0
35.21207518,0.0,0.0,0.0,0.0
35.214546091,0.0,0.0,0.0,0.0
35.231135499000004,0.0,0.0,0.0,0.0
35.232940063,0.0,0.0,0.0,0.0
35.250935759,0.0,0.0,0.0,0.0
35.252764281000005,0.0,0.0,0.0,0.0
35.270979766,0.0,0.0,0.0,0.0
35.272776726000004,0.0,0.0,0.0,0.0
35.291024033,0.0,0.0,0.0,0.0
35.292844326,0.0,0.0,0.0,0.0
35.310913041,0.0,0.0,0.0,0.0
35.312721356000004,0.0,0.0,0.0,0.0
35.331221785000004,0.0,0.0,0.0,0.0
35.333007756,0.0,0.0,0.0,0.0
35.350999753,0.0,0.0,0.0,0.0
35.352841244000004,0.0,0.0,0.0,0.0
35.370844075,0.0,0.0,0.0,0.0
35.372454422000004,0.0,0.0,0.0,0.0
35.390981518000004,0.0,0.0,0.0,0.0
35.392807853,0.0,0.0,0.0,0.0
35.41092912,0.0,0.0,0.0,0.0
35.412725247000004,0.0,0.0,0.0,0.0
35.431132605,0.0,0.0,0.0,0.0
35.432878576,0.0,0.0,0.0,0.0
35.450967603,0.0,0.0,0.0,0.0
35.452794459,0.0,0.0,0.0,0.14
35.471243222000005,0.0,0.0,0.0,0.0
35.473157056000005,0.0,0.0,0.0,0.0
35.491357333,0.0,0.0,0.0,0.0
35.493273302000006,0.0,0.0,0.0,0.0
35.511694462,0.0,0.0,0.0,0.0
35.513685222,0.0,0.0,0.0,0.0
35.531169516000006,0.0,0.0,0.0,0.0
35.532915227000004,0.0,0.0,0.0,0.0
35.550862119,0.0,0.0,0.0,0.0
35.552625173,0.0,0.0,0.0,0.0
35.570952165,0.0,0.0,0.0,0.0
35.572768187,0.0,0.0,0.0,0.0
35.590948514000004,0.0,0.0,0.0,0.0
35.592718703,0.0,0.0,0.0,0.0
35.610926738,0.0,0.0,0.0,0.0
35.612764635000005,0.0,0.0,0.0,0.0
35.631320635,0.0,0.0,0.0,0.0
35.633162699,0.0,0.0,0.0,0.0
35.650839125000005,0.0,0.0,0.0,0.0
35.652475461,0.0,0.0,0.0,0.0
35.670884432,0.0,0.0,0.0,0.0
35.672495769,0.0,0.0,0.0,0.0
35.69101229,0.0,0.0,0.0,0.0
35.693010289,0.0,0.0,0.0,0.0
35.710987806000006,0.0,0.0,0.0,0.0
35.712775026,0.0,0.0,0.0,0.0
35.730982019,0.0,0.0,0.0,0.0
35.73282976,0.0,0.0,0.0,0.0
35.751003941,0.0,0.0,0.0,0.0
35.75283564,0.0,0.0,0.0,0.0
35.771277735000005,0.0,0.0,0.0,0.0
35.773070425,0.0,0.0,0.0,0.0
35.791269709000005,0.0,0.0,0.0,0.0
35.793045524,0.0,0.0,0.0,0.0
35.811149758,0.0,0.0,0.0,0.0
35.812953124,0.0,0.0,0.0,0.0
35.831446208,0.0,0.0,0.0,0.0
35.833481915,0.0,0.0,0.0,0.0
35.851368443000005,0.0,0.0,0.0,0.0
35.853171393000004,0.0,0.0,0.0,0.0
35.870930266,0.0,0.0,0.0,0.0
35.872627383,0.0,0.0,0.0,0.0
35.890984635,0.0,0.0,0.0,0.0
35.892815136,0.0,0.0,0.0,0.0
35.911001401,0.0,0.0,0.0,0.0
35.912904297000004,0.0,0.0,0.0,0.0
35.931041291,0.0,0.0,0.0,0.0
35.932914552,0.0,0.0,0.0,0.0
35.950988995,0.0,0.0,0.0,0.0
35.952835329,0.0,0.0,0.0,0.0
35.970964042000006,0.0,0.0,0.0,0.0
35.972610639,0.0,0.0,0.0,0.0
35.990961589,0.0,0.0,0.0,0.0
35.992807819,0.0,0.0,0.0,0.0
36.011039708000006,0.0,0.0,0.0,0.0
36.012914167000005,0.0,0.0,0.0,0.0
36.030933246000004,0.0,0.0,0.0,0.0
36.032889058,0.0,0.0,0.0,0.0
36.05099949,0.0,0.0,0.0,0.0
36.052741711,0.0,0.0,0.0,0.0
36.070960579,0.0,0.0,0.0,0.0
36.072856288000004,0.0,0.0,0.0,0.0
36.091001824,0.0,0.0,0.0,0.0
36.092914824000005,0.0,0.0,0.0,0.0
36.110931038000004,0.0,0.0,0.0,0.0
36.112681123,0.0,0.0,0.0,0.0
36.131319362,0.0,0.0,0.0,0.0
36.133190488000004,0.0,0.0,0.0,0.0
36.151204879000005,0.0,0.0,0.0,0.0
36.153064755,0.0,0.0,0.0,0.0
36.171186697,0.0,0.0,0.0,0.0
36.172866835,0.0,0.0,0.0,0.0
36.193159744,0.0,0.0,0.0,0.0
36.19684559,0.0,0.0,0.0,0.0
36.199983994,0.0,0.0,0.0,0.0
36.211474444000004,0.0,0.0,0.0,0.0
36.232920986,0.0,0.0,0.0,0.0
36.236502979,0.0,0.0,0.0,0.0
36.240095753000006,0.0,0.0,0.0,0.0
36.25062512,0.0,0.0,0.0,0.0
36.272654833000004,0.0,0.0,0.0,0.0
36.275914277000005,0.0,0.0,0.0,0.0
36.279035182,0.0,0.0,0.0,0.0
36.291301665,0.0,0.0,0.0,0.0
36.311591136000004,0.0,0.0,0.0,0.0
36.314182775,0.0,0.0,0.0,0.0
36.331461133000005,0.0,0.0,0.0,0.0
36.333503038,0.0,0.0,0.0,0.0
36.352468773000005,0.0,0.0,0.0,0.0
36.355424158000005,0.0,0.0,0.0,0.0
36.371979138,0.0,0.0,0.0,0.0
36.374481142,0.0,0.0,0.0,0.0
36.393045996000005,0.0,0.0,0.0,0.0
36.396554136,0.0,0.0,0.0,0.0
36.399998683,0.0,0.0,0.0,0.0
36.41088466,0.0,0.0,0.0,0.0
36.431818031,0.0,0.0,0.0,0.0
36.434745187000004,0.0,0.0,0.0,0.0
36.451404176000004,0.0,0.0,0.0,0.0
36.453431602,0.0,0.0,0.0,0.0
36.473024257,0.0,0.0,0.0,0.0
36.476490627000004,0.0,0.0,0.0,0.0
36.479906215,0.0,0.0,0.0,0.0
36.491358124,0.0,0.0,0.0,0.0
36.512807479,0.0,0.0,0.0,0.0
36.516241869000005,0.0,0.0,0.0,0.0
36.520611354,0.0,0.0,0.0,0.0
36.530625257000004,0.0,0.0,0.0,0.0
36.552460387,0.0,0.0,0.0,0.0
36.555425563,0.0,0.0,0.0,0.0
36.571989031,0.0,0.0,0.0,0.0
36.574507337,0.0,0.0,0.0,0.0
36.592851514,0.0,0.0,0.0,0.0
36.596510537,0.0,0.0,0.0,0.0
36.599935656,0.0,0.0,0.0,0.0
36.610818143,0.0,0.0,0.0,0.0
36.6316312,0.0,0.0,0.0,0.0
36.633873885,0.0,0.0,0.0,0.0
36.652051345000004,0.0,0.0,0.0,0.0
36.654656056,0.0,0.0,0.0,0.0
36.672533937000004,0.0,0.0,0.0,0.0
36.675486665,0.0,0.0,0.0,0.0
36.692355286,0.0,0.0,0.0,0.0
36.695018069,0.0,0.0,0.0,0.0
36.712602932,0.0,0.0,0.0,0.0
36.716057114,0.0,0.0,0.0,0.0
36.719742074,0.0,0.0,0.0,0.0
36.730651123,0.0,0.0,0.0,0.0
36.752470784,0.0,0.0,0.0,0.0
36.755699186,0.0,0.0,0.0,0.0
36.771702139000006,0.0,0.0,0.0,0.0
36.773961281000005,0.0,0.0,0.0,0.0
36.793028107000005,0.0,0.0,0.0,0.0
36.796565361,0.0,0.0,0.0,0.0
36.800049438,0.0,0.0,0.0,0.0
36.811513064,0.0,0.0,0.0,0.0
36.832733513,0.0,0.0,0.0,0.0
36.836100091000006,0.0,0.0,0.0,0.0
36.852126377000005,0.0,0.0,0.0,0.0
36.854653537000004,0.0,0.0,0.0,0.0
36.873045162000004,0.0,0.0,0.0,0.0
36.87656028,0.0,0.0,0.0,0.0
36.890700232,0.0,0.0,0.0,0.0
36.89336187,0.0,0.0,0.0,0.0
36.911757192,0.0,0.0,0.0,0.0
36.913991179,0.0,0.0,0.0,0.0
36.93261202,0.0,0.0,0.0,0.0
36.936156409000006,0.0,0.0,0.0,0.0
36.939589132,0.0,0.0,0.0,0.0
36.951377547,0.0,0.0,0.0,0.0
36.972073678,0.0,0.0,0.0,0.0
36.975633015,0.0,0.0,0.0,0.0
36.990947954,0.0,0.0,0.0,0.0
36.993154857,0.0,0.0,0.0,0.0
37.011435285000005,0.0,0.0,0.0,0.0
37.013488648,0.0,0.0,0.0,0.0
37.032416309000006,0.0,0.0,0.0,0.0
37.035338778,0.0,0.0,0.0,0.0
37.052052608000004,0.0,0.0,0.0,0.0
37.054588153000005,0.0,0.0,0.0,0.0
37.072487231000004,0.0,0.0,0.0,0.0
37.076069953,0.0,0.0,0.0,0.0
37.091486089,0.0,0.0,0.0,0.0
37.094055072,0.0,0.0,0.0,0.0
37.110856089,0.0,0.0,0.0,0.0
37.113857254,0.0,0.0,0.0,0.0
37.131382743,0.0,0.0,0.0,0.0
37.133446887000005,0.0,0.0,0.0,0.0
37.152390693,0.0,0.0,0.0,0.0
37.155170663,0.0,0.0,0.0,0.0
37.171348093,0.0,0.0,0.0,0.0
37.173156355,0.0,0.0,0.0,0.0
37.190910226,0.0,0.0,0.0,0.0
37.192656718,0.0,0.0,0.0,0.0
37.210952667,0.0,0.0,0.0,0.0
37.212858063,0.0,0.0,0.0,0.0
37.231010263,0.0,0.0,0.0,0.0
37.232806285,0.0,0.0,0.0,0.0
37.251016506,0.0,0.0,0.0,0.0
37.252951849000006,0.0,0.0,0.0,0.0
37.271006655,0.0,0.0,0.0,0.0
37.272816583,0.0,0.0,0.0,0.0
37.291164719,0.0,0.0,0.0,0.0
37.292954335000005,0.0,0.0,0.0,0.0
37.310969141,0.0,0.0,0.0,0.0
37.312732455,0.0,0.0,0.0,0.0
37.331002883000004,0.0,0.0,0.0,0.0
37.332852447,0.0,0.0,0.0,0.0
37.351195530000005,0.0,0.0,0.0,0.0
37.352987751,0.0,0.0,0.0,0.0
37.371118909,0.0,0.0,0.0,0.0
37.372885505,0.0,0.0,0.0,0.0
37.391244786,0.0,0.0,0.0,0.0
37.393026955,0.0,0.0,0.0,0.0
37.411198269,0.0,0.0,0.0,0.0
37.412956844,0.0,0.0,0.0,0.0
37.431122638000005,0.0,0.0,0.0,0.0
37.432881786,0.0,0.0,0.0,0.0
37.451128308,0.0,0.0,0.0,0.0
37.45289506,0.0,0.0,0.0,0.0
37.47101575,0.0,0.0,0.0,0.0
37.47284948,0.0,0.0,0.0,0.0
37.491028607000004,0.0,0.0,0.0,0.0
37.492877233,0.0,0.0,0.0,0.0
37.511054016,0.0,0.0,0.0,0.0
37.512855195,0.0,0.0,0.0,0.0
37.531154060000006,0.0,0.0,0.0,0.0
37.532899666000006,0.0,0.0,0.0,0.0
37.551171447,0.0,0.0,0.0,0.0
37.552985958,0.0,0.0,0.0,0.0
37.571217843,0.0,0.0,0.0,0.0
37.572971209,0.0,0.0,0.0,0.0
37.591187834,0.0,0.0,0.0,0.0
37.592842868000005,0.0,0.0,0.0,0.0
37.611128659,0.0,0.0,0.0,0.0
37.612897338,0.0,0.0,0.0,0.0
37.631175368,0.0,0.0,0.0,0.0
37.632896912,0.0,0.0,0.0,0.0
37.651030985000006,0.0,0.0,0.0,0.0
37.652815653000005,0.0,0.0,0.0,0.0
37.671046445,0.0,0.0,0.0,0.0
37.672858352000006,0.0,0.0,0.0,0.0
37.691124768,0.0,0.0,0.0,0.0
37.69292454,0.0,0.0,0.0,0.0
37.711176008,0.0,0.0,0.0,0.0
37.712979322,0.0,0.0,0.0,0.0
37.731265269000005,0.0,0.0,0.0,0.0
37.73308702,0.0,0.0,0.0,0.0
37.751211718,0.0,0.0,0.0,0.0
37.752972897,0.0,0.0,0.0,0.0
37.771215199000004,0.0,0.0,0.0,0.0
37.773042991000004,0.0,0.0,0.0,0.0
37.791353365,0.0,0.0,0.0,0.0
37.793189907000006,0.0,0.0,0.0,0.0
37.811356845,0.0,0.0,0.0,0.0
37.813062608,0.0,0.0,0.0,0.0
37.831146734,0.0,0.0,0.0,0.0
37.832907132,0.0,0.0,0.0,0.0
37.851189849,0.0,0.0,0.0,0.0
37.85296108,0.0,0.0,0.0,0.0
37.871133591,0.0,0.0,0.0,0.0
37.872892061,0.0,0.0,0.0,0.0
37.891038895,0.0,0.0,0.0,0.0
37.892862417,0.0,0.0,0.0,0.0
37.911211228,0.0,0.0,0.0,0.0
37.913000792000005,0.0,0.0,0.0,0.0
37.931245124,0.0,0.0,0.0,0.0
37.933037449000004,0.0,0.0,0.0,0.0
37.951312979,0.0,0.0,0.0,0.0
37.953094105000005,0.0,0.0,0.0,0.0
37.971145003000004,0.0,0.0,0.0,0.0
37.972790974000006,0.0,0.0,0.0,0.0
37.991031089,0.0,0.0,0.0,0.0
37.992884402,0.0,0.0,0.0,0.0
38.011050246,0.0,0.0,0.0,0.0
38.012883872,0.0,0.0,0.0,0.0
38.031270286,0.0,0.0,0.0,0.0
38.03303058,0.0,0.0,0.0,0.0
38.051020019,0.0,0.0,0.0,0.0
38.052809323000005,0.0,0.0,0.0,0.0
38.071010114,0.0,0.0,0.0,0.0
38.072796397000005,0.0,0.0,0.0,0.0
38.091206145,0.0,0.0,0.0,0.0
38.092984927,0.0,0.0,0.0,0.0
38.111257437,0.0,0.0,0.0,0.0
38.11300398,0.0,0.0,0.0,0.0
38.131157012,0.0,0.0,0.0,0.0
38.132930326,0.0,0.0,0.0,0.0
38.151109555000005,0.0,0.0,0.0,0.0
38.152875578,0.0,0.0,0.0,0.0
38.170953298,0.0,0.0,0.0,0.0
38.172783851000005,0.0,0.0,0.0,0.0
38.190963809,0.0,0.0,0.0,0.0
38.192814154000004,0.0,0.0,0.0,0.0
38.210980623000005,0.0,0.0,0.0,0.0
38.212893102,0.0,0.0,0.0,0.0
38.231029259,0.0,0.0,0.0,0.0
38.232817104000006,0.0,0.0,0.0,0.0
38.250876126,0.0,0.0,0.0,0.0
38.252604545000004,0.0,0.0,0.0,0.0
38.270964554,0.0,0.0,0.0,0.0
38.272811356000005,0.0,0.0,0.0,0.0
38.290982982,0.0,0.0,0.0,0.0
38.292917388,0.0,0.0,0.0,0.0
38.311024899,0.0,0.0,0.0,0.0
38.312873941,0.0,0.0,0.0,0.0
38.331002442,0.0,0.0,0.0,0.0
38.332872995,0.0,0.0,0.0,0.0
38.35098285,0.0,0.0,0.0,0.0
38.352800955,0.0,0.0,0.0,0.0
38.370921539,0.0,0.0,0.0,0.0
38.372623239,0.0,0.0,0.0,0.0
38.390967675,0.0,0.0,0.0,0.0
38.392830832,0.0,0.0,0.0,0.0
38.410953343,0.0,0.0,0.0,0.0
38.412753376000005,0.0,0.0,0.0,0.0
38.430919064,0.0,0.0,0.0,0.0
38.432775397,0.0,0.0,0.0,0.0
38.451024939,0.0,0.0,0.0,0.0
38.452892002000006,0.0,0.0,0.0,0.0
38.471046908000005,0.0,0.0,0.0,0.0
38.472913034,0.0,0.0,0.0,0.0
38.490991795,0.0,0.0,0.0,0.0
38.49280688,0.0,0.0,0.0,0.0
38.511027619000004,0.0,0.0,0.0,0.0
38.512851193,0.0,0.0,0.0,0.0
38.530961569000006,0.0,0.0,0.0,0.0
38.532826705000005,0.0,0.0,0.0,0.0
38.550967808,0.0,0.0,0.0,0.0
38.552807996000006,0.0,0.0,0.0,0.0
38.570884464,0.0,0.0,0.0,0.0
38.572630538000006,0.0,0.0,0.0,0.0
38.591224761,0.0,0.0,0.0,0.0
38.592995211,0.0,0.0,0.0,0.0
38.610970378000005,0.0,0.0,0.0,0.0
38.612779264000004,0.0,0.0,0.0,0.0
38.631121511,0.0,0.0,0.0,0.0
38.632870450000006,0.0,0.0,0.0,0.0
38.651018115,0.0,0.0,0.0,0.0
38.652862157,0.0,0.0,0.0,0.0
38.671257893,0.0,0.0,0.0,0.0
38.67305704,0.0,0.0,0.0,0.0
38.691002780000005,0.0,0.0,0.0,0.0
38.692867135,0.0,0.0,0.0,0.0
38.711024592,0.0,0.0,0.0,0.0
38.712830093,0.0,0.0,0.0,0.0
38.730972341000005,0.0,0.0,0.0,0.0
38.732733051000004,0.0,0.0,0.0,0.0
38.751037329,0.0,0.0,0.0,0.0
38.752827674,0.0,0.0,0.0,0.0
38.771019349,0.0,0.0,0.0,0.0
38.772889068000005,0.0,0.0,0.0,0.0
38.791029234,0.0,0.0,0.0,0.0
38.792932234000006,0.0,0.0,0.0,0.0
38.811038701,0.0,0.0,0.0,0.0
38.812892119000004,0.0,0.0,0.0,0.0
38.830945775,0.0,0.0,0.0,0.0
38.832848827,0.0,0.0,0.0,0.0
38.850964565000005,0.0,0.0,0.0,0.0
38.852732879,0.0,0.0,0.0,0.0
38.870972366000004,0.0,0.0,0.0,0.0
38.872837762,0.0,0.0,0.0,0.0
38.89100225,0.0,0.0,0.0,0.0
38.89278697,0.0,0.0,0.0,0.0
38.910960104000004,0.0,0.0,0.0,0.0
38.912763157,0.0,0.0,0.0,0.0
38.930975197,0.0,0.0,0.0,0.0
38.932815854000005,0.0,0.0,0.0,0.0
38.951131278000005,0.0,0.0,0.0,0.0
38.952896519,0.0,0.0,0.0,0.0
38.971143922,0.0,0.0,0.0,0.0
38.972974163,0.0,0.0,0.0,0.0
38.991045735,0.0,0.0,0.0,0.0
38.992836132,0.0,0.0,0.0,0.0
39.011132077,0.0,0.0,0.0,0.0
39.012927109,0.0,0.0,0.0,0.0
39.031144461000004,0.0,0.0,0.0,0.0
39.032956889000005,0.0,0.0,0.0,0.0
39.051119607000004,0.0,0.0,0.0,0.0
39.052913649000004,0.0,0.0,0.0,0.0
39.071138189,0.0,0.0,0.0,0.0
39.072957596,0.0,0.0,0.0,0.0
39.091135469,0.0,0.0,0.0,0.0
39.092901283,0.0,0.0,0.0,0.0
39.110988376,0.0,0.0,0.0,0.0
39.112812314,0.0,0.0,0.0,0.0
39.131203206,0.0,0.0,0.0,0.0
39.133016572,0.0,0.0,0.0,0.0
39.151007051,0.0,0.0,0.0,0.0
39.152903437,0.0,0.0,0.0,0.0
39.170974592,0.0,0.0,0.0,0.0
39.172866915,0.0,0.0,0.0,0.0
39.190993748000004,0.0,0.0,0.0,0.0
39.19283904,0.0,0.0,0.0,0.0
39.211215869,0.0,0.0,0.0,0.0
39.212976475000005,0.0,0.0,0.0,0.0
39.231181796,0.0,0.0,0.0,0.0
39.232966828,0.0,0.0,0.0,0.0
39.251051317000005,0.0,0.0,0.0,0.0
39.252922599,0.0,0.0,0.0,0.0
39.271159482,0.0,0.0,0.0,0.0
39.273020972000005,0.0,0.0,0.0,0.0
39.291696131,0.0,0.0,0.0,0.0
39.293715744000004,0.0,0.0,0.0,0.0
39.311161334000005,0.0,0.0,0.0,0.0
39.312946679,0.0,0.0,0.0,0.0
39.331039605,0.0,0.0,0.0,0.0
39.332902241,0.0,0.0,0.0,0.0
39.351187249000006,0.0,0.0,0.0,0.0
39.352967594,0.0,0.0,0.0,0.0
39.371047812,0.0,0.0,0.0,0.0
39.372901750000004,0.0,0.0,0.0,0.0
39.390998009,0.0,0.0,0.0,0.0
39.392932676,0.0,0.0,0.0,0.0
39.4110018,0.0,0.0,0.0,0.0
39.412862821000004,0.0,0.0,0.0,0.0
39.431203610000004,0.0,0.0,0.0,0.0
39.432949945000004,0.0,0.0,0.0,0.0
39.451153026,0.0,0.0,0.0,0.0
39.452928215,0.0,0.0,0.0,0.0
39.471152025,0.0,0.0,0.0,0.0
39.473075181000006,0.0,0.0,0.0,0.0
39.491232482,0.0,0.0,0.0,0.0
39.49302616,0.0,0.0,0.0,0.0
39.51124122,0.0,0.0,0.0,0.0
39.51304969,0.0,0.0,0.0,0.0
39.531259073,0.0,0.0,0.0,0.0
39.533040981,0.0,0.0,0.0,0.0
39.551164113000006,0.0,0.0,0.0,0.0
39.552991228,0.0,0.0,0.0,0.0
39.571145402,0.0,0.0,0.0,0.0
39.572984757,0.0,0.0,0.0,0.0
39.591316949,0.0,0.0,0.0,0.0
39.593151773,0.0,0.0,0.0,0.0
39.611048033,0.0,0.0,0.0,0.0
39.61291921,0.0,0.0,0.0,0.0
39.631009895000005,0.0,0.0,0.0,0.0
39.63296956,0.0,0.0,0.0,0.0
39.650988840000004,0.0,0.0,0.0,0.0
39.65288309,0.0,0.0,0.0,0.0
39.671018253,0.0,0.0,0.0,0.0
39.672985471000004,0.0,0.0,0.0,0.0
39.691126832,0.0,0.0,0.0,0.0
39.692936292000006,0.0,0.0,0.0,0.0
39.711145152,0.0,0.0,0.0,0.0
39.713010444000005,0.0,0.0,0.0,0.0
39.731229617000004,0.0,0.0,0.0,0.0
39.733016316000004,0.0,0.0,0.0,0.0
39.750911013,0.0,0.0,0.0,0.0
39.752823076000006,0.0,0.0,0.0,0.0
39.771266829000005,0.0,0.0,0.0,0.0
39.773094830000005,0.0,0.0,0.0,0.0
39.790980673,0.0,0.0,0.0,0.0
39.792954402,0.0,0.0,0.0,0.0
39.811216022,0.0,0.0,0.0,0.0
39.813032512,0.0,0.0,0.0,0.0
39.830978511000005,0.0,0.0,0.0,0.0
39.832834168000005,0.0,0.0,0.0,0.0
39.85137516,0.0,0.0,0.0,0.0
39.853212796,0.0,0.0,0.0,0.0
39.871129577000005,0.0,0.0,0.0,0.0
39.87307992,0.0,0.0,0.0,0.0
39.891002273000005,0.0,0.0,0.0,0.0
39.892864284000005,0.0,0.0,0.0,0.0
39.911053978000005,0.0,0.0,0.0,0.0
39.912992186000004,0.0,0.0,0.0,0.0
39.931224431000004,0.0,0.0,0.0,0.0
39.933049463,0.0,0.0,0.0,0.0
39.950885568000004,0.0,0.0,0.0,0.0
39.952731433000004,0.0,0.0,0.0,0.0
39.971027324000005,0.0,0.0,0.0,0.0
39.972905115,0.0,0.0,0.0,0.0
39.991132153,0.0,0.0,0.0,0.0
39.992960466,0.0,0.0,0.0,0.0
40.011025005,0.0,0.0,0.0,0.0
40.012920609000005,0.0,0.0,0.0,0.0
40.030936659000005,0.0,0.0,0.0,0.0
40.032914815000005,0.0,0.0,0.0,0.0
40.050976073,0.0,0.0,0.0,0.0
40.052913447,0.0,0.0,0.0,0.0
40.07080002,0.0,0.0,0.0,0.0
40.072385262000005,0.0,0.0,0.0,0.0
40.090810839,0.0,0.0,0.0,0.0
40.092411655,0.0,0.0,0.0,0.0
40.110973324,0.0,0.0,0.0,0.0
40.112736169,0.0,0.0,0.0,0.0
40.130967061,0.0,0.0,0.0,0.0
40.132861259,0.0,0.0,0.0,0.0
40.151005016,0.0,0.0,0.0,0.0
40.152920984000005,0.0,0.0,0.0,0.0
40.17102219,0.0,0.0,0.0,0.0
40.17286868,0.0,0.0,0.0,0.0
40.190987073,0.0,0.0,0.0,0.0
40.192856167,0.0,0.0,0.0,0.0
40.211162995,0.0,0.0,0.0,0.0
40.21288157,0.0,0.0,0.0,0.0
40.231498499000004,0.0,0.0,0.0,0.0
40.233581757,0.0,0.0,0.0,0.0
40.253063312,0.0,0.0,0.0,0.0
40.255264798000006,0.0,0.0,0.0,0.0
40.271204465000004,0.0,0.0,0.0,0.0
40.273012726000005,0.0,0.0,0.0,0.0
40.291197108000006,0.0,0.0,0.0,0.0
40.293016358,0.0,0.0,0.0,0.0
40.31104194,0.0,0.0,0.0,0.0
40.312917492000004,0.0,0.0,0.0,0.0
40.331148696,0.0,0.0,0.0,0.0
40.332934458000004,0.0,0.0,0.0,0.0
40.351150662,0.0,0.0,0.0,0.0
40.352912622000005,0.0,0.0,0.0,0.0
40.370998619000005,0.0,0.0,0.0,0.0
40.372903442,0.0,0.0,0.0,0.0
40.391044855000004,0.0,0.0,0.0,0.0
40.392919522,0.0,0.0,0.0,0.0
40.411149268,0.0,0.0,0.0,0.0
40.412914300000004,0.0,0.0,0.0,0.0
40.43101035,0.0,0.0,0.0,0.0
40.432873871000005,0.0,0.0,0.0,0.0
40.450784349,0.0,0.0,0.0,0.0
40.452399696,0.0,0.0,0.0,0.0
40.472552441000005,0.0,0.0,0.0,0.0
40.475637511,0.0,0.0,0.0,0.0
40.492042381000005,0.0,0.0,0.0,0.0
40.494635426,0.0,0.0,0.0,0.0
40.512349344,0.0,0.0,0.0,0.0
40.515879721000005,0.0,0.0,0.0,0.0
40.530684661,0.0,0.0,0.0,0.0
40.532423132000005,0.0,0.0,0.0,0.0
40.551633594,0.0,0.0,0.0,0.0
40.553865235,0.0,0.0,0.0,0.0
40.571400925000006,0.0,0.0,0.0,0.0
40.573510849,0.0,0.0,0.0,0.0
40.591431013000005,0.0,0.0,0.0,0.0
40.593577291,0.0,0.0,0.0,0.0
40.611421571,0.0,0.0,0.0,0.0
40.613543526,0.0,0.0,0.0,0.0
40.631629157,0.0,0.0,0.0,0.0
40.633953037000005,0.0,0.0,0.0,0.0
40.652184448,0.0,0.0,0.0,0.0
40.654771711,0.0,0.0,0.0,0.0
40.672501408,0.0,0.0,0.0,0.0
40.675494396000005,0.0,0.0,0.0,0.0
40.690855943,0.0,0.0,0.0,0.0
40.692896909000005,0.0,0.0,0.0,0.0
40.711442535,0.0,0.0,0.0,0.0
40.713559386,0.0,0.0,0.0,0.0
40.731647049,0.0,0.0,0.0,0.0
40.733951971,0.0,0.0,0.0,0.0
40.751846302000004,0.0,0.0,0.0,0.0
40.754218671000004,0.0,0.0,0.0,0.0
40.772054461,0.0,0.0,0.0,0.0
40.774621568,0.0,0.0,0.0,0.0
40.792505118,0.0,0.0,0.0,0.0
40.79547998,0.0,0.0,0.0,0.0
40.811281314000006,0.0,0.0,0.0,0.0
40.813305041,0.0,0.0,0.0,0.0
40.831412078,0.0,0.0,0.0,0.0
40.833512680000005,0.0,0.0,0.0,0.0
40.851644404000005,0.0,0.0,0.0,0.0
40.853981045000005,0.0,0.0,0.0,0.0
40.871648920000005,0.0,0.0,0.0,0.0
40.873958529,0.0,0.0,0.0,0.0
40.892016557000005,0.0,0.0,0.0,0.0
40.894589601,0.0,0.0,0.0,0.0
40.912369141,0.0,0.0,0.0,0.0
40.915903216000004,0.0,0.0,0.0,0.0
40.930669718000004,0.0,0.0,0.0,0.0
40.932395063,0.0,0.0,0.0,0.0
40.951992604000004,0.0,0.0,0.0,0.0
40.954419921,0.0,0.0,0.0,0.0
40.971299263000006,0.0,0.0,0.0,0.0
40.973302522000004,0.0,0.0,0.0,0.0
40.990597381,5.0,5.0,0.0,0.0
40.992162728000004,5.0,5.0,0.0,0.0
41.012669530000004,5.0,5.0,0.0,0.0
41.016008607,5.0,5.0,0.0,0.0
41.031662755,5.0,5.0,0.14,0.14
41.034002572000006,5.0,5.0,0.28,0.561
41.053118765,5.0,5.0,0.841,1.122
41.056571174000005,5.0,5.0,1.543,1.823
41.060380715,5.0,5.0,2.244,2.524
41.071490538,5.0,5.0,2.805,3.366
41.090648762,5.0,5.0,3.506,3.787
41.092431815000005,5.0,5.0,3.787,4.488
41.111650766000004,5.0,5.0,4.207,4.768
41.114019542,5.0,5.0,4.488,5.049
41.131397368,5.0,5.0,4.768,5.329
41.13349823,5.0,5.0,4.768,5.61
41.151665475,5.0,5.0,5.049,5.61
41.153966074,5.0,5.0,5.189,5.47
41.17239243,5.0,5.0,5.189,5.47
41.175333752,5.0,5.0,5.189,5.47
41.190694986000004,5.0,5.0,5.47,5.47
41.192477362000005,5.0,5.0,5.189,5.329
41.211802042,5.0,5.0,5.329,5.189
41.21414087,5.0,5.0,5.61,4.909
41.231709111,5.0,5.0,5.47,4.909
41.234024501,5.0,5.0,5.47,4.768
41.251818938,5.0,5.0,5.61,4.628
41.254148130000004,5.0,5.0,5.47,4.768
41.271981993000004,5.0,5.0,5.329,4.768
41.274755764000005,5.0,5.0,5.329,4.909
41.290807824000005,5.0,5.0,5.189,4.909
41.292615877,5.0,5.0,5.049,4.909
41.311380719000006,5.0,5.0,5.049,5.049
41.313899806,5.0,5.0,5.189,5.049
41.331441589,5.0,5.0,4.909,5.049
41.333539325000004,5.0,5.0,5.049,5.049
41.351857193,5.0,5.0,5.049,5.049
41.354280708000005,5.0,5.0,4.909,5.049
41.371724263000004,5.0,5.0,5.189,4.909
41.374094601,5.0,5.0,5.049,5.049
41.390760977,5.0,5.0,4.909,4.909
41.392474552,5.0,5.0,5.049,4.768
41.412792553,5.0,5.0,5.049,5.049
41.416364232,5.0,5.0,4.768,4.768
41.418444053,5.0,5.0,5.049,4.768
41.431398804000004,5.0,5.0,5.189,4.768
41.452826585000004,5.0,5.0,5.049,4.628
41.456349358000004,5.0,5.0,5.189,4.348
41.459983640000004,5.0,5.0,5.329,4.628
41.470619198,5.0,5.0,5.189,4.628
41.490915898000004,5.0,5.0,5.049,4.628
41.492786763000005,5.0,5.0,5.049,4.768
41.512207743000005,5.0,5.0,5.049,5.049
41.514812193000004,5.0,5.0,4.768,4.909
41.531699765,5.0,5.0,4.909,5.189
41.534006770000005,5.0,5.0,4.909,5.049
41.552061514,5.0,5.0,4.768,5.049
41.554655808,5.0,5.0,4.909,5.049
41.572001133,5.0,5.0,4.909,5.049
41.574736831,5.0,5.0,4.768,5.189
41.590789306000005,5.0,5.0,5.049,5.049
41.592576682,5.0,5.0,4.909,5.049
41.611712351,5.0,5.0,4.909,5.049
41.614028262000005,5.0,5.0,4.909,5.049
41.631706084,5.0,5.0,5.049,5.049
41.634000224000005,5.0,5.0,4.909,4.909
41.651975438,5.0,5.0,4.909,5.049
41.654506868000006,5.0,5.0,5.049,4.909
41.672041670000006,5.0,5.0,5.049,4.909
41.674722629,5.0,5.0,4.909,4.909
41.690699376000005,5.0,5.0,5.049,4.909
41.692262796,5.0,5.0,4.909,4.768
41.712626889,5.0,5.0,4.909,4.909
41.715684198000005,5.0,5.0,5.049,4.909
41.730701164,5.0,5.0,4.909,5.049
41.732476925,5.0,5.0,4.768,5.049
41.751703427,5.0,5.0,5.049,5.049
41.753997203000004,5.0,5.0,4.909,5.049
41.771687368,5.0,5.0,4.768,5.049
41.774137549,5.0,5.0,5.049,5.049
41.790592780000004,5.0,5.0,5.049,5.189
41.792167137,5.0,5.0,4.768,4.909
41.812607531000005,5.0,5.0,5.049,5.049
41.815625674,5.0,5.0,5.189,4.909
41.832092259,5.0,5.0,4.909,4.909
41.834689365,5.0,5.0,4.909,4.909
41.852373176,5.0,5.0,5.189,4.909
41.855890272,5.0,5.0,5.049,4.909
41.870684271,5.0,5.0,4.909,4.909
41.872444199,5.0,5.0,5.049,5.049
41.890607171,5.0,5.0,5.189,4.909
41.892595638,5.0,5.0,4.909,5.049
41.912056929,5.0,5.0,5.189,5.049
41.914696014,5.0,5.0,5.049,5.049
41.931708686,5.0,5.0,5.049,5.049
41.934011160000004,5.0,5.0,5.049,5.049
41.951985905,5.0,5.0,4.909,5.049
41.954594105000005,5.0,5.0,5.049,5.049
41.972527653,5.0,5.0,5.049,5.049
41.975846574,5.0,5.0,4.909,5.189
41.978897372000006,5.0,5.0,5.049,5.049
41.991730196000006,5.0,5.0,5.049,5.049
42.012482045000006,5.0,5.0,5.049,4.909
42.0155605,5.0,5.0,4.768,5.049
42.030709704,5.0,5.0,5.049,5.049
42.032302759000004,5.0,5.0,5.189,5.049
42.051672801,5.0,5.0,4.909,5.049
42.054045118000005,5.0,5.0,4.909,5.049
42.071690908,5.0,5.0,5.189,5.189
42.074105360000004,5.0,5.0,4.909,5.189
42.090610747,5.0,5.0,4.909,5.189
42.092180573,5.0,5.0,5.049,5.189
42.113148721,5.0,5.0,4.909,5.049
42.116931283,5.0,5.0,4.909,5.189
42.118817199000006,5.0,5.0,5.049,5.049
42.131376641,5.0,5.0,4.909,5.049
42.153034938000005,5.0,5.0,4.909,5.049
42.156509274,5.0,5.0,5.189,5.049
42.160174284,5.0,5.0,5.049,5.049
42.170757290000005,5.0,5.0,5.049,4.909
42.190899562000006,5.0,5.0,5.189,5.049
42.192709594,5.0,5.0,5.049,5.049
42.212594630000005,5.0,5.0,4.909,5.049
42.215664960000005,5.0,5.0,5.049,5.049
42.231857277,5.0,5.0,5.049,5.049
42.234091575,5.0,5.0,4.909,5.189
42.25252871,5.0,5.0,4.909,5.049
42.255533885000006,5.0,5.0,5.049,5.049
42.270819598,5.0,5.0,4.909,5.189
42.272842700000005,5.0,5.0,4.909,5.189
42.291229315,5.0,5.0,5.049,5.049
42.292739090000005,5.0,5.0,4.909,5.189
42.312701208,5.0,5.0,4.909,5.049
42.315749038,5.0,5.0,5.049,5.189
42.331662557,5.0,5.0,4.909,5.189
42.333986332,5.0,5.0,5.049,5.049
42.352432947000004,5.0,5.0,5.049,5.049
42.355440049,5.0,5.0,4.909,5.189
42.372002726000005,5.0,5.0,4.909,5.329
42.374722435,5.0,5.0,5.189,5.189
42.390934387,5.0,5.0,5.049,5.189
42.392507495000004,5.0,5.0,4.909,5.189
42.411464572,5.0,5.0,5.189,4.909
42.413949336,5.0,5.0,5.189,4.909
42.431405753,5.0,5.0,5.049,4.768
42.433442762000006,5.0,5.0,5.329,4.628
42.451996979,5.0,5.0,5.47,4.628
42.454557107,5.0,5.0,5.049,4.628
42.472034409,5.0,5.0,5.329,4.628
42.474748389000005,5.0,5.0,5.189,4.768
42.490734615,5.0,5.0,5.189,4.768
42.492946309000004,5.0,5.0,5.049,4.909
42.511683701,5.0,5.0,5.049,4.909
42.513938363,5.0,5.0,4.909,5.049
42.532005868000006,5.0,5.0,5.049,4.909
42.534582713000006,5.0,5.0,4.909,5.189
42.551979494,5.0,5.0,4.909,5.189
42.554523944,5.0,5.0,4.909,5.049
42.572508063,5.0,5.0,4.909,5.189
42.575850004,5.0,5.0,4.768,5.189
42.590810927,5.0,5.0,4.768,5.049
42.592368565,5.0,5.0,4.909,5.189
42.611724282000004,5.0,5.0,4.909,5.049
42.613981444000004,5.0,5.0,4.909,5.049
42.632039207000005,5.0,5.0,4.909,5.049
42.634561001,5.0,5.0,5.049,5.049
42.651977209,5.0,5.0,4.909,4.909
42.654533066000006,5.0,5.0,5.189,4.909
42.672448747000004,5.0,5.0,5.049,4.909
42.675728137,5.0,5.0,5.049,4.628
42.690717966,5.0,5.0,5.329,4.488
42.692326229,5.0,5.0,5.47,4.628
42.711352939,5.0,5.0,5.189,4.488
42.713809161,5.0,5.0,5.189,4.628
42.731452398,5.0,5.0,5.189,4.768
42.733467531,5.0,5.0,4.909,5.049
42.752639865000006,5.0,5.0,5.049,4.909
42.755923890000005,5.0,5.0,4.909,5.189
42.758612661,5.0,5.0,4.768,5.049
42.771379703,5.0,5.0,4.768,5.189
42.790996876,5.0,5.0,4.909,5.189
42.792884511000004,5.0,5.0,4.628,5.189
42.811581798000006,5.0,5.0,4.768,5.189
42.814192132,5.0,5.0,4.768,5.189
42.831426467,5.0,5.0,4.628,5.049
42.833460819,5.0,5.0,4.768,5.049
42.852295761,5.0,5.0,4.768,5.189
42.854893335,5.0,5.0,4.909,5.049
42.872192201000004,5.0,5.0,4.628,5.049
42.87514524,5.0,5.0,5.049,4.909
42.890712875000006,5.0,5.0,4.909,5.049
42.892590562,5.0,5.0,4.909,4.909
42.911373213000005,5.0,5.0,4.909,4.909
42.913822977,5.0,5.0,5.049,4.909
42.93144663,5.0,5.0,5.049,4.768
42.933460357,5.0,5.0,5.049,4.768
42.952444933,5.0,5.0,5.189,4.909
42.955431826,5.0,5.0,5.049,4.768
42.971989449000006,5.0,5.0,5.049,4.768
42.97468671,5.0,5.0,5.049,4.768
42.990833297,5.0,5.0,5.049,5.049
42.992393071,5.0,5.0,4.909,4.768
43.012505238,5.0,5.0,5.049,4.909
43.015525985000004,5.0,5.0,4.909,5.049
43.030710916000004,5.0,5.0,4.768,4.909
43.032485531000006,5.0,5.0,5.049,5.049
43.051659688,5.0,5.0,4.768,4.909
43.053932631,5.0,5.0,4.768,4.909
43.072048622000004,5.0,5.0,5.049,5.049
43.074777289000004,5.0,5.0,4.909,5.049
43.090606327,5.0,5.0,4.768,4.909
43.092162143,5.0,5.0,4.909,5.049
43.113109925,5.0,5.0,5.049,5.189
43.116625510000006,5.0,5.0,4.768,5.049
43.120221146000006,5.0,5.0,4.909,5.189
43.130773787,5.0,5.0,4.909,5.189
43.152483696000004,5.0,5.0,4.909,5.049
43.155492776,5.0,5.0,4.909,5.049
43.171640404,5.0,5.0,4.909,5.049
43.174012513,5.0,5.0,5.049,5.189
43.190690604000004,5.0,5.0,4.909,5.049
43.192260169,5.0,5.0,5.189,5.049
43.213145244,5.0,5.0,5.189,4.909
43.216715047,5.0,5.0,5.049,5.049
43.218892054,5.0,5.0,5.189,4.909
43.23139264,5.0,5.0,5.329,4.909
43.252063967000005,5.0,5.0,5.049,4.768
43.254588678000005,5.0,5.0,5.189,4.909
43.272264466,5.0,5.0,5.329,4.909
43.275249120000005,5.0,5.0,5.049,4.768
43.290605091,5.0,5.0,5.189,4.909
43.292222781,5.0,5.0,5.329,5.049
43.311697142,5.0,5.0,5.049,4.909
43.31396045,5.0,5.0,5.189,4.909
43.332030557,5.0,5.0,5.189,5.049
43.33458084,5.0,5.0,5.049,5.049
43.352012464000005,5.0,5.0,5.049,4.909
43.354533738,5.0,5.0,5.189,5.189
43.372442127,5.0,5.0,4.909,5.049
43.375724955,5.0,5.0,5.049,5.049
43.390751502,5.0,5.0,4.909,5.189
43.392285651,5.0,5.0,4.909,5.329
43.411859178,5.0,5.0,4.909,5.049
43.414107017,5.0,5.0,5.049,5.049
43.432079,5.0,5.0,4.768,5.189
43.434649544,5.0,5.0,4.909,5.049
43.45246856,5.0,5.0,5.189,5.189
43.455437692000004,5.0,5.0,4.909,5.329
43.470842309000005,5.0,5.0,4.909,5.049
43.472866765000006,5.0,5.0,5.049,5.189
43.491196556000006,5.0,5.0,5.049,5.189
43.492728778,5.0,5.0,4.768,5.189
43.512646624000006,5.0,5.0,4.909,5.189
43.515661694,5.0,5.0,5.049,5.189
43.531705053,5.0,5.0,4.909,5.189
43.533923309,5.0,5.0,4.909,5.049
43.552434867,5.0,5.0,4.909,5.329
43.555411499,5.0,5.0,4.909,5.049
43.572001621000005,5.0,5.0,4.909,5.189
43.574715392,5.0,5.0,5.049,5.189
43.590804426000005,5.0,5.0,4.768,5.049
43.592366543000004,5.0,5.0,5.049,5.189
43.611726373,5.0,5.0,5.049,5.049
43.613978118000006,5.0,5.0,5.049,5.049
43.632492592000006,5.0,5.0,5.049,5.189
43.63545235,5.0,5.0,5.189,5.189
43.650952276000005,5.0,5.0,5.049,5.049
43.653405633000006,5.0,5.0,4.909,5.189
43.671659226,5.0,5.0,5.189,5.049
43.674055344,5.0,5.0,4.909,5.189
43.690657289,5.0,5.0,4.909,5.049
43.692378154000004,5.0,5.0,4.909,5.189
43.713055052,5.0,5.0,4.909,5.049
43.716708812,5.0,5.0,4.768,4.909
43.720375697,5.0,5.0,4.909,4.909
43.730783598,5.0,5.0,4.909,5.049
43.752424860000005,5.0,5.0,4.909,4.909
43.754965872,5.0,5.0,5.049,4.909
43.772002083000004,5.0,5.0,5.049,4.909
43.774675698,5.0,5.0,4.909,4.909
43.79066765,5.0,5.0,4.909,4.909
43.792243256000006,5.0,5.0,5.049,5.049
43.813298067000005,5.0,5.0,4.909,5.049
43.816937035,5.0,5.0,4.909,4.909
43.82061017,5.0,5.0,4.909,5.049
43.830790522,5.0,5.0,4.909,5.049
43.852636573000005,5.0,5.0,5.049,4.909
43.855585914,5.0,5.0,4.909,5.049
43.872033121,5.0,5.0,5.049,5.049
43.874706059000005,5.0,5.0,4.909,4.909
43.890766135,5.0,5.0,4.909,4.909
43.892538614,5.0,5.0,5.049,4.909
43.913690194000004,5.0,5.0,4.909,4.909
43.917219164,5.0,5.0,5.189,4.768
43.920927455000005,5.0,5.0,5.049,4.768
43.930771508,5.0,5.0,5.049,4.768
43.952482873,5.0,5.0,5.189,4.768
43.955439766000005,5.0,5.0,5.189,4.768
43.971999264000004,5.0,5.0,5.189,4.768
43.974731784,5.0,5.0,5.189,4.768
43.990636654,5.0,5.0,5.329,4.909
43.99218674,5.0,5.0,5.049,4.628
44.013071864000004,5.0,5.0,5.189,4.909
44.016695417,5.0,5.0,5.189,4.909
44.020155325000005,5.0,5.0,5.189,4.768
44.030780619000005,5.0,5.0,5.049,4.909
44.052476464,5.0,5.0,5.049,4.768
44.055390076,5.0,5.0,5.049,4.909
44.071998323,5.0,5.0,4.909,5.049
44.074660480000006,5.0,5.0,5.049,4.909
44.090825450000004,5.0,5.0,4.768,5.049
44.092378870000005,5.0,5.0,4.909,5.049
44.113394670000005,5.0,5.0,4.909,4.909
44.117117023000006,5.0,5.0,4.768,4.909
44.120567400000006,5.0,5.0,4.768,5.049
44.130792387,5.0,5.0,4.909,4.909
44.152515001000005,5.0,5.0,4.768,5.049
44.15544028,5.0,5.0,4.768,4.909
44.1720216,5.0,5.0,4.909,5.049
44.17472308,5.0,5.0,5.049,4.909
44.190649147,5.0,5.0,4.909,4.909
44.192192879000004,5.0,5.0,4.909,5.049
44.213085087,5.0,5.0,5.189,4.909
44.216553016000006,5.0,5.0,5.049,4.909
44.220178859,5.0,5.0,5.049,4.768
44.230839726,5.0,5.0,5.189,5.049
44.252450415000006,5.0,5.0,5.049,4.909
44.255389653,5.0,5.0,5.189,4.909
44.272092794,5.0,5.0,5.189,4.909
44.274808075,5.0,5.0,5.049,4.909
44.290698413,5.0,5.0,5.329,4.909
44.292255687,5.0,5.0,5.189,4.909
44.311578538000006,5.0,5.0,5.049,5.049
44.314198977000004,5.0,5.0,5.189,4.768
44.331195396000005,5.0,5.0,5.189,4.909
44.332927928000004,5.0,5.0,5.049,4.909
44.353326652,5.0,5.0,4.909,4.909
44.356856195000006,5.0,5.0,5.049,5.049
44.3589494,5.0,5.0,4.768,4.909
44.371406861000004,5.0,5.0,4.768,5.049
44.391272310000005,5.0,5.0,4.909,5.049
44.393156976,5.0,5.0,4.909,5.189
44.411390568,5.0,5.0,4.768,5.049
44.413817832,5.0,5.0,4.909,5.189
44.431749553,5.0,5.0,4.909,5.049
44.434008277000004,5.0,5.0,4.768,5.189
44.452507387000004,5.0,5.0,5.049,5.189
44.455473551000004,5.0,5.0,5.049,5.189
44.472064662,5.0,5.0,4.909,5.189
44.474767183000004,5.0,5.0,4.909,5.049
44.490815749,5.0,5.0,5.189,5.049
44.492974735000004,5.0,5.0,4.909,5.049
44.511363273,5.0,5.0,4.909,5.049
44.513829807,5.0,5.0,5.189,5.049
44.531425178,5.0,5.0,5.049,4.909
44.533472759000006,5.0,5.0,4.909,4.909
44.552496548,5.0,5.0,5.049,4.909
44.555435837000005,5.0,5.0,5.049,5.049
44.571992833,5.0,5.0,4.909,4.909
44.574707124,5.0,5.0,5.049,5.049
44.590680429,5.0,5.0,4.909,5.049
44.592230150000006,5.0,5.0,4.909,5.049
44.613011211,5.0,5.0,5.049,5.049
44.616392006000005,5.0,5.0,4.909,5.189
44.630826317,5.0,5.0,4.909,5.049
44.632795826000006,5.0,5.0,5.049,5.189
44.651640399,5.0,5.0,5.049,5.329
44.6538873,5.0,5.0,4.909,5.049
44.673113535000006,5.0,5.0,5.049,5.189
44.677209061000006,5.0,5.0,5.049,5.049
44.680426888,5.0,5.0,5.049,5.189
44.692507946000006,5.0,5.0,4.909,5.049
44.711525278,5.0,5.0,5.189,5.049
44.71402728,5.0,5.0,4.909,5.189
44.731712127,5.0,5.0,4.909,5.049
44.733960122000006,5.0,5.0,5.049,5.189
44.752481053000004,5.0,5.0,4.909,5.189
44.755557215,5.0,5.0,4.909,5.049
44.771961712,5.0,5.0,5.049,5.189
44.775042875000004,5.0,5.0,4.909,5.049
44.790636340000006,5.0,5.0,4.909,5.049
44.792380955000006,5.0,5.0,5.049,5.049
44.812028904,5.0,5.0,5.049,5.189
44.814551687000005,5.0,5.0,5.049,4.909
44.832459917,5.0,5.0,5.189,5.049
44.835337905,5.0,5.0,5.049,5.189
44.852020941,5.0,5.0,4.909,5.049
44.854590390000006,5.0,5.0,5.189,5.049
44.870848066,5.0,5.0,5.049,5.189
44.872645337,5.0,5.0,5.049,5.049
44.890769866,5.0,5.0,5.049,5.189
44.892339848000006,5.0,5.0,5.189,5.049
44.912598572,5.0,5.0,4.909,5.189
44.915569475000005,5.0,5.0,4.909,5.049
44.932062669000004,5.0,5.0,5.049,5.049
44.934586181,5.0,5.0,4.909,5.049
44.952460557,5.0,5.0,4.909,5.049
44.955419481,5.0,5.0,5.189,5.049
44.972005279,5.0,5.0,4.909,4.909
44.975125607,5.0,5.0,5.049,4.909
44.990604907000005,5.0,5.0,5.189,4.768
44.992265148,5.0,5.0,5.049,4.909
45.012061168,5.0,5.0,5.049,4.909
45.014572650000005,5.0,5.0,5.189,4.909
45.032556400000004,5.0,5.0,5.049,4.909
45.035505636,5.0,5.0,5.049,4.909
45.052140131,5.0,5.0,5.049,5.049
45.055053691000005,5.0,5.0,5.049,5.049
45.070684916000005,5.0,5.0,4.909,5.049
45.072433489000005,5.0,5.0,4.909,5.049
45.090897129000005,5.0,5.0,5.049,5.049
45.092498048,5.0,5.0,4.909,4.909
45.112642867000005,5.0,5.0,4.909,5.049
45.115555021000006,5.0,5.0,5.189,4.909
45.132151235,5.0,5.0,4.909,4.909
45.134705684000004,5.0,5.0,4.909,4.768
45.152345844,5.0,5.0,5.049,4.909
45.155300289,5.0,5.0,5.049,4.768
45.171899524000004,5.0,5.0,5.049,4.909
45.17501355,5.0,5.0,5.049,4.909
45.190969198000005,5.0,5.0,4.909,4.768
45.192693762000005,5.0,5.0,5.049,4.909
45.212195411,5.0,5.0,5.189,4.909
45.214809339000006,5.0,5.0,4.909,4.909
45.232078618,5.0,5.0,4.909,4.909
45.234611505000004,5.0,5.0,5.049,4.909
45.252463173,5.0,5.0,5.049,5.049
45.255412514,5.0,5.0,4.909,4.768
45.271992009,5.0,5.0,5.049,5.049
45.27512166,5.0,5.0,5.049,4.909
45.290634606000005,5.0,5.0,4.909,4.768
45.292415835,5.0,5.0,5.049,4.909
45.311509259000005,5.0,5.0,4.909,4.909
45.314007095,5.0,5.0,4.909,4.909
45.331714338000005,5.0,5.0,5.049,4.768
45.333946812,5.0,5.0,5.049,4.909
45.353080757,5.0,5.0,5.049,4.909
45.356478217,5.0,5.0,5.049,4.768
45.359927761,5.0,5.0,5.189,5.049
45.371856893,5.0,5.0,4.909,4.909
45.390812819000004,5.0,5.0,5.049,4.768
45.392501081000006,5.0,5.0,5.189,4.909
45.411712108,5.0,5.0,4.909,4.909
45.413976717000004,5.0,5.0,4.909,4.909
45.433082850000005,5.0,5.0,5.049,5.049
45.436711974000005,5.0,5.0,5.049,4.909
45.439711263,5.0,5.0,4.909,4.909
45.451421856,5.0,5.0,5.189,5.049
45.472517341,5.0,5.0,5.049,4.909
45.476567710000005,5.0,5.0,4.909,4.909
45.480719433000004,5.0,5.0,5.189,4.909
45.492285028000005,5.0,5.0,4.909,4.909
45.511837926000005,5.0,5.0,4.909,5.049
45.514086442,5.0,5.0,4.909,4.909
45.532528936000006,5.0,5.0,4.909,5.049
45.5355026,5.0,5.0,4.768,5.049
45.552025792,5.0,5.0,5.049,4.909
45.554530971000005,5.0,5.0,4.909,5.049
45.572420137,5.0,5.0,4.768,5.049
45.577255965000006,5.0,5.0,5.049,4.909
45.580948474,5.0,5.0,5.049,4.909
45.592505579000004,5.0,5.0,4.768,5.049
45.611516867000006,5.0,5.0,4.909,4.909
45.614031994,5.0,5.0,4.909,5.049
45.631738401,5.0,5.0,4.909,4.909
45.634012177,5.0,5.0,4.909,5.049
45.653000496000004,5.0,5.0,5.049,5.049
45.656548892,5.0,5.0,5.049,5.049
45.659747553,5.0,5.0,4.909,5.049
45.671507676000004,5.0,5.0,5.049,5.049
45.691199529,5.0,5.0,5.049,5.049
45.693090548,5.0,5.0,4.909,5.049
45.711383824,5.0,5.0,5.049,5.049
45.713866712000005,5.0,5.0,4.909,5.049
45.731470464000004,5.0,5.0,4.909,5.049
45.733504243000006,5.0,5.0,4.909,5.049
45.752450531,5.0,5.0,4.909,5.189
45.755386174,5.0,5.0,4.768,5.049
45.771960355000004,5.0,5.0,5.049,5.049
45.775160735,5.0,5.0,5.049,5.049
45.790610033,5.0,5.0,4.768,5.049
45.792282149,5.0,5.0,5.049,5.049
45.812057178,5.0,5.0,5.049,5.049
45.81460819,5.0,5.0,4.909,5.049
45.83209059,5.0,5.0,5.049,5.049
45.834617956,5.0,5.0,5.189,5.049
45.852595298000004,5.0,5.0,5.049,4.909
45.855594586,5.0,5.0,4.909,5.049
45.872083403000005,5.0,5.0,5.189,4.909
45.875212117000004,5.0,5.0,5.049,5.049
45.891348126000004,5.0,5.0,4.909,5.049
45.893098210000005,5.0,5.0,5.049,5.049
45.91183523,5.0,5.0,5.049,5.049
45.915339929000005,5.0,5.0,4.909,5.049
45.930872924000006,5.0,5.0,5.049,5.049
45.932780402000006,5.0,5.0,5.049,5.049
45.951459246000006,5.0,5.0,5.049,5.049
45.953483753,5.0,5.0,5.049,4.909
45.972483844,5.0,5.0,5.049,5.189
45.976741763,5.0,5.0,5.049,5.049
45.979954121000006,5.0,5.0,5.049,5.189
45.991873721000005,5.0,5.0,5.049,5.049
46.013059463000005,5.0,5.0,4.909,5.189
46.016514006,5.0,5.0,5.049,5.189
46.020334170000005,5.0,5.0,5.189,5.189
46.030672642000006,5.0,5.0,5.049,5.189
46.052480460000005,5.0,5.0,5.049,5.049
46.055452457,5.0,5.0,5.049,5.189
46.071985597,5.0,5.0,5.049,5.189
46.075015926000006,5.0,5.0,5.049,5.189
46.090629441000004,5.0,5.0,5.189,5.189
46.09219885,5.0,5.0,4.909,5.189
46.11171607,5.0,5.0,5.049,5.049
46.113971252000006,5.0,5.0,5.049,5.189
46.132294475,5.0,5.0,4.768,5.329
46.134852258,5.0,5.0,4.909,5.189
46.152222888000004,5.0,5.0,5.049,5.189
46.155183791000006,5.0,5.0,4.909,5.189
46.171974896,5.0,5.0,4.768,5.049
46.175024965000006,5.0,5.0,5.049,5.189
46.190673063000006,5.0,5.0,5.049,5.049
46.192369866,5.0,5.0,4.768,5.049
46.211946356000006,5.0,5.0,5.049,5.049
46.214377473000006,5.0,5.0,5.049,5.049
46.232571479,5.0,5.0,4.768,4.768
46.235572590000004,5.0,5.0,5.049,4.909
46.252014481,5.0,5.0,5.049,4.909
46.254926322,5.0,5.0,5.049,4.909
46.271595033000004,5.0,5.0,5.049,4.768
46.275284417,5.0,5.0,5.329,4.909
46.290891162,5.0,5.0,5.049,4.909
46.292481612,5.0,5.0,5.189,4.909
46.312259141000006,5.0,5.0,5.189,5.049
46.314819580000005,5.0,5.0,5.189,4.909
46.332532185000005,5.0,5.0,5.049,5.049
46.335428245,5.0,5.0,5.189,4.909
46.351913626000005,5.0,5.0,5.049,5.049
46.354829216000006,5.0,5.0,5.049,4.909
46.3708533,5.0,5.0,5.049,4.909
46.373998211,5.0,5.0,5.049,4.909
46.390629579000006,5.0,5.0,4.909,4.768
46.392389975,5.0,5.0,5.049,4.768
46.412094068,5.0,5.0,4.909,4.768
46.414626746,5.0,5.0,4.909,4.768
46.432017116000004,5.0,5.0,5.049,4.909
46.434548076000006,5.0,5.0,4.909,4.909
46.452721718,5.0,5.0,4.768,4.909
46.455710849000006,5.0,5.0,5.049,4.909
46.472019044,5.0,5.0,4.909,5.049
46.475112966000005,5.0,5.0,4.768,4.909
46.490946479,5.0,5.0,5.049,4.909
46.492645261,5.0,5.0,5.049,4.909
46.511370667,5.0,5.0,4.909,4.909
46.513842982,5.0,5.0,5.049,4.768
46.531459599,5.0,5.0,5.049,4.909
46.533512439000006,5.0,5.0,5.049,4.909
46.552517267000006,5.0,5.0,5.049,4.909
46.555478534,5.0,5.0,5.049,4.768
46.572002037000004,5.0,5.0,4.909,4.909
46.575140334000004,5.0,5.0,4.909,4.909
46.590810565000005,5.0,5.0,5.049,4.768
46.592509712,5.0,5.0,4.909,4.909
46.611433291000004,5.0,5.0,5.049,4.909
46.614376590000006,5.0,5.0,5.049,4.909
46.631234516000006,5.0,5.0,5.049,5.049
46.633106942000005,5.0,5.0,4.909,4.909
46.652526036000005,5.0,5.0,5.189,4.909
46.655503969,5.0,5.0,5.049,4.909
46.671906067,5.0,5.0,5.049,4.909
46.674990406000006,5.0,5.0,4.909,5.049
46.690684075,5.0,5.0,5.049,4.909
46.692382388000006,5.0,5.0,4.768,5.189
46.711550183,5.0,5.0,4.768,5.049
46.714036143,5.0,5.0,4.909,5.049
46.731472761000006,5.0,5.0,4.768,5.049
46.733588413,5.0,5.0,4.909,5.049
46.752264234,5.0,5.0,5.049,5.049
46.754826131,5.0,5.0,4.768,5.049
46.772516756,5.0,5.0,5.049,4.909
46.776316607000005,5.0,5.0,4.909,4.909
46.779712036,5.0,5.0,4.909,5.049
46.792355845,5.0,5.0,5.049,4.768
46.811561035000004,5.0,5.0,5.049,4.909
46.81449449,5.0,5.0,5.049,4.909
46.831226688,5.0,5.0,5.049,4.768
46.833116822,5.0,5.0,5.189,4.768
46.852501125,5.0,5.0,5.049,4.909
46.855441351,5.0,5.0,4.909,4.909
46.872094956000005,5.0,5.0,4.909,5.049
46.874787789,5.0,5.0,5.049,5.049
46.890846714000006,5.0,5.0,4.768,5.049
46.892541799,5.0,5.0,4.768,5.189
46.912290107000004,5.0,5.0,4.909,5.049
46.915794701,5.0,5.0,4.909,5.189
46.930832753000004,5.0,5.0,4.768,5.189
46.933530638,5.0,5.0,5.049,5.189
46.951293554,5.0,5.0,4.768,5.189
46.954258258,5.0,5.0,4.909,5.049
46.971216027000004,5.0,5.0,5.049,5.189
46.973135171,5.0,5.0,4.909,5.189
46.990609548,5.0,5.0,4.909,5.049
46.992177967,5.0,5.0,5.049,5.049
47.012562414,5.0,5.0,5.049,5.189
47.01555415,5.0,5.0,4.909,5.049
47.032097548,5.0,5.0,5.049,5.049
47.034635175000005,5.0,5.0,5.049,5.049
47.052438194000004,5.0,5.0,4.909,5.049
47.055945601000005,5.0,5.0,4.909,4.909
47.070708135000004,5.0,5.0,5.049,5.049
47.073079201000006,5.0,5.0,4.909,4.909
47.090636389000004,5.0,5.0,5.049,4.909
47.092375015,5.0,5.0,5.049,5.049
47.112360456000005,5.0,5.0,4.768,5.049
47.114897978,5.0,5.0,5.049,5.049
47.132051578,5.0,5.0,5.049,4.909
47.134620871,5.0,5.0,5.049,5.049
47.152495191,5.0,5.0,4.909,5.049
47.155466823000005,5.0,5.0,5.189,5.189
47.171176117,5.0,5.0,4.909,5.049
47.174241028000004,5.0,5.0,4.909,5.049
47.190701928,5.0,5.0,5.189,5.189
47.192335763,5.0,5.0,5.049,5.049
47.212064957,5.0,5.0,5.049,5.049
47.214741592,5.0,5.0,5.049,5.189
47.232504872,5.0,5.0,5.049,5.049
47.235461973,5.0,5.0,4.909,5.049
47.251338973,5.0,5.0,5.049,5.049
47.254318678000004,5.0,5.0,5.189,4.909
47.270845358,5.0,5.0,5.049,4.909
47.273781729,5.0,5.0,5.329,4.768
47.290648197,5.0,5.0,5.329,4.768
47.292311511,5.0,5.0,5.189,4.768
47.312097944,5.0,5.0,5.329,4.768
47.314645258000006,5.0,5.0,5.189,5.049
47.33210875,5.0,5.0,5.049,5.189
47.334635387000006,5.0,5.0,5.049,5.189
47.352391531,5.0,5.0,4.909,5.329
47.355895605,5.0,5.0,4.768,5.329
47.370982093,5.0,5.0,4.909,5.329
47.374063724,5.0,5.0,4.909,5.47
47.390664830000006,5.0,5.0,4.768,5.329
47.392408768,5.0,5.0,4.768,5.47
47.411451929,5.0,5.0,5.049,5.47
47.414357884000005,5.0,5.0,4.768,5.329
47.431226904000006,5.0,5.0,4.909,5.329
47.433124538,5.0,5.0,5.049,5.189
47.4525341,5.0,5.0,4.909,5.049
47.455498076000005,5.0,5.0,4.909,5.049
47.472285065,5.0,5.0,5.049,5.049
47.474977013,5.0,5.0,5.049,5.049
47.490837867,5.0,5.0,4.909,4.909
47.492551389000006,5.0,5.0,5.049,4.909
47.511570279000004,5.0,5.0,5.049,4.909
47.514482016,5.0,5.0,5.049,4.768
47.530878853000004,5.0,5.0,5.049,4.909
47.533590019,5.0,5.0,5.189,4.768
47.551393193,5.0,5.0,5.049,4.768
47.553856132,5.0,5.0,5.189,4.768
47.571718264000005,5.0,5.0,5.049,4.909
47.574063444000004,5.0,5.0,5.049,4.909
47.591207042,5.0,5.0,5.049,4.909
47.593306288,5.0,5.0,5.189,5.049
47.611505394000005,5.0,5.0,4.909,4.909
47.614466557,5.0,5.0,5.049,5.049
47.630983184,5.0,5.0,5.049,4.909
47.633987731000005,5.0,5.0,5.049,5.049
47.650843468000005,5.0,5.0,4.909,5.049
47.653834422,5.0,5.0,5.049,5.049
47.670993593000006,5.0,5.0,4.909,5.049
47.673203567,5.0,5.0,4.909,4.909
47.690648828,5.0,5.0,5.049,5.049
47.692409953,5.0,5.0,5.049,4.909
47.71176191,5.0,5.0,5.049,4.768
47.714059071,5.0,5.0,5.049,4.768
47.732061669000004,5.0,5.0,5.189,4.768
47.734612264000006,5.0,5.0,4.909,4.768
47.752103149,5.0,5.0,5.189,4.768
47.75497098,5.0,5.0,5.049,4.768
47.770720063000006,5.0,5.0,5.049,4.768
47.773728882,5.0,5.0,4.909,4.768
47.790659253,5.0,5.0,5.189,4.909
47.792350171,5.0,5.0,5.049,4.628
47.811691139000004,5.0,5.0,5.189,4.488
47.814181421,5.0,5.0,5.329,4.488
47.831450435,5.0,5.0,5.189,4.628
47.833518952000006,5.0,5.0,5.189,4.488
47.852559246000006,5.0,5.0,5.189,4.768
47.855497753,5.0,5.0,5.049,4.768
47.870839706000005,5.0,5.0,5.049,4.909
47.873852483,5.0,5.0,4.909,4.909
47.890647543,5.0,5.0,4.909,5.049
47.892343461,5.0,5.0,4.909,5.049
47.911744428000006,5.0,5.0,4.909,5.049
47.914652466,5.0,5.0,4.768,5.049
47.930849669000004,5.0,5.0,4.768,5.049
47.933452867,5.0,5.0,5.049,5.049
47.951349998000005,5.0,5.0,4.909,5.189
47.953887364,5.0,5.0,5.049,5.049
47.971451009000006,5.0,5.0,5.049,5.049
47.97362364,5.0,5.0,5.049,4.909
47.990889372000005,5.0,5.0,4.909,5.049
47.992900702,5.0,5.0,5.049,4.909
48.013183117000004,5.0,5.0,5.049,5.049
48.016756720000004,5.0,5.0,4.909,5.049
48.020356,5.0,5.0,4.909,4.909
48.030838949,5.0,5.0,5.049,5.049
48.051836095000006,5.0,5.0,4.909,5.049
48.054776372000006,5.0,5.0,4.909,4.909
48.070837796000006,5.0,5.0,5.049,5.049
48.072853918,5.0,5.0,4.909,5.049
48.091210991000004,5.0,5.0,5.049,4.909
48.092768212,5.0,5.0,5.049,5.049
48.112711517,5.0,5.0,4.768,4.909
48.115700335,5.0,5.0,4.909,4.909
48.132046964000004,5.0,5.0,5.049,5.049
48.134594590000006,5.0,5.0,4.909,4.909
48.152495471,5.0,5.0,4.909,5.049
48.155952773,5.0,5.0,4.909,5.049
48.159752051000005,5.0,5.0,5.049,5.049
48.170677911000006,5.0,5.0,4.768,5.049
48.191177042,5.0,5.0,5.049,5.049
48.193250038,5.0,5.0,4.909,5.189
48.211585861,5.0,5.0,4.909,5.049
48.214334839,5.0,5.0,4.909,4.909
48.231509635,5.0,5.0,5.049,5.189
48.233616224,5.0,5.0,4.768,5.049
48.252476625,5.0,5.0,4.909,4.909
48.255440965000005,5.0,5.0,5.049,5.189
48.272025195000005,5.0,5.0,4.909,5.049
48.274686621,5.0,5.0,4.909,4.909
48.290977469000005,5.0,5.0,5.189,5.049
48.292773073000006,5.0,5.0,5.049,5.049
48.311306134000006,5.0,5.0,5.049,4.909
48.314295734000005,5.0,5.0,5.189,5.049
48.330994598000004,5.0,5.0,5.189,5.049
48.333871542000004,5.0,5.0,4.909,5.049
48.351014516000006,5.0,5.0,5.189,5.049
48.353780056000005,5.0,5.0,5.049,5.049
48.371034798000004,5.0,5.0,5.049,5.049
48.373309303000006,5.0,5.0,5.049,5.189
48.390599878,5.0,5.0,5.049,5.049
48.392202099,5.0,5.0,4.768,5.189
48.41330466,5.0,5.0,5.049,5.049
48.416848056000006,5.0,5.0,5.049,5.329
48.420504887,5.0,5.0,4.768,5.049
48.430810910000005,5.0,5.0,5.049,5.189
48.451728266,5.0,5.0,4.909,5.049
48.454343235,5.0,5.0,4.768,5.189
48.47096262,5.0,5.0,5.049,5.049
48.473465403000006,5.0,5.0,5.049,5.189
48.490611137,5.0,5.0,4.909,5.049
48.492297002,5.0,5.0,4.909,5.189
48.51175526,5.0,5.0,5.189,5.049
48.514441270000006,5.0,5.0,5.049,5.189
48.531716585000005,5.0,5.0,5.049,5.049
48.534046922,5.0,5.0,5.189,5.049
48.552456388,5.0,5.0,5.189,5.189
48.556113636000006,5.0,5.0,4.909,5.049
48.559799634,5.0,5.0,5.049,5.049
48.570650597000004,5.0,5.0,5.049,5.189
48.590742127000006,5.0,5.0,4.909,5.049
48.592795853000005,5.0,5.0,4.909,5.189
48.611705522,5.0,5.0,4.768,5.189
48.614035390000005,5.0,5.0,4.909,5.189
48.632113819000004,5.0,5.0,4.909,5.329
48.634668632,5.0,5.0,5.049,5.189
48.652146339000005,5.0,5.0,4.909,5.329
48.655125522000006,5.0,5.0,4.909,5.329
48.670698095000006,5.0,5.0,5.049,5.189
48.672613125000005,5.0,5.0,4.909,5.189
48.690580149000006,5.0,5.0,5.049,5.049
48.692257941,5.0,5.0,5.189,5.049
48.711743645000006,5.0,5.0,5.049,4.909
48.714060180000004,5.0,5.0,5.049,4.909
48.731432002000005,5.0,5.0,5.329,4.909
48.733517863,5.0,5.0,5.049,4.909
48.752531801,5.0,5.0,5.049,4.768
48.75547004800001,5.0,5.0,5.049,4.909
48.770837884,5.0,5.0,5.049,4.909
48.772941296000006,5.0,5.0,4.909,4.909
48.790571658000005,5.0,5.0,4.909,4.909
48.792166691000006,5.0,5.0,5.049,5.049
48.812034265,5.0,5.0,4.909,4.909
48.814787826,5.0,5.0,5.049,5.049
48.831213722,5.0,5.0,4.909,4.909
48.833161876000005,5.0,5.0,4.909,4.909
48.852349406,5.0,5.0,5.049,4.909
48.854952292,5.0,5.0,5.189,5.049
48.872315834000005,5.0,5.0,4.909,4.909
48.875660741000004,5.0,5.0,5.189,4.909
48.89058124,5.0,5.0,5.189,4.909
48.892181533000006,5.0,5.0,4.909,4.909
48.911817027000005,5.0,5.0,5.049,4.909
48.914393194000006,5.0,5.0,5.189,4.909
48.930994609,5.0,5.0,5.049,4.909
48.933230884000004,5.0,5.0,5.049,4.768
48.951226919,5.0,5.0,5.049,4.909
48.953609286,5.0,5.0,5.049,4.909
48.971186992,5.0,5.0,4.909,4.768
48.973605661,5.0,5.0,5.049,5.049
48.99060707100001,5.0,5.0,4.909,4.768
48.99221132300001,5.0,5.0,5.049,4.909
49.012026554,5.0,5.0,5.049,4.909
49.014580013,5.0,5.0,4.909,4.768
49.032038606,5.0,5.0,5.049,4.909
49.034607429000005,5.0,5.0,5.049,4.909
49.052319508000004,5.0,5.0,5.049,4.909
49.054896144000004,5.0,5.0,4.909,4.768
49.072471037,5.0,5.0,5.049,4.909
49.076293596000006,5.0,5.0,5.049,4.909
49.090963368000004,5.0,5.0,4.909,4.768
49.092633348,5.0,5.0,5.049,4.909
49.111780826,5.0,5.0,5.049,4.909
49.114389597000006,5.0,5.0,4.909,4.768
49.131297103,5.0,5.0,4.909,4.909
49.133598065,5.0,5.0,5.049,4.909
49.151188947,5.0,5.0,4.768,4.909
49.153447983,5.0,5.0,4.909,4.909
49.171205999,5.0,5.0,5.049,4.909
49.173519513,5.0,5.0,4.768,5.049
49.190588162000005,5.0,5.0,5.049,4.909
49.192186008,5.0,5.0,5.049,5.049
49.211803793,5.0,5.0,5.049,5.049
49.214221056,5.0,5.0,4.909,4.909
49.231419912,5.0,5.0,5.189,5.049
49.23353145,5.0,5.0,5.049,5.049
49.25250518,5.0,5.0,4.909,5.049
49.255498426,5.0,5.0,5.049,4.909
49.272070206,5.0,5.0,5.049,5.049
49.274789496000004,5.0,5.0,4.909,4.909
49.290802117000005,5.0,5.0,5.049,4.768
49.292510326000006,5.0,5.0,4.909,4.909
49.311528483000004,5.0,5.0,4.768,4.909
49.314072463,5.0,5.0,5.049,4.909
49.331218507,5.0,5.0,4.909,4.909
49.33340546,5.0,5.0,4.768,4.909
49.351443056,5.0,5.0,4.909,4.909
49.353860579000006,5.0,5.0,5.049,5.049
49.371196778000005,5.0,5.0,4.768,5.049
49.373136286000005,5.0,5.0,4.909,5.049
49.390607587000005,5.0,5.0,5.189,5.049
49.392316264,5.0,5.0,4.909,5.049
49.412081392000005,5.0,5.0,5.049,5.049
49.4146736,5.0,5.0,5.049,5.049
49.432064485000005,5.0,5.0,5.049,5.049
49.434644923,5.0,5.0,5.049,5.049
49.452403460000006,5.0,5.0,5.049,4.909
49.455876700000005,5.0,5.0,5.049,5.049
49.470680949000005,5.0,5.0,5.049,4.909
49.472470199,5.0,5.0,5.049,5.049
49.490646647000005,5.0,5.0,5.049,4.909
49.492274805,5.0,5.0,4.909,5.049
49.512064099,5.0,5.0,5.049,5.049
49.514644797,5.0,5.0,4.909,5.049
49.532022088000005,5.0,5.0,4.768,5.049
49.53463914,5.0,5.0,5.049,5.189
49.55250007,5.0,5.0,4.909,5.049
49.555478367000006,5.0,5.0,4.909,5.049
49.571020211000004,5.0,5.0,5.049,5.189
49.573262319,5.0,5.0,5.189,5.049
49.590582682000004,5.0,5.0,4.909,5.189
49.592194277000004,5.0,5.0,5.049,4.909
49.612082995,5.0,5.0,5.189,5.049
49.614716974000004,5.0,5.0,5.049,5.049
49.632037129000004,5.0,5.0,5.049,4.909
49.634644025,5.0,5.0,5.329,5.049
49.652490736000004,5.0,5.0,5.049,5.049
49.655475439,5.0,5.0,5.049,4.909
49.670829577000006,5.0,5.0,5.189,5.049
49.672881062,5.0,5.0,5.049,5.049
49.690722513000004,5.0,5.0,4.909,5.049
49.692331035,5.0,5.0,5.189,5.189
49.712111473,5.0,5.0,5.049,5.049
49.714703525000004,5.0,5.0,4.768,5.189
49.731742434000004,5.0,5.0,5.049,5.049
49.734085374,5.0,5.0,4.909,5.189
49.752740513000006,5.0,5.0,4.768,5.049
49.755854278,5.0,5.0,5.049,5.189
49.770835555000005,5.0,5.0,4.909,5.189
49.772866572000005,5.0,5.0,4.768,5.189
49.790959947000005,5.0,5.0,5.049,5.189
49.792588990000006,5.0,5.0,5.049,5.189
49.812249012,5.0,5.0,4.909,5.189
49.814865647000005,5.0,5.0,5.049,5.189
49.832030544000006,5.0,5.0,5.049,5.189
49.834679679000004,5.0,5.0,4.909,5.049
49.852501442000005,5.0,5.0,4.909,5.189
49.855470834,5.0,5.0,5.049,5.049
49.871299913,5.0,5.0,4.909,5.189
49.873508740000005,5.0,5.0,4.909,5.049
49.890651398,5.0,5.0,5.189,5.049
49.892259191,5.0,5.0,5.049,5.189
49.912079107000004,5.0,5.0,4.909,5.189
49.914652982,5.0,5.0,5.189,5.049
49.931476685,5.0,5.0,5.049,5.189
49.933611399,5.0,5.0,5.049,5.049
49.952061436,5.0,5.0,5.049,5.189
49.954660676,5.0,5.0,5.189,5.049
49.972419263000006,5.0,5.0,5.049,5.049
49.976275310000005,5.0,5.0,5.049,4.909
49.980425885,5.0,5.0,5.189,4.909
49.992094234,5.0,5.0,5.189,4.768
50.011617487,5.0,5.0,5.329,4.628
50.014322142000005,5.0,5.0,5.329,4.488
50.031234437,5.0,5.0,5.189,4.488
50.033176289000004,5.0,5.0,5.189,4.488
50.051700232,5.0,5.0,5.189,4.768
50.054022964000005,5.0,5.0,4.768,4.909
50.071423847000005,5.0,5.0,4.909,4.909
50.073549394000004,5.0,5.0,5.049,4.909
50.090579449,5.0,5.0,4.628,5.049
50.092182763000004,5.0,5.0,4.909,5.049
50.112040856,5.0,5.0,4.909,5.189
50.114636502,5.0,5.0,4.768,5.189
50.132021292000005,5.0,5.0,4.909,5.049
50.13463422900001,5.0,5.0,5.049,5.049
50.152464065000004,5.0,5.0,5.049,5.189
50.155489289,5.0,5.0,5.049,4.909
50.170823531,5.0,5.0,5.049,5.049
50.172872256000005,5.0,5.0,5.189,4.909
50.190866986,5.0,5.0,4.909,4.909
50.192461186,5.0,5.0,5.189,5.049
50.212232613000005,5.0,5.0,5.189,4.909
50.214889769,5.0,5.0,5.049,4.909
50.231408215,5.0,5.0,5.049,4.909
50.233499127,5.0,5.0,5.049,5.049
50.252052861,5.0,5.0,5.049,4.909
50.254660329000004,5.0,5.0,5.049,4.909
50.272043244,5.0,5.0,5.049,5.049
50.274846283,5.0,5.0,4.909,4.909
50.290803642,5.0,5.0,4.909,4.768
50.292373832,5.0,5.0,5.049,4.909
50.311449487000004,5.0,5.0,4.909,4.909
50.313634148000006,5.0,5.0,5.049,4.768
50.331415808,5.0,5.0,4.909,4.768
50.333517345000004,5.0,5.0,4.909,4.909
50.351675719000006,5.0,5.0,4.909,4.909
50.35399392,5.0,5.0,5.049,4.909
50.371416157000006,5.0,5.0,4.768,4.909
50.373606756,5.0,5.0,4.909,5.049
50.390639102,5.0,5.0,5.049,4.909
50.39218976,5.0,5.0,4.768,4.909
50.412049156,5.0,5.0,4.909,5.049
50.414639958,5.0,5.0,4.909,4.909
50.431449181000005,5.0,5.0,5.049,5.049
50.433538166000005,5.0,5.0,4.768,4.909
50.452026485000005,5.0,5.0,4.909,5.049
50.45463963,5.0,5.0,5.049,4.909
50.472408165000004,5.0,5.0,4.768,4.909
50.476183432000006,5.0,5.0,4.909,4.909
50.491191896000004,5.0,5.0,5.049,4.909
50.492748284,5.0,5.0,4.909,4.909
50.511515922,5.0,5.0,5.049,4.768
50.513635375,5.0,5.0,5.189,4.909
50.531684271,5.0,5.0,5.049,4.909
50.534019920000006,5.0,5.0,5.189,4.768
50.551403093000005,5.0,5.0,5.189,4.909
50.553548015000004,5.0,5.0,5.049,4.909
50.571630607,5.0,5.0,5.049,4.909
50.574021359,5.0,5.0,5.189,4.909
50.590623449000006,5.0,5.0,4.768,5.049
50.592177701000004,5.0,5.0,4.909,5.049
50.61361697,5.0,5.0,4.909,5.049
50.616933545,5.0,5.0,4.909,5.189
50.618777949000005,5.0,5.0,4.768,5.049
50.631392275,5.0,5.0,4.909,5.189
50.653110239,5.0,5.0,4.909,5.049
50.656649467,5.0,5.0,4.909,5.189
50.660304058,5.0,5.0,4.909,5.049
50.670770805000004,5.0,5.0,5.049,5.049
50.690927747,5.0,5.0,4.768,5.189
50.692744600000005,5.0,5.0,5.049,4.909
50.71201275000001,5.0,5.0,5.049,5.049
50.714639072000004,5.0,5.0,4.909,4.909
50.731655844,5.0,5.0,5.049,4.909
50.733997899,5.0,5.0,5.189,4.909
50.751991638,5.0,5.0,4.909,4.909
50.754578273,5.0,5.0,4.909,4.909
50.772551075,5.0,5.0,5.049,4.909
50.776534724,5.0,5.0,5.049,5.049
50.779830934,5.0,5.0,4.768,5.049
50.792074951000004,5.0,5.0,5.049,5.049
50.811711899,5.0,5.0,5.049,5.189
50.814419731,5.0,5.0,4.909,5.049
50.831280046,5.0,5.0,5.049,5.049
50.833225752000004,5.0,5.0,5.049,5.189
50.85165886,5.0,5.0,4.909,5.049
50.853952947,5.0,5.0,5.049,5.049
50.87165580400001,5.0,5.0,5.049,5.189
50.87410744100001,5.0,5.0,4.909,5.049
50.890641666,5.0,5.0,5.189,5.049
50.89223347,5.0,5.0,5.049,5.189
50.912557597,5.0,5.0,4.909,5.049
50.915505478,5.0,5.0,5.049,5.189
50.931401169000004,5.0,5.0,5.189,5.189
50.933472707,5.0,5.0,4.909,5.189
50.952383466,5.0,5.0,5.049,5.049
50.955393585,5.0,5.0,5.049,5.049
50.970832043,5.0,5.0,5.049,5.189
50.972843529,5.0,5.0,4.909,5.049
50.990600135,5.0,5.0,5.189,5.049
50.992179022,5.0,5.0,4.909,5.049
51.012564242,5.0,5.0,5.049,5.189
51.015264418,5.0,5.0,5.189,5.049
51.031383388,5.0,5.0,5.049,5.189
51.033454457000005,5.0,5.0,5.049,5.049
51.051697255,5.0,5.0,4.909,5.049
51.054050247000006,5.0,5.0,5.049,5.049
51.071656387000004,5.0,5.0,4.909,5.049
51.074073441,5.0,5.0,4.909,5.189
51.090629593,5.0,5.0,5.049,5.189
51.09221332400001,5.0,5.0,4.909,5.049
51.112626773,5.0,5.0,4.909,5.189
51.115655798000006,5.0,5.0,4.909,5.329
51.131657895000004,5.0,5.0,4.909,5.189
51.133964377000005,5.0,5.0,4.909,5.049
51.15211707300001,5.0,5.0,5.189,5.189
51.154711312,5.0,5.0,4.768,5.189
51.172446356,5.0,5.0,5.049,5.049
51.17618099800001,5.0,5.0,5.049,5.189
51.191446281000005,5.0,5.0,5.049,5.189
51.192948971,5.0,5.0,4.909,4.909
51.211848219000004,5.0,5.0,5.049,5.189
51.214213920000006,5.0,5.0,5.049,4.909
51.231732404000006,5.0,5.0,4.909,4.909
51.234116802,5.0,5.0,5.189,4.909
51.251997678,5.0,5.0,5.049,4.909
51.254598896000005,5.0,5.0,5.049,4.909
51.272417325000006,5.0,5.0,5.049,4.909
51.275678066000005,5.0,5.0,5.189,4.909
51.290909547000005,5.0,5.0,5.049,4.909
51.292981032,5.0,5.0,5.049,4.909
51.311292059,5.0,5.0,4.909,5.049
51.313692082,5.0,5.0,4.909,4.909
51.331553218,5.0,5.0,5.049,4.909
51.333733036000005,5.0,5.0,4.909,4.909
51.351857867,5.0,5.0,4.909,4.909
51.354162578,5.0,5.0,4.909,5.049
51.372054704,5.0,5.0,5.049,5.049
51.374747431,5.0,5.0,4.909,5.049
51.390601665000005,5.0,5.0,5.049,4.909
51.392174042,5.0,5.0,5.049,5.049
51.413144047,5.0,5.0,5.049,5.049
51.416765461000004,5.0,5.0,5.049,5.049
51.419144234,5.0,5.0,5.049,5.049
51.431452469,5.0,5.0,5.049,5.049
51.451561808,5.0,5.0,4.909,4.909
51.454231046000004,5.0,5.0,5.049,4.909
51.471410420000005,5.0,5.0,5.049,4.909
51.473580706,5.0,5.0,4.909,4.909
51.490616019,5.0,5.0,5.049,4.768
51.492378029,5.0,5.0,5.049,4.909
51.512482211000005,5.0,5.0,4.909,4.768
51.515521288,5.0,5.0,5.049,4.768
51.531703174,5.0,5.0,5.049,4.909
51.534007469,5.0,5.0,4.909,4.768
51.553032027,5.0,5.0,5.049,4.909
51.556584744000006,5.0,5.0,5.049,4.909
51.560218501,5.0,5.0,4.909,4.768
51.570761288,5.0,5.0,5.049,4.909
51.590776615,5.0,5.0,5.049,4.909
51.592447949000004,5.0,5.0,5.049,4.768
51.612462026,5.0,5.0,5.049,4.909
51.615528446000006,5.0,5.0,5.049,4.768
51.631711164,5.0,5.0,4.909,4.909
51.634001865,5.0,5.0,5.049,4.768
51.652080862000005,5.0,5.0,5.189,4.768
51.654660778,5.0,5.0,4.909,4.909
51.672264468,5.0,5.0,5.049,4.768
51.675488959000006,5.0,5.0,5.049,4.768
51.690605232,5.0,5.0,4.909,4.909
51.692278597000005,5.0,5.0,4.909,4.909
51.712067677,5.0,5.0,5.049,4.768
51.714681082000006,5.0,5.0,5.049,4.909
51.731704623000006,5.0,5.0,5.049,4.909
51.734015740000004,5.0,5.0,5.049,4.909
51.751699325000004,5.0,5.0,5.049,5.049
51.754001588,5.0,5.0,4.909,5.049
51.772029700000004,5.0,5.0,4.909,4.909
51.774803677,5.0,5.0,4.909,5.189
51.790629888000005,5.0,5.0,4.909,5.049
51.792174817,5.0,5.0,4.909,5.049
51.813149559,5.0,5.0,5.049,5.049
51.81669019300001,5.0,5.0,4.768,5.049
51.818708866,5.0,5.0,5.049,4.909
51.831379648,5.0,5.0,5.049,5.049
51.852888394000004,5.0,5.0,4.768,5.049
51.85619564500001,5.0,5.0,5.049,5.049
51.859437793000005,5.0,5.0,5.049,5.049
51.871494780000006,5.0,5.0,4.909,5.049
51.891107508000005,5.0,5.0,4.909,5.049
51.893023317,5.0,5.0,5.049,5.049
51.911348509,5.0,5.0,5.049,5.049
51.913796864000005,5.0,5.0,4.909,5.049
51.931455501,5.0,5.0,4.909,5.049
51.933499278000006,5.0,5.0,4.909,5.049
51.952056238000004,5.0,5.0,4.768,5.049
51.954626363,5.0,5.0,4.909,5.049
51.972004795000004,5.0,5.0,4.909,5.049
51.974747157,5.0,5.0,4.768,5.189
51.990619045,5.0,5.0,5.049,5.049
51.992150954,5.0,5.0,5.049,5.049
52.013204132000006,5.0,5.0,4.768,5.189
52.016724610000004,5.0,5.0,5.049,5.049
52.020376492000004,5.0,5.0,5.189,5.049
52.030817666000004,5.0,5.0,4.909,5.049
52.052043238,5.0,5.0,5.049,4.909
52.054635654,5.0,5.0,5.189,4.909
52.071694403,5.0,5.0,5.189,4.909
52.074049583000004,5.0,5.0,5.049,4.909
52.090631983,5.0,5.0,5.189,5.049
52.092185089000004,5.0,5.0,5.049,4.909
52.113116967,5.0,5.0,5.049,4.909
52.116643851000006,5.0,5.0,5.189,5.049
52.119257152,5.0,5.0,5.049,4.909
52.131517001000006,5.0,5.0,5.049,5.049
52.151694930000005,5.0,5.0,5.049,4.909
52.153921778000004,5.0,5.0,5.049,5.189
52.17204738900001,5.0,5.0,4.909,5.049
52.174827511000004,5.0,5.0,5.189,5.189
52.190779971000005,5.0,5.0,5.049,5.189
52.192360524,5.0,5.0,4.909,5.049
52.213099905,5.0,5.0,5.049,5.189
52.216849703,5.0,5.0,5.049,5.189
52.220630958,5.0,5.0,4.909,5.049
52.23078197900001,5.0,5.0,4.909,5.049
52.251631775,5.0,5.0,5.049,5.189
52.253865133000005,5.0,5.0,4.909,5.049
52.271376637,5.0,5.0,4.768,5.049
52.273223906000005,5.0,5.0,5.049,5.189
52.291256913000005,5.0,5.0,4.909,5.189
52.293056631000006,5.0,5.0,5.049,5.049
52.311151929000005,5.0,5.0,5.049,5.189
52.312975917,5.0,5.0,5.049,5.189
52.331529752,5.0,5.0,5.049,5.049
52.333464259,5.0,5.0,5.189,5.049
52.351282165,5.0,5.0,5.049,5.189
52.353132820000006,5.0,5.0,5.049,5.049
52.371249941,5.0,5.0,5.189,5.049
52.373081689,5.0,5.0,5.049,5.049
52.391343756000005,5.0,5.0,5.049,4.909
52.393116495,5.0,5.0,5.049,5.049
52.411299553000006,5.0,5.0,5.049,5.189
52.413181978000004,5.0,5.0,4.909,5.189
52.431307953,5.0,5.0,5.049,5.189
52.433135795000005,5.0,5.0,5.049,5.189
52.451379477,5.0,5.0,4.768,5.189
52.453230340000005,5.0,5.0,4.909,5.189
52.471365325,5.0,5.0,5.049,5.189
52.473306499,5.0,5.0,4.768,5.049
52.491326486000006,5.0,5.0,4.909,5.049
52.49319568200001,5.0,5.0,5.189,5.049
52.511200929000005,5.0,5.0,4.909,5.049
52.513027886,5.0,5.0,4.909,4.768
52.531242923,5.0,5.0,5.049,4.909
52.53304128600001,5.0,5.0,5.049,5.049
52.551302049,5.0,5.0,4.909,4.768
52.553051819000004,5.0,5.0,5.049,5.049
52.571240292000006,5.0,5.0,4.909,4.909
52.573030113,5.0,5.0,5.049,4.909
52.591377386000005,5.0,5.0,5.049,4.909
52.5932733,5.0,5.0,5.049,5.049
52.612471708,5.0,5.0,5.049,4.909
52.615483337,5.0,5.0,5.189,4.909
52.631669283,5.0,5.0,5.189,5.049
52.63391394200001,5.0,5.0,5.049,4.909
52.652493556,5.0,5.0,5.049,5.049
52.655467061,5.0,5.0,5.189,4.909
52.670827652,5.0,5.0,4.909,4.909
52.672876220000006,5.0,5.0,5.049,4.909
52.691801350000006,5.0,5.0,5.049,4.909
52.694061687,5.0,5.0,5.049,4.768
52.711205589,5.0,5.0,5.049,4.909
52.712982911000005,5.0,5.0,5.189,4.768
52.731435443,5.0,5.0,4.768,4.628
52.733547448,5.0,5.0,4.207,4.207
52.751350977,5.0,5.0,3.646,3.506
52.753802301,5.0,5.0,2.665,2.524
52.771253127,5.0,5.0,1.963,1.683
52.773477891000006,5.0,5.0,1.402,0.982
52.79144095,5.0,5.0,1.122,0.561
52.793472435000005,5.0,5.0,0.701,0.14
52.812437200000005,5.0,5.0,0.561,0.0
52.815399924000005,5.0,5.0,0.28,0.0
52.8320968,5.0,5.0,0.14,-0.14
52.834642446000004,5.0,5.0,0.0,0.0
52.852343789,5.0,5.0,0.14,-0.14
52.854881362,5.0,5.0,0.0,0.0
52.872617600000005,5.0,5.0,0.0,-0.14
52.876180369000004,5.0,5.0,0.0,0.0
52.890690241,5.0,5.0,0.0,0.14
52.892489281,5.0,5.0,0.0,0.0
52.911635607,5.0,5.0,0.0,0.0
52.913868183000005,5.0,5.0,0.0,0.0
52.93246889,5.0,5.0,0.0,0.0
52.935468489,5.0,5.0,0.0,0.0
52.952025367000005,5.0,5.0,0.0,0.0
52.954559346,5.0,5.0,0.0,0.0
52.972423760000005,5.0,5.0,0.0,0.0
52.975866790000005,5.0,5.0,0.0,0.0
52.979751013000005,5.0,5.0,0.0,0.0
52.990629003,5.0,5.0,0.0,0.0
53.012522690000004,5.0,5.0,0.0,0.0
53.015530153,5.0,5.0,0.0,0.0
53.031633079,5.0,5.0,0.0,0.0
53.033863311000005,5.0,5.0,0.0,0.0
53.052450946,5.0,5.0,0.0,0.0
53.055421274000004,5.0,5.0,0.0,0.0
53.072019505,5.0,5.0,0.0,0.0
53.07457937,5.0,5.0,0.0,0.0
53.091961029000004,5.0,5.0,0.0,0.0
53.094886201,5.0,5.0,0.0,0.0
53.110676318,5.0,5.0,0.0,0.0
53.112476556000004,5.0,5.0,0.0,0.0
53.131889233,5.0,5.0,0.0,0.0
53.134125872000006,5.0,5.0,0.0,0.0
53.152433145,5.0,5.0,0.0,0.0
53.155418681,5.0,5.0,0.0,0.0
53.172046496,5.0,5.0,0.0,0.0
53.174561985000004,5.0,5.0,0.0,0.0
53.192006769,5.0,5.0,0.0,0.0
53.194908348000006,5.0,5.0,0.0,0.0
53.210696486,5.0,5.0,0.0,0.0
53.212480057,5.0,5.0,0.0,0.0
53.231793568,5.0,5.0,0.0,0.0
53.234085154000006,5.0,5.0,0.0,0.0
53.252483624,5.0,5.0,0.0,0.0
53.255445567,5.0,5.0,0.0,0.0
53.272005414000006,5.0,5.0,0.0,0.0
53.274535330000006,5.0,5.0,0.0,0.0
53.292455629,5.0,5.0,0.0,0.0
53.295583559,5.0,5.0,0.0,0.0
53.310835818,5.0,5.0,0.0,0.0
53.312947980000004,5.0,5.0,0.0,0.0
53.331697070000004,5.0,5.0,0.0,0.0
53.333955688,5.0,5.0,0.0,0.0
53.352460146000006,5.0,5.0,0.0,0.0
53.355394485000005,5.0,5.0,0.0,0.0
53.372058758,5.0,5.0,0.0,0.0
53.375012523,5.0,5.0,0.0,0.0
53.390708475000004,5.0,5.0,0.0,0.0
53.392493765000005,5.0,5.0,0.0,0.0
53.411702590000004,5.0,5.0,0.0,0.0
53.413960739000004,5.0,5.0,0.0,0.0
53.432466968,5.0,5.0,0.0,0.0
53.435446983000006,5.0,5.0,0.0,0.0
53.451967091,5.0,5.0,0.0,0.0
53.454486851000006,5.0,5.0,0.0,0.0
53.472403348,5.0,5.0,0.0,0.0
53.475882316,5.0,5.0,0.0,0.0
53.49072171500001,5.0,5.0,0.0,0.0
53.492454662,5.0,5.0,0.0,0.0
53.511982077000006,5.0,5.0,0.0,0.0
53.514493087000005,5.0,5.0,0.0,0.0
53.532411876000005,5.0,5.0,0.0,0.0
53.535336995,5.0,5.0,0.0,0.0
53.552169285000005,5.0,5.0,0.0,0.0
53.554697639000004,5.0,5.0,0.0,0.0
53.572242576,5.0,5.0,0.0,0.0
53.575791074,5.0,5.0,0.0,0.0
53.590702554,5.0,5.0,0.0,0.0
53.592466386000005,5.0,5.0,0.0,0.0
53.611663178,5.0,5.0,0.0,0.0
53.613909087,5.0,5.0,0.0,0.0
53.632369326,5.0,5.0,0.0,0.0
53.634902732,5.0,5.0,0.0,0.0
53.652265379000006,5.0,5.0,0.0,0.0
53.654814566000006,5.0,5.0,0.0,0.0
53.672523668000004,5.0,5.0,0.0,0.0
53.67550936000001,5.0,5.0,0.0,0.0
53.692011654000005,5.0,5.0,0.0,0.0
53.694966773000004,5.0,5.0,0.0,0.0
53.710673504000006,5.0,5.0,0.0,0.0
53.712416451,5.0,5.0,0.0,0.0
53.73166397200001,5.0,5.0,0.0,0.0
53.733939568000004,5.0,5.0,0.0,0.0
53.75300089300001,5.0,5.0,0.0,0.0
53.756506786,5.0,5.0,0.0,0.0
53.758753060000004,5.0,5.0,0.0,0.0
53.771623629000004,5.0,5.0,0.0,0.0
53.792465296,5.0,5.0,0.0,0.0
53.79547963300001,5.0,5.0,0.0,0.0
53.810894701,5.0,5.0,0.0,0.0
53.812947123,5.0,5.0,0.0,0.0
53.831374393000004,5.0,5.0,0.0,0.0
53.833430982,5.0,5.0,0.0,0.0
53.852460172,5.0,5.0,0.0,0.0
53.855413364,5.0,5.0,0.0,0.0
53.872023209000005,5.0,5.0,0.0,0.0
53.874553490000004,5.0,5.0,0.0,0.0
53.892445923000004,5.0,5.0,0.0,0.0
53.895185836,5.0,5.0,0.0,0.0
53.912428850000005,5.0,5.0,0.0,0.0
53.915878234000004,5.0,5.0,0.0,0.0
53.930698883000005,5.0,5.0,0.0,0.0
53.932452402,5.0,5.0,0.0,0.0
53.952057991000004,5.0,5.0,0.0,0.0
53.954594157,5.0,5.0,0.0,0.0
53.972856586000006,5.0,5.0,0.0,0.0
53.97582259,5.0,5.0,0.0,0.0
53.992012544000005,5.0,5.0,0.0,0.0
53.994556523,5.0,5.0,0.0,0.0
54.012805149,5.0,5.0,0.0,0.0
54.016439948000006,5.0,5.0,0.0,0.0
54.019938185,5.0,5.0,0.0,0.0
54.030756175,5.0,5.0,0.0,0.0
54.052613298000004,5.0,5.0,0.0,0.0
54.05558649,5.0,5.0,0.0,0.0
54.072021598000006,5.0,5.0,0.0,0.0
54.074548962,5.0,5.0,0.0,0.0
54.092390093000006,5.0,5.0,0.0,0.0
54.095393806000004,5.0,5.0,0.0,0.0
54.110819238000005,5.0,5.0,0.0,0.0
54.112806713000005,5.0,5.0,0.0,0.0
54.132090431,5.0,5.0,0.0,0.0
54.13438394400001,5.0,5.0,0.0,0.0
54.152518613000005,5.0,5.0,0.0,0.0
54.155477379000004,5.0,5.0,0.0,0.0
54.17214191,5.0,5.0,0.0,0.0
54.175177654,5.0,5.0,0.0,0.0
54.190684335,5.0,5.0,0.0,0.0
54.192454521,5.0,5.0,0.0,0.0
54.211790842000006,5.0,5.0,0.0,0.0
54.214104303000006,5.0,5.0,0.0,0.0
54.232551781000005,5.0,5.0,0.0,0.0
54.23554960800001,5.0,5.0,0.0,0.0
54.252030288,5.0,5.0,0.0,0.0
54.254587652000005,5.0,5.0,0.0,0.0
54.272166234000004,5.0,5.0,0.0,0.0
54.275052292000005,5.0,5.0,0.0,0.0
54.291522399,5.0,5.0,0.0,0.0
54.293401073000005,5.0,5.0,0.0,0.0
54.312141569000005,5.0,5.0,0.0,0.0
54.315036376,5.0,5.0,0.0,0.0
54.330885293,5.0,5.0,0.0,0.0
54.332949799000005,5.0,5.0,0.0,0.0
54.351581389,5.0,5.0,0.0,0.0
54.353633915,5.0,5.0,0.0,0.0
54.372613470000005,5.0,5.0,0.0,0.0
54.37556661,5.0,5.0,0.0,0.0
54.392004999,5.0,5.0,0.0,0.0
54.394835484000005,5.0,5.0,0.0,0.0
54.412312402000005,5.0,5.0,0.0,0.0
54.41529804100001,5.0,5.0,0.0,0.0
54.43072904700001,5.0,5.0,0.0,0.0
54.432488712,5.0,5.0,0.0,0.0
54.451707795000004,5.0,5.0,0.0,0.0
54.453948861,5.0,5.0,0.0,0.0
54.472041291000004,5.0,5.0,0.0,0.0
54.474614592,5.0,5.0,0.0,0.0
54.49250088,5.0,5.0,0.0,0.0
54.495467353,5.0,5.0,0.0,0.0
54.512443599,5.0,5.0,0.0,0.0
54.515652205,5.0,5.0,0.0,0.0
54.530887119000006,5.0,5.0,0.0,0.0
54.532810168000005,5.0,5.0,0.0,0.0
54.551741492000005,5.0,5.0,0.0,0.0
54.553973652,5.0,5.0,0.0,0.0
54.572981850000005,5.0,5.0,0.0,0.0
54.57645165,5.0,5.0,0.0,0.0
54.579727494000004,5.0,5.0,0.0,0.0
54.59132411900001,5.0,5.0,0.0,0.0
54.611533136000006,5.0,5.0,0.0,0.0
54.614106593,5.0,5.0,0.0,0.0
54.631696528000006,5.0,5.0,0.0,0.0
54.633966031,5.0,5.0,0.0,0.0
54.653196518,5.0,5.0,0.0,0.0
54.657165583,5.0,5.0,0.0,0.0
54.660034921000005,5.0,5.0,0.0,0.0
54.671203583,5.0,5.0,0.0,0.0
54.691946135,5.0,5.0,0.0,0.0
54.694184544,5.0,5.0,0.0,0.0
54.712496397,5.0,5.0,0.0,0.0
54.71591651000001,5.0,5.0,0.0,0.0
54.719515215,5.0,5.0,0.0,0.0
54.730651168,5.0,5.0,0.0,0.0
54.75248761300001,5.0,5.0,0.0,0.0
54.755671791000005,5.0,5.0,0.0,0.0
54.772037158,5.0,5.0,0.0,0.0
54.77458171000001,5.0,5.0,0.0,0.0
54.79248783800001,5.0,5.0,0.0,0.0
54.795438947,5.0,5.0,0.0,0.0
54.81197306200001,5.0,5.0,0.0,0.0
54.814890577,5.0,5.0,0.0,0.0
54.832033487000004,5.0,5.0,0.0,0.0
54.835451933,5.0,5.0,0.0,0.0
54.850882104,5.0,5.0,0.0,0.0
54.852766195,5.0,5.0,0.0,0.0
54.871729498,5.0,5.0,0.0,0.0
54.873991969,5.0,5.0,0.0,0.0
54.89268439000001,5.0,5.0,0.0,0.0
54.896045129,5.0,5.0,0.0,0.0
54.89954144,5.0,5.0,0.0,0.0
54.911724672000005,5.0,5.0,0.0,0.0
54.931369581000006,5.0,5.0,0.0,0.0
54.933881372,5.0,5.0,0.0,0.0
54.951699950000005,5.0,5.0,0.0,0.0
54.953959661000006,5.0,5.0,0.0,0.0
54.972985307,5.0,5.0,0.0,0.0
54.97647687800001,5.0,5.0,0.0,0.0
54.979641473,5.0,5.0,0.0,0.0
54.99143517900001,5.0,5.0,0.0,0.0
55.011578884,5.0,5.0,0.0,0.0
55.01423114200001,5.0,5.0,0.0,0.0
55.031402072000006,5.0,5.0,0.0,0.0
55.033419651,5.0,5.0,0.0,0.0
55.05305456000001,5.0,5.0,0.0,0.0
55.056487434000005,5.0,5.0,0.0,0.0
55.059311929,5.0,5.0,0.0,0.0
55.071700888,5.0,5.0,0.0,0.0
55.092990933,5.0,5.0,0.0,0.0
55.096142091000004,5.0,5.0,0.0,0.0
55.110914978000004,5.0,5.0,0.0,0.0
55.112847298000005,5.0,5.0,0.0,0.0
55.131527063,5.0,5.0,0.0,0.0
55.13359037,5.0,5.0,0.0,0.0
55.152528673000006,5.0,5.0,0.0,0.0
55.155494834,5.0,5.0,0.0,0.0
55.172059521,5.0,5.0,0.0,0.0
55.174600896,5.0,5.0,0.0,0.0
55.193151444,5.0,5.0,0.0,0.0
55.19674218,5.0,5.0,0.0,0.0
55.199896723,5.0,5.0,0.0,0.0
55.211365902000004,5.0,5.0,0.0,0.0
55.232529229,5.0,5.0,0.0,0.0
55.235516952000005,5.0,5.0,0.0,0.0
55.25195591200001,5.0,5.0,0.0,0.0
55.254866448,5.0,5.0,0.0,0.0
55.272840962000004,5.0,5.0,0.0,0.0
55.275865924,5.0,5.0,0.0,0.0
55.278931146000005,5.0,5.0,0.0,0.0
55.291153127,5.0,5.0,0.0,0.0
55.312204685000005,5.0,5.0,0.0,0.0
55.31567511,5.0,5.0,0.0,0.0
55.330678359000004,5.0,5.0,0.0,0.0
55.332439795000006,5.0,5.0,0.0,0.0
55.35166726200001,5.0,5.0,0.0,0.0
55.35395801400001,5.0,5.0,0.0,0.0
55.373059701,5.0,5.0,0.0,0.0
55.376490283,5.0,5.0,0.0,0.0
55.379960916,5.0,5.0,0.0,0.0
55.391374158000005,5.0,5.0,0.0,0.0
55.412960605,5.0,5.0,0.0,0.0
55.416593216,5.0,5.0,0.0,0.0
55.420134057000006,5.0,5.0,0.0,0.0
55.431354332000005,5.0,5.0,0.0,0.0
55.453025049000004,5.0,5.0,0.0,0.0
55.45649370300001,5.0,5.0,0.0,0.0
55.459991055,5.0,5.0,0.0,0.0
55.471350079000004,5.0,5.0,0.0,0.0
55.493036108000005,5.0,5.0,0.0,0.0
55.496525544,5.0,5.0,0.14,0.0
55.500016073000005,5.0,5.0,0.0,0.0
55.51134853400001,5.0,5.0,0.14,0.0
55.532235302000004,5.0,5.0,0.0,0.0
55.534773447000006,5.0,5.0,0.0,0.0
55.552965196,5.0,5.0,0.0,0.0
55.556486974,5.0,5.0,0.0,0.0
55.559907243000005,5.0,5.0,0.0,0.0
55.571551887000005,5.0,5.0,0.0,0.0
55.592158084000005,5.0,5.0,0.0,0.0
55.595657571000004,5.0,5.0,0.0,0.0
55.610713995000005,5.0,5.0,0.0,0.0
55.612473660000006,5.0,5.0,0.0,0.0
55.631688625,5.0,5.0,0.0,0.0
55.633945471000004,5.0,5.0,0.0,0.0
55.652857211000004,5.0,5.0,0.0,0.0
55.655858839000004,5.0,5.0,0.0,0.0
55.671914469,5.0,5.0,0.0,0.0
55.674490218,5.0,5.0,0.0,0.0
55.692489833,5.0,5.0,0.0,0.0
55.696137756000006,5.0,5.0,0.0,0.0
55.699597087,5.0,5.0,0.0,0.0
55.710635645,5.0,5.0,0.0,0.0
55.732461462,5.0,5.0,0.0,0.0
55.735415383,5.0,5.0,0.0,0.0
55.75206137000001,5.0,5.0,0.0,0.0
55.754583265,5.0,5.0,0.0,0.0
55.772348040000004,5.0,5.0,0.0,0.0
55.775335189,5.0,5.0,0.0,0.0
55.791775554000004,5.0,5.0,0.0,0.0
55.794682444,5.0,5.0,0.0,0.0
55.810899582000005,5.0,5.0,0.0,0.0
55.813966106,5.0,5.0,0.0,0.0
55.831358073000004,5.0,5.0,0.0,0.0
55.833425911000006,5.0,5.0,0.0,0.0
55.853069516000005,5.0,5.0,0.0,0.0
55.856561399,5.0,5.0,0.0,0.0
55.859966096,5.0,5.0,0.0,0.0
55.871469127000005,5.0,5.0,0.0,0.0
55.892202614000006,5.0,5.0,0.0,0.0
55.895314814,5.0,5.0,0.0,0.0
55.912233662000006,5.0,5.0,0.0,0.0
55.915157479,5.0,5.0,0.0,0.0
55.930947696000004,5.0,5.0,0.0,0.0
55.934057188000004,5.0,5.0,0.0,0.0
55.950971348,5.0,5.0,0.0,0.0
55.954005997,5.0,5.0,0.0,0.0
55.971432495,5.0,5.0,0.0,0.0
55.97348830200001,5.0,5.0,0.0,0.0
55.992621758000006,5.0,5.0,0.0,0.0
55.996028694,5.0,5.0,0.0,0.0
56.01165583900001,5.0,5.0,0.0,0.0
56.014203411000004,5.0,5.0,0.0,0.0
56.030853825,5.0,5.0,0.0,0.0
56.033811287000006,5.0,5.0,0.0,0.0
56.05118763,5.0,5.0,0.0,0.0
56.053068804000006,5.0,5.0,0.0,0.0
56.072553401,5.0,5.0,0.0,0.0
56.075512321000005,5.0,5.0,0.0,0.0
56.092089611000006,5.0,5.0,0.0,0.0
56.094631558,5.0,5.0,0.0,0.0
56.112359927,5.0,5.0,0.0,0.0
56.11582863300001,5.0,5.0,0.0,0.0
56.13080724500001,5.0,5.0,0.0,0.0
56.134055433,5.0,5.0,0.0,0.14
56.150939542,5.0,5.0,0.0,0.0
56.153969608000004,5.0,5.0,0.0,0.0
56.170986007,5.0,5.0,0.0,0.0
56.173448840000006,5.0,5.0,0.0,0.0
56.191749337000005,5.0,5.0,0.0,0.0
56.194004257,5.0,5.0,0.0,0.0
56.212046268,5.0,5.0,0.0,0.0
56.214566340000005,5.0,5.0,0.0,0.0
56.232583715000004,5.0,5.0,0.0,0.0
56.23554320900001,5.0,5.0,0.0,0.0
56.251779722,5.0,5.0,0.0,0.0
56.254666717000006,5.0,5.0,0.0,0.0
56.272041444,5.0,5.0,0.0,0.0
56.275442599,5.0,5.0,0.0,0.0
56.291628800000005,5.0,5.0,0.0,0.0
56.294624179,5.0,5.0,0.0,0.0
56.312348538,5.0,5.0,0.0,0.0
56.315834066,5.0,5.0,0.0,0.0
56.33151787800001,5.0,5.0,0.0,0.0
56.334452007,5.0,5.0,0.0,0.0
56.350722687,5.0,5.0,0.0,0.0
56.35366968,5.0,5.0,0.0,0.0
56.370992325,5.0,5.0,0.0,0.0
56.373416618,5.0,5.0,0.0,0.0
56.39176289500001,5.0,5.0,0.0,0.0
56.394029950000004,5.0,5.0,0.0,0.0
56.412054774000005,5.0,5.0,0.0,0.0
56.414589481,5.0,5.0,0.0,0.0
56.432405870000004,5.0,5.0,0.0,0.0
56.43603035500001,5.0,5.0,0.0,0.0
56.439468957,5.0,5.0,0.0,0.0
56.450683503,5.0,5.0,0.0,0.0
56.471866776000006,5.0,5.0,0.0,0.0
56.474831582,5.0,5.0,0.0,0.0
56.491237676000004,5.0,5.0,0.0,0.0
56.493125204,5.0,5.0,0.0,0.0
56.512473501,5.0,5.0,0.0,0.0
56.515414244000006,5.0,5.0,0.0,0.0
56.532043669000004,5.0,5.0,0.0,0.0
56.534576814000005,5.0,5.0,0.0,0.0
56.552466846,5.0,5.0,0.0,0.0
56.556105601000006,5.0,5.0,0.0,0.0
56.559511026,5.0,5.0,0.0,0.0
56.570677915000005,5.0,5.0,0.0,0.0
56.591729886,5.0,5.0,0.0,0.0
56.594715733,5.0,5.0,0.0,0.0
56.611200731000004,5.0,5.0,0.0,0.0
56.613099196,5.0,5.0,0.0,0.0
56.632515927,5.0,5.0,0.0,0.0
56.63545297300001,5.0,5.0,0.0,0.0
56.652009741,5.0,5.0,0.0,0.0
56.654550958,5.0,5.0,0.0,0.0
56.672391876000006,5.0,5.0,0.0,0.0
56.675863238000005,5.0,5.0,0.0,0.0
56.679617253,5.0,5.0,0.0,0.0
56.690839453,5.0,5.0,0.0,0.0
56.712242565000004,5.0,5.0,0.0,0.0
56.715833561000004,5.0,5.0,0.0,0.0
56.731046179,5.0,5.0,0.0,0.0
56.734073067000004,5.0,5.0,0.0,0.0
56.751618989,5.0,5.0,0.0,0.0
56.755000873,5.0,5.0,0.0,0.0
56.771012491,5.0,5.0,0.0,0.0
56.77420094,5.0,5.0,0.0,0.0
56.790885102000004,5.0,5.0,0.0,0.0
56.793720847,5.0,5.0,0.0,0.0
56.811000626,5.0,5.0,0.0,0.0
56.813425023,5.0,5.0,0.0,0.0
56.831735466000005,5.0,5.0,0.0,0.0
56.834019395000006,5.0,5.0,0.0,0.0
56.85309113,5.0,5.0,0.0,0.0
56.856567336000005,5.0,5.0,0.0,0.0
56.860041979,5.0,5.0,0.0,0.0
56.870902518,5.0,5.0,0.0,0.0
56.891475536,5.0,5.0,0.0,0.0
56.894320968,5.0,5.0,0.0,0.0
56.910981329,5.0,5.0,0.0,0.0
56.913408745000005,5.0,5.0,0.0,0.0
56.931457004,5.0,5.0,0.0,0.0
56.933493072000005,5.0,5.0,0.0,0.0
56.952506163,5.0,5.0,0.0,0.0
56.9554605,5.0,5.0,0.0,0.0
56.970997801,5.0,5.0,0.0,0.0
56.974049273000006,5.0,5.0,0.0,0.0
56.990836402000006,5.0,5.0,0.0,0.0
56.99368350100001,5.0,5.0,0.0,0.0
57.010960624000006,5.0,5.0,0.0,0.0
57.013117263000005,5.0,5.0,0.0,0.0
57.031479998,5.0,5.0,0.0,0.0
57.033565179,5.0,5.0,0.0,0.0
57.052434209000005,5.0,5.0,0.0,0.0
57.055352089,5.0,5.0,0.0,0.0
57.071978230000006,5.0,5.0,0.0,0.0
57.074540125000006,5.0,5.0,0.0,0.0
57.092498541000005,5.0,5.0,0.0,0.0
57.096044173,5.0,5.0,0.0,0.0
57.09942439,5.0,5.0,0.0,0.0
57.110654924,5.0,5.0,0.0,0.0
57.131704603,5.0,5.0,0.0,0.0
57.134306236,5.0,5.0,0.0,0.0
57.151328102,5.0,5.0,0.0,0.0
57.153808904,5.0,5.0,0.0,0.0
57.171709977000006,5.0,5.0,0.0,0.0
57.173956511,5.0,5.0,0.0,0.0
57.192613460000004,5.0,5.0,0.0,0.0
57.195601651000004,5.0,5.0,0.0,0.0
57.210903331000004,5.0,5.0,0.0,0.0
57.213961260000005,5.0,5.0,0.0,0.0
57.231109531,5.0,5.0,0.0,0.0
57.233464501,5.0,5.0,0.0,0.0
57.251315419,5.0,5.0,0.0,0.0
57.25377471,5.0,5.0,0.0,0.0
57.271430578,5.0,5.0,0.0,0.0
57.273497687,5.0,5.0,0.0,0.0
57.293306393,5.0,5.0,0.0,0.0
57.296674162,5.0,5.0,0.0,0.0
57.298779917000005,5.0,5.0,0.0,0.0
57.311390016000004,5.0,5.0,0.0,0.0
57.331599081,5.0,5.0,0.0,0.0
57.33456888600001,5.0,5.0,0.0,0.0
57.350823523,5.0,5.0,0.0,0.0
57.353598383000005,5.0,5.0,0.0,0.0
57.371034306000006,5.0,5.0,0.0,0.0
57.37320110100001,5.0,5.0,0.0,0.0
57.391449254,5.0,5.0,0.0,0.0
57.393502509,5.0,5.0,0.0,0.0
57.412473568,5.0,5.0,0.0,0.0
57.415428687,5.0,5.0,0.0,0.0
57.432083891000005,5.0,5.0,0.0,0.0
57.434631619,5.0,5.0,0.0,0.0
57.452489203000006,5.0,5.0,0.0,0.0
57.455985721000005,5.0,5.0,0.0,0.0
57.470689491,5.0,5.0,0.0,0.0
57.473138679,5.0,5.0,0.0,0.0
57.491256156000006,5.0,5.0,0.0,0.0
57.494101328000006,5.0,5.0,0.0,0.0
57.51098210200001,5.0,5.0,0.0,0.0
57.513469257000004,5.0,5.0,0.0,0.0
57.531736784,5.0,5.0,0.0,0.0
57.534028317,5.0,5.0,0.0,0.0
57.553077291,5.0,5.0,0.0,0.0
57.556690890000006,5.0,5.0,0.0,0.0
57.560371833000005,5.0,5.0,0.0,0.0
57.57080628200001,5.0,5.0,0.0,0.0
57.591908302,5.0,5.0,0.0,0.0
57.594626652,5.0,5.0,0.0,0.0
57.61123305300001,5.0,5.0,0.0,0.0
57.613131831000004,5.0,5.0,0.0,0.0
57.632522102,5.0,5.0,0.0,0.0
57.635663468000004,5.0,5.0,0.0,0.0
57.638706762000005,5.0,5.0,0.0,0.0
57.650794992,5.0,5.0,0.0,0.0
57.671805034,5.0,5.0,0.0,0.0
57.674740934000006,5.0,5.0,0.0,0.0
57.690858851,5.0,5.0,0.0,0.0
57.692897002,5.0,5.0,0.0,0.0
57.711483482000006,5.0,5.0,0.0,0.0
57.713780327,5.0,5.0,0.0,0.0
57.7314201,5.0,5.0,0.0,0.0
57.733484448000006,5.0,5.0,0.0,0.0
57.752510506,5.0,5.0,0.0,0.0
57.755464374000006,5.0,5.0,0.0,0.0
57.77086172800001,5.0,5.0,0.0,0.0
57.77353591200001,5.0,5.0,0.0,0.0
57.791019750000004,5.0,5.0,0.0,0.0
57.793466229,5.0,5.0,0.0,0.0
57.811344644,5.0,5.0,0.0,0.0
57.813809769,5.0,5.0,0.0,0.0
57.831721622,5.0,5.0,0.0,0.0
57.83403752900001,5.0,5.0,0.0,0.0
57.853305250000005,5.0,5.0,0.0,0.0
57.857040567000006,5.0,5.0,0.0,0.0
57.860777758000005,5.0,5.0,0.0,0.0
57.870782369000004,5.0,5.0,0.0,0.0
57.891847983000005,5.0,5.0,0.0,0.0
57.894793466,5.0,5.0,0.0,0.0
57.910852426000005,5.0,5.0,0.0,0.0
57.912885525,5.0,5.0,0.0,0.0
57.931446692,5.0,5.0,0.0,0.0
57.933566144000004,5.0,5.0,0.0,0.0
57.952049031,5.0,5.0,0.0,0.0
57.954409574,5.0,5.0,0.0,0.0
57.972089659000005,5.0,5.0,0.0,0.0
57.974644261,5.0,5.0,0.0,0.0
57.992217264000004,5.0,5.0,0.0,0.0
57.99521509,5.0,5.0,0.0,0.0
58.010718797,5.0,5.0,0.0,0.0
58.01278970800001,5.0,5.0,0.0,0.0
58.031433895000006,5.0,5.0,0.0,0.0
58.033999227,5.0,5.0,0.0,0.0
58.050970050000004,5.0,5.0,0.0,0.0
58.053466945000004,5.0,5.0,0.0,0.0
58.071208331,5.0,5.0,0.0,0.0
58.07363444600001,5.0,5.0,0.0,0.0
58.09121755300001,5.0,5.0,0.0,0.0
58.093654605000005,5.0,5.0,0.0,0.0
58.11122953500001,5.0,5.0,0.0,0.0
58.113761065000006,5.0,5.0,0.0,0.0
58.131202715,5.0,5.0,0.0,0.0
58.133612841,5.0,5.0,0.0,0.0
58.151222770000004,5.0,5.0,0.0,0.0
58.153677843000004,5.0,5.0,0.0,0.0
58.171216159000004,5.0,5.0,0.0,0.0
58.173696231,5.0,5.0,0.0,0.0
58.19121762,5.0,5.0,0.0,0.0
58.193623422,5.0,5.0,0.0,0.0
58.21121955,5.0,5.0,0.0,0.0
58.21369519500001,5.0,5.0,0.0,0.0
58.231330750000005,5.0,5.0,0.0,0.0
58.233798843,5.0,5.0,0.0,0.0
58.251363773,5.0,5.0,0.0,0.0
58.253851606000005,5.0,5.0,0.0,0.0
58.271184976,5.0,5.0,0.0,0.0
58.273411041,5.0,5.0,0.0,0.0
58.291537266000006,5.0,5.0,0.0,0.0
58.293750363,5.0,5.0,0.0,0.0
58.31173127700001,5.0,5.0,0.0,0.0
58.31403281,5.0,5.0,0.0,0.0
58.331994975,5.0,5.0,0.0,0.0
58.33456124400001,5.0,5.0,0.0,0.0
58.352498461,5.0,5.0,0.0,0.0
58.355507537,5.0,5.0,0.0,0.0
58.371143482,5.0,5.0,0.0,0.0
58.373319339000005,5.0,5.0,0.0,0.0
58.391224317,5.0,5.0,0.0,0.0
58.39359762,5.0,5.0,0.0,0.0
58.411214268,5.0,5.0,0.0,0.0
58.41366626800001,5.0,5.0,0.0,0.0
58.431194948000005,5.0,5.0,0.0,0.0
58.433543408000006,5.0,5.0,0.0,0.0
58.451212295000005,5.0,5.0,0.0,0.0
58.453573723000005,5.0,5.0,0.0,0.0
58.47130537,5.0,5.0,0.0,0.0
58.473715026,5.0,5.0,0.0,0.0
58.49121902,5.0,5.0,0.0,0.0
58.493571229000004,5.0,5.0,0.0,0.0
58.511234127,5.0,5.0,0.0,0.0
58.51357706500001,5.0,5.0,0.0,0.0
58.531202099000005,5.0,5.0,0.0,0.0
58.53351227700001,5.0,5.0,0.0,0.0
58.551190173,5.0,5.0,0.0,0.0
58.553474779000005,5.0,5.0,0.0,0.0
58.571218038000005,5.0,5.0,0.0,0.0
58.573553737000005,5.0,5.0,0.0,0.0
58.591213352000004,5.0,5.0,0.0,0.0
58.593521916,5.0,5.0,0.0,0.0
58.611226322,5.0,5.0,0.0,0.0
58.613510719000004,5.0,5.0,0.0,0.0
58.631186896,5.0,5.0,0.0,0.0
58.63346895,5.0,5.0,0.0,0.0
58.651181793000006,5.0,5.0,0.0,0.0
58.653446868,5.0,5.0,0.0,0.0
58.671227731,5.0,5.0,0.0,0.0
58.673451296,5.0,5.0,0.0,0.0
58.691258461000004,5.0,5.0,0.0,0.0
58.693565879000005,5.0,5.0,0.0,0.0
58.711434710000006,5.0,5.0,0.0,0.0
58.713586869000004,5.0,5.0,0.0,0.0
58.731439659,5.0,5.0,0.0,0.0
58.733540465000004,5.0,5.0,0.0,0.0
58.752475584,5.0,5.0,0.0,0.0
58.7553969,5.0,5.0,0.0,0.0
58.77202397600001,5.0,5.0,0.0,0.0
58.774618891,5.0,5.0,0.0,0.0
58.792453972000004,5.0,5.0,0.0,0.0
58.795974343000005,5.0,5.0,0.0,0.0
58.800044967000005,5.0,5.0,0.0,0.0
58.81063134,5.0,5.0,0.0,0.0
58.832028198,5.0,5.0,0.0,0.0
58.83459629,5.0,5.0,0.0,0.0
58.85114243,5.0,5.0,0.0,0.0
58.853308131000006,5.0,5.0,0.0,0.0
58.871432635000005,5.0,5.0,0.0,0.0
58.87387401,5.0,5.0,0.0,0.0
58.891183942000005,5.0,5.0,0.0,0.0
58.893341779000004,5.0,5.0,0.0,0.0
58.911418575000006,5.0,5.0,0.0,0.0
58.91378693,5.0,5.0,0.0,0.0
58.931198006,5.0,5.0,0.0,0.0
58.933375062,5.0,5.0,0.0,0.0
58.951383057,5.0,5.0,0.0,0.0
58.953771360000005,5.0,5.0,0.0,0.0
58.971405350000005,5.0,5.0,0.0,0.0
58.973516104000005,5.0,5.0,0.0,0.0
58.992542524,5.0,5.0,0.0,0.0
58.995546964000006,5.0,5.0,0.0,0.0
59.01207852,5.0,5.0,0.0,0.0
59.015030461,5.0,5.0,0.0,0.0
59.03066796700001,5.0,5.0,0.0,0.0
59.032464871,5.0,5.0,0.0,0.0
59.051381552,5.0,5.0,0.0,0.0
59.053698606000005,5.0,5.0,0.0,0.0
59.071388376,5.0,5.0,0.0,0.0
59.073602046000005,5.0,5.0,0.0,0.0
59.091449054,5.0,5.0,0.0,0.0
59.093615276,5.0,5.0,0.0,0.0
59.111652229,5.0,5.0,0.0,0.0
59.113983657000006,5.0,5.0,0.0,0.0
59.131997122,5.0,5.0,0.0,0.0
59.134558807000005,5.0,5.0,0.0,0.0
59.15238904500001,5.0,5.0,0.0,0.0
59.15585525,5.0,5.0,0.0,0.0
59.170684954,5.0,5.0,0.0,0.0
59.172488993,5.0,5.0,0.0,0.0
59.19140088300001,5.0,5.0,0.0,0.0
59.193601427000004,5.0,5.0,0.0,0.0
59.211406196000006,5.0,5.0,0.0,0.0
59.213502628,5.0,5.0,0.0,0.0
59.232164781,5.0,5.0,0.0,0.0
59.234750373000004,5.0,5.0,0.0,0.0
59.251954369,5.0,5.0,0.0,0.0
59.254990683,5.0,5.0,0.0,0.0
59.27079349900001,5.0,5.0,0.0,0.0
59.273593984,5.0,5.0,0.0,0.0
59.291447086000005,5.0,5.0,0.0,0.0
59.293641432,5.0,5.0,0.0,0.0
59.31137437900001,5.0,5.0,0.0,0.0
59.313594715,5.0,5.0,0.0,0.0
59.33161698200001,5.0,5.0,0.0,0.0
59.333856953,5.0,5.0,0.0,0.0
59.351400892,5.0,5.0,0.0,0.0
59.35356878,5.0,5.0,0.0,0.0
59.3716549,5.0,5.0,0.0,0.0
59.374038150000004,5.0,5.0,0.0,0.0
59.392079791,5.0,5.0,0.0,0.0
59.394704549000004,5.0,5.0,0.0,0.0
59.412497964,5.0,5.0,0.0,0.0
59.415981252,5.0,5.0,0.0,0.0
59.43067335400001,5.0,5.0,0.0,0.0
59.432449945,5.0,5.0,0.0,0.0
59.45164303000001,5.0,5.0,0.0,0.0
59.45394747900001,5.0,5.0,0.0,0.0
59.471395899,5.0,5.0,0.0,0.0
59.473514725,5.0,5.0,0.0,0.0
59.491418295,5.0,5.0,0.0,0.0
59.493557434,5.0,5.0,0.0,0.0
59.511397567,5.0,5.0,0.0,0.0
59.513539519000005,5.0,5.0,0.0,0.0
59.531453505,5.0,5.0,0.0,0.0
59.533579832,5.0,5.0,0.0,0.0
59.551391526,5.0,5.0,0.0,0.0
59.553517644,5.0,5.0,0.0,0.0
59.571385119000006,5.0,5.0,0.0,0.0
59.573540351000005,5.0,5.0,0.0,0.0
59.591416472000006,5.0,5.0,0.0,0.0
59.59352337200001,5.0,5.0,0.0,0.0
59.611435221,5.0,5.0,0.0,0.0
59.613591807000006,5.0,5.0,0.0,0.0
59.631645947,5.0,5.0,0.0,0.0
59.63400518700001,5.0,5.0,0.0,0.0
59.652105419,5.0,5.0,0.0,0.0
59.654745385000005,5.0,5.0,0.0,0.0
59.672410102,5.0,5.0,0.0,0.0
59.67552662400001,5.0,5.0,0.0,0.0
59.6908571,5.0,5.0,0.0,0.0
59.693027853000004,5.0,5.0,0.0,0.0
59.711431103,5.0,5.0,0.0,0.0
59.71354894,5.0,5.0,0.0,0.0
59.73140704,5.0,5.0,0.0,0.0
59.733527637,5.0,5.0,0.0,0.0
59.75168240000001,5.0,5.0,0.0,0.0
59.75402315,5.0,5.0,0.0,0.0
59.77166917,5.0,5.0,0.0,0.0
59.77402216,5.0,5.0,0.0,0.0
59.791834792,5.0,5.0,0.0,0.0
59.79415903300001,5.0,5.0,0.0,0.0
59.812041924000006,5.0,5.0,0.0,0.0
59.814642463000006,5.0,5.0,0.0,0.0
59.83247681300001,5.0,5.0,0.0,0.0
59.836015725,5.0,5.0,0.0,0.0
59.850721575,5.0,5.0,0.0,0.0
59.85252202,5.0,5.0,0.0,0.0
59.871622188,5.0,5.0,0.0,0.0
59.873927782,5.0,5.0,0.0,0.0
59.891406200000006,5.0,5.0,0.0,0.0
59.893525443,5.0,5.0,0.0,0.0
59.911769476,5.0,5.0,0.0,0.0
59.914123403000005,5.0,5.0,0.0,0.0
59.931981816000004,5.0,5.0,0.0,0.0
59.934519751,5.0,5.0,0.0,0.0
59.952352279,5.0,5.0,0.0,0.0
59.95585416,5.0,5.0,0.0,0.0
59.970662717,5.0,5.0,0.0,0.0
59.972417486000005,5.0,5.0,0.0,0.0
59.991620047000005,5.0,5.0,0.0,0.0
59.993957725,5.0,5.0,0.0,0.0
60.011549839000004,5.0,5.0,0.0,0.0
60.013643822000006,5.0,5.0,0.0,0.0
60.031611817000005,5.0,5.0,0.0,0.0
60.033918714,5.0,5.0,0.0,0.0
60.051644836,5.0,5.0,0.0,0.0
60.053959962,5.0,5.0,0.0,0.0
60.07167066900001,5.0,5.0,0.0,0.0
60.073970378000006,5.0,5.0,0.0,0.0
60.092014726,5.0,5.0,0.0,0.0
60.094599275,5.0,5.0,0.0,0.0
60.112007121000005,5.0,5.0,0.0,0.0
60.114660628,5.0,5.0,0.0,0.0
60.132503832000005,5.0,5.0,0.0,0.0
60.135960819000005,5.0,5.0,0.0,0.0
60.150687293000004,5.0,5.0,0.0,0.0
60.152473311,5.0,5.0,0.0,0.0
60.171620665000006,5.0,5.0,0.0,0.0
60.173945791,5.0,5.0,0.0,0.0
60.191668528,5.0,5.0,0.0,0.0
60.193954592000004,5.0,5.0,0.0,0.0
60.21165451700001,5.0,5.0,0.0,0.0
60.213934331000004,5.0,5.0,0.0,0.0
60.231504467,5.0,5.0,0.0,0.0
60.233598918000006,5.0,5.0,0.0,0.0
60.25166363,5.0,5.0,0.0,0.0
60.253971465000006,5.0,5.0,0.0,0.0
60.271651026,5.0,5.0,0.0,0.0
60.273944954,5.0,5.0,0.0,0.0
60.291512068,5.0,5.0,0.0,0.0
60.293620686000004,5.0,5.0,0.0,0.0
60.311665607,5.0,5.0,0.0,0.0
60.314023597,5.0,5.0,0.0,0.0
60.331690866,5.0,5.0,0.0,0.0
60.333972764,5.0,5.0,0.0,0.0
60.351624669,5.0,5.0,0.0,0.0
60.353884535000006,5.0,5.0,0.0,0.0
60.371648886,5.0,5.0,0.0,0.0
60.374006303,5.0,5.0,0.0,0.0
60.391683989,5.0,5.0,0.0,0.0
60.394000105,5.0,5.0,0.0,0.0
60.412063931000006,5.0,5.0,0.0,0.0
60.414634419,5.0,5.0,0.0,0.0
60.431985598000004,5.0,5.0,0.0,0.0
60.434514732000004,5.0,5.0,0.0,0.0
60.452699546000005,5.0,5.0,0.0,0.0
60.455751017000004,5.0,5.0,0.0,0.0
60.471954191,5.0,5.0,0.0,0.0
60.474923787,5.0,5.0,0.0,0.0
60.490773841000006,5.0,5.0,0.0,0.0
60.492592880000004,5.0,5.0,0.0,0.0
60.51170263,5.0,5.0,0.0,0.0
60.514023016,5.0,5.0,0.0,0.0
60.531682786000005,5.0,5.0,0.0,0.0
60.534031296,5.0,5.0,0.0,0.0
60.551691845,5.0,5.0,0.0,0.0
60.55401113800001,5.0,5.0,0.0,0.0
60.571999911000006,5.0,5.0,0.0,0.0
60.574616023000004,5.0,5.0,0.0,0.0
60.591997982,5.0,5.0,0.0,0.0
60.594621385,5.0,5.0,0.0,0.0
60.61300734100001,5.0,5.0,0.0,0.0
60.616547242,5.0,5.0,0.0,0.0
60.630817263000004,5.0,5.0,0.0,0.0
60.632782966,5.0,5.0,0.0,0.0
60.651667561000004,5.0,5.0,0.0,0.0
60.653988156000004,5.0,5.0,0.0,0.0
60.671652976000004,5.0,5.0,0.0,0.0
60.673942372000006,5.0,5.0,0.0,0.0
60.692085728,5.0,5.0,0.0,0.0
60.694608246,5.0,5.0,0.0,0.0
60.711948279000005,5.0,5.0,0.0,0.0
60.714482360000005,5.0,5.0,0.0,0.0
60.73292274200001,5.0,5.0,0.0,0.0
60.736441446,5.0,5.0,0.0,0.0
60.750805216,5.0,5.0,0.0,0.0
60.752746023,5.0,5.0,0.0,0.0
60.771645671,5.0,5.0,0.0,0.0
60.77393772400001,5.0,5.0,0.0,0.0
60.791659522,5.0,5.0,0.0,0.0
60.794026366000004,5.0,5.0,0.0,0.0
60.811701914000004,5.0,5.0,0.0,0.0
60.814011155,5.0,5.0,0.0,0.0
60.831671548,5.0,5.0,0.0,0.0
60.833965111000005,5.0,5.0,0.0,0.0
60.851908990000005,5.0,5.0,0.0,0.0
60.854242032,5.0,5.0,0.0,0.0
60.871774666,5.0,5.0,0.0,0.0
60.874113073000004,5.0,5.0,0.0,0.0
60.891824923,5.0,5.0,0.0,0.0
60.89410557,5.0,5.0,0.0,0.0
60.91249887,5.0,5.0,0.0,0.0
60.915459924000004,5.0,5.0,0.0,0.0
60.932028352,5.0,5.0,0.0,0.0
60.934604516,5.0,5.0,0.0,0.0
60.952327148,5.0,5.0,0.0,0.0
60.955842049000005,5.0,5.0,0.0,0.0
60.970670813000005,5.0,5.0,0.0,0.0
60.97254349600001,5.0,5.0,0.0,0.0
60.991691422,5.0,5.0,0.0,0.0
60.99403800500001,5.0,5.0,0.0,0.0
61.01164308600001,5.0,5.0,0.0,0.0
61.01391764,5.0,5.0,0.0,0.0
61.032005943,5.0,5.0,0.0,0.0
61.03459247200001,5.0,5.0,0.0,0.0
61.052132554,5.0,5.0,0.0,0.0
61.05513345200001,5.0,5.0,0.0,0.0
61.070692309,5.0,5.0,0.0,0.0
61.072450359,5.0,5.0,0.0,0.0
61.091776928,5.0,5.0,0.0,0.0
61.09406825200001,5.0,5.0,0.0,0.0
61.112003016,5.0,5.0,0.0,0.0
61.11457475300001,5.0,5.0,0.0,0.0
61.13206936700001,5.0,5.0,0.0,0.0
61.134624698,5.0,5.0,0.0,0.0
61.152414724,5.0,5.0,0.0,0.0
61.155905147000006,5.0,5.0,0.0,0.0
61.170703442000004,5.0,5.0,0.14,0.0
61.172553522,5.0,5.0,0.0,-0.28
61.191782852,5.0,5.0,0.14,-0.28
61.194196049000006,5.0,5.0,0.14,-0.28
61.211754673,5.0,5.0,0.0,-0.421
61.214146724,5.0,5.0,0.0,-0.421
61.231912741,5.0,5.0,0.0,-0.14
61.234211356,5.0,5.0,0.0,0.0
61.251996904,5.0,5.0,0.0,0.0
61.254593015000005,5.0,5.0,0.0,0.0
61.27201955700001,5.0,5.0,0.0,0.0
61.274611866,5.0,5.0,0.0,0.0
61.29287870900001,5.0,5.0,0.0,0.0
61.296410486000006,5.0,5.0,0.0,0.0
61.310820244000006,5.0,5.0,0.0,0.0
61.312808135000004,5.0,5.0,0.0,0.0
61.33166622,5.0,5.0,0.0,0.0
61.33390613900001,5.0,5.0,0.0,0.0
61.35199011900001,5.0,5.0,0.0,0.0
61.354563888,5.0,5.0,0.0,0.0
61.372025845,5.0,5.0,0.0,0.0
61.374609509,5.0,5.0,0.0,0.0
61.391960010000005,5.0,5.0,0.0,0.0
61.394960700000006,5.0,5.0,0.0,0.0
61.41070049300001,5.0,5.0,0.0,0.0
61.412485938,5.0,5.0,0.0,0.0
61.43169631000001,5.0,5.0,0.0,0.0
61.433920239,5.0,5.0,0.0,0.0
61.45200453300001,5.0,5.0,0.0,0.0
61.454588613000006,5.0,5.0,0.0,0.0
61.471651254,5.0,5.0,0.0,0.0
61.473896120000006,5.0,5.0,0.0,0.0
61.492446865000005,5.0,5.0,0.0,0.0
61.495450472,5.0,5.0,0.0,0.0
61.512006139,5.0,5.0,0.0,0.0
61.514595012,5.0,5.0,0.0,0.0
61.532371548,5.0,5.0,0.0,0.0
61.535896606,5.0,5.0,0.0,0.0
61.550723389000005,5.0,5.0,0.0,0.0
61.552498313,5.0,5.0,0.0,0.0
61.571677538,5.0,5.0,0.0,0.0
61.573945112000004,5.0,5.0,0.0,0.0
61.592038102000004,5.0,5.0,0.0,0.0
61.594640567000006,5.0,5.0,0.0,0.0
61.611669716,5.0,5.0,0.0,0.0
61.613944843000006,5.0,5.0,0.0,0.0
61.632027311,5.0,5.0,0.0,0.0
61.63459545400001,5.0,5.0,0.0,0.0
61.651949652000006,5.0,5.0,0.0,0.0
61.654502899,5.0,5.0,0.0,0.0
61.672060375,5.0,5.0,0.0,0.0
61.675019606000006,5.0,5.0,0.0,0.0
61.690700492000005,5.0,5.0,0.0,0.0
61.692484844000006,5.0,5.0,0.0,0.0
61.711687037000004,5.0,5.0,0.0,0.0
61.713951747,5.0,5.0,0.0,0.0
61.732013903,5.0,5.0,0.0,0.0
61.734614546,5.0,5.0,0.0,0.0
61.751988795,5.0,5.0,0.0,0.0
61.754544751000005,5.0,5.0,0.0,0.0
61.77247164800001,5.0,5.0,0.0,0.0
61.775470359,5.0,5.0,0.0,0.0
61.792090034000005,5.0,5.0,0.0,0.0
61.794662969,5.0,5.0,0.0,0.0
61.812407473,5.0,5.0,0.0,0.0
61.815968520000006,5.0,5.0,0.0,0.0
61.830685825,5.0,5.0,0.0,0.0
61.83242752100001,5.0,5.0,0.0,0.0
61.85164450600001,5.0,5.0,0.0,0.0
61.853887653,5.0,5.0,0.0,0.0
61.872026944000005,5.0,5.0,0.0,0.0
61.874577691000006,5.0,5.0,0.0,0.0
61.89203714800001,5.0,5.0,0.0,0.0
61.894599457000005,5.0,5.0,0.0,0.0
61.91201532,5.0,5.0,0.0,0.0
61.914523204000005,5.0,5.0,0.0,0.0
61.932440154000005,5.0,5.0,0.0,0.0
61.935388969,5.0,5.0,0.0,0.0
61.95197932200001,5.0,5.0,0.0,0.0
61.954884648000004,5.0,5.0,0.0,0.0
61.97066688700001,5.0,5.0,0.0,0.0
61.972426760000005,5.0,5.0,0.0,0.0
61.991688952000004,5.0,5.0,0.0,0.0
61.993929495,5.0,5.0,0.0,0.0
62.011980506,5.0,5.0,0.0,0.0
62.014512244,5.0,5.0,0.0,0.0
62.032432319,5.0,5.0,0.0,0.0
62.035400873,5.0,5.0,0.0,0.0
62.052314086,5.0,5.0,0.0,0.0
62.054884157000004,5.0,5.0,0.0,0.0
62.072412049,5.0,5.0,0.0,0.0
62.075928461000004,5.0,5.0,0.0,0.0
62.090677484000004,5.0,5.0,0.0,0.0
62.092450638,5.0,5.0,0.0,0.0
62.11165152900001,5.0,5.0,0.0,0.0
62.113887385000005,5.0,5.0,0.0,0.0
62.132487608000005,5.0,5.0,0.0,0.0
62.13550428600001,5.0,5.0,0.0,0.0
62.152026672000005,5.0,5.0,0.0,0.0
62.154556534,5.0,5.0,0.0,0.0
62.171935887000004,5.0,5.0,0.0,0.0
62.174837880000005,5.0,5.0,0.0,0.0
62.190671003000006,5.0,5.0,0.0,0.0
62.192419053,5.0,5.0,0.0,0.0
62.211674319000004,5.0,5.0,0.0,0.0
62.213936164,5.0,5.0,0.0,0.0
62.232131548000005,5.0,5.0,0.0,0.0
62.23466911800001,5.0,5.0,0.0,0.0
62.252019149000006,5.0,5.0,0.0,0.0
62.254523959000004,5.0,5.0,0.0,0.0
62.272474815,5.0,5.0,0.0,0.0
62.275467536,5.0,5.0,0.0,0.0
62.292398822,5.0,5.0,0.0,0.0
62.295355137,5.0,5.0,0.0,0.0
62.310815922,5.0,5.0,0.0,0.0
62.312826729,5.0,5.0,0.0,0.0
62.331679395,5.0,5.0,0.0,0.0
62.33391447,5.0,5.0,0.0,0.0
62.35246438,5.0,5.0,0.0,0.0
62.355404185000005,5.0,5.0,0.0,0.0
62.371990268000005,5.0,5.0,0.0,0.0
62.374475391000004,5.0,5.0,0.0,0.0
62.392483642,5.0,5.0,0.0,0.0
62.395983596,5.0,5.0,0.0,0.0
62.410705744000005,5.0,5.0,0.0,0.0
62.412482908,5.0,5.0,0.0,0.0
62.43166015400001,5.0,5.0,0.0,0.0
62.433924447,5.0,5.0,0.0,0.0
62.451994155,5.0,5.0,0.0,0.0
62.45453615300001,5.0,5.0,0.0,0.0
62.47242352000001,5.0,5.0,0.0,0.0
62.475393377,5.0,5.0,0.0,0.0
62.491723994000004,5.0,5.0,0.0,0.0
62.494248596000006,5.0,5.0,0.0,0.0
62.510798272,5.0,5.0,0.0,0.0
62.512806006000005,5.0,5.0,0.0,0.0
62.531660496,5.0,5.0,0.0,0.0
62.533938851,5.0,5.0,0.0,0.0
62.552416208000004,5.0,5.0,0.0,0.0
62.555389658,5.0,5.0,0.0,0.0
62.57196969700001,5.0,5.0,0.0,0.0
62.574520080000006,5.0,5.0,0.0,0.0
62.59251083,5.0,5.0,0.0,0.0
62.595485009,5.0,5.0,0.0,0.0
62.610844491,5.0,5.0,0.0,0.0
62.612864985,5.0,5.0,0.0,0.0
62.631685724,5.0,5.0,0.0,0.0
62.633933298,5.0,5.0,0.0,0.0
62.65254831000001,5.0,5.0,0.0,0.0
62.655522489000006,5.0,5.0,0.0,0.0
62.671986957,5.0,5.0,0.0,0.0
62.674581662,5.0,5.0,0.0,0.0
62.692452621,5.0,5.0,0.0,0.0
62.695977366,5.0,5.0,0.0,0.0
62.710666493000005,5.0,5.0,0.0,0.0
62.712433344000004,5.0,5.0,0.0,0.14
62.73167720200001,5.0,5.0,0.0,0.0
62.733956286,5.0,5.0,0.0,0.0
62.752492184000005,5.0,5.0,0.0,0.14
62.755412562000004,5.0,5.0,0.0,0.0
62.771969581,5.0,5.0,0.0,0.0
62.774502672000004,5.0,5.0,0.0,0.0
62.792471599,5.0,5.0,0.0,0.0
62.795418122,5.0,5.0,0.0,0.0
62.810863906,5.0,5.0,0.0,0.0
62.812902003000005,5.0,5.0,0.0,0.0
62.831686596000004,5.0,5.0,0.0,0.0
62.833929535,5.0,5.0,0.0,0.0
62.852453090000004,5.0,5.0,0.0,0.0
62.85540529000001,5.0,5.0,0.0,0.0
62.871988298000005,5.0,5.0,0.0,0.0
62.874525139000006,5.0,5.0,0.0,0.0
62.89246000400001,5.0,5.0,0.0,0.0
62.895415017000005,5.0,5.0,0.0,0.0
62.91087179,5.0,5.0,0.0,0.0
62.912933221,5.0,5.0,0.0,0.0
62.93171198100001,5.0,5.0,0.0,0.0
62.93394544,5.0,5.0,0.0,0.0
62.952467224,5.0,5.0,0.0,0.0
62.95543218500001,5.0,5.0,0.0,0.0
62.972001235,5.0,5.0,0.0,0.0
62.97453380500001,5.0,5.0,0.0,0.0
62.99243096200001,5.0,5.0,0.0,0.0
62.995370714,5.0,5.0,0.0,0.0
63.011247898,5.0,5.0,0.0,0.0
63.013205841,5.0,5.0,0.0,0.0
63.031675074000006,5.0,5.0,0.0,0.0
63.03390400200001,5.0,5.0,0.0,0.0
63.05245089,5.0,5.0,0.0,0.0
63.055357206000004,5.0,5.0,0.0,0.0
63.071979484,5.0,5.0,0.0,0.0
63.074529242000004,5.0,5.0,0.0,0.0
63.092465617,5.0,5.0,0.0,0.0
63.095491514,5.0,5.0,0.0,0.0
63.11210124,5.0,5.0,0.0,0.0
63.114640425000005,5.0,5.0,0.0,0.0
63.132358522000004,5.0,5.0,0.0,0.0
63.135742175000004,5.0,5.0,0.0,0.0
63.150689788,5.0,5.0,0.0,0.0
63.152457941,5.0,5.0,0.0,0.0
63.171942317,5.0,5.0,0.0,0.0
63.174226609,5.0,5.0,0.0,0.0
63.192413919,5.0,5.0,0.0,0.0
63.195345442000004,5.0,5.0,0.0,0.0
63.211992928,5.0,5.0,0.0,0.0
63.214875702,5.0,5.0,0.0,0.0
63.230786896000005,5.0,5.0,0.0,0.0
63.232605257,5.0,5.0,0.0,0.0
63.25169734600001,5.0,5.0,0.0,0.0
63.253956795,5.0,5.0,0.0,0.0
63.272471496,5.0,5.0,0.0,0.0
63.275410624,5.0,5.0,0.0,0.0
63.292172223,5.0,5.0,0.0,0.0
63.295247026000006,5.0,5.0,0.0,0.0
63.31244408800001,5.0,5.0,0.0,0.0
63.315903260000006,5.0,5.0,0.0,0.0
63.33069926100001,5.0,5.0,0.0,0.0
63.332453769000004,5.0,5.0,0.0,0.0
63.351710803,5.0,5.0,0.0,0.0
63.353945461,5.0,5.0,0.0,0.0
63.372445839,5.0,5.0,0.0,0.0
63.375419393,5.0,5.0,0.0,0.0
63.391995318000006,5.0,5.0,0.0,0.0
63.394543669,5.0,5.0,0.0,0.0
63.41241041000001,5.0,5.0,0.0,0.0
63.415325475,5.0,5.0,0.0,0.0
63.43242342400001,5.0,5.0,0.0,0.0
63.435395676000006,5.0,5.0,0.0,0.0
63.450817398000005,5.0,5.0,0.0,0.0
63.452801329,5.0,5.0,0.0,0.0
63.47169133800001,5.0,5.0,0.0,0.0
63.47395521400001,5.0,5.0,0.0,0.0
63.49246668600001,5.0,5.0,0.0,0.0
63.49539346900001,5.0,5.0,0.0,0.0
63.51184116700001,5.0,5.0,0.0,0.0
63.514452851,5.0,5.0,0.0,0.0
63.53244182900001,5.0,5.0,0.0,0.0
63.53590469900001,5.0,5.0,0.0,0.0
63.55069523,5.0,5.0,0.0,0.0
63.552448331,5.0,5.0,0.0,0.0
63.572018016,5.0,5.0,0.0,0.0
63.574554388,5.0,5.0,0.0,0.0
63.592608000000006,5.0,5.0,0.0,0.0
63.595568689000004,5.0,5.0,0.0,0.0
63.612031124000005,5.0,5.0,0.0,0.0
63.614552809,5.0,5.0,0.0,0.0
63.632389236,5.0,5.0,0.0,0.0
63.635753618,5.0,5.0,0.0,0.0
63.650686699000005,5.0,5.0,0.0,0.0
63.65241042500001,5.0,5.0,0.0,0.0
63.672044849,5.0,5.0,0.0,0.0
63.674549972,5.0,5.0,0.0,0.0
63.69247316800001,5.0,5.0,0.0,0.0
63.695407296000006,5.0,5.0,0.0,0.0
63.71198150000001,5.0,5.0,0.0,0.0
63.714874586,5.0,5.0,0.0,0.0
63.730817549,5.0,5.0,0.0,0.0
63.732668878000005,5.0,5.0,0.0,0.0
63.751710133,5.0,5.0,0.0,0.0
63.753944426000004,5.0,5.0,0.0,0.0
63.773144116000005,5.0,5.0,0.0,0.0
63.77663307900001,5.0,5.0,0.0,0.0
63.791687252,5.0,5.0,0.0,0.0
63.794251436,5.0,5.0,0.0,0.0
63.810805276,5.0,5.0,0.0,0.0
63.812847384,5.0,5.0,0.0,0.0
63.83166176700001,5.0,5.0,0.0,0.0
63.83391033,5.0,5.0,0.0,0.0
63.853137051000004,5.0,5.0,0.0,0.0
63.85656138,5.0,5.0,0.0,0.0
63.872044922,5.0,5.0,0.0,0.0
63.874572909,5.0,5.0,0.0,0.0
63.892252515,5.0,5.0,0.0,0.0
63.89523294400001,5.0,5.0,0.0,0.0
63.910686694000006,5.0,5.0,0.0,0.0
63.912461931,5.0,5.0,0.0,0.0
63.931666413,5.0,5.0,0.0,0.0
63.933922476000006,5.0,5.0,0.0,0.0
63.953051125,5.0,5.0,0.0,0.0
63.956484204000006,5.0,5.0,0.0,0.0
63.971717541000004,5.0,5.0,0.0,0.0
63.974232455000006,5.0,5.0,0.0,0.0
63.990787076000004,5.0,5.0,0.0,0.0
63.992788248000004,5.0,5.0,0.0,0.0
64.011694452,5.0,5.0,0.0,0.0
64.01393176500001,5.0,5.0,0.0,0.0
64.033074321,5.0,5.0,0.0,0.0
64.036557347,5.0,5.0,0.0,0.0
64.051759434,5.0,5.0,0.0,0.0
64.05430268100001,5.0,5.0,0.0,0.0
64.072408532,5.0,5.0,0.0,0.0
64.075909839,5.0,5.0,0.0,0.0
64.09066359900001,5.0,5.0,0.0,0.0
64.092403524,5.0,5.0,0.0,0.0
64.11203622800001,5.0,5.0,0.0,0.0
64.114564997,5.0,5.0,0.0,0.0
64.132457517,5.0,5.0,0.0,0.0
64.13544664300001,5.0,5.0,0.0,0.0
64.15184512100001,5.0,5.0,0.0,0.0
64.154340348,5.0,5.0,0.0,0.0
64.172418178,5.0,5.0,0.0,0.0
64.17584438200001,5.0,5.0,0.0,0.0
64.190667047,5.0,5.0,0.0,0.0
64.19240853400001,5.0,5.0,0.0,0.0
64.211707077,5.0,5.0,0.0,0.0
64.213963557,5.0,5.0,0.0,0.0
64.23318184,5.0,5.0,0.0,0.0
64.236593149,5.0,5.0,0.0,0.0
64.251474042,5.0,5.0,0.0,0.0
64.25402650800001,5.0,5.0,0.0,0.0
64.270791595,5.0,5.0,0.0,0.0
64.272765787,5.0,5.0,0.0,0.0
64.291667825,5.0,5.0,0.0,0.0
64.29392112800001,5.0,5.0,0.0,0.0
64.312675616,5.0,5.0,0.0,0.0
64.316148642,5.0,5.0,0.0,0.0
64.331638955,5.0,5.0,0.0,0.0
64.334186629,5.0,5.0,0.0,0.0
64.35083447800001,5.0,5.0,0.0,0.0
64.352833774,5.0,5.0,0.0,0.0
64.371688937,5.0,5.0,0.0,0.0
64.374047239,5.0,5.0,0.0,0.0
64.39245704400001,5.0,5.0,0.0,0.0
64.395450233,5.0,5.0,0.0,0.0
64.41187787700001,5.0,5.0,0.0,0.0
64.414805129,5.0,5.0,0.0,0.0
64.432227186,5.0,5.0,0.0,0.0
64.435584277,5.0,5.0,0.0,0.0
64.450693813,5.0,5.0,0.0,0.0
64.45243936300001,5.0,5.0,0.0,0.0
64.472005037,5.0,5.0,0.0,0.0
64.47453396200001,5.0,5.0,0.0,0.0
64.49243929400001,5.0,5.0,0.0,0.0
64.495451597,5.0,5.0,0.0,0.0
64.511899814,5.0,5.0,0.0,0.0
64.514827431,5.0,5.0,0.0,0.0
64.53069122800001,5.0,5.0,0.0,0.0
64.53244443300001,5.0,5.0,0.0,0.0
64.55167787100001,5.0,5.0,0.0,0.0
64.55390982,5.0,5.0,0.0,0.0
64.573098258,5.0,5.0,0.0,0.0
64.576555764,5.0,5.0,0.0,0.0
64.591568842,5.0,5.0,0.0,0.0
64.59411505700001,5.0,5.0,0.0,0.0
64.61227028,5.0,5.0,0.0,0.0
64.615656641,5.0,5.0,0.0,0.0
64.63067982300001,5.0,5.0,0.0,0.0
64.632431935,5.0,5.0,0.0,0.0
64.65202088800001,5.0,5.0,0.0,0.0
64.654550177,5.0,5.0,0.0,0.0
64.672369207,5.0,5.0,0.0,0.0
64.67538281200001,5.0,5.0,0.0,0.0
64.691881182,5.0,5.0,0.0,0.0
64.694814893,5.0,5.0,0.0,0.0
64.710705355,5.0,5.0,0.0,0.0
64.71245783100001,5.0,5.0,0.0,0.0
64.73169611200001,5.0,5.0,0.0,0.0
64.733910978,5.0,5.0,0.0,0.0
64.753066605,5.0,5.0,0.0,0.0
64.75645609,5.0,5.0,0.0,0.0
64.77178093500001,5.0,5.0,0.0,0.0
64.774312202,5.0,5.0,0.0,0.0
64.79239581200001,5.0,5.0,0.0,0.0
64.795857901,5.0,5.0,0.0,0.0
64.810695877,5.0,5.0,0.0,0.0
64.812270074,5.0,5.0,0.0,0.0
64.832023245,5.0,5.0,0.0,0.0
64.834536231,5.0,5.0,0.0,0.0
64.85255442500001,5.0,5.0,0.0,0.0
64.855963806,5.0,5.0,0.0,0.0
64.871719947,5.0,5.0,0.0,0.0
64.874599335,5.0,5.0,0.0,0.0
64.891489992,5.0,5.0,0.0,0.0
64.894948799,5.0,5.0,0.0,0.0
64.91071139900001,5.0,5.0,0.0,0.0
64.912466531,5.0,5.0,0.0,0.0
64.931715073,5.0,5.0,0.0,0.0
64.933978948,5.0,5.0,0.0,0.0
64.95293989000001,5.0,5.0,0.0,0.0
64.956353437,5.0,5.0,0.0,0.0
64.971728698,5.0,5.0,0.0,0.0
64.97424699700001,5.0,5.0,0.0,0.0
64.990866095,5.0,5.0,0.0,0.0
64.99289763,5.0,5.0,0.0,0.0
65.011698366,5.0,5.0,0.0,0.0
65.013968074,5.0,5.0,0.0,0.0
65.03313255500001,5.0,5.0,0.0,0.0
65.036591935,5.0,5.0,0.0,0.0
65.040066471,5.0,5.0,0.0,0.0
65.05147689,5.0,5.0,0.0,0.0
65.072177443,5.0,5.0,0.0,0.0
65.075611928,5.0,5.0,0.0,0.0
65.09070396300001,5.0,5.0,0.0,0.0
65.09251446,5.0,5.0,0.0,0.0
65.111712585,5.0,5.0,0.0,0.0
65.11409630300001,5.0,5.0,0.0,0.0
65.132241995,5.0,5.0,0.0,0.0
65.134770919,5.0,5.0,0.0,0.0
65.152108653,5.0,5.0,0.0,0.0
65.155014343,5.0,5.0,0.0,0.0
65.172305359,5.0,5.0,0.0,0.0
65.17586828,5.0,5.0,0.0,0.0
65.19070250600001,5.0,5.0,0.0,0.0
65.192474774,5.0,5.0,0.0,0.0
65.21203648800001,5.0,5.0,0.0,0.0
65.214649474,5.0,5.0,0.0,0.0
65.232896779,5.0,5.0,0.0,0.0
65.236354076,5.0,5.0,0.0,0.0
65.25133429,5.0,5.0,0.0,0.0
65.25391227600001,5.0,5.0,0.0,0.0
65.270865223,5.0,5.0,0.0,0.0
65.273891641,5.0,5.0,0.0,0.0
65.29119724,5.0,5.0,0.0,0.0
65.293110912,5.0,5.0,0.0,0.0
65.31246903600001,5.0,5.0,0.0,0.0
65.315424777,5.0,5.0,0.0,0.0
65.33219402900001,5.0,5.0,0.0,0.0
65.33514664500001,5.0,5.0,0.0,0.0
65.35209657200001,5.0,5.0,0.0,0.0
65.355009241,5.0,5.0,0.0,0.0
65.37183927400001,5.0,5.0,0.0,0.0
65.37474220300001,5.0,5.0,0.0,0.0
65.39087057900001,5.0,5.0,0.0,0.0
65.393876997,5.0,5.0,0.0,0.0
65.410961505,5.0,5.0,0.0,0.0
65.41342246100001,5.0,5.0,0.0,0.0
65.43139794700001,5.0,5.0,0.0,0.0
65.433457398,5.0,5.0,0.0,0.0
65.45247537,5.0,5.0,0.0,0.0
65.455427205,5.0,5.0,0.0,0.0
65.47237010100001,5.0,5.0,0.0,0.0
65.47535625900001,5.0,5.0,0.0,0.0
65.49198077300001,5.0,5.0,0.0,0.0
65.494877036,5.0,5.0,0.0,0.0
65.51070494700001,5.0,5.0,0.0,0.0
65.513476889,5.0,5.0,0.0,0.0
65.531443468,5.0,5.0,0.0,0.0
65.533491305,5.0,5.0,0.0,0.0
65.553051299,5.0,5.0,0.0,0.0
65.556445263,5.0,5.0,0.0,0.0
65.571711878,5.0,5.0,0.0,0.0
65.57422252100001,5.0,5.0,0.0,0.0
65.59091995,5.0,5.0,0.0,0.0
65.593949961,5.0,5.0,0.0,0.0
65.610988479,5.0,5.0,0.0,0.0
65.613418341,5.0,5.0,0.0,0.0
65.631692572,5.0,5.0,0.0,0.0
65.633963478,5.0,5.0,0.0,0.0
65.652349373,5.0,5.0,0.0,0.0
65.65577906600001,5.0,5.0,0.0,0.0
65.671856972,5.0,5.0,0.0,0.0
65.67473922500001,5.0,5.0,0.0,0.0
65.690720049,5.0,5.0,0.0,0.0
65.693317357,5.0,5.0,0.0,0.0
65.711728408,5.0,5.0,0.0,0.0
65.713989055,5.0,5.0,0.0,0.0
65.73237625200001,5.0,5.0,0.0,0.0
65.735770008,5.0,5.0,0.0,0.0
65.751900257,5.0,5.0,0.0,0.0
65.754806415,5.0,5.0,0.0,0.0
65.770709167,5.0,5.0,0.0,0.0
65.773434182,5.0,5.0,0.0,0.0
65.791710964,5.0,5.0,0.0,0.0
65.793997808,5.0,5.0,0.0,0.0
65.81303458000001,5.0,5.0,0.0,0.0
65.81642390900001,5.0,5.0,0.0,0.0
65.830802463,5.0,5.0,0.0,0.0
65.833430761,5.0,5.0,0.0,0.0
65.851360516,5.0,5.0,0.0,0.0
65.853814181,5.0,5.0,0.0,0.0
65.871457534,5.0,5.0,0.0,0.0
65.873555787,5.0,5.0,0.0,0.0
65.8925048,5.0,5.0,0.0,0.0
65.89544153,5.0,5.0,0.0,0.0
65.911013506,5.0,5.0,0.0,0.0
65.91411862000001,5.0,5.0,0.0,0.0
65.930996827,5.0,5.0,0.0,0.0
65.93369658200001,5.0,5.0,0.0,0.0
65.951223479,5.0,5.0,0.0,0.0
65.953151942,5.0,5.0,0.0,0.0
65.972570323,5.0,5.0,0.0,0.0
65.975520387,5.0,5.0,0.0,0.0
65.991946309,5.0,5.0,0.0,0.0
65.99487439500001,5.0,5.0,0.0,0.0
66.011615885,5.0,5.0,0.0,0.0
66.015033599,5.0,5.0,0.0,0.0
66.03128285700001,5.0,5.0,0.0,0.0
66.034242504,5.0,5.0,0.0,0.0
66.05084295500001,5.0,5.0,0.0,0.0
66.05373687400001,5.0,5.0,0.0,0.0
66.070971587,5.0,5.0,0.0,0.0
66.073466241,5.0,5.0,0.0,0.0
66.09142068300001,5.0,5.0,0.0,0.0
66.09347201,5.0,5.0,0.0,0.0
66.112520969,5.0,5.0,0.0,0.0
66.11549217800001,5.0,5.0,0.0,0.0
66.132498405,5.0,5.0,0.0,0.0
66.13548669800001,5.0,5.0,0.0,0.0
66.151399293,5.0,5.0,0.0,0.0
66.15437982600001,5.0,5.0,0.0,0.0
66.171642038,5.0,5.0,0.0,0.0
66.175052513,5.0,5.0,0.0,0.0
66.191125888,5.0,5.0,0.0,0.0
66.194064545,5.0,5.0,0.0,0.0
66.210854369,5.0,5.0,0.0,0.0
66.21360282100001,5.0,5.0,0.0,0.0
66.231265862,5.0,5.0,0.0,0.0
66.23356807,5.0,5.0,0.0,0.0
66.25149668,5.0,5.0,0.0,0.0
66.25354904800001,5.0,5.0,0.0,0.0
66.272421863,5.0,5.0,0.0,0.0
66.275417812,5.0,5.0,0.0,0.0
66.291804516,5.0,5.0,0.0,0.0
66.294353075,5.0,5.0,0.0,0.0
66.311288938,5.0,5.0,0.0,0.0
66.314298324,5.0,5.0,0.0,0.0
66.33101195100001,5.0,5.0,0.0,0.0
66.333438845,5.0,5.0,0.0,0.0
66.351447349,5.0,5.0,0.0,0.0
66.353531644,5.0,5.0,0.0,0.0
66.372499042,5.0,5.0,0.0,0.0
66.37545415800001,5.0,5.0,0.0,0.0
66.392037161,5.0,5.0,0.0,0.0
66.394914101,5.0,5.0,0.0,0.0
66.41088018500001,5.0,5.0,0.0,0.0
66.413920092,5.0,5.0,0.0,0.0
66.43112944100001,5.0,5.0,0.0,0.0
66.43409393200001,5.0,5.0,0.0,0.0
66.450851516,5.0,5.0,0.0,0.0
66.453642051,5.0,5.0,0.0,0.0
66.471002543,5.0,5.0,0.0,0.0
66.473436104,5.0,5.0,0.0,0.0
66.49169476200001,5.0,5.0,0.0,0.0
66.494017751,5.0,5.0,0.0,0.0
66.511278922,5.0,5.0,0.0,0.0
66.514243361,5.0,5.0,0.0,0.0
66.53085261400001,5.0,5.0,0.0,0.0
66.53373189700001,5.0,5.0,0.0,0.0
66.551015827,5.0,5.0,0.0,0.0
66.553290691,5.0,5.0,0.0,0.0
66.571719032,5.0,5.0,0.0,0.0
66.573963897,5.0,5.0,0.0,0.0
66.593091447,5.0,5.0,0.0,0.0
66.596570098,5.0,5.0,0.0,0.0
66.612095458,5.0,5.0,0.0,0.0
66.614677193,5.0,5.0,0.0,0.0
66.632440856,5.0,5.0,0.0,0.0
66.63591237,5.0,5.0,0.0,0.0
66.650728001,5.0,5.0,0.0,0.0
66.65343030700001,5.0,5.0,0.0,0.0
66.67100959700001,5.0,5.0,0.0,0.0
66.67339315800001,5.0,5.0,0.0,0.0
66.691254007,5.0,5.0,0.0,0.0
66.693149867,5.0,5.0,0.0,0.0
66.712457414,5.0,5.0,0.0,0.0
66.715459925,5.0,5.0,0.0,0.0
66.732079645,5.0,5.0,0.0,0.0
66.734605183,5.0,5.0,0.0,0.0
66.75233889900001,5.0,5.0,0.0,0.0
66.75584468400001,5.0,5.0,0.0,0.0
66.77069437600001,5.0,5.0,0.0,0.0
66.773316475,5.0,5.0,0.0,0.0
66.791041545,5.0,5.0,0.0,0.0
66.79412389800001,5.0,5.0,0.0,0.0
66.810843825,5.0,5.0,0.0,0.0
66.81388779400001,5.0,5.0,0.0,0.0
66.83098641400001,5.0,5.0,0.0,0.0
66.834065486,5.0,5.0,0.0,0.0
66.85112582500001,5.0,5.0,0.0,0.0
66.854387968,5.0,5.0,0.0,0.0
66.87086643900001,5.0,5.0,0.0,0.0
66.874106916,5.0,5.0,0.0,0.0
66.89103199600001,5.0,5.0,0.0,0.0
66.894098725,5.0,5.0,0.0,0.0
66.911002295,5.0,5.0,0.0,0.0
66.913333826,5.0,5.0,0.0,0.0
66.931218841,5.0,5.0,0.0,0.0
66.933131888,5.0,5.0,0.0,0.0
66.952554121,5.0,5.0,0.0,0.0
66.95554783,5.0,5.0,0.0,0.0
66.97201156300001,5.0,5.0,0.0,0.0
66.974940949,5.0,5.0,0.0,0.0
66.990687973,5.0,5.0,0.0,0.0
66.99342991500001,5.0,5.0,0.0,0.0
67.010965403,5.0,5.0,0.0,0.0
67.013956144,5.0,5.0,0.0,0.0
67.030982472,5.0,5.0,0.0,0.0
67.033958525,5.0,5.0,0.0,0.0
67.051004021,5.0,5.0,0.0,0.0
67.053995751,5.0,5.0,0.0,0.0
67.070961507,5.0,5.0,0.0,0.0
67.073921936,5.0,5.0,0.0,0.0
67.090951546,5.0,5.0,0.0,0.0
67.09391265100001,5.0,5.0,0.0,0.0
67.11099351,5.0,5.0,0.0,0.0
67.114113364,5.0,5.0,0.0,0.0
67.13098677800001,5.0,5.0,0.0,0.0
67.13296253200001,5.0,5.0,0.0,0.0
67.151522121,5.0,5.0,0.0,0.0
67.153578603,5.0,5.0,0.0,0.0
67.17247157300001,5.0,5.0,0.0,0.0
67.17541096000001,5.0,5.0,0.0,0.0
67.192039795,5.0,5.0,0.0,0.0
67.194567,5.0,5.0,0.0,0.0
67.212404307,5.0,5.0,0.0,0.0
67.215827802,5.0,5.0,0.0,0.0
67.230814784,5.0,5.0,0.0,0.0
67.233166366,5.0,5.0,0.0,0.0
67.251217264,5.0,5.0,0.0,0.0
67.254180453,5.0,5.0,0.0,0.0
67.271022982,5.0,5.0,0.0,0.0
67.27337201200001,5.0,5.0,0.0,0.0
67.291003698,5.0,5.0,0.0,0.0
67.293913137,5.0,5.0,0.0,0.0
67.310980767,5.0,5.0,0.0,0.0
67.313452661,5.0,5.0,0.0,0.0
67.331570641,5.0,5.0,0.0,0.0
67.333689206,5.0,5.0,0.0,0.0
67.352527802,5.0,5.0,0.0,0.0
67.35550661500001,5.0,5.0,0.0,0.0
67.372107325,5.0,5.0,0.0,0.0
67.374800777,5.0,5.0,0.0,0.0
67.390835245,5.0,5.0,0.0,0.0
67.393417293,5.0,5.0,0.0,0.0
67.411236528,5.0,5.0,0.0,0.0
67.413610922,5.0,5.0,0.0,0.0
67.43120865,5.0,5.0,0.0,0.0
67.433172321,5.0,5.0,0.0,0.0
67.45171232700001,5.0,5.0,0.0,0.0
67.45401771200001,5.0,5.0,0.0,0.0
67.472085381,5.0,5.0,0.0,0.0
67.474650189,5.0,5.0,0.0,0.0
67.492425622,5.0,5.0,0.0,0.0
67.495886981,5.0,5.0,0.0,0.0
67.51071318400001,5.0,5.0,0.0,0.0
67.512789354,5.0,5.0,0.0,0.0
67.531372276,5.0,5.0,0.0,0.0
67.533872241,5.0,5.0,0.0,0.0
67.551241949,5.0,5.0,0.0,0.0
67.553153433,5.0,5.0,0.0,0.0
67.572531864,5.0,5.0,0.0,0.0
67.57547875,5.0,5.0,0.0,0.0
67.59209091700001,5.0,5.0,0.0,0.0
67.594667079,5.0,5.0,0.0,0.0
67.61237995900001,5.0,5.0,0.0,0.0
67.615841109,5.0,5.0,0.0,0.0
67.63071205,5.0,5.0,0.0,0.0
67.632670773,5.0,5.0,0.0,0.0
67.651405827,5.0,5.0,0.0,0.0
67.65353616200001,5.0,5.0,0.0,0.0
67.67205991600001,5.0,5.0,0.0,0.0
67.67458123600001,5.0,5.0,0.0,0.0
67.69199865200001,5.0,5.0,0.0,0.0
67.694916424,5.0,5.0,0.0,0.0
67.710707508,5.0,5.0,0.0,0.0
67.71272034500001,5.0,5.0,0.0,0.0
67.73120826600001,5.0,5.0,0.0,0.0
67.733673597,5.0,5.0,0.0,0.0
67.751214917,5.0,5.0,0.0,0.0
67.75364957100001,5.0,5.0,0.0,0.0
67.771227037,5.0,5.0,0.0,0.0
67.773782939,5.0,5.0,0.0,0.0
67.791345457,5.0,5.0,0.0,0.0
67.793843808,5.0,5.0,0.0,0.0
67.81115757900001,5.0,5.0,0.0,0.0
67.813123594,5.0,5.0,0.0,0.0
67.83164625500001,5.0,5.0,0.0,0.0
67.833962629,5.0,5.0,0.0,0.0
67.85216440900001,5.0,5.0,0.0,0.0
67.854750831,5.0,5.0,0.0,0.0
67.872449962,5.0,5.0,0.0,0.0
67.875938143,5.0,5.0,0.0,0.0
67.89070622,5.0,5.0,0.0,0.0
67.892431196,5.0,5.0,0.0,0.0
67.911460829,5.0,5.0,0.0,0.0
67.9136233,5.0,5.0,0.0,0.0
67.931418523,5.0,5.0,0.0,0.0
67.93349339000001,5.0,5.0,0.0,0.0
67.95251625200001,5.0,5.0,0.0,0.0
67.955494128,5.0,5.0,0.0,0.0
67.970829437,5.0,5.0,0.0,0.0
67.972735817,5.0,5.0,0.0,0.0
67.991423267,5.0,5.0,0.0,0.0
67.993853806,5.0,5.0,0.0,0.0
68.011222473,5.0,5.0,0.0,0.0
68.013537805,5.0,5.0,0.0,0.0
68.031191676,5.0,5.0,0.0,0.0
68.03352763400001,5.0,5.0,0.0,0.0
68.051205775,5.0,5.0,0.0,0.0
68.053504806,5.0,5.0,0.0,0.0
68.071185811,5.0,5.0,0.0,0.0
68.073497915,5.0,5.0,0.0,0.0
68.09132610600001,5.0,5.0,0.0,0.0
68.09382492600001,5.0,5.0,0.0,0.0
68.111186301,5.0,5.0,0.0,0.0
68.113137836,5.0,5.0,0.0,0.0
68.13219715700001,5.0,5.0,0.0,0.0
68.134750975,5.0,5.0,0.0,0.0
68.152486564,5.0,5.0,0.0,0.0
68.155468658,5.0,5.0,0.0,0.0
68.171239482,5.0,5.0,0.0,0.0
68.173299297,5.0,5.0,0.0,0.0
68.191186759,5.0,5.0,0.0,0.0
68.19353282,5.0,5.0,0.0,0.0
68.211215232,5.0,5.0,0.0,0.0
68.213472284,5.0,5.0,0.0,0.0
68.23153406600001,5.0,5.0,0.0,0.0
68.233681432,5.0,5.0,0.0,0.0
68.25203643900001,5.0,5.0,0.0,0.0
68.254647653,5.0,5.0,0.0,0.0
68.272442147,5.0,5.0,0.0,0.0
68.275938349,5.0,5.0,0.0,0.0
68.290709499,5.0,5.0,0.0,0.0
68.292332445,5.0,5.0,0.0,0.0
68.311604783,5.0,5.0,0.0,0.0
68.314012511,5.0,5.0,0.0,0.0
68.33122420000001,5.0,5.0,0.0,0.0
68.333398024,5.0,5.0,0.0,0.0
68.351427306,5.0,5.0,0.0,0.0
68.35354764200001,5.0,5.0,0.0,0.0
68.371965304,5.0,5.0,0.0,0.0
68.37456542400001,5.0,5.0,0.0,0.0
68.392417834,5.0,5.0,0.0,0.0
68.395929921,5.0,5.0,0.0,0.0
68.410665343,5.0,5.0,0.0,0.0
68.412443599,5.0,5.0,0.0,0.0
68.431424535,5.0,5.0,0.0,0.0
68.43379268000001,5.0,5.0,0.0,0.0
68.451239418,5.0,5.0,0.0,0.0
68.45322663,5.0,5.0,0.0,0.0
68.47163913600001,5.0,5.0,0.0,0.0
68.473977593,5.0,5.0,0.0,0.0
68.49200599000001,5.0,5.0,0.0,0.0
68.494569236,5.0,5.0,0.0,0.0
68.512517374,5.0,5.0,0.0,0.0
68.515993472,5.0,5.0,0.0,0.0
68.530702175,5.0,5.0,0.0,0.0
68.532490639,5.0,5.0,0.0,0.0
68.551399075,5.0,5.0,0.0,0.0
68.55375341700001,5.0,5.0,0.0,0.0
68.571417963,5.0,5.0,0.0,0.0
68.573756628,5.0,5.0,0.0,0.0
68.59143924700001,5.0,5.0,0.0,0.0
68.59377598500001,5.0,5.0,0.0,0.0
68.61140089700001,5.0,5.0,0.0,0.0
68.613834509,5.0,5.0,0.0,0.0
68.631197809,5.0,5.0,0.0,0.0
68.633233718,5.0,5.0,0.0,0.0
68.651445028,5.0,5.0,0.0,0.0
68.65366905900001,5.0,5.0,0.0,0.0
68.671404698,5.0,5.0,0.0,0.0
68.67361721900001,5.0,5.0,0.0,0.0
68.69144468,5.0,5.0,0.0,0.0
68.693527828,5.0,5.0,0.0,0.0
68.711674555,5.0,5.0,0.0,0.0
68.714033168,5.0,5.0,0.0,0.0
68.73201922,5.0,5.0,0.0,0.0
68.734582622,5.0,5.0,0.0,0.0
68.75235294800001,5.0,5.0,0.0,0.0
68.755824618,5.0,5.0,0.0,0.0
68.770705037,5.0,5.0,0.0,0.0
68.772493033,5.0,5.0,0.0,0.0
68.79166880800001,5.0,5.0,0.0,0.0
68.794018775,5.0,5.0,0.0,0.0
68.81138764800001,5.0,5.0,0.0,0.0
68.81350220200001,5.0,5.0,0.0,0.0
68.83164731400001,5.0,5.0,0.0,0.0
68.83393671,5.0,5.0,0.0,0.0
68.85203750000001,5.0,5.0,0.0,0.0
68.85459298500001,5.0,5.0,0.0,0.0
68.87259362,5.0,5.0,0.0,0.0
68.87553785,5.0,5.0,0.0,0.0
68.890820346,5.0,5.0,0.0,0.0
68.89283932800001,5.0,5.0,0.0,0.0
68.91142214300001,5.0,5.0,0.0,0.0
68.913600863,5.0,5.0,0.0,0.0
68.931396553,5.0,5.0,0.0,0.0
68.933518086,5.0,5.0,0.0,0.0
68.951979288,5.0,5.0,0.0,0.0
68.95459867800001,5.0,5.0,0.0,0.0
68.972481555,5.0,5.0,0.0,0.0
68.976003277,5.0,5.0,0.0,0.0
68.990721822,5.0,5.0,0.0,0.0
68.992474454,5.0,5.0,0.0,0.0
69.01162825,5.0,5.0,0.0,0.0
69.013932749,5.0,5.0,0.0,0.0
69.031401413,5.0,5.0,0.0,0.0
69.033529144,5.0,5.0,0.0,0.0
69.051377125,5.0,5.0,0.0,0.0
69.05349803300001,5.0,5.0,0.0,0.0
69.07140189900001,5.0,5.0,0.0,0.0
69.07351353600001,5.0,5.0,0.0,0.0
69.091748178,5.0,5.0,0.0,0.0
69.094138562,5.0,5.0,0.0,0.0
69.11191831500001,5.0,5.0,0.0,0.0
69.114538955,5.0,5.0,0.0,0.0
69.132421623,5.0,5.0,0.0,0.0
69.135971522,5.0,5.0,0.0,0.0
69.15069454600001,5.0,5.0,0.0,0.0
69.15245045900001,5.0,5.0,0.0,0.0
69.171633318,5.0,5.0,0.0,0.0
69.17399005600001,5.0,5.0,0.0,0.0
69.191426272,5.0,5.0,0.0,0.0
69.19355119000001,5.0,5.0,0.0,0.0
69.211393963,5.0,5.0,0.0,0.0
69.2135056,5.0,5.0,0.0,0.0
69.231791961,5.0,5.0,0.0,0.0
69.234166042,5.0,5.0,0.0,0.0
69.251379657,5.0,5.0,0.0,0.0
69.253494159,5.0,5.0,0.0,0.0
69.271635626,5.0,5.0,0.0,0.0
69.273943406,5.0,5.0,0.0,0.0
69.291972426,5.0,5.0,0.0,0.0
69.29470707600001,5.0,5.0,0.0,0.0
69.31138184400001,5.0,5.0,0.0,0.0
69.313527804,5.0,5.0,0.0,0.0
69.33199056800001,5.0,5.0,0.0,0.0
69.33458058400001,5.0,5.0,0.0,0.0
69.352433461,5.0,5.0,0.0,0.0
69.355971589,5.0,5.0,0.0,0.0
69.370699822,5.0,5.0,0.0,0.0
69.372456881,5.0,5.0,0.0,0.0
69.391671457,5.0,5.0,0.0,0.0
69.39396231100001,5.0,5.0,0.0,0.0
69.411399048,5.0,5.0,0.0,0.0
69.41352328900001,5.0,5.0,0.0,0.0
69.43165725600001,5.0,5.0,0.0,0.0
69.434022483,5.0,5.0,0.0,0.0
69.452030827,5.0,5.0,0.0,0.0
69.45468011300001,5.0,5.0,0.0,0.0
69.47239283500001,5.0,5.0,0.0,0.0
69.47602825300001,5.0,5.0,0.0,0.0
69.49069669500001,5.0,5.0,0.0,0.0
69.49244427500001,5.0,5.0,0.0,0.0
69.511723382,5.0,5.0,0.0,0.0
69.514045589,5.0,5.0,0.0,0.0
69.53142050400001,5.0,5.0,0.0,0.0
69.533531464,5.0,5.0,0.0,0.0
69.55164641900001,5.0,5.0,0.0,0.0
69.553947897,5.0,5.0,0.0,0.0
69.57141411100001,5.0,5.0,0.0,0.0
69.57354548800001,5.0,5.0,0.0,0.0
69.591652682,5.0,5.0,0.0,0.0
69.593960515,5.0,5.0,0.0,0.0
69.61200245,5.0,5.0,0.0,0.0
69.614627361,5.0,5.0,0.0,0.0
69.632543516,5.0,5.0,0.0,0.0
69.63556248500001,5.0,5.0,0.0,0.0
69.650815709,5.0,5.0,0.0,0.0
69.652848128,5.0,5.0,0.0,0.0
69.671420108,5.0,5.0,0.0,0.0
69.67352987000001,5.0,5.0,0.0,0.0
69.691741959,5.0,5.0,0.0,0.0
69.69405276,5.0,5.0,0.0,0.0
69.71166543000001,5.0,5.0,0.0,0.0
69.713951857,5.0,5.0,0.0,0.0
69.731678327,5.0,5.0,0.0,0.0
69.73402699200001,5.0,5.0,0.0,0.0
69.751683412,5.0,5.0,0.0,0.0
69.75402364,5.0,5.0,0.0,0.0
69.772044273,5.0,5.0,0.0,0.0
69.77461293500001,5.0,5.0,0.0,0.0
69.792044462,5.0,5.0,0.0,0.0
69.79464463400001,5.0,5.0,0.0,0.0
69.81196986,5.0,5.0,0.0,0.0
69.814969766,5.0,5.0,0.0,0.0
69.830695588,5.0,5.0,0.0,0.0
69.832478948,5.0,5.0,0.0,0.0
69.85167769,5.0,5.0,0.0,0.0
69.854173124,5.0,5.0,0.0,0.0
69.87154881800001,5.0,5.0,0.0,0.0
69.873637539,5.0,5.0,0.0,0.0
69.892204154,5.0,5.0,0.0,0.0
69.89488724200001,5.0,5.0,0.0,0.0
69.91199059600001,5.0,5.0,0.0,0.0
69.91457306000001,5.0,5.0,0.0,0.0
69.93241593500001,5.0,5.0,0.0,0.0
69.935946355,5.0,5.0,0.0,0.0
69.95071562700001,5.0,5.0,0.0,0.0
69.95247112300001,5.0,5.0,0.0,0.0
69.97166679200001,5.0,5.0,0.0,0.0
69.973940458,5.0,5.0,0.0,0.0
69.991646669,5.0,5.0,0.0,0.0
69.99395455300001,5.0,5.0,0.0,0.0
70.011709149,5.0,5.0,0.0,0.0
70.01400265800001,5.0,5.0,0.0,0.0
70.031692828,5.0,5.0,0.0,0.0
70.033960452,5.0,5.0,0.0,0.0
70.05167234000001,5.0,5.0,0.0,0.0
70.05393986,5.0,5.0,0.0,0.0
70.072003409,5.0,5.0,0.0,0.0
70.07458379,5.0,5.0,0.0,0.0
70.09237072900001,5.0,5.0,0.0,0.0
70.095881721,5.0,5.0,0.0,0.0
70.11067495200001,5.0,5.0,0.0,0.0
70.11243747900001,5.0,5.0,0.0,0.0
70.131645648,5.0,5.0,0.0,0.0
70.133958272,5.0,5.0,0.0,0.0
70.151680524,5.0,5.0,0.0,0.0
70.153989814,5.0,5.0,0.0,0.0
70.17166701500001,5.0,5.0,0.0,0.0
70.17397208700001,5.0,5.0,0.0,0.0
70.191663871,5.0,5.0,0.0,0.0
70.193946755,5.0,5.0,0.0,0.0
70.211843015,5.0,5.0,0.0,0.0
70.214412823,5.0,5.0,0.0,0.0
70.232564913,5.0,5.0,0.0,0.0
70.236114967,5.0,5.0,0.0,0.0
70.25070544,5.0,5.0,0.0,0.0
70.25246609300001,5.0,5.0,0.0,0.0
70.271664887,5.0,5.0,0.0,0.0
70.273997146,5.0,5.0,0.0,0.0
70.291798199,5.0,5.0,0.0,0.0
70.29413269700001,5.0,5.0,0.0,0.0
70.312013749,5.0,5.0,0.0,0.0
70.314636108,5.0,5.0,0.0,0.0
70.331980709,5.0,5.0,0.0,0.0
70.33456030900001,5.0,5.0,0.0,0.0
70.35244271500001,5.0,5.0,0.0,0.0
70.35598855100001,5.0,5.0,0.0,0.0
70.370698397,5.0,5.0,0.0,0.0
70.372465403,5.0,5.0,0.0,0.0
70.391624666,5.0,5.0,0.0,0.0
70.39391359300001,5.0,5.0,0.0,0.0
70.41165891700001,5.0,5.0,0.0,0.0
70.41397523900001,5.0,5.0,0.0,0.0
70.43165983600001,5.0,5.0,0.0,0.0
70.433972616,5.0,5.0,0.0,0.0
70.45200444700001,5.0,5.0,0.0,0.0
70.454623837,5.0,5.0,0.0,0.0
70.471989792,5.0,5.0,0.0,0.0
70.47457991200001,5.0,5.0,0.0,0.0
70.49234398600001,5.0,5.0,0.0,0.0
70.49534967400001,5.0,5.0,0.0,0.0
70.51081102,5.0,5.0,0.0,0.0
70.512668129,5.0,5.0,0.0,0.0
70.53165802000001,5.0,5.0,0.0,0.0
70.533967727,5.0,5.0,0.0,0.0
70.551676384,5.0,5.0,0.0,0.0
70.553993695,5.0,5.0,0.0,0.0
70.57168860200001,5.0,5.0,0.0,0.0
70.57399950700001,5.0,5.0,0.0,0.0
70.591666341,5.0,5.0,0.0,0.0
70.594020579,5.0,5.0,0.0,0.0
70.61201428400001,5.0,5.0,0.0,0.0
70.61457648700001,5.0,5.0,0.0,0.0
70.63202671,5.0,5.0,0.0,0.0
70.63459136200001,5.0,5.0,0.0,0.0
70.65230694600001,5.0,5.0,0.0,0.0
70.65578851100001,5.0,5.0,0.0,0.0
70.670668666,5.0,5.0,0.0,0.0
70.67242041200001,5.0,5.0,0.0,0.0
70.691719516,5.0,5.0,0.0,0.0
70.693988182,5.0,5.0,0.0,0.0
70.711982043,5.0,5.0,0.0,0.0
70.714560444,5.0,5.0,0.0,0.0
70.73164213,5.0,5.0,0.0,0.0
70.73390892100001,5.0,5.0,0.0,0.0
70.752015489,5.0,5.0,0.0,0.0
70.754598474,5.0,5.0,0.0,0.0
70.772002239,5.0,5.0,0.0,0.0
70.77457657800001,5.0,5.0,0.0,0.0
70.79253174200001,5.0,5.0,0.0,0.0
70.79607502500001,5.0,5.0,0.0,0.0
70.81069284,5.0,5.0,0.0,0.0
70.812420993,5.0,5.0,0.0,0.0
70.831638274,5.0,5.0,0.0,0.0
70.833888555,5.0,5.0,0.0,0.0
70.852018873,5.0,5.0,0.0,0.0
70.854596961,5.0,5.0,0.0,0.0
70.871979321,5.0,5.0,0.0,0.0
70.874547722,5.0,5.0,0.0,0.0
70.892610436,5.0,5.0,0.0,0.0
70.89614611600001,5.0,5.0,0.0,0.0
70.910674713,5.0,5.0,0.0,0.0
70.91241817800001,5.0,5.0,0.0,0.0
70.931660564,5.0,5.0,0.0,0.0
70.93389329300001,5.0,5.0,0.0,0.0
70.95199590200001,5.0,5.0,0.0,0.0
70.954582949,5.0,5.0,0.0,0.0
70.971642605,5.0,5.0,0.0,0.0
70.97390054200001,5.0,5.0,0.0,0.0
70.99198643300001,5.0,5.0,0.0,0.0
70.994549522,5.0,5.0,0.0,0.0
71.012451978,5.0,5.0,0.0,0.0
71.015394957,5.0,5.0,0.0,0.0
71.031896183,5.0,5.0,0.0,0.0
71.03488562000001,5.0,5.0,0.0,0.0
71.05068795000001,5.0,5.0,0.0,0.0
71.052437352,5.0,5.0,0.0,0.0
71.071706821,5.0,5.0,0.0,0.0
71.073933248,5.0,5.0,0.0,0.0
71.092020753,5.0,5.0,0.0,0.0
71.09457613400001,5.0,5.0,0.0,0.0
71.112115106,5.0,5.0,0.0,0.0
71.11470158,5.0,5.0,0.0,0.0
71.131992378,5.0,5.0,0.0,0.0
71.134552133,5.0,5.0,0.0,0.0
71.152394278,5.0,5.0,0.0,0.0
71.15592777,5.0,5.0,0.0,0.0
71.170638917,5.0,5.0,0.0,0.0
71.172440194,5.0,5.0,0.0,0.0
71.191652996,5.0,5.0,0.0,0.0
71.19389911,5.0,5.0,0.0,0.0
71.212044219,5.0,5.0,0.0,0.0
71.21455262100001,5.0,5.0,0.0,0.0
71.232139978,5.0,5.0,0.0,0.0
71.234739316,5.0,5.0,0.0,0.0
71.252480316,5.0,5.0,0.0,0.0
71.255467514,5.0,5.0,0.0,0.0
71.27190832400001,5.0,5.0,0.0,0.0
71.274881772,5.0,5.0,0.0,0.0
71.290677904,5.0,5.0,0.0,0.0
71.29257126200001,5.0,5.0,0.0,0.0
71.31188343800001,5.0,5.0,0.0,0.0
71.314138459,5.0,5.0,0.0,0.0
71.332035446,5.0,5.0,0.0,0.0
71.334601191,5.0,5.0,0.0,0.0
71.3519948,5.0,5.0,0.0,0.0
71.35452929600001,5.0,5.0,0.0,0.0
71.37202655,5.0,5.0,0.0,0.0
71.37459083600001,5.0,5.0,0.0,0.0
71.391925957,5.0,5.0,0.0,0.0
71.39447592100001,5.0,5.0,0.0,0.0
71.412529938,5.0,5.0,0.0,0.0
71.416027544,5.0,5.0,0.0,0.0
71.43070515000001,5.0,5.0,0.0,0.0
71.43246273,5.0,5.0,0.0,0.0
71.451665949,5.0,5.0,0.0,0.0
71.453931907,5.0,5.0,0.0,0.0
71.47200477700001,5.0,5.0,0.0,0.0
71.47452229400001,5.0,5.0,0.0,0.0
71.492431937,5.0,5.0,0.0,0.0
71.49544444700001,5.0,5.0,0.0,0.0
71.512027911,5.0,5.0,0.0,0.0
71.51496375500001,5.0,5.0,0.0,0.0
71.530686919,5.0,5.0,0.0,0.0
71.532450384,5.0,5.0,0.0,0.0
71.551689643,5.0,5.0,0.0,0.0
71.55394159000001,5.0,5.0,0.0,0.0
71.57198149,5.0,5.0,0.0,0.0
71.57454770400001,5.0,5.0,0.0,0.0
71.59202245600001,5.0,5.0,0.0,0.0
71.594631326,5.0,5.0,0.0,0.0
71.612510916,5.0,5.0,0.0,0.0
71.615492019,5.0,5.0,0.0,0.0
71.630814563,5.0,5.0,0.0,0.0
71.63284286700001,5.0,5.0,0.0,0.0
71.651409375,5.0,5.0,0.0,0.0
71.653455179,5.0,5.0,0.0,0.0
71.67242126500001,5.0,5.0,0.0,0.0
71.675396952,5.0,5.0,0.0,0.0
71.692022445,5.0,5.0,0.0,0.0
71.69459168,5.0,5.0,0.0,0.0
71.71236424,5.0,5.0,0.0,0.0
71.71583320100001,5.0,5.0,0.0,0.0
71.73068622000001,5.0,5.0,0.0,0.0
71.732458487,5.0,5.0,0.0,0.0
71.751622903,5.0,5.0,0.0,0.0
71.753889016,5.0,5.0,0.0,0.0
71.772128601,5.0,5.0,0.0,0.0
71.774655232,5.0,5.0,0.0,0.0
71.792030611,5.0,5.0,0.0,0.0
71.79457187700001,5.0,5.0,0.0,0.0
71.812431832,5.0,5.0,0.0,0.0
71.815462466,5.0,5.0,0.0,0.0
71.832068585,5.0,5.0,0.0,0.0
71.83496859600001,5.0,5.0,0.0,0.0
71.85070441500001,5.0,5.0,0.0,0.0
71.852481108,5.0,5.0,0.0,0.0
71.87165927400001,5.0,5.0,0.0,0.0
71.873893357,5.0,5.0,0.0,0.0
71.892475802,5.0,5.0,0.0,0.0
71.89542898900001,5.0,5.0,0.0,0.0
71.91199792100001,5.0,5.0,0.0,0.0
71.914516115,5.0,5.0,0.0,0.0
71.932404871,5.0,5.0,0.0,0.0
71.93593971700001,5.0,5.0,0.0,0.0
71.95069659100001,5.0,5.0,0.0,0.0
71.952481879,5.0,5.0,0.0,0.0
71.97168744000001,5.0,5.0,0.0,0.0
71.973953033,5.0,5.0,0.0,0.0
71.991998871,5.0,5.0,0.0,0.0
71.994556543,5.0,5.0,0.0,0.0
72.011997702,5.0,5.0,0.0,0.0
72.014641518,5.0,5.0,0.0,0.0
72.03199231400001,5.0,5.0,0.0,0.0
72.034507539,5.0,5.0,0.0,0.0
72.05218124700001,5.0,5.0,0.0,0.0
72.054729284,5.0,5.0,0.0,0.0
72.072455282,5.0,5.0,0.0,0.0
72.075429771,5.0,5.0,0.0,0.0
72.09197354700001,5.0,5.0,0.0,0.0
72.09485585,5.0,5.0,0.0,0.0
72.110696147,5.0,5.0,0.0,0.0
72.11244034100001,5.0,5.0,0.0,0.0
72.131702203,5.0,5.0,0.0,0.0
72.13394613,5.0,5.0,0.0,0.0
72.15248024200001,5.0,5.0,0.0,0.0
72.15542967900001,5.0,5.0,0.0,0.0
72.171983767,5.0,5.0,0.0,0.0
72.17451972100001,5.0,5.0,0.0,0.0
72.192487383,5.0,5.0,0.0,-0.14
72.196132852,5.0,5.0,0.0,-0.14
72.21075212400001,5.0,5.0,0.0,-0.14
72.21262871200001,5.0,5.0,0.0,-0.14
72.231898075,5.0,5.0,0.0,-0.14
72.234160751,5.0,5.0,0.0,0.0
72.25202070600001,5.0,5.0,0.0,0.0
72.254575149,5.0,5.0,0.0,0.0
72.272032558,5.0,5.0,0.0,0.0
72.27455528200001,5.0,5.0,0.0,0.0
72.29275752400001,5.0,5.0,0.0,0.0
72.29570279500001,5.0,5.0,0.0,0.0
72.31084263300001,5.0,5.0,0.0,0.0
72.31286119800001,5.0,5.0,0.0,0.0
72.331538433,5.0,5.0,0.0,0.0
72.333581269,5.0,5.0,0.0,0.0
72.35245891800001,5.0,5.0,0.0,0.0
72.35539533500001,5.0,5.0,0.0,0.0
72.372008589,5.0,5.0,0.0,0.0
72.37457105200001,5.0,5.0,0.0,0.0
72.392528454,5.0,5.0,0.0,0.0
72.39549325600001,5.0,5.0,0.0,0.0
72.41081231000001,5.0,5.0,0.0,0.0
72.41282889600001,5.0,5.0,0.0,0.0
72.431703888,5.0,5.0,0.0,0.0
72.433952867,5.0,5.0,0.0,0.0
72.45244974,5.0,5.0,0.0,0.0
72.45544245800001,5.0,5.0,0.0,0.0
72.47199863,5.0,5.0,0.0,0.0
72.474526146,5.0,5.0,0.0,0.0
72.49238896600001,5.0,5.0,0.0,0.0
72.495801834,5.0,5.0,0.0,0.0
72.51067047800001,5.0,5.0,0.0,0.0
72.51242310900001,5.0,5.0,0.0,0.0
72.531641482,5.0,5.0,0.0,0.0
72.533904054,5.0,5.0,0.0,0.0
72.55246274800001,5.0,5.0,0.0,0.0
72.555410779,5.0,5.0,0.0,0.0
72.57203028100001,5.0,5.0,0.0,0.0
72.57457462,5.0,5.0,0.0,0.0
72.59239572,5.0,5.0,0.0,0.0
72.59581275400001,5.0,5.0,0.0,0.0
72.610703115,5.0,5.0,0.0,0.0
72.612440538,5.0,5.0,0.0,0.0
72.631984895,5.0,5.0,0.0,0.0
72.634519963,5.0,5.0,0.0,0.0
72.65201388,5.0,5.0,0.0,0.0
72.65454827100001,5.0,5.0,0.0,0.0
72.672386141,5.0,5.0,0.0,0.0
72.67532599500001,5.0,5.0,0.0,0.0
72.690817545,5.0,5.0,0.0,0.0
72.692832673,5.0,5.0,0.0,0.0
72.711692039,5.0,5.0,0.0,0.0
72.713927111,5.0,5.0,0.0,0.0
72.73244221200001,5.0,5.0,0.0,0.0
72.73540743000001,5.0,5.0,0.0,0.0
72.751982819,5.0,5.0,0.0,0.0
72.754526845,5.0,5.0,0.0,0.0
72.77247086,5.0,5.0,0.0,0.0
72.775425818,5.0,5.0,0.0,0.0
72.791952978,5.0,5.0,0.0,0.0
72.79483522800001,5.0,5.0,0.0,0.0
72.810690627,5.0,5.0,0.0,0.0
72.812427321,5.0,5.0,0.0,0.0
72.83167413000001,5.0,5.0,0.0,0.0
72.833906285,5.0,5.0,0.0,0.0
72.852502114,5.0,5.0,0.0,0.0
72.85571587000001,5.0,5.0,0.0,0.0
72.87221297900001,5.0,5.0,0.0,0.0
72.874829608,5.0,5.0,0.0,0.0
72.892294828,5.0,5.0,0.0,0.0
72.895249369,5.0,5.0,0.0,0.0
72.91070060700001,5.0,5.0,0.0,0.0
72.91248261300001,5.0,5.0,0.0,0.0
72.931710307,5.0,5.0,0.0,0.0
72.933947567,5.0,5.0,0.0,0.0
72.952482198,5.0,5.0,0.0,0.0
72.95545668700001,5.0,5.0,0.0,0.0
72.972041086,5.0,5.0,0.0,0.0
72.97492286800001,5.0,5.0,0.0,0.0
72.990704049,5.0,5.0,0.0,0.0
72.992462305,5.0,5.0,0.0,0.0
73.011721041,5.0,5.0,0.0,0.0
73.013957676,5.0,5.0,0.0,0.0
73.03245558900001,5.0,5.0,0.0,0.0
73.035423932,5.0,5.0,0.0,0.0
73.052119527,5.0,5.0,0.0,0.0
73.055009798,5.0,5.0,0.0,0.0
73.070705043,5.0,5.0,0.0,0.0
73.072450695,5.0,5.0,0.0,0.0
73.091779274,5.0,5.0,0.0,0.0
73.09405408500001,5.0,5.0,0.0,0.0
73.11239351100001,5.0,5.0,0.0,0.0
73.11535487500001,5.0,5.0,0.0,0.0
73.13202495,5.0,5.0,0.0,0.0
73.134952252,5.0,5.0,0.0,0.0
73.150704475,5.0,5.0,0.0,0.0
73.15245299200001,5.0,5.0,0.0,0.0
73.171669384,5.0,5.0,0.0,0.0
73.173939039,5.0,5.0,0.0,0.0
73.19297934100001,5.0,5.0,0.0,0.0
73.196394709,5.0,5.0,0.0,0.0
73.200054969,5.0,5.0,0.0,0.0
73.21150949300001,5.0,5.0,0.0,0.0
73.231807641,5.0,5.0,0.0,0.0
73.23469957900001,5.0,5.0,0.0,0.0
73.25142434,5.0,5.0,0.0,0.0
73.25348092600001,5.0,5.0,0.0,0.0
73.27313757200001,5.0,5.0,0.0,0.0
73.27665382400001,5.0,5.0,0.0,0.0
73.292013709,5.0,5.0,0.0,0.0
73.294616953,5.0,5.0,0.0,0.0
73.312469147,5.0,5.0,0.0,0.0
73.31555129,5.0,5.0,0.0,0.0
73.33201652400001,5.0,5.0,0.0,0.0
73.33455607100001,5.0,5.0,0.0,0.0
73.352959819,5.0,5.0,0.0,0.0
73.35636180200001,5.0,5.0,0.0,0.0
73.371615699,5.0,5.0,0.0,0.0
73.37416769400001,5.0,5.0,0.0,0.0
73.390805373,5.0,5.0,0.0,0.0
73.392805292,5.0,5.0,0.0,0.0
73.41169715800001,5.0,5.0,0.0,0.0
73.41396577200001,5.0,5.0,0.0,0.0
73.433064822,5.0,5.0,0.0,0.0
73.43650071100001,5.0,5.0,0.0,0.0
73.451980542,5.0,5.0,0.0,0.0
73.45448467300001,5.0,5.0,0.0,0.0
73.472584155,5.0,5.0,0.0,0.0
73.47608405300001,5.0,5.0,0.0,0.0
73.49069196900001,5.0,5.0,0.0,0.0
73.492435903,5.0,5.0,0.0,0.0
73.51199390500001,5.0,5.0,0.0,0.0
73.51454006600001,5.0,5.0,0.0,0.0
73.532458352,5.0,5.0,0.0,0.0
73.53544758000001,5.0,5.0,0.0,0.0
73.55162880600001,5.0,5.0,0.0,0.0
73.554205749,5.0,5.0,0.0,0.0
73.570971341,5.0,5.0,0.0,0.0
73.573444118,5.0,5.0,0.0,0.0
73.59171771,5.0,5.0,0.0,0.0
73.593947782,5.0,5.0,0.0,0.0
73.613088393,5.0,5.0,0.0,0.0
73.616519854,5.0,5.0,0.0,0.0
73.631489379,5.0,5.0,0.0,0.0
73.63404220700001,5.0,5.0,0.0,0.0
73.650811862,5.0,5.0,0.0,0.0
73.65279074,5.0,5.0,0.0,0.0
73.671635678,5.0,5.0,0.0,0.0
73.67390939500001,5.0,5.0,0.0,0.0
73.692604231,5.0,5.0,0.0,0.0
73.695566688,5.0,5.0,0.0,0.0
73.711999213,5.0,5.0,0.0,0.0
73.71461318600001,5.0,5.0,0.0,0.0
73.73219564200001,5.0,5.0,0.0,0.0
73.73514461,5.0,5.0,0.0,0.0
73.75069548,5.0,5.0,0.0,0.0
73.75244524700001,5.0,5.0,0.0,0.0
73.77169523100001,5.0,5.0,0.0,0.0
73.773947699,5.0,5.0,0.0,0.0
73.79245133900001,5.0,5.0,0.0,0.0
73.795408693,5.0,5.0,0.0,0.0
73.811943455,5.0,5.0,0.0,0.0
73.81448097100001,5.0,5.0,0.0,0.0
73.83258591900001,5.0,5.0,0.0,0.0
73.83598139200001,5.0,5.0,0.0,0.0
73.85143820100001,5.0,5.0,0.0,0.0
73.854016601,5.0,5.0,0.0,0.0
73.87084870400001,5.0,5.0,0.0,0.0
73.87252977300001,5.0,5.0,0.0,0.0
73.89309203,5.0,5.0,0.0,0.0
73.89654406400001,5.0,5.0,0.0,0.0
73.899665373,5.0,5.0,0.0,0.0
73.91134062200001,5.0,5.0,0.0,0.0
73.932717972,5.0,5.0,0.0,0.0
73.936153131,5.0,5.0,0.0,0.0
73.950694068,5.0,5.0,0.0,0.0
73.95243180300001,5.0,5.0,0.0,0.0
73.97199345,5.0,5.0,0.0,0.0
73.974548934,5.0,5.0,0.0,0.0
73.99261763300001,5.0,5.0,0.0,0.0
73.996084718,5.0,5.0,0.0,0.0
74.01154777800001,5.0,5.0,0.0,0.0
74.014097897,5.0,5.0,0.0,0.0
74.030813959,5.0,5.0,0.0,0.0
74.03277523300001,5.0,5.0,0.0,0.0
74.05179444000001,5.0,5.0,0.0,0.0
74.054096438,5.0,5.0,0.0,0.0
74.073063718,5.0,5.0,0.0,0.0
74.07647736700001,5.0,5.0,0.0,0.0
74.091864489,5.0,5.0,0.0,0.0
74.094449869,5.0,5.0,0.0,0.0
74.11227200900001,5.0,5.0,0.0,0.0
74.115740501,5.0,5.0,0.0,0.0
74.130675495,5.0,5.0,0.0,0.0
74.13241922,5.0,5.0,0.0,0.0
74.151987585,5.0,5.0,0.0,0.0
74.154578693,5.0,5.0,0.0,0.0
74.173099625,5.0,5.0,0.0,0.0
74.176517337,5.0,5.0,0.0,0.0
74.191482799,5.0,5.0,0.0,0.0
74.194056929,5.0,5.0,0.0,0.0
74.210817574,5.0,5.0,0.0,0.0
74.212828118,5.0,5.0,0.0,0.0
74.231890136,5.0,5.0,0.0,0.0
74.234141405,5.0,5.0,0.0,0.0
74.25306379,5.0,5.0,0.0,0.0
74.25645895000001,5.0,5.0,0.0,0.0
74.27152482700001,5.0,5.0,0.0,0.0
74.274113696,5.0,5.0,0.0,0.0
74.29084574800001,5.0,5.0,0.0,0.0
74.292839,5.0,5.0,0.0,0.0
74.311700292,5.0,5.0,0.0,0.0
74.313946927,5.0,5.0,0.0,0.0
74.33277988500001,5.0,5.0,0.0,0.0
74.335754843,5.0,5.0,0.0,0.0
74.35210466000001,5.0,5.0,0.0,0.0
74.355104409,5.0,5.0,0.0,0.0
74.370869235,5.0,5.0,0.0,0.0
74.37389122200001,5.0,5.0,0.0,0.0
74.39083670800001,5.0,5.0,0.0,0.0
74.39285527300001,5.0,5.0,0.0,0.0
74.41140542400001,5.0,5.0,0.0,0.0
74.413459144,5.0,5.0,0.0,0.0
74.43244783,5.0,5.0,0.0,0.0
74.43541377700001,5.0,5.0,0.0,0.0
74.45191145700001,5.0,5.0,0.0,0.0
74.454443087,5.0,5.0,0.0,0.0
74.47240548500001,5.0,5.0,0.0,0.0
74.475894706,5.0,5.0,0.0,0.0
74.490683609,5.0,5.0,0.0,0.0
74.492429469,5.0,5.0,0.0,0.0
74.511692682,5.0,5.0,0.0,0.0
74.513953587,5.0,5.0,0.0,0.0
74.532074889,5.0,5.0,0.0,0.0
74.534604124,5.0,5.0,0.0,0.0
74.552400012,5.0,5.0,0.0,0.0
74.55578673400001,5.0,5.0,0.0,0.0
74.57071209200001,5.0,5.0,0.0,0.0
74.572556805,5.0,5.0,0.0,0.0
74.59202147100001,5.0,5.0,0.0,0.0
74.594546904,5.0,5.0,0.0,0.0
74.612610601,5.0,5.0,0.0,0.0
74.616059562,5.0,5.0,0.0,0.0
74.63093867,5.0,5.0,0.0,0.0
74.633613266,5.0,5.0,0.0,0.0
74.651409832,5.0,5.0,0.0,0.0
74.653442876,5.0,5.0,0.0,0.0
74.673077332,5.0,5.0,0.0,0.0
74.67675128900001,5.0,5.0,0.0,0.0
74.68027274900001,5.0,5.0,0.0,0.0
74.69137087,5.0,5.0,0.0,0.0
74.71161365,5.0,5.0,0.0,0.0
74.71454069100001,5.0,5.0,0.0,0.0
74.731442895,5.0,5.0,0.0,0.0
74.733475834,5.0,5.0,0.0,0.0
74.752767639,5.0,5.0,0.0,0.0
74.75621878700001,5.0,5.0,0.0,0.0
74.77128664300001,5.0,5.0,0.0,0.0
74.77385421000001,5.0,5.0,0.0,0.0
74.790967087,5.0,5.0,0.0,0.0
74.79407084500001,5.0,5.0,0.0,0.0
74.811460698,5.0,5.0,0.0,0.0
74.813506085,5.0,5.0,0.0,0.0
74.832660391,5.0,5.0,0.0,0.0
74.83615263300001,5.0,5.0,0.0,0.0
74.851478818,5.0,5.0,0.0,0.0
74.85405096800001,5.0,5.0,0.0,0.0
74.87111379400001,5.0,5.0,0.0,0.0
74.87408380400001,5.0,5.0,0.0,0.0
74.891424595,5.0,5.0,0.0,0.0
74.893490607,5.0,5.0,0.0,0.0
74.91253960200001,5.0,5.0,0.0,0.0
74.91596861500001,5.0,5.0,0.0,0.0
74.93160365,5.0,5.0,0.0,0.0
74.934136165,5.0,5.0,0.0,0.0
74.950856341,5.0,5.0,0.0,0.0
74.95284912400001,5.0,5.0,0.0,0.0
74.971720727,5.0,5.0,0.0,0.0
74.973996631,5.0,5.0,0.0,0.0
74.99313172000001,5.0,5.0,0.0,0.0
74.99662781500001,5.0,5.0,0.0,0.0
75.000136514,5.0,5.0,0.0,0.0
75.01137906000001,5.0,5.0,0.0,0.0
75.03283291700001,5.0,5.0,0.0,0.0
75.036262138,5.0,5.0,0.0,0.0
75.05134988900001,5.0,5.0,0.0,0.0
75.053925269,5.0,5.0,0.0,0.0
75.07085143,5.0,5.0,0.0,0.0
75.073895084,5.0,5.0,0.0,0.0
75.09099806600001,5.0,5.0,0.0,0.0
75.093401313,5.0,5.0,0.0,0.0
75.11195745100001,5.0,5.0,0.0,0.0
75.114217106,5.0,5.0,0.0,0.0
75.132233669,5.0,5.0,0.0,0.0
75.13571038900001,5.0,5.0,0.0,0.0
75.15183072900001,5.0,5.0,0.0,0.0
75.15475751000001,5.0,5.0,0.0,0.0
75.17070910300001,5.0,5.0,0.0,0.0
75.17363353900001,5.0,5.0,0.0,0.0
75.191008966,5.0,5.0,0.0,0.0
75.19391824600001,5.0,5.0,0.0,0.0
75.21122008,5.0,5.0,0.0,0.0
75.213129792,5.0,5.0,0.0,0.0
75.232613521,5.0,5.0,0.0,0.0
75.235613946,5.0,5.0,0.0,0.0
75.252080688,5.0,5.0,0.0,0.0
75.25466966100001,5.0,5.0,0.0,0.0
75.272156283,5.0,5.0,0.0,0.0
75.275637587,5.0,5.0,0.0,0.0
75.29203313100001,5.0,5.0,0.0,0.0
75.294998245,5.0,5.0,0.0,0.0
75.310738955,5.0,5.0,0.0,0.0
75.31365391300001,5.0,5.0,0.0,0.0
75.331018922,5.0,5.0,0.0,0.0
75.33351623,5.0,5.0,0.0,0.0
75.351717217,5.0,5.0,0.0,0.0
75.353984737,5.0,5.0,0.0,0.0
75.37261498800001,5.0,5.0,0.0,0.0
75.376060928,5.0,5.0,0.0,0.0
75.390833736,5.0,5.0,0.0,0.0
75.393532447,5.0,5.0,0.0,0.0
75.411148911,5.0,5.0,0.0,0.0
75.414120639,5.0,5.0,0.0,0.0
75.431298724,5.0,5.0,0.0,0.0
75.433183072,5.0,5.0,0.0,0.0
75.45255956300001,5.0,5.0,0.0,0.0
75.455523322,5.0,5.0,0.0,0.0
75.470866017,5.0,5.0,0.0,0.0
75.473801756,5.0,5.0,0.0,0.0
75.491004372,5.0,5.0,0.0,0.0
75.493439077,5.0,5.0,0.0,0.0
75.51173876,5.0,5.0,0.0,0.0
75.514015238,5.0,5.0,0.0,0.0
75.532014613,5.0,5.0,0.0,0.0
75.53553586400001,5.0,5.0,0.0,0.0
75.550726529,5.0,5.0,0.0,0.0
75.55313805600001,5.0,5.0,0.0,0.0
75.571366489,5.0,5.0,0.0,0.0
75.573835672,5.0,5.0,0.0,0.0
75.59172306800001,5.0,5.0,0.0,0.0
75.593963556,5.0,5.0,0.0,0.0
75.611820693,5.0,5.0,0.0,0.0
75.615216841,5.0,5.0,0.0,0.0
75.63123869200001,5.0,5.0,0.0,0.0
75.634231357,5.0,5.0,0.0,0.0
75.650853928,5.0,5.0,0.0,0.0
75.653941904,5.0,5.0,0.0,0.0
75.670993791,5.0,5.0,0.0,0.0
75.67334886100001,5.0,5.0,0.0,0.0
75.691489118,5.0,5.0,0.0,0.0
75.693537422,5.0,5.0,0.0,0.0
75.712531469,5.0,5.0,0.0,0.0
75.71546455100001,5.0,5.0,0.0,0.0
75.732122122,5.0,5.0,0.0,0.0
75.73559425900001,5.0,5.0,0.0,0.0
75.75068388300001,5.0,5.0,0.0,0.0
75.752902757,5.0,5.0,0.0,0.0
75.771380405,5.0,5.0,0.0,0.0
75.773877504,5.0,5.0,0.0,0.0
75.791722766,5.0,5.0,0.0,0.0
75.79400283700001,5.0,5.0,0.0,0.0
75.81257647300001,5.0,5.0,0.0,0.0
75.81602272500001,5.0,5.0,0.0,0.0
75.830845478,5.0,5.0,0.0,0.0
75.833499763,5.0,5.0,0.0,0.0
75.850967061,5.0,5.0,0.0,0.0
75.85327978800001,5.0,5.0,0.0,0.0
75.871765405,5.0,5.0,0.0,0.0
75.874025997,5.0,5.0,0.0,0.0
75.892789682,5.0,5.0,0.0,0.0
75.89579906600001,5.0,5.0,0.0,0.0
75.91112301000001,5.0,5.0,0.0,0.0
75.914152914,5.0,5.0,0.0,0.0
75.93087277500001,5.0,5.0,0.0,0.0
75.933455341,5.0,5.0,0.0,0.0
75.9513268,5.0,5.0,0.0,0.0
75.95375999400001,5.0,5.0,0.0,0.0
75.97173369100001,5.0,5.0,0.0,0.0
75.973983294,5.0,5.0,0.0,0.0
75.99131121900001,5.0,5.0,0.0,0.0
75.994237948,5.0,5.0,0.0,0.0
76.01084656,5.0,5.0,0.0,0.0
76.013331733,5.0,5.0,0.0,0.0
76.031256993,5.0,5.0,0.0,0.0
76.03353821,5.0,5.0,0.0,0.0
76.05141935600001,5.0,5.0,0.0,0.0
76.05346719100001,5.0,5.0,0.0,0.0
76.07247582100001,5.0,5.0,0.0,0.0
76.075457548,5.0,5.0,0.0,0.0
76.091725593,5.0,5.0,0.0,0.0
76.094286546,5.0,5.0,0.0,0.0
76.11094083500001,5.0,5.0,0.0,0.0
76.114034696,5.0,5.0,0.0,0.0
76.13098309600001,5.0,5.0,0.0,0.0
76.133467018,5.0,5.0,0.0,0.0
76.151311602,5.0,5.0,0.0,0.0
76.153734015,5.0,5.0,0.0,0.0
76.171357144,5.0,5.0,0.0,0.0
76.173845806,5.0,5.0,0.0,0.0
76.191755181,5.0,5.0,0.0,0.0
76.194018586,5.0,5.0,0.0,0.0
76.21256243100001,5.0,5.0,0.0,0.0
76.21597410000001,5.0,5.0,0.0,0.0
76.230745552,5.0,5.0,0.0,0.0
76.233432909,5.0,5.0,0.0,0.0
76.25101171600001,5.0,5.0,0.0,0.0
76.253329703,5.0,5.0,0.0,0.0
76.271350431,5.0,5.0,0.0,0.0
76.27392086200001,5.0,5.0,0.0,0.0
76.29148029400001,5.0,5.0,0.0,0.0
76.29355000400001,5.0,5.0,0.0,0.0
76.312481708,5.0,5.0,0.0,0.0
76.31545005000001,5.0,5.0,0.0,0.0
76.33205908000001,5.0,5.0,0.0,0.0
76.33492784,5.0,5.0,0.0,0.0
76.350714017,5.0,5.0,0.0,0.0
76.35362085,5.0,5.0,0.0,0.0
76.370979504,5.0,5.0,0.0,0.0
76.374016022,5.0,5.0,0.0,0.0
76.391016035,5.0,5.0,0.0,0.0
76.393210951,5.0,5.0,0.0,0.0
76.41143912400001,5.0,5.0,0.0,0.0
76.413520187,5.0,5.0,0.0,0.0
76.432482256,5.0,5.0,0.0,0.0
76.43544789,5.0,5.0,0.0,0.0
76.45206280400001,5.0,5.0,0.0,0.0
76.454960471,5.0,5.0,0.0,0.0
76.470700034,5.0,5.0,0.0,0.0
76.47345890000001,5.0,5.0,0.0,0.0
76.491019269,5.0,5.0,0.0,0.0
76.494046986,5.0,5.0,0.0,0.0
76.51100684400001,5.0,5.0,0.0,0.0
76.513984925,5.0,5.0,0.0,0.0
76.530998584,5.0,5.0,0.0,0.0
76.533757659,5.0,5.0,0.0,0.0
76.550977198,5.0,5.0,0.0,0.0
76.55308982400001,5.0,5.0,0.0,0.0
76.571459139,5.0,5.0,0.0,0.0
76.573540046,5.0,5.0,0.0,0.0
76.592462165,5.0,5.0,0.0,0.0
76.59542009,5.0,5.0,0.0,0.0
76.61252968400001,5.0,5.0,0.0,0.0
76.615514328,5.0,5.0,0.0,0.0
76.63084483300001,5.0,5.0,0.0,0.0
76.63357198,5.0,5.0,0.0,0.0
76.651005111,5.0,5.0,0.0,0.0
76.65391834900001,5.0,5.0,0.0,0.0
76.671005287,5.0,5.0,0.0,0.0
76.673904932,5.0,5.0,0.0,0.0
76.69102879600001,5.0,5.0,0.0,0.0
76.69343891700001,5.0,5.0,0.0,0.0
76.71121548,5.0,5.0,0.0,0.0
76.713237378,5.0,5.0,0.0,0.0
76.73139627900001,5.0,5.0,0.0,0.0
76.73373020300001,5.0,5.0,0.0,0.0
76.752088997,5.0,5.0,0.0,0.0
76.75464828300001,5.0,5.0,0.0,0.0
76.772435419,5.0,5.0,0.0,0.0
76.77592047200001,5.0,5.0,0.0,0.0
76.790685048,5.0,5.0,0.0,0.0
76.792902619,5.0,5.0,0.0,0.0
76.81122844500001,5.0,5.0,0.0,0.0
76.814179548,5.0,5.0,0.0,0.0
76.830955344,5.0,5.0,0.0,0.0
76.833728324,5.0,5.0,0.0,0.0
76.85116338200001,5.0,5.0,0.0,0.0
76.853662043,5.0,5.0,0.0,0.0
76.87122371400001,5.0,5.0,0.0,0.0
76.874142213,5.0,5.0,0.0,0.0
76.890966237,5.0,5.0,0.0,0.0
76.89372901,5.0,5.0,0.0,0.0
76.91100125700001,5.0,5.0,0.0,0.0
76.913698249,5.0,5.0,0.0,0.0
76.931002944,5.0,5.0,0.0,0.0
76.93334410700001,5.0,5.0,0.0,0.0
76.95124014800001,5.0,5.0,0.0,0.0
76.953276368,5.0,5.0,0.0,0.0
76.971414905,5.0,5.0,0.0,0.0
76.973520968,5.0,5.0,0.0,0.0
76.99243871200001,5.0,5.0,0.0,0.0
76.99539736700001,5.0,5.0,0.0,0.0
77.010818183,5.0,5.0,0.0,0.0
77.01303403600001,5.0,5.0,0.0,0.0
77.031201947,5.0,5.0,0.0,0.0
77.03371045200001,5.0,5.0,0.0,0.0
77.051230405,5.0,5.0,0.0,0.0
77.05373364900001,5.0,5.0,0.0,0.0
77.071199279,5.0,5.0,0.0,0.0
77.07370419,5.0,5.0,0.0,0.0
77.091287944,5.0,5.0,0.0,0.0
77.093840875,5.0,5.0,0.0,0.0
77.11122088100001,5.0,5.0,0.0,0.0
77.113793083,5.0,5.0,0.0,0.0
77.13120001600001,5.0,5.0,0.0,0.0
77.133696438,5.0,5.0,0.0,0.0
77.151299566,5.0,5.0,0.0,0.0
77.153841404,5.0,5.0,0.0,0.0
77.171211983,5.0,5.0,0.0,0.0
77.173661166,5.0,5.0,0.0,0.0
77.191220649,5.0,5.0,0.0,0.0
77.19367030100001,5.0,5.0,0.0,0.0
77.211231659,5.0,5.0,0.0,0.0
77.21358620800001,5.0,5.0,0.0,0.0
77.231233345,5.0,5.0,0.0,0.0
77.233294826,5.0,5.0,0.0,0.0
77.251429977,5.0,5.0,0.0,0.0
77.25354208200001,5.0,5.0,0.0,0.0
77.272504565,5.0,5.0,0.0,0.0
77.275465303,5.0,5.0,0.0,0.0
77.29203240400001,5.0,5.0,0.0,0.0
77.294959549,5.0,5.0,0.0,0.0
77.31070853700001,5.0,5.0,0.0,0.0
77.31250710500001,5.0,5.0,0.0,0.0
77.331462922,5.0,5.0,0.0,0.0
77.333980853,5.0,5.0,0.0,0.0
77.351196904,5.0,5.0,0.0,0.0
77.353576504,5.0,5.0,0.0,0.0
77.37121791300001,5.0,5.0,0.0,0.0
77.373563868,5.0,5.0,0.0,0.0
77.39118611100001,5.0,5.0,0.0,0.0
77.39353883700001,5.0,5.0,0.0,0.0
77.41122613,5.0,5.0,0.0,0.0
77.413589064,5.0,5.0,0.0,0.0
77.431205057,5.0,5.0,0.0,0.0
77.433537106,5.0,5.0,0.0,0.0
77.45121179600001,5.0,5.0,0.0,0.0
77.453584105,5.0,5.0,0.0,0.0
77.4711614,5.0,5.0,0.0,0.0
77.473488657,5.0,5.0,0.0,0.0
77.491209388,5.0,5.0,0.0,0.0
77.493529666,5.0,5.0,0.0,0.0
77.51123237600001,5.0,5.0,0.0,0.0
77.513604008,5.0,5.0,0.0,0.0
77.531191459,5.0,5.0,0.0,0.0
77.533464447,5.0,5.0,0.0,0.0
77.551195019,5.0,5.0,0.0,0.0
77.553505298,5.0,5.0,0.0,0.0
77.57125238,5.0,5.0,0.0,0.0
77.573533389,5.0,5.0,0.0,0.0
77.591350418,5.0,5.0,0.0,0.0
77.593799809,5.0,5.0,0.0,0.0
77.61119382400001,5.0,5.0,0.0,0.0
77.61350905100001,5.0,5.0,0.0,0.0
77.63119181100001,5.0,5.0,0.0,0.0
77.633163553,5.0,5.0,0.0,0.0
77.65169604100001,5.0,5.0,0.0,0.0
77.654024027,5.0,5.0,0.0,0.0
77.67251016200001,5.0,5.0,0.0,0.0
77.675500795,5.0,5.0,0.0,0.0
77.692071645,5.0,5.0,0.0,0.0
77.694592545,5.0,5.0,0.0,0.0
77.712394992,5.0,5.0,0.0,0.0
77.71579890000001,5.0,5.0,0.0,0.0
77.730675816,5.0,5.0,0.0,0.0
77.732464019,5.0,5.0,0.0,0.0
77.75139769900001,5.0,5.0,0.0,0.0
77.753769852,5.0,5.0,0.0,0.0
77.771430061,5.0,5.0,0.0,0.0
77.773567529,5.0,5.0,0.0,0.0
77.79166116900001,5.0,5.0,0.0,0.0
77.794017697,5.0,5.0,0.0,0.0
77.812431853,5.0,5.0,0.0,0.0
77.81543259,5.0,5.0,0.0,0.0
77.830815906,5.0,5.0,0.0,0.0
77.83285780300001,5.0,5.0,0.0,0.0
77.851390655,5.0,5.0,0.0,0.0
77.85375390200001,5.0,5.0,0.0,0.0
77.87117182300001,5.0,5.0,0.0,0.0
77.87327611500001,5.0,5.0,0.0,0.0
77.891432306,5.0,5.0,0.0,0.0
77.893838625,5.0,5.0,0.0,0.0
77.911399512,5.0,5.0,0.0,0.0
77.913548543,5.0,5.0,0.0,0.0
77.931634214,5.0,5.0,0.0,0.0
77.933968503,5.0,5.0,0.0,0.0
77.95251630300001,5.0,5.0,0.0,0.0
77.955510894,5.0,5.0,0.0,0.0
77.971047541,5.0,5.0,0.0,0.0
77.973510317,5.0,5.0,0.0,0.0
77.991418022,5.0,5.0,0.0,0.0
77.99371028,5.0,5.0,0.0,0.0
78.01137929100001,5.0,5.0,0.0,0.0
78.013553322,5.0,5.0,0.0,0.0
78.03164211800001,5.0,5.0,0.0,0.0
78.033960105,5.0,5.0,0.0,0.0
78.052038589,5.0,5.0,0.0,0.0
78.054610634,5.0,5.0,0.0,0.0
78.072552089,5.0,5.0,0.0,0.0
78.07555866,5.0,5.0,0.0,0.0
78.09081900800001,5.0,5.0,0.0,0.0
78.092859863,5.0,5.0,0.0,0.0
78.11142438200001,5.0,5.0,0.0,0.0
78.113764556,5.0,5.0,0.0,0.0
78.131175862,5.0,5.0,0.0,0.0
78.133217759,5.0,5.0,0.0,0.0
78.151385148,5.0,5.0,0.0,0.0
78.15363652100001,5.0,5.0,0.0,0.0
78.171399385,5.0,5.0,0.0,0.0
78.173604978,5.0,5.0,0.0,0.0
78.19140294500001,5.0,5.0,0.0,0.0
78.193562705,5.0,5.0,0.0,0.0
78.211685355,5.0,5.0,0.0,0.0
78.214002769,5.0,5.0,0.0,0.0
78.232043649,5.0,5.0,0.0,0.0
78.23469184000001,5.0,5.0,0.0,0.0
78.25206398,5.0,5.0,0.0,0.0
78.25511195600001,5.0,5.0,0.0,0.0
78.27068558100001,5.0,5.0,0.0,0.0
78.27246519,5.0,5.0,0.0,0.0
78.29162240800001,5.0,5.0,0.0,0.0
78.293895969,5.0,5.0,0.0,0.0
78.311572584,5.0,5.0,0.0,0.0
78.313712448,5.0,5.0,0.0,0.0
78.331667757,5.0,5.0,0.0,0.0
78.334001889,5.0,5.0,0.0,0.0
78.351999905,5.0,5.0,0.0,0.0
78.35460523200001,5.0,5.0,0.0,0.0
78.372045548,5.0,5.0,0.0,0.0
78.37501649400001,5.0,5.0,0.0,0.0
78.39068449300001,5.0,5.0,0.0,0.0
78.39260920400001,5.0,5.0,0.0,0.0
78.41142257300001,5.0,5.0,0.0,0.0
78.413612228,5.0,5.0,0.0,0.0
78.43141670600001,5.0,5.0,0.0,0.0
78.43358782,5.0,5.0,0.0,0.0
78.45141589100001,5.0,5.0,0.0,0.0
78.45350685000001,5.0,5.0,0.0,0.0
78.472026838,5.0,5.0,0.0,0.0
78.474655028,5.0,5.0,0.0,0.0
78.491959617,5.0,5.0,0.0,0.0
78.49496040700001,5.0,5.0,0.0,0.0
78.51069017500001,5.0,5.0,0.0,0.0
78.512525721,5.0,5.0,0.0,0.0
78.531400391,5.0,5.0,0.0,0.0
78.533557391,5.0,5.0,0.0,0.0
78.55139884500001,5.0,5.0,0.0,0.0
78.55351667900001,5.0,5.0,0.0,0.0
78.571423601,5.0,5.0,0.0,0.0
78.57354627800001,5.0,5.0,0.0,0.0
78.59167455100001,5.0,5.0,0.0,0.0
78.594001913,5.0,5.0,0.0,0.0
78.612439557,5.0,5.0,0.0,0.0
78.61542326200001,5.0,5.0,0.0,0.0
78.63250144700001,5.0,5.0,0.0,0.0
78.63552088200001,5.0,5.0,0.0,0.0
78.65081378000001,5.0,5.0,0.0,0.0
78.652879739,5.0,5.0,0.0,0.0
78.67141831900001,5.0,5.0,0.0,0.0
78.673556413,5.0,5.0,0.0,0.0
78.691500626,5.0,5.0,0.0,0.0
78.693681219,5.0,5.0,0.0,0.0
78.711412988,5.0,5.0,0.0,0.0
78.71354191500001,5.0,5.0,0.0,0.0
78.731636126,5.0,5.0,0.0,0.0
78.734007757,5.0,5.0,0.0,0.0
78.751676038,5.0,5.0,0.0,0.0
78.753979962,5.0,5.0,0.0,0.0
78.772042299,5.0,5.0,0.0,0.0
78.774647469,5.0,5.0,0.0,0.0
78.792533246,5.0,5.0,0.0,0.0
78.79605720400001,5.0,5.0,0.0,0.0
78.810689435,5.0,5.0,0.0,0.0
78.812505867,5.0,5.0,0.0,0.0
78.831641,5.0,5.0,0.0,0.0
78.833979247,5.0,5.0,0.0,0.0
78.851399406,5.0,5.0,0.0,0.0
78.853514999,5.0,5.0,0.0,0.0
78.871428745,5.0,5.0,0.0,0.0
78.87357579600001,5.0,5.0,0.0,0.0
78.89167761200001,5.0,5.0,0.0,0.0
78.894034973,5.0,5.0,0.0,0.0
78.911412372,5.0,5.0,0.0,0.0
78.913509997,5.0,5.0,0.0,0.0
78.93221414700001,5.0,5.0,0.0,0.0
78.93478114,5.0,5.0,0.0,0.0
78.952475722,5.0,5.0,0.0,0.0
78.955574114,5.0,5.0,0.0,0.0
78.970790764,5.0,5.0,0.0,0.0
78.972760787,5.0,5.0,0.0,0.0
78.99141389600001,5.0,5.0,0.0,0.0
78.99351626100001,5.0,5.0,0.0,0.0
79.01165719000001,5.0,5.0,0.0,0.0
79.013977052,5.0,5.0,0.0,0.0
79.031416898,5.0,5.0,0.0,0.0
79.03352895,5.0,5.0,0.0,0.0
79.05204143600001,5.0,5.0,0.0,0.0
79.054622961,5.0,5.0,0.0,0.0
79.07207744200001,5.0,5.0,0.0,0.0
79.07471157,5.0,5.0,0.0,0.0
79.092389068,5.0,5.0,0.0,0.0
79.095934641,5.0,5.0,0.0,0.0
79.11068025600001,5.0,5.0,0.0,0.0
79.112428616,5.0,5.0,0.0,0.0
79.13164124800001,5.0,5.0,0.0,0.0
79.13395449500001,5.0,5.0,0.0,0.0
79.151658868,5.0,5.0,0.0,0.0
79.153939303,5.0,5.0,0.0,0.0
79.171632583,5.0,5.0,0.0,0.0
79.173945778,5.0,5.0,0.0,0.0
79.192013896,5.0,5.0,0.0,0.0
79.194565056,5.0,5.0,0.0,0.0
79.21205427700001,5.0,5.0,0.0,0.0
79.21465376900001,5.0,5.0,0.0,0.0
79.232598556,5.0,5.0,0.0,0.0
79.23613819100001,5.0,5.0,0.0,0.0
79.250685632,5.0,5.0,0.0,0.0
79.2524367,5.0,5.0,0.0,0.0
79.27162308300001,5.0,5.0,0.0,0.0
79.27392825700001,5.0,5.0,0.0,0.0
79.291648515,5.0,5.0,0.0,0.0
79.293976137,5.0,5.0,0.0,0.0
79.31166306300001,5.0,5.0,0.0,0.0
79.314043548,5.0,5.0,0.0,0.0
79.33166901700001,5.0,5.0,0.0,0.0
79.33397242000001,5.0,5.0,0.0,0.0
79.352032674,5.0,5.0,0.0,0.0
79.354633312,5.0,5.0,0.0,0.0
79.37191222300001,5.0,5.0,0.0,0.0
79.374904731,5.0,5.0,0.0,0.0
79.390676321,5.0,5.0,0.0,0.0
79.392436034,5.0,5.0,0.0,0.0
79.411712416,5.0,5.0,0.0,0.0
79.414053996,5.0,5.0,0.0,0.0
79.431680037,5.0,5.0,0.0,0.0
79.434010888,5.0,5.0,0.0,0.0
79.451681355,5.0,5.0,0.0,0.0
79.45399944600001,5.0,5.0,0.0,0.0
79.471631998,5.0,5.0,0.0,0.0
79.473948682,5.0,5.0,0.0,0.0
79.49169013800001,5.0,5.0,0.0,0.0
79.49403854100001,5.0,5.0,0.0,0.0
79.51170239400001,5.0,5.0,0.0,0.0
79.514040537,5.0,5.0,0.0,0.0
79.531695848,5.0,5.0,0.0,0.0
79.533972273,5.0,5.0,0.0,0.0
79.55201252500001,5.0,5.0,0.0,0.0
79.554583737,5.0,5.0,0.0,0.0
79.572450554,5.0,5.0,0.0,0.0
79.57544925900001,5.0,5.0,0.0,0.0
79.59127282600001,5.0,5.0,0.0,0.0
79.59323805700001,5.0,5.0,0.0,0.0
79.611440963,5.0,5.0,0.0,0.0
79.613554369,5.0,5.0,0.0,0.0
79.63201373000001,5.0,5.0,0.0,0.0
79.63461192000001,5.0,5.0,0.0,0.0
79.652020359,5.0,5.0,0.0,0.0
79.654642455,5.0,5.0,0.0,0.0
79.67233188,5.0,5.0,0.0,0.0
79.675947242,5.0,5.0,0.0,0.0
79.690710304,5.0,5.0,0.0,0.0
79.692446007,5.0,5.0,0.0,0.0
79.711643378,5.0,5.0,0.0,0.0
79.713935062,5.0,5.0,0.0,0.0
79.731660684,5.0,5.0,0.0,0.0
79.734024919,5.0,5.0,0.0,0.0
79.751771582,5.0,5.0,0.0,0.0
79.754039257,5.0,5.0,0.0,0.0
79.77198044800001,5.0,5.0,0.0,0.0
79.774566035,5.0,5.0,0.0,0.0
79.792015202,5.0,5.0,0.0,0.0
79.79458985100001,5.0,5.0,0.0,0.0
79.81248781400001,5.0,5.0,0.0,0.0
79.815450166,5.0,5.0,0.0,0.0
79.830801343,5.0,5.0,0.0,0.0
79.832642878,5.0,5.0,0.0,0.0
79.851708063,5.0,5.0,0.0,0.0
79.854063862,5.0,5.0,0.0,0.0
79.87165594300001,5.0,5.0,0.0,0.0
79.873930337,5.0,5.0,0.0,0.0
79.89201673400001,5.0,5.0,0.0,0.0
79.894590654,5.0,5.0,0.0,0.0
79.91194925,5.0,5.0,0.0,0.0
79.914524837,5.0,5.0,0.0,0.0
79.932373217,5.0,5.0,0.0,0.0
79.935941289,5.0,5.0,0.0,0.0
79.950681954,5.0,5.0,0.0,0.0
79.95242724100001,5.0,5.0,0.0,0.0
79.97163263200001,5.0,5.0,0.0,0.0
79.97393572300001,5.0,5.0,0.0,0.0
79.99169207300001,5.0,5.0,0.0,0.0
79.993940998,5.0,5.0,0.0,0.0
80.012047343,5.0,5.0,0.0,0.0
80.014652356,5.0,5.0,0.0,0.0
80.03241526900001,5.0,5.0,0.0,0.0
80.03592516500001,5.0,5.0,0.0,0.0
80.050682393,5.0,5.0,0.0,0.0
80.052420909,5.0,5.0,0.0,0.0
80.07163843500001,5.0,5.0,0.0,0.0
80.07390543300001,5.0,5.0,0.0,0.0
80.091672043,5.0,5.0,0.0,0.0
80.094038362,5.0,5.0,0.0,0.0
80.111687943,5.0,5.0,0.0,0.0
80.113993846,5.0,5.0,0.0,0.0
80.132002849,5.0,5.0,0.0,0.0
80.134585623,5.0,5.0,0.0,0.0
80.15194447900001,5.0,5.0,0.0,0.0
80.154501472,5.0,5.0,0.0,0.0
80.172385633,5.0,5.0,0.0,0.0
80.175834592,5.0,5.0,0.0,0.0
80.190688486,5.0,5.0,0.0,0.0
80.19242486600001,5.0,5.0,0.0,0.0
80.211665048,5.0,5.0,0.0,0.0
80.21393527500001,5.0,5.0,0.0,0.0
80.232081359,5.0,5.0,0.0,0.0
80.234752153,5.0,5.0,0.0,0.0
80.251667161,5.0,5.0,0.0,0.0
80.25391936700001,5.0,5.0,0.0,0.0
80.27200123300001,5.0,5.0,0.0,0.0
80.274582601,5.0,5.0,0.0,0.0
80.292021925,5.0,5.0,0.0,0.0
80.29458193900001,5.0,5.0,0.0,0.0
80.31244797500001,5.0,5.0,0.0,0.0
80.315495013,5.0,5.0,0.0,0.0
80.330845462,5.0,5.0,0.0,0.0
80.33284959800001,5.0,5.0,0.0,0.0
80.35163916200001,5.0,5.0,0.0,0.0
80.35386824400001,5.0,5.0,0.0,0.0
80.371994537,5.0,5.0,0.0,0.0
80.374575279,5.0,5.0,0.0,0.0
80.391656067,5.0,5.0,0.0,0.0
80.393924783,5.0,5.0,0.0,0.0
80.411900245,5.0,5.0,0.0,0.0
80.41425625100001,5.0,5.0,0.0,0.0
80.43189067600001,5.0,5.0,0.0,0.0
80.434151684,5.0,5.0,0.0,0.0
80.45205923,5.0,5.0,0.0,0.0
80.454656223,5.0,5.0,0.0,0.0
80.472513717,5.0,5.0,0.0,0.0
80.475559766,5.0,5.0,0.0,0.0
80.49195259400001,5.0,5.0,0.0,0.0
80.49490953,5.0,5.0,0.0,0.0
80.510694868,5.0,5.0,0.0,0.0
80.51250775700001,5.0,5.0,0.0,0.0
80.53172877300001,5.0,5.0,0.0,0.0
80.533974625,5.0,5.0,0.0,0.0
80.55257294,5.0,5.0,0.0,0.0
80.555441126,5.0,5.0,0.0,0.0
80.572002545,5.0,5.0,0.0,0.0
80.574561257,5.0,5.0,0.0,0.0
80.59207708800001,5.0,5.0,0.0,0.0
80.59512230300001,5.0,5.0,0.0,0.0
80.610704049,5.0,5.0,0.0,0.0
80.61254454200001,5.0,5.0,0.0,0.0
80.63168550500001,5.0,5.0,0.0,0.0
80.63394552400001,5.0,5.0,0.0,0.0
80.652065617,5.0,5.0,0.0,0.0
80.654978177,5.0,5.0,0.0,0.0
80.672091463,5.0,5.0,0.0,0.0
80.674700955,5.0,5.0,0.0,0.0
80.692045279,5.0,5.0,0.0,0.0
80.69459617800001,5.0,5.0,0.0,0.0
80.71251893,5.0,5.0,0.0,0.0
80.715502532,5.0,5.0,0.0,0.0
80.730793292,5.0,5.0,0.0,0.0
80.732775919,5.0,5.0,0.0,0.0
80.75171433300001,5.0,5.0,0.0,0.0
80.75397461200001,5.0,5.0,0.0,0.0
80.772003196,5.0,5.0,0.0,0.0
80.774558418,5.0,5.0,0.0,0.0
80.791992428,5.0,5.0,0.0,0.0
80.794555046,5.0,5.0,0.0,0.0
80.81233134200001,5.0,5.0,0.0,0.0
80.81577748800001,5.0,5.0,0.0,0.0
80.830703463,5.0,5.0,0.0,0.0
80.832429739,5.0,5.0,0.0,0.0
80.85166064900001,5.0,5.0,0.0,0.0
80.853907386,5.0,5.0,0.0,0.0
80.872012427,5.0,5.0,0.0,0.0
80.8745339,5.0,5.0,0.0,0.0
80.892047648,5.0,5.0,0.0,0.0
80.89501942700001,5.0,5.0,0.0,0.0
80.910672578,5.0,5.0,0.0,0.0
80.91244927000001,5.0,5.0,0.0,0.0
80.93169445000001,5.0,5.0,0.0,0.0
80.93397597900001,5.0,5.0,0.0,0.0
80.952035135,5.0,5.0,0.0,0.0
80.954550827,5.0,5.0,0.0,0.0
80.971996243,5.0,5.0,0.0,0.0
80.974508653,5.0,5.0,0.0,0.0
80.992429583,5.0,5.0,0.0,0.0
80.99544724600001,5.0,5.0,0.0,0.0
81.01205100700001,5.0,5.0,0.0,0.0
81.01459524,5.0,5.0,0.0,0.0
81.032376693,5.0,5.0,0.0,0.0
81.03579247500001,5.0,5.0,0.0,0.0
81.05067766900001,5.0,5.0,0.0,0.0
81.05242680900001,5.0,5.0,0.0,0.0
81.07162402200001,5.0,5.0,0.0,0.0
81.073899404,5.0,5.0,0.0,0.0
81.09212142300001,5.0,5.0,0.0,0.0
81.09467862400001,5.0,5.0,0.0,0.0
81.111967168,5.0,5.0,0.0,0.0
81.114438276,5.0,5.0,0.0,0.0
81.132410976,5.0,5.0,0.0,0.0
81.13538483800001,5.0,5.0,0.0,0.0
81.150852262,5.0,5.0,0.0,0.0
81.152887961,5.0,5.0,0.0,0.0
81.17167153400001,5.0,5.0,0.0,0.0
81.17397123900001,5.0,5.0,0.0,0.0
81.191984719,5.0,5.0,0.0,0.0
81.194520983,5.0,5.0,0.0,0.0
81.212523214,5.0,5.0,0.0,0.0
81.215501919,5.0,5.0,0.0,0.0
81.232130004,5.0,5.0,0.0,0.0
81.23523261300001,5.0,5.0,0.0,0.0
81.25068785100001,5.0,5.0,0.0,0.0
81.25245621,5.0,5.0,0.0,0.0
81.27167212,5.0,5.0,0.0,0.0
81.273964065,5.0,5.0,0.0,0.0
81.29234306000001,5.0,5.0,0.0,0.0
81.29576149900001,5.0,5.0,0.0,0.0
81.31203302600001,5.0,5.0,0.0,0.0
81.314559446,5.0,5.0,0.0,0.0
81.332544646,5.0,5.0,0.0,0.0
81.335498872,5.0,5.0,0.0,0.0
81.35081911200001,5.0,5.0,0.0,0.0
81.35281731100001,5.0,5.0,0.0,0.0
81.37170437200001,5.0,5.0,0.0,0.0
81.374026056,5.0,5.0,0.0,0.0
81.392397343,5.0,5.0,0.0,0.0
81.395402246,5.0,5.0,0.0,0.0
81.412028143,5.0,5.0,0.0,0.0
81.414574771,5.0,5.0,0.0,0.0
81.432396796,5.0,5.0,0.0,0.0
81.43581711,5.0,5.0,0.0,0.0
81.450714699,5.0,5.0,0.0,0.0
81.45246243300001,5.0,5.0,0.0,0.0
81.47165751,5.0,5.0,0.0,0.0
81.473890342,5.0,5.0,0.0,0.0
81.49246917800001,5.0,5.0,0.0,0.0
81.49547106,5.0,5.0,0.0,0.0
81.51200649,5.0,5.0,0.0,0.0
81.514503535,5.0,5.0,0.0,0.0
81.53241472500001,5.0,5.0,0.0,0.0
81.53589035,5.0,5.0,0.0,0.0
81.55067679400001,5.0,5.0,0.0,0.0
81.55243780900001,5.0,5.0,0.0,0.0
81.571661686,5.0,5.0,0.0,0.0
81.573901132,5.0,5.0,0.0,0.0
81.592541632,5.0,5.0,0.0,0.0
81.595517942,5.0,5.0,0.0,0.0
81.61202472400001,5.0,5.0,0.0,0.0
81.614562238,5.0,5.0,0.0,0.0
81.632391188,5.0,5.0,0.0,0.0
81.63588759400001,5.0,5.0,0.0,0.0
81.650695184,5.0,5.0,0.0,0.0
81.652460626,5.0,5.0,0.0,0.0
81.671673565,5.0,5.0,0.0,0.0
81.673925979,5.0,5.0,0.0,0.0
81.692517002,5.0,5.0,0.0,0.0
81.695498727,5.0,5.0,0.0,0.0
81.71212852900001,5.0,5.0,0.0,0.0
81.714684063,5.0,5.0,0.0,0.0
81.73240754700001,5.0,5.0,0.0,0.0
81.73594041000001,5.0,5.0,0.0,0.0
81.750672428,5.0,5.0,0.0,0.0
81.75241797400001,5.0,5.0,0.0,0.0
81.77170372500001,5.0,5.0,0.0,0.0
81.773961244,5.0,5.0,0.0,0.0
81.792003836,5.0,5.0,0.0,0.0
81.79462582800001,5.0,5.0,0.0,0.0
81.811986452,5.0,5.0,0.0,0.0
81.814507456,5.0,5.0,0.0,0.0
81.832002348,5.0,5.0,0.0,0.0
81.83456663300001,5.0,5.0,0.0,0.0
81.85200486000001,5.0,5.0,0.0,0.0
81.854552842,5.0,5.0,0.0,0.0
81.872459656,5.0,5.0,0.0,0.0
81.875378518,5.0,5.0,0.0,0.0
81.891459682,5.0,5.0,0.0,0.0
81.894464845,5.0,5.0,0.0,0.0
81.911209905,5.0,5.0,0.0,0.0
81.913087117,5.0,5.0,0.0,0.0
81.932512449,5.0,5.0,0.0,0.0
81.935478915,5.0,5.0,0.0,0.0
81.952003354,5.0,5.0,0.0,0.0
81.95453769000001,5.0,5.0,0.0,0.0
81.97200617700001,5.0,5.0,0.0,0.0
81.974564212,5.0,5.0,0.0,0.0
81.99246691100001,5.0,5.0,0.0,0.0
81.995404627,5.0,5.0,0.0,0.0
82.01201948100001,5.0,5.0,0.0,0.0
82.01490615600001,5.0,5.0,0.0,0.0
82.030700345,5.0,5.0,0.0,0.0
82.03246979800001,5.0,5.0,0.0,0.0
82.05168112300001,5.0,5.0,0.0,0.0
82.053933641,5.0,5.0,0.0,0.0
82.07238008200001,5.0,5.0,0.0,0.0
82.07536180800001,5.0,5.0,0.0,0.0
82.09201947400001,5.0,5.0,0.0,0.0
82.094556154,5.0,5.0,0.0,0.0
82.112413906,5.0,5.0,0.0,0.0
82.115351362,5.0,5.0,0.0,0.0
82.130853941,5.0,5.0,0.0,0.0
82.13289151400001,5.0,5.0,0.0,0.0
82.151678054,5.0,5.0,0.0,0.0
82.15390562500001,5.0,5.0,0.0,0.0
82.17245857500001,5.0,5.0,0.0,0.0
82.175406134,5.0,5.0,0.0,0.0
82.19199901,5.0,5.0,0.0,0.0
82.19451959700001,5.0,5.0,0.0,0.0
82.212430212,5.0,5.0,0.0,0.0
82.21547100000001,5.0,5.0,0.0,0.0
82.231970543,5.0,5.0,0.0,0.0
82.234953571,5.0,5.0,0.0,0.0
82.25067890700001,5.0,5.0,0.0,0.0
82.25244987,5.0,5.0,0.0,0.0
82.271703903,5.0,5.0,0.0,0.0
82.27395642100001,5.0,5.0,0.0,0.0
82.292441768,5.0,5.0,0.0,0.0
82.29537276500001,5.0,5.0,0.0,0.0
82.311998817,5.0,5.0,0.0,0.0
82.314535549,5.0,5.0,0.0,0.0
82.332340125,5.0,5.0,0.0,0.0
82.33580496900001,5.0,5.0,0.0,0.0
82.350706359,5.0,5.0,0.0,0.0
82.352450499,5.0,5.0,0.0,0.0
82.371686303,5.0,5.0,0.0,0.0
82.37391377,5.0,5.0,0.0,0.0
82.392467865,5.0,5.0,0.0,0.0
82.395416571,5.0,5.0,0.0,0.0
82.411987311,5.0,5.0,0.0,0.0
82.41451847,5.0,5.0,0.0,0.0
82.43249356400001,5.0,5.0,0.0,0.0
82.435601434,5.0,5.0,0.0,0.0
82.45200780200001,5.0,5.0,0.0,0.0
82.45489494600001,5.0,5.0,0.0,0.0
82.47067715600001,5.0,5.0,0.0,0.0
82.47241666100001,5.0,5.0,0.0,0.0
82.491660902,5.0,5.0,0.0,0.0
82.49392925400001,5.0,5.0,0.0,0.0
82.512417465,5.0,5.0,0.0,0.0
82.515339087,5.0,5.0,0.0,0.0
82.532064096,5.0,5.0,0.0,0.0
82.53498426,5.0,5.0,0.0,0.0
82.55068865700001,5.0,5.0,0.0,0.0
82.552446704,5.0,5.0,0.0,0.0
82.57187604500001,5.0,5.0,0.0,0.0
82.574113615,5.0,5.0,0.0,0.0
82.592021208,5.0,5.0,0.0,0.0
82.59460294,5.0,5.0,0.0,0.0
82.61246251300001,5.0,5.0,0.0,0.0
82.615380438,5.0,5.0,0.0,0.0
82.63204278900001,5.0,5.0,0.0,0.0
82.634578949,5.0,5.0,0.0,0.0
82.652370554,5.0,5.0,0.0,0.0
82.65599201,5.0,5.0,0.0,0.0
82.670694548,5.0,5.0,0.0,0.0
82.67243155300001,5.0,5.0,0.0,0.0
82.69210620300001,5.0,5.0,0.0,0.0
82.694646164,5.0,5.0,0.0,0.0
82.712396989,5.0,5.0,0.0,0.0
82.71534897500001,5.0,5.0,0.0,0.0
82.731975859,5.0,5.0,0.0,0.0
82.73488289800001,5.0,5.0,0.0,0.0
82.750678596,5.0,5.0,0.0,0.0
82.752471278,5.0,5.0,0.0,0.0
82.77170801700001,5.0,5.0,0.0,0.0
82.77395996300001,5.0,5.0,0.0,0.0
82.7930791,5.0,5.0,0.0,0.0
82.796574672,5.0,5.0,0.0,0.0
82.81175459800001,5.0,5.0,0.0,0.0
82.81430117400001,5.0,5.0,0.0,0.0
82.830815872,5.0,5.0,0.0,0.0
82.83279969600001,5.0,5.0,0.0,0.0
82.851687743,5.0,5.0,0.0,0.0
82.853924168,5.0,5.0,0.0,0.0
82.872971119,5.0,5.0,0.0,0.0
82.876433046,5.0,5.0,0.0,0.0
82.8922064,5.0,5.0,0.0,0.0
82.894747351,5.0,5.0,0.0,0.0
82.912489791,5.0,5.0,0.0,0.0
82.91593088500001,5.0,5.0,0.0,0.0
82.93071670200001,5.0,5.0,0.0,0.0
82.932458811,5.0,5.0,0.0,0.0
82.95171336300001,5.0,5.0,0.0,0.0
82.95397984,5.0,5.0,0.0,0.0
82.973045592,5.0,5.0,0.0,0.0
82.976481999,5.0,5.0,0.0,0.0
82.980010226,5.0,5.0,0.0,0.0
82.99140396,5.0,5.0,0.0,0.0
83.011566259,5.0,5.0,0.0,0.0
83.014175334,5.0,5.0,0.0,0.0
83.031693766,5.0,5.0,0.0,0.0
83.03395690900001,5.0,5.0,0.0,0.0
83.05321245100001,5.0,5.0,0.0,-0.14
83.056755053,5.0,5.0,0.0,0.0
83.05997292100001,5.0,5.0,0.0,0.0
83.07130540600001,5.0,5.0,0.0,0.0
83.09278086200001,5.0,5.0,0.0,0.0
83.09619643500001,5.0,5.0,0.0,0.0
83.110654341,5.0,5.0,0.0,0.0
83.11246275100001,5.0,5.0,0.0,0.0
83.132104693,5.0,5.0,0.0,0.0
83.134635019,5.0,5.0,0.0,0.0
83.152454437,5.0,5.0,0.0,0.0
83.15537626800001,5.0,5.0,0.0,0.0
83.17207674400001,5.0,5.0,0.0,0.0
83.174612956,5.0,5.0,0.14,0.0
83.192511382,5.0,5.0,0.0,-0.14
83.196114401,5.0,5.0,0.0,-0.14
83.21073667900001,5.0,5.0,0.0,-0.14
83.21248873600001,5.0,5.0,0.0,0.0
83.231663029,5.0,5.0,0.0,0.0
83.23392200500001,5.0,5.0,0.0,0.0
83.252013085,5.0,5.0,0.0,0.0
83.254584713,5.0,5.0,0.0,0.0
83.27247814,5.0,5.0,0.0,0.0
83.275456167,5.0,5.0,0.0,0.0
83.292067426,5.0,5.0,0.0,0.0
83.29459124200001,5.0,5.0,0.0,0.0
83.312546908,5.0,5.0,0.0,0.0
83.316009824,5.0,5.0,0.0,0.0
83.331664743,5.0,5.0,0.0,0.0
83.33425652700001,5.0,5.0,0.0,0.0
83.350801484,5.0,5.0,0.0,0.0
83.352793902,5.0,5.0,0.0,0.0
83.37169726200001,5.0,5.0,0.0,0.0
83.37392452,5.0,5.0,0.0,0.0
83.393049438,5.0,5.0,0.0,0.0
83.396458761,5.0,5.0,0.0,0.0
83.41156264700001,5.0,5.0,0.0,0.0
83.41411240000001,5.0,5.0,0.0,0.0
83.430838918,5.0,5.0,0.0,0.0
83.432618891,5.0,5.0,0.0,0.0
83.451988285,5.0,5.0,0.0,0.0
83.45455335000001,5.0,5.0,0.0,0.0
83.472506932,5.0,5.0,0.0,0.0
83.47603016000001,5.0,5.0,0.0,0.0
83.49071014600001,5.0,5.0,0.0,0.0
83.492545535,5.0,5.0,0.0,0.0
83.512008886,5.0,5.0,0.0,0.0
83.51457369100001,5.0,5.0,0.0,0.0
83.532568626,5.0,5.0,0.0,0.0
83.536058365,5.0,5.0,0.0,0.0
83.550676892,5.0,5.0,0.0,0.0
83.55242759500001,5.0,5.0,0.0,0.0
83.57206292100001,5.0,5.0,0.0,0.0
83.574598819,5.0,5.0,0.0,0.0
83.59247031800001,5.0,5.0,0.0,0.0
83.595459335,5.0,5.0,0.0,0.0
83.612032416,5.0,5.0,0.0,0.0
83.614931486,5.0,5.0,0.0,0.0
83.630729683,5.0,5.0,0.0,0.0
83.632511531,5.0,5.0,0.0,0.0
83.65194977600001,5.0,5.0,0.0,0.0
83.65422021100001,5.0,5.0,0.0,0.0
83.67309830800001,5.0,5.0,0.0,0.0
83.676577162,5.0,5.0,0.0,0.0
83.68017585700001,5.0,5.0,0.0,0.0
83.691282719,5.0,5.0,0.0,0.0
83.711603451,5.0,5.0,0.0,0.0
83.714238359,5.0,5.0,0.0,0.0
83.731682676,5.0,5.0,0.0,0.0
83.73394811,5.0,5.0,0.0,0.0
83.753109902,5.0,5.0,0.0,0.0
83.75653636,5.0,5.0,0.0,0.0
83.760018286,5.0,5.0,0.0,0.0
83.771477903,5.0,5.0,0.0,0.0
83.792684351,5.0,5.0,0.0,0.0
83.796176329,5.0,5.0,0.0,0.0
83.81092167700001,5.0,5.0,0.0,0.0
83.81364559400001,5.0,5.0,0.0,0.0
83.83141360500001,5.0,5.0,0.0,0.0
83.833472896,5.0,5.0,0.0,0.0
83.852954318,5.0,5.0,0.0,0.0
83.85634765200001,5.0,5.0,0.0,0.0
83.87179017700001,5.0,5.0,0.0,0.0
83.87433227400001,5.0,5.0,0.0,0.0
83.891808518,5.0,5.0,0.0,0.0
83.895173727,5.0,5.0,0.0,0.0
83.91089036300001,5.0,5.0,0.0,0.0
83.91404500200001,5.0,5.0,0.0,0.0
83.93121901100001,5.0,5.0,0.0,0.0
83.933081691,5.0,5.0,0.0,0.0
83.95250217600001,5.0,5.0,0.0,0.0
83.955488641,5.0,5.0,0.0,0.0
83.97193469300001,5.0,5.0,0.0,0.0
83.974863607,5.0,5.0,0.0,0.0
83.99067623,5.0,5.0,0.0,0.0
83.992442505,5.0,5.0,0.0,0.0
84.01171492,5.0,5.0,0.0,0.0
84.013944261,5.0,5.0,0.0,0.0
84.032035913,5.0,5.0,0.0,0.0
84.03458243600001,5.0,5.0,0.0,0.0
84.052623776,5.0,5.0,0.0,0.0
84.056108358,5.0,5.0,0.0,0.0
84.071582914,5.0,5.0,0.0,0.0
84.074104022,5.0,5.0,0.0,0.0
84.091442039,5.0,5.0,0.0,0.0
84.094880164,5.0,5.0,0.0,0.0
84.11069622500001,5.0,5.0,0.0,0.0
84.112457917,5.0,5.0,0.0,0.0
84.13169231100001,5.0,5.0,0.0,0.0
84.13394811,5.0,5.0,0.0,0.0
84.153081568,5.0,5.0,0.0,0.0
84.15654438,5.0,5.0,0.0,0.0
84.16002620200001,5.0,5.0,0.0,0.0
84.17147144500001,5.0,5.0,0.0,0.0
84.19256409200001,5.0,5.0,0.0,0.0
84.196007269,5.0,5.0,0.0,0.0
84.210703816,5.0,5.0,0.0,0.0
84.213392993,5.0,5.0,0.0,0.0
84.23144412500001,5.0,5.0,0.0,0.0
84.23347497900001,5.0,5.0,0.0,0.0
84.252488127,5.0,5.0,0.0,0.0
84.255425426,5.0,5.0,0.0,0.0
84.27248547800001,5.0,5.0,0.0,0.0
84.275440173,5.0,5.0,0.0,0.0
84.29181445500001,5.0,5.0,0.0,0.0
84.29470639,5.0,5.0,0.0,0.0
84.312047844,5.0,5.0,0.0,0.0
84.314905197,5.0,5.0,0.0,0.0
84.331859105,5.0,5.0,0.0,0.0
84.334718228,5.0,5.0,0.0,0.0
84.350913711,5.0,5.0,0.0,0.0
84.353974601,5.0,5.0,0.0,0.0
84.370817939,5.0,5.0,0.0,0.0
84.37281702300001,5.0,5.0,0.0,0.0
84.391712568,5.0,5.0,0.0,0.0
84.393997169,5.0,5.0,0.0,0.0
84.413147085,5.0,5.0,0.0,0.0
84.41662187600001,5.0,5.0,0.0,0.0
84.42010161500001,5.0,5.0,0.0,0.0
84.431478212,5.0,5.0,0.0,0.0
84.451572385,5.0,5.0,0.0,0.0
84.454526403,5.0,5.0,0.0,0.0
84.47119818,5.0,5.0,0.0,0.0
84.473093307,5.0,5.0,0.0,0.0
84.49245233500001,5.0,5.0,0.0,0.0
84.495421249,5.0,5.0,0.0,0.0
84.511953809,5.0,5.0,0.0,0.0
84.514844546,5.0,5.0,0.0,0.0
84.53233651900001,5.0,5.0,0.0,0.0
84.535836101,5.0,5.0,0.0,0.0
84.55145492400001,5.0,5.0,0.0,0.0
84.554016656,5.0,5.0,0.0,0.0
84.570998583,5.0,5.0,0.0,0.0
84.57405947400001,5.0,5.0,0.0,0.0
84.590837029,5.0,5.0,0.0,0.0
84.592683355,5.0,5.0,0.0,0.0
84.612011757,5.0,5.0,0.0,0.0
84.61454901,5.0,5.0,0.0,0.0
84.632326394,5.0,5.0,0.0,0.0
84.635755976,5.0,5.0,0.0,0.0
84.65181073000001,5.0,5.0,0.0,0.0
84.654703186,5.0,5.0,0.0,0.0
84.67082127200001,5.0,5.0,0.0,0.0
84.67382487200001,5.0,5.0,0.0,0.0
84.69145251900001,5.0,5.0,0.0,0.0
84.693482071,5.0,5.0,0.0,0.0
84.712453968,5.0,5.0,0.0,0.0
84.71589162400001,5.0,5.0,0.0,0.0
84.731914868,5.0,5.0,0.0,0.0
84.734820709,5.0,5.0,0.0,0.0
84.750701351,5.0,5.0,0.0,0.0
84.75352287000001,5.0,5.0,0.0,0.0
84.771433793,5.0,5.0,0.0,0.0
84.773548761,5.0,5.0,0.0,0.0
84.792287953,5.0,5.0,0.0,0.0
84.795643943,5.0,5.0,0.0,0.0
84.810718608,5.0,5.0,0.0,0.0
84.813325808,5.0,5.0,0.0,0.0
84.831359542,5.0,5.0,0.0,0.0
84.83376908800001,5.0,5.0,0.0,0.0
84.851686626,5.0,5.0,0.0,0.0
84.853965289,5.0,5.0,0.0,0.0
84.87268193,5.0,5.0,0.0,0.0
84.87570563300001,5.0,5.0,0.0,0.0
84.89199663400001,5.0,5.0,0.0,0.0
84.89492362,5.0,5.0,0.0,0.0
84.91187132900001,5.0,5.0,0.0,0.0
84.91536460900001,5.0,5.0,0.0,0.0
84.930824008,5.0,5.0,0.0,0.0
84.93385859600001,5.0,5.0,0.0,0.0
84.950987553,5.0,5.0,0.0,0.0
84.953715688,5.0,5.0,0.0,0.0
84.971252086,5.0,5.0,0.0,0.0
84.97313455700001,5.0,5.0,0.0,0.0
84.99255592600001,5.0,5.0,0.0,0.0
84.995535151,5.0,5.0,0.0,0.0
85.012035576,5.0,5.0,0.0,0.0
85.01457517200001,5.0,5.0,0.0,0.0
85.032417607,5.0,5.0,0.0,0.0
85.03588817900001,5.0,5.0,0.0,0.0
85.050706754,5.0,5.0,0.0,0.0
85.053123384,5.0,5.0,0.0,0.0
85.07134951100001,5.0,5.0,0.0,0.0
85.07383942,5.0,5.0,0.0,0.0
85.09170570900001,5.0,5.0,0.0,0.0
85.093959841,5.0,5.0,0.0,0.0
85.11186566100001,5.0,5.0,0.0,0.0
85.115286442,5.0,5.0,0.0,0.0
85.13073516300001,5.0,5.0,0.0,0.0
85.133709753,5.0,5.0,0.0,0.0
85.150988811,5.0,5.0,0.0,0.0
85.153317942,5.0,5.0,0.0,0.0
85.17143750800001,5.0,5.0,0.0,0.0
85.17351034100001,5.0,5.0,0.0,0.0
85.19254525800001,5.0,5.0,0.0,0.0
85.195570212,5.0,5.0,0.0,0.0
85.21206021900001,5.0,5.0,0.0,0.0
85.21460242,5.0,5.0,0.0,0.0
85.23244245900001,5.0,5.0,0.0,0.0
85.236002821,5.0,5.0,0.0,0.0
85.239925157,5.0,5.0,0.0,0.0
85.25076728200001,5.0,5.0,0.0,0.0
85.271487069,5.0,5.0,0.0,0.0
85.27446035700001,5.0,5.0,0.0,0.0
85.290985989,5.0,5.0,0.0,0.0
85.293442827,5.0,5.0,0.0,0.0
85.31146473800001,5.0,5.0,0.0,0.0
85.313537831,5.0,5.0,0.0,0.0
85.33245952,5.0,5.0,0.0,0.0
85.33543749600001,5.0,5.0,0.0,0.0
85.352085938,5.0,5.0,0.0,0.0
85.35464267,5.0,5.0,0.0,0.0
85.37244974100001,5.0,5.0,0.0,0.0
85.37592354200001,5.0,5.0,0.0,0.0
85.390864042,5.0,5.0,0.0,0.0
85.393916027,5.0,5.0,0.0,0.0
85.41086972500001,5.0,5.0,0.0,0.0
85.413505414,5.0,5.0,0.0,0.0
85.431358422,5.0,5.0,0.0,0.0
85.43380635300001,5.0,5.0,0.0,0.0
85.45172352600001,5.0,5.0,0.0,0.0
85.45402083500001,5.0,5.0,0.0,0.0
85.473053512,5.0,5.0,0.0,0.0
85.476509813,5.0,5.0,0.0,0.0
85.48006272800001,5.0,5.0,0.0,0.0
85.490845323,5.0,5.0,0.0,0.0
85.511779429,5.0,5.0,0.0,0.0
85.514737092,5.0,5.0,0.0,0.0
85.530847522,5.0,5.0,0.0,0.0
85.532775201,5.0,5.0,0.0,0.0
85.551706003,5.0,5.0,0.0,0.0
85.553964197,5.0,5.0,0.0,0.0
85.57208589700001,5.0,5.0,0.0,0.0
85.57462398300001,5.0,5.0,0.0,0.0
85.59200246600001,5.0,5.0,0.0,0.0
85.59490466000001,5.0,5.0,0.0,0.0
85.61071806300001,5.0,5.0,0.0,0.0
85.61391317,5.0,5.0,0.0,0.0
85.630983063,5.0,5.0,0.0,0.0
85.633402973,5.0,5.0,0.0,0.0
85.651354728,5.0,5.0,0.0,0.0
85.653845211,5.0,5.0,0.0,0.0
85.671432648,5.0,5.0,0.0,0.0
85.67349636600001,5.0,5.0,0.0,0.0
85.692536125,5.0,5.0,0.0,0.0
85.69553930800001,5.0,5.0,0.0,0.0
85.712038949,5.0,5.0,0.0,0.0
85.714969581,5.0,5.0,0.0,0.0
85.730728766,5.0,5.0,0.0,0.0
85.733719709,5.0,5.0,0.0,0.0
85.75103319200001,5.0,5.0,0.0,0.0
85.754091687,5.0,5.0,0.0,0.0
85.770832471,5.0,5.0,0.0,0.0
85.77363935400001,5.0,5.0,0.0,0.0
85.79096539000001,5.0,5.0,0.0,0.0
85.79314129400001,5.0,5.0,0.0,0.0
85.81142497,5.0,5.0,0.0,0.0
85.813482803,5.0,5.0,0.0,0.0
85.832504697,5.0,5.0,0.0,0.0
85.835428975,5.0,5.0,0.0,0.0
85.852019397,5.0,5.0,0.0,0.0
85.85490247700001,5.0,5.0,0.0,0.0
85.87072379600001,5.0,5.0,0.0,0.0
85.87362453300001,5.0,5.0,0.0,0.0
85.890987651,5.0,5.0,0.0,0.0
85.89405650900001,5.0,5.0,0.0,0.0
85.91095145700001,5.0,5.0,0.0,0.0
85.913687978,5.0,5.0,0.0,0.0
85.93135379900001,5.0,5.0,0.0,0.0
85.93385975000001,5.0,5.0,0.0,0.0
85.951448125,5.0,5.0,0.0,0.0
85.953517468,5.0,5.0,0.0,0.0
85.97246926000001,5.0,5.0,0.0,0.0
85.97546338000001,5.0,5.0,0.0,0.0
85.992477753,5.0,5.0,0.0,0.0
85.995458176,5.0,5.0,0.0,0.0
86.010832471,5.0,5.0,0.0,0.0
86.01363888600001,5.0,5.0,0.0,0.0
86.03097413900001,5.0,5.0,0.0,0.0
86.034025811,5.0,5.0,0.0,0.0
86.050988727,5.0,5.0,0.0,0.0
86.05313062100001,5.0,5.0,0.0,0.0
86.071433776,5.0,5.0,0.0,0.0
86.07349395300001,5.0,5.0,0.0,0.0
86.09245480700001,5.0,5.0,0.0,0.0
86.09541533400001,5.0,5.0,0.0,0.0
86.11243491600001,5.0,5.0,0.0,0.0
86.11555158600001,5.0,5.0,0.0,0.0
86.130844892,5.0,5.0,0.0,0.0
86.133665057,5.0,5.0,0.0,0.0
86.15117020400001,5.0,5.0,0.0,0.0
86.15466155700001,5.0,5.0,0.0,0.0
86.17084682800001,5.0,5.0,0.0,0.0
86.173624442,5.0,5.0,0.0,0.0
86.19101766300001,5.0,5.0,0.0,0.0
86.19388814,5.0,5.0,0.0,0.0
86.21097829300001,5.0,5.0,0.0,0.0
86.213832624,5.0,5.0,0.0,0.0
86.23100032800001,5.0,5.0,0.0,0.0
86.233924919,5.0,5.0,0.0,0.0
86.25101387400001,5.0,5.0,0.0,0.0
86.253192278,5.0,5.0,0.0,0.0
86.27140007,5.0,5.0,0.0,0.0
86.273498476,5.0,5.0,0.0,0.0
86.29246281900001,5.0,5.0,0.0,0.0
86.295426054,5.0,5.0,0.0,0.0
86.31202486100001,5.0,5.0,0.0,0.0
86.314572999,5.0,5.0,0.0,0.0
86.332411422,5.0,5.0,0.0,0.0
86.33582564000001,5.0,5.0,0.0,0.0
86.35070207800001,5.0,5.0,0.0,0.0
86.352873242,5.0,5.0,0.0,0.0
86.371200199,5.0,5.0,0.0,0.0
86.37414796600001,5.0,5.0,0.0,0.0
86.390984113,5.0,5.0,0.0,0.0
86.39373131100001,5.0,5.0,0.0,0.0
86.411208177,5.0,5.0,0.0,0.0
86.41316481300001,5.0,5.0,0.0,0.0
86.43172484,5.0,5.0,0.0,0.0
86.434010169,5.0,5.0,0.0,0.0
86.45305201100001,5.0,5.0,0.0,0.0
86.456560499,5.0,5.0,0.0,0.0
86.46033736800001,5.0,5.0,0.0,0.0
86.47077460300001,5.0,5.0,0.0,0.0
86.49204052500001,5.0,5.0,0.0,0.0
86.49457059000001,5.0,5.0,0.0,0.0
86.510951171,5.0,5.0,0.0,0.0
86.513397592,5.0,5.0,0.0,0.0
86.53121627600001,5.0,5.0,0.0,0.0
86.533693321,5.0,5.0,0.0,0.0
86.55121513200001,5.0,5.0,0.0,0.0
86.553738479,5.0,5.0,0.0,0.0
86.571219666,5.0,5.0,0.0,0.0
86.573753533,5.0,5.0,0.0,0.0
86.59124164800001,5.0,5.0,0.0,0.0
86.59372030700001,5.0,5.0,0.0,0.0
86.611199307,5.0,5.0,0.0,0.0
86.613633749,5.0,5.0,0.0,0.0
86.63121743500001,5.0,5.0,0.0,0.0
86.633703854,5.0,5.0,0.0,0.0
86.65120873900001,5.0,5.0,0.0,0.0
86.653648754,5.0,5.0,0.0,0.0
86.671228377,5.0,5.0,0.0,0.0
86.673637975,5.0,5.0,0.0,0.0
86.691259994,5.0,5.0,0.0,0.0
86.693742872,5.0,5.0,0.0,0.0
86.711207914,5.0,5.0,0.0,0.0
86.713638918,5.0,5.0,0.0,0.0
86.73123255200001,5.0,5.0,0.0,0.0
86.733644337,5.0,5.0,0.0,0.0
86.751221513,5.0,5.0,0.0,0.0
86.753692724,5.0,5.0,0.0,0.0
86.77122156700001,5.0,5.0,0.0,0.0
86.773639863,5.0,5.0,0.0,0.0
86.791195633,5.0,5.0,0.0,0.0
86.793559294,5.0,5.0,0.0,0.0
86.81117876100001,5.0,5.0,0.0,0.0
86.81369840900001,5.0,5.0,0.0,-0.14
86.831286418,5.0,5.0,0.0,-0.14
86.83381830600001,5.0,5.0,0.0,-0.14
86.851221682,5.0,5.0,0.0,0.0
86.85360404100001,5.0,5.0,0.0,0.14
86.871202154,5.0,5.0,0.0,0.0
86.873610346,5.0,5.0,0.0,0.0
86.89124111400001,5.0,5.0,0.0,0.0
86.89369191,5.0,5.0,0.0,0.0
86.911172889,5.0,5.0,0.0,0.0
86.913554727,5.0,5.0,0.0,0.0
86.931218516,5.0,5.0,0.0,0.0
86.933564261,5.0,5.0,0.0,0.0
86.951250653,5.0,5.0,0.0,0.0
86.95363941800001,5.0,5.0,0.0,0.0
86.97118971900001,5.0,5.0,0.0,0.0
86.973502861,5.0,5.0,0.0,0.0
86.991200191,5.0,5.0,0.0,0.0
86.99349843600001,5.0,5.0,0.0,0.0
87.011216391,5.0,5.0,0.0,0.0
87.01354114600001,5.0,5.0,0.0,0.0
87.031169207,5.0,5.0,0.0,0.0
87.03347630600001,5.0,5.0,0.0,0.0
87.051196813,5.0,5.0,0.0,0.0
87.05348745500001,5.0,5.0,0.0,0.0
87.071175201,5.0,5.0,0.0,0.0
87.073503707,5.0,5.0,0.0,0.0
87.091184631,5.0,5.0,0.0,0.0
87.093459127,5.0,5.0,0.0,0.0
87.11131296500001,5.0,5.0,0.0,0.0
87.113668241,5.0,5.0,0.0,0.0
87.13135479,5.0,5.0,0.0,0.0
87.13387235500001,5.0,5.0,0.0,0.0
87.151197607,5.0,5.0,0.0,0.0
87.15317070200001,5.0,5.0,0.0,0.0
87.171700154,5.0,5.0,0.0,0.0
87.17398798400001,5.0,5.0,0.0,0.0
87.192552123,5.0,5.0,0.0,0.0
87.195509056,5.0,5.0,0.0,0.0
87.210791528,5.0,5.0,0.0,0.0
87.212870714,5.0,5.0,0.0,0.0
87.231433343,5.0,5.0,0.0,0.0
87.23385403500001,5.0,5.0,0.0,0.0
87.251257776,5.0,5.0,0.0,0.0
87.253385764,5.0,5.0,0.0,0.0
87.271449911,5.0,5.0,0.0,0.0
87.273570659,5.0,5.0,0.0,0.0
87.29232057700001,5.0,5.0,0.0,0.0
87.29472642500001,5.0,5.0,0.0,0.0
87.312066938,5.0,5.0,0.0,0.0
87.31469455300001,5.0,5.0,0.0,0.0
87.33258912000001,5.0,5.0,0.0,0.0
87.33555308400001,5.0,5.0,0.0,0.0
87.350823577,5.0,5.0,0.0,0.0
87.352890785,5.0,5.0,0.0,0.0
87.371455497,5.0,5.0,0.0,0.0
87.37389478200001,5.0,5.0,0.0,0.0
87.391183993,5.0,5.0,0.0,0.0
87.393354793,5.0,5.0,0.0,0.0
87.41146805400001,5.0,5.0,0.0,0.0
87.41356406300001,5.0,5.0,0.0,0.0
87.431634356,5.0,5.0,0.0,0.0
87.43394093500001,5.0,5.0,0.0,0.0
87.452499918,5.0,5.0,0.0,0.0
87.455470133,5.0,5.0,0.0,0.0
87.471277023,5.0,5.0,0.0,0.0
87.473316888,5.0,5.0,0.0,0.0
87.491423013,5.0,5.0,0.0,0.0
87.493798966,5.0,5.0,0.0,0.0
87.51120338400001,5.0,5.0,0.0,0.0
87.513319393,5.0,5.0,0.0,0.0
87.531396196,5.0,5.0,0.0,0.0
87.533594443,5.0,5.0,0.0,0.0
87.551430936,5.0,5.0,0.0,0.0
87.553793555,5.0,5.0,0.0,0.0
87.57123276300001,5.0,5.0,0.0,0.0
87.573326064,5.0,5.0,0.0,0.0
87.59143583400001,5.0,5.0,0.0,0.0
87.59360564400001,5.0,5.0,0.0,0.0
87.611707601,5.0,5.0,0.0,0.0
87.61401996100001,5.0,5.0,0.0,0.0
87.632015722,5.0,5.0,0.0,0.0
87.63462156700001,5.0,5.0,0.0,0.0
87.652499518,5.0,5.0,0.0,0.0
87.65552181400001,5.0,5.0,0.0,0.0
87.67081319100001,5.0,5.0,0.0,0.0
87.672852065,5.0,5.0,0.0,0.0
87.691522972,5.0,5.0,0.0,0.0
87.693767312,5.0,5.0,0.0,0.0
87.71139667300001,5.0,5.0,0.0,0.0
87.713610493,5.0,5.0,0.0,0.0
87.731379331,5.0,5.0,0.0,0.0
87.733484923,5.0,5.0,0.0,0.0
87.75143506,5.0,5.0,0.0,0.0
87.753622578,5.0,5.0,0.0,0.0
87.771659328,5.0,5.0,0.0,0.0
87.774032624,5.0,5.0,0.0,0.0
87.791654902,5.0,5.0,0.0,0.0
87.79394043900001,5.0,5.0,0.0,0.0
87.81244687,5.0,5.0,0.0,0.0
87.815412709,5.0,5.0,0.0,0.0
87.832445725,5.0,5.0,0.0,0.0
87.835441407,5.0,5.0,0.0,0.0
87.85079971,5.0,5.0,0.0,0.0
87.852838532,5.0,5.0,0.0,0.0
87.87200172300001,5.0,5.0,0.0,0.0
87.874367624,5.0,5.0,0.0,0.0
87.89158121000001,5.0,5.0,0.0,0.0
87.893733208,5.0,5.0,0.0,0.0
87.91167256300001,5.0,5.0,0.0,0.0
87.91404856800001,5.0,5.0,0.0,0.0
87.932008132,5.0,5.0,0.0,0.0
87.934582519,5.0,5.0,0.0,0.0
87.95244281400001,5.0,5.0,0.0,0.0
87.955897187,5.0,5.0,0.0,0.0
87.970694092,5.0,5.0,0.0,0.0
87.97245073100001,5.0,5.0,0.0,0.0
87.991638922,5.0,5.0,0.0,0.0
87.993961177,5.0,5.0,0.0,0.0
88.01141397800001,5.0,5.0,0.0,0.0
88.01355082,5.0,5.0,0.0,0.0
88.031383719,5.0,5.0,0.0,0.0
88.03348978000001,5.0,5.0,0.0,0.0
88.05165856,5.0,5.0,0.0,0.0
88.054003836,5.0,5.0,0.0,0.0
88.072007982,5.0,5.0,0.0,0.0
88.07456414,5.0,5.0,0.0,0.0
88.091980015,5.0,5.0,0.0,0.0
88.094980593,5.0,5.0,0.0,0.0
88.110720036,5.0,5.0,0.0,0.0
88.112533861,5.0,5.0,0.0,0.0
88.131535024,5.0,5.0,0.0,0.0
88.133649418,5.0,5.0,0.0,0.0
88.15167695000001,5.0,5.0,0.0,0.0
88.15400665300001,5.0,5.0,0.0,0.0
88.171705231,5.0,5.0,0.0,0.0
88.17410764200001,5.0,5.0,0.0,0.0
88.192021217,5.0,5.0,0.0,0.0
88.194619614,5.0,5.0,0.0,0.0
88.211997572,5.0,5.0,0.0,0.0
88.215006223,5.0,5.0,0.0,0.0
88.230719781,5.0,5.0,0.0,0.0
88.232542929,5.0,5.0,0.0,0.0
88.25154081000001,5.0,5.0,0.0,0.0
88.253674163,5.0,5.0,0.0,0.0
88.271651383,5.0,5.0,0.0,0.0
88.27400863800001,5.0,5.0,0.0,0.0
88.2916843,5.0,5.0,0.0,0.0
88.294072908,5.0,5.0,0.0,0.0
88.313211308,5.0,5.0,0.0,0.0
88.31694036500001,5.0,5.0,0.0,0.0
88.318813825,5.0,5.0,0.0,0.0
88.331374358,5.0,5.0,0.0,0.0
88.35285115900001,5.0,5.0,0.0,0.0
88.35639042700001,5.0,5.0,0.0,0.0
88.370685933,5.0,5.0,0.0,0.0
88.3724445,5.0,5.0,0.0,0.0
88.39164217000001,5.0,5.0,0.0,0.0
88.393969529,5.0,5.0,0.0,0.0
88.411600557,5.0,5.0,0.0,0.0
88.413906927,5.0,5.0,0.0,0.0
88.432031228,5.0,5.0,0.0,0.0
88.43462301000001,5.0,5.0,0.0,0.0
88.452362682,5.0,5.0,0.0,0.0
88.455887106,5.0,5.0,0.0,0.0
88.47068307400001,5.0,5.0,0.0,0.0
88.47243789000001,5.0,5.0,0.0,0.0
88.491678632,5.0,5.0,0.0,0.0
88.49401708500001,5.0,5.0,0.0,0.0
88.51165571700001,5.0,5.0,0.0,0.0
88.51397802400001,5.0,5.0,0.0,0.0
88.531641707,5.0,5.0,0.0,0.0
88.53397432700001,5.0,5.0,0.0,0.0
88.55251424500001,5.0,5.0,0.0,0.0
88.555597738,5.0,5.0,0.0,0.0
88.57080724000001,5.0,5.0,0.0,0.0
88.57283481200001,5.0,5.0,0.0,0.0
88.591434156,5.0,5.0,0.0,0.0
88.593647351,5.0,5.0,0.0,0.0
88.61164107900001,5.0,5.0,0.0,0.0
88.61391177300001,5.0,5.0,0.0,0.0
88.63195555300001,5.0,5.0,0.0,0.0
88.634586501,5.0,5.0,0.0,0.0
88.65238091,5.0,5.0,0.0,0.0
88.655955958,5.0,5.0,0.0,0.0
88.670676404,5.0,5.0,0.0,0.0
88.672420075,5.0,5.0,0.0,0.0
88.69178242800001,5.0,5.0,0.0,0.0
88.694103954,5.0,5.0,0.0,0.0
88.71163362700001,5.0,5.0,0.0,0.0
88.71399077800001,5.0,5.0,0.0,0.0
88.73168305300001,5.0,5.0,0.0,0.0
88.733983017,5.0,5.0,0.0,0.0
88.75199716200001,5.0,5.0,0.0,0.0
88.75463045400001,5.0,5.0,0.0,0.0
88.77327807900001,5.0,5.0,0.0,0.0
88.776724587,5.0,5.0,0.0,0.0
88.78052958,5.0,5.0,0.0,0.0
88.790768169,5.0,5.0,0.0,0.0
88.81219892700001,5.0,5.0,0.0,0.0
88.814785137,5.0,5.0,0.0,0.0
88.83142612600001,5.0,5.0,0.0,0.0
88.83352885400001,5.0,5.0,0.0,0.0
88.851679976,5.0,5.0,0.0,0.0
88.853966815,5.0,5.0,0.0,0.0
88.872013928,5.0,5.0,0.0,0.0
88.87459940800001,5.0,5.0,0.0,0.0
88.892034448,5.0,5.0,0.0,0.0
88.89460060500001,5.0,5.0,0.0,0.0
88.912120279,5.0,5.0,0.0,0.0
88.915040598,5.0,5.0,0.0,0.0
88.930709936,5.0,5.0,0.0,0.0
88.932476627,5.0,5.0,0.0,0.0
88.95171153400001,5.0,5.0,0.0,0.0
88.95407352800001,5.0,5.0,0.0,0.0
88.971721429,5.0,5.0,0.0,0.0
88.97405274600001,5.0,5.0,0.0,0.0
88.99168997000001,5.0,5.0,0.0,0.0
88.994014413,5.0,5.0,0.0,0.0
89.01200605800001,5.0,5.0,0.0,0.0
89.014659558,5.0,5.0,0.0,0.0
89.032027099,5.0,5.0,0.0,0.0
89.035009916,5.0,5.0,0.0,0.0
89.05067920200001,5.0,5.0,0.0,0.0
89.05243443500001,5.0,5.0,0.0,0.0
89.071717883,5.0,5.0,0.0,0.0
89.074059461,5.0,5.0,0.0,0.0
89.09169085100001,5.0,5.0,0.0,0.0
89.093991597,5.0,5.0,0.0,0.0
89.11199626300001,5.0,5.0,0.0,0.0
89.11462294,5.0,5.0,0.0,0.0
89.132154801,5.0,5.0,0.0,0.0
89.134737469,5.0,5.0,0.0,0.0
89.150866123,5.0,5.0,0.0,0.0
89.15408992600001,5.0,5.0,0.0,0.0
89.17084075800001,5.0,5.0,0.0,0.0
89.172846976,5.0,5.0,0.0,0.0
89.19139772700001,5.0,5.0,0.0,0.0
89.193487434,5.0,5.0,0.0,0.0
89.21202547700001,5.0,5.0,0.0,0.0
89.214555437,5.0,5.0,0.0,0.0
89.23199657,5.0,5.0,0.0,0.0
89.234613925,5.0,5.0,0.0,0.0
89.25228901300001,5.0,5.0,0.0,0.0
89.25530297600001,5.0,5.0,0.0,0.0
89.270698256,5.0,5.0,0.0,0.0
89.27245666600001,5.0,5.0,0.0,0.0
89.29174277,5.0,5.0,0.0,0.0
89.294087473,5.0,5.0,0.0,0.0
89.31169438500001,5.0,5.0,0.0,0.0
89.313989297,5.0,5.0,0.0,0.0
89.331304911,5.0,5.0,0.0,0.0
89.333184308,5.0,5.0,0.0,0.0
89.352509839,5.0,5.0,0.0,0.0
89.355511667,5.0,5.0,0.0,0.0
89.370823771,5.0,5.0,0.0,0.0
89.372830979,5.0,5.0,0.0,0.0
89.391669069,5.0,5.0,0.0,0.0
89.39399736600001,5.0,5.0,0.0,0.0
89.411706776,5.0,5.0,0.0,0.0
89.41398872,5.0,5.0,0.0,0.0
89.43165380800001,5.0,5.0,0.0,0.0
89.43398028200001,5.0,5.0,0.0,0.0
89.451686359,5.0,5.0,0.0,0.0
89.45401804100001,5.0,5.0,0.0,0.0
89.471685941,5.0,5.0,0.0,0.0
89.474012363,5.0,5.0,0.0,0.0
89.49166760700001,5.0,5.0,0.0,0.0
89.493950384,5.0,5.0,0.0,0.0
89.512013174,5.0,5.0,0.0,0.0
89.514562405,5.0,5.0,0.0,0.0
89.532029267,5.0,5.0,0.0,0.0
89.534623392,5.0,5.0,0.0,0.0
89.552405769,5.0,5.0,0.0,0.0
89.555970348,5.0,5.0,0.0,0.0
89.570694074,5.0,5.0,0.0,0.0
89.572441755,5.0,5.0,0.0,0.0
89.591668223,5.0,5.0,0.0,0.0
89.593959489,5.0,5.0,0.0,0.0
89.61169806400001,5.0,5.0,0.0,0.0
89.613993288,5.0,5.0,0.0,0.0
89.63164832300001,5.0,5.0,0.0,0.0
89.63396120300001,5.0,5.0,0.0,0.0
89.65166326800001,5.0,5.0,0.0,0.0
89.653943909,5.0,5.0,0.0,0.0
89.671679151,5.0,5.0,0.0,0.0
89.673916147,5.0,5.0,0.0,0.0
89.691727637,5.0,5.0,0.0,0.0
89.69402093400001,5.0,5.0,0.0,0.0
89.71200804700001,5.0,5.0,0.0,0.0
89.71461738100001,5.0,5.0,0.0,0.0
89.73168055000001,5.0,5.0,0.0,0.0
89.733956191,5.0,5.0,0.0,0.0
89.75201663600001,5.0,5.0,0.0,0.0
89.75457003300001,5.0,5.0,0.0,0.0
89.77245761600001,5.0,5.0,0.0,0.0
89.775503297,5.0,5.0,0.0,0.0
89.792002204,5.0,5.0,0.0,0.0
89.794606486,5.0,5.0,0.0,0.0
89.812385633,5.0,5.0,0.0,0.0
89.815880734,5.0,5.0,0.0,0.0
89.830693522,5.0,5.0,0.0,0.0
89.83244583800001,5.0,5.0,0.0,0.0
89.851656004,5.0,5.0,0.0,0.0
89.853922791,5.0,5.0,0.0,0.0
89.87198021500001,5.0,5.0,0.0,0.0
89.874606528,5.0,5.0,0.0,0.0
89.89165323900001,5.0,5.0,0.0,0.0
89.893912109,5.0,5.0,0.0,0.0
89.91199468900001,5.0,5.0,0.0,0.0
89.91457558600001,5.0,5.0,0.0,0.0
89.931652192,5.0,5.0,0.0,0.0
89.93389132300001,5.0,5.0,0.0,0.0
89.952002132,5.0,5.0,0.0,0.0
89.954564227,5.0,5.0,0.0,0.0
89.972011452,5.0,5.0,0.0,0.0
89.974608703,5.0,5.0,0.0,0.0
89.99228342500001,5.0,5.0,0.0,0.0
89.995004788,5.0,5.0,0.0,0.0
90.012019781,5.0,5.0,0.0,0.0
90.014558803,5.0,5.0,0.0,0.0
90.031989935,5.0,5.0,0.0,0.0
90.03456182100001,5.0,5.0,0.0,0.0
90.052398103,5.0,5.0,0.0,0.0
90.055907527,5.0,5.0,0.0,0.0
90.070673596,5.0,5.0,0.0,0.0
90.07242356900001,5.0,5.0,0.0,0.0
90.091681859,5.0,5.0,0.0,0.0
90.093931251,5.0,5.0,0.0,0.0
90.11201982,5.0,5.0,0.0,0.0
90.11454259300001,5.0,5.0,0.0,0.0
90.1319706,5.0,5.0,0.0,0.0
90.13451311200001,5.0,5.0,0.0,0.0
90.152494547,5.0,5.0,0.0,0.0
90.15547689600001,5.0,5.0,0.0,0.0
90.170831863,5.0,5.0,0.0,0.0
90.172842144,5.0,5.0,0.0,0.0
90.191657993,5.0,5.0,0.0,0.0
90.193932176,5.0,5.0,0.0,0.0
90.212000173,5.0,5.0,0.0,0.0
90.21453591400001,5.0,5.0,0.0,0.0
90.23246219400001,5.0,5.0,0.0,0.0
90.23547407400001,5.0,5.0,0.0,0.0
90.251363407,5.0,5.0,0.0,0.0
90.253577695,5.0,5.0,0.0,0.0
90.271434341,5.0,5.0,0.0,0.0
90.273441393,5.0,5.0,0.0,0.0
90.291607513,5.0,5.0,0.0,0.0
90.29372550000001,5.0,5.0,0.0,0.0
90.312459789,5.0,5.0,0.0,0.0
90.315464116,5.0,5.0,0.0,0.0
90.332057084,5.0,5.0,0.0,0.0
90.335011413,5.0,5.0,0.0,0.0
90.35068778,5.0,5.0,0.0,0.0
90.35247994000001,5.0,5.0,0.0,0.0
90.371676929,5.0,5.0,0.0,0.0
90.373943404,5.0,5.0,0.0,0.0
90.39200473400001,5.0,5.0,0.0,0.0
90.394536777,5.0,5.0,0.0,0.0
90.412447381,5.0,5.0,0.0,0.0
90.415451188,5.0,5.0,0.0,0.0
90.43129755300001,5.0,5.0,0.0,0.0
90.43330194800001,5.0,5.0,0.0,0.0
90.451412184,5.0,5.0,0.0,0.0
90.453477828,5.0,5.0,0.0,0.0
90.472513258,5.0,5.0,0.0,0.0
90.475526179,5.0,5.0,0.0,0.0
90.49201644,5.0,5.0,0.0,0.0
90.49452541100001,5.0,5.0,0.0,0.0
90.51199451100001,5.0,5.0,0.0,0.0
90.51490331900001,5.0,5.0,0.0,0.0
90.530678123,5.0,5.0,0.0,0.0
90.532447887,5.0,5.0,0.0,0.0
90.551687895,5.0,5.0,0.0,0.0
90.553982233,5.0,5.0,0.0,0.0
90.57201017700001,5.0,5.0,0.0,0.0
90.574523471,5.0,5.0,0.0,0.0
90.592026266,5.0,5.0,0.0,0.0
90.59455763300001,5.0,5.0,0.0,0.0
90.612454901,5.0,5.0,0.0,0.0
90.61543225000001,5.0,5.0,0.0,0.0
90.63174209600001,5.0,5.0,0.0,0.0
90.634276587,5.0,5.0,0.0,0.0
90.65079544000001,5.0,5.0,0.0,0.0
90.65278358600001,5.0,5.0,0.0,0.0
90.67140876,5.0,5.0,0.0,0.0
90.67345581000001,5.0,5.0,0.0,0.0
90.69250821700001,5.0,5.0,0.0,0.0
90.69552119000001,5.0,5.0,0.0,0.0
90.712006398,5.0,5.0,0.0,0.0
90.71465646,5.0,5.0,0.0,0.0
90.73244878300001,5.0,5.0,0.0,0.0
90.735897166,5.0,5.0,0.0,0.0
90.750654067,5.0,5.0,0.0,0.0
90.752423414,5.0,5.0,0.0,0.0
90.771646652,5.0,5.0,0.0,0.0
90.77389828300001,5.0,5.0,0.0,0.0
90.792030808,5.0,5.0,0.0,0.0
90.79455056,5.0,5.0,0.0,0.0
90.811943618,5.0,5.0,0.0,0.0
90.814458474,5.0,5.0,0.0,0.0
90.83203241400001,5.0,5.0,0.0,0.0
90.83459544700001,5.0,5.0,0.0,0.0
90.851979494,5.0,5.0,0.0,0.0
90.854525756,5.0,5.0,0.0,0.0
90.872641563,5.0,5.0,0.0,0.0
90.875636412,5.0,5.0,0.0,0.0
90.890850337,5.0,5.0,0.0,0.0
90.89287806600001,5.0,5.0,0.0,0.0
90.911702351,5.0,5.0,0.0,0.0
90.91392825300001,5.0,5.0,0.0,0.0
90.93203473700001,5.0,5.0,0.0,0.0
90.93455870800001,5.0,5.0,0.0,0.0
90.95242894600001,5.0,5.0,0.0,0.0
90.955385045,5.0,5.0,0.0,0.0
90.97086427900001,5.0,5.0,0.0,0.0
90.97288377800001,5.0,5.0,0.0,0.0
90.991572284,5.0,5.0,0.0,0.0
90.994105473,5.0,5.0,0.0,0.0
91.01143447000001,5.0,5.0,0.0,0.0
91.013539957,5.0,5.0,0.0,0.0
91.033023763,5.0,5.0,0.0,0.0
91.036589905,5.0,5.0,0.0,0.0
91.039027054,5.0,5.0,0.0,0.0
91.051354411,5.0,5.0,0.0,0.0
91.071522841,5.0,5.0,0.0,0.0
91.07411248800001,5.0,5.0,0.0,0.0
91.09145664,5.0,5.0,0.0,0.0
91.09350629500001,5.0,5.0,0.0,0.0
91.112625159,5.0,5.0,0.0,0.0
91.115606466,5.0,5.0,0.0,0.0
91.13201511300001,5.0,5.0,0.0,0.0
91.134525229,5.0,5.0,0.0,0.0
91.15236015500001,5.0,5.0,0.0,0.0
91.15583004800001,5.0,5.0,0.0,0.0
91.170707104,5.0,5.0,0.0,0.0
91.17249317000001,5.0,5.0,0.0,0.0
91.19168140800001,5.0,5.0,0.0,0.0
91.19391418500001,5.0,5.0,0.0,0.0
91.21248962,5.0,5.0,0.0,0.0
91.215459573,5.0,5.0,0.0,0.0
91.23201853,5.0,5.0,0.0,0.0
91.23456395800001,5.0,5.0,0.0,0.0
91.252594662,5.0,5.0,0.0,0.0
91.25608997100001,5.0,5.0,0.0,0.0
91.270689376,5.0,5.0,0.0,0.0
91.272438983,5.0,5.0,0.0,0.0
91.291679564,5.0,5.0,0.0,0.0
91.293963903,5.0,5.0,0.0,0.0
91.312540692,5.0,5.0,0.0,0.0
91.315497468,5.0,5.0,0.0,0.0
91.33201054,5.0,5.0,0.0,0.0
91.33455451,5.0,5.0,0.0,0.0
91.352335948,5.0,5.0,0.0,0.0
91.35582844400001,5.0,5.0,0.0,0.0
91.37066685500001,5.0,5.0,0.0,0.0
91.37242839000001,5.0,5.0,0.0,0.0
91.39165152300001,5.0,5.0,0.0,0.0
91.39392898700001,5.0,5.0,0.0,0.0
91.412476974,5.0,5.0,0.0,0.0
91.41547385400001,5.0,5.0,0.0,0.0
91.43201833200001,5.0,5.0,0.0,0.0
91.43455032300001,5.0,5.0,0.0,0.0
91.452478737,5.0,5.0,0.0,0.0
91.45543218,5.0,5.0,0.0,0.0
91.470823134,5.0,5.0,0.0,0.0
91.47284789400001,5.0,5.0,0.0,0.0
91.491684262,5.0,5.0,0.0,0.0
91.49396797600001,5.0,5.0,0.0,0.0
91.51260919100001,5.0,5.0,0.0,0.0
91.51557393600001,5.0,5.0,0.0,0.0
91.53205299800001,5.0,5.0,0.0,0.0
91.534595197,5.0,5.0,0.0,0.0
91.55198648300001,5.0,5.0,0.0,0.0
91.55487893700001,5.0,5.0,0.0,0.0
91.570684987,5.0,5.0,0.0,0.0
91.57257053000001,5.0,5.0,0.0,0.0
91.591688195,5.0,5.0,0.0,0.0
91.593948575,5.0,5.0,0.0,0.0
91.612393646,5.0,5.0,0.0,0.0
91.61531396400001,5.0,5.0,0.0,0.0
91.632030157,5.0,5.0,0.0,0.0
91.634599022,5.0,5.0,0.0,0.0
91.652414207,5.0,5.0,0.0,0.0
91.65593139100001,5.0,5.0,0.0,0.0
91.670688552,5.0,5.0,0.0,0.0
91.672437013,5.0,5.0,0.0,0.0
91.691768425,5.0,5.0,0.0,0.0
91.694012243,5.0,5.0,0.0,0.0
91.71246715800001,5.0,5.0,0.0,0.0
91.71545987,5.0,5.0,0.0,0.0
91.731993982,5.0,5.0,0.0,0.0
91.73449034900001,5.0,5.0,0.0,0.0
91.75239235500001,5.0,5.0,0.0,0.0
91.75587730000001,5.0,5.0,0.0,0.0
91.770682533,5.0,5.0,0.0,0.0
91.772465526,5.0,5.0,0.0,0.0
91.791667355,5.0,5.0,0.0,0.0
91.793931173,5.0,5.0,0.0,0.0
91.812428327,5.0,5.0,0.0,0.0
91.815347187,5.0,5.0,0.0,0.0
91.831987755,5.0,5.0,0.0,0.0
91.83491656300001,5.0,5.0,0.0,0.0
91.85232873400001,5.0,5.0,0.0,0.0
91.855773731,5.0,5.0,0.0,0.0
91.87067536900001,5.0,5.0,0.0,0.0
91.872403258,5.0,5.0,0.0,0.0
91.89165227400001,5.0,5.0,0.0,0.0
91.893914843,5.0,5.0,0.0,0.0
91.912548817,5.0,5.0,0.0,0.0
91.915506061,5.0,5.0,0.0,0.0
91.93206657900001,5.0,5.0,0.0,0.0
91.93462497600001,5.0,5.0,0.0,0.0
91.952514326,5.0,5.0,0.0,0.0
91.955973646,5.0,5.0,0.0,0.0
91.970671433,5.0,5.0,0.0,0.0
91.97240906200001,5.0,5.0,0.0,0.0
91.991991146,5.0,5.0,0.0,0.0
91.99460188600001,5.0,5.0,0.0,0.0
92.012484309,5.0,5.0,0.0,0.0
92.01541535700001,5.0,5.0,0.0,0.0
92.032031863,5.0,5.0,0.0,0.0
92.03460713400001,5.0,5.0,0.0,0.0
92.05242252800001,5.0,5.0,0.0,0.0
92.055433678,5.0,5.0,0.0,0.0
92.070804683,5.0,5.0,0.0,0.0
92.072805797,5.0,5.0,0.0,0.0
92.09171008000001,5.0,5.0,0.0,0.0
92.093939523,5.0,5.0,0.0,0.0
92.11247584300001,5.0,5.0,0.0,0.0
92.11540663000001,5.0,5.0,0.0,0.0
92.132130582,5.0,5.0,0.0,0.0
92.134705333,5.0,5.0,0.0,0.0
92.152375104,5.0,5.0,0.0,0.0
92.155841611,5.0,5.0,0.0,0.0
92.170687469,5.0,5.0,0.0,0.0
92.172444524,5.0,5.0,0.0,0.0
92.19167479100001,5.0,5.0,0.0,0.0
92.19392845300001,5.0,5.0,0.0,0.0
92.21297377500001,5.0,5.0,0.0,0.0
92.21649772900001,5.0,5.0,0.0,0.0
92.218888264,5.0,5.0,0.0,0.0
92.231372336,5.0,5.0,0.0,0.0
92.252580644,5.0,5.0,0.0,0.0
92.255530545,5.0,5.0,0.0,0.0
92.27205335500001,5.0,5.0,0.0,0.0
92.274613731,5.0,5.0,0.0,0.0
92.292636934,5.0,5.0,0.0,0.0
92.296143545,5.0,5.0,0.0,0.0
92.31069695900001,5.0,5.0,0.0,0.0
92.31244578500001,5.0,5.0,0.0,0.0
92.331650271,5.0,5.0,0.0,0.0
92.33391419300001,5.0,5.0,0.0,0.0
92.35201989500001,5.0,5.0,0.0,0.0
92.354527563,5.0,5.0,0.0,0.0
92.37247701700001,5.0,5.0,0.0,0.0
92.375440303,5.0,5.0,0.0,0.0
92.39196024900001,5.0,5.0,0.0,0.0
92.394519739,5.0,5.0,0.0,0.0
92.412347737,5.0,5.0,0.0,0.0
92.415860545,5.0,5.0,0.0,0.0
92.430684997,5.0,5.0,0.0,0.0
92.432428407,5.0,5.0,0.0,0.0
92.451848306,5.0,5.0,0.0,0.0
92.45411009300001,5.0,5.0,0.0,0.0
92.473066406,5.0,5.0,0.0,0.0
92.476504007,5.0,5.0,0.0,0.0
92.491760639,5.0,5.0,0.0,0.0
92.49429716200001,5.0,5.0,0.0,0.0
92.512368697,5.0,5.0,0.0,0.0
92.51585494300001,5.0,5.0,0.0,0.0
92.53066642600001,5.0,5.0,0.0,0.0
92.532411607,5.0,5.0,0.0,0.0
92.551688642,5.0,5.0,0.0,0.0
92.55400157400001,5.0,5.0,0.0,0.0
92.57199284900001,5.0,5.0,0.0,0.0
92.57449994400001,5.0,5.0,0.0,0.0
92.592518874,5.0,5.0,0.0,0.0
92.595467733,5.0,5.0,0.0,0.0
92.611899189,5.0,5.0,0.0,0.0
92.614777789,5.0,5.0,0.0,0.0
92.63221610400001,5.0,5.0,0.0,0.0
92.635686934,5.0,5.0,0.0,0.0
92.65065034000001,5.0,5.0,0.0,0.0
92.65240510400001,5.0,5.0,0.0,0.0
92.671685941,5.0,5.0,0.0,0.0
92.67396163400001,5.0,5.0,0.0,0.0
92.693054714,5.0,5.0,0.0,0.0
92.69647476300001,5.0,5.0,0.0,0.0
92.700066268,5.0,5.0,0.0,0.0
92.711490252,5.0,5.0,0.0,0.0
92.731560348,5.0,5.0,0.0,0.0
92.73417676400001,5.0,5.0,0.0,0.0
92.751647891,5.0,5.0,0.0,0.0
92.753928896,5.0,5.0,0.0,0.0
92.772979268,5.0,5.0,0.0,0.0
92.77641364,5.0,5.0,0.0,0.0
92.779667599,5.0,5.0,0.0,0.0
92.791471056,5.0,5.0,0.0,0.0
92.81237077300001,5.0,5.0,0.0,0.0
92.815306664,5.0,5.0,0.0,0.0
92.830727198,5.0,5.0,0.0,0.0
92.832485816,5.0,5.0,0.0,0.0
92.85166285300001,5.0,5.0,0.0,0.0
92.853938962,5.0,5.0,0.0,0.0
92.87294365800001,5.0,5.0,0.0,0.0
92.87639386400001,5.0,5.0,0.0,0.0
92.89154601700001,5.0,5.0,0.0,0.0
92.894097539,5.0,5.0,0.0,0.0
92.91081935400001,5.0,5.0,0.0,0.0
92.91281838500001,5.0,5.0,0.0,0.0
92.931709385,5.0,5.0,0.0,0.0
92.93396934900001,5.0,5.0,0.0,0.0
92.953091543,5.0,5.0,0.0,0.0
92.956558883,5.0,5.0,0.0,0.0
92.959887111,5.0,5.0,0.0,0.0
92.971450051,5.0,5.0,0.0,0.0
92.992665024,5.0,5.0,0.0,0.0
92.996070907,5.0,5.0,0.0,0.0
93.01067728800001,5.0,5.0,0.0,0.0
93.012412521,5.0,5.0,0.0,0.0
93.03203663400001,5.0,5.0,0.0,0.0
93.034543,5.0,5.0,0.0,0.0
93.05311572400001,5.0,5.0,0.0,0.0
93.05657905400001,5.0,5.0,0.0,0.0
93.071815528,5.0,5.0,0.0,0.0
93.07435517500001,5.0,5.0,0.0,0.0
93.092422647,5.0,5.0,0.0,0.0
93.095916028,5.0,5.0,0.0,0.0
93.110707562,5.0,5.0,0.0,0.0
93.112453993,5.0,5.0,0.0,0.0
93.131782017,5.0,5.0,0.0,0.0
93.134047241,5.0,5.0,0.0,0.0
93.15297798,5.0,5.0,0.0,0.0
93.15637797800001,5.0,5.0,0.0,0.0
93.15978469400001,5.0,5.0,0.0,0.0
93.17139487300001,5.0,5.0,0.0,0.0
93.19303233900001,5.0,5.0,0.0,0.0
93.19641796200001,5.0,5.0,0.0,0.0
93.21145199200001,5.0,5.0,0.0,0.0
93.21404788800001,5.0,5.0,0.0,0.0
93.23079866200001,5.0,5.0,0.0,0.0
93.232786286,5.0,5.0,0.0,0.0
93.25149656,5.0,5.0,0.0,0.0
93.253545485,5.0,5.0,0.0,0.0
93.272427371,5.0,5.0,0.0,0.0
93.27546758300001,5.0,5.0,0.0,0.0
93.29202169300001,5.0,5.0,0.0,0.0
93.29562726,5.0,5.0,0.0,0.0
93.31226741,5.0,5.0,0.0,0.0
93.315357413,5.0,5.0,0.0,0.0
93.331992876,5.0,5.0,0.0,0.0
93.334898611,5.0,5.0,0.0,0.0
93.351302567,5.0,5.0,0.0,0.0
93.354732408,5.0,5.0,0.0,0.0
93.370999127,5.0,5.0,0.0,0.0
93.372788994,5.0,5.0,0.0,0.0
93.393102055,5.0,5.0,0.0,0.0
93.39651434400001,5.0,5.0,0.0,0.0
93.411933472,5.0,5.0,0.0,0.0
93.41445353600001,5.0,5.0,0.0,0.0
93.43236502,5.0,5.0,0.0,0.0
93.43586053700001,5.0,5.0,0.0,0.0
93.450697175,5.0,5.0,0.0,0.0
93.452435636,5.0,5.0,0.0,0.0
93.472043604,5.0,5.0,0.0,0.0
93.474568407,5.0,5.0,0.0,0.0
93.492503485,5.0,5.0,0.0,0.0
93.49549348900001,5.0,5.0,0.0,0.0
93.511975882,5.0,5.0,0.0,0.0
93.514856252,5.0,5.0,0.0,0.0
93.530728967,5.0,5.0,0.0,0.0
93.53247951200001,5.0,5.0,0.0,0.0
93.55172925400001,5.0,5.0,0.0,0.0
93.55397276000001,5.0,5.0,0.0,0.0
93.57241043200001,5.0,5.0,0.0,0.0
93.57587626200001,5.0,5.0,0.0,0.0
93.590747846,5.0,5.0,0.0,0.0
93.593416292,5.0,5.0,0.0,0.0
93.61168193600001,5.0,5.0,0.0,0.0
93.61394330600001,5.0,5.0,0.0,0.0
93.63251727800001,5.0,5.0,0.0,0.0
93.63592737900001,5.0,5.0,0.0,0.0
93.651013699,5.0,5.0,0.0,0.0
93.65369115600001,5.0,5.0,0.0,0.0
93.670981451,5.0,5.0,0.0,0.0
93.673397193,5.0,5.0,0.0,0.0
93.691857521,5.0,5.0,0.0,0.0
93.69419675500001,5.0,5.0,0.0,0.0
93.71270900900001,5.0,5.0,0.0,0.0
93.716163381,5.0,5.0,0.0,0.0
93.731757609,5.0,5.0,0.0,0.0
93.734304026,5.0,5.0,0.0,0.0
93.752494775,5.0,5.0,0.0,0.0
93.755951647,5.0,5.0,0.0,0.0
93.770781669,5.0,5.0,0.0,0.0
93.773507562,5.0,5.0,0.0,0.0
93.791411181,5.0,5.0,0.0,0.0
93.793459481,5.0,5.0,0.0,0.0
93.813012969,5.0,5.0,0.0,0.0
93.816445934,5.0,5.0,0.0,0.0
93.81994973200001,5.0,5.0,0.0,0.0
93.831485692,5.0,5.0,0.0,0.0
93.852708424,5.0,5.0,0.0,0.0
93.85616899300001,5.0,5.0,0.0,0.0
93.871816554,5.0,5.0,0.0,0.0
93.874376826,5.0,5.0,0.0,0.0
93.89129030400001,5.0,5.0,0.0,0.0
93.89353021500001,5.0,5.0,0.0,0.0
93.911436021,5.0,5.0,0.0,0.0
93.913498019,5.0,5.0,0.0,0.0
93.932435788,5.0,5.0,0.0,0.0
93.93539709400001,5.0,5.0,0.0,0.0
93.952499007,5.0,5.0,0.0,0.0
93.955438907,5.0,5.0,0.0,0.0
93.972036192,5.0,5.0,0.0,0.0
93.97492770800001,5.0,5.0,0.0,0.0
93.99156499300001,5.0,5.0,0.0,0.0
93.994948636,5.0,5.0,0.0,0.0
94.01070567500001,5.0,5.0,0.0,0.0
94.01347380700001,5.0,5.0,0.0,0.0
94.03143747700001,5.0,5.0,0.0,0.0
94.033471715,5.0,5.0,0.0,0.0
94.05262151100001,5.0,5.0,0.0,0.0
94.056034529,5.0,5.0,0.0,0.0
94.071550946,5.0,5.0,0.0,0.0
94.074099238,5.0,5.0,0.0,0.0
94.091667133,5.0,5.0,0.0,0.0
94.095116452,5.0,5.0,0.0,0.0
94.11070984700001,5.0,5.0,0.0,0.0
94.113202203,5.0,5.0,0.0,0.0
94.131719301,5.0,5.0,0.0,0.0
94.133972338,5.0,5.0,0.0,0.0
94.15309140500001,5.0,5.0,0.0,0.0
94.15657515100001,5.0,5.0,0.0,0.0
94.1600477,5.0,5.0,0.0,0.0
94.17127939400001,5.0,5.0,0.0,0.0
94.192725143,5.0,5.0,0.0,0.0
94.196160296,5.0,5.0,0.0,0.0
94.21071501,5.0,5.0,0.0,0.0
94.21321523,5.0,5.0,0.0,0.0
94.23166029800001,5.0,5.0,0.0,0.0
94.233908126,5.0,5.0,0.0,0.0
94.252612305,5.0,5.0,0.0,0.0
94.25556449700001,5.0,5.0,0.0,0.0
94.271981108,5.0,5.0,0.0,0.0
94.27488278000001,5.0,5.0,0.0,0.0
94.290911116,5.0,5.0,0.0,0.0
94.29400127400001,5.0,5.0,0.0,0.0
94.310996626,5.0,5.0,0.0,0.0
94.313408046,5.0,5.0,0.0,0.0
94.33170499100001,5.0,5.0,0.0,0.0
94.33397209,5.0,5.0,0.0,0.0
94.353026263,5.0,5.0,0.0,0.0
94.35649329,5.0,5.0,0.0,0.0
94.359955474,5.0,5.0,0.0,0.0
94.37117644,5.0,5.0,0.0,0.0
94.392444952,5.0,5.0,0.0,0.0
94.395944635,5.0,5.0,0.0,0.0
94.41096033100001,5.0,5.0,0.0,0.0
94.413642111,5.0,5.0,0.0,0.0
94.43173296600001,5.0,5.0,0.0,0.0
94.43537457400001,5.0,5.0,0.0,0.0
94.45069833800001,5.0,5.0,0.0,0.0
94.45321663,5.0,5.0,0.0,0.0
94.471291444,5.0,5.0,0.0,0.0
94.473740155,5.0,5.0,0.0,0.0
94.491702105,5.0,5.0,0.0,0.0
94.494007849,5.0,5.0,0.0,0.0
94.51312931300001,5.0,5.0,0.0,0.0
94.516602746,5.0,5.0,0.0,0.0
94.531275115,5.0,5.0,0.0,0.0
94.533868614,5.0,5.0,0.0,0.0
94.55092240100001,5.0,5.0,0.0,0.0
94.55396037300001,5.0,5.0,0.0,0.0
94.57099515,5.0,5.0,0.0,0.0
94.573634169,5.0,5.0,0.0,0.0
94.59142461100001,5.0,5.0,0.0,0.0
94.593468797,5.0,5.0,0.0,0.0
94.61251270800001,5.0,5.0,0.0,0.0
94.61547958700001,5.0,5.0,0.0,0.0
94.63172047,5.0,5.0,0.0,0.0
94.635240569,5.0,5.0,0.0,0.0
94.65070183,5.0,5.0,0.0,0.0
94.652864711,5.0,5.0,0.0,0.0
94.671319153,5.0,5.0,0.0,0.0
94.67375291500001,5.0,5.0,0.0,0.0
94.691466223,5.0,5.0,0.0,0.0
94.693536346,5.0,5.0,0.0,0.0
94.712465154,5.0,5.0,0.0,0.0
94.71544422100001,5.0,5.0,0.0,0.0
94.732065358,5.0,5.0,0.0,0.0
94.734603598,5.0,5.0,0.0,0.0
94.75237534200001,5.0,5.0,0.0,0.0
94.755804714,5.0,5.0,0.0,0.0
94.77098832300001,5.0,5.0,0.0,0.0
94.774042804,5.0,5.0,0.0,0.0
94.790891699,5.0,5.0,0.0,0.0
94.793923629,5.0,5.0,0.0,0.0
94.810961687,5.0,5.0,0.0,0.0
94.81361799800001,5.0,5.0,0.0,0.0
94.83172369500001,5.0,5.0,0.0,0.0
94.834003502,5.0,5.0,0.0,0.0
94.85303069400001,5.0,5.0,0.0,0.0
94.856445327,5.0,5.0,0.0,0.0
94.860394638,5.0,5.0,0.0,0.0
94.87084525,5.0,5.0,0.0,0.0
94.89179251600001,5.0,5.0,0.0,0.0
94.894749395,5.0,5.0,0.0,0.0
94.91096694500001,5.0,5.0,0.0,0.0
94.91336258300001,5.0,5.0,0.0,0.0
94.931703537,5.0,5.0,0.0,0.0
94.933980219,5.0,5.0,0.0,0.0
94.95131134500001,5.0,5.0,0.0,0.0
94.95424046400001,5.0,5.0,0.0,0.0
94.97095920400001,5.0,5.0,0.0,0.0
94.97412957,5.0,5.0,0.0,0.0
94.990951225,5.0,5.0,0.0,0.0
94.993106763,5.0,5.0,0.0,0.0
95.011704952,5.0,5.0,0.0,0.0
95.013991425,5.0,5.0,0.0,0.0
95.031180366,5.0,5.0,0.0,0.0
95.03417313,5.0,5.0,0.0,0.0
95.05099025400001,5.0,5.0,0.0,0.0
95.05325678000001,5.0,5.0,0.0,0.0
95.07147507900001,5.0,5.0,0.0,0.0
95.073518901,5.0,5.0,0.0,0.0
95.092515,5.0,5.0,0.0,0.0
95.095479483,5.0,5.0,0.0,0.0
95.11182583300001,5.0,5.0,0.0,0.0
95.114384282,5.0,5.0,0.0,0.0
95.13090031700001,5.0,5.0,0.0,0.0
95.134009641,5.0,5.0,0.0,0.0
95.15086535900001,5.0,5.0,0.0,0.0
95.15395239200001,5.0,5.0,0.0,0.0
95.170887326,5.0,5.0,0.0,0.0
95.17396430800001,5.0,5.0,0.0,0.0
95.19084252500001,5.0,5.0,0.0,0.0
95.193937527,5.0,5.0,0.0,0.0
95.211007303,5.0,5.0,0.0,0.0
95.213992515,5.0,5.0,0.0,0.0
95.230966772,5.0,5.0,0.0,0.0
95.233139445,5.0,5.0,0.0,0.0
95.251557272,5.0,5.0,0.0,0.0
95.25358317700001,5.0,5.0,0.0,0.0
95.272446414,5.0,5.0,0.0,0.0
95.27543287600001,5.0,5.0,0.0,0.0
95.29089705300001,5.0,5.0,0.0,0.0
95.29398648200001,5.0,5.0,0.0,0.0
95.311014384,5.0,5.0,0.0,0.0
95.314098918,5.0,5.0,0.0,0.0
95.33096343700001,5.0,5.0,0.0,0.0
95.33330626300001,5.0,5.0,0.0,0.0
95.351347378,5.0,5.0,0.0,0.0
95.35381327600001,5.0,5.0,0.0,0.0
95.371749808,5.0,5.0,0.0,0.0
95.37401498000001,5.0,5.0,0.0,0.0
95.393138421,5.0,5.0,0.0,0.0
95.396666072,5.0,5.0,0.0,0.0
95.41169905800001,5.0,5.0,0.0,0.0
95.41428334000001,5.0,5.0,0.0,0.0
95.43084432200001,5.0,5.0,0.0,0.0
95.433778337,5.0,5.0,0.0,0.0
95.45101779800001,5.0,5.0,0.0,0.0
95.454117904,5.0,5.0,0.0,0.0
95.47100591200001,5.0,5.0,0.0,0.0
95.474070706,5.0,5.0,0.0,0.0
95.491009547,5.0,5.0,0.0,0.0
95.494066477,5.0,5.0,0.0,0.0
95.510957245,5.0,5.0,0.0,0.0
95.51397678000001,5.0,5.0,0.0,0.0
95.531044108,5.0,5.0,0.0,0.0
95.534030258,5.0,5.0,0.0,0.0
95.550948993,5.0,5.0,0.0,0.0
95.553110208,5.0,5.0,0.0,0.0
95.57143136900001,5.0,5.0,0.0,0.0
95.57350300200001,5.0,5.0,0.0,0.0
95.592508526,5.0,5.0,0.0,0.0
95.59546103000001,5.0,5.0,0.0,0.0
95.61247085800001,5.0,5.0,0.0,0.0
95.61545002800001,5.0,5.0,0.0,0.0
95.63198705100001,5.0,5.0,0.0,0.0
95.634909139,5.0,5.0,0.0,0.0
95.650702424,5.0,5.0,0.0,0.0
95.653327121,5.0,5.0,0.0,0.0
95.670993136,5.0,5.0,0.0,0.0
95.67369408200001,5.0,5.0,0.0,0.0
95.69125739,5.0,5.0,0.0,0.0
95.693426313,5.0,5.0,0.0,0.0
95.71181924400001,5.0,5.0,0.0,0.0
95.714082801,5.0,5.0,0.0,0.0
95.731016119,5.0,5.0,0.0,0.0
95.73388789600001,5.0,5.0,0.0,0.0
95.75099115900001,5.0,5.0,0.0,0.0
95.753871321,5.0,5.0,0.0,0.0
95.77099474100001,5.0,5.0,0.0,0.0
95.773863652,5.0,5.0,0.0,0.0
95.790988166,5.0,5.0,0.0,0.0
95.793815359,5.0,5.0,0.0,0.0
95.81097627800001,5.0,5.0,0.0,0.0
95.813880294,5.0,5.0,0.0,0.0
95.83099803600001,5.0,5.0,0.0,0.0
95.833759606,5.0,5.0,0.0,0.0
95.850990003,5.0,5.0,0.0,0.0
95.85379834300001,5.0,5.0,0.0,0.0
95.870953689,5.0,5.0,0.0,0.0
95.873158497,5.0,5.0,0.0,0.0
95.89146846000001,5.0,5.0,0.0,0.0
95.893541864,5.0,5.0,0.0,0.0
95.91226853900001,5.0,5.0,0.0,0.0
95.915234897,5.0,5.0,0.0,0.0
95.93069131200001,5.0,5.0,0.0,0.0
95.93298393100001,5.0,5.0,0.0,0.0
95.95123847800001,5.0,5.0,0.0,0.0
95.954056453,5.0,5.0,0.0,0.0
95.970942846,5.0,5.0,0.0,0.0
95.97344879500001,5.0,5.0,0.0,0.0
95.99141391900001,5.0,5.0,0.0,0.0
95.99349966700001,5.0,5.0,0.0,0.0
96.01244253600001,5.0,5.0,0.0,0.0
96.015389311,5.0,5.0,0.0,0.0
96.03225086,5.0,5.0,0.0,0.0
96.035225083,5.0,5.0,0.0,0.0
96.05072056,5.0,5.0,0.0,0.0
96.0527636,5.0,5.0,0.0,0.0
96.07137652600001,5.0,5.0,0.0,0.0
96.073966432,5.0,5.0,0.0,0.0
96.091212142,5.0,5.0,0.0,0.0
96.093709966,5.0,5.0,0.0,0.0
96.111193379,5.0,5.0,0.0,0.0
96.11313360800001,5.0,5.0,0.0,0.0
96.131815336,5.0,5.0,0.0,0.0
96.13409019500001,5.0,5.0,0.0,0.0
96.152230317,5.0,5.0,0.0,0.0
96.15521354900001,5.0,5.0,0.0,0.0
96.17070059000001,5.0,5.0,0.0,0.0
96.172592538,5.0,5.0,0.0,0.0
96.19141551300001,5.0,5.0,0.0,0.0
96.19396380500001,5.0,5.0,0.0,0.0
96.21118961900001,5.0,5.0,0.0,0.0
96.21360431900001,5.0,5.0,0.0,0.0
96.231190596,5.0,5.0,0.0,0.0
96.23358779700001,5.0,5.0,0.0,0.0
96.251305738,5.0,5.0,0.0,0.0
96.253725074,5.0,5.0,0.0,0.0
96.271178905,5.0,5.0,0.0,0.0
96.273604855,5.0,5.0,0.0,0.0
96.29126399500001,5.0,5.0,0.0,0.0
96.29361531100001,5.0,5.0,0.0,0.0
96.31124200400001,5.0,5.0,0.0,0.0
96.313689724,5.0,5.0,0.0,0.0
96.331220637,5.0,5.0,0.0,0.0
96.333639296,5.0,5.0,0.0,0.0
96.351266249,5.0,5.0,0.0,0.0
96.35365792900001,5.0,5.0,0.0,0.0
96.37119576900001,5.0,5.0,0.0,0.0
96.37359979300001,5.0,5.0,0.0,0.0
96.391205704,5.0,5.0,0.0,0.0
96.393535719,5.0,5.0,0.0,0.0
96.41123371200001,5.0,5.0,0.0,0.0
96.413597945,5.0,5.0,0.0,0.0
96.431193128,5.0,5.0,0.0,0.0
96.433528194,5.0,5.0,0.0,0.0
96.451294051,5.0,5.0,0.0,0.0
96.453707918,5.0,5.0,0.0,0.0
96.47117497800001,5.0,5.0,0.0,0.0
96.47349061700001,5.0,5.0,0.0,0.0
96.49121574600001,5.0,5.0,0.0,0.0
96.493574979,5.0,5.0,0.0,0.0
96.51119042100001,5.0,5.0,0.0,0.0
96.513572518,5.0,5.0,0.0,0.0
96.531205305,5.0,5.0,0.0,0.0
96.533559329,5.0,5.0,0.0,0.0
96.551255342,5.0,5.0,0.0,0.0
96.553572908,5.0,5.0,0.0,0.0
96.57120090100001,5.0,5.0,0.0,0.0
96.57349393700001,5.0,5.0,0.0,0.0
96.59137374900001,5.0,5.0,0.0,0.0
96.59384865700001,5.0,5.0,0.0,0.0
96.611202644,5.0,5.0,0.0,0.0
96.613174122,5.0,5.0,0.0,0.0
96.631678612,5.0,5.0,0.0,0.0
96.633968001,5.0,5.0,0.0,0.0
96.6522989,5.0,5.0,0.0,0.0
96.65524353900001,5.0,5.0,0.0,0.0
96.670652923,5.0,5.0,0.0,0.0
96.67249831000001,5.0,5.0,0.0,0.0
96.69152763400001,5.0,5.0,0.0,0.0
96.69387712700001,5.0,5.0,0.0,0.0
96.711430695,5.0,5.0,0.0,0.0
96.713542223,5.0,5.0,0.0,0.0
96.73168322800001,5.0,5.0,0.0,0.0
96.734085793,5.0,5.0,0.0,0.0
96.75206352100001,5.0,5.0,0.0,0.0
96.75462702,5.0,5.0,0.0,0.0
96.77230876300001,5.0,5.0,0.0,0.0
96.77580136200001,5.0,5.0,0.0,0.0
96.79068028600001,5.0,5.0,0.0,0.0
96.792431455,5.0,5.0,0.0,0.0
96.81139140600001,5.0,5.0,0.0,0.0
96.813776523,5.0,5.0,0.0,0.0
96.831406496,5.0,5.0,0.0,0.0
96.833546252,5.0,5.0,0.0,0.0
96.851657102,5.0,5.0,0.0,0.0
96.854017428,5.0,5.0,0.0,0.0
96.87157349600001,5.0,5.0,0.0,0.0
96.873681378,5.0,5.0,0.0,0.0
96.893270642,5.0,5.0,0.0,0.0
96.896763241,5.0,5.0,0.0,0.0
96.91199908600001,5.0,5.0,0.0,0.0
96.914578679,5.0,5.0,0.0,0.0
96.930819924,5.0,5.0,0.0,0.0
96.932907598,5.0,5.0,0.0,0.0
96.951393807,5.0,5.0,0.0,0.0
96.95358116700001,5.0,5.0,0.0,0.0
96.971470823,5.0,5.0,0.0,0.0
96.973594226,5.0,5.0,0.0,0.0
96.991658201,5.0,5.0,0.0,0.0
96.993972435,5.0,5.0,0.0,0.0
97.01202630600001,5.0,5.0,0.0,0.0
97.01459037900001,5.0,5.0,0.0,0.0
97.03289836100001,5.0,5.0,0.0,0.0
97.03634794000001,5.0,5.0,0.0,0.0
97.05069864400001,5.0,5.0,0.0,0.0
97.052485594,5.0,5.0,0.0,0.0
97.07139205600001,5.0,5.0,0.0,0.0
97.07374003800001,5.0,5.0,0.0,0.0
97.09140396800001,5.0,5.0,0.0,0.0
97.09379851300001,5.0,5.0,0.0,0.0
97.111414214,5.0,5.0,0.0,0.0
97.113742822,5.0,5.0,0.0,0.0
97.131396596,5.0,5.0,0.0,0.0
97.13356801900001,5.0,5.0,0.0,0.0
97.15139517600001,5.0,5.0,0.0,0.0
97.153511652,5.0,5.0,0.0,0.0
97.172054891,5.0,5.0,0.0,0.0
97.174615943,5.0,5.0,0.0,0.0
97.19308871400001,5.0,5.0,0.0,0.0
97.196572511,5.0,5.0,0.0,0.0
97.211710545,5.0,5.0,0.0,0.0
97.214275555,5.0,5.0,0.0,0.0
97.23081815,5.0,5.0,0.0,0.0
97.23286431400001,5.0,5.0,0.0,0.0
97.251512551,5.0,5.0,0.0,0.0
97.25372949400001,5.0,5.0,0.0,0.0
97.27139155,5.0,5.0,0.0,0.0
97.27352344200001,5.0,5.0,0.0,0.0
97.291669083,5.0,5.0,0.0,0.0
97.293992743,5.0,5.0,0.0,0.0
97.312044219,5.0,5.0,0.0,0.0
97.314631,5.0,5.0,0.0,0.0
97.332397012,5.0,5.0,0.0,0.0
97.33580159200001,5.0,5.0,0.0,0.0
97.35067650500001,5.0,5.0,0.0,0.0
97.35243481,5.0,5.0,0.0,0.0
97.371659964,5.0,5.0,0.0,0.0
97.374040186,5.0,5.0,0.0,0.0
97.391374122,5.0,5.0,0.0,0.0
97.393478723,5.0,5.0,0.0,0.0
97.41198498300001,5.0,5.0,0.0,0.0
97.41460785700001,5.0,5.0,0.0,0.0
97.43295839000001,5.0,5.0,0.0,0.0
97.43645421900001,5.0,5.0,0.0,0.0
97.451707563,5.0,5.0,0.0,0.0
97.45435132200001,5.0,5.0,0.0,0.0
97.47082282400001,5.0,5.0,0.0,0.0
97.47288336300001,5.0,5.0,0.0,0.0
97.49138129,5.0,5.0,0.0,0.0
97.493537922,5.0,5.0,0.0,0.0
97.51137502600001,5.0,5.0,0.0,0.0
97.51362644800001,5.0,5.0,0.0,0.0
97.53143740700001,5.0,5.0,0.0,0.0
97.533568414,5.0,5.0,0.0,0.0
97.551428641,5.0,5.0,0.0,0.0
97.55363798,5.0,5.0,0.0,0.0
97.57151466600001,5.0,5.0,0.0,0.0
97.573677755,5.0,5.0,0.0,0.0
97.591420693,5.0,5.0,0.0,0.0
97.593574825,5.0,5.0,0.0,0.0
97.611626924,5.0,5.0,0.0,0.0
97.613966573,5.0,5.0,0.0,0.0
97.63197018400001,5.0,5.0,0.0,0.0
97.634582745,5.0,5.0,0.0,0.0
97.652863487,5.0,5.0,0.0,0.0
97.65639009600001,5.0,5.0,0.0,0.0
97.67065553900001,5.0,5.0,0.0,0.0
97.67239269800001,5.0,5.0,0.0,0.0
97.69172404700001,5.0,5.0,0.0,0.0
97.69406171700001,5.0,5.0,0.0,0.0
97.711432578,5.0,5.0,0.0,0.0
97.71354618900001,5.0,5.0,0.0,0.0
97.731618861,5.0,5.0,0.0,0.0
97.73398246800001,5.0,5.0,0.0,0.0
97.75166259400001,5.0,5.0,0.0,0.0
97.75396188,5.0,5.0,0.0,0.0
97.77248136700001,5.0,5.0,0.0,0.0
97.775471839,5.0,5.0,0.0,0.0
97.79230755200001,5.0,5.0,0.0,0.0
97.795275941,5.0,5.0,0.0,0.0
97.81198514600001,5.0,5.0,0.0,0.0
97.814946816,5.0,5.0,0.0,0.0
97.830683381,5.0,5.0,0.0,0.0
97.832460435,5.0,5.0,0.0,0.0
97.851409551,5.0,5.0,0.0,0.0
97.85353238100001,5.0,5.0,0.0,0.0
97.871682656,5.0,5.0,0.0,0.0
97.874041367,5.0,5.0,0.0,0.0
97.89202195700001,5.0,5.0,0.0,0.0
97.894589572,5.0,5.0,0.0,0.0
97.912774794,5.0,5.0,0.0,0.0
97.91629296500001,5.0,5.0,0.0,0.0
97.93081746600001,5.0,5.0,0.0,0.0
97.932811496,5.0,5.0,0.0,0.0
97.951391868,5.0,5.0,0.0,0.0
97.953512771,5.0,5.0,0.0,0.0
97.971645338,5.0,5.0,0.0,0.0
97.973954363,5.0,5.0,0.0,0.0
97.99165334300001,5.0,5.0,0.0,0.0
97.993971274,5.0,5.0,0.0,0.0
98.01240519000001,5.0,5.0,0.0,0.0
98.01545316100001,5.0,5.0,0.0,0.0
98.032181115,5.0,5.0,0.0,0.0
98.03519252400001,5.0,5.0,0.0,0.0
98.05079482000001,5.0,5.0,0.0,0.0
98.05284541200001,5.0,5.0,0.0,0.0
98.07139812800001,5.0,5.0,0.0,0.0
98.07351944700001,5.0,5.0,0.0,0.0
98.09171383600001,5.0,5.0,0.0,0.0
98.09404385,5.0,5.0,0.0,0.0
98.11141986700001,5.0,5.0,0.0,0.0
98.11354024900001,5.0,5.0,0.0,0.0
98.131643181,5.0,5.0,0.0,0.0
98.13396387200001,5.0,5.0,0.0,0.0
98.151654311,5.0,5.0,0.0,0.0
98.153979116,5.0,5.0,0.0,0.0
98.171615129,5.0,5.0,0.0,0.0
98.173991809,5.0,5.0,0.0,0.0
98.19163204,5.0,5.0,0.0,0.0
98.193930596,5.0,5.0,0.0,0.0
98.21162910700001,5.0,5.0,0.0,0.0
98.213949278,5.0,5.0,0.0,0.0
98.23162867500001,5.0,5.0,0.0,0.0
98.23396535500001,5.0,5.0,0.0,0.0
98.252083704,5.0,5.0,0.0,0.0
98.254694494,5.0,5.0,0.0,0.0
98.27273581300001,5.0,5.0,0.0,0.0
98.276280911,5.0,5.0,0.0,0.0
98.290770569,5.0,5.0,0.0,0.0
98.292715016,5.0,5.0,0.0,0.0
98.311674861,5.0,5.0,0.0,0.0
98.313984094,5.0,5.0,0.0,0.0
98.331653908,5.0,5.0,0.0,0.0
98.333927465,5.0,5.0,0.0,0.0
98.35203409500001,5.0,5.0,0.0,0.0
98.3546065,5.0,5.0,0.0,0.0
98.37194376800001,5.0,5.0,0.0,0.0
98.374602005,5.0,5.0,0.0,0.0
98.392993266,5.0,5.0,0.0,0.0
98.396592478,5.0,5.0,0.0,0.0
98.41064058100001,5.0,5.0,0.0,0.0
98.412374146,5.0,5.0,0.0,0.0
98.43162273600001,5.0,5.0,0.0,0.0
98.43392181300001,5.0,5.0,0.0,0.0
98.451682199,5.0,5.0,0.0,0.0
98.454041222,5.0,5.0,0.0,0.0
98.47164853800001,5.0,5.0,0.0,0.0
98.473938552,5.0,5.0,0.0,0.0
98.49198601600001,5.0,5.0,0.0,0.0
98.494593838,5.0,5.0,0.0,0.0
98.511990428,5.0,5.0,0.0,0.0
98.51457064600001,5.0,5.0,0.0,0.0
98.53292893800001,5.0,5.0,0.0,0.0
98.53644617200001,5.0,5.0,0.0,0.0
98.551684358,5.0,5.0,0.0,0.0
98.55425801300001,5.0,5.0,0.0,0.0
98.570818105,5.0,5.0,0.0,0.0
98.572802916,5.0,5.0,0.0,0.0
98.59142464,5.0,5.0,0.0,0.0
98.59353523,5.0,5.0,0.0,0.0
98.611664931,5.0,5.0,0.0,0.0
98.61395327800001,5.0,5.0,0.0,0.0
98.631670486,5.0,5.0,0.0,0.0
98.633983365,5.0,5.0,0.0,0.0
98.65166760400001,5.0,5.0,0.0,0.0
98.654011576,5.0,5.0,0.0,0.0
98.671663785,5.0,5.0,0.0,0.0
98.673964216,5.0,5.0,0.0,0.0
98.69173710000001,5.0,5.0,0.0,0.0
98.69405914500001,5.0,5.0,0.0,0.0
98.711655781,5.0,5.0,0.0,0.0
98.71399491000001,5.0,5.0,0.0,0.0
98.73165206600001,5.0,5.0,0.0,0.0
98.73398556900001,5.0,5.0,0.0,0.0
98.751655486,5.0,5.0,0.0,0.0
98.75396201100001,5.0,5.0,0.0,0.0
98.77165260400001,5.0,5.0,0.0,0.0
98.77397017000001,5.0,5.0,0.0,0.0
98.792005446,5.0,5.0,0.0,0.0
98.794712589,5.0,5.0,0.0,0.0
98.811985429,5.0,5.0,0.0,0.0
98.81461892700001,5.0,5.0,0.0,0.0
98.83292753100001,5.0,5.0,0.0,0.0
98.836421536,5.0,5.0,0.0,0.0
98.851705867,5.0,5.0,0.0,0.0
98.85428457500001,5.0,5.0,0.0,0.0
98.870808573,5.0,5.0,0.0,0.0
98.872804634,5.0,5.0,0.0,0.0
98.89142125400001,5.0,5.0,0.0,0.0
98.89346559500001,5.0,5.0,0.0,0.0
98.911980967,5.0,5.0,0.0,0.0
98.914528789,5.0,5.0,0.0,0.0
98.93200923,5.0,5.0,0.0,0.0
98.934595489,5.0,5.0,0.0,0.0
98.951983119,5.0,5.0,0.0,0.0
98.954548806,5.0,5.0,0.0,0.0
98.972371533,5.0,5.0,0.0,0.0
98.975865486,5.0,5.0,0.0,0.0
98.99071018900001,5.0,5.0,0.0,0.0
98.992468493,5.0,5.0,0.0,0.0
99.01165703100001,5.0,5.0,0.0,0.0
99.013978347,5.0,5.0,0.0,0.0
99.03198112300001,5.0,5.0,0.0,0.0
99.034526029,5.0,5.0,0.0,0.0
99.052023605,5.0,5.0,0.0,0.0
99.05463231200001,5.0,5.0,0.0,0.0
99.071963744,5.0,5.0,0.0,0.0
99.07452984800001,5.0,5.0,0.0,0.0
99.09236486600001,5.0,5.0,0.0,0.0
99.09584413200001,5.0,5.0,0.0,0.0
99.110685814,5.0,5.0,0.0,0.0
99.11244583700001,5.0,5.0,0.0,0.0
99.131639323,5.0,5.0,0.0,0.0
99.133955482,5.0,5.0,0.0,0.0
99.151673836,5.0,5.0,0.0,0.0
99.153943278,5.0,5.0,0.0,0.0
99.17201298,5.0,5.0,0.0,0.0
99.174577677,5.0,5.0,0.0,0.0
99.19200395200001,5.0,5.0,0.0,0.0
99.194580836,5.0,5.0,0.0,0.0
99.21242996900001,5.0,5.0,0.0,0.0
99.21605767000001,5.0,5.0,0.0,0.0
99.23070461600001,5.0,5.0,0.0,0.0
99.23245391,5.0,5.0,0.0,0.0
99.25173541500001,5.0,5.0,0.0,0.0
99.25406324100001,5.0,5.0,0.0,0.0
99.27197528900001,5.0,5.0,0.0,0.0
99.27451024700001,5.0,5.0,0.0,0.0
99.292066781,5.0,5.0,0.0,0.0
99.29510022000001,5.0,5.0,0.0,0.0
99.312252802,5.0,5.0,0.0,0.0
99.315281346,5.0,5.0,0.0,0.0
99.330852651,5.0,5.0,0.0,0.0
99.332899024,5.0,5.0,0.0,0.0
99.351422885,5.0,5.0,0.0,0.0
99.353480663,5.0,5.0,0.0,0.0
99.372031503,5.0,5.0,0.0,0.0
99.374612971,5.0,5.0,0.0,0.0
99.39199487200001,5.0,5.0,0.0,0.0
99.39457628800001,5.0,5.0,0.0,0.0
99.41258661500001,5.0,5.0,0.0,0.0
99.41613405700001,5.0,5.0,0.0,0.0
99.430706212,5.0,5.0,0.0,0.0
99.43245722500001,5.0,5.0,0.0,0.0
99.451641909,5.0,5.0,0.0,0.0
99.45387369500001,5.0,5.0,0.0,0.0
99.471985636,5.0,5.0,0.0,0.0
99.474564083,5.0,5.0,0.0,0.0
99.49166968600001,5.0,5.0,0.0,0.0
99.493937097,5.0,5.0,0.0,0.0
99.51201258,5.0,5.0,0.0,0.0
99.5145691,5.0,5.0,0.0,0.0
99.53198172900001,5.0,5.0,0.0,0.0
99.53457054100001,5.0,5.0,0.0,0.0
99.55246982700001,5.0,5.0,0.0,0.0
99.555482798,5.0,5.0,0.0,0.0
99.57212439700001,5.0,5.0,0.0,0.0
99.57503872400001,5.0,5.0,0.0,0.0
99.59067476700001,5.0,5.0,0.0,0.0
99.592403644,5.0,5.0,0.0,0.0
99.61171801200001,5.0,5.0,0.0,0.0
99.61396412,5.0,5.0,0.0,0.0
99.632018665,5.0,5.0,0.0,0.0
99.634561019,5.0,5.0,0.0,0.0
99.65199932300001,5.0,5.0,0.0,0.0
99.65456318700001,5.0,5.0,0.0,0.0
99.672929549,5.0,5.0,0.0,0.0
99.676555635,5.0,5.0,0.0,0.0
99.690670505,5.0,5.0,0.0,0.0
99.692399799,5.0,5.0,0.0,0.0
99.711680938,5.0,5.0,0.0,0.0
99.71390689100001,5.0,5.0,0.0,0.0
99.73198664300001,5.0,5.0,0.0,0.0
99.73454102800001,5.0,5.0,0.0,0.0
99.75245718900001,5.0,5.0,0.0,0.0
99.75538578700001,5.0,5.0,0.0,0.0
99.77201941700001,5.0,5.0,0.0,0.0
99.774557396,5.0,5.0,0.0,0.0
99.792334341,5.0,5.0,0.0,0.0
99.79582954300001,5.0,5.0,0.0,0.0
99.81070023400001,5.0,5.0,0.0,0.0
99.81245218400001,5.0,5.0,0.0,0.0
99.83161551200001,5.0,5.0,0.0,0.0
99.83387787100001,5.0,5.0,0.0,0.0
99.85203892400001,5.0,5.0,0.0,0.0
99.854553882,5.0,5.0,0.0,0.0
99.871814169,5.0,5.0,0.0,0.0
99.874086527,5.0,5.0,0.0,0.0
99.893623808,5.0,5.0,0.0,0.0
99.897872643,5.0,5.0,0.0,0.0
99.90026276,5.0,5.0,0.0,0.0
99.91134492,5.0,5.0,0.0,0.0
99.931577605,5.0,5.0,0.0,0.0
99.934218083,5.0,5.0,0.0,0.0
99.9513991,5.0,5.0,0.0,0.0
99.953427452,5.0,5.0,0.0,0.0
99.97250541700001,5.0,5.0,0.0,0.0
99.975476357,5.0,5.0,0.0,0.0
99.991952021,5.0,5.0,0.0,0.0
99.994510781,5.0,5.0,0.0,0.0
100.012397828,5.0,5.0,0.0,0.0
100.01536533100001,5.0,5.0,0.0,0.0
100.032043232,5.0,5.0,0.0,0.0
100.03495505900001,5.0,5.0,0.0,0.0
100.050695266,5.0,5.0,0.0,0.0
100.05245013300001,5.0,5.0,0.0,0.0
100.071783771,5.0,5.0,0.0,0.0
100.07411914900001,5.0,5.0,0.0,0.0
100.092027915,5.0,5.0,0.0,0.0
100.09456407,5.0,5.0,0.0,0.0
100.11201201,5.0,5.0,0.0,0.0
100.114569156,5.0,5.0,0.0,0.0
100.133085151,5.0,5.0,0.0,0.0
100.136557541,5.0,5.0,0.0,0.0
100.15170322700001,5.0,5.0,0.0,0.0
100.154217352,5.0,5.0,0.0,0.0
100.17081931700001,5.0,5.0,0.0,0.0
100.172820169,5.0,5.0,0.0,0.0
100.19165641900001,5.0,5.0,0.0,0.0
100.19391159000001,5.0,5.0,0.0,0.0
100.212004624,5.0,5.0,0.0,0.0
100.214575779,5.0,5.0,0.0,0.0
100.232250694,5.0,5.0,0.0,0.0
100.23527033200001,5.0,5.0,0.0,0.0
100.25080148100001,5.0,5.0,0.0,0.0
100.252624419,5.0,5.0,0.0,0.0
100.271716655,5.0,5.0,0.0,0.0
100.27395542000001,5.0,5.0,0.0,0.0
100.29199736000001,5.0,5.0,0.0,0.0
100.294568932,5.0,5.0,0.0,0.0
100.311996195,5.0,5.0,0.0,0.0
100.314515997,5.0,5.0,0.0,0.0
100.332117112,5.0,5.0,0.0,0.0
100.33464472600001,5.0,5.0,0.0,0.0
100.35271,5.0,5.0,0.0,0.0
100.356183328,5.0,5.0,0.0,0.0
100.37065814,5.0,5.0,0.0,0.0
100.372406079,5.0,5.0,0.0,0.0
100.39165143800001,5.0,5.0,0.0,0.0
100.393889525,5.0,5.0,0.0,0.0
100.412427343,5.0,5.0,0.0,0.0
100.415422085,5.0,5.0,0.0,0.0
100.43201431,5.0,5.0,0.0,0.0
100.43454359100001,5.0,5.0,0.0,0.0
100.45237501400001,5.0,5.0,0.0,0.0
100.45585875900001,5.0,5.0,0.0,0.0
100.47071408500001,5.0,5.0,0.0,0.0
100.47245072300001,5.0,5.0,0.0,0.0
100.491631239,5.0,5.0,0.0,0.0
100.493977293,5.0,5.0,0.0,0.0
100.512419748,5.0,5.0,0.0,0.0
100.515396209,5.0,5.0,0.0,0.0
100.532019788,5.0,5.0,0.0,0.0
100.534542298,5.0,5.0,0.0,0.0
100.552950116,5.0,5.0,0.0,0.0
100.556472193,5.0,5.0,0.0,0.0
100.57169454400001,5.0,5.0,0.0,0.0
100.57423007400001,5.0,5.0,0.0,0.0
100.590805579,5.0,5.0,0.0,0.0
100.592819817,5.0,5.0,0.0,0.0
100.61169669,5.0,5.0,0.0,0.0
100.613966652,5.0,5.0,0.0,0.0
100.63245915600001,5.0,5.0,0.0,0.0
100.635421295,5.0,5.0,0.0,0.0
100.652006643,5.0,5.0,0.0,0.0
100.65455029900001,5.0,5.0,0.0,0.0
100.672377658,5.0,5.0,0.0,0.0
100.675812288,5.0,5.0,0.0,0.0
100.69069240500001,5.0,5.0,0.0,0.0
100.692419095,5.0,5.0,0.0,0.0
100.71166617,5.0,5.0,0.0,0.0
100.71391045600001,5.0,5.0,0.0,0.0
100.732439262,5.0,5.0,0.0,0.0
100.73537817100001,5.0,5.0,0.0,0.0
100.752004978,5.0,5.0,0.0,0.0
100.754507071,5.0,5.0,0.0,0.0
100.772523386,5.0,5.0,0.0,0.0
100.775485524,5.0,5.0,0.0,0.0
100.791892386,5.0,5.0,0.0,0.0
100.794401459,5.0,5.0,0.0,0.0
100.81233543100001,5.0,5.0,0.0,0.0
100.81583599800001,5.0,5.0,0.0,0.0
100.83067621900001,5.0,5.0,0.0,0.0
100.832448221,5.0,5.0,0.0,0.0
100.851687536,5.0,5.0,0.0,0.0
100.85396822700001,5.0,5.0,0.0,0.0
100.87246479400001,5.0,5.0,0.0,0.0
100.87541500500001,5.0,5.0,0.0,0.0
100.891988792,5.0,5.0,0.0,0.0
100.89449197900001,5.0,5.0,0.0,0.0
100.912334963,5.0,5.0,0.0,0.0
100.915897195,5.0,5.0,0.0,0.0
100.930675022,5.0,5.0,0.0,0.0
100.93242676400001,5.0,5.0,0.0,0.0
100.95170941100001,5.0,5.0,0.0,0.0
100.953940364,5.0,5.0,0.0,0.0
100.97246739900001,5.0,5.0,0.0,0.0
100.97536870500001,5.0,5.0,0.0,0.0
100.992009834,5.0,5.0,0.0,0.0
100.994518021,5.0,5.0,0.0,0.0
101.01266407300001,5.0,5.0,0.0,0.0
101.01616781700001,5.0,5.0,0.0,0.0
101.030675856,5.0,5.0,0.0,0.0
101.03240989000001,5.0,5.0,0.0,0.0
101.05165816300001,5.0,5.0,0.0,0.0
101.05389531300001,5.0,5.0,0.0,0.0
101.07244604600001,5.0,5.0,0.0,0.0
101.075357925,5.0,5.0,0.0,0.0
101.092086917,5.0,5.0,0.0,0.0
101.094609739,5.0,5.0,0.0,0.0
101.112353923,5.0,5.0,0.0,0.0
101.11588881200001,5.0,5.0,0.0,0.0
101.13067304500001,5.0,5.0,0.0,0.0
101.132410776,5.0,5.0,0.0,0.0
101.15172420500001,5.0,5.0,0.0,0.0
101.153997552,5.0,5.0,0.0,0.0
101.17244125500001,5.0,5.0,0.0,0.0
101.17535818600001,5.0,5.0,0.0,0.0
101.191997857,5.0,5.0,0.0,0.0
101.194538335,5.0,5.0,0.0,0.0
101.21089040700001,5.0,5.0,0.0,0.0
101.214165092,5.0,5.0,0.0,0.0
101.230829658,5.0,5.0,0.0,0.0
101.23284030100001,5.0,5.0,0.0,0.0
101.25180097500001,5.0,5.0,0.0,0.0
101.25403099,5.0,5.0,0.0,0.0
101.27262828500001,5.0,5.0,0.0,0.0
101.275592818,5.0,5.0,0.0,0.0
101.292012389,5.0,5.0,0.0,0.0
101.29453760700001,5.0,5.0,0.0,0.0
101.312515485,5.0,5.0,0.0,0.0
101.316168132,5.0,5.0,0.0,0.0
101.33067070300001,5.0,5.0,0.0,0.0
101.332426716,5.0,5.0,0.0,0.0
101.35164259300001,5.0,5.0,0.0,0.0
101.35389021200001,5.0,5.0,0.0,0.0
101.37245558000001,5.0,5.0,0.0,0.0
101.37538881200001,5.0,5.0,0.0,0.0
101.39251180800001,5.0,5.0,0.0,0.0
101.39544993700001,5.0,5.0,0.0,0.0
101.411927683,5.0,5.0,0.0,0.0
101.41481268700001,5.0,5.0,0.0,0.0
101.43068523500001,5.0,5.0,0.0,0.0
101.43244182000001,5.0,5.0,0.0,0.0
101.451710874,5.0,5.0,0.0,0.0
101.453995211,5.0,5.0,0.0,0.0
101.471997568,5.0,5.0,0.0,0.0
101.474509401,5.0,5.0,0.0,0.0
101.49244311300001,5.0,5.0,0.0,0.0
101.495385459,5.0,5.0,0.0,0.0
101.511983047,5.0,5.0,0.0,0.0
101.51453087,5.0,5.0,0.0,0.0
101.53278317,5.0,5.0,0.0,0.0
101.536238372,5.0,5.0,0.0,0.0
101.55082349300001,5.0,5.0,0.0,0.0
101.55280814700001,5.0,5.0,0.0,0.0
101.571755851,5.0,5.0,0.0,0.0
101.57402091700001,5.0,5.0,0.0,0.0
101.592448108,5.0,5.0,0.0,0.0
101.595388893,5.0,5.0,0.0,0.0
101.61244740900001,5.0,5.0,0.0,0.0
101.615388558,5.0,5.0,0.0,0.0
101.63079928900001,5.0,5.0,0.0,0.0
101.632807068,5.0,5.0,0.0,0.0
101.65169951300001,5.0,5.0,0.0,0.0
101.653954162,5.0,5.0,0.0,0.0
101.672999364,5.0,5.0,0.0,0.0
101.676453213,5.0,5.0,0.0,0.0
101.69166889600001,5.0,5.0,0.0,0.0
101.69426775800001,5.0,5.0,0.0,0.0
101.71078894,5.0,5.0,0.0,0.0
101.71277625100001,5.0,5.0,0.0,0.0
101.731711715,5.0,5.0,0.0,0.0
101.7339635,5.0,5.0,0.0,0.0
101.75304016000001,5.0,5.0,0.0,0.0
101.75640270800001,5.0,5.0,0.0,0.0
101.771790784,5.0,5.0,0.0,0.0
101.774401886,5.0,5.0,0.0,0.0
101.790820517,5.0,5.0,0.0,0.0
101.79280095300001,5.0,5.0,0.0,0.0
101.81168162600001,5.0,5.0,0.0,0.0
101.813943099,5.0,5.0,0.0,0.0
101.833000592,5.0,5.0,0.0,0.0
101.83638314000001,5.0,5.0,0.0,0.0
101.85194173400001,5.0,5.0,0.0,0.0
101.85448268100001,5.0,5.0,0.0,0.0
101.872345976,5.0,5.0,0.0,0.0
101.875797949,5.0,5.0,0.0,0.0
101.89067785600001,5.0,5.0,0.0,0.0
101.892407879,5.0,5.0,0.0,0.0
101.91167391100001,5.0,5.0,0.0,0.0
101.91393647700001,5.0,5.0,0.0,0.0
101.93308271900001,5.0,5.0,0.0,0.0
101.93646485000001,5.0,5.0,0.0,0.0
101.951695325,5.0,5.0,0.0,0.0
101.954250907,5.0,5.0,0.0,0.0
101.970806046,5.0,5.0,0.0,0.0
101.97280231500001,5.0,5.0,0.0,0.0
101.99167158200001,5.0,5.0,0.0,0.0
101.99390951400001,5.0,5.0,0.0,0.0
102.013062266,5.0,5.0,0.0,0.0
102.01648533400001,5.0,5.0,0.0,0.0
102.031804713,5.0,5.0,0.0,0.0
102.034358108,5.0,5.0,0.0,0.0
102.05081012400001,5.0,5.0,0.0,0.0
102.05280722600001,5.0,5.0,0.0,0.0
102.07169159700001,5.0,5.0,0.0,0.0
102.073945362,5.0,5.0,0.0,0.0
102.09309801,5.0,5.0,0.0,0.0
102.09657211800001,5.0,5.0,0.0,0.0
102.11180540500001,5.0,5.0,0.0,0.0
102.114383851,5.0,5.0,0.0,0.0
102.132398029,5.0,5.0,0.0,0.0
102.13583015900001,5.0,5.0,0.0,0.0
102.150696681,5.0,5.0,0.0,0.0
102.15246227700001,5.0,5.0,0.0,0.0
102.17168929900001,5.0,5.0,0.0,0.0
102.17392186500001,5.0,5.0,0.0,0.0
102.192969567,5.0,5.0,0.0,0.0
102.196414614,5.0,5.0,0.0,0.0
102.211588527,5.0,5.0,0.0,0.0
102.21415640000001,5.0,5.0,0.0,0.0
102.23081523600001,5.0,5.0,0.0,0.0
102.232850931,5.0,5.0,0.0,0.0
102.25152405600001,5.0,5.0,0.0,0.0
102.253567876,5.0,5.0,0.0,0.0
102.272415217,5.0,5.0,0.0,0.0
102.27538584400001,5.0,5.0,0.0,0.0
102.29243040300001,5.0,5.0,0.0,0.0
102.29496249600001,5.0,5.0,0.0,0.0
102.31218653,5.0,5.0,0.0,0.0
102.31504882600001,5.0,5.0,0.0,0.0
102.331855836,5.0,5.0,0.0,0.0
102.33476349600001,5.0,5.0,0.0,0.0
102.350723489,5.0,5.0,0.0,0.0
102.352514709,5.0,5.0,0.0,0.0
102.37167683700001,5.0,5.0,0.0,0.0
102.373956903,5.0,5.0,0.0,0.0
102.393014969,5.0,5.0,0.0,0.0
102.396437672,5.0,5.0,0.0,0.0
102.411557211,5.0,5.0,0.0,0.0
102.414104824,5.0,5.0,0.0,0.0
102.430837565,5.0,5.0,0.0,0.0
102.43286878100001,5.0,5.0,0.0,0.0
102.451701643,5.0,5.0,0.0,0.0
102.453965095,5.0,5.0,0.0,0.0
102.473058785,5.0,5.0,0.0,0.0
102.476469249,5.0,5.0,0.0,0.0
102.49163524500001,5.0,5.0,0.0,0.0
102.494188588,5.0,5.0,0.0,0.0
102.512373752,5.0,5.0,0.0,0.0
102.515823018,5.0,5.0,0.0,0.0
102.53069485200001,5.0,5.0,0.0,0.0
102.53246612400001,5.0,5.0,0.0,0.0
102.55168215500001,5.0,5.0,0.0,0.0
102.55395920000001,5.0,5.0,0.0,0.0
102.573075962,5.0,5.0,0.0,0.0
102.57650392500001,5.0,5.0,0.0,0.0
102.591787679,5.0,5.0,0.0,0.0
102.59433721900001,5.0,5.0,0.0,0.0
102.61213306600001,5.0,5.0,0.0,0.0
102.61570217200001,5.0,5.0,0.0,0.0
102.630678118,5.0,5.0,0.0,0.0
102.63242642200001,5.0,5.0,0.0,0.0
102.65173391,5.0,5.0,0.0,0.0
102.653998716,5.0,5.0,0.0,0.0
102.672403094,5.0,5.0,0.0,0.0
102.67585470200001,5.0,5.0,0.0,0.0
102.69069226500001,5.0,5.0,0.0,0.0
102.692441246,5.0,5.0,0.0,0.0
102.712041854,5.0,5.0,0.0,0.0
102.71456149900001,5.0,5.0,0.0,0.0
102.73258208200001,5.0,5.0,0.0,0.0
102.736032128,5.0,5.0,0.0,0.0
102.75064709,5.0,5.0,0.0,0.0
102.75238596700001,5.0,5.0,0.0,0.0
102.77206792800001,5.0,5.0,0.0,0.0
102.774630176,5.0,5.0,0.0,0.0
102.792058842,5.0,5.0,0.0,0.0
102.79492056400001,5.0,5.0,0.0,0.0
102.81230001200001,5.0,5.0,0.0,0.0
102.81569813200001,5.0,5.0,0.0,0.0
102.83071616000001,5.0,5.0,0.0,0.0
102.832471079,5.0,5.0,0.0,0.0
102.851985646,5.0,5.0,0.0,0.0
102.85458216500001,5.0,5.0,0.0,0.0
102.872095985,5.0,5.0,0.0,0.0
102.87501801900001,5.0,5.0,0.0,0.0
102.89166211400001,5.0,5.0,0.0,0.0
102.895129921,5.0,5.0,0.0,0.0
102.910697576,5.0,5.0,0.0,0.0
102.91246186900001,5.0,5.0,0.0,0.0
102.93194518700001,5.0,5.0,0.0,0.0
102.93420712800001,5.0,5.0,0.0,0.0
102.952026516,5.0,5.0,0.0,0.0
102.95494329,5.0,5.0,0.0,0.0
102.970721826,5.0,5.0,0.0,0.0
102.972490547,5.0,5.0,0.0,0.0
102.992020322,5.0,5.0,0.0,0.0
102.994540801,5.0,5.0,0.0,0.0
103.01213602600001,5.0,5.0,0.0,0.0
103.015498209,5.0,5.0,0.0,0.0
103.03083201300001,5.0,5.0,0.0,0.0
103.03386154600001,5.0,5.0,0.0,0.0
103.051239639,5.0,5.0,0.0,0.0
103.05313278400001,5.0,5.0,0.0,0.0
103.07247548000001,5.0,5.0,0.0,0.0
103.07544600300001,5.0,5.0,0.0,0.0
103.092164471,5.0,5.0,0.0,0.0
103.09512858800001,5.0,5.0,0.0,0.0
103.11093493700001,5.0,5.0,0.0,0.0
103.113989469,5.0,5.0,0.0,0.0
103.13121063800001,5.0,5.0,0.0,0.0
103.133103054,5.0,5.0,0.0,0.0
103.15255673700001,5.0,5.0,0.0,0.0
103.155493823,5.0,5.0,0.0,0.0
103.17217047000001,5.0,5.0,0.0,0.0
103.17503495300001,5.0,5.0,0.0,0.0
103.192415806,5.0,5.0,0.0,0.0
103.195829343,5.0,5.0,0.0,0.0
103.21067716600001,5.0,5.0,0.0,0.0
103.21243297000001,5.0,5.0,0.0,0.0
103.23202180700001,5.0,5.0,0.0,0.0
103.23456775400001,5.0,5.0,0.0,0.0
103.252664585,5.0,5.0,0.0,0.0
103.256169161,5.0,5.0,0.0,0.0
103.27073667600001,5.0,5.0,0.0,0.0
103.273413194,5.0,5.0,0.0,0.0
103.291476328,5.0,5.0,0.0,0.0
103.29355681300001,5.0,5.0,0.0,0.0
103.312323894,5.0,5.0,0.0,0.0
103.31530051,5.0,5.0,0.0,0.0
103.33190366900001,5.0,5.0,0.0,0.0
103.33479403700001,5.0,5.0,0.0,0.0
103.352130047,5.0,5.0,0.0,0.0
103.355615353,5.0,5.0,0.0,0.0
103.37072410900001,5.0,5.0,0.0,0.0
103.37253585,5.0,5.0,0.0,0.0
103.391986981,5.0,5.0,0.0,0.0
103.39452027200001,5.0,5.0,0.0,0.0
103.41256731200001,5.0,5.0,0.0,0.0
103.415969442,5.0,5.0,0.0,0.0
103.43146480700001,5.0,5.0,0.0,0.0
103.434051065,5.0,5.0,0.0,0.0
103.45114051700001,5.0,5.0,0.0,0.0
103.454073541,5.0,5.0,0.0,0.0
103.471199138,5.0,5.0,0.0,0.0
103.47317566800001,5.0,5.0,0.0,0.0
103.492540081,5.0,5.0,0.0,0.0
103.495478053,5.0,5.0,0.0,0.0
103.51242761200001,5.0,5.0,0.0,0.0
103.51536131200001,5.0,5.0,0.0,0.0
103.532001136,5.0,5.0,0.0,0.0
103.534890254,5.0,5.0,0.0,0.0
103.55226277300001,5.0,5.0,0.0,0.0
103.555725736,5.0,5.0,0.0,0.0
103.570920739,5.0,5.0,0.0,0.0
103.573580903,5.0,5.0,0.0,0.0
103.59098092100001,5.0,5.0,0.0,0.0
103.593385724,5.0,5.0,0.0,0.0
103.611795048,5.0,5.0,0.0,0.0
103.614046833,5.0,5.0,0.0,0.0
103.632827401,5.0,5.0,0.0,0.0
103.63623500000001,5.0,5.0,0.0,0.0
103.651407973,5.0,5.0,0.0,0.0
103.653983294,5.0,5.0,0.0,0.0
103.672401264,5.0,5.0,0.0,0.0
103.675864278,5.0,5.0,0.0,0.0
103.69071751700001,5.0,5.0,0.0,0.0
103.69326263,5.0,5.0,0.0,0.0
103.711740182,5.0,5.0,0.0,0.0
103.714006603,5.0,5.0,0.0,0.0
103.73237467800001,5.0,5.0,0.0,0.0
103.73587165,5.0,5.0,0.0,0.0
103.751908618,5.0,5.0,0.0,0.0
103.75485846400001,5.0,5.0,0.0,0.0
103.77072580000001,5.0,5.0,0.0,0.0
103.773604762,5.0,5.0,0.0,0.0
103.791024936,5.0,5.0,0.0,0.0
103.793476197,5.0,5.0,0.0,0.0
103.81171005600001,5.0,5.0,0.0,0.0
103.81397319400001,5.0,5.0,0.0,0.0
103.833024643,5.0,5.0,0.14,0.0
103.83647849100001,5.0,5.0,0.0,0.0
103.85163552700001,5.0,5.0,0.0,0.0
103.85418324400001,5.0,5.0,0.0,0.0
103.871709146,5.0,5.0,0.0,0.0
103.875117265,5.0,5.0,0.0,0.0
103.89073106400001,5.0,5.0,0.0,0.0
103.893325343,5.0,5.0,-0.14,0.0
103.91176737500001,5.0,5.0,0.0,0.0
103.91401166,5.0,5.0,0.0,0.0
103.932573274,5.0,5.0,0.0,0.0
103.936041809,5.0,5.0,0.0,0.0
103.950722967,5.0,5.0,0.0,0.0
103.953321308,5.0,5.0,0.0,0.0
103.971361368,5.0,5.0,0.0,0.0
103.973819504,5.0,5.0,0.0,0.0
103.991738888,5.0,5.0,0.0,0.0
103.993981246,5.0,5.0,0.0,0.0
104.012822595,5.0,5.0,0.0,0.0
104.01630737900001,5.0,5.0,0.0,0.0
104.030978538,5.0,5.0,0.0,0.0
104.033639847,5.0,5.0,0.0,0.0
104.05097606400001,5.0,5.0,0.0,0.0
104.05354784400001,5.0,5.0,0.0,0.0
104.07188362800001,5.0,5.0,0.0,0.0
104.074119267,5.0,5.0,0.0,0.0
104.09197703800001,5.0,5.0,0.0,0.0
104.09491001,5.0,5.0,0.0,0.0
104.11162826900001,5.0,5.0,0.0,0.0
104.114520407,5.0,5.0,0.0,0.0
104.13150600600001,5.0,5.0,0.0,0.0
104.13473548200001,5.0,5.0,0.0,0.0
104.151362285,5.0,5.0,0.0,0.0
104.15432723500001,5.0,5.0,0.0,0.0
104.170880861,5.0,5.0,0.0,0.0
104.173494515,5.0,5.0,0.0,0.0
104.190990157,5.0,5.0,0.0,0.0
104.193416782,5.0,5.0,0.0,0.0
104.21144903000001,5.0,5.0,0.0,0.0
104.21354889000001,5.0,5.0,0.0,0.0
104.23336902400001,5.0,5.0,0.0,0.0
104.236600167,5.0,5.0,0.0,0.0
104.25210120700001,5.0,5.0,0.0,0.0
104.254647519,5.0,5.0,0.0,0.0
104.272678568,5.0,5.0,0.0,0.0
104.27627507000001,5.0,5.0,0.0,0.0
104.290947009,5.0,5.0,0.0,0.0
104.29363196400001,5.0,5.0,0.0,0.0
104.311549213,5.0,5.0,0.0,0.0
104.31456447500001,5.0,5.0,0.0,0.0
104.33104742500001,5.0,5.0,0.0,0.0
104.332931977,5.0,5.0,0.0,0.0
104.352096132,5.0,5.0,0.0,0.0
104.354672182,5.0,5.0,0.0,0.0
104.37276328300001,5.0,5.0,0.0,0.0
104.37628249400001,5.0,5.0,0.0,0.0
104.391017714,5.0,5.0,0.0,0.0
104.393684648,5.0,5.0,0.0,0.0
104.41101294900001,5.0,5.0,0.0,0.0
104.413887328,5.0,5.0,0.0,0.0
104.431000216,5.0,5.0,0.0,0.0
104.433415748,5.0,5.0,0.0,0.0
104.45191606,5.0,5.0,0.0,0.0
104.45417034500001,5.0,5.0,0.0,0.0
104.472420661,5.0,5.0,0.0,0.0
104.47591341500001,5.0,5.0,0.0,0.0
104.490832069,5.0,5.0,0.0,0.0
104.49351764900001,5.0,5.0,0.0,0.0
104.51124839100001,5.0,5.0,0.0,0.0
104.51368262000001,5.0,5.0,0.0,0.0
104.531415342,5.0,5.0,0.0,0.0
104.53349035800001,5.0,5.0,0.0,0.0
104.55250118100001,5.0,5.0,0.0,0.0
104.555447798,5.0,5.0,0.0,0.0
104.572326626,5.0,5.0,0.0,0.0
104.575328658,5.0,5.0,0.0,0.0
104.59201389600001,5.0,5.0,0.0,0.0
104.59491056600001,5.0,5.0,0.0,0.0
104.611118884,5.0,5.0,0.0,0.0
104.614172791,5.0,5.0,0.0,0.0
104.63085558,5.0,5.0,0.0,0.0
104.633304914,5.0,5.0,0.0,0.0
104.65139767900001,5.0,5.0,0.0,0.0
104.653864877,5.0,5.0,0.0,0.0
104.671451297,5.0,5.0,0.0,0.0
104.67350115800001,5.0,5.0,0.0,0.0
104.692612553,5.0,5.0,0.0,0.0
104.695938017,5.0,5.0,0.0,0.0
104.71097396,5.0,5.0,0.0,0.0
104.71368610100001,5.0,5.0,0.0,0.0
104.73114669,5.0,5.0,0.0,0.0
104.734128983,5.0,5.0,0.0,0.0
104.75086390700001,5.0,5.0,0.0,0.0
104.753616725,5.0,5.0,0.0,0.0
104.77103080500001,5.0,5.0,0.0,0.0
104.773340817,5.0,5.0,0.0,0.0
104.791211035,5.0,5.0,0.0,0.0
104.79313845,5.0,5.0,0.0,0.0
104.812584787,5.0,5.0,0.0,0.0
104.81552369500001,5.0,5.0,0.0,0.0
104.832148152,5.0,5.0,0.0,0.0
104.835467367,5.0,5.0,0.0,0.0
104.85086840700001,5.0,5.0,0.0,0.0
104.85396424000001,5.0,5.0,0.0,0.0
104.871053481,5.0,5.0,0.0,0.0
104.874051139,5.0,5.0,0.0,0.0
104.891023038,5.0,5.0,0.0,0.0
104.89329779100001,5.0,5.0,0.0,0.0
104.911351912,5.0,5.0,0.0,0.0
104.913844005,5.0,5.0,0.0,0.0
104.93119688700001,5.0,5.0,0.0,0.0
104.933476067,5.0,5.0,0.0,0.0
104.951233735,5.0,5.0,0.0,0.0
104.953384583,5.0,5.0,0.0,0.0
104.971630367,5.0,5.0,0.0,0.0
104.973949911,5.0,5.0,0.0,0.0
104.992529961,5.0,5.0,0.0,0.0
104.995510795,5.0,5.0,0.0,0.0
105.01202817100001,5.0,5.0,0.0,0.0
105.01494817400001,5.0,5.0,0.0,0.0
105.030761447,5.0,5.0,0.0,0.0
105.033536921,5.0,5.0,0.0,0.0
105.050998551,5.0,5.0,0.0,0.0
105.05321585700001,5.0,5.0,0.0,0.0
105.07140575700001,5.0,5.0,0.0,0.0
105.073502804,5.0,5.0,0.0,0.0
105.092378421,5.0,5.0,0.0,0.0
105.095374569,5.0,5.0,0.0,0.0
105.11072201600001,5.0,5.0,0.0,0.0
105.113407752,5.0,5.0,0.0,0.0
105.131685879,5.0,5.0,0.0,0.0
105.13448874800001,5.0,5.0,0.0,0.0
105.151304088,5.0,5.0,0.0,0.0
105.15348634200001,5.0,5.0,0.0,0.0
105.17138807,5.0,5.0,0.0,0.0
105.174029223,5.0,5.0,0.0,0.0
105.19146710400001,5.0,5.0,0.0,0.0
105.193539412,5.0,5.0,0.0,0.0
105.212539402,5.0,5.0,0.0,0.0
105.21549742500001,5.0,5.0,0.0,0.0
105.232778694,5.0,5.0,0.0,0.0
105.23607608600001,5.0,5.0,0.0,0.0
105.25132811900001,5.0,5.0,0.0,0.0
105.25399260500001,5.0,5.0,0.0,0.0
105.27100476400001,5.0,5.0,0.0,0.0
105.27394164100001,5.0,5.0,0.0,0.0
105.291398376,5.0,5.0,0.0,0.0
105.29431369100001,5.0,5.0,0.0,0.0
105.311044761,5.0,5.0,0.0,0.0
105.31289316700001,5.0,5.0,0.0,0.0
105.331718733,5.0,5.0,0.0,0.0
105.333982288,5.0,5.0,0.0,0.0
105.35248660900001,5.0,5.0,0.0,0.0
105.355398695,5.0,5.0,0.0,0.0
105.37227991900001,5.0,5.0,0.0,0.0
105.375252265,5.0,5.0,0.0,0.0
105.39117272300001,5.0,5.0,0.0,0.0
105.39343883100001,5.0,5.0,0.0,0.0
105.411479514,5.0,5.0,0.0,0.0
105.413499271,5.0,5.0,0.0,0.0
105.431710889,5.0,5.0,0.0,0.0
105.434008559,5.0,5.0,0.0,0.0
105.452437673,5.0,5.0,0.0,0.0
105.45541293500001,5.0,5.0,0.0,0.0
105.47083517300001,5.0,5.0,0.0,0.0
105.47333882800001,5.0,5.0,0.0,0.0
105.491246754,5.0,5.0,0.0,0.0
105.493787075,5.0,5.0,0.0,0.0
105.51120969600001,5.0,5.0,0.0,0.0
105.51371908,5.0,5.0,0.0,0.0
105.531218471,5.0,5.0,0.0,0.0
105.53371858400001,5.0,5.0,0.0,0.0
105.55142255300001,5.0,5.0,0.0,0.0
105.55400355100001,5.0,5.0,0.0,0.0
105.571407264,5.0,5.0,0.0,0.0
105.573763682,5.0,5.0,0.0,0.0
105.59123213500001,5.0,5.0,0.0,0.0
105.59326522500001,5.0,5.0,0.0,0.0
105.61256218700001,5.0,5.0,0.0,0.0
105.615505991,5.0,5.0,0.0,0.0
105.63220779000001,5.0,5.0,0.0,0.0
105.63512367700001,5.0,5.0,0.0,0.0
105.65175360200001,5.0,5.0,0.0,0.0
105.654069292,5.0,5.0,0.0,0.0
105.67101244000001,5.0,5.0,0.0,0.0
105.673026104,5.0,5.0,0.0,0.0
105.691322771,5.0,5.0,0.0,0.0
105.694138452,5.0,5.0,0.0,0.0
105.71126816,5.0,5.0,0.0,0.0
105.71366306700001,5.0,5.0,0.0,0.0
105.73128422500001,5.0,5.0,0.0,0.0
105.733748089,5.0,5.0,0.0,0.0
105.75121997800001,5.0,5.0,0.0,0.0
105.75366509300001,5.0,5.0,0.0,0.0
105.771225887,5.0,5.0,0.0,0.0
105.77364845000001,5.0,5.0,0.0,0.0
105.79121174400001,5.0,5.0,0.0,0.0
105.793640296,5.0,5.0,0.0,0.0
105.81118348700001,5.0,5.0,0.0,0.0
105.813580529,5.0,5.0,0.0,0.0
105.83125210300001,5.0,5.0,0.0,0.0
105.83368789500001,5.0,5.0,0.0,0.0
105.851368999,5.0,5.0,0.0,0.0
105.85379687400001,5.0,5.0,0.0,0.0
105.87149511400001,5.0,5.0,0.0,0.0
105.874116111,5.0,5.0,0.0,0.0
105.891229048,5.0,5.0,0.0,0.0
105.893684996,5.0,5.0,0.0,0.0
105.91122860300001,5.0,5.0,0.0,0.0
105.913575021,5.0,5.0,0.0,0.0
105.93125081400001,5.0,5.0,0.0,0.0
105.93363145000001,5.0,5.0,0.0,0.0
105.95139916800001,5.0,5.0,0.0,0.0
105.953777617,5.0,5.0,0.0,0.0
105.97145908600001,5.0,5.0,0.0,0.0
105.97359160200001,5.0,5.0,0.0,0.0
105.991669731,5.0,5.0,0.0,0.0
105.993994587,5.0,5.0,0.0,0.0
106.01247510500001,5.0,5.0,0.0,0.0
106.01551015800001,5.0,5.0,0.0,0.0
106.03222966400001,5.0,5.0,0.0,0.0
106.03519956100001,5.0,5.0,0.0,0.0
106.05070507800001,5.0,5.0,0.0,0.0
106.05235275800001,5.0,5.0,0.0,0.0
106.071444516,5.0,5.0,0.0,0.0
106.07390009900001,5.0,5.0,0.0,0.0
106.091417457,5.0,5.0,0.0,0.0
106.093747886,5.0,5.0,0.0,0.0
106.111254097,5.0,5.0,0.0,0.0
106.11352385,5.0,5.0,0.0,0.0
106.131330109,5.0,5.0,0.0,0.0
106.133832775,5.0,5.0,0.0,0.0
106.151371017,5.0,5.0,0.0,0.0
106.153881235,5.0,5.0,0.0,0.0
106.17120229400001,5.0,5.0,0.0,0.0
106.17324069600001,5.0,5.0,0.0,0.0
106.19146304200001,5.0,5.0,0.0,0.0
106.193572277,5.0,5.0,0.0,0.0
106.21244784000001,5.0,5.0,0.0,0.0
106.215441799,5.0,5.0,0.0,0.0
106.232272189,5.0,5.0,0.0,0.0
106.235274117,5.0,5.0,0.0,0.0
106.250936142,5.0,5.0,0.0,0.0
106.254117858,5.0,5.0,0.0,0.0
106.270959707,5.0,5.0,0.0,0.0
106.272986391,5.0,5.0,0.0,0.0
106.29147894,5.0,5.0,0.0,0.0
106.293864264,5.0,5.0,0.0,0.0
106.31142698500001,5.0,5.0,0.0,0.0
106.31354929300001,5.0,5.0,0.0,0.0
106.33162414,5.0,5.0,0.0,0.0
106.333711292,5.0,5.0,0.0,0.0
106.35251508600001,5.0,5.0,0.0,0.0
106.355507379,5.0,5.0,0.0,0.0
106.372335686,5.0,5.0,0.0,0.0
106.37534235300001,5.0,5.0,0.0,0.0
106.39082422400001,5.0,5.0,0.0,0.0
106.39290622,5.0,5.0,0.0,0.0
106.41147382000001,5.0,5.0,0.0,0.0
106.413660554,5.0,5.0,0.0,0.0
106.43141868800001,5.0,5.0,0.0,0.0
106.43357531800001,5.0,5.0,0.0,0.0
106.451684228,5.0,5.0,0.0,0.0
106.45399918800001,5.0,5.0,0.0,0.0
106.47206086000001,5.0,5.0,0.0,0.0
106.47463675300001,5.0,5.0,0.0,0.0
106.492821339,5.0,5.0,0.0,0.0
106.49633617500001,5.0,5.0,0.0,0.0
106.510801657,5.0,5.0,0.0,0.0
106.51277839400001,5.0,5.0,0.0,0.0
106.531425368,5.0,5.0,0.0,0.0
106.53376095300001,5.0,5.0,0.0,0.0
106.551438879,5.0,5.0,0.0,0.0
106.55382623400001,5.0,5.0,0.0,0.0
106.57121713400001,5.0,5.0,0.0,0.0
106.573327723,5.0,5.0,0.0,0.0
106.591412777,5.0,5.0,0.0,0.0
106.59376794500001,5.0,5.0,0.0,0.0
106.611415143,5.0,5.0,0.0,0.0
106.61354406500001,5.0,5.0,0.0,0.0
106.63158875500001,5.0,5.0,0.0,0.0
106.63394184,5.0,5.0,0.0,0.0
106.65253584400001,5.0,5.0,0.0,0.0
106.65551855400001,5.0,5.0,0.0,0.0
106.672219517,5.0,5.0,0.0,0.0
106.67523519500001,5.0,5.0,0.0,0.0
106.690849615,5.0,5.0,0.0,0.0
106.692905413,5.0,5.0,0.0,0.0
106.711404263,5.0,5.0,0.0,0.0
106.713658495,5.0,5.0,0.0,0.0
106.731400847,5.0,5.0,0.0,0.0
106.733547164,5.0,5.0,0.0,0.0
106.75165466700001,5.0,5.0,0.0,0.0
106.75398243900001,5.0,5.0,0.0,0.0
106.77165823,5.0,5.0,0.0,0.0
106.77395761800001,5.0,5.0,0.0,0.0
106.792290949,5.0,5.0,0.0,0.0
106.79526990900001,5.0,5.0,0.0,0.0
106.81069865500001,5.0,5.0,0.0,0.0
106.81251372800001,5.0,5.0,0.0,0.0
106.83142356,5.0,5.0,0.0,0.0
106.833625189,5.0,5.0,0.0,0.0
106.85142701900001,5.0,5.0,0.0,0.0
106.853569014,5.0,5.0,0.0,0.0
106.871395375,5.0,5.0,0.0,0.0
106.873646691,5.0,5.0,0.0,0.0
106.89142404200001,5.0,5.0,0.0,0.0
106.893535516,5.0,5.0,0.0,0.0
106.91163999800001,5.0,5.0,0.0,0.0
106.91393542700001,5.0,5.0,0.0,0.0
106.93202803400001,5.0,5.0,0.0,0.0
106.93464090600001,5.0,5.0,0.0,0.0
106.95247237100001,5.0,5.0,0.0,0.0
106.95547008000001,5.0,5.0,0.0,0.0
106.971940423,5.0,5.0,0.0,0.0
106.974954382,5.0,5.0,0.0,0.0
106.99068687200001,5.0,5.0,0.0,0.0
106.992481998,5.0,5.0,0.0,0.0
107.011478443,5.0,5.0,0.0,0.0
107.01364434400001,5.0,5.0,0.0,0.0
107.031373779,5.0,5.0,0.0,0.0
107.03347410800001,5.0,5.0,0.0,0.0
107.05142104000001,5.0,5.0,0.0,0.0
107.05354178500001,5.0,5.0,0.0,0.0
107.071795691,5.0,5.0,0.0,0.0
107.07414747300001,5.0,5.0,0.0,0.0
107.092380078,5.0,5.0,0.0,0.0
107.095140551,5.0,5.0,0.0,0.0
107.11221046700001,5.0,5.0,0.0,0.0
107.11516843700001,5.0,5.0,0.0,0.0
107.130731139,5.0,5.0,0.0,0.0
107.13253142100001,5.0,5.0,0.0,0.0
107.151371983,5.0,5.0,0.0,0.0
107.15352835300001,5.0,5.0,0.0,0.0
107.17142190000001,5.0,5.0,0.0,0.0
107.17354353,5.0,5.0,0.0,0.0
107.19138983900001,5.0,5.0,0.0,0.0
107.193504699,5.0,5.0,0.0,0.0
107.21167496000001,5.0,5.0,0.0,0.0
107.21402377400001,5.0,5.0,0.0,0.0
107.231670711,5.0,5.0,0.0,0.0
107.23396661000001,5.0,5.0,0.0,0.0
107.252430512,5.0,5.0,0.0,0.0
107.25549217800001,5.0,5.0,0.0,0.0
107.272003197,5.0,5.0,0.0,0.0
107.275008094,5.0,5.0,0.0,0.0
107.290698241,5.0,5.0,0.0,0.0
107.292614563,5.0,5.0,0.0,0.0
107.311438459,5.0,5.0,0.0,0.0
107.31354144400001,5.0,5.0,0.0,0.0
107.331391034,5.0,5.0,0.0,0.0
107.33353386200001,5.0,5.0,0.0,0.0
107.35164756200001,5.0,5.0,0.0,0.0
107.353993771,5.0,5.0,0.0,0.0
107.37141790000001,5.0,5.0,0.0,0.0
107.37353333200001,5.0,5.0,0.0,0.0
107.39166698000001,5.0,5.0,0.0,0.0
107.393985274,5.0,5.0,0.0,0.0
107.41141461000001,5.0,5.0,0.0,0.0
107.413502804,5.0,5.0,0.0,0.0
107.431631972,5.0,5.0,0.0,0.0
107.433976724,5.0,5.0,0.0,0.0
107.45140876900001,5.0,5.0,0.0,0.0
107.453517535,5.0,5.0,0.0,0.0
107.47164534900001,5.0,5.0,0.0,0.0
107.473958955,5.0,5.0,0.0,0.0
107.491386417,5.0,5.0,0.0,0.0
107.493479714,5.0,5.0,0.0,0.0
107.51165169500001,5.0,5.0,0.0,0.0
107.513958009,5.0,5.0,0.0,0.0
107.53169728900001,5.0,5.0,0.0,0.0
107.53400527000001,5.0,5.0,0.0,0.0
107.55196610600001,5.0,5.0,0.0,0.0
107.55459179,5.0,5.0,0.0,0.0
107.57242403500001,5.0,5.0,0.0,0.0
107.575942204,5.0,5.0,0.0,0.0
107.590678929,5.0,5.0,0.0,0.0
107.59242306600001,5.0,5.0,0.0,0.0
107.61162586,5.0,5.0,0.0,0.0
107.61394415400001,5.0,5.0,0.0,0.0
107.63161197500001,5.0,5.0,0.0,0.0
107.63397698600001,5.0,5.0,0.0,0.0
107.65197178000001,5.0,5.0,0.0,0.0
107.65457725600001,5.0,5.0,0.0,0.0
107.67209143400001,5.0,5.0,0.0,0.0
107.674666286,5.0,5.0,0.0,0.0
107.69244639600001,5.0,5.0,0.0,0.0
107.69547795800001,5.0,5.0,0.0,0.0
107.711943925,5.0,5.0,0.0,0.0
107.71497220600001,5.0,5.0,0.0,0.0
107.73067891500001,5.0,5.0,0.0,0.0
107.73243237400001,5.0,5.0,0.0,0.0
107.75168386600001,5.0,5.0,0.0,0.0
107.75403643000001,5.0,5.0,0.0,0.0
107.771692219,5.0,5.0,0.0,0.0
107.774020304,5.0,5.0,0.0,0.0
107.79161932400001,5.0,5.0,0.0,0.0
107.79392907600001,5.0,5.0,0.0,0.0
107.811635073,5.0,5.0,0.0,0.0
107.813971127,5.0,5.0,0.0,0.0
107.831637177,5.0,5.0,0.0,0.0
107.83396286600001,5.0,5.0,0.0,0.0
107.85165631100001,5.0,5.0,0.0,0.0
107.85392096000001,5.0,5.0,0.0,0.0
107.871652061,5.0,5.0,0.0,0.0
107.87399801000001,5.0,5.0,0.0,0.0
107.891669945,5.0,5.0,0.0,0.0
107.89399323900001,5.0,5.0,0.0,0.0
107.91198928300001,5.0,5.0,0.0,0.0
107.914579864,5.0,5.0,0.0,0.0
107.931986647,5.0,5.0,0.0,0.0
107.93457097800001,5.0,5.0,0.0,0.0
107.95246087800001,5.0,5.0,0.0,0.0
107.95546780500001,5.0,5.0,0.0,0.0
107.97194002200001,5.0,5.0,0.0,0.0
107.97491637700001,5.0,5.0,0.0,0.0
107.990710167,5.0,5.0,0.0,0.0
107.992485345,5.0,5.0,0.0,0.0
108.01166600500001,5.0,5.0,0.0,0.0
108.014011225,5.0,5.0,0.0,0.0
108.031695087,5.0,5.0,0.0,0.0
108.03402473400001,5.0,5.0,0.0,0.0
108.051639014,5.0,5.0,0.0,0.0
108.05396470400001,5.0,5.0,0.0,0.0
108.07167981500001,5.0,5.0,0.0,0.0
108.073993942,5.0,5.0,0.0,0.0
108.09164494000001,5.0,5.0,0.0,0.0
108.09397073400001,5.0,5.0,0.0,0.0
108.111605638,5.0,5.0,0.0,0.0
108.113946744,5.0,5.0,0.0,0.0
108.131776958,5.0,5.0,0.0,0.0
108.134106188,5.0,5.0,0.0,0.0
108.15167099000001,5.0,5.0,0.0,0.0
108.153973242,5.0,5.0,0.0,0.0
108.172362874,5.0,5.0,0.0,0.0
108.175403238,5.0,5.0,0.0,0.0
108.19081427500001,5.0,5.0,0.0,0.0
108.19282043800001,5.0,5.0,0.0,0.0
108.211674645,5.0,5.0,0.0,0.0
108.21404158300001,5.0,5.0,0.0,0.0
108.23165904000001,5.0,5.0,0.0,0.0
108.23401123900001,5.0,5.0,0.0,0.0
108.251682654,5.0,5.0,0.0,0.0
108.25407355,5.0,5.0,0.0,0.0
108.271688299,5.0,5.0,0.0,0.0
108.274026696,5.0,5.0,0.0,0.0
108.291870556,5.0,5.0,0.0,0.0
108.294218692,5.0,5.0,0.0,0.0
108.311823806,5.0,5.0,0.0,0.0
108.314123714,5.0,5.0,0.0,0.0
108.332010073,5.0,5.0,0.0,0.0
108.33462851700001,5.0,5.0,0.0,0.0
108.352664926,5.0,5.0,0.0,0.0
108.356156584,5.0,5.0,0.0,0.0
108.370678209,5.0,5.0,0.0,0.0
108.37243505400001,5.0,5.0,0.0,0.0
108.39166045200001,5.0,5.0,0.0,0.0
108.39398056900001,5.0,5.0,0.0,0.0
108.41164958700001,5.0,5.0,0.0,0.0
108.41395090200001,5.0,5.0,0.0,0.0
108.431613358,5.0,5.0,0.0,0.0
108.433911756,5.0,5.0,0.0,0.0
108.451996132,5.0,5.0,0.0,0.0
108.454554838,5.0,5.0,0.0,0.0
108.47197953800001,5.0,5.0,0.0,0.0
108.47459782700001,5.0,5.0,0.0,0.0
108.49302454100001,5.0,5.0,0.0,0.0
108.49656557300001,5.0,5.0,0.0,0.0
108.51166838600001,5.0,5.0,0.0,0.0
108.514409485,5.0,5.0,0.0,0.0
108.530833317,5.0,5.0,0.0,0.0
108.53280817800001,5.0,5.0,0.0,0.0
108.55143744,5.0,5.0,0.0,0.0
108.553504852,5.0,5.0,0.0,0.0
108.572008334,5.0,5.0,0.0,0.0
108.57467735,5.0,5.0,0.0,0.0
108.59166580600001,5.0,5.0,0.0,0.0
108.59397779800001,5.0,5.0,0.0,0.0
108.612454614,5.0,5.0,0.0,0.0
108.61547419700001,5.0,5.0,0.0,0.0
108.63189729800001,5.0,5.0,0.0,0.0
108.63486495500001,5.0,5.0,0.0,0.0
108.65069916,5.0,5.0,0.0,0.0
108.652433453,5.0,5.0,0.0,0.0
108.67167588100001,5.0,5.0,0.0,0.0
108.674007872,5.0,5.0,0.0,0.0
108.691729128,5.0,5.0,0.0,0.0
108.694008151,5.0,5.0,0.0,0.0
108.711670866,5.0,5.0,0.0,0.0
108.713966295,5.0,5.0,0.0,0.0
108.73200410800001,5.0,5.0,0.0,0.0
108.734602605,5.0,5.0,0.0,0.0
108.75200251300001,5.0,5.0,0.0,0.0
108.75457939500001,5.0,5.0,0.0,0.0
108.772709863,5.0,5.0,0.0,0.0
108.77622277100001,5.0,5.0,0.0,0.0
108.790683719,5.0,5.0,0.0,0.0
108.792434782,5.0,5.0,0.0,0.0
108.811618409,5.0,5.0,0.0,0.0
108.81383602700001,5.0,5.0,0.0,0.0
108.831976182,5.0,5.0,0.0,0.0
108.83455874100001,5.0,5.0,0.0,0.0
108.851658497,5.0,5.0,0.0,0.0
108.853916583,5.0,5.0,0.0,0.0
108.872285797,5.0,5.0,0.0,0.0
108.87493606400001,5.0,5.0,0.0,0.0
108.892041289,5.0,5.0,0.0,0.0
108.89463447300001,5.0,5.0,0.0,0.0
108.91288551100001,5.0,5.0,0.0,0.0
108.91634425400001,5.0,5.0,0.0,0.0
108.930814212,5.0,5.0,0.0,0.0
108.93275480300001,5.0,5.0,0.0,0.0
108.951696819,5.0,5.0,0.0,0.0
108.95391907300001,5.0,5.0,0.0,0.0
108.97200376,5.0,5.0,0.0,0.0
108.974624496,5.0,5.0,0.0,0.0
108.991982581,5.0,5.0,0.0,0.0
108.994571495,5.0,5.0,0.0,0.0
109.012403113,5.0,5.0,0.0,0.0
109.01591800000001,5.0,5.0,0.0,0.0
109.03068686,5.0,5.0,0.0,0.0
109.032431621,5.0,5.0,0.0,0.0
109.05165024700001,5.0,5.0,0.0,0.0
109.053926614,5.0,5.0,0.0,0.0
109.07199932200001,5.0,5.0,0.0,0.0
109.07455448600001,5.0,5.0,0.0,0.0
109.091778407,5.0,5.0,0.0,0.0
109.094029566,5.0,5.0,0.0,0.0
109.111994464,5.0,5.0,0.0,0.0
109.114565096,5.0,5.0,0.0,0.0
109.13165625900001,5.0,5.0,0.0,0.0
109.133887106,5.0,5.0,0.0,0.0
109.15199726200001,5.0,5.0,0.0,0.0
109.15456726900001,5.0,5.0,0.0,0.0
109.17248102200001,5.0,5.0,0.0,0.0
109.17545607500001,5.0,5.0,0.0,0.0
109.19201599700001,5.0,5.0,0.0,0.0
109.19458996300001,5.0,5.0,0.0,0.0
109.212422102,5.0,5.0,0.0,0.0
109.215912406,5.0,5.0,0.0,0.0
109.230696421,5.0,5.0,0.0,0.0
109.23245602600001,5.0,5.0,0.0,0.0
109.25166684000001,5.0,5.0,0.0,0.0
109.254052372,5.0,5.0,0.0,0.0
109.271999613,5.0,5.0,0.0,0.0
109.274595402,5.0,5.0,0.0,0.0
109.292013069,5.0,5.0,0.0,0.0
109.294542921,5.0,5.0,0.0,0.0
109.31199970300001,5.0,5.0,0.0,0.0
109.314552523,5.0,5.0,0.0,0.0
109.332577524,5.0,5.0,0.0,0.0
109.336139129,5.0,5.0,0.0,0.0
109.350660128,5.0,5.0,0.0,0.0
109.352391036,5.0,5.0,0.0,0.0
109.37164169200001,5.0,5.0,0.0,0.0
109.373885924,5.0,5.0,0.0,0.0
109.39201295400001,5.0,5.0,0.0,0.0
109.39456259800001,5.0,5.0,0.0,0.0
109.412024223,5.0,5.0,0.0,0.0
109.414660427,5.0,5.0,0.0,0.0
109.431959972,5.0,5.0,0.0,0.0
109.434460345,5.0,5.0,0.0,0.0
109.452453211,5.0,5.0,0.0,0.0
109.455451857,5.0,5.0,0.0,0.0
109.472275108,5.0,5.0,0.0,0.0
109.47525969200001,5.0,5.0,0.0,0.0
109.490828225,5.0,5.0,0.0,0.0
109.492822461,5.0,5.0,0.0,0.0
109.51168307200001,5.0,5.0,0.0,0.0
109.513946262,5.0,5.0,0.0,0.0
109.532014023,5.0,5.0,0.0,0.0
109.53451892700001,5.0,5.0,0.0,0.0
109.55202018600001,5.0,5.0,0.0,0.0
109.554548475,5.0,5.0,0.0,0.0
109.57250253800001,5.0,5.0,0.0,0.0
109.57542425800001,5.0,5.0,0.0,0.0
109.592300163,5.0,5.0,0.0,0.0
109.595216519,5.0,5.0,0.0,0.0
109.610813643,5.0,5.0,0.0,0.0
109.612825223,5.0,5.0,0.0,0.0
109.63142005600001,5.0,5.0,0.0,0.0
109.63345476,5.0,5.0,0.0,0.0
109.652446462,5.0,5.0,0.0,0.0
109.655469326,5.0,5.0,0.0,0.0
109.671714096,5.0,5.0,0.0,0.0
109.67396265,5.0,5.0,0.0,0.0
109.69254389000001,5.0,5.0,0.0,0.0
109.695529776,5.0,5.0,0.0,0.0
109.71199808300001,5.0,5.0,0.0,0.0
109.71454309100001,5.0,5.0,0.0,0.0
109.733020999,5.0,5.0,0.0,0.0
109.736511512,5.0,5.0,0.0,0.0
109.75164666500001,5.0,5.0,0.0,0.0
109.754170059,5.0,5.0,0.0,0.0
109.770837634,5.0,5.0,0.0,0.0
109.77286582800001,5.0,5.0,0.0,0.0
109.79165795,5.0,5.0,0.0,0.0
109.79393697200001,5.0,5.0,0.0,0.0
109.81202363700001,5.0,5.0,0.0,0.0
109.81456963500001,5.0,5.0,0.0,0.0
109.83196329100001,5.0,5.0,0.0,0.0
109.83451803800001,5.0,5.0,0.0,0.0
109.852318771,5.0,5.0,0.0,0.0
109.855284865,5.0,5.0,0.0,0.0
109.870706212,5.0,5.0,0.0,0.0
109.872438525,5.0,5.0,0.0,0.0
109.891738867,5.0,5.0,0.0,0.0
109.893969037,5.0,5.0,0.0,0.0
109.91245882000001,5.0,5.0,0.0,0.0
109.91544111200001,5.0,5.0,0.0,0.0
109.93197327200001,5.0,5.0,0.0,0.0
109.934493958,5.0,5.0,0.0,0.0
109.95251338400001,5.0,5.0,0.0,0.0
109.955975824,5.0,5.0,0.0,0.0
109.97065937100001,5.0,5.0,0.0,0.0
109.97240923700001,5.0,5.0,0.0,0.0
109.99163864200001,5.0,5.0,0.0,0.0
109.993895842,5.0,5.0,0.0,0.0
110.012481926,5.0,5.0,0.0,0.0
110.01548005100001,5.0,5.0,0.0,0.0
110.032012628,5.0,5.0,0.0,0.0
110.034541282,5.0,5.0,0.0,0.0
110.05233998300001,5.0,5.0,0.0,0.0
110.055745497,5.0,5.0,0.0,0.0
110.07075455900001,5.0,5.0,0.0,0.0
110.073339723,5.0,5.0,0.0,0.0
110.09141591900001,5.0,5.0,0.0,0.0
110.09347843500001,5.0,5.0,0.0,0.0
110.11245451200001,5.0,5.0,0.0,0.0
110.115438366,5.0,5.0,0.0,0.0
110.131980423,5.0,5.0,0.0,0.0
110.134506629,5.0,5.0,0.0,0.0
110.15287506000001,5.0,5.0,0.0,0.0
110.15637802,5.0,5.0,0.0,0.0
110.17080927900001,5.0,5.0,0.0,0.0
110.17276237,5.0,5.0,0.0,0.0
110.191667615,5.0,5.0,0.0,0.0
110.19392700300001,5.0,5.0,0.0,0.0
110.21255115800001,5.0,5.0,0.0,0.0
110.21555933500001,5.0,5.0,0.0,0.0
110.23198951900001,5.0,5.0,0.0,0.0
110.234455517,5.0,5.0,0.0,0.0
110.25243051800001,5.0,5.0,0.0,0.0
110.256070715,5.0,5.0,0.0,0.0
110.27067014900001,5.0,5.0,0.0,0.0
110.27247751300001,5.0,5.0,0.0,0.0
110.29165744000001,5.0,5.0,0.0,0.0
110.29393651500001,5.0,5.0,0.0,0.0
110.311998337,5.0,5.0,0.0,0.0
110.31453621,5.0,5.0,0.0,0.0
110.33200101000001,5.0,5.0,0.0,0.0
110.33455419500001,5.0,5.0,0.0,0.0
110.35259195500001,5.0,5.0,0.0,0.0
110.355597736,5.0,5.0,0.0,0.0
110.37196088900001,5.0,5.0,0.0,0.0
110.374801933,5.0,5.0,0.0,0.0
110.39070118800001,5.0,5.0,0.0,0.0
110.39246167900001,5.0,5.0,0.0,0.0
110.411687126,5.0,5.0,0.0,0.0
110.41396578400001,5.0,5.0,0.0,0.0
110.432473067,5.0,5.0,0.0,0.0
110.43540046400001,5.0,5.0,0.0,0.0
110.452149496,5.0,5.0,0.0,0.0
110.45504293500001,5.0,5.0,0.0,0.0
110.47070459000001,5.0,5.0,0.0,0.0
110.472482893,5.0,5.0,0.0,0.0
110.49171959,5.0,5.0,0.0,0.0
110.49396835300001,5.0,5.0,0.0,0.0
110.512493031,5.0,5.0,0.0,0.0
110.51544407300001,5.0,5.0,0.0,0.0
110.53244674700001,5.0,5.0,0.0,0.0
110.53541544500001,5.0,5.0,0.0,0.0
110.55084100900001,5.0,5.0,0.0,0.0
110.552831651,5.0,5.0,0.0,0.0
110.57169002,5.0,5.0,0.0,0.0
110.573924148,5.0,5.0,0.0,0.0
110.59249392800001,5.0,5.0,0.0,0.0
110.595433408,5.0,5.0,0.0,0.0
110.611983015,5.0,5.0,0.0,0.0
110.614486669,5.0,5.0,0.0,0.0
110.632429117,5.0,5.0,0.0,0.0
110.63589436900001,5.0,5.0,0.0,0.0
110.65066551700001,5.0,5.0,0.0,0.0
110.652492308,5.0,5.0,0.0,0.0
110.671690983,5.0,5.0,0.0,0.0
110.673948652,5.0,5.0,0.0,0.0
110.692564161,5.0,5.0,0.0,0.0
110.69561020200001,5.0,5.0,0.0,0.0
110.71201345700001,5.0,5.0,0.0,0.0
110.71455060000001,5.0,5.0,0.0,0.0
110.732435705,5.0,5.0,0.0,0.0
110.735406538,5.0,5.0,0.0,0.0
110.75201291500001,5.0,5.0,0.0,0.0
110.75454573600001,5.0,5.0,0.0,0.0
110.772332613,5.0,5.0,0.0,0.0
110.775748543,5.0,5.0,0.0,0.0
110.79068140700001,5.0,5.0,0.0,0.0
110.79244788700001,5.0,5.0,0.0,0.0
110.81170661300001,5.0,5.0,0.0,0.0
110.81393397000001,5.0,5.0,0.0,0.0
110.832466147,5.0,5.0,0.0,0.0
110.835418699,5.0,5.0,0.0,0.0
110.852081221,5.0,5.0,0.0,0.0
110.85456378200001,5.0,5.0,0.0,0.0
110.872456438,5.0,5.0,0.0,0.0
110.87541477200001,5.0,5.0,0.0,0.0
110.892015368,5.0,5.0,0.0,0.0
110.894914744,5.0,5.0,0.0,0.0
110.91069160400001,5.0,5.0,0.0,0.0
110.912485063,5.0,5.0,0.0,0.0
110.93167306100001,5.0,5.0,0.0,0.0
110.93392807400001,5.0,5.0,0.0,0.0
110.95247473,5.0,5.0,0.0,0.0
110.95543749000001,5.0,5.0,0.0,0.0
110.972439694,5.0,5.0,0.0,0.0
110.975437193,5.0,5.0,0.0,0.0
110.990811561,5.0,5.0,0.0,0.0
110.992809546,5.0,5.0,0.0,0.0
111.01185082900001,5.0,5.0,0.0,0.0
111.014085581,5.0,5.0,0.0,0.0
111.03250994700001,5.0,5.0,0.0,0.0
111.035463073,5.0,5.0,0.0,0.0
111.052029503,5.0,5.0,0.0,0.0
111.054580083,5.0,5.0,0.0,0.0
111.07239159500001,5.0,5.0,0.0,0.0
111.07592955400001,5.0,5.0,0.0,0.0
111.090677943,5.0,5.0,0.0,0.0
111.09247525500001,5.0,5.0,0.0,0.0
111.11169965900001,5.0,5.0,0.0,0.0
111.11400279600001,5.0,5.0,0.0,0.0
111.132450964,5.0,5.0,0.0,0.0
111.13537388200001,5.0,5.0,0.0,0.0
111.15220671300001,5.0,5.0,0.0,0.0
111.15520671300001,5.0,5.0,0.0,0.0
111.17065498500001,5.0,5.0,0.0,0.0
111.172382298,5.0,5.0,0.0,0.0
111.191688576,5.0,5.0,0.0,0.0
111.19392957800001,5.0,5.0,0.0,0.0
111.21303804700001,5.0,5.0,0.0,0.0
111.21642429,5.0,5.0,0.0,0.0
111.231751783,5.0,5.0,0.0,0.0
111.23426851,5.0,5.0,0.0,0.0
111.25096660400001,5.0,5.0,0.0,0.0
111.25339802,5.0,5.0,0.0,0.0
111.271672753,5.0,5.0,0.0,0.0
111.27391037000001,5.0,5.0,0.0,0.0
111.29306482800001,5.0,5.0,0.0,0.0
111.29622935600001,5.0,5.0,0.0,0.0
111.312007883,5.0,5.0,0.0,0.0
111.314526641,5.0,5.0,0.0,0.0
111.333111056,5.0,5.0,0.0,0.0
111.336543288,5.0,5.0,0.0,0.0
111.35170156500001,5.0,5.0,0.0,0.0
111.35428178000001,5.0,5.0,0.0,0.0
111.370803002,5.0,5.0,0.0,0.0
111.37278057200001,5.0,5.0,0.0,0.0
111.39166414900001,5.0,5.0,0.0,0.0
111.39390963000001,5.0,5.0,0.0,0.0
111.41303513000001,5.0,5.0,0.0,0.0
111.41643751900001,5.0,5.0,0.0,0.0
111.431708294,5.0,5.0,0.0,0.0
111.43424361400001,5.0,5.0,0.0,0.0
111.45080869,5.0,5.0,0.0,0.0
111.45278615500001,5.0,5.0,0.0,0.0
111.47167343000001,5.0,5.0,0.0,0.0
111.47395260900001,5.0,5.0,0.0,0.0
111.493038317,5.0,5.0,0.0,0.0
111.49649841300001,5.0,5.0,0.0,0.0
111.511832416,5.0,5.0,0.0,0.0
111.514376955,5.0,5.0,0.0,0.0
111.53097406100001,5.0,5.0,0.0,0.0
111.533437977,5.0,5.0,0.0,0.0
111.551424588,5.0,5.0,0.0,0.0
111.55349575000001,5.0,5.0,0.0,0.0
111.572485626,5.0,5.0,0.0,0.0
111.575438022,5.0,5.0,0.0,0.0
111.592125073,5.0,5.0,0.0,0.0
111.594641123,5.0,5.0,0.0,0.0
111.612357895,5.0,5.0,0.0,0.0
111.61581148100001,5.0,5.0,0.0,0.0
111.63069502200001,5.0,5.0,0.0,0.0
111.63245535600001,5.0,5.0,0.0,0.0
111.651672519,5.0,5.0,0.0,0.0
111.65395393700001,5.0,5.0,0.0,0.0
111.67240101,5.0,5.0,0.0,0.0
111.675328042,5.0,5.0,0.0,0.0
111.69187379300001,5.0,5.0,0.0,0.0
111.69475567,5.0,5.0,0.0,0.0
111.71229395600001,5.0,5.0,0.0,0.0
111.71572191700001,5.0,5.0,0.0,0.0
111.730780663,5.0,5.0,0.0,0.0
111.73260505900001,5.0,5.0,0.0,0.0
111.75166373500001,5.0,5.0,0.0,0.0
111.75391880000001,5.0,5.0,0.0,0.0
111.772419986,5.0,5.0,0.0,0.0
111.77541321400001,5.0,5.0,0.0,0.0
111.792036361,5.0,5.0,0.0,0.0
111.7945509,5.0,5.0,0.0,0.0
111.812868808,5.0,5.0,0.0,0.0
111.816235468,5.0,5.0,0.0,0.0
111.831750873,5.0,5.0,0.0,0.0
111.83426676600001,5.0,5.0,0.0,0.0
111.85241478100001,5.0,5.0,0.0,0.0
111.855752327,5.0,5.0,0.0,0.0
111.870832479,5.0,5.0,0.0,0.0
111.87268177000001,5.0,5.0,0.0,0.0
111.891654302,5.0,5.0,0.0,0.0
111.89390254400001,5.0,5.0,0.0,0.0
111.912471541,5.0,5.0,0.0,0.0
111.915408313,5.0,5.0,0.0,0.0
111.932048073,5.0,5.0,0.0,0.0
111.934574591,5.0,5.0,0.0,0.0
111.952996248,5.0,5.0,0.0,0.0
111.955961716,5.0,5.0,0.0,0.0
111.97160550500001,5.0,5.0,0.0,0.0
111.974247281,5.0,5.0,0.0,0.0
111.990817043,5.0,5.0,0.0,0.0
111.992861851,5.0,5.0,0.0,0.0
112.01168761500001,5.0,5.0,0.0,0.0
112.013921846,5.0,5.0,0.0,0.0
112.03300291800001,5.0,5.0,0.0,0.0
112.036407338,5.0,5.0,0.0,0.0
112.05191232600001,5.0,5.0,0.0,0.0
112.05446915600001,5.0,5.0,0.0,0.0
112.072258532,5.0,5.0,0.0,0.0
112.07574909600001,5.0,5.0,0.0,0.0
112.090781749,5.0,5.0,0.0,0.0
112.09256989500001,5.0,5.0,0.0,0.0
112.112048564,5.0,5.0,0.0,0.0
112.11455727,5.0,5.0,0.0,0.0
112.132302584,5.0,5.0,0.0,0.0
112.135807158,5.0,5.0,0.0,0.0
112.150684866,5.0,5.0,0.0,0.0
112.152294108,5.0,5.0,0.0,0.0
112.17166142500001,5.0,5.0,0.0,0.0
112.173955812,5.0,5.0,0.0,0.0
112.19246548800001,5.0,5.0,0.0,0.0
112.19538595700001,5.0,5.0,0.0,0.0
112.21193603200001,5.0,5.0,0.0,0.0
112.214832439,5.0,5.0,0.0,0.0
112.23229656000001,5.0,5.0,0.0,0.0
112.23574931200001,5.0,5.0,0.0,0.0
112.250709154,5.0,5.0,0.0,0.0
112.252475738,5.0,5.0,0.0,0.0
112.27177217,5.0,5.0,0.0,0.0
112.27404051600001,5.0,5.0,0.0,0.0
112.292097752,5.0,5.0,0.0,0.0
112.294624322,5.0,5.0,0.0,0.0
112.312427604,5.0,5.0,0.0,0.0
112.315910251,5.0,5.0,0.0,0.0
112.33103134000001,5.0,5.0,0.0,0.0
112.33409639000001,5.0,5.0,0.0,0.0
112.350868284,5.0,5.0,0.0,0.0
112.352871686,5.0,5.0,0.0,0.0
112.37184213500001,5.0,5.0,0.0,0.0
112.37412891800001,5.0,5.0,0.0,0.0
112.39277088300001,5.0,5.0,0.0,0.0
112.396326341,5.0,5.0,0.0,0.0
112.41080681700001,5.0,5.0,0.0,0.0
112.41275751200001,5.0,5.0,0.0,0.0
112.432036757,5.0,5.0,0.0,0.0
112.43455853600001,5.0,5.0,0.0,0.0
112.45248113800001,5.0,5.0,0.0,0.0
112.455432805,5.0,5.0,0.0,0.0
112.471864444,5.0,5.0,0.0,0.0
112.47482928800001,5.0,5.0,0.0,0.0
112.49227169100001,5.0,5.0,0.0,0.0
112.49574814,5.0,5.0,0.0,0.0
112.510698972,5.0,5.0,0.0,0.0
112.512451806,5.0,5.0,0.0,0.0
112.531992505,5.0,5.0,0.0,0.0
112.53454178300001,5.0,5.0,0.0,0.0
112.552842815,5.0,5.0,0.0,0.0
112.55625431700001,5.0,5.0,0.0,0.0
112.57171816,5.0,5.0,0.0,0.0
112.574238324,5.0,5.0,0.0,0.0
112.59139369900001,5.0,5.0,0.0,0.0
112.594874106,5.0,5.0,0.0,0.0
112.61070606700001,5.0,5.0,0.0,0.0
112.612470411,5.0,5.0,0.0,0.0
112.63200985900001,5.0,5.0,0.0,0.0
112.63455559500001,5.0,5.0,0.0,0.0
112.652740588,5.0,5.0,0.0,0.0
112.656120111,5.0,5.0,0.0,0.0
112.67169296200001,5.0,5.0,0.0,0.0
112.67423354200001,5.0,5.0,0.0,0.0
112.690890905,5.0,5.0,0.0,0.0
112.69295982700001,5.0,5.0,0.0,0.0
112.71173418400001,5.0,5.0,0.0,0.0
112.71399669700001,5.0,5.0,0.0,0.0
112.732950582,5.0,5.0,0.0,0.0
112.736447603,5.0,5.0,0.0,0.0
112.75095505600001,5.0,5.0,0.0,0.0
112.75360818700001,5.0,5.0,0.0,0.0
112.770971891,5.0,5.0,0.0,0.0
112.773456014,5.0,5.0,0.0,0.0
112.79169428700001,5.0,5.0,0.0,0.0
112.79397747600001,5.0,5.0,0.0,0.0
112.812833134,5.0,5.0,0.0,0.0
112.81640822700001,5.0,5.0,0.0,0.0
112.83171472800001,5.0,5.0,0.0,0.0
112.834276298,5.0,5.0,0.0,0.0
112.85125172800001,5.0,5.0,0.0,0.0
112.85418808300001,5.0,5.0,0.0,0.0
112.870832737,5.0,5.0,0.0,0.0
112.87378794600001,5.0,5.0,0.0,0.0
112.891222795,5.0,5.0,0.0,0.0
112.89312922,5.0,5.0,0.0,0.0
112.912544972,5.0,5.0,0.0,0.0
112.915493514,5.0,5.0,0.0,0.0
112.93210436700001,5.0,5.0,0.0,0.0
112.935019889,5.0,5.0,0.0,0.0
112.951765323,5.0,5.0,0.0,0.0
112.95470704200001,5.0,5.0,0.0,0.0
112.970836237,5.0,5.0,0.0,0.0
112.973890506,5.0,5.0,0.0,0.0
112.991185462,5.0,5.0,0.0,0.0
112.99309673100001,5.0,5.0,0.0,0.0
113.012465609,5.0,5.0,0.0,0.0
113.01541352500001,5.0,5.0,0.0,0.0
113.031954901,5.0,5.0,0.0,0.0
113.03448105400001,5.0,5.0,0.0,0.0
113.052520008,5.0,5.0,0.0,0.0
113.055958645,5.0,5.0,0.0,0.0
113.071560297,5.0,5.0,0.0,0.0
113.07438488300001,5.0,5.0,0.0,0.0
113.091323699,5.0,5.0,0.0,0.0
113.09433187600001,5.0,5.0,0.0,0.0
113.11086918900001,5.0,5.0,0.0,0.0
113.11291373600001,5.0,5.0,0.0,0.0
113.131455857,5.0,5.0,0.0,0.0
113.13351103000001,5.0,5.0,0.0,0.0
113.15252538200001,5.0,5.0,0.0,0.0
113.15548397600001,5.0,5.0,0.0,0.0
113.17203634100001,5.0,5.0,0.0,0.0
113.17459223300001,5.0,5.0,0.0,0.0
113.19255926100001,5.0,5.0,0.0,0.0
113.19607940700001,5.0,5.0,0.0,0.0
113.21165007100001,5.0,5.0,0.0,0.0
113.214255702,5.0,5.0,0.0,0.0
113.230904679,5.0,5.0,0.0,0.0
113.233990511,5.0,5.0,0.0,0.0
113.250972243,5.0,5.0,0.0,0.0
113.25343907400001,5.0,5.0,0.0,0.0
113.27187359400001,5.0,5.0,0.0,0.0
113.274174126,5.0,5.0,0.0,0.0
113.29207256100001,5.0,5.0,0.0,0.0
113.295000322,5.0,5.0,0.0,0.0
113.31144487600001,5.0,5.0,0.0,0.0
113.314422636,5.0,5.0,0.0,0.0
113.33071526600001,5.0,5.0,0.0,0.0
113.33368505700001,5.0,5.0,0.0,0.0
113.35098996100001,5.0,5.0,0.0,0.0
113.35341679300001,5.0,5.0,0.0,0.0
113.371735169,5.0,5.0,0.0,0.0
113.37398914,5.0,5.0,0.0,0.0
113.39287406800001,5.0,5.0,0.0,0.0
113.396370516,5.0,5.0,0.0,0.0
113.411399418,5.0,5.0,0.0,0.0
113.41397911300001,5.0,5.0,0.0,0.0
113.431975202,5.0,5.0,0.0,0.0
113.435414464,5.0,5.0,0.0,0.0
113.450748101,5.0,5.0,0.0,0.0
113.453410554,5.0,5.0,0.0,0.0
113.47131529100001,5.0,5.0,0.0,0.0
113.473794674,5.0,5.0,0.0,0.0
113.49151347700001,5.0,5.0,0.0,0.0
113.49356047200001,5.0,5.0,0.0,0.0
113.51251394,5.0,5.0,0.0,0.0
113.51549769,5.0,5.0,0.0,0.0
113.53235447600001,5.0,5.0,0.0,0.0
113.535352653,5.0,5.0,0.0,0.0
113.551011646,5.0,5.0,0.0,0.0
113.554037635,5.0,5.0,0.0,0.0
113.570991606,5.0,5.0,0.0,0.0
113.57355031,5.0,5.0,0.0,0.0
113.591785509,5.0,5.0,0.0,0.0
113.594084999,5.0,5.0,0.0,0.0
113.61143104700001,5.0,5.0,0.0,0.0
113.61437094300001,5.0,5.0,0.0,0.0
113.630852578,5.0,5.0,0.0,0.0
113.63366987200001,5.0,5.0,0.0,0.0
113.65098154500001,5.0,5.0,0.0,0.0
113.65343572100001,5.0,5.0,0.0,0.0
113.671715293,5.0,5.0,0.0,0.0
113.67409447,5.0,5.0,0.0,0.0
113.691639577,5.0,5.0,0.0,0.0
113.694565983,5.0,5.0,0.0,0.0
113.71084434100001,5.0,5.0,0.0,0.0
113.71364142700001,5.0,5.0,0.0,0.0
113.730992787,5.0,5.0,0.0,0.0
113.733442119,5.0,5.0,0.0,0.0
113.75143018600001,5.0,5.0,0.0,0.0
113.75349218100001,5.0,5.0,0.0,0.0
113.77259163500001,5.0,5.0,0.0,0.0
113.77555241600001,5.0,5.0,0.0,0.0
113.792206965,5.0,5.0,0.0,0.0
113.794761659,5.0,5.0,0.0,0.0
113.81238707700001,5.0,5.0,0.0,0.0
113.815881703,5.0,5.0,0.0,0.0
113.830966071,5.0,5.0,0.0,0.0
113.833992424,5.0,5.0,0.0,0.0
113.85104832,5.0,5.0,0.0,0.0
113.85385722900001,5.0,5.0,0.0,0.0
113.87099093600001,5.0,5.0,0.0,0.0
113.873440216,5.0,5.0,0.0,0.0
113.891724632,5.0,5.0,0.0,0.0
113.89400230000001,5.0,5.0,0.0,0.0
113.91284795700001,5.0,5.0,0.0,0.0
113.91635138400001,5.0,5.0,0.0,0.0
113.93103508300001,5.0,5.0,0.0,0.0
113.933700661,5.0,5.0,0.0,0.0
113.951008844,5.0,5.0,0.0,0.0
113.954116862,5.0,5.0,0.0,0.0
113.97118755000001,5.0,5.0,0.0,0.0
113.973412823,5.0,5.0,0.0,0.0
113.99176703,5.0,5.0,0.0,0.0
113.994090478,5.0,5.0,0.0,0.0
114.01132908000001,5.0,5.0,0.0,0.0
114.014276996,5.0,5.0,0.0,0.0
114.031009982,5.0,5.0,0.0,0.0
114.03332166000001,5.0,5.0,0.0,0.0
114.051791541,5.0,5.0,0.0,0.0
114.054104417,5.0,5.0,0.0,0.0
114.07125890600001,5.0,5.0,0.0,0.0
114.07422119700001,5.0,5.0,0.0,0.0
114.090863298,5.0,5.0,0.0,0.0
114.093431847,5.0,5.0,0.0,0.0
114.111367571,5.0,5.0,0.0,0.0
114.11381013200001,5.0,5.0,0.0,0.0
114.13174450300001,5.0,5.0,0.0,0.0
114.134033004,5.0,5.0,0.0,0.0
114.15118197100001,5.0,5.0,0.0,0.0
114.15413119,5.0,5.0,0.0,0.0
114.170934278,5.0,5.0,0.0,0.0
114.173961465,5.0,5.0,0.0,0.0
114.191022777,5.0,5.0,0.0,0.0
114.193799239,5.0,5.0,0.0,0.0
114.21098482000001,5.0,5.0,0.0,0.0
114.213431235,5.0,5.0,0.0,0.0
114.231459771,5.0,5.0,0.0,0.0
114.23350161,5.0,5.0,0.0,0.0
114.25238638,5.0,5.0,0.0,0.0
114.255360181,5.0,5.0,0.0,0.0
114.27082871,5.0,5.0,0.0,0.0
114.27394219700001,5.0,5.0,0.0,0.0
114.291171371,5.0,5.0,0.0,0.0
114.294202724,5.0,5.0,0.0,0.0
114.31086461700001,5.0,5.0,0.0,0.0
114.313889094,5.0,5.0,0.0,0.0
114.331030302,5.0,5.0,0.0,0.0
114.333653432,5.0,5.0,0.0,0.0
114.351355724,5.0,5.0,0.0,0.0
114.353862711,5.0,5.0,0.0,0.0
114.37173161300001,5.0,5.0,0.0,0.0
114.373995011,5.0,5.0,0.0,0.0
114.39290254100001,5.0,5.0,0.0,0.0
114.39638550000001,5.0,5.0,0.0,0.0
114.410817797,5.0,5.0,0.0,0.0
114.41346019800001,5.0,5.0,0.0,0.0
114.430977701,5.0,5.0,0.0,0.0
114.434093688,5.0,5.0,0.0,0.0
114.45088281800001,5.0,5.0,0.0,0.0
114.45387016100001,5.0,5.0,0.0,0.0
114.47099694100001,5.0,5.0,0.0,0.0
114.474048502,5.0,5.0,0.0,0.0
114.49097721300001,5.0,5.0,0.0,0.0
114.49407221000001,5.0,5.0,0.0,0.0
114.510993161,5.0,5.0,0.0,0.0
114.514125554,5.0,5.0,0.0,0.0
114.531000203,5.0,5.0,0.0,0.0
114.533328287,5.0,5.0,0.0,0.0
114.55122296900001,5.0,5.0,0.0,0.0
114.55314314300001,5.0,5.0,0.0,0.0
114.57248509200001,5.0,5.0,0.0,0.0
114.575407071,5.0,5.0,0.0,0.0
114.59238281100001,5.0,5.0,0.0,0.0
114.595383956,5.0,5.0,0.0,0.0
114.61085415000001,5.0,5.0,0.0,0.0
114.613747484,5.0,5.0,0.0,0.0
114.63102254200001,5.0,5.0,0.0,0.0
114.634044259,5.0,5.0,0.0,0.0
114.651021822,5.0,5.0,0.0,0.0
114.65399588400001,5.0,5.0,0.0,0.0
114.67098849800001,5.0,5.0,0.0,0.0
114.67395131,5.0,5.0,0.0,0.0
114.69104783,5.0,5.0,0.0,0.0
114.694027933,5.0,5.0,0.0,0.0
114.711049454,5.0,5.0,0.0,0.0
114.713974558,5.0,5.0,0.0,0.0
114.73100561000001,5.0,5.0,0.0,0.0
114.733948682,5.0,5.0,0.0,0.0
114.750978172,5.0,5.0,0.0,0.0
114.75343568000001,5.0,5.0,0.0,0.0
114.77146166200001,5.0,5.0,0.0,0.0
114.773833182,5.0,5.0,0.0,0.0
114.79174140600001,5.0,5.0,0.14,0.0
114.79405798,5.0,5.0,0.0,0.0
114.810972054,5.0,5.0,0.0,0.0
114.813833774,5.0,5.0,0.0,0.0
114.831096853,5.0,5.0,-0.14,0.0
114.833990083,5.0,5.0,0.0,0.0
114.85101051000001,5.0,5.0,0.0,0.0
114.85388400000001,5.0,5.0,0.0,0.0
114.87117588100001,5.0,5.0,0.0,0.0
114.873726617,5.0,5.0,0.0,0.0
114.890999956,5.0,5.0,0.0,0.0
114.893842093,5.0,5.0,0.0,0.0
114.91116741,5.0,5.0,0.0,0.0
114.91403548400001,5.0,5.0,0.0,0.0
114.930999298,5.0,5.0,0.0,0.0
114.93378122700001,5.0,5.0,0.0,0.0
114.950984151,5.0,5.0,0.0,0.0
114.95372295600001,5.0,5.0,0.0,0.0
114.970988848,5.0,5.0,0.0,0.0
114.973458648,5.0,5.0,0.0,0.0
114.99118958300001,5.0,5.0,0.0,0.0
114.99371521500001,5.0,5.0,0.0,0.0
115.011221883,5.0,5.0,0.0,0.0
115.014076208,5.0,5.0,0.0,0.0
115.031200643,5.0,5.0,0.0,0.0
115.033948042,5.0,5.0,0.0,0.0
115.05101961400001,5.0,5.0,0.0,0.0
115.053481914,5.0,5.0,0.0,0.0
115.071423522,5.0,5.0,0.0,0.0
115.073547703,5.0,5.0,0.0,0.0
115.092487836,5.0,5.0,0.0,0.0
115.09543825200001,5.0,5.0,0.0,0.0
115.112039103,5.0,5.0,0.0,0.0
115.11492389600001,5.0,5.0,0.0,0.0
115.130838561,5.0,5.0,0.0,0.0
115.133069042,5.0,5.0,0.0,0.0
115.151192679,5.0,5.0,0.0,0.0
115.15364456200001,5.0,5.0,0.0,0.0
115.17120982300001,5.0,5.0,0.0,0.0
115.17367879000001,5.0,5.0,0.0,0.0
115.191207176,5.0,5.0,0.0,0.0
115.19363650800001,5.0,5.0,0.0,0.0
115.211207082,5.0,5.0,0.0,0.0
115.21330871100001,5.0,5.0,0.0,0.0
115.23146443,5.0,5.0,0.0,0.0
115.23353944600001,5.0,5.0,0.0,0.0
115.252432704,5.0,5.0,0.0,0.0
115.255431973,5.0,5.0,0.0,0.0
115.27211454200001,5.0,5.0,0.0,0.0
115.275039542,5.0,5.0,0.0,0.0
115.290955197,5.0,5.0,0.0,0.0
115.294072485,5.0,5.0,0.0,0.0
115.310968227,5.0,5.0,0.0,0.0
115.31342016200001,5.0,5.0,0.0,0.0
115.33146994600001,5.0,5.0,0.0,0.0
115.333622929,5.0,5.0,0.0,0.0
115.35169167000001,5.0,5.0,0.0,0.0
115.35402251400001,5.0,5.0,0.0,0.0
115.372409636,5.0,5.0,0.0,0.0
115.375409426,5.0,5.0,0.0,0.0
115.39083170400001,5.0,5.0,0.0,0.0
115.39283219000001,5.0,5.0,0.0,0.0
115.41147487900001,5.0,5.0,0.0,0.0
115.413981449,5.0,5.0,0.0,0.0
115.43119728900001,5.0,5.0,0.0,0.0
115.433589487,5.0,5.0,0.0,0.0
115.45119078900001,5.0,5.0,0.0,0.0
115.45352856000001,5.0,5.0,0.0,0.0
115.471178975,5.0,5.0,0.0,0.0
115.47350383000001,5.0,5.0,0.0,0.0
115.49119997400001,5.0,5.0,0.0,0.0
115.49351540100001,5.0,5.0,0.0,0.0
115.511314721,5.0,5.0,0.0,0.0
115.513820093,5.0,5.0,0.0,0.0
115.53146379,5.0,5.0,0.0,0.0
115.53354687800001,5.0,5.0,0.0,0.0
115.55231951200001,5.0,5.0,0.0,0.0
115.55539987300001,5.0,5.0,0.0,0.0
115.570673924,5.0,5.0,0.0,0.0
115.572310978,5.0,5.0,0.0,0.0
115.591476834,5.0,5.0,0.0,0.0
115.59394007200001,5.0,5.0,0.0,0.0
115.611219867,5.0,5.0,0.0,0.0
115.61347623300001,5.0,5.0,0.0,0.0
115.63120998000001,5.0,5.0,0.0,0.0
115.63350572,5.0,5.0,0.0,0.0
115.65133982900001,5.0,5.0,0.0,0.0
115.65387733600001,5.0,5.0,0.0,0.0
115.67121947400001,5.0,5.0,0.0,0.0
115.673503757,5.0,5.0,0.0,0.0
115.69148161300001,5.0,5.0,0.0,0.0
115.693663501,5.0,5.0,0.0,0.0
115.711469069,5.0,5.0,0.0,0.0
115.713617572,5.0,5.0,0.0,0.0
115.732070629,5.0,5.0,0.0,0.0
115.73467844700001,5.0,5.0,0.0,0.0
115.753052963,5.0,5.0,0.0,0.0
115.75647482900001,5.0,5.0,0.0,0.0
115.77081525000001,5.0,5.0,0.0,0.0
115.772818392,5.0,5.0,0.0,0.0
115.791434518,5.0,5.0,0.0,0.0
115.79393046300001,5.0,5.0,0.0,0.0
115.81121453,5.0,5.0,0.0,0.0
115.81319814000001,5.0,5.0,0.0,0.0
115.831658019,5.0,5.0,0.0,0.0
115.833954437,5.0,5.0,0.0,0.0
115.85203624900001,5.0,5.0,0.0,0.0
115.85463359900001,5.0,5.0,0.0,0.0
115.8729052,5.0,5.0,0.0,0.0
115.876397221,5.0,5.0,0.0,0.0
115.890825089,5.0,5.0,0.0,0.0
115.89282437600001,5.0,5.0,0.0,0.0
115.91141144000001,5.0,5.0,0.0,0.0
115.91356093300001,5.0,5.0,0.0,0.0
115.93170607900001,5.0,5.0,0.0,0.0
115.93403025600001,5.0,5.0,0.0,0.0
115.952620393,5.0,5.0,0.0,0.0
115.95563466200001,5.0,5.0,0.0,0.0
115.970833506,5.0,5.0,0.0,0.0
115.97291648900001,5.0,5.0,0.0,0.0
115.991448919,5.0,5.0,0.0,0.0
115.99384158500001,5.0,5.0,0.0,0.0
116.011206379,5.0,5.0,0.0,0.0
116.01333102900001,5.0,5.0,0.0,0.0
116.031376592,5.0,5.0,0.0,0.0
116.033757956,5.0,5.0,0.0,0.0
116.051186864,5.0,5.0,0.0,0.0
116.05329713900001,5.0,5.0,0.0,0.0
116.07141832600001,5.0,5.0,0.0,0.0
116.07377114900001,5.0,5.0,0.0,0.0
116.09119333800001,5.0,5.0,0.0,0.0
116.09327830100001,5.0,5.0,0.0,0.0
116.11142401900001,5.0,5.0,0.0,0.0
116.11375694600001,5.0,5.0,0.0,0.0
116.131298821,5.0,5.0,0.0,0.0
116.13331956600001,5.0,5.0,0.0,0.0
116.15157372,5.0,5.0,0.0,0.0
116.15370722300001,5.0,5.0,0.0,0.0
116.17168773600001,5.0,5.0,0.0,0.0
116.174004205,5.0,5.0,0.0,0.0
116.192491896,5.0,5.0,0.0,0.0
116.19552205000001,5.0,5.0,0.0,0.0
116.21202107900001,5.0,5.0,0.0,0.0
116.214662282,5.0,5.0,0.0,0.0
116.23236753900001,5.0,5.0,0.0,0.0
116.235909195,5.0,5.0,0.0,0.0
116.250682994,5.0,5.0,0.0,0.0
116.25246666000001,5.0,5.0,0.0,0.0
116.271517778,5.0,5.0,0.0,0.0
116.273725708,5.0,5.0,0.0,0.0
116.29139455900001,5.0,5.0,0.0,0.0
116.29354030200001,5.0,5.0,0.0,0.0
116.31163039600001,5.0,5.0,0.0,0.0
116.313958271,5.0,5.0,0.0,0.0
116.331957481,5.0,5.0,0.0,0.0
116.334556706,5.0,5.0,0.0,0.0
116.352418262,5.0,5.0,0.0,0.0
116.355928668,5.0,5.0,0.0,0.0
116.370677208,5.0,5.0,0.0,0.0
116.37245134300001,5.0,5.0,0.0,0.0
116.39162449000001,5.0,5.0,0.0,0.0
116.393941584,5.0,5.0,0.0,0.0
116.411385179,5.0,5.0,0.0,0.0
116.41349363100001,5.0,5.0,0.0,0.0
116.43167830700001,5.0,5.0,0.0,0.0
116.434001807,5.0,5.0,0.0,0.0
116.45202221500001,5.0,5.0,0.0,0.0
116.45463977200001,5.0,5.0,0.0,0.0
116.472365498,5.0,5.0,0.0,0.0
116.47589585200001,5.0,5.0,0.0,0.0
116.49068772300001,5.0,5.0,0.0,0.0
116.492446598,5.0,5.0,0.0,0.0
116.51162089200001,5.0,5.0,0.0,0.0
116.513990797,5.0,5.0,0.0,0.0
116.53140595500001,5.0,5.0,0.0,0.0
116.533566906,5.0,5.0,0.0,0.0
116.551449503,5.0,5.0,0.0,0.0
116.55359686000001,5.0,5.0,0.0,0.0
116.57143169700001,5.0,5.0,0.0,0.0
116.573614366,5.0,5.0,0.0,0.0
116.591357954,5.0,5.0,0.0,0.0
116.593532291,5.0,5.0,0.0,0.0
116.611646289,5.0,5.0,0.0,0.0
116.61400775700001,5.0,5.0,0.0,0.0
116.63167192,5.0,5.0,0.0,0.0
116.63403750200001,5.0,5.0,0.0,0.0
116.652007337,5.0,5.0,0.0,0.0
116.65466317500001,5.0,5.0,0.0,0.0
116.67239113800001,5.0,5.0,0.0,0.0
116.67590493,5.0,5.0,0.0,0.0
116.690691227,5.0,5.0,0.0,0.0
116.69246489300001,5.0,5.0,0.0,0.0
116.71163533100001,5.0,5.0,0.0,0.0
116.7139568,5.0,5.0,0.0,0.0
116.73140716500001,5.0,5.0,0.0,0.0
116.733527804,5.0,5.0,0.0,0.0
116.751680135,5.0,5.0,0.0,0.0
116.75402728,5.0,5.0,0.0,0.0
116.771678527,5.0,5.0,0.0,0.0
116.77404858800001,5.0,5.0,0.0,0.0
116.79200102700001,5.0,5.0,0.0,0.0
116.794627855,5.0,5.0,0.0,0.0
116.81286622600001,5.0,5.0,0.0,0.0
116.816345487,5.0,5.0,0.0,0.0
116.830827415,5.0,5.0,0.0,0.0
116.83279670300001,5.0,5.0,0.0,0.0
116.85140178600001,5.0,5.0,0.0,0.0
116.853487478,5.0,5.0,0.0,0.0
116.87165908,5.0,5.0,0.0,0.0
116.87398200700001,5.0,5.0,0.0,0.0
116.89158778500001,5.0,5.0,0.0,0.0
116.893915504,5.0,5.0,0.0,0.0
116.91244491200001,5.0,5.0,0.0,0.0
116.91542725400001,5.0,5.0,0.0,0.0
116.931947166,5.0,5.0,0.0,0.0
116.935114401,5.0,5.0,0.0,0.0
116.95068115400001,5.0,5.0,0.0,0.0
116.952445393,5.0,5.0,0.0,0.0
116.97140500100001,5.0,5.0,0.0,0.0
116.97351168200001,5.0,5.0,0.0,0.0
116.991635524,5.0,5.0,0.0,0.0
116.993950275,5.0,5.0,0.0,0.0
117.01142261800001,5.0,5.0,0.0,0.0
117.013523726,5.0,5.0,0.0,0.0
117.03166329700001,5.0,5.0,0.0,0.0
117.03401236900001,5.0,5.0,0.0,0.0
117.05199730800001,5.0,5.0,0.0,0.0
117.05461538600001,5.0,5.0,0.0,0.0
117.07199809500001,5.0,5.0,0.0,0.0
117.07468596400001,5.0,5.0,0.0,0.0
117.09234174100001,5.0,5.0,0.0,0.0
117.095891417,5.0,5.0,0.0,0.0
117.110691204,5.0,5.0,0.0,0.0
117.11246403700001,5.0,5.0,0.0,0.0
117.13176233700001,5.0,5.0,0.0,0.0
117.13413318,5.0,5.0,0.0,0.0
117.151382455,5.0,5.0,0.0,0.0
117.15351450000001,5.0,5.0,0.0,0.0
117.171650373,5.0,5.0,0.0,0.0
117.174033507,5.0,5.0,0.0,0.0
117.191634702,5.0,5.0,0.0,0.0
117.19393559900001,5.0,5.0,0.0,0.0
117.21245016300001,5.0,5.0,0.0,0.0
117.215461567,5.0,5.0,0.0,0.0
117.23192205400001,5.0,5.0,0.0,0.0
117.234887001,5.0,5.0,0.0,0.0
117.25067916600001,5.0,5.0,0.0,0.0
117.252475644,5.0,5.0,0.0,0.0
117.27179456900001,5.0,5.0,0.0,0.0
117.27414786000001,5.0,5.0,0.0,0.0
117.29164421300001,5.0,5.0,0.0,0.0
117.29444676700001,5.0,5.0,0.0,0.0
117.311497868,5.0,5.0,0.0,0.0
117.31358720600001,5.0,5.0,0.0,0.0
117.332022709,5.0,5.0,0.0,0.0
117.33459849600001,5.0,5.0,0.0,0.0
117.35203235,5.0,5.0,0.0,0.0
117.354668501,5.0,5.0,0.0,0.0
117.37240662100001,5.0,5.0,0.0,0.0
117.375956818,5.0,5.0,0.0,0.0
117.39064264800001,5.0,5.0,0.0,0.0
117.39240694,5.0,5.0,0.0,0.0
117.411633158,5.0,5.0,0.0,0.0
117.41394046,5.0,5.0,0.0,0.0
117.43169290300001,5.0,5.0,0.0,0.0
117.43404176700001,5.0,5.0,0.0,0.0
117.45170926300001,5.0,5.0,0.0,0.0
117.45401068000001,5.0,5.0,0.0,0.0
117.472032545,5.0,5.0,0.0,0.0
117.474627967,5.0,5.0,0.0,0.0
117.491860887,5.0,5.0,0.0,0.0
117.49451026700001,5.0,5.0,0.0,0.0
117.510842839,5.0,5.0,0.0,0.0
117.512860407,5.0,5.0,0.0,0.0
117.53141106400001,5.0,5.0,0.0,0.0
117.53350665200001,5.0,5.0,0.0,0.0
117.551666638,5.0,5.0,0.0,0.0
117.554026335,5.0,5.0,0.0,0.0
117.57181731700001,5.0,5.0,0.0,0.0
117.57410977500001,5.0,5.0,0.0,0.0
117.59197966200001,5.0,5.0,0.0,0.0
117.59456977200001,5.0,5.0,0.0,0.0
117.61245143000001,5.0,5.0,0.0,0.0
117.61598678300001,5.0,5.0,0.0,0.0
117.63070412200001,5.0,5.0,0.0,0.0
117.63244841400001,5.0,5.0,0.0,0.0
117.65165384900001,5.0,5.0,0.0,0.0
117.65394636,5.0,5.0,0.0,0.0
117.671657812,5.0,5.0,0.0,0.0
117.673956,5.0,5.0,0.0,0.0
117.69172588900001,5.0,5.0,0.0,0.0
117.69401907700001,5.0,5.0,0.0,0.0
117.711669645,5.0,5.0,0.0,0.0
117.71398939500001,5.0,5.0,0.0,0.0
117.73164064000001,5.0,5.0,0.0,0.0
117.73395335900001,5.0,5.0,0.0,0.0
117.751672936,5.0,5.0,0.0,0.0
117.75398029,5.0,5.0,0.0,0.0
117.771674243,5.0,5.0,0.0,0.0
117.77401529400001,5.0,5.0,0.0,0.0
117.79167893500001,5.0,5.0,0.0,0.0
117.793973737,5.0,5.0,0.0,0.0
117.81198278800001,5.0,5.0,0.0,0.0
117.81456841900001,5.0,5.0,0.0,0.0
117.83206727100001,5.0,5.0,0.0,0.0
117.83468774500001,5.0,5.0,0.0,0.0
117.852785804,5.0,5.0,0.0,0.0
117.85630855400001,5.0,5.0,0.0,0.0
117.87104261100001,5.0,5.0,0.0,0.0
117.873152313,5.0,5.0,0.0,0.0
117.891434016,5.0,5.0,0.0,0.0
117.89350168700001,5.0,5.0,0.0,0.0
117.91203994700001,5.0,5.0,0.0,0.0
117.914760419,5.0,5.0,0.0,0.0
117.931609491,5.0,5.0,0.0,0.0
117.933941324,5.0,5.0,0.0,0.0
117.952591405,5.0,5.0,0.0,0.0
117.955853586,5.0,5.0,0.0,0.0
117.97167283300001,5.0,5.0,0.0,0.0
117.97428257700001,5.0,5.0,0.0,0.0
117.990858685,5.0,5.0,0.0,0.0
117.992890368,5.0,5.0,0.0,0.0
118.011385816,5.0,5.0,0.0,0.0
118.01343275900001,5.0,5.0,0.0,0.0
118.032033153,5.0,5.0,0.0,0.0
118.03466794900001,5.0,5.0,0.0,0.0
118.051624519,5.0,5.0,0.0,0.0
118.05399051900001,5.0,5.0,0.0,0.0
118.072436749,5.0,5.0,0.0,0.0
118.07546487200001,5.0,5.0,0.0,0.0
118.091969367,5.0,5.0,0.0,0.0
118.094857023,5.0,5.0,0.0,0.0
118.110671478,5.0,5.0,0.0,0.0
118.11244597800001,5.0,5.0,0.0,0.0
118.13171552700001,5.0,5.0,0.0,0.0
118.134019444,5.0,5.0,0.0,0.0
118.151674439,5.0,5.0,0.0,0.0
118.15397580300001,5.0,5.0,0.0,0.0
118.17170735900001,5.0,5.0,0.0,0.0
118.174030443,5.0,5.0,0.0,0.0
118.19254302600001,5.0,5.0,0.0,0.0
118.19520521800001,5.0,5.0,0.0,0.0
118.211699869,5.0,5.0,0.0,0.0
118.21400816100001,5.0,5.0,0.0,0.0
118.232067107,5.0,5.0,0.0,0.0
118.234647894,5.0,5.0,0.0,0.0
118.25249819800001,5.0,5.0,0.0,0.0
118.255512154,5.0,5.0,0.0,0.0
118.272254145,5.0,5.0,0.0,0.0
118.275264038,5.0,5.0,0.0,0.0
118.290787874,5.0,5.0,0.0,0.0
118.29277247300001,5.0,5.0,0.0,0.0
118.311392607,5.0,5.0,0.0,0.0
118.31345559100001,5.0,5.0,0.0,0.0
118.331992862,5.0,5.0,0.0,0.0
118.33456870100001,5.0,5.0,0.0,0.0
118.35201495000001,5.0,5.0,0.0,0.0
118.35458912200001,5.0,5.0,0.0,0.0
118.37250723700001,5.0,5.0,0.0,0.0
118.37553739100001,5.0,5.0,0.0,0.0
118.392034334,5.0,5.0,0.0,0.0
118.394920584,5.0,5.0,0.0,0.0
118.41067754000001,5.0,5.0,0.0,0.0
118.41243349800001,5.0,5.0,0.0,0.0
118.43167257900001,5.0,5.0,0.0,0.0
118.433902383,5.0,5.0,0.0,0.0
118.45200955700001,5.0,5.0,0.0,0.0
118.454568886,5.0,5.0,0.0,0.0
118.472038416,5.0,5.0,0.0,0.0
118.474635452,5.0,5.0,0.0,0.0
118.49197873400001,5.0,5.0,0.0,0.0
118.49493394100001,5.0,5.0,0.0,0.0
118.51068345,5.0,5.0,0.0,0.0
118.51244867800001,5.0,5.0,0.0,0.0
118.53171348800001,5.0,5.0,0.0,0.0
118.53397620800001,5.0,5.0,0.0,0.0
118.55202129800001,5.0,5.0,0.0,0.0
118.554593491,5.0,5.0,0.0,0.0
118.571989219,5.0,5.0,0.0,0.0
118.57456886000001,5.0,5.0,0.0,0.0
118.59206448100001,5.0,5.0,0.0,0.0
118.59459454,5.0,5.0,0.0,0.0
118.61199375700001,5.0,5.0,0.0,0.0
118.61459459500001,5.0,5.0,0.0,0.0
118.632519844,5.0,5.0,0.0,0.0
118.636055353,5.0,5.0,0.0,0.0
118.65068732900001,5.0,5.0,0.0,0.0
118.65243302600001,5.0,5.0,0.0,0.0
118.67164903300001,5.0,5.0,0.0,0.0
118.67388232600001,5.0,5.0,0.0,0.0
118.69207455,5.0,5.0,0.0,0.0
118.69466736700001,5.0,5.0,0.0,0.0
118.71202950200001,5.0,5.0,0.0,0.0
118.71458560100001,5.0,5.0,0.0,0.0
118.73247444500001,5.0,5.0,0.0,0.0
118.735485745,5.0,5.0,0.0,0.0
118.751994717,5.0,5.0,0.0,0.0
118.754941539,5.0,5.0,0.0,0.0
118.77070297300001,5.0,5.0,0.0,0.0
118.77257721000001,5.0,5.0,0.0,0.0
118.79164884500001,5.0,5.0,0.0,0.0
118.79387859600001,5.0,5.0,0.0,0.0
118.811992332,5.0,5.0,0.0,0.0
118.81455973300001,5.0,5.0,0.0,0.0
118.832015616,5.0,5.0,0.0,0.0
118.83455692400001,5.0,5.0,0.0,0.0
118.85245081900001,5.0,5.0,0.0,0.0
118.85547097300001,5.0,5.0,0.0,0.0
118.87192687400001,5.0,5.0,0.0,0.0
118.874857602,5.0,5.0,0.0,0.0
118.89070992,5.0,5.0,0.0,0.0
118.89246478400001,5.0,5.0,0.0,0.0
118.91171454100001,5.0,5.0,0.0,0.0
118.913964135,5.0,5.0,0.0,0.0
118.93198870600001,5.0,5.0,0.0,0.0
118.93450923300001,5.0,5.0,0.0,0.0
118.952009282,5.0,5.0,0.0,0.0
118.95453480900001,5.0,5.0,0.0,0.0
118.97243615200001,5.0,5.0,0.0,0.0
118.975453337,5.0,5.0,0.0,0.0
118.991971945,5.0,5.0,0.0,0.0
118.99494215200001,5.0,5.0,0.0,0.0
119.01069884600001,5.0,5.0,0.0,0.0
119.01247100200001,5.0,5.0,0.0,0.0
119.03169628,5.0,5.0,0.0,0.0
119.03395118700001,5.0,5.0,0.0,0.0
119.051997528,5.0,5.0,0.0,0.0
119.054544409,5.0,5.0,0.0,0.0
119.071998573,5.0,5.0,0.0,0.0
119.07456420300001,5.0,5.0,0.0,0.0
119.092638304,5.0,5.0,0.0,0.0
119.09571725900001,5.0,5.0,0.0,0.0
119.11086610000001,5.0,5.0,0.0,0.0
119.11297267600001,5.0,5.0,0.0,0.0
119.13168400500001,5.0,5.0,0.0,0.0
119.13393224500001,5.0,5.0,0.0,0.0
119.152019471,5.0,5.0,0.0,0.0
119.15454051900001,5.0,5.0,0.0,0.0
119.171978017,5.0,5.0,0.0,0.0
119.174500627,5.0,5.0,0.0,0.0
119.19245926100001,5.0,5.0,0.0,0.0
119.19551358100001,5.0,5.0,0.0,0.0
119.212364995,5.0,5.0,0.0,0.0
119.215353796,5.0,5.0,0.0,0.0
119.230860495,5.0,5.0,0.0,0.0
119.232890041,5.0,5.0,0.0,0.0
119.25167241000001,5.0,5.0,0.0,0.0
119.25391898400001,5.0,5.0,0.0,0.0
119.27213386400001,5.0,5.0,0.0,0.0
119.27467173500001,5.0,5.0,0.0,0.0
