time_s,stamp_s,ref_left,ref_right,meas_left,meas_right
0.038004293,1790241395.9222302,0.0,0.0,0.0,0.0
0.042003102,1790241395.9260507,0.0,0.0,0.0,0.0
0.044152534,1790241395.9281294,0.0,0.0,0.0,0.0
0.046145506,1790241395.9301283,0.0,0.0,0.0,0.0
0.048363167000000006,1790241395.9324408,0.0,0.0,0.0,0.0
0.050499004,1790241395.9344969,0.0,0.0,0.0,0.0
0.052388592000000005,1790241395.936359,0.0,0.0,0.0,0.0
0.054615783,1790241395.938612,0.0,0.0,0.0,0.0
0.056359953000000004,1790241395.9403648,0.0,0.0,0.0,0.0
0.058229020000000006,1790241395.9421988,0.0,0.0,0.0,0.0
0.059934804,1790241395.943898,0.0,0.0,0.0,0.0
0.061717204000000005,1790241395.945681,0.0,0.0,0.0,0.0
0.06342528,1790241395.9473753,0.0,0.0,0.0,0.0
0.065305283,1790241395.9492848,0.0,0.0,0.0,0.0
0.066995547,1790241395.9509635,0.0,0.0,0.0,0.0
0.068751332,1790241395.9527624,0.0,0.0,0.0,0.0
0.070529096,1790241395.9544833,0.0,0.0,0.0,0.0
0.07220857800000001,1790241395.956154,0.0,0.0,0.0,0.0
0.07395457100000001,1790241395.9579027,0.0,0.0,0.0,0.0
0.07589707500000001,1790241395.9599392,0.0,0.0,0.0,0.0
0.07798207900000001,1790241395.9619653,0.0,0.0,0.0,0.0
0.07975354100000001,1790241395.963706,0.0,0.0,0.0,0.0
0.081482659,1790241395.9654493,0.0,0.0,0.0,0.0
0.083192558,1790241395.9671423,0.0,0.0,0.0,0.0
0.084916051,1790241395.968931,0.0,0.0,0.0,0.0
0.086684856,1790241395.9706514,0.0,0.0,0.0,0.0
0.088436162,1790241395.9724069,0.0,0.0,0.0,0.0
0.090262832,1790241395.9742298,0.0,0.0,0.0,0.0
0.09199116900000001,1790241395.9759576,0.0,0.0,0.0,0.0
0.093766954,1790241395.9777262,0.0,0.0,0.0,0.0
0.09547216500000001,1790241395.9794188,0.0,0.0,0.0,0.0
0.09722456500000001,1790241395.981198,0.0,0.0,0.0,0.0
0.09895488000000001,1790241395.9829078,0.0,0.0,0.0,0.0
0.10064134200000001,1790241395.984587,0.0,0.0,0.0,0.0
0.102405929,1790241395.9863803,0.0,0.0,0.0,0.0
0.104100255,1790241395.9880493,0.0,0.0,0.0,0.0
0.115540955,1790241395.9996006,0.0,0.0,0.0,0.0
0.135915057,1790241396.0199833,0.0,0.0,0.0,0.0
0.13851917700000002,1790241396.022559,0.0,0.0,0.0,0.0
0.140685431,1790241396.0247238,0.0,0.0,0.0,0.0
0.155397439,1790241396.0394328,0.0,0.0,0.0,0.0
0.17735378400000001,1790241396.06151,0.0,0.0,0.0,0.0
0.18115571800000002,1790241396.065259,0.0,0.0,0.0,0.0
0.18353301400000002,1790241396.0675054,0.0,0.0,0.0,0.0
0.19551996500000002,1790241396.0795712,0.0,0.0,0.0,0.0
0.215865994,1790241396.0999856,0.0,0.0,0.0,0.0
0.21846636400000002,1790241396.1024928,0.0,0.0,0.0,0.0
0.22077975400000002,1790241396.1048203,0.0,0.0,0.0,0.0
0.23619520100000002,1790241396.1202726,0.0,0.0,0.0,0.0
0.255628416,1790241396.139664,0.0,0.0,0.0,0.0
0.257895035,1790241396.1418922,0.0,0.0,0.0,0.0
0.25996957000000004,1790241396.143945,0.0,0.0,0.0,0.0
0.27555314200000003,1790241396.1595948,0.0,0.0,0.0,0.0
0.297304383,1790241396.1815333,0.0,0.0,0.0,0.0
0.301476266,1790241396.1855977,0.0,0.0,0.0,0.0
0.30385246800000004,1790241396.1878388,0.0,0.0,0.0,0.0
0.315731866,1790241396.199775,0.0,0.0,0.0,0.0
0.33581445800000004,1790241396.2198648,0.0,0.0,0.0,0.0
0.338261598,1790241396.2222774,0.0,0.0,0.0,0.0
0.34036196700000004,1790241396.2243423,0.0,0.0,0.0,0.0
0.35553876700000003,1790241396.239583,0.0,0.0,0.0,0.0
0.37723141400000004,1790241396.2613854,0.0,0.0,0.0,0.0
0.38123933800000004,1790241396.265957,0.0,0.0,0.0,0.0
0.38444231300000004,1790241396.2684894,0.0,0.0,0.0,0.0
0.39553743900000005,1790241396.279585,0.0,0.0,0.0,0.0
0.415843312,1790241396.2998927,0.0,0.0,0.0,0.0
0.41845165,1790241396.302473,0.0,0.0,0.0,0.0
0.42067566500000003,1790241396.304719,0.0,0.0,0.0,0.0
0.435361944,1790241396.319387,0.0,0.0,0.0,0.0
0.45727568500000004,1790241396.3414521,0.0,0.0,0.0,0.0
0.46091511900000004,1790241396.345032,0.0,0.0,0.0,0.0
0.46337106100000003,1790241396.3473554,0.0,0.0,0.0,0.0
0.475862231,1790241396.3599186,0.0,0.0,0.0,0.0
0.495869302,1790241396.3799593,0.0,0.0,0.0,0.0
0.498357796,1790241396.3823845,0.0,0.0,0.0,0.0
0.500595925,1790241396.384584,0.0,0.0,0.0,0.0
0.516175904,1790241396.4002633,0.0,0.0,0.0,0.0
0.535611202,1790241396.4196615,0.0,0.0,0.0,0.0
0.5378557380000001,1790241396.4218643,0.0,0.0,0.0,0.0
0.539894596,1790241396.423879,0.0,0.0,0.0,0.0
0.5563655660000001,1790241396.4404984,0.0,0.0,0.0,0.0
0.5755313320000001,1790241396.4595582,0.0,0.0,0.0,0.0
0.578701547,1790241396.462781,0.0,0.0,0.0,0.0
0.581089937,1790241396.4651265,0.0,0.0,0.0,0.0
0.5953235060000001,1790241396.4793403,0.0,0.0,0.0,0.0
0.616719173,1790241396.5009105,0.0,0.0,0.0,0.0
0.6199628770000001,1790241396.504037,0.0,0.0,0.0,0.0
0.6226853830000001,1790241396.506681,0.0,0.0,0.0,0.0
0.635628898,1790241396.5196826,0.0,0.0,0.0,0.0
0.656017375,1790241396.5400844,0.0,0.0,0.0,0.0
0.658785453,1790241396.5428905,0.0,0.0,0.0,0.0
0.661051291,1790241396.5450535,0.0,0.0,0.0,0.0
0.67559559,1790241396.5596406,0.0,0.0,0.0,0.0
0.697046986,1790241396.5812752,0.0,0.0,0.0,0.0
0.700632931,1790241396.5847976,0.0,0.0,0.0,0.0
0.704103354,1790241396.5881972,0.0,0.0,0.0,0.0
0.714845146,1790241396.5988407,0.0,0.0,0.0,0.0
0.7375035240000001,1790241396.621822,0.0,0.0,0.0,0.0
0.7403636330000001,1790241396.6243525,0.0,0.0,0.0,0.0
0.742441867,1790241396.6264257,0.0,0.0,0.0,0.0
0.755157933,1790241396.6391852,0.0,0.0,0.0,0.0
0.7773761020000001,1790241396.661549,0.0,0.0,0.0,0.0
0.781380901,1790241396.6655238,0.0,0.0,0.0,0.0
0.785176898,1790241396.66931,0.0,0.0,0.0,0.0
0.7948831150000001,1790241396.678879,0.0,0.0,0.0,0.0
0.817283054,1790241396.7016058,0.0,0.0,0.0,0.0
0.821052906,1790241396.7051497,0.0,0.0,0.0,0.0
0.823437233,1790241396.707409,0.0,0.0,0.0,0.0
0.8355601210000001,1790241396.7196114,0.0,0.0,0.0,0.0
0.8557838590000001,1790241396.7398498,0.0,0.0,0.0,0.0
0.8582322490000001,1790241396.7422466,0.0,0.0,0.0,0.0
0.860416732,1790241396.744398,0.0,0.0,0.0,0.0
0.875555147,1790241396.7595997,0.0,0.0,0.0,0.0
0.897429982,1790241396.7815926,0.0,0.0,0.0,0.0
0.9009483220000001,1790241396.7850308,0.0,0.0,0.0,0.0
0.904277391,1790241396.7884166,0.0,0.0,0.0,0.0
0.9148255890000001,1790241396.7988355,0.0,0.0,0.0,0.0
0.9379682380000001,1790241396.822175,0.0,0.0,0.0,0.0
0.9407214210000001,1790241396.8248425,0.0,0.0,0.0,0.0
0.9429319460000001,1790241396.8269157,0.0,0.0,0.0,0.0
0.95518749,1790241396.8392153,0.0,0.0,0.0,0.0
0.9773865960000001,1790241396.861533,0.0,0.0,0.0,0.0
0.980879676,1790241396.8649716,0.0,0.0,0.0,0.0
0.9833496290000001,1790241396.867353,0.0,0.0,0.0,0.0
0.9959182470000001,1790241396.8799734,0.0,0.0,0.0,0.0
1.0155899000000002,1790241396.8996456,0.0,0.0,0.0,0.0
1.017815634,1790241396.9018269,0.0,0.0,0.0,0.0
1.0198538670000001,1790241396.9038398,0.0,0.0,0.0,0.0
1.035502543,1790241396.919558,0.0,0.0,0.0,0.0
1.057242846,1790241396.9413977,0.0,0.0,0.0,0.0
1.060941135,1790241396.9450984,0.0,0.0,0.0,0.0
1.063397962,1790241396.947368,0.0,0.0,0.0,0.0
1.07585908,1790241396.9599118,0.0,0.0,0.0,0.0
1.096292297,1790241396.9803607,0.0,0.0,0.0,0.0
1.0988362090000001,1790241396.9828694,0.0,0.0,0.0,0.0
1.101341943,1790241396.985387,0.0,0.0,0.0,0.0
1.115914523,1790241396.999994,0.0,0.0,0.0,0.0
1.135560707,1790241397.0196204,0.0,0.0,0.0,0.0
1.137994879,1790241397.0220087,0.0,0.0,0.0,0.0
1.1404238420000001,1790241397.024453,0.0,0.0,0.0,0.0
1.155327048,1790241397.0393622,0.0,0.0,0.0,0.0
1.1773318830000001,1790241397.0614774,0.0,0.0,0.0,0.0
1.180882983,1790241397.064994,0.0,0.0,0.0,0.0
1.183373457,1790241397.0673513,0.0,0.0,0.0,0.0
1.1958803040000001,1790241397.07995,0.0,0.0,0.0,0.0
1.215790447,1790241397.0998442,0.0,0.0,0.0,0.0
1.2182597750000002,1790241397.1022964,0.0,0.0,0.0,0.0
1.22036129,1790241397.1043496,0.0,0.0,0.0,0.0
1.2355256940000001,1790241397.1195686,0.0,0.0,0.0,0.0
1.257241518,1790241397.1414266,0.0,0.0,0.0,0.0
1.2610127230000001,1790241397.1451523,0.0,0.0,0.0,0.0
1.2634286650000002,1790241397.1474187,0.0,0.0,0.0,0.0
1.275851502,1790241397.1599088,0.0,0.0,0.0,0.0
1.295784406,1790241397.179854,0.0,0.0,0.0,0.0
1.2982618060000002,1790241397.1822886,0.0,0.0,0.0,0.0
1.300519467,1790241397.1845078,0.0,0.0,0.0,0.0
1.315779236,1790241397.1998935,0.0,0.0,0.0,0.0
1.3355874520000002,1790241397.2196393,0.0,0.0,0.0,0.0
1.337871727,1790241397.2218797,0.0,0.0,0.0,0.0
1.339922408,1790241397.2238967,0.0,0.0,0.0,0.0
1.355550668,1790241397.2395926,0.0,0.0,0.0,0.0
1.377502846,1790241397.2616446,0.0,0.0,0.0,0.0
1.381046291,1790241397.2651777,0.0,0.0,0.0,0.0
1.383442285,1790241397.2674146,0.0,0.0,0.0,0.0
1.395850851,1790241397.2799094,0.0,0.0,0.0,0.0
1.415787713,1790241397.2998276,0.0,0.0,0.0,0.0
1.4182317800000002,1790241397.3024392,0.0,0.0,0.0,0.0
1.420710743,1790241397.3047523,0.0,0.0,0.0,0.0
1.435358168,1790241397.3193965,0.0,0.0,0.0,0.0
1.4570267000000001,1790241397.341133,0.0,0.0,0.0,0.0
1.460146081,1790241397.3442004,0.0,0.0,0.0,0.0
1.463052857,1790241397.3470693,0.0,0.0,0.0,0.0
1.4758020490000001,1790241397.3598745,0.0,0.0,0.0,0.0
1.4955604210000002,1790241397.3796084,0.0,0.0,0.0,0.0
1.497779487,1790241397.3817756,0.0,0.0,0.0,0.0
1.4997973560000002,1790241397.3837693,0.0,0.0,0.0,0.0
1.5155995740000001,1790241397.3996494,0.0,0.0,0.0,0.0
1.5372592520000001,1790241397.4214015,0.0,0.0,0.0,0.0
1.540996916,1790241397.4251137,0.0,0.0,0.0,0.0
1.543438327,1790241397.427463,0.0,0.0,0.0,0.0
1.5557619440000001,1790241397.4398193,0.0,0.0,0.0,0.0
1.575870004,1790241397.4599855,0.0,0.0,0.0,0.0
1.578475791,1790241397.4625127,0.0,0.0,0.0,0.0
1.5807350660000001,1790241397.4649553,0.0,0.0,0.0,0.0
1.5961228570000001,1790241397.4802241,0.0,0.0,0.0,0.0
1.6159208120000002,1790241397.5000129,0.0,0.0,0.0,0.0
1.618515869,1790241397.5026133,0.0,0.0,0.0,0.0
1.620744415,1790241397.5048006,0.0,0.0,0.0,0.0
1.635528246,1790241397.5195577,0.0,0.0,0.0,0.0
1.657288705,1790241397.541426,0.0,0.0,0.0,0.0
1.6612711610000002,1790241397.5453956,0.0,0.0,0.0,0.0
1.6637143950000002,1790241397.5476906,0.0,0.0,0.0,0.0
1.6757079080000001,1790241397.5597472,0.0,0.0,0.0,0.0
1.69586378,1790241397.5799189,0.0,0.0,0.0,0.0
1.69830941,1790241397.5823596,0.0,0.0,0.0,0.0
1.700585352,1790241397.5845907,0.0,0.0,0.0,0.0
1.716106997,1790241397.6002026,0.0,0.0,0.0,0.0
1.735588233,1790241397.6196496,0.0,0.0,0.0,0.0
1.7377914140000001,1790241397.6218262,0.0,0.0,0.0,0.0
1.739865481,1790241397.623861,0.0,0.0,0.0,0.0
1.755522022,1790241397.6395915,0.0,0.0,0.0,0.0
1.7772115430000002,1790241397.661378,0.0,0.0,0.0,0.0
1.780744571,1790241397.6648784,0.0,0.0,0.0,0.0
1.7850530690000002,1790241397.6693447,0.0,0.0,0.0,0.0
1.795453871,1790241397.6795123,0.0,0.0,0.0,0.0
1.8155441700000001,1790241397.6995819,0.0,0.0,0.0,0.0
1.817955581,1790241397.7019615,0.0,0.0,0.0,0.0
1.8203736590000001,1790241397.7043943,0.0,0.0,0.0,0.0
1.835406292,1790241397.719433,0.0,0.0,0.0,0.0
1.8572544080000002,1790241397.741412,0.0,0.0,0.0,0.0
1.861210405,1790241397.745334,0.0,0.0,0.0,0.0
1.863705514,1790241397.7477021,0.0,0.0,0.0,0.0
1.875989965,1790241397.7600524,0.0,0.0,0.0,0.0
1.895659639,1790241397.7797,0.0,0.0,0.0,0.0
1.898158446,1790241397.7821796,0.0,0.0,0.0,0.0
1.9006009510000001,1790241397.784616,0.0,0.0,0.0,0.0
1.91540473,1790241397.7994459,0.0,0.0,0.0,0.0
1.9373050330000001,1790241397.8214688,0.0,0.0,0.0,0.0
1.941069103,1790241397.8251667,0.0,0.0,0.0,0.0
1.9434112430000001,1790241397.8273857,0.0,0.0,0.0,0.0
1.955731684,1790241397.8397841,0.0,0.0,0.0,0.0
1.9769745900000002,1790241397.8611217,0.0,0.0,0.0,0.0
1.980058346,1790241397.8641205,0.0,0.0,0.0,0.0
1.9830311120000002,1790241397.8670928,0.0,0.0,0.0,0.0
1.9949213430000001,1790241397.8789206,0.0,0.0,0.0,0.0
2.017317012,1790241397.9015017,0.0,0.0,0.0,0.0
2.0202230070000002,1790241397.9042356,0.0,0.0,0.0,0.0
2.022291345,1790241397.9062896,0.0,0.0,0.0,0.0
2.035357412,1790241397.9193854,0.0,0.0,0.0,0.0
2.0562690150000003,1790241397.94035,0.0,0.0,0.0,0.0
2.058983083,1790241397.9430275,0.0,0.0,0.0,0.0
2.061643869,1790241397.9456754,0.0,0.0,0.0,0.0
2.0749332700000003,1790241397.9589863,0.0,0.0,0.0,0.0
2.09728696,1790241397.9814925,0.0,0.0,0.0,0.0
2.1001285800000002,1790241397.9841266,0.0,0.0,0.0,0.0
2.102216136,1790241397.9862003,0.0,0.0,0.0,0.0
2.1152407970000002,1790241397.999258,0.0,0.0,0.0,0.0
2.1371561000000003,1790241398.0213015,0.0,0.0,0.0,0.0
2.14087241,1790241398.0250125,0.0,0.0,0.0,0.0
2.144308875,1790241398.0283961,0.0,0.0,0.0,0.0
2.1548532700000003,1790241398.0388603,0.0,0.0,0.0,0.0
2.177263001,1790241398.0615847,0.0,0.0,0.0,0.0
2.1810133730000003,1790241398.0651288,0.0,0.0,0.0,0.0
2.183471243,1790241398.0674734,0.0,0.0,0.0,0.0
2.1954325160000003,1790241398.079487,0.0,0.0,0.0,0.0
2.215820264,1790241398.0998874,0.0,0.0,0.0,0.0
2.218291363,1790241398.1023138,0.0,0.0,0.0,0.0
2.220405533,1790241398.1044073,0.0,0.0,0.0,0.0
2.235527282,1790241398.1195655,0.0,0.0,0.0,0.0
2.2570462300000003,1790241398.1412165,0.0,0.0,0.0,0.0
2.260565664,1790241398.1447086,0.0,0.0,0.0,0.0
2.2640074940000003,1790241398.148101,0.0,0.0,0.0,0.0
2.274852723,1790241398.1588786,0.0,0.0,0.0,0.0
2.297239069,1790241398.1815853,0.0,0.0,0.0,0.0
2.300129231,1790241398.1841242,0.0,0.0,0.0,0.0
2.3022236620000003,1790241398.186206,0.0,0.0,0.0,0.0
2.315165666,1790241398.1991825,0.0,0.0,0.0,0.0
2.3371181570000004,1790241398.2212856,0.0,0.0,0.0,0.0
2.340772122,1790241398.224995,0.0,0.0,0.0,0.0
2.344288848,1790241398.2283955,0.0,0.0,0.0,0.0
2.354834025,1790241398.2388387,0.0,0.0,0.0,0.0
2.376964329,1790241398.2612455,0.0,0.0,0.0,0.0
2.380143033,1790241398.2641895,0.0,0.0,0.0,0.0
2.3832565800000003,1790241398.26725,0.0,0.0,0.0,0.0
2.3958365010000002,1790241398.2799113,0.0,0.0,0.0,0.0
2.4158363840000003,1790241398.2999065,0.0,0.0,0.0,0.0
2.418301649,1790241398.3023174,0.0,0.0,0.0,0.0
2.420423059,1790241398.3044124,0.0,0.0,0.0,0.0
2.4357257970000004,1790241398.319839,0.0,0.0,0.0,0.0
2.457443027,1790241398.3416092,0.0,0.0,0.0,0.0
2.4610083990000002,1790241398.3451536,0.0,0.0,0.0,0.0
2.4633519450000003,1790241398.347315,0.0,0.0,0.0,0.0
2.4755411350000003,1790241398.3596241,0.0,0.0,0.0,0.0
2.49556706,1790241398.3796222,0.0,0.0,0.0,0.0
2.4981483150000003,1790241398.3823676,0.0,0.0,0.0,0.0
2.50066832,1790241398.3847146,0.0,0.0,0.0,0.0
2.515432047,1790241398.3994584,0.0,0.0,0.0,0.0
2.537202714,1790241398.4213407,0.0,0.0,0.0,0.0
2.540732304,1790241398.4249337,0.0,0.0,0.0,0.0
2.543322882,1790241398.4273105,0.0,0.0,0.0,0.0
2.555887959,1790241398.4399452,0.0,0.0,0.0,0.0
2.575773362,1790241398.4598374,0.0,0.0,0.0,0.0
2.578231492,1790241398.4622774,0.0,0.0,0.0,0.0
2.5804907150000003,1790241398.4644923,0.0,0.0,0.0,0.0
2.595805797,1790241398.4799004,0.0,0.0,0.0,0.0
2.6155754190000002,1790241398.4996285,0.0,0.0,0.0,0.0
2.617855424,1790241398.5018697,0.0,0.0,0.0,0.0
2.6199112610000004,1790241398.503888,0.0,0.0,0.0,0.0
2.635523687,1790241398.5195613,0.0,0.0,0.0,0.0
2.6572234690000003,1790241398.5413604,0.0,0.0,0.0,0.0
2.6609352470000003,1790241398.5450768,0.0,0.0,0.0,0.0
2.663403273,1790241398.5473766,0.0,0.0,0.0,0.0
2.675839964,1790241398.55989,0.0,0.0,0.0,0.0
2.697178182,1790241398.5814233,0.0,0.0,0.0,0.0
2.7007966270000003,1790241398.5849407,0.0,0.0,0.0,0.0
2.7042517900000003,1790241398.5883377,0.0,0.0,0.0,0.0
2.714903269,1790241398.5988958,0.0,0.0,0.0,0.0
2.737211073,1790241398.621372,0.0,0.0,0.0,0.0
2.740276183,1790241398.624296,0.0,0.0,0.0,0.0
2.742383427,1790241398.6263635,0.0,0.0,0.0,0.0
2.755356786,1790241398.6394098,0.0,0.0,0.0,0.0
2.777112818,1790241398.6614537,0.0,0.0,0.0,0.0
2.780892148,1790241398.6649778,0.0,0.0,0.0,0.0
2.7842764250000003,1790241398.6683757,0.0,0.0,0.0,0.0
2.7948321750000003,1790241398.6788402,0.0,0.0,0.0,0.0
2.817527688,1790241398.7017226,0.0,0.0,0.0,0.0
2.8203202980000004,1790241398.7043178,0.0,0.0,0.0,0.0
2.822398896,1790241398.7063813,0.0,0.0,0.0,0.0
2.835150431,1790241398.719187,0.0,0.0,0.0,0.0
2.85714938,1790241398.7412944,0.0,0.0,0.0,0.0
2.860757512,1790241398.7448976,0.0,0.0,0.0,0.0
2.864190852,1790241398.7482684,0.0,0.0,0.0,0.0
2.874846289,1790241398.758841,0.0,0.0,0.0,0.0
2.896733884,1790241398.7809548,0.0,0.0,0.0,0.0
2.899897224,1790241398.7839518,0.0,0.0,0.0,0.0
2.902640927,1790241398.7866242,0.0,0.0,0.0,0.0
2.9155776710000003,1790241398.7996337,0.0,0.0,0.0,0.0
2.935765158,1790241398.8198135,0.0,0.0,0.0,0.0
2.938205996,1790241398.822242,0.0,0.0,0.0,0.0
2.940339126,1790241398.824322,0.0,0.0,0.0,0.0
2.955511447,1790241398.839562,0.0,0.0,0.0,0.0
2.97696227,1790241398.8611832,0.0,0.0,0.0,0.0
2.9805311310000002,1790241398.8646107,0.0,0.0,0.0,0.0
2.983939159,1790241398.868006,0.0,0.0,0.0,0.0
2.994848815,1790241398.878856,0.0,0.0,0.0,0.0
3.017250057,1790241398.9014914,0.0,0.0,0.0,0.0
3.021071575,1790241398.9051905,0.0,0.0,0.0,0.0
3.023575798,1790241398.9075804,0.0,0.0,0.0,0.0
3.035685614,1790241398.9197276,0.0,0.0,0.0,0.0
3.0558172160000003,1790241398.9398854,0.0,0.0,0.0,0.0
3.0582803970000003,1790241398.9422927,0.0,0.0,0.0,0.0
3.0604232660000004,1790241398.944406,0.0,0.0,0.0,0.0
3.0757388690000003,1790241398.9598706,0.0,0.0,0.0,0.0
3.0963919300000002,1790241398.9805326,0.0,0.0,0.0,0.0
3.099992093,1790241398.9840822,0.0,0.0,0.0,0.0
3.1034377770000003,1790241398.9875245,0.0,0.0,0.0,0.0
3.11486957,1790241398.9988663,0.0,0.0,0.0,0.0
3.137265916,1790241399.02154,0.0,0.0,0.0,0.0
3.140143005,1790241399.0241547,0.0,0.0,0.0,0.0
3.142233426,1790241399.026229,0.0,0.0,0.0,0.0
3.155250118,1790241399.0392764,0.0,0.0,0.0,0.0
3.177144327,1790241399.0612855,0.0,0.0,0.0,0.0
3.1808468860000003,1790241399.0649474,0.0,0.0,0.0,0.0
3.1843180390000003,1790241399.068386,0.0,0.0,0.0,0.0
3.195046081,1790241399.079045,0.0,0.0,0.0,0.0
3.216881175,1790241399.1010172,0.0,0.0,0.0,0.0
3.2196820660000003,1790241399.1037035,0.0,0.0,0.0,0.0
3.222083113,1790241399.1061537,0.0,0.0,0.0,0.0
3.235334909,1790241399.119352,0.0,0.0,0.0,0.0
3.257159639,1790241399.1413038,0.0,0.0,0.0,0.0
3.260795428,1790241399.145009,0.0,0.0,0.0,0.0
3.264342778,1790241399.1484404,0.0,0.0,0.0,0.0
3.2748624860000004,1790241399.1588678,0.0,0.0,0.0,0.0
3.2972686240000004,1790241399.1814945,0.0,0.0,0.0,0.0
3.3011144650000004,1790241399.185234,0.0,0.0,0.0,0.0
3.3036568660000003,1790241399.1876535,0.0,0.0,0.0,0.0
3.315723816,1790241399.1997669,0.0,0.0,0.0,0.0
3.3358007300000003,1790241399.219852,0.0,0.0,0.0,0.0
3.338239433,1790241399.222272,0.0,0.0,0.0,0.0
3.340376989,1790241399.2243595,0.0,0.0,0.0,0.0
3.3555821750000003,1790241399.2396715,0.0,0.0,0.0,0.0
3.377417218,1790241399.2615836,0.0,0.0,0.0,0.0
3.380942225,1790241399.265043,0.0,0.0,0.0,0.0
3.384330825,1790241399.2684364,0.0,0.0,0.0,0.0
3.3948365750000002,1790241399.2788358,0.0,0.0,0.0,0.0
3.4169255240000003,1790241399.3010497,0.0,0.0,0.0,0.0
3.419727196,1790241399.3037512,0.0,0.0,0.0,0.0
3.4218960540000003,1790241399.3058882,0.0,0.0,0.0,0.0
3.435355351,1790241399.319382,0.0,0.0,0.0,0.0
3.4571038830000003,1790241399.341334,0.0,0.0,0.0,0.0
3.46100462,1790241399.3452716,0.0,0.0,0.0,0.0
3.4650199410000004,1790241399.3492043,0.0,0.0,0.0,0.0
3.4750374600000002,1790241399.359045,0.0,0.0,0.0,0.0
3.496654586,1790241399.380891,0.0,0.0,0.0,0.0
3.4998908940000004,1790241399.38395,0.0,0.0,0.0,0.0
3.5028999620000003,1790241399.3869116,0.0,0.0,0.0,0.0
3.5158653,1790241399.3999557,0.0,0.0,0.0,0.0
3.5357819540000004,1790241399.4198372,0.0,0.0,0.0,0.0
3.538264458,1790241399.4223018,0.0,0.0,0.0,0.0
3.5404448790000003,1790241399.4244328,0.0,0.0,0.0,0.0
3.5555115230000003,1790241399.4395552,0.0,0.0,0.0,0.0
3.5770398990000003,1790241399.4613488,0.0,0.0,0.0,0.0
3.580703916,1790241399.46484,0.0,0.0,0.0,0.0
3.5841318400000004,1790241399.4681985,0.0,0.0,0.0,0.0
3.5948550370000003,1790241399.4788604,0.0,0.0,0.0,0.0
3.6175165400000004,1790241399.5018513,0.0,0.0,0.0,0.0
3.6203412850000003,1790241399.50435,0.0,0.0,0.0,0.0
3.6224382160000004,1790241399.5064216,0.0,0.0,0.0,0.0
3.635159491,1790241399.519188,0.0,0.0,0.0,0.0
3.657156617,1790241399.5413246,0.0,0.0,0.0,0.0
3.660881572,1790241399.5450165,0.0,0.0,0.0,0.0
3.664318402,1790241399.5483878,0.0,0.0,0.0,0.0
3.6748409750000004,1790241399.5588357,0.0,0.0,0.0,0.0
3.697438623,1790241399.5816073,0.0,0.0,0.0,0.0
3.7012344120000003,1790241399.585378,0.0,0.0,0.0,0.0
3.703905771,1790241399.587882,0.0,0.0,0.0,0.0
3.716157774,1790241399.6002276,0.0,0.0,0.0,0.0
3.735479322,1790241399.6195076,0.0,0.0,0.0,0.0
3.7373150030000004,1790241399.62134,0.0,0.0,0.0,0.0
3.755578163,1790241399.6396532,0.0,0.0,0.0,0.0
3.7574936880000003,1790241399.641544,0.0,0.0,0.0,0.0
3.7594774940000004,1790241399.6434937,0.0,0.0,0.0,0.0
3.7752747120000003,1790241399.6592915,0.0,0.0,0.0,0.0
3.7951045430000003,1790241399.6791365,0.0,0.0,0.0,0.0
3.7967926710000004,1790241399.6808965,0.0,0.0,0.0,0.0
3.815264634,1790241399.6992843,0.0,0.0,0.0,0.0
3.8171660960000002,1790241399.7013264,0.0,0.0,0.0,0.0
3.8191026100000003,1790241399.703126,0.0,0.0,0.0,0.0
3.8351020160000004,1790241399.7191126,0.0,0.0,0.0,0.0
3.8552332010000003,1790241399.7392902,0.0,0.0,0.0,0.0
3.857170393,1790241399.7411919,0.0,0.0,0.0,0.0
3.8752101150000002,1790241399.7592542,0.0,0.0,0.0,0.0
3.8770969940000004,1790241399.7611303,0.0,0.0,0.0,0.0
3.8952131230000004,1790241399.779247,0.0,0.0,0.0,0.0
3.897071668,1790241399.7810788,0.0,0.0,0.0,0.0
3.915464048,1790241399.7995086,0.0,0.0,0.0,0.0
3.9173548850000004,1790241399.8015044,0.0,0.0,0.0,0.0
3.919267753,1790241399.8033018,0.0,0.0,0.0,0.0
3.9352438260000002,1790241399.8192618,0.0,0.0,0.0,0.0
3.955196157,1790241399.8392308,0.0,0.0,0.0,0.0
3.9569805870000003,1790241399.841084,0.0,0.0,0.0,0.0
3.958834237,1790241399.8428786,0.0,0.0,0.0,0.0
3.9751999980000003,1790241399.8592377,0.0,0.0,0.0,0.0
3.99524311,1790241399.879287,0.0,0.0,0.0,0.0
3.997197228,1790241399.8812237,0.0,0.0,0.0,0.0
4.015238878,1790241399.8992536,0.0,0.0,0.0,0.0
4.017083309,1790241399.9011145,0.0,0.0,0.0,0.0
4.035147459,1790241399.9191685,0.0,0.0,0.0,0.0
4.036948452,1790241399.920979,0.0,0.0,0.0,0.0
4.055180727000001,1790241399.939227,0.0,0.0,0.0,0.0
4.05705646,1790241399.9410925,0.0,0.0,0.0,0.0
4.058905942,1790241399.9429634,0.0,0.0,0.0,0.0
4.075257068,1790241399.9592705,0.0,0.0,0.0,0.0
4.095215961,1790241399.9792476,0.0,0.0,0.0,0.0
4.097100236,1790241399.9811144,0.0,0.0,0.0,0.0
4.115182198,1790241399.9992132,0.0,0.0,0.0,0.0
4.117041629,1790241400.0010548,0.0,0.0,0.0,0.0
4.135147914,1790241400.0191567,0.0,0.0,0.0,0.0
4.136752813,1790241400.0208004,0.0,0.0,0.0,0.0
4.155156807,1790241400.0391881,0.0,0.0,0.0,0.0
4.15710129,1790241400.0412533,0.0,0.0,0.0,0.0
4.159010825,1790241400.0430183,0.0,0.0,0.0,0.0
4.175210492000001,1790241400.0592327,0.0,0.0,0.0,0.0
4.19517376,1790241400.079212,0.0,0.0,0.0,0.0
4.197055951,1790241400.0810797,0.0,0.0,0.0,0.0
4.215209580000001,1790241400.0992289,0.0,0.0,0.0,0.0
4.217056094,1790241400.1010919,0.0,0.0,0.0,0.0
4.23517264,1790241400.1191952,0.0,0.0,0.0,0.0
4.237153634,1790241400.1211765,0.0,0.0,0.0,0.0
4.239151554,1790241400.1231687,0.0,0.0,0.0,0.0
4.255167575000001,1790241400.1392193,0.0,0.0,0.0,0.0
4.275209176000001,1790241400.1592288,0.0,0.0,0.0,0.0
4.277066941,1790241400.1611612,0.0,0.0,0.0,0.0
4.278896267,1790241400.162906,0.0,0.0,0.0,0.0
4.295177392,1790241400.1791978,0.0,0.0,0.0,0.0
4.315199515000001,1790241400.1992352,0.0,0.0,0.0,0.0
4.317078998,1790241400.2011027,0.0,0.0,0.0,0.0
4.335177887,1790241400.2192004,0.0,0.0,0.0,0.0
4.33703388,1790241400.2210498,0.0,0.0,0.0,0.0
4.355192562,1790241400.2392383,0.0,0.0,0.0,0.0
4.3570706900000005,1790241400.241109,0.0,0.0,0.0,0.0
4.375177757,1790241400.2592175,0.0,0.0,0.0,0.0
4.3770359370000005,1790241400.2612054,0.0,0.0,0.0,0.0
4.37901365,1790241400.2630262,0.0,0.0,0.0,0.0
4.395190348,1790241400.2792225,0.0,0.0,0.0,0.0
4.415218876,1790241400.2992537,0.0,0.0,0.0,0.0
4.417103568,1790241400.3011253,0.0,0.0,0.0,0.0
4.435161936,1790241400.3192024,0.0,0.0,0.0,0.0
4.437039856,1790241400.321064,0.0,0.0,0.0,0.0
4.455179058000001,1790241400.3392148,0.0,0.0,0.0,0.0
4.457130833,1790241400.3411548,0.0,0.0,0.0,0.0
4.475446806,1790241400.359494,0.0,0.0,0.0,0.0
4.477530821,1790241400.3617716,0.0,0.0,0.0,0.0
4.479617439,1790241400.36371,0.0,0.0,0.0,0.0
4.495355751,1790241400.3794057,0.0,0.0,0.0,0.0
4.515377665,1790241400.3994186,0.0,0.0,0.0,0.0
4.517317617000001,1790241400.401403,0.0,0.0,0.0,0.0
4.519199392,1790241400.4032383,0.0,0.0,0.0,0.0
4.535596871,1790241400.4196613,0.0,0.0,0.0,0.0
4.556210662000001,1790241400.4402463,0.0,0.0,0.0,0.0
4.5580826960000005,1790241400.4421294,0.0,0.0,0.0,0.0
4.559794210000001,1790241400.443759,0.0,0.0,0.0,0.0
4.575099865,1790241400.4591196,0.0,0.0,0.0,0.0
4.595219331,1790241400.4792383,0.0,0.0,0.0,0.0
4.597065064000001,1790241400.4811022,0.0,0.0,0.0,0.0
4.615076558,1790241400.4990892,0.0,0.0,0.0,0.0
4.616665623,1790241400.5007722,0.0,0.0,0.0,0.0
4.635263159,1790241400.5193377,0.0,0.0,0.0,0.0
4.637236288,1790241400.521286,0.0,0.0,0.0,0.0
4.639072229,1790241400.523087,0.0,0.0,0.0,0.0
4.655239396000001,1790241400.539304,0.0,0.0,0.0,0.0
4.675228914000001,1790241400.5592446,0.0,0.0,0.0,0.0
4.677039387000001,1790241400.5611544,0.0,0.0,0.0,0.0
4.678875484000001,1790241400.5628793,0.0,0.0,0.0,0.0
4.695023849,1790241400.5790334,0.0,0.0,0.0,0.0
4.715267847000001,1790241400.5993214,0.0,0.0,0.0,0.0
4.717190715,1790241400.601226,0.0,0.0,0.0,0.0
4.7351783020000004,1790241400.6192358,0.0,0.0,0.0,0.0
4.737066847,1790241400.6211429,0.0,0.0,0.0,0.0
4.739085393,1790241400.623098,0.0,0.0,0.0,0.0
4.755276935,1790241400.6393042,0.0,0.0,0.0,0.0
4.775168692,1790241400.659194,0.0,0.0,0.0,0.0
4.777031561,1790241400.6612053,0.0,0.0,0.0,0.0
4.779008075,1790241400.6630757,0.0,0.0,0.0,0.0
4.7953783670000005,1790241400.6794267,0.0,0.0,0.0,0.0
4.815598198,1790241400.6996582,0.0,0.0,0.0,0.0
4.817697682,1790241400.7017305,0.0,0.0,0.0,0.0
4.819638415,1790241400.7036684,0.0,0.0,0.0,0.0
4.8354049560000005,1790241400.7194386,0.0,0.0,0.0,0.0
4.855376036,1790241400.7394454,0.0,0.0,0.0,0.0
4.857340623000001,1790241400.7414083,0.0,0.0,0.0,0.0
4.859220575,1790241400.7432373,0.0,0.0,0.0,0.0
4.875126752,1790241400.7591293,0.0,0.0,0.0,0.0
4.895206322,1790241400.7792363,0.0,0.0,0.0,0.0
4.897188253,1790241400.7812915,0.0,0.0,0.0,0.0
4.899046694,1790241400.783058,0.0,0.0,0.0,0.0
4.915296778,1790241400.7993357,0.0,0.0,0.0,0.0
4.935290255,1790241400.8193107,0.0,0.0,0.0,0.0
4.937154946000001,1790241400.8211708,0.0,0.0,0.0,0.0
4.955215137000001,1790241400.8392575,0.0,0.0,0.0,0.0
4.957229620000001,1790241400.8413794,0.0,0.0,0.0,0.0
4.975173197,1790241400.8591955,0.0,0.0,0.0,0.0
4.97673096,1790241400.860764,0.0,0.0,0.0,0.0
4.995243757,1790241400.879326,0.0,0.0,0.0,0.0
4.997144906,1790241400.881143,0.0,0.0,0.0,0.0
5.015055254,1790241400.8991027,0.0,0.0,0.0,0.0
5.016619371,1790241400.9005551,0.0,0.0,0.0,0.0
5.0352398240000005,1790241400.9192867,0.0,0.0,0.0,0.0
5.037115609000001,1790241400.9211328,0.0,0.0,0.0,0.0
5.055163457,1790241400.939173,0.0,0.0,0.0,0.0
5.057027002,1790241400.9410503,0.0,0.0,0.0,0.0
5.075420111000001,1790241400.9595046,0.0,0.0,0.0,0.0
5.077403656,1790241400.9614472,0.0,0.0,0.0,0.0
5.079356994,1790241400.9633756,0.0,0.0,0.0,0.0
5.095350046,1790241400.9794183,0.0,0.0,0.0,0.0
5.115458106,1790241400.999507,0.0,0.0,0.0,0.0
5.117453578,1790241401.0015566,0.0,0.0,0.0,0.0
5.119387645000001,1790241401.0034294,0.0,0.0,0.0,0.0
5.13560028,1790241401.0197012,0.0,0.0,0.0,0.0
5.155880007,1790241401.039967,0.0,0.0,0.0,0.0
5.158373137,1790241401.0424614,0.0,0.0,0.0,0.0
5.160754183,1790241401.0448682,0.0,0.0,0.0,0.0
5.175580983000001,1790241401.0596385,0.0,0.0,0.0,0.0
5.1952433650000005,1790241401.0792687,0.0,0.0,0.0,0.0
5.197338317000001,1790241401.081365,0.0,0.0,0.0,0.0
5.199112071,1790241401.0831497,0.0,0.0,0.0,0.0
5.2151203310000005,1790241401.0991492,0.0,0.0,0.0,0.0
5.235200683,1790241401.1192443,0.0,0.0,0.0,0.0
5.237099853,1790241401.1211205,0.0,0.0,0.0,0.0
5.255239628,1790241401.1392732,0.0,0.0,0.0,0.0
5.2570818710000005,1790241401.1411026,0.0,0.0,0.0,0.0
5.275176073,1790241401.1592166,0.0,0.0,0.0,0.0
5.27715316,1790241401.161285,0.0,0.0,0.0,0.0
5.27905582,1790241401.163064,0.0,0.0,0.0,0.0
5.29543356,1790241401.179482,0.0,0.0,0.0,0.0
5.315107713000001,1790241401.1991084,0.0,0.0,0.0,0.0
5.316670268,1790241401.2007484,0.0,0.0,0.0,0.0
5.335289419,1790241401.219332,0.0,0.0,0.0,0.0
5.337220308,1790241401.2212436,0.0,0.0,0.0,0.0
5.355264719,1790241401.2392855,0.0,0.0,0.0,0.0
5.3571780040000005,1790241401.2412102,0.0,0.0,0.0,0.0
5.37521908,1790241401.2592545,0.0,0.0,0.0,0.0
5.377131844,1790241401.2611349,0.0,0.0,0.0,0.0
5.395137973000001,1790241401.2791471,0.0,0.0,0.0,0.0
5.396793706,1790241401.2808602,0.0,0.0,0.0,0.0
5.415231554,1790241401.299279,0.0,0.0,0.0,0.0
5.417146141,1790241401.3013175,0.0,0.0,0.0,0.0
5.419086874,1790241401.3031132,0.0,0.0,0.0,0.0
5.435283729,1790241401.319317,0.0,0.0,0.0,0.0
5.45519184,1790241401.3392131,0.0,0.0,0.0,0.0
5.457001896,1790241401.3410213,0.0,0.0,0.0,0.0
5.475467296000001,1790241401.359542,0.0,0.0,0.0,0.0
5.477424696,1790241401.3614435,0.0,0.0,0.0,0.0
5.4954273350000005,1790241401.379476,0.0,0.0,0.0,0.0
5.497345881,1790241401.3813949,0.0,0.0,0.0,0.0
5.51561076,1790241401.399671,0.0,0.0,0.0,0.0
5.517531389,1790241401.4015071,0.0,0.0,0.0,0.0
5.519382226,1790241401.403346,0.0,0.0,0.0,0.0
5.53517934,1790241401.4192033,0.0,0.0,0.0,0.0
5.556938028,1790241401.441174,0.0,0.0,0.0,0.0
5.560234597,1790241401.4443665,0.0,0.0,0.0,0.0
5.562489237,1790241401.4464874,0.0,0.0,0.0,0.0
5.575620669,1790241401.4596968,0.0,0.0,0.0,0.0
5.595780552,1790241401.479829,0.0,0.0,0.0,0.0
5.598323265,1790241401.4823465,0.0,0.0,0.0,0.0
5.600426186,1790241401.484444,0.0,0.0,0.0,0.0
5.615545330000001,1790241401.4995859,0.0,0.0,0.0,0.0
5.637906311,1790241401.5221264,0.0,0.0,0.0,0.0
5.641891214,1790241401.5259905,0.0,0.0,0.0,0.0
5.643868822,1790241401.5278344,0.0,0.0,0.0,0.0
5.65560296,1790241401.5396621,0.0,0.0,0.0,0.0
5.675589665,1790241401.559644,0.0,0.0,0.0,0.0
5.678039931000001,1790241401.562123,0.0,0.0,0.0,0.0
5.680901342,1790241401.5649605,0.0,0.0,0.0,0.0
5.695170172,1790241401.5791934,0.0,0.0,0.0,0.0
5.717275215000001,1790241401.6014185,0.0,0.0,0.0,0.0
5.72090517,1790241401.6050081,0.0,0.0,0.0,0.0
5.723345644,1790241401.6073167,0.0,0.0,0.0,0.0
5.735859106,1790241401.6199365,0.0,0.0,0.0,0.0
5.755602061,1790241401.6396425,0.0,0.0,0.0,0.0
5.75801868,1790241401.6420624,0.0,0.0,0.0,0.0
5.760487747,1790241401.6444912,0.0,0.0,0.0,0.0
5.775326058,1790241401.6593645,0.0,0.0,0.0,0.0
5.797204486,1790241401.6814456,0.0,0.0,0.0,0.0
5.800852878000001,1790241401.6849518,0.0,0.0,0.0,0.0
5.803266268000001,1790241401.6872349,0.0,0.0,0.0,0.0
5.8157612400000005,1790241401.6998208,0.0,0.0,0.0,0.0
5.835533571,1790241401.719595,0.0,0.0,0.0,0.0
5.837977898,1790241401.7219946,0.0,0.0,0.0,0.0
5.840449778,1790241401.7244718,0.0,0.0,0.0,0.0
5.855327620000001,1790241401.7393742,0.0,0.0,0.0,0.0
5.877416517,1790241401.7615776,0.0,0.0,0.0,0.0
5.880960222000001,1790241401.7650535,0.0,0.0,0.0,0.0
5.883400226,1790241401.7674158,0.0,0.0,0.0,0.0
5.895724365,1790241401.7797651,0.0,0.0,0.0,0.0
5.9158306540000005,1790241401.799887,0.0,0.0,0.0,0.0
5.918352586,1790241401.8023858,0.0,0.0,0.0,0.0
5.920480663,1790241401.8044777,0.0,0.0,0.0,0.0
5.9355183490000005,1790241401.819572,0.0,0.0,0.0,0.0
5.957286151000001,1790241401.8414254,0.0,0.0,0.0,0.0
5.961214336,1790241401.8453438,0.0,0.0,0.0,0.0
5.963672831,1790241401.8476534,0.0,0.0,0.0,0.0
5.975720667,1790241401.8597772,0.0,0.0,0.0,0.0
5.995786226000001,1790241401.8798347,0.0,0.0,0.0,0.0
5.998221752,1790241401.8822641,0.0,0.0,0.0,0.0
6.000476704,1790241401.8844633,0.0,0.0,0.0,0.0
6.016150902000001,1790241401.900232,0.0,0.0,0.0,0.0
6.0355318250000005,1790241401.9195838,0.0,0.0,0.0,0.0
6.037815683000001,1790241401.9218307,0.0,0.0,0.0,0.0
6.039888083,1790241401.9238672,0.0,0.0,0.0,0.0
6.055531291,1790241401.939583,0.0,0.0,0.0,0.0
6.077493781,1790241401.9616668,0.0,0.0,0.0,0.0
6.081345976000001,1790241401.9654667,0.0,0.0,0.0,0.0
6.083732596,1790241401.9677107,0.0,0.0,0.0,0.0
6.095682515,1790241401.979734,0.0,0.0,0.0,0.0
6.115566564000001,1790241401.999618,0.0,0.0,0.0,0.0
6.118069642,1790241402.0020852,0.0,0.0,0.0,0.0
6.120497824,1790241402.004529,0.0,0.0,0.0,0.0
6.135356602000001,1790241402.0193849,0.0,0.0,0.0,0.0
6.1572858120000005,1790241402.0414295,0.0,0.0,0.0,0.0
6.1612229030000005,1790241402.0453444,0.0,0.0,0.0,0.0
6.16368921,1790241402.047667,0.0,0.0,0.0,0.0
6.175716629,1790241402.0597622,0.0,0.0,0.0,0.0
6.195849064000001,1790241402.079923,0.0,0.0,0.0,0.0
6.198374329,1790241402.082386,0.0,0.0,0.0,0.0
6.200607407000001,1790241402.0846107,0.0,0.0,0.0,0.0
6.2160649370000005,1790241402.1001623,0.0,0.0,0.0,0.0
6.235552683000001,1790241402.1195912,0.0,0.0,0.0,0.0
6.2377730520000005,1790241402.1217697,0.0,0.0,0.0,0.0
6.239798212,1790241402.1237755,0.0,0.0,0.0,0.0
6.255518711000001,1790241402.1395583,0.0,0.0,0.0,0.0
6.277211670000001,1790241402.1613715,0.0,0.0,0.0,0.0
6.280916990000001,1790241402.165065,0.0,0.0,0.0,0.0
6.28338762,1790241402.1673777,0.0,0.0,0.0,0.0
6.295883165,1790241402.1799357,0.0,0.0,0.0,0.0
6.3157241410000005,1790241402.1997762,0.0,0.0,0.0,0.0
6.318143052000001,1790241402.2021675,0.0,0.0,0.0,0.0
6.320377379,1790241402.2043781,0.0,0.0,0.0,0.0
6.335779857,1790241402.2198846,0.0,0.0,0.0,0.0
6.355600729000001,1790241402.2396455,0.0,0.0,0.0,0.0
6.358014796,1790241402.242034,0.0,0.0,0.0,0.0
6.360456780000001,1790241402.2444756,0.0,0.0,0.0,0.0
6.375342903000001,1790241402.25937,0.0,0.0,0.0,0.0
6.396706955,1790241402.2809567,0.0,0.0,0.0,0.0
6.40036191,1790241402.2844675,0.0,0.0,0.0,0.0
6.403774521000001,1790241402.2878659,0.0,0.0,0.0,0.0
6.414828032,1790241402.2988374,0.0,0.0,0.0,0.0
6.437248648000001,1790241402.3214948,0.0,0.0,0.0,0.0
6.440857562000001,1790241402.324976,0.0,0.0,0.0,0.0
6.443349077000001,1790241402.3273351,0.0,0.0,0.0,0.0
6.455670507000001,1790241402.339742,0.0,0.0,0.0,0.0
6.475805182,1790241402.3598764,0.0,0.0,0.0,0.0
6.478283728,1790241402.362382,0.0,0.0,0.0,0.0
6.480527795,1790241402.3645165,0.0,0.0,0.0,0.0
6.495515012,1790241402.3795512,0.0,0.0,0.0,0.0
6.5166703660000005,1790241402.4008987,0.0,0.0,0.0,0.0
6.519909070000001,1790241402.4040012,0.0,0.0,0.0,0.0
6.5229266280000004,1790241402.4069195,0.0,0.0,0.0,0.0
6.536361498000001,1790241402.4204338,0.0,0.0,0.0,0.0
6.5558465880000005,1790241402.439984,0.0,0.0,0.0,0.0
6.559106854,1790241402.4431713,0.0,0.0,0.0,0.0
6.562078787000001,1790241402.4461489,0.0,0.0,0.0,0.0
6.574943291,1790241402.4589396,0.0,0.0,0.0,0.0
6.597211304,1790241402.481338,0.0,0.0,0.0,0.0
6.599971361000001,1790241402.4839954,0.0,0.0,0.0,0.0
6.602081834000001,1790241402.486078,0.0,0.0,0.0,0.0
6.615148422000001,1790241402.4991753,0.0,0.0,0.0,0.0
6.637327423,1790241402.5214994,0.0,0.0,0.0,0.0
6.640892014,1790241402.5249856,0.0,0.0,0.0,0.0
6.643357904,1790241402.5273585,0.0,0.0,0.0,0.0
6.6558625110000005,1790241402.5399272,0.0,0.0,0.0,0.0
6.675788123,1790241402.559844,0.0,0.0,0.0,0.0
6.678520264,1790241402.5626082,0.0,0.0,0.0,0.0
6.6809578730000005,1790241402.5650108,0.0,0.0,0.0,0.0
6.69552186,1790241402.5795498,0.0,0.0,0.0,0.0
6.716606796000001,1790241402.6008382,0.0,0.0,0.0,0.0
6.719913782000001,1790241402.6039686,0.0,0.0,0.0,0.0
6.722657069,1790241402.6066432,0.0,0.0,0.0,0.0
6.7358438650000005,1790241402.619902,0.0,0.0,0.0,0.0
6.755784998,1790241402.6398544,0.0,0.0,0.0,0.0
6.758259742000001,1790241402.6422768,0.0,0.0,0.0,0.0
6.760366777000001,1790241402.644368,0.0,0.0,0.0,0.0
6.775542797000001,1790241402.659581,0.0,0.0,0.0,0.0
6.79721737,1790241402.6813715,0.0,0.0,0.0,0.0
6.8009665440000004,1790241402.685126,0.0,0.0,0.0,0.0
6.803429361,1790241402.6874049,0.0,0.0,0.0,0.0
6.815852667000001,1790241402.6999094,0.0,0.0,0.0,0.0
6.835386976000001,1790241402.719416,0.0,0.0,0.0,0.0
6.837676251,1790241402.721675,0.0,0.0,0.0,0.0
6.840356412,1790241402.7244015,0.0,0.0,0.0,0.0
6.855381129,1790241402.73941,0.0,0.0,0.0,0.0
6.8764334620000005,1790241402.7605424,0.0,0.0,0.0,0.0
6.879282165,1790241402.763313,0.0,0.0,0.0,0.0
6.882140087000001,1790241402.766138,0.0,0.0,0.0,0.0
6.895998812,1790241402.780056,0.0,0.0,0.0,0.0
6.915810361,1790241402.799946,0.0,0.0,0.0,0.0
6.9184375540000005,1790241402.8024707,0.0,0.0,0.0,0.0
6.920679589000001,1790241402.8049035,0.0,0.0,0.0,0.0
6.936077953000001,1790241402.8201594,0.0,0.0,0.0,0.0
6.955587157,1790241402.8396277,0.0,0.0,0.0,0.0
6.957809714000001,1790241402.8418055,0.0,0.0,0.0,0.0
6.960200604000001,1790241402.8442209,0.0,0.0,0.0,0.0
6.975401988000001,1790241402.8594313,0.0,0.0,0.0,0.0
6.997181718,1790241402.8813214,0.0,0.0,0.0,0.0
7.000863183000001,1790241402.8849976,0.0,0.0,0.0,0.0
7.004260429,1790241402.8883598,0.0,0.0,0.0,0.0
7.0148717000000005,1790241402.8988683,0.0,0.0,0.0,0.0
7.037264296,1790241402.9215724,0.0,0.0,0.0,0.0
7.040991959,1790241402.9250863,0.0,0.0,0.0,0.0
7.043837069,1790241402.927827,0.0,0.0,0.0,0.0
7.055707665000001,1790241402.9397483,0.0,0.0,0.0,0.0
7.075807756000001,1790241402.959864,0.0,0.0,0.0,0.0
7.07829724,1790241402.9623377,0.0,0.0,0.0,0.0
7.080462296,1790241402.964442,0.0,0.0,0.0,0.0
7.095519201,1790241402.979553,0.0,0.0,0.0,0.0
7.117006742,1790241403.0013163,0.0,0.0,0.0,0.0
7.1206661250000005,1790241403.0048006,0.0,0.0,0.0,0.0
7.124079881,1790241403.0081441,0.0,0.0,0.0,0.0
7.1348261520000005,1790241403.0188217,0.0,0.0,0.0,0.0
7.157287342,1790241403.0416214,0.0,0.0,0.0,0.0
7.160157503000001,1790241403.044152,0.0,0.0,0.0,0.0
7.162228914000001,1790241403.046223,0.0,0.0,0.0,0.0
7.175231335,1790241403.0592475,0.0,0.0,0.0,0.0
7.197256065,1790241403.0814118,0.0,0.0,0.0,0.0
7.200920968,1790241403.0850694,0.0,0.0,0.0,0.0
7.204298319,1790241403.088368,0.0,0.0,0.0,0.0
7.214985475000001,1790241403.0989897,0.0,0.0,0.0,0.0
7.236618798,1790241403.1209059,0.0,0.0,0.0,0.0
7.239864325,1790241403.1239164,0.0,0.0,0.0,0.0
7.242626362,1790241403.1266096,0.0,0.0,0.0,0.0
7.2558560750000005,1790241403.1399145,0.0,0.0,0.0,0.0
7.276285438,1790241403.1603863,0.0,0.0,0.0,0.0
7.27906487,1790241403.1631184,0.0,0.0,0.0,0.0
7.281674927,1790241403.165694,0.0,0.0,0.0,0.0
7.294920266,1790241403.1789157,0.0,0.0,0.0,0.0
7.317334684,1790241403.2015045,0.0,0.0,0.0,0.0
7.320790941,1790241403.2049565,0.0,0.0,0.0,0.0
7.323349696,1790241403.20734,0.0,0.0,0.0,0.0
7.335852324,1790241403.2199202,0.0,0.0,0.0,0.0
7.355598248000001,1790241403.2396357,0.0,0.0,0.0,0.0
7.358069451,1790241403.2421052,0.0,0.0,0.0,0.0
7.3606543,1790241403.2448254,0.0,0.0,0.0,0.0
7.375355526000001,1790241403.25938,0.0,0.0,0.0,0.0
7.3967809330000005,1790241403.2810006,0.0,0.0,0.0,0.0
7.400020678000001,1790241403.2841125,0.0,0.0,0.0,0.0
7.402948184,1790241403.286929,0.0,0.0,0.0,0.0
7.415764563000001,1790241403.2998247,0.0,0.0,0.0,0.0
7.43556705,1790241403.3196216,0.0,0.0,0.0,0.0
7.437982159000001,1790241403.322006,0.0,0.0,0.0,0.0
7.440412788000001,1790241403.3244433,0.0,0.0,0.0,0.0
7.455336255000001,1790241403.3393621,0.0,0.0,0.0,0.0
7.477125151,1790241403.3612711,0.0,0.0,0.0,0.0
7.480650627,1790241403.3648047,0.0,0.0,0.0,0.0
7.48408329,1790241403.368166,0.0,0.0,0.0,0.0
7.494838623000001,1790241403.3788447,0.0,0.0,0.0,0.0
7.517789553,1790241403.402058,0.0,0.0,0.0,0.0
7.520596642,1790241403.4046173,0.0,0.0,0.0,0.0
7.522722167,1790241403.4067214,0.0,0.0,0.0,0.0
7.535188441000001,1790241403.4192178,0.0,0.0,0.0,0.0
7.5567844730000004,1790241403.4411056,0.0,0.0,0.0,0.0
7.560571616000001,1790241403.4447374,0.0,0.0,0.0,0.0
7.564028081000001,1790241403.4480953,0.0,0.0,0.0,0.0
7.574861956,1790241403.4588711,0.0,0.0,0.0,0.0
7.597319864,1790241403.4814572,0.0,0.0,0.0,0.0
7.600284297000001,1790241403.48429,0.0,0.0,0.0,0.0
7.60247352,1790241403.4864907,0.0,0.0,0.0,0.0
7.6153437020000005,1790241403.499393,0.0,0.0,0.0,0.0
7.637101296000001,1790241403.5214458,0.0,0.0,0.0,0.0
7.640867137000001,1790241403.524971,0.0,0.0,0.0,0.0
7.6442537580000005,1790241403.5283217,0.0,0.0,0.0,0.0
7.6548474760000005,1790241403.5388625,0.0,0.0,0.0,0.0
7.67724028,1790241403.5613823,0.0,0.0,0.0,0.0
7.6802221610000005,1790241403.5642283,0.0,0.0,0.0,0.0
7.6823137280000005,1790241403.566302,0.0,0.0,0.0,0.0
7.6953598990000005,1790241403.579399,0.0,0.0,0.0,0.0
7.716646919,1790241403.6009023,0.0,0.0,0.0,0.0
7.720274947,1790241403.6043608,0.0,0.0,0.0,0.0
7.723712402,1790241403.6077836,0.0,0.0,0.0,0.0
7.734861486000001,1790241403.618869,0.0,0.0,0.0,0.0
7.757467103000001,1790241403.6416695,0.0,0.0,0.0,0.0
7.7602380460000004,1790241403.6442497,0.0,0.0,0.0,0.0
7.762311748,1790241403.6462927,0.0,0.0,0.0,0.0
7.775189585000001,1790241403.6592174,0.0,0.0,0.0,0.0
7.7972309300000004,1790241403.681391,0.0,0.0,0.0,0.0
7.800892865000001,1790241403.6850157,0.0,0.0,0.0,0.0
7.804299538,1790241403.6883652,0.0,0.0,0.0,0.0
7.8148225270000005,1790241403.6988134,0.0,0.0,0.0,0.0
7.837239081000001,1790241403.7214334,0.0,0.0,0.0,0.0
7.8407844010000005,1790241403.7249491,0.0,0.0,0.0,0.0
7.843329562,1790241403.7273252,0.0,0.0,0.0,0.0
7.855865419000001,1790241403.739937,0.0,0.0,0.0,0.0
7.875772802,1790241403.7599072,0.0,0.0,0.0,0.0
7.878367599000001,1790241403.762386,0.0,0.0,0.0,0.0
7.8804630190000005,1790241403.7644813,0.0,0.0,0.0,0.0
7.89564133,1790241403.7796812,0.0,0.0,0.0,0.0
7.917184445,1790241403.801346,0.0,0.0,0.0,0.0
7.920706900000001,1790241403.8051429,0.0,0.0,0.0,0.0
7.923718676000001,1790241403.8078012,0.0,0.0,0.0,0.0
7.935762085,1790241403.8198092,0.0,0.0,0.0,0.0
7.955553374000001,1790241403.8396077,0.0,0.0,0.0,0.0
7.957979681,1790241403.8420084,0.0,0.0,0.0,0.0
7.960409008,1790241403.844434,0.0,0.0,0.0,0.0
7.975370339,1790241403.859397,0.0,0.0,0.0,0.0
7.9971590280000004,1790241403.8813353,0.0,0.0,0.0,0.0
8.001117369000001,1790241403.885253,0.0,0.0,0.0,0.0
8.003700551,1790241403.8876803,0.0,0.0,0.0,0.0
8.01552547,1790241403.8995757,0.0,0.0,0.0,0.0
8.035817228,1790241403.9198704,0.0,0.0,0.0,0.0
8.038349577,1790241403.9223685,0.0,0.0,0.0,0.0
8.040692706,1790241403.924784,0.0,0.0,0.0,0.0
8.055500756,1790241403.9395444,0.0,0.0,0.0,0.0
8.077049131,1790241403.9611943,0.0,0.0,0.0,0.0
8.080663096,1790241403.964846,0.0,0.0,0.0,0.0
8.084178728000001,1790241403.9682786,0.0,0.0,0.0,0.0
8.094854947,1790241403.978852,0.0,0.0,0.0,0.0
8.117403584,1790241404.0015707,0.0,0.0,0.0,0.0
8.120395205000001,1790241404.0043979,0.0,0.0,0.0,0.0
8.122731407,1790241404.0068188,0.0,0.0,0.0,0.0
8.135160650000001,1790241404.019179,0.0,0.0,0.0,0.0
8.157080641,1790241404.0412374,0.0,0.0,0.0,0.0
8.160165022000001,1790241404.0442104,0.0,0.0,0.0,0.0
8.163104455000001,1790241404.047161,0.0,0.0,0.0,0.0
8.1748738,1790241404.0588825,0.0,0.0,0.0,0.0
8.197667386000001,1790241404.0819077,0.0,0.0,0.0,0.0
8.200600257000001,1790241404.0846057,0.0,0.0,0.0,0.0
8.202722605,1790241404.0867457,0.0,0.0,0.0,0.0
8.215108514,1790241404.0991323,0.0,0.0,0.0,0.0
8.236931056000001,1790241404.1210928,0.0,0.0,0.0,0.0
8.240518876000001,1790241404.1246665,0.0,0.0,0.0,0.0
8.24398857,1790241404.1280599,0.0,0.0,0.0,0.0
8.25486255,1790241404.1388762,0.0,0.0,0.0,0.0
8.277466917,1790241404.1618106,0.0,0.0,0.0,0.0
8.280405151,1790241404.1644015,0.0,0.0,0.0,0.0
8.282507551,1790241404.1664925,0.0,0.0,0.0,0.0
8.295537368,1790241404.1796021,0.0,0.0,0.0,0.0
8.316789753,1790241404.2009895,0.0,0.0,0.0,0.0
8.319939812000001,1790241404.2039912,0.0,0.0,0.0,0.0
8.322898932000001,1790241404.2069604,0.0,0.0,0.0,0.0
8.334853486,1790241404.2188647,0.0,0.0,0.0,0.0
8.35744603,1790241404.2416794,0.0,0.0,0.0,0.0
8.360275515,1790241404.2442868,0.0,0.0,0.0,0.0
8.362589842,1790241404.2466023,0.0,0.0,0.0,0.0
8.375144502000001,1790241404.2591774,0.0,0.0,0.0,0.0
8.397138139,1790241404.2812812,0.0,0.0,0.0,0.0
8.400752104,1790241404.2849383,0.0,0.0,0.0,0.0
8.404272007000001,1790241404.2883618,0.0,0.0,0.0,0.0
8.414821871000001,1790241404.2988234,0.0,0.0,0.0,0.0
8.437729051,1790241404.3218842,0.0,0.0,0.0,0.0
8.441335829,1790241404.3254733,0.0,0.0,0.0,0.0
8.445341149,1790241404.3295157,0.0,0.0,0.0,0.0
8.455780544000001,1790241404.3398535,0.0,0.0,0.0,0.0
8.475832927,1790241404.359906,0.0,0.0,0.0,0.0
8.478406266,1790241404.362428,0.0,0.0,0.0,0.0
8.480571791000001,1790241404.3645597,0.0,0.0,0.0,0.0
8.495519632,1790241404.3795753,0.0,0.0,0.0,0.0
8.517405404,1790241404.4015663,0.0,0.0,0.0,0.0
8.521010098,1790241404.405114,0.0,0.0,0.0,0.0
8.524392605000001,1790241404.4084983,0.0,0.0,0.0,0.0
8.535082157,1790241404.419091,0.0,0.0,0.0,0.0
8.556915324,1790241404.4410813,0.0,0.0,0.0,0.0
8.559935903000001,1790241404.4439611,0.0,0.0,0.0,0.0
8.562159137,1790241404.44616,0.0,0.0,0.0,0.0
8.575465621000001,1790241404.4594963,0.0,0.0,0.0,0.0
8.596998475000001,1790241404.481318,0.0,0.0,0.0,0.0
8.600695253000001,1790241404.484827,0.0,0.0,0.0,0.0
8.604178073,1790241404.488288,0.0,0.0,0.0,0.0
8.614861635,1790241404.498854,0.0,0.0,0.0,0.0
8.637373398000001,1790241404.5215852,0.0,0.0,0.0,0.0
8.640070903,1790241404.5243728,0.0,0.0,0.0,0.0
8.642569345,1790241404.5266345,0.0,0.0,0.0,0.0
8.655208953,1790241404.5392241,0.0,0.0,0.0,0.0
8.677170558,1790241404.5613472,0.0,0.0,0.0,0.0
8.680749419000001,1790241404.564952,0.0,0.0,0.0,0.0
8.68426651,1790241404.5683546,0.0,0.0,0.0,0.0
8.694833457,1790241404.5788412,0.0,0.0,0.0,0.0
8.717586626000001,1790241404.6017523,0.0,0.0,0.0,0.0
8.721394967,1790241404.6055315,0.0,0.0,0.0,0.0
8.723744815,1790241404.607733,0.0,0.0,0.0,0.0
8.735686245,1790241404.6197426,0.0,0.0,0.0,0.0
8.755778367000001,1790241404.639822,0.0,0.0,0.0,0.0
8.758258268,1790241404.6424448,0.0,0.0,0.0,0.0
8.760706033,1790241404.6447918,0.0,0.0,0.0,0.0
8.775350801,1790241404.6593895,0.0,0.0,0.0,0.0
8.796999541,1790241404.6811972,0.0,0.0,0.0,0.0
8.800026266,1790241404.6840627,0.0,0.0,0.0,0.0
8.80217403,1790241404.686163,0.0,0.0,0.0,0.0
8.815391608,1790241404.6994157,0.0,0.0,0.0,0.0
8.837124932,1790241404.7213147,0.0,0.0,0.0,0.0
8.840889679,1790241404.725,0.0,0.0,0.0,0.0
8.844307602,1790241404.7283757,0.0,0.0,0.0,0.0
8.854846425,1790241404.7388422,0.0,0.0,0.0,0.0
8.877258916,1790241404.7614212,0.0,0.0,0.0,0.0
8.880325016,1790241404.7643423,0.0,0.0,0.0,0.0
8.88241627,1790241404.7664118,0.0,0.0,0.0,0.0
8.895389628,1790241404.779439,0.0,0.0,0.0,0.0
8.91701441,1790241404.8013458,0.0,0.0,0.0,0.0
8.920703011,1790241404.8048546,0.0,0.0,0.0,0.0
8.924164736,1790241404.808232,0.0,0.0,0.0,0.0
8.934845486,1790241404.8188527,0.0,0.0,0.0,0.0
8.957807666,1790241404.8420215,0.0,0.0,0.0,0.0
8.960591891,1790241404.844717,0.0,0.0,0.0,0.0
8.962826426000001,1790241404.846842,0.0,0.0,0.0,0.0
8.975362336,1790241404.8593805,0.0,0.0,0.0,0.0
8.997198941,1790241404.8813741,0.0,0.0,0.0,0.0
9.000695927,1790241404.8848479,0.0,0.0,0.0,0.0
9.004187184000001,1790241404.888305,0.0,0.0,0.0,0.0
9.014862986,1790241404.898865,0.0,0.0,0.0,0.0
9.037287248,1790241404.921622,0.0,0.0,0.0,0.0
9.040183764,1790241404.9241822,0.0,0.0,0.0,0.0
9.042276320000001,1790241404.9262607,0.0,0.0,0.0,0.0
9.0553477,1790241404.9393702,0.0,0.0,0.0,0.0
9.077249097000001,1790241404.961397,0.0,0.0,0.0,0.0
9.080313686,1790241404.9643686,0.0,0.0,0.0,0.0
9.083130827,1790241404.9671545,0.0,0.0,0.0,0.0
9.095612205,1790241404.9796839,0.0,0.0,0.0,0.0
9.115603077000001,1790241404.9996412,0.0,0.0,0.0,0.0
9.118093916000001,1790241405.0021155,0.0,0.0,0.0,0.0
9.120549441000001,1790241405.0045707,0.0,0.0,0.0,0.0
9.135311293,1790241405.0193374,0.0,0.0,0.0,0.0
9.157349513,1790241405.0416927,0.0,0.0,0.0,0.0
9.161310197,1790241405.045412,0.0,0.0,0.0,0.0
9.163689837,1790241405.0476673,0.0,0.0,0.0,0.0
9.175703871000001,1790241405.0597448,0.0,0.0,0.0,0.0
9.195823181,1790241405.0799181,0.0,0.0,0.0,0.0
9.198302353,1790241405.0823092,0.0,0.0,0.0,0.0
9.200531159,1790241405.0845227,0.0,0.0,0.0,0.0
9.215816085,1790241405.099891,0.0,0.0,0.0,0.0
9.235559613000001,1790241405.1196165,0.0,0.0,0.0,0.0
9.237804200000001,1790241405.121803,0.0,0.0,0.0,0.0
9.239810298,1790241405.1237845,0.0,0.0,0.0,0.0
9.255787308,1790241405.1398401,0.0,0.0,0.0,0.0
9.276889276,1790241405.1609967,0.0,0.0,0.0,0.0
9.279950845,1790241405.164037,0.0,0.0,0.0,0.0
9.282949392,1790241405.166956,0.0,0.0,0.0,0.0
9.295657125,1790241405.1797314,0.0,0.0,0.0,0.0
9.315557581,1790241405.199583,0.0,0.0,0.0,0.0
9.317817272000001,1790241405.2018983,0.0,0.0,0.0,0.0
9.320289777000001,1790241405.204345,0.0,0.0,0.0,0.0
9.335287983,1790241405.2193162,0.0,0.0,0.0,0.0
9.357325422,1790241405.2414978,0.0,0.0,0.0,0.0
9.361211471,1790241405.245333,0.0,0.0,0.0,0.0
9.363694184,1790241405.247984,0.0,0.0,0.0,0.0
9.376259313,1790241405.2603464,0.0,0.0,0.0,0.0
9.395818466,1790241405.279871,0.0,0.0,0.0,0.0
9.398258731,1790241405.2822907,0.0,0.0,0.0,0.0
9.400494829000001,1790241405.2844818,0.0,0.0,0.0,0.0
9.416124026,1790241405.3002155,0.0,0.0,0.0,0.0
9.435563074000001,1790241405.3196194,0.0,0.0,0.0,0.0
9.437850579000001,1790241405.3218665,0.0,0.0,0.0,0.0
9.439911989,1790241405.3238893,0.0,0.0,0.0,0.0
9.455538113000001,1790241405.3396301,0.0,0.0,0.0,0.0
9.47722352,1790241405.3613868,0.0,0.0,0.0,0.0
9.480764881,1790241405.3649206,0.0,0.0,0.0,0.0
9.483642386000001,1790241405.3677413,0.0,0.0,0.0,0.0
9.495879025,1790241405.3799336,0.0,0.0,0.0,0.0
9.515412865,1790241405.3994715,0.0,0.0,0.0,0.0
9.517657661000001,1790241405.4016526,0.0,0.0,0.0,0.0
9.520248864000001,1790241405.4042904,0.0,0.0,0.0,0.0
9.535361133,1790241405.41939,0.0,0.0,0.0,0.0
9.557307790000001,1790241405.4414785,0.0,0.0,0.0,0.0
9.561298631000001,1790241405.4453962,0.0,0.0,0.0,0.0
9.563693688,1790241405.4476728,0.0,0.0,0.0,0.0
9.575711367,1790241405.4597538,0.0,0.0,0.0,0.0
9.596023751,1790241405.4800951,0.0,0.0,0.0,0.0
9.598472453000001,1790241405.4824939,0.0,0.0,0.0,0.0
9.600693499,1790241405.4849284,0.0,0.0,0.0,0.0
9.616068217,1790241405.5001566,0.0,0.0,0.0,0.0
9.635545754,1790241405.5196009,0.0,0.0,0.0,0.0
9.6378343,1790241405.521849,0.0,0.0,0.0,0.0
9.639893159000001,1790241405.5238838,0.0,0.0,0.0,0.0
9.655756835,1790241405.539801,0.0,0.0,0.0,0.0
9.676680001000001,1790241405.5609045,0.0,0.0,0.0,0.0
9.679895997000001,1790241405.5639663,0.0,0.0,0.0,0.0
9.682914544,1790241405.5669012,0.0,0.0,0.0,0.0
9.695600246000001,1790241405.5796907,0.0,0.0,0.0,0.0
9.71582414,1790241405.5998712,0.0,0.0,0.0,0.0
9.718280394,1790241405.602316,0.0,0.0,0.0,0.0
9.720427846,1790241405.6044152,0.0,0.0,0.0,0.0
9.735476626,1790241405.6195128,0.0,0.0,0.0,0.0
9.757246616,1790241405.641407,0.0,0.0,0.0,0.0
9.7607523,1790241405.644922,0.0,0.0,0.0,0.0
9.763624805000001,1790241405.6476793,0.0,0.0,0.0,0.0
9.775484724,1790241405.6595733,0.0,0.0,0.0,0.0
9.795846066000001,1790241405.6799002,0.0,0.0,0.0,0.0
9.798441436000001,1790241405.6824746,0.0,0.0,0.0,0.0
9.800693054,1790241405.6847348,0.0,0.0,0.0,0.0
9.815362354000001,1790241405.6993835,0.0,0.0,0.0,0.0
9.837240313,1790241405.721401,0.0,0.0,0.0,0.0
9.840996414000001,1790241405.725131,0.0,0.0,0.0,0.0
9.843416679,1790241405.7273898,0.0,0.0,0.0,0.0
9.85588061,1790241405.7399416,0.0,0.0,0.0,0.0
9.875793044,1790241405.759843,0.0,0.0,0.0,0.0
9.878251591000001,1790241405.7622824,0.0,0.0,0.0,0.0
9.880480032000001,1790241405.7644799,0.0,0.0,0.0,0.0
9.896316782000001,1790241405.7803996,0.0,0.0,0.0,0.0
9.915579736,1790241405.7996252,0.0,0.0,0.0,0.0
9.917805574,1790241405.8018084,0.0,0.0,0.0,0.0
9.919856724,1790241405.8038466,0.0,0.0,0.0,0.0
9.935494046,1790241405.819533,0.0,0.0,0.0,0.0
9.957256327000001,1790241405.8414135,0.0,0.0,0.0,0.0
9.961174668,1790241405.8452857,0.0,0.0,0.0,0.0
9.963642850000001,1790241405.8476193,0.0,0.0,0.0,0.0
9.975686572,1790241405.85974,0.0,0.0,0.0,0.0
9.995817809,1790241405.8798938,0.0,0.0,0.0,0.0
9.998349793000001,1790241405.882381,0.0,0.0,0.0,0.0
10.00065386,1790241405.8847194,0.0,0.0,0.0,0.0
10.016669672,1790241405.9008136,0.0,0.0,0.0,0.0
10.019187489,1790241405.9032125,0.0,0.0,0.0,0.0
10.035174187,1790241405.9191911,0.0,0.0,0.0,0.0
10.056443395,1790241405.9405367,0.0,0.0,0.0,0.0
10.059166421,1790241405.943177,0.0,0.0,0.0,0.0
10.061290696,1790241405.9452803,0.0,0.0,0.0,0.0
10.075368015,1790241405.959406,0.0,0.0,0.0,0.0
10.097367693,1790241405.9815063,0.0,0.0,0.0,0.0
10.101364732,1790241405.985488,0.0,0.0,0.0,0.0
10.103734164,1790241405.9877224,0.0,0.0,0.0,0.0
10.115444447,1790241405.9995027,0.0,0.0,0.0,0.0
10.135810164,1790241406.0198607,0.0,0.0,0.0,0.0
10.138309388000001,1790241406.0223505,0.0,0.0,0.0,0.0
10.140558246000001,1790241406.0245469,0.0,0.0,0.0,0.0
10.156165828,1790241406.0402598,0.0,0.0,0.0,0.0
10.175528679000001,1790241406.0595746,0.0,0.0,0.0,0.0
10.177805923000001,1790241406.061798,0.0,0.0,0.0,0.0
10.180187958000001,1790241406.0641918,0.0,0.0,0.0,0.0
10.195419342000001,1790241406.0794458,0.0,0.0,0.0,0.0
10.216749644,1790241406.1009254,0.0,0.0,0.0,0.0
10.220103401000001,1790241406.1041415,0.0,0.0,0.0,0.0
10.222184290000001,1790241406.1061625,0.0,0.0,0.0,0.0
10.235359889000001,1790241406.1193857,0.0,0.0,0.0,0.0
10.25690243,1790241406.1410437,0.0,0.0,0.0,0.0
10.260563896,1790241406.144735,0.0,0.0,0.0,0.0
10.264062653,1790241406.1481354,0.0,0.0,0.0,0.0
10.274851319000001,1790241406.1588473,0.0,0.0,0.0,0.0
10.297577874,1790241406.1817431,0.0,0.0,0.0,0.0
10.301156891,1790241406.1852715,0.0,0.0,0.0,0.0
10.303466896,1790241406.187451,0.0,0.0,0.0,0.0
10.31567192,1790241406.1997325,0.0,0.0,0.0,0.0
10.335810604,1790241406.2198803,0.0,0.0,0.0,0.0
10.338356755000001,1790241406.2223928,0.0,0.0,0.0,0.0
10.340466499000001,1790241406.2244873,0.0,0.0,0.0,0.0
10.355538924000001,1790241406.239588,0.0,0.0,0.0,0.0
10.377944280000001,1790241406.2621198,0.0,0.0,0.0,0.0
10.381594600000001,1790241406.265691,0.0,0.0,0.0,0.0
10.384093979000001,1790241406.2680807,0.0,0.0,0.0,0.0
10.395663377,1790241406.2797065,0.0,0.0,0.0,0.0
10.415769353,1790241406.2998335,0.0,0.0,0.0,0.0
10.418284463,1790241406.302316,0.0,0.0,0.0,0.0
10.420511863,1790241406.3044991,0.0,0.0,0.0,0.0
10.435784288,1790241406.3198943,0.0,0.0,0.0,0.0
10.455496722000001,1790241406.3395364,0.0,0.0,0.0,0.0
10.457504851000001,1790241406.341611,0.0,0.0,0.0,0.0
10.459634387000001,1790241406.343643,0.0,0.0,0.0,0.0
10.475551918,1790241406.3595886,0.0,0.0,0.0,0.0
10.49724222,1790241406.3814063,0.0,0.0,0.0,0.0
10.500742591,1790241406.3849032,0.0,0.0,0.0,0.0
10.503320253,1790241406.3873017,0.0,0.0,0.0,0.0
10.515882881000001,1790241406.3999486,0.0,0.0,0.0,0.0
10.535750524000001,1790241406.4197922,0.0,0.0,0.0,0.0
10.537964747,1790241406.4219604,0.0,0.0,0.0,0.0
10.539961470000001,1790241406.4239337,0.0,0.0,0.0,0.0
10.556466814,1790241406.4405475,0.0,0.0,0.0,0.0
10.577067063000001,1790241406.4612322,0.0,0.0,0.0,0.0
10.580702903,1790241406.4649098,0.0,0.0,0.0,0.0
10.584169628000001,1790241406.4682548,0.0,0.0,0.0,0.0
10.594973972,1790241406.4790533,0.0,0.0,0.0,0.0
10.615995055,1790241406.5000477,0.0,0.0,0.0,0.0
10.618670789000001,1790241406.5026867,0.0,0.0,0.0,0.0
10.620973554,1790241406.5049734,0.0,0.0,0.0,0.0
10.635348686,1790241406.5193746,0.0,0.0,0.0,0.0
10.65704576,1790241406.5411894,0.0,0.0,0.0,0.0
10.660614412000001,1790241406.5448058,0.0,0.0,0.0,0.0
10.664136242000001,1790241406.5482028,0.0,0.0,0.0,0.0
10.674879544000001,1790241406.558889,0.0,0.0,0.0,0.0
10.69658693,1790241406.580791,0.0,0.0,0.0,0.0
10.699821416,1790241406.5838876,0.0,0.0,0.0,0.0
10.702603817,1790241406.5866435,0.0,0.0,0.0,0.0
10.715865249,1790241406.5999322,0.0,0.0,0.0,0.0
10.735795027,1790241406.61985,0.0,0.0,0.0,0.0
10.738326334,1790241406.6223629,0.0,0.0,0.0,0.0
10.740454984000001,1790241406.6244383,0.0,0.0,0.0,0.0
10.755760378000002,1790241406.6398225,0.0,0.0,0.0,0.0
10.776792607,1790241406.6610258,0.0,0.0,0.0,0.0
10.780061571000001,1790241406.6641588,0.0,0.0,0.0,0.0
10.783004077000001,1790241406.6669905,0.0,0.0,0.0,0.0
10.795600664,1790241406.6796877,0.0,0.0,0.0,0.0
10.815799349,1790241406.6998475,0.0,0.0,0.0,0.0
10.818248885000001,1790241406.7022657,0.0,0.0,0.0,0.0
10.820351545000001,1790241406.7043467,0.0,0.0,0.0,0.0
10.835543502,1790241406.7195969,0.0,0.0,0.0,0.0
10.857204586,1790241406.7413402,0.0,0.0,0.0,0.0
10.860707457,1790241406.744904,0.0,0.0,0.0,0.0
10.863299493000001,1790241406.747271,0.0,0.0,0.0,0.0
10.875820559000001,1790241406.7598965,0.0,0.0,0.0,0.0
10.895899609,1790241406.7799594,0.0,0.0,0.0,0.0
10.898450030000001,1790241406.782459,0.0,0.0,0.0,0.0
10.900669983,1790241406.784894,0.0,0.0,0.0,0.0
10.916061627000001,1790241406.8001354,0.0,0.0,0.0,0.0
10.935548332000002,1790241406.8196065,0.0,0.0,0.0,0.0
10.937793961,1790241406.821795,0.0,0.0,0.0,0.0
10.939818913,1790241406.8238108,0.0,0.0,0.0,0.0
10.955820298,1790241406.8398883,0.0,0.0,0.0,0.0
10.976789089,1790241406.8611531,0.0,0.0,0.0,0.0
10.980514044000001,1790241406.8646064,0.0,0.0,0.0,0.0
10.983964259,1790241406.8680484,0.0,0.0,0.0,0.0
10.99484803,1790241406.8788571,0.0,0.0,0.0,0.0
11.017245261000001,1790241406.9014404,0.0,0.0,0.0,0.0
11.020054277,1790241406.904067,0.0,0.0,0.0,0.0
11.022133187000001,1790241406.906176,0.0,0.0,0.0,0.0
11.035151286000001,1790241406.9191768,0.0,0.0,0.0,0.0
11.056155649,1790241406.9402528,0.0,0.0,0.0,0.0
11.058691592,1790241406.9427178,0.0,0.0,0.0,0.0
11.060761544,1790241406.9448538,0.0,0.0,0.0,0.0
11.074913029000001,1790241406.9589114,0.0,0.0,0.0,0.0
11.097465313,1790241406.9816132,0.0,0.0,0.0,0.0
11.101226726,1790241406.9853823,0.0,0.0,0.0,0.0
11.103678814,1790241406.9876714,0.0,0.0,0.0,0.0
11.115678734000001,1790241406.9997513,0.0,0.0,0.0,0.0
11.135783564,1790241407.019838,0.0,0.0,0.0,0.0
11.138351173,1790241407.022431,0.0,0.0,0.0,0.0
11.140899199000001,1790241407.0249622,0.0,0.0,0.0,0.0
11.155508446,1790241407.0395508,0.0,0.0,0.0,0.0
11.177310468,1790241407.0614483,0.0,0.0,0.0,0.0
11.181274850000001,1790241407.065395,0.0,0.0,0.0,0.0
11.183738657000001,1790241407.0677292,0.0,0.0,0.0,0.0
11.195528993,1790241407.079587,0.0,0.0,0.0,0.0
11.216484190000001,1790241407.1005657,0.0,0.0,0.0,0.0
11.219016278000002,1790241407.103044,0.0,0.0,0.0,0.0
11.221163261000001,1790241407.1051533,0.0,0.0,0.0,0.0
11.235488966,1790241407.1195178,0.0,0.0,0.0,0.0
11.257261873000001,1790241407.1414254,0.0,0.0,0.0,0.0
11.261205839,1790241407.1453328,0.0,0.0,0.0,0.0
11.263654906000001,1790241407.1476505,0.0,0.0,0.0,0.0
11.275687898000001,1790241407.1597254,0.0,0.0,0.0,0.0
11.295784344000001,1790241407.1798515,0.0,0.0,0.0,0.0
11.298227213,1790241407.1822677,0.0,0.0,0.0,0.0
11.300472217000001,1790241407.18447,0.0,0.0,0.0,0.0
11.316047143,1790241407.2001421,0.0,0.0,0.0,0.0
11.335493535000001,1790241407.2195327,0.0,0.0,0.0,0.0
11.338114842000001,1790241407.2223756,0.0,0.0,0.0,0.0
11.340783702000001,1790241407.224936,0.0,0.0,0.0,0.0
11.355370397000002,1790241407.2393982,0.0,0.0,0.0,0.0
11.377358096,1790241407.261523,0.0,0.0,0.0,0.0
11.380762634,1790241407.2649186,0.0,0.0,0.0,0.0
11.383285086,1790241407.267259,0.0,0.0,0.0,0.0
11.395581204,1790241407.2796679,0.0,0.0,0.0,0.0
11.415780983000001,1790241407.2998354,0.0,0.0,0.0,0.0
11.418208175,1790241407.3022165,0.0,0.0,0.0,0.0
11.420434794,1790241407.304439,0.0,0.0,0.0,0.0
11.436032012,1790241407.3201523,0.0,0.0,0.0,0.0
11.455554341000001,1790241407.3395798,0.0,0.0,0.0,0.0
11.457757366000001,1790241407.3417847,0.0,0.0,0.0,0.0
11.460237267,1790241407.3442469,0.0,0.0,0.0,0.0
11.475331359,1790241407.3593683,0.0,0.0,0.0,0.0
11.497262495000001,1790241407.381594,0.0,0.0,0.0,0.0
11.501035315000001,1790241407.385121,0.0,0.0,0.0,0.0
11.503417559,1790241407.3874168,0.0,0.0,0.0,0.0
11.51573701,1790241407.399794,0.0,0.0,0.0,0.0
11.535791320000001,1790241407.4198587,0.0,0.0,0.0,0.0
11.538256481000001,1790241407.4222875,0.0,0.0,0.0,0.0
11.540375235,1790241407.424371,0.0,0.0,0.0,0.0
11.555515473000002,1790241407.4395561,0.0,0.0,0.0,0.0
11.577461922000001,1790241407.4616709,0.0,0.0,0.0,0.0
11.581412085,1790241407.4655676,0.0,0.0,0.0,0.0
11.585169541,1790241407.4692633,0.0,0.0,0.0,0.0
11.594961331,1790241407.4789588,0.0,0.0,0.0,0.0
11.617255957000001,1790241407.5014431,0.0,0.0,0.0,0.0
11.620202265000001,1790241407.5041983,0.0,0.0,0.0,0.0
11.622298154000001,1790241407.5062835,0.0,0.0,0.0,0.0
11.635137398000001,1790241407.5191674,0.0,0.0,0.0,0.0
11.65714567,1790241407.5413122,0.0,0.0,0.0,0.0
11.660873333000001,1790241407.5449705,0.0,0.0,0.0,0.0
11.664351569,1790241407.5485246,0.0,0.0,0.0,0.0
11.674852736,1790241407.558849,0.0,0.0,0.0,0.0
11.696609809,1790241407.5808132,0.0,0.0,0.0,0.0
11.699707940000001,1790241407.5837843,0.0,0.0,0.0,0.0
11.70280904,1790241407.5868194,0.0,0.0,0.0,0.0
11.715868857,1790241407.5999556,0.0,0.0,0.0,0.0
11.7357315,1790241407.6197944,0.0,0.0,0.0,0.0
11.738281452,1790241407.622303,0.0,0.0,0.0,0.0
11.740437863,1790241407.6244226,0.0,0.0,0.0,0.0
11.755498778000002,1790241407.6395352,0.0,0.0,0.0,0.0
11.77692934,1790241407.6612713,0.0,0.0,0.0,0.0
11.780624087000001,1790241407.6647742,0.0,0.0,0.0,0.0
11.784334354,1790241407.6685255,0.0,0.0,0.0,0.0
11.794902239,1790241407.6789,0.0,0.0,0.0,0.0
11.816905720000001,1790241407.7010257,0.0,0.0,0.0,0.0
11.819730569,1790241407.7037494,0.0,0.0,0.0,0.0
11.821824583000001,1790241407.705821,0.0,0.0,0.0,0.0
11.835338151,1790241407.7193592,0.0,0.0,0.0,0.0
11.857147985000001,1790241407.7412922,0.0,0.0,0.0,0.0
11.860787211,1790241407.744928,0.0,0.0,0.0,0.0
11.864282114,1790241407.7483535,0.0,0.0,0.0,0.0
11.874848905,1790241407.758855,0.0,0.0,0.0,0.0
11.897279053,1790241407.7814732,0.0,0.0,0.0,0.0
11.89998562,1790241407.783987,0.0,0.0,0.0,0.0
11.902066197,1790241407.7860432,0.0,0.0,0.0,0.0
11.915222785000001,1790241407.7992501,0.0,0.0,0.0,0.0
11.93715762,1790241407.8213236,0.0,0.0,0.0,0.0
11.940872158000001,1790241407.8250372,0.0,0.0,0.0,0.0
11.944314821,1790241407.8283958,0.0,0.0,0.0,0.0
11.954826456000001,1790241407.8388202,0.0,0.0,0.0,0.0
11.977665250000001,1790241407.8618395,0.0,0.0,0.0,0.0
11.981537654,1790241407.8656971,0.0,0.0,0.0,0.0
11.984117398,1790241407.8681579,0.0,0.0,0.0,0.0
11.995680337000001,1790241407.8797226,0.0,0.0,0.0,0.0
12.015612251,1790241407.8996537,0.0,0.0,0.0,0.0
12.018006162,1790241407.9020548,0.0,0.0,0.0,0.0
12.020475073,1790241407.9044957,0.0,0.0,0.0,0.0
12.035318539,1790241407.9193416,0.0,0.0,0.0,0.0
12.057090144,1790241407.9412515,0.0,0.0,0.0,0.0
12.060751662000001,1790241407.9449143,0.0,0.0,0.0,0.0
12.064200002000002,1790241407.9483087,0.0,0.0,0.0,0.0
12.074845856000001,1790241407.9588544,0.0,0.0,0.0,0.0
12.096623085000001,1790241407.9808326,0.0,0.0,0.0,0.0
12.099532206000001,1790241407.9835508,0.0,0.0,0.0,0.0
12.101665856,1790241407.9856489,0.0,0.0,0.0,0.0
12.115558591000001,1790241407.9995894,0.0,0.0,0.0,0.0
12.137394571000002,1790241408.0215354,0.0,0.0,0.0,0.0
12.14107463,1790241408.025198,0.0,0.0,0.0,0.0
12.143358072000002,1790241408.0273194,0.0,0.0,0.0,0.0
12.155756638000002,1790241408.039815,0.0,0.0,0.0,0.0
12.175584541000001,1790241408.0596368,0.0,0.0,0.0,0.0
12.178035535000001,1790241408.062052,0.0,0.0,0.0,0.0
12.180482206,1790241408.0644858,0.0,0.0,0.0,0.0
12.19534885,1790241408.0793931,0.0,0.0,0.0,0.0
12.217217017000001,1790241408.101394,0.0,0.0,0.0,0.0
12.220906295,1790241408.1050196,0.0,0.0,0.0,0.0
12.223357290000001,1790241408.107329,0.0,0.0,0.0,0.0
12.235861481,1790241408.1199133,0.0,0.0,0.0,0.0
12.256211155,1790241408.1402788,0.0,0.0,0.0,0.0
12.258710587000001,1790241408.142743,0.0,0.0,0.0,0.0
12.261527780000002,1790241408.1456115,0.0,0.0,0.0,0.0
12.275903433000002,1790241408.159963,0.0,0.0,0.0,0.0
12.295587274,1790241408.1796277,0.0,0.0,0.0,0.0
12.297803111,1790241408.1818037,0.0,0.0,0.0,0.0
12.299875719000001,1790241408.1838498,0.0,0.0,0.0,0.0
12.315518823000001,1790241408.1995568,0.0,0.0,0.0,0.0
12.335461986,1790241408.2195296,0.0,0.0,0.0,0.0
12.337423709000001,1790241408.221442,0.0,0.0,0.0,0.0
12.355262858000001,1790241408.2392912,0.0,0.0,0.0,0.0
12.357169737000001,1790241408.2411897,0.0,0.0,0.0,0.0
12.375203313,1790241408.2592103,0.0,0.0,0.0,0.0
12.377009150000001,1790241408.2610161,0.0,0.0,0.0,0.0
12.395243977000002,1790241408.279305,0.0,0.0,0.0,0.0
12.397150387,1790241408.2811675,0.0,0.0,0.0,0.0
12.399078308,1790241408.2830913,0.0,0.0,0.0,0.0
12.415085735,1790241408.2991037,0.0,0.0,0.0,0.0
12.435198169000001,1790241408.3192444,0.0,0.0,0.0,0.0
12.437259163,1790241408.3212998,0.0,0.0,0.0,0.0
12.439081771000001,1790241408.3231242,0.0,0.0,0.0,0.0
12.455267687000001,1790241408.339289,0.0,0.0,0.0,0.0
12.475193143,1790241408.35922,0.0,0.0,0.0,0.0
12.477037678,1790241408.3610504,0.0,0.0,0.0,0.0
12.495193754,1790241408.3792214,0.0,0.0,0.0,0.0
12.497092456,1790241408.3811104,0.0,0.0,0.0,0.0
12.515205356000001,1790241408.3992462,0.0,0.0,0.0,0.0
12.517143537,1790241408.4011922,0.0,0.0,0.0,0.0
12.535229874,1790241408.419316,0.0,0.0,0.0,0.0
12.537195607000001,1790241408.4213078,0.0,0.0,0.0,0.0
12.539069204,1790241408.4230773,0.0,0.0,0.0,0.0
12.555325382000001,1790241408.4393764,0.0,0.0,0.0,0.0
12.575238233,1790241408.4592707,0.0,0.0,0.0,0.0
12.577169382000001,1790241408.461274,0.0,0.0,0.0,0.0
12.579053344,1790241408.4630866,0.0,0.0,0.0,0.0
12.595197334000002,1790241408.4792085,0.0,0.0,0.0,0.0
12.615216227000001,1790241408.4992456,0.0,0.0,0.0,0.0
12.617106178,1790241408.5011427,0.0,0.0,0.0,0.0
12.635195276000001,1790241408.5192041,0.0,0.0,0.0,0.0
12.636980905000001,1790241408.5209956,0.0,0.0,0.0,0.0
12.655195523000002,1790241408.5392294,0.0,0.0,0.0,0.0
12.657124017000001,1790241408.541148,0.0,0.0,0.0,0.0
12.675150354000001,1790241408.5591884,0.0,0.0,0.0,0.0
12.677004940000002,1790241408.5610266,0.0,0.0,0.0,0.0
12.695160497000002,1790241408.5792015,0.0,0.0,0.0,0.0
12.697044511000001,1790241408.5810647,0.0,0.0,0.0,0.0
12.715215067,1790241408.5992515,0.0,0.0,0.0,0.0
12.717064185,1790241408.6011395,0.0,0.0,0.0,0.0
12.718980491,1790241408.6030085,0.0,0.0,0.0,0.0
12.735205939,1790241408.619229,0.0,0.0,0.0,0.0
12.755135769,1790241408.6391678,0.0,0.0,0.0,0.0
12.756998689000001,1790241408.6410306,0.0,0.0,0.0,0.0
12.775194454000001,1790241408.6592193,0.0,0.0,0.0,0.0
12.777081958,1790241408.661099,0.0,0.0,0.0,0.0
12.795286107,1790241408.6793542,0.0,0.0,0.0,0.0
12.797189757,1790241408.6812067,0.0,0.0,0.0,0.0
12.815433126,1790241408.69949,0.0,0.0,0.0,0.0
12.817365317,1790241408.7015047,0.0,0.0,0.0,0.0
12.819213185,1790241408.7032173,0.0,0.0,0.0,0.0
12.835246810000001,1790241408.7193112,0.0,0.0,0.0,0.0
12.85524013,1790241408.7392666,0.0,0.0,0.0,0.0
12.857053050000001,1790241408.741193,0.0,0.0,0.0,0.0
12.858971127,1790241408.7429874,0.0,0.0,0.0,0.0
12.875211471,1790241408.7592485,0.0,0.0,0.0,0.0
12.895360052000001,1790241408.7793772,0.0,0.0,0.0,0.0
12.897167190000001,1790241408.7812016,0.0,0.0,0.0,0.0
12.915206600000001,1790241408.7992578,0.0,0.0,0.0,0.0
12.917146135000001,1790241408.8011692,0.0,0.0,0.0,0.0
12.935314348,1790241408.8193665,0.0,0.0,0.0,0.0
12.937195237000001,1790241408.8212888,0.0,0.0,0.0,0.0
12.939253522000001,1790241408.8232877,0.0,0.0,0.0,0.0
12.955220480000001,1790241408.839278,0.0,0.0,0.0,0.0
12.975326196000001,1790241408.8593655,0.0,0.0,0.0,0.0
12.977296929000001,1790241408.8613272,0.0,0.0,0.0,0.0
12.979098287000001,1790241408.8631072,0.0,0.0,0.0,0.0
12.995241079000001,1790241408.8792613,0.0,0.0,0.0,0.0
13.015152992,1790241408.8991847,0.0,0.0,0.0,0.0
13.017016954,1790241408.9010398,0.0,0.0,0.0,0.0
13.035240115,1790241408.9192834,0.0,0.0,0.0,0.0
13.037186993,1790241408.9212003,0.0,0.0,0.0,0.0
13.055175257,1790241408.9392273,0.0,0.0,0.0,0.0
13.057099011,1790241408.9411395,0.0,0.0,0.0,0.0
13.059053546000001,1790241408.9430718,0.0,0.0,0.0,0.0
13.075217692,1790241408.959264,0.0,0.0,0.0,0.0
13.095310648000002,1790241408.9793525,0.0,0.0,0.0,0.0
13.097287475000002,1790241408.9813116,0.0,0.0,0.0,0.0
13.099081488000001,1790241408.9830935,0.0,0.0,0.0,0.0
13.115275582,1790241408.9993083,0.0,0.0,0.0,0.0
13.135252027,1790241409.0192628,0.0,0.0,0.0,0.0
13.137094583000001,1790241409.0211284,0.0,0.0,0.0,0.0
13.15516842,1790241409.0391862,0.0,0.0,0.0,0.0
13.157005194000002,1790241409.0410323,0.0,0.0,0.0,0.0
13.175169709,1790241409.0591865,0.0,0.0,0.0,0.0
13.177046275,1790241409.0610693,0.0,0.0,0.0,0.0
13.195200946000002,1790241409.0792603,0.0,0.0,0.0,0.0
13.197098397000001,1790241409.0811162,0.0,0.0,0.0,0.0
13.215357131000001,1790241409.0993876,0.0,0.0,0.0,0.0
13.217235311000001,1790241409.101291,0.0,0.0,0.0,0.0
13.219069377,1790241409.1030724,0.0,0.0,0.0,0.0
13.23530118,1790241409.1193209,0.0,0.0,0.0,0.0
13.255257364,1790241409.1392894,0.0,0.0,0.0,0.0
13.257235701,1790241409.1413102,0.0,0.0,0.0,0.0
13.259066434000001,1790241409.143107,0.0,0.0,0.0,0.0
13.275215424,1790241409.1592464,0.0,0.0,0.0,0.0
13.295325411,1790241409.179338,0.0,0.0,0.0,0.0
13.297191456,1790241409.181205,0.0,0.0,0.0,0.0
13.315271647000001,1790241409.199321,0.0,0.0,0.0,0.0
13.317174515000001,1790241409.2011964,0.0,0.0,0.0,0.0
13.335164394000001,1790241409.2191668,0.0,0.0,0.0,0.0
13.336792783000002,1790241409.2208507,0.0,0.0,0.0,0.0
13.355128443000002,1790241409.2391667,0.0,0.0,0.0,0.0
13.357052249,1790241409.241103,0.0,0.0,0.0,0.0
13.358936367,1790241409.242948,0.0,0.0,0.0,0.0
13.375241347000001,1790241409.2592766,0.0,0.0,0.0,0.0
13.395100656,1790241409.279124,0.0,0.0,0.0,0.0
13.396881232,1790241409.280919,0.0,0.0,0.0,0.0
13.415212205000001,1790241409.2992508,0.0,0.0,0.0,0.0
13.417082157000001,1790241409.3010821,0.0,0.0,0.0,0.0
13.435083650000001,1790241409.319103,0.0,0.0,0.0,0.0
13.436736206,1790241409.3207915,0.0,0.0,0.0,0.0
13.455206658000002,1790241409.3392708,0.0,0.0,0.0,0.0
13.457200672,1790241409.341343,0.0,0.0,0.0,0.0
13.45911328,1790241409.3431294,0.0,0.0,0.0,0.0
13.475218207000001,1790241409.3592393,0.0,0.0,0.0,0.0
13.495171475000001,1790241409.3791988,0.0,0.0,0.0,0.0
13.497010802,1790241409.381103,0.0,0.0,0.0,0.0
13.498852055,1790241409.3828783,0.0,0.0,0.0,0.0
13.515275524000002,1790241409.3992984,0.0,0.0,0.0,0.0
13.535238584,1790241409.4192727,0.0,0.0,0.0,0.0
13.537113744000001,1790241409.421123,0.0,0.0,0.0,0.0
13.55511706,1790241409.4391308,0.0,0.0,0.0,0.0
13.556958626,1790241409.4409873,0.0,0.0,0.0,0.0
13.575150016,1790241409.4591906,0.0,0.0,0.0,0.0
13.576939759,1790241409.4609983,0.0,0.0,0.0,0.0
13.595156044000001,1790241409.4791772,0.0,0.0,0.0,0.0
13.597018287000001,1790241409.4811597,0.0,0.0,0.0,0.0
13.598932093,1790241409.4829428,0.0,0.0,0.0,0.0
13.61517577,1790241409.4991944,0.0,0.0,0.0,0.0
13.635174194000001,1790241409.51919,0.0,0.0,0.0,0.0
13.637000552000002,1790241409.5210335,0.0,0.0,0.0,0.0
13.655185223,1790241409.539221,0.0,0.0,0.0,0.0
13.657086841000002,1790241409.5411232,0.0,0.0,0.0,0.0
13.675241408000002,1790241409.5592597,0.0,0.0,0.0,0.0
13.677126203,1790241409.5611606,0.0,0.0,0.0,0.0
13.695140821,1790241409.5791655,0.0,0.0,0.0,0.0
13.697070929,1790241409.5811086,0.0,0.0,0.0,0.0
13.715173360000001,1790241409.599236,0.0,0.0,0.0,0.0
13.717071697000002,1790241409.6011066,0.0,0.0,0.0,0.0
13.719005242000001,1790241409.603032,0.0,0.0,0.0,0.0
13.735158347,1790241409.6191814,0.0,0.0,0.0,0.0
13.755175625000001,1790241409.6392086,0.0,0.0,0.0,0.0
13.757113025,1790241409.641129,0.0,0.0,0.0,0.0
13.775175924000001,1790241409.659194,0.0,0.0,0.0,0.0
13.777032438,1790241409.6610482,0.0,0.0,0.0,0.0
13.795192578,1790241409.6792345,0.0,0.0,0.0,0.0
13.796966644000001,1790241409.6809726,0.0,0.0,0.0,0.0
13.815228762,1790241409.6992986,0.0,0.0,0.0,0.0
13.817152464000001,1790241409.701316,0.0,0.0,0.0,0.0
13.819155957000001,1790241409.7031882,0.0,0.0,0.0,0.0
13.835109009000002,1790241409.7191372,0.0,0.0,0.0,0.0
13.855231184,1790241409.7392726,0.0,0.0,0.0,0.0
13.857167125,1790241409.741191,0.0,0.0,0.0,0.0
13.875220337,1790241409.7592418,0.0,0.0,0.0,0.0
13.877095341,1790241409.7611334,0.0,0.0,0.0,0.0
13.895104073,1790241409.779127,0.0,0.0,0.0,0.0
13.896974025,1790241409.7810354,0.0,0.0,0.0,0.0
13.915264477000001,1790241409.7993076,0.0,0.0,0.0,0.0
13.917105470000001,1790241409.8011146,0.0,0.0,0.0,0.0
13.935279151000001,1790241409.8193614,0.0,0.0,0.0,0.0
13.937179572000002,1790241409.8211932,0.0,0.0,0.0,0.0
13.9390827,1790241409.8231142,0.0,0.0,0.0,0.0
13.955171586,1790241409.8391907,0.0,0.0,0.0,0.0
13.975294802,1790241409.8593292,0.0,0.0,0.0,0.0
13.977299129,1790241409.8613198,0.0,0.0,0.0,0.0
13.979060642,1790241409.8630733,0.0,0.0,0.0,0.0
13.995167965,1790241409.8792112,0.0,0.0,0.0,0.0
14.015295661000001,1790241409.899324,0.0,0.0,0.0,0.0
14.017278633,1790241409.901291,0.0,0.0,0.0,0.0
14.035207835000001,1790241409.9192495,0.0,0.0,0.0,0.0
14.037117474,1790241409.9211493,0.0,0.0,0.0,0.0
14.055232821,1790241409.9392781,0.0,0.0,0.0,0.0
14.057113085000001,1790241409.941133,0.0,0.0,0.0,0.0
14.075185308,1790241409.9592483,0.0,0.0,0.0,0.0
14.077172343,1790241409.9612534,0.0,0.0,0.0,0.0
14.079066565000002,1790241409.9630919,0.0,0.0,0.0,0.0
14.095378941000002,1790241409.9794357,0.0,0.0,0.0,0.0
14.115254969,1790241409.9992855,0.0,0.0,0.0,0.0
14.117190077,1790241410.001224,0.0,0.0,0.0,0.0
14.118985653000001,1790241410.0029945,0.0,0.0,0.0,0.0
14.135375372,1790241410.0194325,0.0,0.0,0.0,0.0
14.155210515,1790241410.0392218,0.0,0.0,0.0,0.0
14.157005831000001,1790241410.0410328,0.0,0.0,0.0,0.0
14.17520097,1790241410.059229,0.0,0.0,0.0,0.0
14.177107797000001,1790241410.0611393,0.0,0.0,0.0,0.0
14.195181165000001,1790241410.0792508,0.0,0.0,0.0,0.0
14.197070544,1790241410.081094,0.0,0.0,0.0,0.0
14.215253027000001,1790241410.0992885,0.0,0.0,0.0,0.0
14.217118187,1790241410.1013024,0.0,0.0,0.0,0.0
14.219085326,1790241410.103111,0.0,0.0,0.0,0.0
14.235256087000002,1790241410.1192815,0.0,0.0,0.0,0.0
14.255275813,1790241410.1393063,0.0,0.0,0.0,0.0
14.257156077000001,1790241410.14118,0.0,0.0,0.0,0.0
14.275295696,1790241410.1593359,0.0,0.0,0.0,0.0
14.277144137,1790241410.1611598,0.0,0.0,0.0,0.0
14.295208807000002,1790241410.179228,0.0,0.0,0.0,0.0
14.297068446,1790241410.1810944,0.0,0.0,0.0,0.0
14.315176346000001,1790241410.1991909,0.0,0.0,0.0,0.0
14.316918433000001,1790241410.2009187,0.0,0.0,0.0,0.0
14.335256906000001,1790241410.21928,0.0,0.0,0.0,0.0
14.337072482000002,1790241410.2212386,0.0,0.0,0.0,0.0
14.338991340000002,1790241410.2230034,0.0,0.0,0.0,0.0
14.355164809000001,1790241410.2391958,0.0,0.0,0.0,0.0
14.375353181000001,1790241410.2593772,0.0,0.0,0.0,0.0
14.377215268,1790241410.2612457,0.0,0.0,0.0,0.0
14.395176084000001,1790241410.2792017,0.0,0.0,0.0,0.0
14.397142338,1790241410.2812116,0.0,0.0,0.0,0.0
14.415195133000001,1790241410.299225,0.0,0.0,0.0,0.0
14.417036387000001,1790241410.3010554,0.0,0.0,0.0,0.0
14.435173297,1790241410.3192048,0.0,0.0,0.0,0.0
14.436967051000002,1790241410.3210042,0.0,0.0,0.0,0.0
14.455186148000001,1790241410.3391964,0.0,0.0,0.0,0.0
14.456913391,1790241410.3409157,0.0,0.0,0.0,0.0
14.458723187,1790241410.3427153,0.0,0.0,0.0,0.0
14.475236448,1790241410.3592577,0.0,0.0,0.0,0.0
14.495196903,1790241410.3792193,0.0,0.0,0.0,0.0
14.496980604,1790241410.3809936,0.0,0.0,0.0,0.0
14.515276317000001,1790241410.3993115,0.0,0.0,0.0,0.0
14.517132362000002,1790241410.4011488,0.0,0.0,0.0,0.0
14.535209949,1790241410.4192262,0.0,0.0,0.0,0.0
14.53703063,1790241410.4210598,0.0,0.0,0.0,0.0
14.55522603,1790241410.439244,0.0,0.0,0.0,0.0
14.557045512,1790241410.4410648,0.0,0.0,0.0,0.0
14.575209766,1790241410.4592674,0.0,0.0,0.0,0.0
14.577122062,1790241410.4611342,0.0,0.0,0.0,0.0
14.595246628000002,1790241410.4792857,0.0,0.0,0.0,0.0
14.597221111000001,1790241410.4813635,0.0,0.0,0.0,0.0
14.599142209,1790241410.4831674,0.0,0.0,0.0,0.0
14.615191042000001,1790241410.4992282,0.0,0.0,0.0,0.0
14.635231862000001,1790241410.5192518,0.0,0.0,0.0,0.0
14.637058272,1790241410.5210955,0.0,0.0,0.0,0.0
14.638912859000001,1790241410.5229263,0.0,0.0,0.0,0.0
14.655139400000001,1790241410.5391555,0.0,0.0,0.0,0.0
14.675189023000001,1790241410.5592082,0.0,0.0,0.0,0.0
14.677076735000002,1790241410.5611284,0.0,0.0,0.0,0.0
14.695119582,1790241410.5791502,0.0,0.0,0.0,0.0
14.69693969,1790241410.5809598,0.0,0.0,0.0,0.0
14.715180298000002,1790241410.5992174,0.0,0.0,0.0,0.0
14.717092854,1790241410.6011312,0.0,0.0,0.0,0.0
14.735240754000001,1790241410.61933,0.0,0.0,0.0,0.0
14.737414872,1790241410.6216242,0.0,0.0,0.0,0.0
14.739593574,1790241410.623648,0.0,0.0,0.0,0.0
14.755666991000002,1790241410.6397312,0.0,0.0,0.0,0.0
14.775539009000001,1790241410.6595757,0.0,0.0,0.0,0.0
14.777759221,1790241410.6618023,0.0,0.0,0.0,0.0
14.779776882,1790241410.663804,0.0,0.0,0.0,0.0
14.795498995,1790241410.6795406,0.0,0.0,0.0,0.0
14.815523461000002,1790241410.6995597,0.0,0.0,0.0,0.0
14.817719195,1790241410.7017589,0.0,0.0,0.0,0.0
14.819744094,1790241410.7037687,0.0,0.0,0.0,0.0
14.835484646000001,1790241410.719536,0.0,0.0,0.0,0.0
14.855273382000002,1790241410.7392998,0.0,0.0,0.0,0.0
14.857159063000001,1790241410.7412617,0.0,0.0,0.0,0.0
14.85903391,1790241410.743052,0.0,0.0,0.0,0.0
14.875218108,1790241410.7592518,0.0,0.0,0.0,0.0
14.895253720000001,1790241410.7792761,0.0,0.0,0.0,0.0
14.897230078000002,1790241410.781258,0.0,0.0,0.0,0.0
14.899054977,1790241410.7830799,0.0,0.0,0.0,0.0
14.915241727000002,1790241410.7992642,0.0,0.0,0.0,0.0
14.935313693000001,1790241410.8193452,0.0,0.0,0.0,0.0
14.937189947,1790241410.8212092,0.0,0.0,0.0,0.0
14.95534967,1790241410.839359,0.0,0.0,0.0,0.0
14.957048996000001,1790241410.841027,0.0,0.0,0.0,0.0
14.975252104,1790241410.8592825,0.0,0.0,0.0,0.0
14.977119243,1790241410.8611565,0.0,0.0,0.0,0.0
14.995173861000001,1790241410.8791943,0.0,0.0,0.0,0.0
14.9969985,1790241410.8810403,0.0,0.0,0.0,0.0
15.015344734000001,1790241410.8993745,0.0,0.0,0.0,0.0
15.017189425000002,1790241410.9012163,0.0,0.0,0.0,0.0
15.018955053,1790241410.9029512,0.0,0.0,0.0,0.0
15.035165814,1790241410.9191775,0.0,0.0,0.0,0.0
15.055492780000002,1790241410.939546,0.0,0.0,0.0,0.0
15.057593514,1790241410.9416432,0.0,0.0,0.0,0.0
15.075541309,1790241410.959691,0.0,0.0,0.0,0.0
15.078060220000001,1790241410.9621255,0.0,0.0,0.0,0.0
15.080132047000001,1790241410.9641738,0.0,0.0,0.0,0.0
15.095491295,1790241410.979534,0.0,0.0,0.0,0.0
15.115589407000002,1790241410.9996433,0.0,0.0,0.0,0.0
15.117939360000001,1790241411.001985,0.0,0.0,0.0,0.0
15.120009103000001,1790241411.0040557,0.0,0.0,0.0,0.0
15.135481112,1790241411.019531,0.0,0.0,0.0,0.0
15.155259224000002,1790241411.0393198,0.0,0.0,0.0,0.0
15.157135581,1790241411.0411553,0.0,0.0,0.0,0.0
15.175300929,1790241411.0593362,0.0,0.0,0.0,0.0
15.177223224,1790241411.0613718,0.0,0.0,0.0,0.0
15.17913427,1790241411.0631607,0.0,0.0,0.0,0.0
15.195291957,1790241411.0793197,0.0,0.0,0.0,0.0
15.215360121000002,1790241411.0994058,0.0,0.0,0.0,0.0
15.217315958,1790241411.101336,0.0,0.0,0.0,0.0
15.219101066,1790241411.1031554,0.0,0.0,0.0,0.0
15.235312295000002,1790241411.1193492,0.0,0.0,0.0,0.0
15.255228532,1790241411.139261,0.0,0.0,0.0,0.0
15.257215879,1790241411.1412556,0.0,0.0,0.0,0.0
15.275246487,1790241411.159298,0.0,0.0,0.0,0.0
15.27713946,1790241411.1611547,0.0,0.0,0.0,0.0
15.295326786,1790241411.1793838,0.0,0.0,0.0,0.0
15.297267415,1790241411.1812851,0.0,0.0,0.0,0.0
15.299158408,1790241411.183171,0.0,0.0,0.0,0.0
15.315377554000001,1790241411.199402,0.0,0.0,0.0,0.0
15.335296551,1790241411.2193189,0.0,0.0,0.0,0.0
15.337157597000001,1790241411.2212312,0.0,0.0,0.0,0.0
15.339005777,1790241411.2230258,0.0,0.0,0.0,0.0
15.355593934000002,1790241411.2396286,0.0,0.0,0.0,0.0
15.375448973000001,1790241411.259488,0.0,0.0,0.0,0.0
15.377559862000002,1790241411.2616134,0.0,0.0,0.0,0.0
15.379828565,1790241411.263863,0.0,0.0,0.0,0.0
15.395497814,1790241411.2795405,0.0,0.0,0.0,0.0
15.415497748000002,1790241411.2995539,0.0,0.0,0.0,0.0
15.417614836,1790241411.301788,0.0,0.0,0.0,0.0
15.419764163000002,1790241411.3038352,0.0,0.0,0.0,0.0
15.435546016000002,1790241411.319627,0.0,0.0,0.0,0.0
15.455234284000001,1790241411.3392673,0.0,0.0,0.0,0.0
15.457077829000001,1790241411.341119,0.0,0.0,0.0,0.0
15.45906377,1790241411.3430867,0.0,0.0,0.0,0.0
15.475177499,1790241411.3592105,0.0,0.0,0.0,0.0
15.495173476000002,1790241411.3792057,0.0,0.0,0.0,0.0
15.497150042000001,1790241411.3812025,0.0,0.0,0.0,0.0
15.498988431,1790241411.3830009,0.0,0.0,0.0,0.0
15.515171379000002,1790241411.3991804,0.0,0.0,0.0,0.0
15.535235376000001,1790241411.4192662,0.0,0.0,0.0,0.0
15.537100328000001,1790241411.4211314,0.0,0.0,0.0,0.0
15.555734999,1790241411.4398375,0.0,0.0,0.0,0.0
15.558047243,1790241411.4420826,0.0,0.0,0.0,0.0
15.560057716000001,1790241411.444112,0.0,0.0,0.0,0.0
15.575428423000002,1790241411.4594958,0.0,0.0,0.0,0.0
15.595461274000002,1790241411.4795184,0.0,0.0,0.0,0.0
15.597557476,1790241411.4817083,0.0,0.0,0.0,0.0
15.599739043000001,1790241411.483823,0.0,0.0,0.0,0.0
15.615595740000002,1790241411.499641,0.0,0.0,0.0,0.0
15.635597029000001,1790241411.519643,0.0,0.0,0.0,0.0
15.637751825,1790241411.5217884,0.0,0.0,0.0,0.0
15.639738912,1790241411.5237858,0.0,0.0,0.0,0.0
15.65529264,1790241411.5393353,0.0,0.0,0.0,0.0
15.675330179000001,1790241411.5593657,0.0,0.0,0.0,0.0
15.677349401,1790241411.5613825,0.0,0.0,0.0,0.0
15.679140915000001,1790241411.5632043,0.0,0.0,0.0,0.0
15.695185894000002,1790241411.5792053,0.0,0.0,0.0,0.0
15.715216818000002,1790241411.5992362,0.0,0.0,0.0,0.0
15.717061093000002,1790241411.6010935,0.0,0.0,0.0,0.0
15.735318784,1790241411.61935,0.0,0.0,0.0,0.0
15.737154673000001,1790241411.621182,0.0,0.0,0.0,0.0
15.755560751,1790241411.6396039,0.0,0.0,0.0,0.0
15.757789088,1790241411.6418269,0.0,0.0,0.0,0.0
15.759849509,1790241411.6439166,0.0,0.0,0.0,0.0
15.775533029000002,1790241411.6595845,0.0,0.0,0.0,0.0
15.795664682000002,1790241411.6797256,0.0,0.0,0.0,0.0
15.797938333000001,1790241411.6819775,0.0,0.0,0.0,0.0
15.799911826,1790241411.6840153,0.0,0.0,0.0,0.0
15.815588159,1790241411.6996372,0.0,0.0,0.0,0.0
15.835475749,1790241411.7195148,0.0,0.0,0.0,0.0
15.837721274000002,1790241411.7217693,0.0,0.0,0.0,0.0
15.839703257000002,1790241411.7237105,0.0,0.0,0.0,0.0
15.855496673000001,1790241411.7395506,0.0,0.0,0.0,0.0
15.875499993000002,1790241411.7595687,0.0,0.0,0.0,0.0
15.87762406,1790241411.7617075,0.0,0.0,0.0,0.0
15.879618283000001,1790241411.7636287,0.0,0.0,0.0,0.0
15.895627793000001,1790241411.7796743,0.0,0.0,0.0,0.0
15.915602571,1790241411.7996619,0.0,0.0,0.0,0.0
15.917783877000002,1790241411.801819,0.0,0.0,0.0,0.0
15.919816902,1790241411.8038557,0.0,0.0,0.0,0.0
15.936377872000001,1790241411.8205485,0.0,0.0,0.0,0.0
15.956263639000001,1790241411.8402956,0.0,0.0,0.0,0.0
15.958360623,1790241411.842379,0.0,0.0,0.0,0.0
15.96013448,1790241411.8441503,0.0,0.0,0.0,0.0
15.975335135000002,1790241411.8593957,0.0,0.0,0.0,0.0
15.995223350000002,1790241411.879275,0.0,0.0,0.0,0.0
15.997057989000002,1790241411.881075,0.0,0.0,0.0,0.0
16.016257193,1790241411.9003549,0.0,0.0,0.0,0.0
16.018500999,1790241411.9025369,0.0,0.0,0.0,0.0
16.020304545000002,1790241411.9043412,0.0,0.0,0.0,0.0
16.035720824000002,1790241411.9197576,0.0,0.0,0.0,0.0
16.055194039,1790241411.9392307,0.0,0.0,0.0,0.0
16.057034303000002,1790241411.9410625,0.0,0.0,0.0,0.0
16.05907014,1790241411.943093,0.0,0.0,0.0,0.0
16.075526006,1790241411.959594,0.0,0.0,0.0,0.0
16.09555469,1790241411.9796207,0.0,0.0,0.0,0.0
16.09797782,1790241411.9820173,0.0,0.0,0.0,0.0
16.099993605,1790241411.9840271,0.0,0.0,0.0,0.0
16.115553114,1790241411.9996192,0.0,0.0,0.0,0.0
16.135864716,1790241412.0199692,0.0,0.0,0.0,0.0
16.138055398000002,1790241412.0220973,0.0,0.0,0.0,0.0
16.140120141,1790241412.024151,0.0,0.0,0.0,0.0
16.155462202000002,1790241412.0395188,0.0,0.0,0.0,0.0
16.175182292000002,1790241412.0592122,0.0,0.0,0.0,0.0
16.177087609,1790241412.0611265,0.0,0.0,0.0,0.0
16.195661394000002,1790241412.0797594,0.0,0.0,0.0,0.0
16.197813586000002,1790241412.0820034,0.0,0.0,0.0,0.0
16.199936403000002,1790241412.083969,0.0,0.0,0.0,0.0
16.215433776,1790241412.0994833,0.0,0.0,0.0,0.0
16.235858191000002,1790241412.119906,0.0,0.0,0.0,0.0
16.238049758000002,1790241412.1220882,0.0,0.0,0.0,0.0
16.240099866,1790241412.1241806,0.0,0.0,0.0,0.0
16.255315104,1790241412.1393292,0.0,0.0,0.0,0.0
16.276573478,1790241412.160801,0.0,0.0,0.0,0.0
16.279584682,1790241412.163604,0.0,0.0,0.0,0.0
16.281700676,1790241412.1656802,0.0,0.0,0.0,0.0
16.295347942,1790241412.1793842,0.0,0.0,0.0,0.0
16.317286786,1790241412.2014582,0.0,0.0,0.0,0.0
16.32087122,1790241412.204953,0.0,0.0,0.0,0.0
16.324262841,1790241412.2083676,0.0,0.0,0.0,0.0
16.335280779,1790241412.2192912,0.0,0.0,0.0,0.0
16.356652435,1790241412.24083,0.0,0.0,0.0,0.0
16.359597701000002,1790241412.2436006,0.0,0.0,0.0,0.0
16.361687601,1790241412.2456667,0.0,0.0,0.0,0.0
16.375378149,1790241412.259407,0.0,0.0,0.0,0.0
16.397013972,1790241412.281174,0.0,0.0,0.0,0.0
16.400579916,1790241412.2847352,0.0,0.0,0.0,0.0
16.4040506,1790241412.2881637,0.0,0.0,0.0,0.0
16.415111194,1790241412.299124,0.0,0.0,0.0,0.0
16.437135351000002,1790241412.3212967,0.0,0.0,0.0,0.0
16.439978065000002,1790241412.3239918,0.0,0.0,0.0,0.0
16.44208708,1790241412.3261395,0.0,0.0,0.0,0.0
16.455413460000003,1790241412.3394256,0.0,0.0,0.0,0.0
16.477135377,1790241412.3613062,0.0,0.0,0.0,0.0
16.480870696,1790241412.365023,0.0,0.0,0.0,0.0
16.484299766,1790241412.3683693,0.0,0.0,0.0,0.0
16.494842859000002,1790241412.3788383,0.0,0.0,0.0,0.0
16.517400246,1790241412.4015715,0.0,0.0,0.0,0.0
16.521188795,1790241412.405278,0.0,0.0,0.0,0.0
16.523638904000002,1790241412.4076262,0.0,0.0,0.0,0.0
16.53567799,1790241412.4197304,0.0,0.0,0.0,0.0
16.55631803,1790241412.4403784,0.0,0.0,0.0,0.0
16.558993191000003,1790241412.4430127,0.0,0.0,0.0,0.0
16.561146946,1790241412.4451408,0.0,0.0,0.0,0.0
16.575512807000003,1790241412.4595635,0.0,0.0,0.0,0.0
16.597276859,1790241412.481441,0.0,0.0,0.0,0.0
16.600763481,1790241412.484918,0.0,0.0,0.0,0.0
16.604200987000002,1790241412.4882772,0.0,0.0,0.0,0.0
16.614938925,1790241412.4989488,0.0,0.0,0.0,0.0
16.637237718,1790241412.521481,0.0,0.0,0.0,0.0
16.640087567000002,1790241412.5241022,0.0,0.0,0.0,0.0
16.642210123,1790241412.526196,0.0,0.0,0.0,0.0
16.655150617,1790241412.5391617,0.0,0.0,0.0,0.0
16.677137795,1790241412.5613034,0.0,0.0,0.0,0.0
16.680793479000002,1790241412.5649893,0.0,0.0,0.0,0.0
16.68428833,1790241412.568375,0.0,0.0,0.0,0.0
16.694841475,1790241412.578835,0.0,0.0,0.0,0.0
16.717632248,1790241412.601775,0.0,0.0,0.0,0.0
16.721155432,1790241412.6052907,0.0,0.0,0.0,0.0
16.723503145000002,1790241412.6074722,0.0,0.0,0.0,0.0
16.735673273,1790241412.6197498,0.0,0.0,0.0,0.0
16.755828624,1790241412.6398804,0.0,0.0,0.0,0.0
16.758291546000002,1790241412.6423085,0.0,0.0,0.0,0.0
16.760386185,1790241412.64446,0.0,0.0,0.0,0.0
16.775518610000002,1790241412.6595724,0.0,0.0,0.0,0.0
16.79725235,1790241412.6814137,0.0,0.0,0.0,0.0
16.800784232,1790241412.6849532,0.0,0.0,0.0,0.0
16.803343091000002,1790241412.6873171,0.0,0.0,0.0,0.0
16.815845355,1790241412.6999025,0.0,0.0,0.0,0.0
16.835360393000002,1790241412.7193975,0.0,0.0,0.0,0.0
16.837583522000003,1790241412.7215784,0.0,0.0,0.0,0.0
16.840142381,1790241412.724162,0.0,0.0,0.0,0.0
16.855332515,1790241412.7393658,0.0,0.0,0.0,0.0
16.877199797,1790241412.7613585,0.0,0.0,0.0,0.0
16.880931106000002,1790241412.7650402,0.0,0.0,0.0,0.0
16.883383975,1790241412.7673693,0.0,0.0,0.0,0.0
16.895640405,1790241412.7796817,0.0,0.0,0.0,0.0
16.915616746,1790241412.7996721,0.0,0.0,0.0,0.0
16.918091386,1790241412.8021386,0.0,0.0,0.0,0.0
16.92056285,1790241412.8045635,0.0,0.0,0.0,0.0
16.935700535000002,1790241412.8197556,0.0,0.0,0.0,0.0
16.956769743000002,1790241412.8409648,0.0,0.0,0.0,0.0
16.959911572,1790241412.8439786,0.0,0.0,0.0,0.0
16.96297689,1790241412.8469825,0.0,0.0,0.0,0.0
16.975579831,1790241412.8596196,0.0,0.0,0.0,0.0
16.995805495000003,1790241412.8798811,0.0,0.0,0.0,0.0
16.998297531000002,1790241412.8823187,0.0,0.0,0.0,0.0
17.00047764,1790241412.884476,0.0,0.0,0.0,0.0
17.015481575000003,1790241412.8995314,0.0,0.0,0.0,0.0
17.036999064,1790241412.921182,0.0,0.0,0.0,0.0
17.040580998,1790241412.9247124,0.0,0.0,0.0,0.0
17.044168662,1790241412.928329,0.0,0.0,0.0,0.0
17.055056495000002,1790241412.9390566,0.0,0.0,0.0,0.0
17.076338776,1790241412.9604185,0.0,0.0,0.0,0.0
17.07912425,1790241412.9631767,0.0,0.0,0.0,0.0
17.082071027,1790241412.9660895,0.0,0.0,0.0,0.0
17.095591261000003,1790241412.9796634,0.0,0.0,0.0,0.0
17.115592810000003,1790241412.9996295,0.0,0.0,0.0,0.0
17.11802818,1790241413.0020425,0.0,0.0,0.0,0.0
17.120489695,1790241413.0044909,0.0,0.0,0.0,0.0
17.135318265000002,1790241413.0193536,0.0,0.0,0.0,0.0
17.157206172000002,1790241413.0413437,0.0,0.0,0.0,0.0
17.160461855,1790241413.0444505,0.0,0.0,0.0,0.0
17.162367328000002,1790241413.046338,0.0,0.0,0.0,0.0
17.175313707,1790241413.0593348,0.0,0.0,0.0,0.0
17.197113697000002,1790241413.0812786,0.0,0.0,0.0,0.0
17.200854902,1790241413.0849466,0.0,0.0,0.0,0.0
17.204286055,1790241413.0883741,0.0,0.0,0.0,0.0
17.214852534000002,1790241413.0988512,0.0,0.0,0.0,0.0
17.237249087000002,1790241413.1214297,0.0,0.0,0.0,0.0
17.240787688,1790241413.1249497,0.0,0.0,0.0,0.0
17.243305401,1790241413.1272802,0.0,0.0,0.0,0.0
17.25589303,1790241413.1399677,0.0,0.0,0.0,0.0
17.275788693000003,1790241413.159857,0.0,0.0,0.0,0.0
17.278170052,1790241413.1621666,0.0,0.0,0.0,0.0
17.296370504000002,1790241413.1805139,0.0,0.0,0.0,0.0
17.299649208,1790241413.1837137,0.0,0.0,0.0,0.0
17.302585047,1790241413.1866586,0.0,0.0,0.0,0.0
17.314880852,1790241413.1988773,0.0,0.0,0.0,0.0
17.337246416000003,1790241413.2214088,0.0,0.0,0.0,0.0
17.340706579000003,1790241413.224748,0.0,0.0,0.0,0.0
17.342641635,1790241413.2266061,0.0,0.0,0.0,0.0
17.355702806,1790241413.239742,0.0,0.0,0.0,0.0
17.375800293,1790241413.2598708,0.0,0.0,0.0,0.0
17.378458267000003,1790241413.2624958,0.0,0.0,0.0,0.0
17.380732646000002,1790241413.2647753,0.0,0.0,0.0,0.0
17.396066999000002,1790241413.280164,0.0,0.0,0.0,0.0
17.415870527000003,1790241413.2999413,0.0,0.0,0.0,0.0
17.418264542000003,1790241413.3022752,0.0,0.0,0.0,0.0
17.436153795000003,1790241413.3202603,0.0,0.0,0.0,0.0
17.439012967,1790241413.32306,0.0,0.0,0.0,0.0
17.441855681,1790241413.3259034,0.0,0.0,0.0,0.0
17.455576437,1790241413.3396497,0.0,0.0,0.0,0.0
17.475794809,1790241413.3598475,0.0,0.0,0.0,0.0
17.478169657000002,1790241413.362167,0.0,0.0,0.0,0.0
17.496145578,1790241413.3802507,0.0,0.0,0.0,0.0
17.498966416000002,1790241413.3830142,0.0,0.0,0.0,0.0
17.50160413,1790241413.38563,0.0,0.0,0.0,0.0
17.51585447,1790241413.3999667,0.0,0.0,0.0,0.0
17.535817998000002,1790241413.4198713,0.0,0.0,0.0,0.0
17.538215763,1790241413.422221,0.0,0.0,0.0,0.0
17.556342048,1790241413.4404864,0.0,0.0,0.0,0.0
17.559474033,1790241413.4435506,0.0,0.0,0.0,0.0
17.562418623000003,1790241413.4464593,0.0,0.0,0.0,0.0
17.574865990000003,1790241413.4588697,0.0,0.0,0.0,0.0
17.597265930000002,1790241413.4814312,0.0,0.0,0.0,0.0
17.600735467,1790241413.484779,0.0,0.0,0.0,0.0
17.602672659,1790241413.4866364,0.0,0.0,0.0,0.0
17.615715236,1790241413.4997551,0.0,0.0,0.0,0.0
17.635807046,1790241413.519878,0.0,0.0,0.0,0.0
17.63834153,1790241413.5223942,0.0,0.0,0.0,0.0
17.640848253,1790241413.5248897,0.0,0.0,0.0,0.0
17.656070835,1790241413.5401602,0.0,0.0,0.0,0.0
17.675612019000003,1790241413.5596666,0.0,0.0,0.0,0.0
17.677790981,1790241413.5617764,0.0,0.0,0.0,0.0
17.696098621,1790241413.580206,0.0,0.0,0.0,0.0
17.698861230000002,1790241413.5828893,0.0,0.0,0.0,0.0
17.701462069,1790241413.5855021,0.0,0.0,0.0,0.0
17.716059024,1790241413.600139,0.0,0.0,0.0,0.0
17.73563927,1790241413.619695,0.0,0.0,0.0,0.0
17.737814014,1790241413.6217997,0.0,0.0,0.0,0.0
17.756155039,1790241413.6402595,0.0,0.0,0.0,0.0
17.758888846,1790241413.642935,0.0,0.0,0.0,0.0
17.761723383,1790241413.645758,0.0,0.0,0.0,0.0
17.775820754,1790241413.6598957,0.0,0.0,0.0,0.0
17.795793345,1790241413.6798613,0.0,0.0,0.0,0.0
17.798192776,1790241413.682192,0.0,0.0,0.0,0.0
17.816122342,1790241413.7002351,0.0,0.0,0.0,0.0
17.818925890000003,1790241413.7029524,0.0,0.0,0.0,0.0
17.821529332,1790241413.70559,0.0,0.0,0.0,0.0
17.835791495000002,1790241413.7199306,0.0,0.0,0.0,0.0
17.855831013,1790241413.7399008,0.0,0.0,0.0,0.0
17.85820659,1790241413.7421994,0.0,0.0,0.0,0.0
17.876323657,1790241413.7604702,0.0,0.0,0.0,0.0
17.879581528000003,1790241413.7636619,0.0,0.0,0.0,0.0
17.882529763,1790241413.766608,0.0,0.0,0.0,0.0
17.894983432,1790241413.7790093,0.0,0.0,0.0,0.0
17.917232225,1790241413.8013923,0.0,0.0,0.0,0.0
17.920701503,1790241413.8047295,0.0,0.0,0.0,0.0
17.922634423,1790241413.8066022,0.0,0.0,0.0,0.0
17.935757834,1790241413.8198047,0.0,0.0,0.0,0.0
17.955646154,1790241413.839685,0.0,0.0,0.0,0.0
17.958002825,1790241413.8420048,0.0,0.0,0.0,0.0
17.960513559000002,1790241413.8445413,0.0,0.0,0.0,0.0
17.975344577,1790241413.8593822,0.0,0.0,0.0,0.0
17.997037901000002,1790241413.881208,0.0,0.0,0.0,0.0
18.000709783,1790241413.8848686,0.0,0.0,0.0,0.0
18.004192498000002,1790241413.8882627,0.0,0.0,0.0,0.0
18.014825175000002,1790241413.8988237,0.0,0.0,0.0,0.0
18.037466781000003,1790241413.9216275,0.0,0.0,0.0,0.0
18.040882413000002,1790241413.9248772,0.0,0.0,0.0,0.0
18.042871531,1790241413.9268456,0.0,0.0,0.0,0.0
18.055691452,1790241413.9397328,0.0,0.0,0.0,0.0
18.075810918000002,1790241413.9599128,0.0,0.0,0.0,0.0
18.078724830000002,1790241413.9627895,0.0,0.0,0.0,0.0
18.081336137,1790241413.965393,0.0,0.0,0.0,0.0
18.095812311,1790241413.9799266,0.0,0.0,0.0,0.0
18.115600422,1790241413.9996538,0.0,0.0,0.0,0.0
18.117994072000002,1790241414.0020177,0.0,0.0,0.0,0.0
18.135768482,1790241414.0198212,0.0,0.0,0.0,0.0
18.13815333,1790241414.0221498,0.0,0.0,0.0,0.0
18.140604793,1790241414.0246851,0.0,0.0,0.0,0.0
18.155507374000003,1790241414.0395596,0.0,0.0,0.0,0.0
18.176981895,1790241414.0611448,0.0,0.0,0.0,0.0
18.180629037000003,1790241414.064806,0.0,0.0,0.0,0.0
18.184098158,1790241414.0682049,0.0,0.0,0.0,0.0
18.194844689,1790241414.0788424,0.0,0.0,0.0,0.0
18.217297389000002,1790241414.1014588,0.0,0.0,0.0,0.0
18.220790885,1790241414.1052153,0.0,0.0,0.0,0.0
18.223594068,1790241414.1075828,0.0,0.0,0.0,0.0
18.23567456,1790241414.1197395,0.0,0.0,0.0,0.0
18.255821526000002,1790241414.1398778,0.0,0.0,0.0,0.0
18.258336583000002,1790241414.1423638,0.0,0.0,0.0,0.0
18.260622317000003,1790241414.1446767,0.0,0.0,0.0,0.0
18.275507033,1790241414.1595542,0.0,0.0,0.0,0.0
18.296998168000002,1790241414.1811383,0.0,0.0,0.0,0.0
18.300458331,1790241414.1845605,0.0,0.0,0.0,0.0
18.303896932,1790241414.1879854,0.0,0.0,0.0,0.0
18.314807317,1790241414.1988118,0.0,0.0,0.0,0.0
18.337293871,1790241414.2214537,0.0,0.0,0.0,0.0
18.340851743,1790241414.2249935,0.0,0.0,0.0,0.0
18.343334039000002,1790241414.2273085,0.0,0.0,0.0,0.0
18.355576198,1790241414.2396863,0.0,0.0,0.0,0.0
18.375771498000002,1790241414.2598233,0.0,0.0,0.0,0.0
18.378349107000002,1790241414.2623634,0.0,0.0,0.0,0.0
18.396718934000003,1790241414.2808912,0.0,0.0,0.0,0.0
18.399498575000003,1790241414.2835605,0.0,0.0,0.0,0.0
18.402362695,1790241414.2863917,0.0,0.0,0.0,0.0
18.415553866,1790241414.2996125,0.0,0.0,0.0,0.0
18.435834322,1790241414.3199031,0.0,0.0,0.0,0.0
18.438197243,1790241414.3221962,0.0,0.0,0.0,0.0
18.456347174,1790241414.34048,0.0,0.0,0.0,0.0
18.459526139,1790241414.3436186,0.0,0.0,0.0,0.0
18.462526509,1790241414.3465877,0.0,0.0,0.0,0.0
18.474886950000002,1790241414.35888,0.0,0.0,0.0,0.0
18.497511368,1790241414.3816533,0.0,0.0,0.0,0.0
18.500653822,1790241414.384759,0.0,0.0,0.0,0.0
18.502692264,1790241414.386679,0.0,0.0,0.0,0.0
18.515310413,1790241414.399336,0.0,0.0,0.0,0.0
18.537374154000002,1790241414.4215646,0.0,0.0,0.0,0.0
18.5409839,1790241414.4250867,0.0,0.0,0.0,0.0
18.544607032000002,1790241414.428684,0.0,0.0,0.0,0.0
18.555635439,1790241414.4396932,0.0,0.0,0.0,0.0
18.575825478000002,1790241414.4599056,0.0,0.0,0.0,0.0
18.578291056,1790241414.4623034,0.0,0.0,0.0,0.0
18.580581008000003,1790241414.4645865,0.0,0.0,0.0,0.0
18.596059319000002,1790241414.4801395,0.0,0.0,0.0,0.0
18.615546128000002,1790241414.499583,0.0,0.0,0.0,0.0
18.617738059,1790241414.5017366,0.0,0.0,0.0,0.0
18.636302262,1790241414.5203998,0.0,0.0,0.0,0.0
18.639055392,1790241414.5230923,0.0,0.0,0.0,0.0
18.641720866,1790241414.5257473,0.0,0.0,0.0,0.0
18.656111519,1790241414.5401917,0.0,0.0,0.0,0.0
18.675573067000002,1790241414.5596094,0.0,0.0,0.0,0.0
18.677737394,1790241414.561777,0.0,0.0,0.0,0.0
18.696586128,1790241414.580777,0.0,0.0,0.0,0.0
18.699701134,1790241414.5837524,0.0,0.0,0.0,0.0
18.702542442000002,1790241414.5865421,0.0,0.0,0.0,0.0
18.715836686000003,1790241414.5999215,0.0,0.0,0.0,0.0
18.7359961,1790241414.6200702,0.0,0.0,0.0,0.0
18.738496313000002,1790241414.6226056,0.0,0.0,0.0,0.0
18.740983402,1790241414.6250212,0.0,0.0,0.0,0.0
18.755553794,1790241414.6395943,0.0,0.0,0.0,0.0
18.776582168,1790241414.6608856,0.0,0.0,0.0,0.0
18.780341603,1790241414.6644454,0.0,0.0,0.0,0.0
18.783722859,1790241414.667818,0.0,0.0,0.0,0.0
18.794842308,1790241414.6788375,0.0,0.0,0.0,0.0
18.816867454,1790241414.7009783,0.0,0.0,0.0,0.0
18.819932356000002,1790241414.7039227,0.0,0.0,0.0,0.0
18.821915485,1790241414.705905,0.0,0.0,0.0,0.0
18.835306969,1790241414.719346,0.0,0.0,0.0,0.0
18.85694024,1790241414.7411082,0.0,0.0,0.0,0.0
18.860576966,1790241414.7447367,0.0,0.0,0.0,0.0
18.864013744,1790241414.748125,0.0,0.0,0.0,0.0
18.874848087,1790241414.7588656,0.0,0.0,0.0,0.0
18.897390787000003,1790241414.7815335,0.0,0.0,0.0,0.0
18.901317982000002,1790241414.785495,0.0,0.0,0.0,0.0
18.903772154000002,1790241414.7877517,0.0,0.0,0.0,0.0
18.915477749,1790241414.7995198,0.0,0.0,0.0,0.0
18.935774038,1790241414.8198133,0.0,0.0,0.0,0.0
18.93809196,1790241414.8220854,0.0,0.0,0.0,0.0
18.955722931,1790241414.839779,0.0,0.0,0.0,0.0
18.95785804,1790241414.8418365,0.0,0.0,0.0,0.0
18.976171252,1790241414.8602617,0.0,0.0,0.0,0.0
18.978928341,1790241414.8629699,0.0,0.0,0.0,0.0
18.981843711,1790241414.8659053,0.0,0.0,0.0,0.0
18.995839675000003,1790241414.87996,0.0,0.0,0.0,0.0
19.016115444,1790241414.9002006,0.0,0.0,0.0,0.0
19.018615969000003,1790241414.9026847,0.0,0.0,0.0,0.0
19.020884255000002,1790241414.9048839,0.0,0.0,0.0,0.0
19.035612409000002,1790241414.9196637,0.0,0.0,0.0,0.0
19.056524168000003,1790241414.9407694,0.0,0.0,0.0,0.0
19.060140581000002,1790241414.9442492,0.0,0.0,0.0,0.0
19.063534598,1790241414.9476266,0.0,0.0,0.0,0.0
19.074865349,1790241414.9588678,0.0,0.0,0.0,0.0
19.097243361,1790241414.9814386,0.0,0.0,0.0,0.0
19.100974306,1790241414.9850788,0.0,0.0,0.0,0.0
19.103409623,1790241414.9873953,0.0,0.0,0.0,0.0
19.116033033,1790241415.000156,0.0,0.0,0.0,0.0
19.135840571000003,1790241415.019895,0.0,0.0,0.0,0.0
19.138263440000003,1790241415.022292,0.0,0.0,0.0,0.0
19.156595663,1790241415.0408282,0.0,0.0,0.0,0.0
19.159941451,1790241415.0440528,0.0,0.0,0.0,0.0
19.162984009000002,1790241415.0470304,0.0,0.0,0.0,0.0
19.17493023,1790241415.0589218,0.0,0.0,0.0,0.0
19.197304909,1790241415.0814524,0.0,0.0,0.0,0.0
19.20078054,1790241415.08481,0.0,0.0,0.0,0.0
19.202720388,1790241415.0866902,0.0,0.0,0.0,0.0
19.215711559000002,1790241415.0997546,0.0,0.0,0.0,0.0
19.235810816,1790241415.1198668,0.0,0.0,0.0,0.0
19.238205769,1790241415.122304,0.0,0.0,0.0,0.0
19.240494315000003,1790241415.1245048,0.0,0.0,0.0,0.0
19.255550073000002,1790241415.1395872,0.0,0.0,0.0,0.0
19.277013969000002,1790241415.1611981,0.0,0.0,0.0,0.0
19.281161789000002,1790241415.165348,0.0,0.0,0.0,0.0
19.284767838,1790241415.168992,0.0,0.0,0.0,0.0
19.294824941,1790241415.1788323,0.0,0.0,0.0,0.0
19.316228003000003,1790241415.200318,0.0,0.0,0.0,0.0
19.319320457,1790241415.2034237,0.0,0.0,0.0,0.0
19.321724889000002,1790241415.2057269,0.0,0.0,0.0,0.0
19.335362415000002,1790241415.2193892,0.0,0.0,0.0,0.0
19.357045061,1790241415.241208,0.0,0.0,0.0,0.0
19.360506943,1790241415.2446775,0.0,0.0,0.0,0.0
19.363982522,1790241415.2480507,0.0,0.0,0.0,0.0
19.374865877,1790241415.2588696,0.0,0.0,0.0,0.0
19.397230087,1790241415.281393,0.0,0.0,0.0,0.0
19.400935354,1790241415.2850707,0.0,0.0,0.0,0.0
19.403005775,1790241415.286975,0.0,0.0,0.0,0.0
19.415705591000002,1790241415.2997484,0.0,0.0,0.0,0.0
19.436309797,1790241415.3204072,0.0,0.0,0.0,0.0
19.438954178,1790241415.322992,0.0,0.0,0.0,0.0
19.441420276000002,1790241415.3255289,0.0,0.0,0.0,0.0
19.455480928,1790241415.339515,0.0,0.0,0.0,0.0
19.476977116,1790241415.361145,0.0,0.0,0.0,0.0
19.480477435,1790241415.3645775,0.0,0.0,0.0,0.0
19.483970567,1790241415.368072,0.0,0.0,0.0,0.0
19.495263922,1790241415.3792882,0.0,0.0,0.0,0.0
19.516898651,1790241415.401032,0.0,0.0,0.0,0.0
19.519922042,1790241415.4039886,0.0,0.0,0.0,0.0
19.522913559000003,1790241415.406906,0.0,0.0,0.0,0.0
19.535584208,1790241415.419654,0.0,0.0,0.0,0.0
19.555802737,1790241415.439877,0.0,0.0,0.0,0.0
19.558768524,1790241415.4429421,0.0,0.0,0.0,0.0
19.561232851,1790241415.4452808,0.0,0.0,0.0,0.0
19.575583400000003,1790241415.4596608,0.0,0.0,0.0,0.0
19.597456723,1790241415.481618,0.0,0.0,0.0,0.0
19.601453606,1790241415.48556,0.0,0.0,0.0,0.0
19.603652204000003,1790241415.4877043,0.0,0.0,0.0,0.0
19.615591133000002,1790241415.4996634,0.0,0.0,0.0,0.0
19.635814558,1790241415.5198839,0.0,0.0,0.0,0.0
19.638289823,1790241415.522303,0.0,0.0,0.0,0.0
19.640708994,1790241415.5247786,0.0,0.0,0.0,0.0
19.655728086,1790241415.5397818,0.0,0.0,0.0,0.0
19.676669533000002,1790241415.5609038,0.0,0.0,0.0,0.0
19.680400113,1790241415.5645065,0.0,0.0,0.0,0.0
19.683800067,1790241415.567898,0.0,0.0,0.0,0.0
19.694853943000002,1790241415.5788612,0.0,0.0,0.0,0.0
19.717263569,1790241415.6014454,0.0,0.0,0.0,0.0
19.720730451,1790241415.6049013,0.0,0.0,0.0,0.0
19.723292383,1790241415.6072652,0.0,0.0,0.0,0.0
19.735562303000002,1790241415.6196291,0.0,0.0,0.0,0.0
19.757117709000003,1790241415.6412885,0.0,0.0,0.0,0.0
19.760602247,1790241415.6447356,0.0,0.0,0.0,0.0
19.76406017,1790241415.6481693,0.0,0.0,0.0,0.0
19.774848056,1790241415.6588438,0.0,0.0,0.0,0.0
19.797104297,1790241415.681256,0.0,0.0,0.0,0.0
19.800251646,1790241415.6843402,0.0,0.0,0.0,0.0
19.802824881000003,1790241415.6868148,0.0,0.0,0.0,0.0
19.815753551,1790241415.6998441,0.0,0.0,0.0,0.0
19.835590152,1790241415.7196298,0.0,0.0,0.0,0.0
19.837954063,1790241415.7219489,0.0,0.0,0.0,0.0
19.855944827000002,1790241415.7400017,0.0,0.0,0.0,0.0
19.858440665,1790241415.7424672,0.0,0.0,0.0,0.0
19.860709576,1790241415.7449324,0.0,0.0,0.0,0.0
19.876071012,1790241415.7601607,0.0,0.0,0.0,0.0
19.895881935000002,1790241415.779945,0.0,0.0,0.0,0.0
19.898299388,1790241415.7823024,0.0,0.0,0.0,0.0
19.916187964000002,1790241415.8002977,0.0,0.0,0.0,0.0
19.918943907000003,1790241415.8029823,0.0,0.0,0.0,0.0
19.922022403,1790241415.806064,0.0,0.0,0.0,0.0
19.935572689,1790241415.819647,0.0,0.0,0.0,0.0
19.955783666000002,1790241415.8398547,0.0,0.0,0.0,0.0
19.958229712,1790241415.8422408,0.0,0.0,0.0,0.0
19.976399591,1790241415.860504,0.0,0.0,0.0,0.0
19.97907944,1790241415.8631587,0.0,0.0,0.0,0.0
19.981721580000002,1790241415.8657427,0.0,0.0,0.0,0.0
19.995828795,1790241415.8799253,0.0,0.0,0.0,0.0
20.015585656000003,1790241415.8996553,0.0,0.0,0.0,0.0
20.018010348,1790241415.9020298,0.0,0.0,0.0,0.0
20.035955487000003,1790241415.9200237,0.0,0.0,0.0,0.0
20.038179606,1790241415.9221754,0.0,0.0,0.0,0.0
20.056349068000003,1790241415.9404614,0.0,0.0,0.0,0.0
20.059073865000002,1790241415.943099,0.0,0.0,0.0,0.0
20.061885642,1790241415.9459207,0.0,0.0,0.0,0.0
20.076037023,1790241415.96016,0.0,0.0,0.0,0.0
20.095835447000002,1790241415.9798949,0.0,0.0,0.0,0.0
20.098218524,1790241415.9822195,0.0,0.0,0.0,0.0
20.116319601,1790241416.000466,0.0,0.0,0.0,0.0
20.119474711000002,1790241416.003571,0.0,0.0,0.0,0.0
20.122469040000002,1790241416.0065079,0.0,0.0,0.0,0.0
20.134901720000002,1790241416.0189102,0.0,0.0,0.0,0.0
20.157283847000002,1790241416.0414226,0.0,0.0,0.0,0.0
20.160704426000002,1790241416.0447354,0.0,0.0,0.0,0.0
20.162632867000003,1790241416.046614,0.0,0.0,0.0,0.0
20.175689299000002,1790241416.0597396,0.0,0.0,0.0,0.0
20.196012255000003,1790241416.0801234,0.0,0.0,0.0,0.0
20.198792052,1790241416.082876,0.0,0.0,0.0,0.0
20.201452057,1790241416.085504,0.0,0.0,0.0,0.0
20.216085575,1790241416.1001875,0.0,0.0,0.0,0.0
20.235566133000003,1790241416.1196184,0.0,0.0,0.0,0.0
20.237827179,1790241416.1218703,0.0,0.0,0.0,0.0
20.256651799,1790241416.140868,0.0,0.0,0.0,0.0
20.259638003000003,1790241416.1437485,0.0,0.0,0.0,0.0
20.26196457,1790241416.145954,0.0,0.0,0.0,0.0
20.275670429,1790241416.1597402,0.0,0.0,0.0,0.0
20.295915625000003,1790241416.1799922,0.0,0.0,0.0,0.0
20.298436203,1790241416.1824632,0.0,0.0,0.0,0.0
20.300704176,1790241416.184738,0.0,0.0,0.0,0.0
20.315355714000003,1790241416.1993737,0.0,0.0,0.0,0.0
20.33729383,1790241416.221489,0.0,0.0,0.0,0.0
20.340592378,1790241416.2246137,0.0,0.0,0.0,0.0
20.342553111,1790241416.2265224,0.0,0.0,0.0,0.0
20.355455896000002,1790241416.239507,0.0,0.0,0.0,0.0
20.376738906,1790241416.2609727,0.0,0.0,0.0,0.0
20.380108496000002,1790241416.2642782,0.0,0.0,0.0,0.0
20.383372148000003,1790241416.2674537,0.0,0.0,0.0,0.0
20.39593337,1790241416.2800038,0.0,0.0,0.0,0.0
20.415834971000002,1790241416.2998912,0.0,0.0,0.0,0.0
20.418222944,1790241416.302227,0.0,0.0,0.0,0.0
20.436099489,1790241416.3202085,0.0,0.0,0.0,0.0
20.438873922000003,1790241416.3228998,0.0,0.0,0.0,0.0
20.44167174,1790241416.325703,0.0,0.0,0.0,0.0
20.456067861,1790241416.3401616,0.0,0.0,0.0,0.0
20.475593368000002,1790241416.3596432,0.0,0.0,0.0,0.0
20.477756705,1790241416.3617516,0.0,0.0,0.0,0.0
20.496971169000002,1790241416.381081,0.0,0.0,0.0,0.0
20.500140134000002,1790241416.3841934,0.0,0.0,0.0,0.0
20.503006389000003,1790241416.3870058,0.0,0.0,0.0,0.0
20.515888602,1790241416.3999896,0.0,0.0,0.0,0.0
20.535859109,1790241416.4199164,0.0,0.0,0.0,0.0
20.538230624,1790241416.4222424,0.0,0.0,0.0,0.0
20.55602571,1790241416.4401515,0.0,0.0,0.0,0.0
20.559275352,1790241416.4433508,0.0,0.0,0.0,0.0
20.562370306000002,1790241416.4465613,0.0,0.0,0.0,0.0
20.574913820000003,1790241416.458922,0.0,0.0,0.0,0.0
20.597188602000003,1790241416.48135,0.0,0.0,0.0,0.0
20.600704911,1790241416.4847455,0.0,0.0,0.0,0.0
20.602635332000002,1790241416.4866052,0.0,0.0,0.0,0.0
20.615688169000002,1790241416.4997416,0.0,0.0,0.0,0.0
20.635728052,1790241416.5197668,0.0,0.0,0.0,0.0
20.637908473,1790241416.5219204,0.0,0.0,0.0,0.0
20.655840382,1790241416.5399113,0.0,0.0,0.0,0.0
20.658303252,1790241416.5423143,0.0,0.0,0.0,0.0
20.660517318,1790241416.5445042,0.0,0.0,0.0,0.0
20.676007557000002,1790241416.5601342,0.0,0.0,0.0,0.0
20.695528896000003,1790241416.5795586,0.0,0.0,0.0,0.0
20.697722963,1790241416.5817082,0.0,0.0,0.0,0.0
20.7158193,1790241416.5998755,0.0,0.0,0.0,0.0
20.718270919000002,1790241416.602329,0.0,0.0,0.0,0.0
20.72056483,1790241416.6045558,0.0,0.0,0.0,0.0
20.736056475,1790241416.6201365,0.0,0.0,0.0,0.0
20.755956982,1790241416.6400614,0.0,0.0,0.0,0.0
20.758520320000002,1790241416.642638,0.0,0.0,0.0,0.0
20.760945325,1790241416.644966,0.0,0.0,0.0,0.0
20.775343738,1790241416.6593795,0.0,0.0,0.0,0.0
20.797314405,1790241416.6814768,0.0,0.0,0.0,0.0
20.800885298,1790241416.6850111,0.0,0.0,0.0,0.0
20.803365303,1790241416.687338,0.0,0.0,0.0,0.0
20.815847358000003,1790241416.6999025,0.0,0.0,0.0,0.0
20.835817396000003,1790241416.719885,0.0,0.0,0.0,0.0
20.838206776,1790241416.722207,0.0,0.0,0.0,0.0
20.856132592,1790241416.7402296,0.0,0.0,0.0,0.0
20.858874576,1790241416.7429261,0.0,0.0,0.0,0.0
20.8615213,1790241416.7455451,0.0,0.0,0.0,0.0
20.876160651000003,1790241416.760213,0.0,0.0,0.0,0.0
20.895821939,1790241416.7798827,0.0,0.0,0.0,0.0
20.898214861,1790241416.7824173,0.0,0.0,0.0,0.0
20.900963876000002,1790241416.7850006,0.0,0.0,0.0,0.0
20.915344321000003,1790241416.7993877,0.0,0.0,0.0,0.0
20.937314415000003,1790241416.8214533,0.0,0.0,0.0,0.0
20.940977599,1790241416.825081,0.0,0.0,0.0,0.0
20.943413281,1790241416.827387,0.0,0.0,0.0,0.0
20.955687836000003,1790241416.8397584,0.0,0.0,0.0,0.0
20.975592771000002,1790241416.8596363,0.0,0.0,0.0,0.0
20.97795241,1790241416.8619666,0.0,0.0,0.0,0.0
20.995786247,1790241416.8798425,0.0,0.0,0.0,0.0
20.998265887000002,1790241416.8822832,0.0,0.0,0.0,0.0
21.000513496,1790241416.8845155,0.0,0.0,0.0,0.0
21.016327172,1790241416.9004166,0.0,0.0,0.0,0.0
21.036506534,1790241416.920725,0.0,0.0,0.0,0.0
21.03979378,1790241416.9238524,0.0,0.0,0.0,0.0
21.042715400000002,1790241416.9267902,0.0,0.0,0.0,0.0
21.054888028,1790241416.938885,0.0,0.0,0.0,0.0
21.077563697000002,1790241416.9617603,0.0,0.0,0.0,0.0
21.081698184,1790241416.9658196,0.0,0.0,0.0,0.0
21.083992563000002,1790241416.967973,0.0,0.0,0.0,0.0
21.095419773,1790241416.9794743,0.0,0.0,0.0,0.0
21.115807937,1790241416.9998755,0.0,0.0,0.0,0.0
21.118189348,1790241417.002183,0.0,0.0,0.0,0.0
21.120593311,1790241417.0046022,0.0,0.0,0.0,0.0
21.135471673,1790241417.0195193,0.0,0.0,0.0,0.0
21.156544682,1790241417.0407917,0.0,0.0,0.0,0.0
21.160265523,1790241417.0443451,0.0,0.0,0.0,0.0
21.163661519,1790241417.0477319,0.0,0.0,0.0,0.0
21.174839561000002,1790241417.0588336,0.0,0.0,0.0,0.0
21.196668458,1790241417.0809054,0.0,0.0,0.0,0.0
21.19982513,1790241417.0839264,0.0,0.0,0.0,0.0
21.202688574,1790241417.0867357,0.0,0.0,0.0,0.0
21.215477869,1790241417.09952,0.0,0.0,0.0,0.0
21.235161813,1790241417.119167,0.0,0.0,0.0,0.0
21.236876504,1790241417.120921,0.0,0.0,0.0,0.0
21.255175862,1790241417.1391952,0.0,0.0,0.0,0.0
21.257046908000003,1790241417.1410646,0.0,0.0,0.0,0.0
21.275217672,1790241417.159236,0.0,0.0,0.0,0.0
21.277103144,1790241417.161134,0.0,0.0,0.0,0.0
21.295075835000002,1790241417.1790931,0.0,0.0,0.0,0.0
21.296939797,1790241417.1809714,0.0,0.0,0.0,0.0
21.315288947000003,1790241417.1993146,0.0,0.0,0.0,0.0
21.317090878000002,1790241417.2011132,0.0,0.0,0.0,0.0
21.335328725,1790241417.2193716,0.0,0.0,0.0,0.0
21.337193000000003,1790241417.2212715,0.0,0.0,0.0,0.0
21.355163712000003,1790241417.2391772,0.0,0.0,0.0,0.0
21.356983975000002,1790241417.2410226,0.0,0.0,0.0,0.0
21.375202604000002,1790241417.259214,0.0,0.0,0.0,0.0
21.377086045000002,1790241417.2611113,0.0,0.0,0.0,0.0
21.39518332,1790241417.2792134,0.0,0.0,0.0,0.0
21.397027542,1790241417.2810578,0.0,0.0,0.0,0.0
21.415246744,1790241417.2992723,0.0,0.0,0.0,0.0
21.417025758,1790241417.301046,0.0,0.0,0.0,0.0
21.435299387,1790241417.3193698,0.0,0.0,0.0,0.0
21.437210537000002,1790241417.3212874,0.0,0.0,0.0,0.0
21.455266561000002,1790241417.3393104,0.0,0.0,0.0,0.0
21.457169117000003,1790241417.341218,0.0,0.0,0.0,0.0
21.475183474,1790241417.3592064,0.0,0.0,0.0,0.0
21.477040770000002,1790241417.3611066,0.0,0.0,0.0,0.0
21.495203617,1790241417.379216,0.0,0.0,0.0,0.0
21.4970456,1790241417.3811016,0.0,0.0,0.0,0.0
21.515115114,1790241417.3991334,0.0,0.0,0.0,0.0
21.516780742,1790241417.4009106,0.0,0.0,0.0,0.0
21.535238747,1790241417.4192743,0.0,0.0,0.0,0.0
21.537106719,1790241417.4211223,0.0,0.0,0.0,0.0
21.555178264000002,1790241417.4391994,0.0,0.0,0.0,0.0
21.557068007,1790241417.4410846,0.0,0.0,0.0,0.0
21.575171949,1790241417.4592378,0.0,0.0,0.0,0.0
21.577032421000002,1790241417.4610426,0.0,0.0,0.0,0.0
21.595184018,1790241417.4792027,0.0,0.0,0.0,0.0
21.597041157,1790241417.481074,0.0,0.0,0.0,0.0
21.615218015,1790241417.4992425,0.0,0.0,0.0,0.0
21.617095571,1790241417.501141,0.0,0.0,0.0,0.0
21.635229148,1790241417.5192566,0.0,0.0,0.0,0.0
21.636990922000003,1790241417.5209947,0.0,0.0,0.0,0.0
21.65524002,1790241417.5392663,0.0,0.0,0.0,0.0
21.657089711,1790241417.5411253,0.0,0.0,0.0,0.0
21.675233548,1790241417.5592701,0.0,0.0,0.0,0.0
21.677027926,1790241417.5610323,0.0,0.0,0.0,0.0
21.695157128,1790241417.5791976,0.0,0.0,0.0,0.0
21.696962079000002,1790241417.5809765,0.0,0.0,0.0,0.0
21.715267323000003,1790241417.5992868,0.0,0.0,0.0,0.0
21.717223837000002,1790241417.6012707,0.0,0.0,0.0,0.0
21.735240851,1790241417.6192718,0.0,0.0,0.0,0.0
21.737076844,1790241417.621121,0.0,0.0,0.0,0.0
21.755318025,1790241417.6393754,0.0,0.0,0.0,0.0
21.75725079,1790241417.641259,0.0,0.0,0.0,0.0
21.775215668,1790241417.6592577,0.0,0.0,0.0,0.0
21.777192286000002,1790241417.6612139,0.0,0.0,0.0,0.0
21.795265030000003,1790241417.679299,0.0,0.0,0.0,0.0
21.797112689000002,1790241417.6811407,0.0,0.0,0.0,0.0
21.815359287,1790241417.6994236,0.0,0.0,0.0,0.0
21.81725653,1790241417.7012696,0.0,0.0,0.0,0.0
21.835226148,1790241417.7192843,0.0,0.0,0.0,0.0
21.837131465000002,1790241417.7211595,0.0,0.0,0.0,0.0
21.855436135,1790241417.7394688,0.0,0.0,0.0,0.0
21.857287337000002,1790241417.7413008,0.0,0.0,0.0,0.0
21.875276382000003,1790241417.7592964,0.0,0.0,0.0,0.0
21.877083365,1790241417.7611368,0.0,0.0,0.0,0.0
21.895295275000002,1790241417.7793145,0.0,0.0,0.0,0.0
21.897134393,1790241417.7811608,0.0,0.0,0.0,0.0
21.915185521,1790241417.7992032,0.0,0.0,0.0,0.0
21.91699839,1790241417.801022,0.0,0.0,0.0,0.0
21.935193216000002,1790241417.8192222,0.0,0.0,0.0,0.0
21.937050407,1790241417.8210783,0.0,0.0,0.0,0.0
21.955265755000003,1790241417.8393197,0.0,0.0,0.0,0.0
21.957135863,1790241417.8411603,0.0,0.0,0.0,0.0
21.975335429,1790241417.8593693,0.0,0.0,0.0,0.0
21.97714736,1790241417.8611822,0.0,0.0,0.0,0.0
21.995325937,1790241417.8793385,0.0,0.0,0.0,0.0
21.997200003,1790241417.8812158,0.0,0.0,0.0,0.0
22.015139829000002,1790241417.8991501,0.0,0.0,0.0,0.0
22.016979624,1790241417.9010212,0.0,0.0,0.0,0.0
22.035171899,1790241417.9192078,0.0,0.0,0.0,0.0
22.037044090000002,1790241417.921064,0.0,0.0,0.0,0.0
22.055263708000002,1790241417.9392896,0.0,0.0,0.0,0.0
22.057169858,1790241417.941208,0.0,0.0,0.0,0.0
22.075272497,1790241417.9593644,0.0,0.0,0.0,0.0
22.077246095000003,1790241417.9612794,0.0,0.0,0.0,0.0
22.095160556,1790241417.9791818,0.0,0.0,0.0,0.0
22.096949674,1790241417.9809844,0.0,0.0,0.0,0.0
22.115126376000003,1790241417.9991932,0.0,0.0,0.0,0.0
22.116968515,1790241418.0009716,0.0,0.0,0.0,0.0
22.135265842000003,1790241418.0192888,0.0,0.0,0.0,0.0
22.137164179000003,1790241418.0211856,0.0,0.0,0.0,0.0
22.155167078,1790241418.0391932,0.0,0.0,0.0,0.0
22.15708203,1790241418.041104,0.0,0.0,0.0,0.0
22.175188263000003,1790241418.0592122,0.0,0.0,0.0,0.0
22.177046912,1790241418.061062,0.0,0.0,0.0,0.0
22.195225020000002,1790241418.0792332,0.0,0.0,0.0,0.0
22.197133513,1790241418.081165,0.0,0.0,0.0,0.0
22.215108652,1790241418.0991094,0.0,0.0,0.0,0.0
22.216784958,1790241418.1008706,0.0,0.0,0.0,0.0
22.235125878,1790241418.11916,0.0,0.0,0.0,0.0
22.236942861000003,1790241418.1209643,0.0,0.0,0.0,0.0
22.255213313000002,1790241418.139246,0.0,0.0,0.0,0.0
22.257078473,1790241418.1411235,0.0,0.0,0.0,0.0
22.275150799000002,1790241418.1591814,0.0,0.0,0.0,0.0
22.277102938000002,1790241418.1611397,0.0,0.0,0.0,0.0
22.295167557000003,1790241418.1791775,0.0,0.0,0.0,0.0
22.296919695,1790241418.1809134,0.0,0.0,0.0,0.0
22.315063272,1790241418.1990724,0.0,0.0,0.0,0.0
22.316762077,1790241418.2008655,0.0,0.0,0.0,0.0
22.335128519,1790241418.2191577,0.0,0.0,0.0,0.0
22.336968991000003,1790241418.2210083,0.0,0.0,0.0,0.0
22.355168558000003,1790241418.2391953,0.0,0.0,0.0,0.0
22.356987311,1790241418.2410092,0.0,0.0,0.0,0.0
22.375156930000003,1790241418.2591789,0.0,0.0,0.0,0.0
22.377068131,1790241418.2611268,0.0,0.0,0.0,0.0
22.395187802000002,1790241418.2792144,0.0,0.0,0.0,0.0
22.397134472,1790241418.2811644,0.0,0.0,0.0,0.0
22.415168049000002,1790241418.2991936,0.0,0.0,0.0,0.0
22.41696774,1790241418.3009841,0.0,0.0,0.0,0.0
22.435689442,1790241418.3197074,0.0,0.0,0.0,0.0
22.437487623000003,1790241418.3214884,0.0,0.0,0.0,0.0
22.455127032,1790241418.3391504,0.0,0.0,0.0,0.0
22.456909483,1790241418.3409302,0.0,0.0,0.0,0.0
22.475165716000003,1790241418.3592079,0.0,0.0,0.0,0.0
22.477041762000002,1790241418.3611996,0.0,0.0,0.0,0.0
22.495138359000002,1790241418.3792284,0.0,0.0,0.0,0.0
22.497015394,1790241418.3810425,0.0,0.0,0.0,0.0
22.515213242,1790241418.3992467,0.0,0.0,0.0,0.0
22.51705262,1790241418.4010944,0.0,0.0,0.0,0.0
22.535148332000002,1790241418.4191856,0.0,0.0,0.0,0.0
22.537024950000003,1790241418.4210744,0.0,0.0,0.0,0.0
22.555849101,1790241418.439975,0.0,0.0,0.0,0.0
22.55789322,1790241418.4419093,0.0,0.0,0.0,0.0
22.559800775000003,1790241418.443812,0.0,0.0,0.0,0.0
22.575182472,1790241418.4591994,0.0,0.0,0.0,0.0
22.595149333000002,1790241418.4791996,0.0,0.0,0.0,0.0
22.597024545,1790241418.4810588,0.0,0.0,0.0,0.0
22.615169372,1790241418.4991887,0.0,0.0,0.0,0.0
22.617027240000002,1790241418.5010478,0.0,0.0,0.0,0.0
22.635089566,1790241418.5190933,0.0,0.0,0.0,0.0
22.63666332,1790241418.5206203,0.0,0.0,0.0,0.0
22.655155439,1790241418.5392206,0.0,0.0,0.0,0.0
22.657042005,1790241418.5410514,0.0,0.0,0.0,0.0
22.675341363,1790241418.5594065,0.0,0.0,0.0,0.0
22.677204283000002,1790241418.5612657,0.0,0.0,0.0,0.0
22.696376195000003,1790241418.5804503,0.0,0.0,0.0,0.0
22.699195419000002,1790241418.5832508,0.0,0.0,0.0,0.0
22.702091414,1790241418.586137,0.0,0.0,0.0,0.0
22.715546388,1790241418.599626,0.0,0.0,0.0,0.0
22.735582312000002,1790241418.6196203,0.0,0.0,0.0,0.0
22.73793315,1790241418.6219456,0.0,0.0,0.0,0.0
22.755756987,1790241418.6398609,0.0,0.0,0.0,0.0
22.758285898,1790241418.6423125,0.0,0.0,0.0,0.0
22.760542933,1790241418.6445308,0.0,0.0,0.0,0.0
22.776043588,1790241418.660142,0.0,0.0,0.0,0.0
22.795595501,1790241418.6796455,0.0,0.0,0.0,0.0
22.797815662,1790241418.6818175,0.0,0.0,0.0,0.0
22.816125228,1790241418.7002273,0.0,0.0,0.0,0.0
22.818852108,1790241418.7028968,0.0,0.0,0.0,0.0
22.821495551,1790241418.705523,0.0,0.0,0.0,0.0
22.836080996,1790241418.720159,0.0,0.0,0.0,0.0
22.855589471000002,1790241418.7396307,0.0,0.0,0.0,0.0
22.857962028000003,1790241418.7419834,0.0,0.0,0.0,0.0
22.875768937,1790241418.7598252,0.0,0.0,0.0,0.0
22.878154567000003,1790241418.7621567,0.0,0.0,0.0,0.0
22.880425977,1790241418.76443,0.0,0.0,0.0,0.0
22.896169028000003,1790241418.780251,0.0,0.0,0.0,0.0
22.915534743000002,1790241418.799591,0.0,0.0,0.0,0.0
22.917948341000002,1790241418.8019466,0.0,0.0,0.0,0.0
22.935789938000003,1790241418.819861,0.0,0.0,0.0,0.0
22.938174786,1790241418.8222165,0.0,0.0,0.0,0.0
22.940445833000002,1790241418.8244555,0.0,0.0,0.0,0.0
22.956067008,1790241418.840159,0.0,0.0,0.0,0.0
22.9755934,1790241418.8596432,0.0,0.0,0.0,0.0
22.977767102,1790241418.8617651,0.0,0.0,0.0,0.0
22.996551305,1790241418.88075,0.0,0.0,0.0,0.0
22.999694853,1790241418.8837497,0.0,0.0,0.0,0.0
23.002758349,1790241418.8867533,0.0,0.0,0.0,0.0
23.015552019,1790241418.8996224,0.0,0.0,0.0,0.0
23.035747266,1790241418.9198132,0.0,0.0,0.0,0.0
23.038142948,1790241418.9221592,0.0,0.0,0.0,0.0
23.055732357,1790241418.9397879,0.0,0.0,0.0,0.0
23.057886684000003,1790241418.9418821,0.0,0.0,0.0,0.0
23.076600678000002,1790241418.9609005,0.0,0.0,0.0,0.0
23.080432821000002,1790241418.9645205,0.0,0.0,0.0,0.0
23.083902307000002,1790241418.9679723,0.0,0.0,0.0,0.0
23.094840349000002,1790241418.9788325,0.0,0.0,0.0,0.0
23.117636591,1790241419.0018103,0.0,0.0,0.0,0.0
23.120871493000003,1790241419.0048878,0.0,0.0,0.0,0.0
23.122782486000002,1790241419.0067465,0.0,0.0,0.0,0.0
23.135259594,1790241419.0192978,0.0,0.0,0.0,0.0
23.157216042,1790241419.0413618,0.0,0.0,0.0,0.0
23.160742820000003,1790241419.0448997,0.0,0.0,0.0,0.0
23.164136108,1790241419.0482638,0.0,0.0,0.0,0.0
23.17483842,1790241419.0588472,0.0,0.0,0.0,0.0
23.197558672000003,1790241419.0817194,0.0,0.0,0.0,0.0
23.201481701000002,1790241419.0856378,0.0,0.0,0.0,0.0
23.203805872,1790241419.0877807,0.0,0.0,0.0,0.0
23.215406102000003,1790241419.0994449,0.0,0.0,0.0,0.0
23.235819788,1790241419.119889,0.0,0.0,0.0,0.0
23.238208803000003,1790241419.1222093,0.0,0.0,0.0,0.0
23.256155556000003,1790241419.140265,0.0,0.0,0.0,0.0
23.258901603,1790241419.1429462,0.0,0.0,0.0,0.0
23.261496972,1790241419.1455526,0.0,0.0,0.0,0.0
23.275769969000002,1790241419.159899,0.0,0.0,0.0,0.0
23.295791205,1790241419.1798625,0.0,0.0,0.0,0.0
23.298168970000003,1790241419.182165,0.0,0.0,0.0,0.0
23.316303745000003,1790241419.20045,0.0,0.0,0.0,0.0
23.319455365000003,1790241419.2035294,0.0,0.0,0.0,0.0
23.322437402000002,1790241419.2064986,0.0,0.0,0.0,0.0
23.334900499,1790241419.2189193,0.0,0.0,0.0,0.0
23.357247886,1790241419.2414072,0.0,0.0,0.0,0.0
23.360701435000003,1790241419.244735,0.0,0.0,0.0,0.0
23.362651699,1790241419.2466471,0.0,0.0,0.0,0.0
23.375689172,1790241419.2597487,0.0,0.0,0.0,0.0
23.395823794000002,1790241419.279872,0.0,0.0,0.0,0.0
23.398240101000003,1790241419.2822742,0.0,0.0,0.0,0.0
23.400507240000003,1790241419.2844977,0.0,0.0,0.0,0.0
23.416044145,1790241419.3001356,0.0,0.0,0.0,0.0
23.435531683,1790241419.319582,0.0,0.0,0.0,0.0
23.437766271,1790241419.3217554,0.0,0.0,0.0,0.0
23.456136514,1790241419.3402486,0.0,0.0,0.0,0.0
23.458916728000002,1790241419.342947,0.0,0.0,0.0,0.0
23.461520431,1790241419.345561,0.0,0.0,0.0,0.0
23.476058167,1790241419.360136,0.0,0.0,0.0,0.0
23.495798935,1790241419.379852,0.0,0.0,0.0,0.0
23.498181022,1790241419.3821797,0.0,0.0,0.0,0.0
23.516234339,1790241419.400343,0.0,0.0,0.0,0.0
23.519015594000003,1790241419.4030466,0.0,0.0,0.0,0.0
23.52164862,1790241419.405677,0.0,0.0,0.0,0.0
23.535741928,1790241419.4198594,0.0,0.0,0.0,0.0
23.555825144,1790241419.4398947,0.0,0.0,0.0,0.0
23.558261086,1790241419.442271,0.0,0.0,0.0,0.0
23.576129298,1790241419.4602606,0.0,0.0,0.0,0.0
23.578911855,1790241419.4629457,0.0,0.0,0.0,0.0
23.581761236000002,1790241419.4658132,0.0,0.0,0.0,0.0
23.595636835,1790241419.4796898,0.0,0.0,0.0,0.0
23.615770416,1790241419.4998224,0.0,0.0,0.0,0.0
23.618151827000002,1790241419.502168,0.0,0.0,0.0,0.0
23.636344153000003,1790241419.5204873,0.0,0.0,0.0,0.0
23.639565201,1790241419.5236826,0.0,0.0,0.0,0.0
23.642596561,1790241419.5266845,0.0,0.0,0.0,0.0
23.654875647,1790241419.538885,0.0,0.0,0.0,0.0
23.677213868000003,1790241419.561378,0.0,0.0,0.0,0.0
23.68071601,1790241419.5647466,0.0,0.0,0.0,0.0
23.682631691,1790241419.566609,0.0,0.0,0.0,0.0
23.695415309,1790241419.5794592,0.0,0.0,0.0,0.0
23.715776338,1790241419.59983,0.0,0.0,0.0,0.0
23.718146238000003,1790241419.6022081,0.0,0.0,0.0,0.0
23.720442805,1790241419.6044388,0.0,0.0,0.0,0.0
23.736036377,1790241419.6201293,0.0,0.0,0.0,0.0
23.755569644,1790241419.6396196,0.0,0.0,0.0,0.0
23.758013242,1790241419.6420243,0.0,0.0,0.0,0.0
23.775768380000002,1790241419.6598406,0.0,0.0,0.0,0.0
23.778175416,1790241419.6622586,0.0,0.0,0.0,0.0
23.780498181000002,1790241419.6644907,0.0,0.0,0.0,0.0
23.796067847,1790241419.6801448,0.0,0.0,0.0,0.0
23.815820906000003,1790241419.699878,0.0,0.0,0.0,0.0
23.818203723,1790241419.7022011,0.0,0.0,0.0,0.0
23.836112976000003,1790241419.7202199,0.0,0.0,0.0,0.0
23.838833606,1790241419.7228813,0.0,0.0,0.0,0.0
23.841434601000003,1790241419.7254932,0.0,0.0,0.0,0.0
23.855772181000003,1790241419.7398875,0.0,0.0,0.0,0.0
23.876152011000002,1790241419.760313,0.0,0.0,0.0,0.0
23.879752123000003,1790241419.7638958,0.0,0.0,0.0,0.0
23.883216504,1790241419.7673287,0.0,0.0,0.0,0.0
23.895011840000002,1790241419.7791219,0.0,0.0,0.0,0.0
23.915624588,1790241419.7996635,0.0,0.0,0.0,0.0
23.917996728000002,1790241419.8020325,0.0,0.0,0.0,0.0
23.920755535,1790241419.8048317,0.0,0.0,0.0,0.0
23.935309417000003,1790241419.8193364,0.0,0.0,0.0,0.0
23.957014719,1790241419.8411605,0.0,0.0,0.0,0.0
23.960525455000003,1790241419.8446167,0.0,0.0,0.0,0.0
23.963888535000002,1790241419.8479798,0.0,0.0,0.0,0.0
23.974867566,1790241419.8588681,0.0,0.0,0.0,0.0
23.997239901,1790241419.8813956,0.0,0.0,0.0,0.0
24.000724595,1790241419.8847709,0.0,0.0,0.0,0.0
24.002672932000003,1790241419.8866544,0.0,0.0,0.0,0.0
24.015698635000003,1790241419.8997514,0.0,0.0,0.0,0.0
24.03577685,1790241419.9198425,0.0,0.0,0.0,0.0
24.038144511000002,1790241419.9221454,0.0,0.0,0.0,0.0
24.040428995000003,1790241419.924443,0.0,0.0,0.0,0.0
24.056007358000002,1790241419.9400864,0.0,0.0,0.0,0.0
24.075811251,1790241419.9599059,0.0,0.0,0.0,0.0
24.07857985,1790241419.962697,0.0,0.0,0.0,0.0
24.080962719000002,1790241419.964958,0.0,0.0,0.0,0.0
24.095620351,1790241419.9796891,0.0,0.0,0.0,0.0
24.115578202000002,1790241419.9996285,0.0,0.0,0.0,0.0
24.117962894,1790241420.0019841,0.0,0.0,0.0,0.0
24.120441545000002,1790241420.004464,0.0,0.0,0.0,0.0
24.135559907,1790241420.0196195,0.0,0.0,0.0,0.0
24.156974115,1790241420.041136,0.0,0.0,0.0,0.0
24.160646258,1790241420.044805,0.0,0.0,0.0,0.0
24.164116577,1790241420.0481794,0.0,0.0,0.0,0.0
24.174816025000002,1790241420.0588136,0.0,0.0,0.0,0.0
24.19724263,1790241420.0813997,0.0,0.0,0.0,0.0
24.200746023,1790241420.0847785,0.0,0.0,0.0,0.0
24.202683370000003,1790241420.086652,0.0,0.0,0.0,0.0
24.215678030000003,1790241420.09972,0.0,0.0,0.0,0.0
24.235774996,1790241420.1198418,0.0,0.0,0.0,0.0
24.238151459,1790241420.1221921,0.0,0.0,0.0,0.0
24.240444589000003,1790241420.1244395,0.0,0.0,0.0,0.0
24.256093942000003,1790241420.1401715,0.0,0.0,0.0,0.0
24.275819396000003,1790241420.1598902,0.0,0.0,0.0,0.0
24.278190911000003,1790241420.1621876,0.0,0.0,0.0,0.0
24.29612105,1790241420.180226,0.0,0.0,0.0,0.0
24.298944493,1790241420.182976,0.0,0.0,0.0,0.0
24.301583925000003,1790241420.1856213,0.0,0.0,0.0,0.0
24.315755932000002,1790241420.1998641,0.0,0.0,0.0,0.0
24.335812689,1790241420.2198703,0.0,0.0,0.0,0.0
24.338174725000002,1790241420.2221873,0.0,0.0,0.0,0.0
24.356323406,1790241420.2404618,0.0,0.0,0.0,0.0
24.359659245000003,1790241420.2437246,0.0,0.0,0.0,0.0
24.362623991000003,1790241420.2466958,0.0,0.0,0.0,0.0
24.374878806,1790241420.2588835,0.0,0.0,0.0,0.0
24.397216766000003,1790241420.28137,0.0,0.0,0.0,0.0
24.400700314,1790241420.2847433,0.0,0.0,0.0,0.0
24.40264412,1790241420.2866125,0.0,0.0,0.0,0.0
24.415685655,1790241420.2997243,0.0,0.0,0.0,0.0
24.435771007000003,1790241420.3198242,0.0,0.0,0.0,0.0
24.438136584000002,1790241420.3222554,0.0,0.0,0.0,0.0
24.440494037,1790241420.3245006,0.0,0.0,0.0,0.0
24.456017869,1790241420.3401089,0.0,0.0,0.0,0.0
24.475806605000002,1790241420.359883,0.0,0.0,0.0,0.0
24.478181349,1790241420.3621762,0.0,0.0,0.0,0.0
24.496128623,1790241420.3802216,0.0,0.0,0.0,0.0
24.498854774,1790241420.3829002,0.0,0.0,0.0,0.0
24.501448841000002,1790241420.3855166,0.0,0.0,0.0,0.0
24.515796109,1790241420.399916,0.0,0.0,0.0,0.0
24.535813022000003,1790241420.419882,0.0,0.0,0.0,0.0
24.538194589000003,1790241420.422193,0.0,0.0,0.0,0.0
24.556027228,1790241420.4401548,0.0,0.0,0.0,0.0
24.559249474,1790241420.4433346,0.0,0.0,0.0,0.0
24.562350365,1790241420.446404,0.0,0.0,0.0,0.0
24.574888306000002,1790241420.458886,0.0,0.0,0.0,0.0
24.596535379000002,1790241420.4807386,0.0,0.0,0.0,0.0
24.599673562000003,1790241420.4837527,0.0,0.0,0.0,0.0
24.601829504,1790241420.4858115,0.0,0.0,0.0,0.0
24.615802343000002,1790241420.4998603,0.0,0.0,0.0,0.0
24.635773423,1790241420.5198267,0.0,0.0,0.0,0.0
24.638153115,1790241420.5222678,0.0,0.0,0.0,0.0
24.640554734000002,1790241420.5245392,0.0,0.0,0.0,0.0
24.656040389,1790241420.5401332,0.0,0.0,0.0,0.0
24.67578975,1790241420.5598495,0.0,0.0,0.0,0.0
24.678183036,1790241420.5621836,0.0,0.0,0.0,0.0
24.69610656,1790241420.580205,0.0,0.0,0.0,0.0
24.698842763000002,1790241420.5828698,0.0,0.0,0.0,0.0
24.701499591,1790241420.5855465,0.0,0.0,0.0,0.0
24.716046234,1790241420.6001456,0.0,0.0,0.0,0.0
24.735541897,1790241420.6195996,0.0,0.0,0.0,0.0
24.737700703,1790241420.6216855,0.0,0.0,0.0,0.0
24.756566573,1790241420.6407456,0.0,0.0,0.0,0.0
24.75969861,1790241420.643754,0.0,0.0,0.0,0.0
24.762747209,1790241420.646738,0.0,0.0,0.0,0.0
24.775595776000003,1790241420.6596525,0.0,0.0,0.0,0.0
24.795766856,1790241420.6798203,0.0,0.0,0.0,0.0
24.798134882000003,1790241420.682131,0.0,0.0,0.0,0.0
24.816436688000003,1790241420.7005467,0.0,0.0,0.0,0.0
24.819526329000002,1790241420.7036338,0.0,0.0,0.0,0.0
24.822518523000003,1790241420.7065854,0.0,0.0,0.0,0.0
24.834873963000003,1790241420.7188797,0.0,0.0,0.0,0.0
24.857216089,1790241420.7413523,0.0,0.0,0.0,0.0
24.860638700000003,1790241420.744678,0.0,0.0,0.0,0.0
24.862577506,1790241420.7465599,0.0,0.0,0.0,0.0
24.875670708,1790241420.7597125,0.0,0.0,0.0,0.0
24.895827414000003,1790241420.7799082,0.0,0.0,0.0,0.0
24.898500856000002,1790241420.7825398,0.0,0.0,0.0,0.0
24.900785652000003,1790241420.7848408,0.0,0.0,0.0,0.0
24.916077297,1790241420.8001757,0.0,0.0,0.0,0.0
24.935576292,1790241420.8196204,0.0,0.0,0.0,0.0
24.937760359000002,1790241420.8217452,0.0,0.0,0.0,0.0
24.956561333,1790241420.840761,0.0,0.0,0.0,0.0
24.959668318000002,1790241420.8437164,0.0,0.0,0.0,0.0
24.962761397,1790241420.8467627,0.0,0.0,0.0,0.0
24.975692307000003,1790241420.8597872,0.0,0.0,0.0,0.0
24.995762033000002,1790241420.879828,0.0,0.0,0.0,0.0
24.998127246000003,1790241420.8821213,0.0,0.0,0.0,0.0
25.016070041000003,1790241420.9001608,0.0,0.0,0.0,0.0
25.018902234000002,1790241420.9029298,0.0,0.0,0.0,0.0
25.021558698000003,1790241420.9056368,0.0,0.0,0.0,0.0
25.035761173,1790241420.9198384,0.0,0.0,0.0,0.0
25.055816472,1790241420.939886,0.0,0.0,0.0,0.0
25.058198456000003,1790241420.9421992,0.0,0.0,0.0,0.0
25.076312814,1790241420.9604475,0.0,0.0,0.0,0.0
25.079515580000002,1790241420.963614,0.0,0.0,0.0,0.0
25.082478242,1790241420.9665146,0.0,0.0,0.0,0.0
25.094864203,1790241420.9788704,0.0,0.0,0.0,0.0
25.117177007000002,1790241421.0013168,0.0,0.0,0.0,0.0
25.120711597000003,1790241421.0047429,0.0,0.0,0.0,0.0
25.122683215000002,1790241421.0066564,0.0,0.0,0.0,0.0
25.135687615000002,1790241421.0197322,0.0,0.0,0.0,0.0
25.155810988000002,1790241421.0398622,0.0,0.0,0.0,0.0
25.158185055,1790241421.0422187,0.0,0.0,0.0,0.0
25.160472663,1790241421.0444975,0.0,0.0,0.0,0.0
25.17601561,1790241421.0601149,0.0,0.0,0.0,0.0
25.195833877000002,1790241421.0799003,0.0,0.0,0.0,0.0
25.198220444,1790241421.0822394,0.0,0.0,0.0,0.0
25.216305323,1790241421.1004515,0.0,0.0,0.0,0.0
25.219430641000002,1790241421.1035073,0.0,0.0,0.0,0.0
25.222376116000003,1790241421.106415,0.0,0.0,0.0,0.0
25.23488739,1790241421.1189,0.0,0.0,0.0,0.0
25.257212016,1790241421.141353,0.0,0.0,0.0,0.0
25.260618116,1790241421.14467,0.0,0.0,0.0,0.0
25.262593068,1790241421.1465628,0.0,0.0,0.0,0.0
25.275613614,1790241421.15967,0.0,0.0,0.0,0.0
25.296566415,1790241421.180705,0.0,0.0,0.0,0.0
25.299393972,1790241421.1835268,0.0,0.0,0.0,0.0
25.301744498,1790241421.1857698,0.0,0.0,0.0,0.0
25.315376451000002,1790241421.1994205,0.0,0.0,0.0,0.0
25.335099093,1790241421.219106,0.0,0.0,0.0,0.0
25.336664565000003,1790241421.2206054,0.0,0.0,0.0,0.0
25.35515059,1790241421.2392087,0.0,0.0,0.0,0.0
25.357136219,1790241421.2412078,0.0,0.0,0.0,0.0
25.375240264000002,1790241421.2592845,0.0,0.0,0.0,0.0
25.377158445000003,1790241421.2611823,0.0,0.0,0.0,0.0
25.395244521000002,1790241421.2793205,0.0,0.0,0.0,0.0
25.397125775000003,1790241421.2811508,0.0,0.0,0.0,0.0
25.415191122000003,1790241421.2992146,0.0,0.0,0.0,0.0
25.417128678,1790241421.3012,0.0,0.0,0.0,0.0
25.435552307000002,1790241421.3195648,0.0,0.0,0.0,0.0
25.437203248000003,1790241421.321182,0.0,0.0,0.0,0.0
25.455205314,1790241421.3392262,0.0,0.0,0.0,0.0
25.45704037,1790241421.3410625,0.0,0.0,0.0,0.0
25.47561301,1790241421.3596404,0.0,0.0,0.0,0.0
25.477544576000003,1790241421.361583,0.0,0.0,0.0,0.0
25.495397683,1790241421.3794374,0.0,0.0,0.0,0.0
25.497337478000002,1790241421.3813686,0.0,0.0,0.0,0.0
25.515765222000002,1790241421.3998158,0.0,0.0,0.0,0.0
25.517696424,1790241421.4017222,0.0,0.0,0.0,0.0
25.535428021,1790241421.419478,0.0,0.0,0.0,0.0
25.537385420000003,1790241421.421415,0.0,0.0,0.0,0.0
25.558157856,1790241421.4422834,0.0,0.0,0.0,0.0
25.560175985,1790241421.4442375,0.0,0.0,0.0,0.0
25.562360312000003,1790241421.4464598,0.0,0.0,0.0,0.0
25.575741484,1790241421.4597893,0.0,0.0,0.0,0.0
25.59538574,1790241421.4794626,0.0,0.0,0.0,0.0
25.597314077,1790241421.4813592,0.0,0.0,0.0,0.0
25.615439477000002,1790241421.4995,0.0,0.0,0.0,0.0
25.617396876,1790241421.5014455,0.0,0.0,0.0,0.0
25.635249984,1790241421.5193117,0.0,0.0,0.0,0.0
25.637156341,1790241421.521201,0.0,0.0,0.0,0.0
25.655178199,1790241421.539231,0.0,0.0,0.0,0.0
25.657060807,1790241421.5411165,0.0,0.0,0.0,0.0
25.675292300000002,1790241421.5593698,0.0,0.0,0.0,0.0
25.677216471,1790241421.561222,0.0,0.0,0.0,0.0
25.695264578000003,1790241421.5792823,0.0,0.0,0.0,0.0
25.697126144000002,1790241421.5811472,0.0,0.0,0.0,0.0
25.715193783,1790241421.5991993,0.0,0.0,0.0,0.0
25.716994047,1790241421.6010087,0.0,0.0,0.0,0.0
25.73507528,1790241421.6190815,0.0,0.0,0.0,0.0
25.736730439000002,1790241421.620845,0.0,0.0,0.0,0.0
25.755191777,1790241421.639206,0.0,0.0,0.0,0.0
25.757032666,1790241421.641063,0.0,0.0,0.0,0.0
25.775173691000003,1790241421.6592262,0.0,0.0,0.0,0.0
25.777027236000002,1790241421.661056,0.0,0.0,0.0,0.0
25.795250760000002,1790241421.6792865,0.0,0.0,0.0,0.0
25.797148941000003,1790241421.6812131,0.0,0.0,0.0,0.0
25.815213143,1790241421.6992495,0.0,0.0,0.0,0.0
25.817068667,1790241421.7010956,0.0,0.0,0.0,0.0
25.835233442000003,1790241421.7192743,0.0,0.0,0.0,0.0
25.837139227,1790241421.7211645,0.0,0.0,0.0,0.0
25.855345668000002,1790241421.739392,0.0,0.0,0.0,0.0
25.857229994,1790241421.7412577,0.0,0.0,0.0,0.0
25.875269352,1790241421.7592895,0.0,0.0,0.0,0.0
25.877128522000003,1790241421.7611485,0.0,0.0,0.0,0.0
25.895213036,1790241421.7792602,0.0,0.0,0.0,0.0
25.897200957000003,1790241421.7812269,0.0,0.0,0.0,0.0
25.915226877000002,1790241421.7992935,0.0,0.0,0.0,0.0
25.917152662000003,1790241421.8011878,0.0,0.0,0.0,0.0
25.935237436,1790241421.8192692,0.0,0.0,0.0,0.0
25.937098898000002,1790241421.821133,0.0,0.0,0.0,0.0
25.955303517,1790241421.8393435,0.0,0.0,0.0,0.0
25.957241124000003,1790241421.841267,0.0,0.0,0.0,0.0
25.975254128000003,1790241421.8592849,0.0,0.0,0.0,0.0
25.977130902000003,1790241421.861153,0.0,0.0,0.0,0.0
25.99521401,1790241421.879229,0.0,0.0,0.0,0.0
25.997048753,1790241421.881094,0.0,0.0,0.0,0.0
26.015193684000003,1790241421.8992124,0.0,0.0,0.0,0.0
26.016961187000003,1790241421.9009674,0.0,0.0,0.0,0.0
26.035162420000002,1790241421.9192228,0.0,0.0,0.0,0.0
26.037013205,1790241421.9210303,0.0,0.0,0.0,0.0
26.055191626000003,1790241421.939233,0.0,0.0,0.0,0.0
26.057011785,1790241421.9410243,0.0,0.0,0.0,0.0
26.075355154,1790241421.9593914,0.0,0.0,0.0,0.0
26.077311772,1790241421.961333,0.0,0.0,0.0,0.0
26.095313734,1790241421.9793372,0.0,0.0,0.0,0.0
26.097232488000003,1790241421.9812531,0.0,0.0,0.0,0.0
26.115154762000003,1790241421.9991791,0.0,0.0,0.0,0.0
26.117006849000003,1790241422.001041,0.0,0.0,0.0,0.0
26.135165061000002,1790241422.01918,0.0,0.0,0.0,0.0
26.136999908,1790241422.021025,0.0,0.0,0.0,0.0
26.155172026000002,1790241422.0391922,0.0,0.0,0.0,0.0
26.157168541,1790241422.041202,0.0,0.0,0.0,0.0
26.175354409,1790241422.0594032,0.0,0.0,0.0,0.0
26.177217069,1790241422.0612466,0.0,0.0,0.0,0.0
26.195466375000002,1790241422.0795364,0.0,0.0,0.0,0.0
26.197447368000002,1790241422.0814724,0.0,0.0,0.0,0.0
26.215138913,1790241422.0991952,0.0,0.0,0.0,0.0
26.216983812000002,1790241422.101003,0.0,0.0,0.0,0.0
26.235124472000003,1790241422.1191318,0.0,0.0,0.0,0.0
26.237037757000003,1790241422.1210952,0.0,0.0,0.0,0.0
26.255223156000003,1790241422.1392617,0.0,0.0,0.0,0.0
26.257099723000003,1790241422.141126,0.0,0.0,0.0,0.0
26.275221112,1790241422.1592548,0.0,0.0,0.0,0.0
26.277073094000002,1790241422.1610851,0.0,0.0,0.0,0.0
26.295243077000002,1790241422.1792624,0.0,0.0,0.0,0.0
26.297174643,1790241422.181208,0.0,0.0,0.0,0.0
26.315164991000003,1790241422.1991973,0.0,0.0,0.0,0.0
26.31701989,1790241422.201038,0.0,0.0,0.0,0.0
26.335202112,1790241422.2192461,0.0,0.0,0.0,0.0
26.337067064000003,1790241422.2210782,0.0,0.0,0.0,0.0
26.355203401,1790241422.2392194,0.0,0.0,0.0,0.0
26.357047623000003,1790241422.2411084,0.0,0.0,0.0,0.0
26.375226252,1790241422.259262,0.0,0.0,0.0,0.0
26.377073078000002,1790241422.261141,0.0,0.0,0.0,0.0
26.395143478,1790241422.2791803,0.0,0.0,0.0,0.0
26.397029002,1790241422.2810547,0.0,0.0,0.0,0.0
26.415048204,1790241422.299043,0.0,0.0,0.0,0.0
26.416535654,1790241422.3004718,0.0,0.0,0.0,0.0
26.435133867,1790241422.3191803,0.0,0.0,0.0,0.0
26.437010381,1790241422.32105,0.0,0.0,0.0,0.0
26.455182916000002,1790241422.339224,0.0,0.0,0.0,0.0
26.456959795000003,1790241422.340959,0.0,0.0,0.0,0.0
26.475229621,1790241422.3592622,0.0,0.0,0.0,0.0
26.477038219,1790241422.3610814,0.0,0.0,0.0,0.0
26.495222316000003,1790241422.3792439,0.0,0.0,0.0,0.0
26.497101174,1790241422.3811224,0.0,0.0,0.0,0.0
26.515202511000002,1790241422.3992178,0.0,0.0,0.0,0.0
26.517004129,1790241422.4010527,0.0,0.0,0.0,0.0
26.535143018000003,1790241422.4191601,0.0,0.0,0.0,0.0
26.536955574,1790241422.4209754,0.0,0.0,0.0,0.0
26.555127484000003,1790241422.439141,0.0,0.0,0.0,0.0
26.557047123,1790241422.4410672,0.0,0.0,0.0,0.0
26.575117053000003,1790241422.4591331,0.0,0.0,0.0,0.0
26.576884557000003,1790241422.460912,0.0,0.0,0.0,0.0
26.595201832,1790241422.4792595,0.0,0.0,0.0,0.0
26.597071418000002,1790241422.4810908,0.0,0.0,0.0,0.0
26.615182547000003,1790241422.4991922,0.0,0.0,0.0,0.0
26.617001353000003,1790241422.5010562,0.0,0.0,0.0,0.0
26.635234096,1790241422.5192668,0.0,0.0,0.0,0.0
26.637138579000002,1790241422.5211785,0.0,0.0,0.0,0.0
26.655184707,1790241422.5392048,0.0,0.0,0.0,0.0
26.657028565,1790241422.5410511,0.0,0.0,0.0,0.0
26.675171048000003,1790241422.5591824,0.0,0.0,0.0,0.0
26.676965999,1790241422.560995,0.0,0.0,0.0,0.0
26.695158013,1790241422.5791917,0.0,0.0,0.0,0.0
26.697040465,1790241422.5810523,0.0,0.0,0.0,0.0
26.715151073,1790241422.599182,0.0,0.0,0.0,0.0
26.717009462,1790241422.6010242,0.0,0.0,0.0,0.0
26.73515283,1790241422.61921,0.0,0.0,0.0,0.0
26.737023823,1790241422.6210501,0.0,0.0,0.0,0.0
26.755211098,1790241422.6392348,0.0,0.0,0.0,0.0
26.75707407,1790241422.6411042,0.0,0.0,0.0,0.0
26.775181970000002,1790241422.659211,0.0,0.0,0.0,0.0
26.776985254000003,1790241422.6610224,0.0,0.0,0.0,0.0
26.795223727000003,1790241422.6792798,0.0,0.0,0.0,0.0
26.797199147,1790241422.681219,0.0,0.0,0.0,0.0
26.815265276,1790241422.6992965,0.0,0.0,0.0,0.0
26.817243405000003,1790241422.701302,0.0,0.0,0.0,0.0
26.835250471000002,1790241422.7193198,0.0,0.0,0.0,0.0
26.837186985000002,1790241422.7212029,0.0,0.0,0.0,0.0
26.855262540000002,1790241422.7393103,0.0,0.0,0.0,0.0
26.857137700000003,1790241422.7411916,0.0,0.0,0.0,0.0
26.87518362,1790241422.7592013,0.0,0.0,0.0,0.0
26.876736644,1790241422.7607517,0.0,0.0,0.0,0.0
26.895467514,1790241422.7794998,0.0,0.0,0.0,0.0
26.897645643,1790241422.7816916,0.0,0.0,0.0,0.0
26.915639375,1790241422.7997246,0.0,0.0,0.0,0.0
26.917848650000003,1790241422.8019094,0.0,0.0,0.0,0.0
26.935322121000002,1790241422.8193395,0.0,0.0,0.0,0.0
26.937212802,1790241422.8212,0.0,0.0,0.0,0.0
26.955533306000003,1790241422.8395903,0.0,0.0,0.0,0.0
26.957823727,1790241422.8418627,0.0,0.0,0.0,0.0
26.975468084000003,1790241422.859524,0.0,0.0,0.0,0.0
26.977590015,1790241422.8616354,0.0,0.0,0.0,0.0
26.995456664000002,1790241422.8794723,0.0,0.0,0.0,0.0
26.997295366000003,1790241422.8813062,0.0,0.0,0.0,0.0
27.015234515000003,1790241422.8992429,0.0,0.0,0.0,0.0
27.016959049,1790241422.9009612,0.0,0.0,0.0,0.0
27.035308356,1790241422.9193408,0.0,0.0,0.0,0.0
27.037249974,1790241422.9212716,0.0,0.0,0.0,0.0
27.055180269,1790241422.939203,0.0,0.0,0.0,0.0
27.057032512000003,1790241422.9410586,0.0,0.0,0.0,0.0
27.075199214,1790241422.9592385,0.0,0.0,0.0,0.0
27.077680781,1790241422.9618378,0.0,0.0,0.0,0.0
27.095285919000002,1790241422.979325,0.0,0.0,0.0,0.0
27.097235818,1790241422.981265,0.0,0.0,0.0,0.0
27.115216061,1790241422.9992373,0.0,0.0,0.0,0.0
27.117077888,1790241423.0011125,0.0,0.0,0.0,0.0
27.135402090000003,1790241423.0194304,0.0,0.0,0.0,0.0
27.137288968,1790241423.0213795,0.0,0.0,0.0,0.0
27.155138847000003,1790241423.039201,0.0,0.0,0.0,0.0
27.156992808000002,1790241423.0410242,0.0,0.0,0.0,0.0
27.175278052000003,1790241423.0593305,0.0,0.0,0.0,0.0
27.177245816000003,1790241423.0612683,0.0,0.0,0.0,0.0
27.195242465000003,1790241423.0792625,0.0,0.0,0.0,0.0
27.197126896,1790241423.0811436,0.0,0.0,0.0,0.0
27.215176254000003,1790241423.0991957,0.0,0.0,0.0,0.0
27.217047091,1790241423.101077,0.0,0.0,0.0,0.0
27.235235094,1790241423.1192772,0.0,0.0,0.0,0.0
27.237209525,1790241423.121244,0.0,0.0,0.0,0.0
27.255208935000002,1790241423.1392324,0.0,0.0,0.0,0.0
27.257111334,1790241423.1411397,0.0,0.0,0.0,0.0
27.275259650000002,1790241423.159313,0.0,0.0,0.0,0.0
27.277113352,1790241423.1611376,0.0,0.0,0.0,0.0
27.295148803,1790241423.179221,0.0,0.0,0.0,0.0
27.297042244,1790241423.181109,0.0,0.0,0.0,0.0
27.315183165,1790241423.1992009,0.0,0.0,0.0,0.0
27.317116762,1790241423.2011704,0.0,0.0,0.0,0.0
27.335218568000002,1790241423.2192376,0.0,0.0,0.0,0.0
27.337084405000002,1790241423.2211149,0.0,0.0,0.0,0.0
27.355175221000003,1790241423.2391922,0.0,0.0,0.0,0.0
27.357032568,1790241423.241067,0.0,0.0,0.0,0.0
27.375194843000003,1790241423.259233,0.0,0.0,0.0,0.0
27.37705094,1790241423.261057,0.0,0.0,0.0,0.0
27.395219985,1790241423.279272,0.0,0.0,0.0,0.0
27.397108843,1790241423.2811506,0.0,0.0,0.0,0.0
27.415186013000003,1790241423.2992227,0.0,0.0,0.0,0.0
27.417049559000002,1790241423.3010678,0.0,0.0,0.0,0.0
27.435129698,1790241423.31917,0.0,0.0,0.0,0.0
27.436995014,1790241423.3210351,0.0,0.0,0.0,0.0
27.455174476000003,1790241423.3392026,0.0,0.0,0.0,0.0
27.456963385,1790241423.3409693,0.0,0.0,0.0,0.0
27.475391129000002,1790241423.3594291,0.0,0.0,0.0,0.0
27.477319727,1790241423.3613489,0.0,0.0,0.0,0.0
27.495200282000003,1790241423.3792236,0.0,0.0,0.0,0.0
27.496994556,1790241423.3810022,0.0,0.0,0.0,0.0
27.51525407,1790241423.3993187,0.0,0.0,0.0,0.0
27.517139595000003,1790241423.401156,0.0,0.0,0.0,0.0
27.5352339,1790241423.4192765,0.0,0.0,0.0,0.0
27.537187915,1790241423.4212108,0.0,0.0,0.0,0.0
27.555201543000003,1790241423.439222,0.0,0.0,0.0,0.0
27.557105557000003,1790241423.4411242,0.0,0.0,0.0,0.0
27.575258405000003,1790241423.4593284,0.0,0.0,0.0,0.0
27.577215544,1790241423.4612315,0.0,0.0,0.0,0.0
27.595280735000003,1790241423.4793596,0.0,0.0,0.0,0.0
27.597365791,1790241423.4814448,0.0,0.0,0.0,0.0
27.615261242000003,1790241423.4992929,0.0,0.0,0.0,0.0
27.617289787,1790241423.501317,0.0,0.0,0.0,0.0
27.635274457,1790241423.5193095,0.0,0.0,0.0,0.0
27.637076128,1790241423.5211203,0.0,0.0,0.0,0.0
27.655203923000002,1790241423.5392158,0.0,0.0,0.0,0.0
27.656965645000003,1790241423.5409932,0.0,0.0,0.0,0.0
27.67511417,1790241423.5591187,0.0,0.0,0.0,0.0
27.6767736,1790241423.560963,0.0,0.0,0.0,0.0
27.695254833000003,1790241423.579295,0.0,0.0,0.0,0.0
27.697132181,1790241423.5811453,0.0,0.0,0.0,0.0
27.715246538000002,1790241423.5992723,0.0,0.0,0.0,0.0
27.71710925,1790241423.6011777,0.0,0.0,0.0,0.0
27.735120847,1790241423.61915,0.0,0.0,0.0,0.0
27.737069289,1790241423.6211007,0.0,0.0,0.0,0.0
27.755224272000003,1790241423.6392984,0.0,0.0,0.0,0.0
27.757166098000003,1790241423.6411824,0.0,0.0,0.0,0.0
27.775256862000003,1790241423.6592896,0.0,0.0,0.0,0.0
27.777165355,1790241423.6612155,0.0,0.0,0.0,0.0
27.795272734,1790241423.6793146,0.0,0.0,0.0,0.0
27.797198936,1790241423.6812634,0.0,0.0,0.0,0.0
27.815533242,1790241423.6995933,0.0,0.0,0.0,0.0
27.817662517000002,1790241423.7017086,0.0,0.0,0.0,0.0
27.835421405,1790241423.7194576,0.0,0.0,0.0,0.0
27.837537242000003,1790241423.7215729,0.0,0.0,0.0,0.0
27.8554916,1790241423.7395463,0.0,0.0,0.0,0.0
27.857612281,1790241423.7416584,0.0,0.0,0.0,0.0
27.875503513,1790241423.759542,0.0,0.0,0.0,0.0
27.877627736,1790241423.761655,0.0,0.0,0.0,0.0
27.895487823000003,1790241423.7795753,0.0,0.0,0.0,0.0
27.897776577000002,1790241423.7819104,0.0,0.0,0.0,0.0
27.915525465,1790241423.7996087,0.0,0.0,0.0,0.0
27.917743751000003,1790241423.801828,0.0,0.0,0.0,0.0
27.935432431000002,1790241423.8195095,0.0,0.0,0.0,0.0
27.937538476,1790241423.8216429,0.0,0.0,0.0,0.0
27.955468042000003,1790241423.8395383,0.0,0.0,0.0,0.0
27.957603932,1790241423.8416371,0.0,0.0,0.0,0.0
27.975569279000002,1790241423.8596108,0.0,0.0,0.0,0.0
27.977819804000003,1790241423.8618605,0.0,0.0,0.0,0.0
27.995624578,1790241423.8796778,0.0,0.0,0.0,0.0
27.997760519000003,1790241423.8818116,0.0,0.0,0.0,0.0
28.015623731,1790241423.8996723,0.0,0.0,0.0,0.0
28.017718162,1790241423.9017518,0.0,0.0,0.0,0.0
28.035415019000002,1790241423.9194565,0.0,0.0,0.0,0.0
28.037485075000003,1790241423.9215202,0.0,0.0,0.0,0.0
28.055536412000002,1790241423.939583,0.0,0.0,0.0,0.0
28.057758760000002,1790241423.9417927,0.0,0.0,0.0,0.0
28.075459783000003,1790241423.9595072,0.0,0.0,0.0,0.0
28.077581089000002,1790241423.961625,0.0,0.0,0.0,0.0
28.095556697000003,1790241423.9796033,0.0,0.0,0.0,0.0
28.097647795,1790241423.9816928,0.0,0.0,0.0,0.0
28.115197516000002,1790241423.9992173,0.0,0.0,0.0,0.0
28.117038092,1790241424.001067,0.0,0.0,0.0,0.0
28.135264221000003,1790241424.0192971,0.0,0.0,0.0,0.0
28.137101829000002,1790241424.02112,0.0,0.0,0.0,0.0
28.155255405000002,1790241424.0393317,0.0,0.0,0.0,0.0
28.157181555,1790241424.0412014,0.0,0.0,0.0,0.0
28.175220496,1790241424.0592523,0.0,0.0,0.0,0.0
28.177061333,1790241424.0610886,0.0,0.0,0.0,0.0
28.195447774,1790241424.0794687,0.0,0.0,0.0,0.0
28.197350174,1790241424.0813775,0.0,0.0,0.0,0.0
28.215232292000003,1790241424.0992513,0.0,0.0,0.0,0.0
28.217157556,1790241424.1011932,0.0,0.0,0.0,0.0
28.235179726000002,1790241424.1192107,0.0,0.0,0.0,0.0
28.237109157000003,1790241424.1211405,0.0,0.0,0.0,0.0
28.255288410000002,1790241424.139329,0.0,0.0,0.0,0.0
28.257176122,1790241424.1411955,0.0,0.0,0.0,0.0
28.275185376000003,1790241424.159221,0.0,0.0,0.0,0.0
28.277010327000003,1790241424.1610456,0.0,0.0,0.0,0.0
28.295293279000003,1790241424.1793222,0.0,0.0,0.0,0.0
28.297120418000002,1790241424.1811516,0.0,0.0,0.0,0.0
28.315597120000003,1790241424.1996481,0.0,0.0,0.0,0.0
28.317686395000003,1790241424.2017362,0.0,0.0,0.0,0.0
28.335565023,1790241424.2196128,0.0,0.0,0.0,0.0
28.33773185,1790241424.2217684,0.0,0.0,0.0,0.0
28.355562509000002,1790241424.2396154,0.0,0.0,0.0,0.0
28.357683138000002,1790241424.2417252,0.0,0.0,0.0,0.0
28.375471506,1790241424.2595356,0.0,0.0,0.0,0.0
28.377586302,1790241424.2616332,0.0,0.0,0.0,0.0
28.395507690000002,1790241424.2795882,0.0,0.0,0.0,0.0
28.397807226,1790241424.281841,0.0,0.0,0.0,0.0
28.4155145,1790241424.2996285,0.0,0.0,0.0,0.0
28.417742785,1790241424.3017988,0.0,0.0,0.0,0.0
28.435991726,1790241424.320042,0.0,0.0,0.0,0.0
28.438146522,1790241424.3222034,0.0,0.0,0.0,0.0
28.455575149,1790241424.339615,0.0,0.0,0.0,0.0
28.457698279000002,1790241424.3417358,0.0,0.0,0.0,0.0
28.475551959,1790241424.359607,0.0,0.0,0.0,0.0
28.47765764,1790241424.3616946,0.0,0.0,0.0,0.0
28.495546737,1790241424.3795843,0.0,0.0,0.0,0.0
28.497740491000002,1790241424.3817885,0.0,0.0,0.0,0.0
28.515539692,1790241424.3996062,0.0,0.0,0.0,0.0
28.517708758,1790241424.4017437,0.0,0.0,0.0,0.0
28.535423220000002,1790241424.4194713,0.0,0.0,0.0,0.0
28.537535776000002,1790241424.4215965,0.0,0.0,0.0,0.0
28.556269406000002,1790241424.4403803,0.0,0.0,0.0,0.0
28.558613473,1790241424.442658,0.0,0.0,0.0,0.0
28.575636422000002,1790241424.4597132,0.0,0.0,0.0,0.0
28.577817832,1790241424.4618936,0.0,0.0,0.0,0.0
28.595562033,1790241424.4796355,0.0,0.0,0.0,0.0
28.597675735000003,1790241424.4817936,0.0,0.0,0.0,0.0
28.615416915,1790241424.4994779,0.0,0.0,0.0,0.0
28.617538325,1790241424.5015805,0.0,0.0,0.0,0.0
28.635498412,1790241424.5195587,0.0,0.0,0.0,0.0
28.637654979,1790241424.5216968,0.0,0.0,0.0,0.0
28.655505013000003,1790241424.5395463,0.0,0.0,0.0,0.0
28.657625538,1790241424.5416648,0.0,0.0,0.0,0.0
28.675644843,1790241424.5596871,0.0,0.0,0.0,0.0
28.67775766,1790241424.5618086,0.0,0.0,0.0,0.0
28.695568527000002,1790241424.5796018,0.0,0.0,0.0,0.0
28.697808167,1790241424.581847,0.0,0.0,0.0,0.0
28.715492576000003,1790241424.5995376,0.0,0.0,0.0,0.0
28.717596382000004,1790241424.6016243,0.0,0.0,0.0,0.0
28.735216312000002,1790241424.6192288,0.0,0.0,0.0,0.0
28.737084649000003,1790241424.6211162,0.0,0.0,0.0,0.0
28.755295882000002,1790241424.6393359,0.0,0.0,0.0,0.0
28.757290104000003,1790241424.6413138,0.0,0.0,0.0,0.0
28.775306858,1790241424.6593294,0.0,0.0,0.0,0.0
28.777158997,1790241424.6611717,0.0,0.0,0.0,0.0
28.795392001000003,1790241424.679465,0.0,0.0,0.0,0.0
28.797307994,1790241424.6813183,0.0,0.0,0.0,0.0
28.815283133,1790241424.6993544,0.0,0.0,0.0,0.0
28.817308032000003,1790241424.7013307,0.0,0.0,0.0,0.0
28.835863797000002,1790241424.7198925,0.0,0.0,0.0,0.0
28.837970624,1790241424.722007,0.0,0.0,0.0,0.0
28.855524929,1790241424.7395692,0.0,0.0,0.0,0.0
28.857659620000003,1790241424.7416763,0.0,0.0,0.0,0.0
28.875552623,1790241424.7596047,0.0,0.0,0.0,0.0
28.877715857000002,1790241424.7617555,0.0,0.0,0.0,0.0
28.895549901000003,1790241424.7795968,0.0,0.0,0.0,0.0
28.897654853000002,1790241424.7817075,0.0,0.0,0.0,0.0
28.915582544000003,1790241424.7996664,0.0,0.0,0.0,0.0
28.917687236000003,1790241424.8017077,0.0,0.0,0.0,0.0
28.936095396000002,1790241424.820166,0.0,0.0,0.0,0.0
28.938512744,1790241424.8226194,0.0,0.0,0.0,0.0
28.940878947,1790241424.8249586,0.0,0.0,0.0,0.0
28.95574184,1790241424.8398361,0.0,0.0,0.0,0.0
28.975599743,1790241424.8596401,0.0,0.0,0.0,0.0
28.977982508,1790241424.8619945,0.0,0.0,0.0,0.0
28.995785407000003,1790241424.87984,0.0,0.0,0.0,0.0
28.998186453000002,1790241424.882271,0.0,0.0,0.0,0.0
29.000571926000003,1790241424.8845906,0.0,0.0,0.0,0.0
29.016054873,1790241424.9001462,0.0,0.0,0.0,0.0
29.035392983,1790241424.9194448,0.0,0.0,0.0,0.0
29.037590435000002,1790241424.9215803,0.0,0.0,0.0,0.0
29.055982606,1790241424.940039,0.0,0.0,0.0,0.0
29.058343496000003,1790241424.9424002,0.0,0.0,0.0,0.0
29.060608917000003,1790241424.9445994,0.0,0.0,0.0,0.0
29.075705977000002,1790241424.959749,0.0,0.0,0.0,0.0
29.097060445,1790241424.9812057,0.0,0.0,0.0,0.0
29.100667535000003,1790241424.9848616,0.0,0.0,0.0,0.0
29.104117125000002,1790241424.9882116,0.0,0.0,0.0,0.0
29.115091261000003,1790241424.999105,0.0,0.0,0.0,0.0
29.136583698000003,1790241425.020771,0.0,0.0,0.0,0.0
29.139748808,1790241425.0238192,0.0,0.0,0.0,0.0
29.142535168000002,1790241425.0265357,0.0,0.0,0.0,0.0
29.155561443000003,1790241425.0396562,0.0,0.0,0.0,0.0
29.175788461000003,1790241425.0598419,0.0,0.0,0.0,0.0
29.178245445,1790241425.0622473,0.0,0.0,0.0,0.0
29.180713522,1790241425.0647922,0.0,0.0,0.0,0.0
29.195535166000003,1790241425.0795867,0.0,0.0,0.0,0.0
29.216992603,1790241425.1011634,0.0,0.0,0.0,0.0
29.220687506,1790241425.1048994,0.0,0.0,0.0,0.0
29.224195012000003,1790241425.1082852,0.0,0.0,0.0,0.0
29.235109512,1790241425.1191185,0.0,0.0,0.0,0.0
29.256622470000003,1790241425.1408298,0.0,0.0,0.0,0.0
29.259838727,1790241425.1438618,0.0,0.0,0.0,0.0
29.26197097,1790241425.145961,0.0,0.0,0.0,0.0
29.275327975000003,1790241425.1593542,0.0,0.0,0.0,0.0
29.295747129000002,1790241425.1798112,0.0,0.0,0.0,0.0
29.298082081,1790241425.1822412,0.0,0.0,0.0,0.0
29.300345471000004,1790241425.184381,0.0,0.0,0.0,0.0
29.315470500000004,1790241425.199505,0.0,0.0,0.0,0.0
29.335524966,1790241425.2195625,0.0,0.0,0.0,0.0
29.337617522000002,1790241425.2216563,0.0,0.0,0.0,0.0
29.355436983,1790241425.2394774,0.0,0.0,0.0,0.0
29.357605529,1790241425.2416723,0.0,0.0,0.0,0.0
29.375575407000003,1790241425.2596881,0.0,0.0,0.0,0.0
29.377829526000003,1790241425.2618623,0.0,0.0,0.0,0.0
29.395718727000002,1790241425.2797709,0.0,0.0,0.0,0.0
29.397794200000003,1790241425.2818246,0.0,0.0,0.0,0.0
29.415472880000003,1790241425.29956,0.0,0.0,0.0,0.0
29.417650071,1790241425.3016772,0.0,0.0,0.0,0.0
29.435461304,1790241425.3195324,0.0,0.0,0.0,0.0
29.437591620000003,1790241425.3216243,0.0,0.0,0.0,0.0
29.455483790000002,1790241425.3395445,0.0,0.0,0.0,0.0
29.457622857,1790241425.3416712,0.0,0.0,0.0,0.0
29.475490964000002,1790241425.3595588,0.0,0.0,0.0,0.0
29.477649562000003,1790241425.3617108,0.0,0.0,0.0,0.0
29.495497877000002,1790241425.3795543,0.0,0.0,0.0,0.0
29.497684548000002,1790241425.3817413,0.0,0.0,0.0,0.0
29.515556822,1790241425.3995852,0.0,0.0,0.0,0.0
29.517660524,1790241425.401708,0.0,0.0,0.0,0.0
29.535554465,1790241425.4196293,0.0,0.0,0.0,0.0
29.537824521,1790241425.4222791,0.0,0.0,0.0,0.0
29.540360463000003,1790241425.4243991,0.0,0.0,0.0,0.0
29.556072785,1790241425.4402587,0.0,0.0,0.0,0.0
29.575415947000003,1790241425.4594445,0.0,0.0,0.0,0.0
29.577582618,1790241425.4616635,0.0,0.0,0.0,0.0
29.595409059,1790241425.47945,0.0,0.0,0.0,0.0
29.59733724,1790241425.4813576,0.0,0.0,0.0,0.0
29.616407589,1790241425.5005052,0.0,0.0,0.0,0.0
29.619271396000002,1790241425.5033112,0.0,0.0,0.0,0.0
29.622089266000003,1790241425.5060797,0.0,0.0,0.0,0.0
29.635586323000002,1790241425.51968,0.0,0.0,0.0,0.0
29.655496674000002,1790241425.5395498,0.0,0.0,0.0,0.0
29.657893189000003,1790241425.5418959,0.0,0.0,0.0,0.0
29.675913068000003,1790241425.559968,0.0,0.0,0.0,0.0
29.678282603000003,1790241425.5622826,0.0,0.0,0.0,0.0
29.680757764000003,1790241425.564825,0.0,0.0,0.0,0.0
29.695491491000002,1790241425.5795412,0.0,0.0,0.0,0.0
29.717008094,1790241425.6011693,0.0,0.0,0.0,0.0
29.720640549000002,1790241425.604801,0.0,0.0,0.0,0.0
29.724067796000003,1790241425.6081645,0.0,0.0,0.0,0.0
29.734830212000002,1790241425.6188326,0.0,0.0,0.0,0.0
29.757291297000002,1790241425.641453,0.0,0.0,0.0,0.0
29.761130419,1790241425.6453009,0.0,0.0,0.0,0.0
29.763532298,1790241425.6475236,0.0,0.0,0.0,0.0
29.775663468,1790241425.6597347,0.0,0.0,0.0,0.0
29.795777621000003,1790241425.679833,0.0,0.0,0.0,0.0
29.798144552,1790241425.6821558,0.0,0.0,0.0,0.0
29.816170785,1790241425.7003305,0.0,0.0,0.0,0.0
29.819075947,1790241425.7031233,0.0,0.0,0.0,0.0
29.821709233000004,1790241425.7057354,0.0,0.0,0.0,0.0
29.835742073000002,1790241425.7198606,0.0,0.0,0.0,0.0
29.855779299,1790241425.7398489,0.0,0.0,0.0,0.0
29.858169824,1790241425.7421684,0.0,0.0,0.0,0.0
29.876142723,1790241425.760252,0.0,0.0,0.0,0.0
29.878863041000002,1790241425.7629175,0.0,0.0,0.0,0.0
29.881706119,1790241425.765755,0.0,0.0,0.0,0.0
29.895806823,1790241425.7799037,0.0,0.0,0.0,0.0
29.915666184000003,1790241425.7997093,0.0,0.0,0.0,0.0
29.917846137,1790241425.8018506,0.0,0.0,0.0,0.0
29.936779142000002,1790241425.8209498,0.0,0.0,0.0,0.0
29.939985606,1790241425.8240342,0.0,0.0,0.0,0.0
29.942676445000004,1790241425.826653,0.0,0.0,0.0,0.0
29.955764803,1790241425.839821,0.0,0.0,0.0,0.0
29.975754060000003,1790241425.8598404,0.0,0.0,0.0,0.0
29.978290471,1790241425.8623157,0.0,0.0,0.0,0.0
29.980547715,1790241425.8645377,0.0,0.0,0.0,0.0
29.996059672,1790241425.8801575,0.0,0.0,0.0,0.0
30.01556971,1790241425.8996055,0.0,0.0,0.0,0.0
30.017748151000003,1790241425.901746,0.0,0.0,0.0,0.0
30.036141989,1790241425.9202173,0.0,0.0,0.0,0.0
30.038888244000002,1790241425.9229198,0.0,0.0,0.0,0.0
30.041488353000002,1790241425.9255266,0.0,0.0,0.0,0.0
30.056066558,1790241425.9401662,0.0,0.0,0.0,0.0
30.075551023000003,1790241425.9595914,0.0,0.0,0.0,0.0
30.078158424,1790241425.9622204,0.0,0.0,0.0,0.0
30.096212313000002,1790241425.980303,0.0,0.0,0.0,0.0
30.099006901000003,1790241425.9830618,0.0,0.0,0.0,0.0
30.101685552000003,1790241425.9857316,0.0,0.0,0.0,0.0
30.115779486,1790241425.9998899,0.0,0.0,0.0,0.0
30.135836764,1790241426.0199482,0.0,0.0,0.0,0.0
30.138294112,1790241426.0223057,0.0,0.0,0.0,0.0
30.156116230000002,1790241426.0402071,0.0,0.0,0.0,0.0
30.158931443,1790241426.042959,0.0,0.0,0.0,0.0
30.161521553000004,1790241426.0455916,0.0,0.0,0.0,0.0
30.175746007,1790241426.0598216,0.0,0.0,0.0,0.0
30.195780108,1790241426.079838,0.0,0.0,0.0,0.0
30.198242196000002,1790241426.0822732,0.0,0.0,0.0,0.0
30.216332647,1790241426.1004643,0.0,0.0,0.0,0.0
30.21945307,1790241426.1035604,0.0,0.0,0.0,0.0
30.222431357,1790241426.106493,0.0,0.0,0.0,0.0
30.234888673,1790241426.1188948,0.0,0.0,0.0,0.0
30.257264861000003,1790241426.1414297,0.0,0.0,0.0,0.0
30.260740128000002,1790241426.1447794,0.0,0.0,0.0,0.0
30.262695653,1790241426.1466618,0.0,0.0,0.0,0.0
30.275701563000002,1790241426.159744,0.0,0.0,0.0,0.0
30.295751758,1790241426.1797907,0.0,0.0,0.0,0.0
30.298144784,1790241426.182368,0.0,0.0,0.0,0.0
30.300674789000002,1790241426.1847208,0.0,0.0,0.0,0.0
30.315299244000002,1790241426.1993258,0.0,0.0,0.0,0.0
30.336784233000003,1790241426.2210217,0.0,0.0,0.0,0.0
30.340535646000003,1790241426.2246969,0.0,0.0,0.0,0.0
30.343994768,1790241426.2280672,0.0,0.0,0.0,0.0
30.354846663000004,1790241426.2388422,0.0,0.0,0.0,0.0
30.377456811000002,1790241426.261619,0.0,0.0,0.0,0.0
30.381336923000003,1790241426.265443,0.0,0.0,0.0,0.0
30.383730521,1790241426.2677126,0.0,0.0,0.0,0.0
30.395668044,1790241426.2797153,0.0,0.0,0.0,0.0
30.415521884,1790241426.29956,0.0,0.0,0.0,0.0
30.417881524000002,1790241426.3018963,0.0,0.0,0.0,0.0
30.435747548000002,1790241426.3197951,0.0,0.0,0.0,0.0
30.438173125000002,1790241426.3222053,0.0,0.0,0.0,0.0
30.44048214,1790241426.324491,0.0,0.0,0.0,0.0
30.456056441,1790241426.340152,0.0,0.0,0.0,0.0
30.475557937,1790241426.3596025,0.0,0.0,0.0,0.0
30.477920806,1790241426.361921,0.0,0.0,0.0,0.0
30.501886946000003,1790241426.3858905,5.0,5.0,0.0,0.0
30.503453251000003,1790241426.3874035,5.0,5.0,0.0,0.0
30.505019920000002,1790241426.3889859,5.0,5.0,0.0,0.0
30.515167075,1790241426.3991735,5.0,5.0,0.0,0.0
30.536980242000002,1790241426.421101,5.0,5.0,0.14,0.14
30.540015404000002,1790241426.4240825,5.0,5.0,0.14,0.28
30.542939264,1790241426.4270315,5.0,5.0,0.701,0.561
30.55487085,1790241426.438876,5.0,5.0,0.982,1.402
30.577299174,1790241426.4614625,5.0,5.0,1.543,1.683
30.581103504,1790241426.4652703,5.0,5.0,1.963,2.244
30.583614967000003,1790241426.4676065,5.0,5.0,2.524,2.805
30.596090772,1790241426.480134,5.0,5.0,3.085,3.366
30.615515601000002,1790241426.4995532,5.0,5.0,3.646,3.646
30.617702585000004,1790241426.5016897,5.0,5.0,3.927,4.348
30.635826213,1790241426.5198936,5.0,5.0,4.348,4.628
30.638222312000003,1790241426.52235,5.0,5.0,4.768,4.768
30.640596327,1790241426.5246024,5.0,5.0,4.768,5.049
30.656043856,1790241426.5401375,5.0,5.0,5.049,5.47
30.675601602,1790241426.5596435,5.0,5.0,5.189,5.61
30.677974315,1790241426.5619917,5.0,5.0,5.47,5.61
30.695769401000003,1790241426.5798388,5.0,5.0,5.329,5.75
30.698175239,1790241426.5822287,5.0,5.0,5.329,5.75
30.700456077000002,1790241426.5844784,5.0,5.0,5.47,5.61
30.715767825,1790241426.599869,5.0,5.0,5.329,5.75
30.735774999,1790241426.619824,5.0,5.0,5.47,5.61
30.738184535000002,1790241426.622184,5.0,5.0,5.47,5.47
30.756365143000004,1790241426.6404872,5.0,5.0,5.329,5.47
30.75961218,1790241426.6436715,5.0,5.0,5.329,5.329
30.762619269,1790241426.6466835,5.0,5.0,5.189,5.189
30.774893147,1790241426.6588879,5.0,5.0,5.329,5.189
30.797248398,1790241426.6814077,5.0,5.0,5.049,4.768
30.800684030000003,1790241426.684727,5.0,5.0,5.049,4.909
30.802639294000002,1790241426.6866078,5.0,5.0,5.049,4.909
30.8157026,1790241426.6997423,5.0,5.0,4.909,4.628
30.835827691000002,1790241426.7198908,5.0,5.0,4.768,4.628
30.838225873000003,1790241426.722283,5.0,5.0,4.909,4.768
30.840525460000002,1790241426.724532,5.0,5.0,4.628,4.488
30.856077313000004,1790241426.7401552,5.0,5.0,4.768,4.628
30.875600945000002,1790241426.7596543,5.0,5.0,4.628,4.628
30.877780376,1790241426.7617633,5.0,5.0,4.628,4.488
30.896606089000002,1790241426.7808082,5.0,5.0,4.628,4.628
30.899898127,1790241426.7839873,5.0,5.0,4.628,4.628
30.902080266000002,1790241426.7860932,5.0,5.0,4.628,4.768
30.915609251000003,1790241426.7996786,5.0,5.0,4.348,4.628
30.935572831,1790241426.8196447,5.0,5.0,4.488,4.628
30.937963512000003,1790241426.8219838,5.0,5.0,4.488,4.628
30.955809171000002,1790241426.8398652,5.0,5.0,4.488,4.628
30.958212457000002,1790241426.8422143,5.0,5.0,4.348,4.628
30.960686472000003,1790241426.844742,5.0,5.0,4.348,4.628
30.975506084000003,1790241426.859547,5.0,5.0,4.488,4.628
30.996992896000002,1790241426.8811517,5.0,5.0,4.207,4.488
31.000672226000002,1790241426.8848596,5.0,5.0,4.207,4.628
31.00420416,1790241426.8882847,5.0,5.0,4.488,4.768
31.014837774000004,1790241426.898844,5.0,5.0,4.348,4.628
31.035566564000003,1790241426.9195924,5.0,5.0,3.787,4.488
31.037545214,1790241426.9215147,5.0,5.0,3.506,3.927
31.055629415000002,1790241426.939788,5.0,5.0,3.085,3.226
31.058714369,1790241426.9427798,5.0,5.0,2.104,2.524
31.06178776,1790241426.9458406,5.0,5.0,1.543,2.104
31.074906796,1790241426.9589036,5.0,5.0,1.122,1.683
31.099064342000002,1790241426.9831364,5.0,5.0,0.841,1.262
31.101270961,1790241426.9852664,5.0,5.0,0.841,1.262
31.103025392000003,1790241426.9870398,5.0,5.0,0.701,1.122
31.115309946000004,1790241426.9993482,5.0,5.0,0.841,1.262
31.136929415,1790241427.021112,5.0,5.0,1.122,1.402
31.140446609,1790241427.0245457,5.0,5.0,1.402,1.683
31.143867918,1790241427.0279605,5.0,5.0,1.823,1.963
31.155185648000003,1790241427.039237,5.0,5.0,2.104,2.384
31.175119228000003,1790241427.0591486,5.0,5.0,2.384,2.805
31.177131471000003,1790241427.0611699,5.0,5.0,2.524,3.226
31.196616040000002,1790241427.0808082,5.0,5.0,2.805,3.506
31.199839692,1790241427.0839238,5.0,5.0,3.226,3.787
31.202886781000004,1790241427.086895,5.0,5.0,3.506,4.067
31.215594514000003,1790241427.0996528,5.0,5.0,3.787,4.207
31.238048203,1790241427.1220875,5.0,5.0,3.927,4.488
31.240034509,1790241427.1240425,5.0,5.0,4.207,4.628
31.242383107000002,1790241427.1264784,5.0,5.0,4.348,4.768
31.254911777,1790241427.1389062,5.0,5.0,4.628,4.909
31.277392393000003,1790241427.1615531,5.0,5.0,4.628,4.909
31.281290942000002,1790241427.165439,5.0,5.0,4.909,5.049
31.283721936000003,1790241427.1677177,5.0,5.0,4.909,5.189
31.295457792,1790241427.179511,5.0,5.0,5.049,5.049
31.3157208,1790241427.1998231,5.0,5.0,5.189,5.189
31.318893775000003,1790241427.203028,5.0,5.0,5.61,5.189
31.321829562,1790241427.205964,5.0,5.0,5.61,5.329
31.334841722000004,1790241427.2188401,5.0,5.0,5.75,5.329
31.357632339000002,1790241427.2417953,5.0,5.0,5.89,5.47
31.361688805000004,1790241427.2457986,5.0,5.0,5.89,5.47
31.363901726,1790241427.247887,5.0,5.0,6.171,5.47
31.375445446,1790241427.259484,5.0,5.0,6.171,5.61
31.395800172,1790241427.2798688,5.0,5.0,6.171,5.61
31.398210437000003,1790241427.2822104,5.0,5.0,6.451,5.329
31.416139118,1790241427.3002481,5.0,5.0,6.311,5.47
31.418915633,1790241427.3029659,5.0,5.0,6.311,5.61
31.421550326000002,1790241427.3055763,5.0,5.0,6.451,5.329
31.436571761000003,1790241427.3207314,5.0,5.0,6.171,5.47
31.455523516000003,1790241427.339571,5.0,5.0,6.031,5.47
31.457699718,1790241427.341721,5.0,5.0,5.89,5.189
31.475775690000003,1790241427.3598294,5.0,5.0,5.75,5.47
31.478219132000003,1790241427.3622308,5.0,5.0,5.47,5.329
31.480706533000003,1790241427.3647752,5.0,5.0,5.47,5.47
31.495517343000003,1790241427.3795683,5.0,5.0,5.189,5.61
31.517143322000003,1790241427.4013107,5.0,5.0,5.329,5.61
31.520708068,1790241427.4049206,5.0,5.0,5.049,5.75
31.524214481,1790241427.408306,5.0,5.0,5.049,6.031
31.534858304000004,1790241427.4188514,5.0,5.0,4.909,5.89
31.557247565,1790241427.4413893,5.0,5.0,4.628,5.89
31.560782520000004,1790241427.4448874,5.0,5.0,4.909,6.171
31.562821222000004,1790241427.4467936,5.0,5.0,5.189,6.311
31.575702236,1790241427.459754,5.0,5.0,5.329,6.311
31.595787796000003,1790241427.4798458,5.0,5.0,5.47,5.75
31.598166811000002,1790241427.4821665,5.0,5.0,5.61,5.75
31.616097314,1790241427.5002105,5.0,5.0,5.47,5.61
31.618872996,1790241427.5029018,5.0,5.0,5.329,5.189
31.621440241000002,1790241427.5054998,5.0,5.0,5.049,5.189
31.63574381,1790241427.5198476,5.0,5.0,4.628,5.189
31.655815671000003,1790241427.5398734,5.0,5.0,5.049,5.189
31.658205467000002,1790241427.5422094,5.0,5.0,5.049,5.049
31.676388419000002,1790241427.560512,5.0,5.0,4.909,5.049
31.679362175,1790241427.5634453,5.0,5.0,5.049,4.768
31.682275201000003,1790241427.5662796,5.0,5.0,5.189,4.768
31.694866527000002,1790241427.5788677,-5.0,-5.0,4.909,5.049
31.716007714000003,1790241427.6000628,-5.0,-5.0,5.049,4.768
31.718385583000003,1790241427.6024024,-5.0,-5.0,5.049,4.768
31.736041971000002,1790241427.620167,-5.0,-5.0,4.768,4.909
31.739254165000002,1790241427.623328,-5.0,-5.0,4.067,4.067
31.742222608000002,1790241427.6262815,-5.0,-5.0,3.506,3.366
31.754878882000003,1790241427.638881,-5.0,-5.0,2.384,1.963
31.777235800000003,1790241427.6614063,-5.0,-5.0,1.122,0.701
31.780853307,1790241427.6648529,-5.0,-5.0,0.28,-0.28
31.782910238000003,1790241427.6668766,-5.0,-5.0,-0.14,-0.841
31.795863075000003,1790241427.6799064,-5.0,-5.0,-0.841,-1.402
31.815985926000003,1790241427.7000551,-5.0,-5.0,-1.543,-1.963
31.818628848000003,1790241427.7026474,-5.0,-5.0,-2.244,-2.665
31.821045624000003,1790241427.7050376,-5.0,-5.0,-2.665,-3.366
31.835687891000003,1790241427.7197454,-5.0,-5.0,-3.085,-3.506
31.857206370000004,1790241427.7413523,-5.0,-5.0,-3.085,-3.927
31.861209451,1790241427.7453227,-5.0,-5.0,-3.506,-4.067
31.865222427000003,1790241427.7493064,-5.0,-5.0,-3.646,-4.207
31.874966665000002,1790241427.758964,-5.0,-5.0,-4.067,-4.348
31.897543166000002,1790241427.7816813,-5.0,-5.0,-4.207,-4.768
31.901655101000003,1790241427.7857866,-5.0,-5.0,-4.067,-4.628
31.903967502,1790241427.7879722,-5.0,-5.0,-4.348,-4.768
31.915669034,1790241427.7997315,-5.0,-5.0,-4.348,-4.488
31.935760219000002,1790241427.8198,-5.0,-5.0,-4.348,-4.628
31.93836762,1790241427.8226233,-5.0,-5.0,-4.207,-4.488
31.941428563000002,1790241427.8254724,-5.0,-5.0,-4.488,-4.488
31.955495465000002,1790241427.839518,-5.0,-5.0,-4.488,-4.488
31.977198267000002,1790241427.8613625,-5.0,-5.0,-4.348,-4.488
31.981124889000004,1790241427.8652384,-5.0,-5.0,-4.207,-4.348
31.984782396000004,1790241427.8692024,-5.0,-5.0,-4.207,-4.348
31.994951218,1790241427.8789482,-5.0,-5.0,-4.067,-4.207
32.017563657000004,1790241427.9017937,-5.0,-5.0,-3.927,-4.348
32.020786424,1790241427.9048448,-5.0,-5.0,-4.067,-4.207
32.023076011,1790241427.9070554,-5.0,-5.0,-3.787,-4.488
32.035271764,1790241427.9193017,-5.0,-5.0,-3.927,-4.488
32.057141285,1790241427.9412684,-5.0,-5.0,-3.787,-4.628
32.060417854,1790241427.9444888,-5.0,-5.0,-4.067,-4.768
32.063642131,1790241427.94768,-5.0,-5.0,-3.927,-5.049
32.074987465,1790241427.9589849,-5.0,-5.0,-4.207,-4.909
32.097582613,1790241427.9817448,-5.0,-5.0,-4.207,-4.909
32.101873611,1790241427.9859746,-5.0,-5.0,-3.927,-5.049
32.104178823000005,1790241427.9881506,-5.0,-5.0,-4.067,-4.909
32.115835304,1790241427.9998884,-5.0,-5.0,-4.067,-4.909
32.135741957,1790241428.0197802,-5.0,-5.0,-3.787,-4.909
32.138300972,1790241428.0225172,-5.0,-5.0,-3.646,-4.768
32.141030925,1790241428.0250468,-5.0,-5.0,-4.067,-4.768
32.155491838,1790241428.0395246,-5.0,-5.0,-4.909,-4.768
32.177226047000005,1790241428.0613704,-5.0,-5.0,-5.189,-4.768
32.181111158,1790241428.0652053,-5.0,-5.0,-6.031,-4.768
32.184799811000005,1790241428.0692117,-5.0,-5.0,-6.732,-4.909
32.194950664000004,1790241428.0789464,-5.0,-5.0,-6.311,-4.909
32.217580343,1790241428.1017244,-5.0,-5.0,-6.311,-4.628
32.221792955000005,1790241428.105915,-5.0,-5.0,-4.488,-4.909
32.224120147,1790241428.1081066,-5.0,-5.0,-4.488,-4.628
32.235861576000005,1790241428.1199079,-5.0,-5.0,-2.945,-3.646
32.255976458,1790241428.1400304,-5.0,-5.0,-1.262,-2.384
32.258496411,1790241428.1426618,-5.0,-5.0,0.28,-0.561
32.260793551,1790241428.1448085,-5.0,-5.0,0.701,0.421
32.275534829,1790241428.1595747,-5.0,-5.0,0.841,0.982
32.29729409,1790241428.1814551,-5.0,-5.0,1.262,1.122
32.30099842,1790241428.1851358,-5.0,-5.0,1.262,1.543
32.303303632,1790241428.1872773,-5.0,-5.0,1.543,1.543
32.31574001,1790241428.1998117,-5.0,-5.0,1.683,1.963
32.335549111,1790241428.2196,-5.0,-5.0,1.543,1.823
32.337929376000005,1790241428.2219453,-5.0,-5.0,1.823,2.104
32.355754722,1790241428.239824,-5.0,-5.0,1.823,2.104
32.358154415,1790241428.2421534,-5.0,-5.0,1.963,2.244
32.376321272000006,1790241428.260459,-5.0,-5.0,1.963,2.384
32.379436070000004,1790241428.2634897,-5.0,-5.0,1.823,2.244
32.382378263,1790241428.266439,-5.0,-5.0,1.823,2.384
32.394916412,1790241428.2789118,-5.0,-5.0,1.963,2.244
32.417211924,1790241428.3013914,-5.0,-5.0,1.823,2.244
32.42114016,1790241428.3052406,-5.0,-5.0,1.823,2.104
32.423638551,1790241428.3076322,-5.0,-5.0,1.823,2.244
32.435405604,1790241428.3194609,-5.0,-5.0,1.823,2.104
32.455792206000005,1790241428.3398554,-5.0,-5.0,1.963,2.104
32.458147992,1790241428.3421404,-5.0,-5.0,1.683,2.104
32.476120943000005,1790241428.3602295,-5.0,-5.0,1.823,2.104
32.478871625000004,1790241428.3629024,-5.0,-5.0,1.683,2.244
32.481700068,1790241428.3657339,-5.0,-5.0,1.823,1.963
32.496155617,1790241428.3802242,-5.0,-5.0,1.683,2.244
32.515405862,1790241428.399461,-5.0,-5.0,1.683,2.104
32.517592637,1790241428.4016101,-5.0,-5.0,1.683,1.963
32.535858089,1790241428.419916,-5.0,-5.0,1.683,1.963
32.538245958000005,1790241428.4222412,-5.0,-5.0,1.543,1.823
32.540596587,1790241428.4245918,-5.0,-5.0,1.543,1.823
32.555543179000004,1790241428.4395955,-5.0,-5.0,1.402,1.823
32.576992855,1790241428.4611554,-5.0,-5.0,1.543,1.823
32.580861821,1790241428.465159,-5.0,-5.0,1.402,1.683
32.584778703000005,1790241428.4690843,-5.0,-5.0,1.402,1.823
32.594859192,1790241428.4788578,-5.0,-5.0,1.262,1.543
32.617252984000004,1790241428.501405,-5.0,-5.0,1.402,1.683
32.62077721,1790241428.5051796,-5.0,-5.0,1.262,1.543
32.623603622000005,1790241428.507595,-5.0,-5.0,1.262,1.543
32.635661197000005,1790241428.5197203,-5.0,-5.0,1.262,1.543
32.655824569,1790241428.5398757,-5.0,-5.0,1.262,1.543
32.658162125000004,1790241428.5421598,-5.0,-5.0,1.122,1.402
32.676282837,1790241428.5603728,-5.0,-5.0,1.122,1.543
32.679109926,1790241428.5631611,-5.0,-5.0,1.122,1.402
32.681950713,1790241428.5659735,-5.0,-5.0,0.982,1.402
32.696260011,1790241428.5803645,-5.0,-5.0,0.841,1.262
32.715211506,1790241428.5992358,5.0,5.0,0.841,1.262
32.716762394,1790241428.600775,5.0,5.0,0.841,1.122
32.7361804,1790241428.6202812,5.0,5.0,0.701,1.122
32.73891228,1790241428.6229477,5.0,5.0,0.701,0.982
32.741258274,1790241428.6252673,5.0,5.0,0.982,1.122
32.755597833,1790241428.6396341,5.0,5.0,1.402,1.543
32.776777665000004,1790241428.6610148,5.0,5.0,1.963,1.963
32.7804821,1790241428.664568,5.0,5.0,2.524,2.665
32.783944554,1790241428.668058,5.0,5.0,2.805,3.085
32.794843013000005,1790241428.6788387,5.0,5.0,2.665,2.805
32.817316597,1790241428.7014751,5.0,5.0,2.945,2.945
32.821254574,1790241428.705407,5.0,5.0,3.085,3.366
32.823711037,1790241428.707689,5.0,5.0,3.646,4.067
32.835650174,1790241428.7197175,5.0,5.0,3.927,4.488
32.855798182,1790241428.7398474,5.0,5.0,4.067,4.628
32.858203238,1790241428.7422023,5.0,5.0,4.207,4.628
32.876105096,1790241428.7602103,5.0,5.0,4.067,4.909
32.878860413000005,1790241428.7628906,5.0,5.0,4.488,5.049
32.881445262,1790241428.765507,5.0,5.0,4.628,5.049
32.896069509,1790241428.7801657,5.0,5.0,4.628,5.189
32.915432202000005,1790241428.7994623,5.0,5.0,4.628,5.049
32.917620904,1790241428.8016198,5.0,5.0,4.768,5.049
32.935772762,1790241428.8198287,5.0,5.0,4.768,4.909
32.938180006,1790241428.8222346,5.0,5.0,4.768,5.049
32.940496313000004,1790241428.824492,5.0,5.0,4.768,4.768
32.956078322,1790241428.840206,5.0,5.0,4.909,4.768
32.975548672,1790241428.8596072,5.0,5.0,4.628,4.768
32.97771404,1790241428.8617098,5.0,5.0,4.628,4.628
32.996567306,1790241428.8807542,5.0,5.0,4.768,4.348
32.999780124000004,1790241428.8838663,5.0,5.0,4.768,4.488
33.002247421,1790241428.8862345,5.0,5.0,4.768,4.348
33.015625988000004,1790241428.8996863,5.0,5.0,4.488,4.067
33.035772745,1790241428.9198325,5.0,5.0,4.348,3.927
33.038157906,1790241428.9221706,5.0,5.0,4.207,3.927
33.056466327,1790241428.9405873,5.0,5.0,4.348,3.787
33.059725239,1790241428.9437795,5.0,5.0,4.768,4.067
33.062641651,1790241428.9467266,5.0,5.0,4.488,4.207
33.074863237,1790241428.9588609,5.0,5.0,4.488,4.348
33.096910884,1790241428.981082,5.0,5.0,4.628,4.348
33.100071046000004,1790241428.9841588,5.0,5.0,4.628,4.348
33.10303277,1790241428.9870288,5.0,5.0,4.628,4.488
33.115867847000004,1790241428.9999433,5.0,5.0,4.488,4.628
33.135801323,1790241429.019856,5.0,5.0,4.488,4.488
33.138160338,1790241429.022169,5.0,5.0,4.348,4.488
33.156174747,1790241429.0402641,5.0,5.0,4.348,4.488
33.158890273000004,1790241429.042925,5.0,5.0,4.488,4.628
33.161483768000004,1790241429.0455258,5.0,5.0,4.628,4.628
33.176026504,1790241429.0601044,5.0,5.0,4.348,4.768
33.195538416000005,1790241429.0795782,5.0,5.0,4.628,4.628
33.197977640000005,1790241429.081998,5.0,5.0,4.628,4.768
33.215755434,1790241429.099828,5.0,5.0,4.628,4.768
33.218167366,1790241429.1022303,5.0,5.0,4.488,4.909
33.220467475,1790241429.104465,5.0,5.0,4.628,4.768
33.236042817000005,1790241429.120136,5.0,5.0,4.628,4.909
33.255581188,1790241429.1396189,5.0,5.0,4.348,4.628
33.25799989,1790241429.1420438,5.0,5.0,3.787,3.787
33.275798206000005,1790241429.1598742,5.0,5.0,3.226,3.085
33.278231387000005,1790241429.1623123,5.0,5.0,2.384,2.104
33.280540246,1790241429.1645324,5.0,5.0,1.683,1.543
33.296061370000004,1790241429.1801395,5.0,5.0,1.122,0.982
33.315862501000005,1790241429.1999238,5.0,5.0,0.561,0.28
33.318236152000004,1790241429.2022378,5.0,5.0,0.0,0.0
33.336279884,1790241429.220361,5.0,5.0,0.0,-0.14
33.338997441000004,1790241429.2230256,5.0,5.0,0.0,0.0
33.341804530000005,1790241429.2258353,5.0,5.0,0.0,0.0
33.355832786,1790241429.2399175,5.0,5.0,0.0,0.0
33.375432928,1790241429.2594755,5.0,5.0,-0.14,0.0
33.377673193,1790241429.261674,5.0,5.0,0.0,0.0
33.395886873,1790241429.27996,5.0,5.0,-0.14,0.0
33.398291045,1790241429.2823548,5.0,5.0,0.0,0.0
33.400591674000005,1790241429.2845867,5.0,5.0,0.0,0.0
33.416038839,1790241429.3001351,5.0,5.0,0.0,0.0
33.435545908,1790241429.3196142,5.0,5.0,0.0,0.0
33.437724818,1790241429.3217206,5.0,5.0,0.0,0.0
33.45654699,1790241429.3407383,5.0,5.0,0.0,0.0
33.459779183,1790241429.3438485,5.0,5.0,0.0,0.0
33.462822262,1790241429.3468108,5.0,5.0,0.0,0.0
33.475539214,1790241429.3596146,5.0,5.0,0.0,0.0
33.495896961,1790241429.3799675,5.0,5.0,0.0,0.0
33.498291861000006,1790241429.382309,5.0,5.0,0.0,0.0
33.516446844,1790241429.4005587,5.0,5.0,0.0,0.0
33.519683309,1790241429.4037645,5.0,5.0,0.0,0.0
33.522638575,1790241429.4067159,5.0,5.0,0.0,0.0
33.53488839,1790241429.4188955,5.0,5.0,0.0,0.0
33.557234995,1790241429.4413939,5.0,5.0,0.0,0.0
33.560731564,1790241429.4447756,5.0,5.0,0.0,0.0
33.56276037,1790241429.4467459,5.0,5.0,-0.14,0.0
33.57568477,1790241429.4597275,5.0,5.0,0.0,0.0
33.595813923,1790241429.4798844,5.0,5.0,0.0,0.0
33.598259553000005,1790241429.482332,5.0,5.0,0.0,0.0
33.600540651,1790241429.4845502,5.0,5.0,0.0,0.0
33.615749482000005,1790241429.4998655,5.0,5.0,0.0,0.0
33.63584676,1790241429.5199208,5.0,5.0,0.0,0.0
33.638259161,1790241429.522256,5.0,5.0,0.0,0.0
33.656110445,1790241429.540216,5.0,5.0,0.0,0.0
33.658874096000005,1790241429.54292,5.0,5.0,0.0,0.0
33.661691862000005,1790241429.5457428,5.0,5.0,0.0,0.0
33.675700326000005,1790241429.5598178,5.0,5.0,0.0,0.0
33.695834688000005,1790241429.579894,5.0,5.0,0.0,0.0
33.698210370000005,1790241429.5822237,5.0,5.0,0.0,0.0
33.71628931,1790241429.6004353,5.0,5.0,0.0,0.0
33.719462650000004,1790241429.6035564,5.0,5.0,0.0,0.0
33.722409531000004,1790241429.6064465,5.0,5.0,0.0,0.0
33.734869450000005,1790241429.6188793,5.0,5.0,0.0,0.0
33.757238295,1790241429.6413748,5.0,5.0,0.0,0.0
33.760631479000004,1790241429.6446595,5.0,5.0,0.0,0.0
33.76255341,1790241429.6465259,5.0,5.0,0.0,0.0
33.775690622,1790241429.659735,5.0,5.0,0.0,0.0
33.795799202000005,1790241429.6798542,5.0,5.0,0.0,0.0
33.798163113,1790241429.6822424,5.0,5.0,0.0,0.0
33.800482909,1790241429.6844752,5.0,5.0,0.0,0.0
33.816106429,1790241429.7001863,5.0,5.0,0.0,0.0
33.835583914000004,1790241429.719629,5.0,5.0,0.0,0.0
33.837749022000004,1790241429.7217288,5.0,5.0,0.0,0.14
33.856533590000005,1790241429.7407582,5.0,5.0,0.0,0.0
33.859683596,1790241429.7437518,5.0,5.0,0.0,0.28
33.862823602,1790241429.7468228,5.0,5.0,0.0,0.14
33.875858575,1790241429.759947,5.0,5.0,0.14,0.14
33.895772988000004,1790241429.7798295,5.0,5.0,0.0,0.14
33.898143669,1790241429.7821689,5.0,5.0,0.14,0.14
33.916286465,1790241429.80038,5.0,5.0,0.14,0.0
33.919207199,1790241429.8032448,5.0,5.0,0.28,0.0
33.922034549,1790241429.806043,5.0,5.0,0.28,0.0
33.935835721000004,1790241429.8199246,5.0,5.0,0.421,0.0
33.955786384,1790241429.839855,5.0,5.0,0.421,0.0
33.958197535000004,1790241429.8422098,5.0,5.0,0.561,0.14
33.976141684000005,1790241429.8602533,5.0,5.0,0.701,0.14
33.978873408000005,1790241429.8629172,5.0,5.0,0.701,0.14
33.98167784,1790241429.8657238,5.0,5.0,0.841,0.28
33.996066305,1790241429.8801634,5.0,5.0,0.701,0.421
34.015568165000005,1790241429.899626,5.0,5.0,0.982,0.28
34.017732232,1790241429.9017286,5.0,5.0,0.841,0.421
34.036567581,1790241429.9207668,5.0,5.0,1.122,0.561
34.03968092,1790241429.9237432,5.0,5.0,1.122,0.701
34.042736551000004,1790241429.9267285,5.0,5.0,1.262,0.701
34.055607513000005,1790241429.939675,5.0,5.0,1.122,0.841
34.075765520000004,1790241429.9598532,5.0,5.0,1.122,0.701
34.078161098,1790241429.9621563,5.0,5.0,0.982,0.982
34.096271393,1790241429.9804292,5.0,5.0,1.122,0.982
34.099519212000004,1790241429.9835985,5.0,5.0,1.262,0.982
34.10246354,1790241429.9865065,5.0,5.0,1.122,1.122
34.114879085000005,1790241429.9988883,5.0,5.0,1.262,0.982
34.137270274,1790241430.021434,5.0,5.0,1.122,1.122
34.140744760000004,1790241430.024785,5.0,5.0,1.122,0.982
34.142686847,1790241430.0266693,5.0,5.0,1.122,0.982
34.155680569000005,1790241430.0397222,5.0,5.0,1.122,0.982
34.175580607,1790241430.0596194,5.0,5.0,0.982,1.122
34.177946185,1790241430.0619578,5.0,5.0,1.262,1.122
34.19573674,1790241430.0797892,5.0,5.0,0.982,1.122
34.198240599,1790241430.0822654,5.0,5.0,1.122,1.262
34.200496593000004,1790241430.0845015,5.0,5.0,1.122,1.122
34.216043237,1790241430.1001396,5.0,5.0,1.262,1.122
34.235558118,1790241430.1195984,5.0,5.0,1.122,1.262
34.237755518,1790241430.1217422,5.0,5.0,1.262,1.262
34.256105866,1790241430.1401803,5.0,5.0,1.262,1.122
34.258819621,1790241430.1428456,5.0,5.0,1.262,1.262
34.261617074,1790241430.1456513,5.0,5.0,1.262,1.122
34.275850175,1790241430.1599236,5.0,5.0,1.402,1.262
34.295887869000005,1790241430.1799474,5.0,5.0,1.402,1.402
34.298271415,1790241430.1822872,5.0,5.0,1.402,1.262
34.300713243000004,1790241430.1847699,5.0,5.0,1.402,1.402
34.315505042000005,1790241430.199557,5.0,5.0,1.402,1.543
34.336689145,1790241430.2209306,5.0,5.0,1.402,1.402
34.340455559,1790241430.2245438,5.0,5.0,1.402,1.402
34.34387369,1790241430.2279716,5.0,5.0,1.543,1.402
34.354827618,1790241430.238822,5.0,5.0,1.543,1.402
34.377337973,1790241430.2614846,5.0,5.0,1.543,1.543
34.381220012,1790241430.2653852,5.0,5.0,1.683,1.402
34.383707985,1790241430.2676892,5.0,5.0,1.683,1.543
34.395662331000004,1790241430.2797065,5.0,5.0,1.683,1.543
34.415793255000004,1790241430.2998621,5.0,5.0,1.683,1.543
34.418162374000005,1790241430.3021736,5.0,5.0,1.543,1.543
34.436443503,1790241430.3205423,5.0,5.0,1.683,1.543
34.439338196,1790241430.3234043,5.0,5.0,1.543,1.683
34.442165024000005,1790241430.3261547,5.0,5.0,1.823,1.543
34.456094739,1790241430.3401506,5.0,5.0,1.683,1.543
34.475718891,1790241430.359775,5.0,5.0,1.823,1.683
34.478118583000004,1790241430.3621578,5.0,5.0,1.823,1.683
34.495772679000005,1790241430.379832,5.0,5.0,1.963,1.683
34.498154871000004,1790241430.382175,5.0,5.0,1.683,1.543
34.500693782,1790241430.3847628,5.0,5.0,1.823,1.683
34.515571884,1790241430.3996108,5.0,5.0,1.683,1.683
34.537029008000005,1790241430.4211974,5.0,5.0,1.823,1.683
34.540574484000004,1790241430.4247162,5.0,5.0,1.683,1.543
34.544071418,1790241430.4281392,5.0,5.0,1.683,1.543
34.555176647,1790241430.439461,5.0,5.0,1.823,1.543
34.576271948,1790241430.460353,5.0,5.0,1.683,1.543
34.57901461,1790241430.4630563,5.0,5.0,1.823,1.543
34.581883834,1790241430.46592,5.0,5.0,1.683,1.543
34.595957767,1790241430.480031,5.0,5.0,1.543,1.543
34.615791607000006,1790241430.4998477,5.0,5.0,1.683,1.683
34.618183383,1790241430.5021996,5.0,5.0,1.543,1.402
34.636123729000005,1790241430.5202382,5.0,5.0,1.543,1.543
34.638891026,1790241430.5229204,5.0,5.0,1.543,1.402
34.641463948,1790241430.5255249,5.0,5.0,1.543,1.402
34.656059288,1790241430.5401409,5.0,5.0,1.543,1.402
34.67554844,1790241430.5596197,5.0,5.0,1.402,1.402
34.677954435000004,1790241430.5619519,5.0,5.0,1.543,1.262
34.695769000000006,1790241430.579843,5.0,5.0,1.402,1.402
34.698178067,1790241430.582196,5.0,5.0,1.262,1.402
34.700651666,1790241430.5847316,5.0,5.0,1.262,1.402
34.715534090000006,1790241430.5995734,5.0,5.0,1.262,1.262
34.737014027,1790241430.6211574,5.0,5.0,1.262,1.262
34.740537575000005,1790241430.6247082,5.0,5.0,1.262,1.262
34.744033415000004,1790241430.6281312,5.0,5.0,1.262,1.262
34.754845884000005,1790241430.6388419,5.0,5.0,1.262,1.122
34.777282437000004,1790241430.6614234,5.0,5.0,1.122,1.122
34.780740413000004,1790241430.665121,5.0,5.0,1.262,1.122
34.783576981,1790241430.6675572,5.0,5.0,1.122,1.122
34.795697889,1790241430.6797464,5.0,5.0,1.262,0.982
34.815820272,1790241430.6998916,5.0,5.0,1.262,1.262
34.818200953,1790241430.7021992,5.0,5.0,1.402,1.402
34.836130206,1790241430.7202342,5.0,5.0,1.402,1.543
34.83888292,1790241430.722914,5.0,5.0,1.402,1.543
34.841477769,1790241430.7255187,5.0,5.0,1.402,1.402
34.856107328,1790241430.7401881,5.0,5.0,1.262,1.543
34.875798668,1790241430.7599251,5.0,5.0,1.402,1.262
34.878271797000004,1790241430.762269,5.0,5.0,1.402,1.402
34.896116832000004,1790241430.7802298,5.0,5.0,1.262,1.402
34.898955952,1790241430.7830055,5.0,5.0,1.402,1.122
34.901645540000004,1790241430.7857025,5.0,5.0,1.122,1.122
34.915712859,1790241430.799803,5.0,5.0,1.122,1.122
34.935561907,1790241430.8196254,5.0,5.0,1.122,1.122
34.937989047,1790241430.821988,5.0,5.0,0.982,0.982
34.955758248,1790241430.8398297,5.0,5.0,0.982,1.122
34.958144659000006,1790241430.8421564,5.0,5.0,0.982,1.122
34.97614985,1790241430.8602643,5.0,5.0,0.982,0.982
34.979007355,1790241430.8630636,5.0,5.0,0.982,0.982
34.981853298000004,1790241430.8659077,5.0,5.0,0.841,0.982
34.99582145,1790241430.879904,5.0,5.0,0.841,0.982
35.015832582,1790241430.8998892,5.0,5.0,0.841,0.841
35.01821342,1790241430.9022105,5.0,5.0,0.701,0.982
35.036149496,1790241430.9202614,5.0,5.0,0.561,0.561
35.038926064,1790241430.9229739,5.0,5.0,0.561,0.421
35.041576069,1790241430.9256022,5.0,5.0,0.421,0.421
35.056405628,1790241430.9405136,5.0,5.0,0.28,0.421
35.075549311,1790241430.9596183,5.0,5.0,0.561,0.14
35.077746763,1790241430.9617307,5.0,5.0,0.421,0.14
35.096383674,1790241430.9805062,5.0,5.0,0.14,0.14
35.099537430000005,1790241430.983611,5.0,5.0,0.28,0.0
35.102486862,1790241430.9865646,5.0,5.0,0.0,0.0
35.114887615,1790241430.9989154,5.0,5.0,0.14,0.14
35.137136356,1790241431.0212967,5.0,5.0,0.14,0.0
35.140532144000005,1790241431.024522,5.0,5.0,0.14,0.0
35.142475012000006,1790241431.0264611,5.0,5.0,0.14,0.0
35.155678735,1790241431.039735,5.0,5.0,0.14,0.0
35.175815753,1790241431.0598822,5.0,5.0,0.14,0.0
35.178194455,1790241431.0623314,5.0,5.0,0.28,0.0
35.180608783000004,1790241431.0646024,5.0,5.0,0.14,0.0
35.196056104,1790241431.0801508,5.0,5.0,0.0,0.0
35.215581194,1790241431.0996258,5.0,5.0,0.0,0.0
35.217974688000005,1790241431.101975,5.0,5.0,0.0,0.0
35.235822482,1790241431.119897,5.0,5.0,0.0,0.0
35.238195716,1790241431.1223187,5.0,5.0,0.0,0.0
35.240575044,1790241431.1245668,5.0,5.0,0.0,0.0
35.256073979,1790241431.1401622,5.0,5.0,0.14,0.0
35.275802038,1790241431.1598718,5.0,5.0,0.0,0.0
35.278195376,1790241431.1621933,5.0,5.0,0.0,0.0
35.296143900000004,1790241431.1802566,5.0,5.0,0.0,0.0
35.298863853,1790241431.1829107,5.0,5.0,0.14,0.0
35.301441358000005,1790241431.1854954,5.0,5.0,0.14,0.0
35.316064146,1790241431.200163,5.0,5.0,0.14,0.0
35.335829028,1790241431.2198918,5.0,5.0,0.28,0.0
35.338203616,1790241431.2222147,5.0,5.0,0.421,0.0
35.356117244,1790241431.2402246,5.0,5.0,0.421,0.0
35.358820843000004,1790241431.2428625,5.0,5.0,0.421,0.0
35.361675692000006,1790241431.2457383,5.0,5.0,0.28,0.0
35.375605823,1790241431.259659,5.0,5.0,0.14,0.0
35.395784247,1790241431.2798553,5.0,5.0,0.14,0.0
35.398173366,1790241431.2821841,5.0,5.0,0.0,0.0
35.416108973,1790241431.3002203,5.0,5.0,0.0,0.0
35.418851374,1790241431.3028758,5.0,5.0,0.0,0.0
35.421710026,1790241431.3057454,5.0,5.0,0.0,0.0
35.435793959,1790241431.3198955,5.0,5.0,0.0,0.0
35.455830352,1790241431.339904,5.0,5.0,0.0,0.0
35.458228221,1790241431.3422434,5.0,5.0,0.0,0.0
35.476261536,1790241431.3604026,5.0,5.0,0.0,0.0
35.479585605000004,1790241431.36369,5.0,5.0,0.0,0.0
35.48262832,1790241431.3667111,5.0,5.0,0.0,0.0
35.494892406000005,1790241431.3789039,5.0,5.0,0.0,0.0
35.517296771000005,1790241431.401522,5.0,5.0,0.0,0.0
35.520759643000005,1790241431.4048078,5.0,5.0,0.0,0.0
35.522736521,1790241431.4067101,5.0,5.0,0.0,0.0
35.535685504,1790241431.4197245,5.0,5.0,0.0,0.0
35.555961741000004,1790241431.4400406,5.0,5.0,0.0,0.0
35.558464194,1790241431.4424806,5.0,5.0,0.0,0.0
35.560728729000004,1790241431.4448082,5.0,5.0,0.0,0.0
35.575820217,1790241431.4599054,5.0,5.0,0.0,0.0
35.595537494000006,1790241431.4795876,5.0,5.0,0.0,0.0
35.597766925,1790241431.4817638,5.0,5.0,0.0,0.0
35.615821752,1790241431.4998796,5.0,5.0,0.0,0.0
35.618217329000004,1790241431.50223,5.0,5.0,0.0,0.0
35.620925876,1790241431.5049622,5.0,5.0,0.0,0.0
35.635521581,1790241431.5195587,5.0,5.0,0.0,0.0
35.657012508,1790241431.5411608,5.0,5.0,0.0,0.0
35.660543348000004,1790241431.5446966,5.0,5.0,0.0,0.0
35.664102261000004,1790241431.548227,5.0,5.0,0.0,0.0
35.674863063000004,1790241431.5588558,5.0,5.0,0.0,0.0
35.697268626,1790241431.5814118,5.0,5.0,0.0,0.0
35.700953477,1790241431.5850592,5.0,5.0,0.0,0.0
35.703387857,1790241431.5873694,5.0,5.0,0.0,0.0
35.715898922,1790241431.5999587,5.0,5.0,0.0,0.0
35.735636773,1790241431.6196806,5.0,5.0,0.0,0.0
35.737796621,1790241431.6217928,5.0,5.0,0.0,0.0
35.756590823,1790241431.6407928,5.0,5.0,0.0,0.0
35.759803121000004,1790241431.6438756,5.0,5.0,0.0,0.0
35.762623804,1790241431.646609,5.0,5.0,0.0,0.0
35.77554586,1790241431.6595984,5.0,5.0,0.0,0.0
35.795777461,1790241431.6798475,5.0,5.0,0.0,0.0
35.798226163,1790241431.6822298,5.0,5.0,0.0,0.0
35.81610776,1790241431.700204,5.0,5.0,0.0,0.14
35.818891776,1790241431.7029257,5.0,5.0,0.0,0.0
35.821602458,1790241431.705664,5.0,5.0,0.0,0.0
35.835777433000004,1790241431.7199066,5.0,5.0,0.0,0.0
35.855833513,1790241431.7399037,5.0,5.0,0.0,0.0
35.858210185000004,1790241431.7422059,5.0,5.0,0.0,0.0
35.876265896,1790241431.760396,5.0,5.0,0.0,0.0
35.879467673,1790241431.7635639,5.0,5.0,0.0,0.0
35.882446325000004,1790241431.7665284,5.0,5.0,0.0,0.0
35.894879057000004,1790241431.7788894,5.0,5.0,0.0,0.0
35.917312902,1790241431.8014731,5.0,5.0,0.0,0.0
35.920667544000004,1790241431.8047042,5.0,5.0,0.0,0.0
35.922643537,1790241431.8066254,5.0,5.0,0.0,0.0
35.935594708,1790241431.8196476,5.0,5.0,0.0,0.0
35.955812038000005,1790241431.8398697,5.0,5.0,0.0,0.0
35.958176782,1790241431.8422391,5.0,5.0,0.0,0.0
35.960474339,1790241431.844468,5.0,5.0,0.0,0.0
35.976083327000005,1790241431.860157,5.0,5.0,0.0,0.0
35.995853417,1790241431.8799195,5.0,5.0,0.0,0.0
35.99824514,1790241431.8822422,5.0,5.0,0.0,0.0
36.016179445,1790241431.9002824,5.0,5.0,0.0,0.0
36.018951117,1790241431.902989,5.0,5.0,0.0,0.0
36.021774716,1790241431.905826,5.0,5.0,0.0,0.0
36.035548024,1790241431.9196084,5.0,5.0,0.0,0.0
36.055779886,1790241431.9398346,5.0,5.0,0.0,0.0
36.058175359,1790241431.942187,5.0,5.0,0.0,0.0
36.076096956,1790241431.9601994,5.0,5.0,0.0,0.0
36.079087482000006,1790241431.9631789,5.0,5.0,0.0,0.0
36.082035353,1790241431.9660735,5.0,5.0,0.0,0.0
36.095580639000005,1790241431.9796584,5.0,5.0,0.0,0.0
36.115782917000004,1790241431.9998357,5.0,5.0,0.0,0.0
36.118147974,1790241432.0021546,5.0,5.0,0.0,0.0
36.136135456000005,1790241432.0202346,5.0,5.0,0.0,0.0
36.138853326,1790241432.022899,5.0,5.0,0.0,0.0
36.14175354,1790241432.0258076,5.0,5.0,0.0,0.0
36.155751535,1790241432.039872,5.0,5.0,0.0,0.0
36.175839126,1790241432.0598934,5.0,5.0,0.0,0.0
36.178231110000006,1790241432.0622292,5.0,5.0,0.0,0.0
36.196280728000005,1790241432.080413,5.0,5.0,0.0,0.0
36.199530630000005,1790241432.0836487,5.0,5.0,0.0,0.0
36.20258475,1790241432.0866554,5.0,5.0,0.0,0.0
36.214901649000005,1790241432.0989091,5.0,5.0,0.0,0.0
36.237236275,1790241432.1213963,5.0,5.0,0.0,0.0
36.240664094,1790241432.1247103,5.0,5.0,0.0,0.0
36.24263691,1790241432.1266077,5.0,5.0,0.0,0.0
36.255693810000004,1790241432.1397538,5.0,5.0,0.0,0.0
36.275824942,1790241432.1598763,5.0,5.0,0.0,0.0
36.278331978000004,1790241432.162358,5.0,5.0,0.0,0.0
36.280578181,1790241432.1645672,5.0,5.0,0.0,0.0
36.295995502000004,1790241432.1800873,5.0,5.0,0.0,0.0
36.315840331000004,1790241432.1999013,5.0,5.0,0.0,0.0
36.318221013,1790241432.202236,5.0,5.0,0.0,0.0
36.336146256,1790241432.220253,5.0,5.0,0.0,0.0
36.338883969,1790241432.2229125,5.0,5.0,0.0,0.0
36.34149137,1790241432.2255335,5.0,5.0,0.0,0.0
36.356071294,1790241432.2403934,5.0,5.0,0.0,0.0
36.375510081,1790241432.259564,5.0,5.0,0.0,0.0
36.377710658000005,1790241432.2616985,5.0,5.0,0.0,0.0
36.396558403,1790241432.2807603,5.0,5.0,0.0,0.0
36.399751586,1790241432.2838237,5.0,5.0,0.0,0.0
36.402545237000005,1790241432.2865517,5.0,5.0,0.0,0.0
36.415572762000004,1790241432.2996302,5.0,5.0,0.0,0.0
36.43574728,1790241432.3198023,5.0,5.0,0.0,0.0
36.438121972000005,1790241432.3221352,5.0,5.0,0.0,0.0
36.456130079000005,1790241432.3402426,5.0,5.0,0.0,0.0
36.458968053,1790241432.3429933,5.0,5.0,0.0,0.0
36.461869673,1790241432.3459234,5.0,5.0,0.0,0.0
36.475553189,1790241432.3596241,5.0,5.0,0.0,0.0
36.495809165000004,1790241432.37988,5.0,5.0,0.0,0.0
36.498186253,1790241432.3821807,5.0,5.0,0.0,0.0
36.516601288000004,1790241432.4007928,5.0,5.0,0.0,0.0
36.519715930000004,1790241432.4037852,5.0,5.0,0.0,0.0
36.522665154,1790241432.4067452,5.0,5.0,0.0,0.0
36.534869032,1790241432.418877,5.0,5.0,0.0,0.0
36.557258293000004,1790241432.4414003,5.0,5.0,0.0,0.0
36.560715175000006,1790241432.4448154,5.0,5.0,0.0,0.0
36.562828252,1790241432.446824,5.0,5.0,0.0,0.0
36.575434787,1790241432.4594932,5.0,5.0,0.0,0.0
36.595535554,1790241432.479588,5.0,5.0,0.0,0.0
36.597909621,1790241432.481923,5.0,5.0,0.0,0.0
36.615751009,1790241432.4998214,5.0,5.0,0.0,0.0
36.618129295,1790241432.50213,5.0,5.0,0.0,0.0
36.636360997000004,1790241432.5205042,5.0,5.0,0.0,0.0
36.639594128,1790241432.5236735,5.0,5.0,0.0,0.0
36.642540071,1790241432.5266182,5.0,5.0,0.0,0.0
36.654877855,1790241432.5388849,5.0,5.0,0.0,0.0
36.677257377000004,1790241432.561412,5.0,5.0,0.0,0.0
36.680737905,1790241432.5647795,5.0,5.0,0.0,0.0
36.682694106,1790241432.566662,5.0,5.0,0.0,0.0
36.695671735000005,1790241432.579726,5.0,5.0,0.0,0.0
36.715780055,1790241432.5998492,5.0,5.0,0.0,0.0
36.718150372000004,1790241432.6021435,5.0,5.0,0.0,0.0
36.720588293000006,1790241432.6046154,5.0,5.0,0.0,0.0
36.735494207,1790241432.6195285,5.0,5.0,0.0,0.0
36.756943207,1790241432.6410885,5.0,5.0,0.0,0.0
36.760585297000006,1790241432.6447365,5.0,5.0,0.0,0.0
36.763979262,1790241432.6481063,5.0,5.0,0.0,0.0
36.774822824000005,1790241432.6588156,5.0,5.0,0.0,0.0
36.797296617,1790241432.6814387,5.0,5.0,0.0,0.0
36.800983551,1790241432.6850843,5.0,5.0,0.0,0.0
36.803430692,1790241432.6874197,5.0,5.0,0.0,0.0
36.815839049000004,1790241432.699906,5.0,5.0,0.0,0.0
36.835596639,1790241432.7196414,5.0,5.0,0.0,0.0
36.837976487,1790241432.7219782,5.0,5.0,0.0,0.0
36.855750167000004,1790241432.7398021,5.0,5.0,0.0,0.0
36.858143661,1790241432.7422135,5.0,5.0,0.0,0.0
36.860448092000006,1790241432.7444408,5.0,5.0,0.0,0.0
36.876061612,1790241432.760181,5.0,5.0,0.0,0.0
36.895822535,1790241432.7798972,5.0,5.0,0.0,0.0
36.898269571,1790241432.7822886,5.0,5.0,0.0,0.0
36.916275595,1790241432.8003738,5.0,5.0,0.0,0.0
36.919123257,1790241432.8031566,5.0,5.0,0.0,0.0
36.921769616,1790241432.8057775,5.0,5.0,0.0,0.0
36.935982924,1790241432.8200436,5.0,5.0,0.0,0.0
36.955796816,1790241432.839871,5.0,5.0,0.0,0.0
36.958198748,1790241432.8421988,5.0,5.0,0.0,0.0
36.976119668,1790241432.8602293,5.0,5.0,0.0,0.0
36.978883371,1790241432.8629298,5.0,5.0,0.0,0.0
36.981484105,1790241432.8655307,5.0,5.0,0.0,0.0
36.995646424,1790241432.879728,5.0,5.0,0.0,0.0
37.015825004,1790241432.8998961,5.0,5.0,0.0,0.0
37.018221415,1790241432.902219,5.0,5.0,0.0,0.0
37.036370564,1790241432.9205139,5.0,5.0,0.0,0.0
37.039598175,1790241432.923684,5.0,5.0,0.0,0.0
37.042553545000004,1790241432.926631,5.0,5.0,0.0,0.0
37.054886069000005,1790241432.9388945,5.0,5.0,0.0,0.0
37.077250070000005,1790241432.9613879,5.0,5.0,0.0,0.0
37.080672055,1790241432.964721,5.0,5.0,0.0,0.0
37.082622684,1790241432.9666069,5.0,5.0,0.0,0.0
37.095662397000005,1790241432.979706,5.0,5.0,0.0,0.0
37.115787018,1790241432.9998431,5.0,5.0,0.0,0.0
37.118168638,1790241433.0022337,5.0,5.0,0.0,0.0
37.120472652000004,1790241433.0044684,5.0,5.0,0.0,0.0
37.135927265,1790241433.020004,5.0,5.0,0.0,0.0
37.155839908000004,1790241433.0399005,5.0,5.0,0.0,0.0
37.158235746,1790241433.042241,5.0,5.0,0.0,0.0
37.176129686,1790241433.0602374,5.0,5.0,0.0,0.0
37.178973181,1790241433.0630045,5.0,5.0,0.0,0.0
37.181811103,1790241433.0658627,5.0,5.0,0.0,0.0
37.195850922000005,1790241433.079934,5.0,5.0,0.0,0.0
37.215794918,1790241433.0998652,5.0,5.0,0.0,0.0
37.2181756,1790241433.1021836,5.0,5.0,0.0,0.0
37.236147405000004,1790241433.12025,5.0,5.0,0.0,0.0
37.238874806000005,1790241433.122921,5.0,5.0,0.0,0.0
37.241480644,1790241433.1255562,5.0,5.0,0.0,0.0
37.255806609000004,1790241433.13993,5.0,5.0,0.0,0.0
37.275705814000005,1790241433.159768,5.0,5.0,0.0,0.0
37.277878526,1790241433.1618605,5.0,5.0,0.0,0.0
37.296356999000004,1790241433.1805005,5.0,5.0,0.0,0.0
37.299527839,1790241433.1836224,5.0,5.0,0.0,0.0
37.302491699,1790241433.1865726,5.0,5.0,0.0,0.0
37.314893649000005,1790241433.1989195,5.0,5.0,0.0,0.0
37.337289942000005,1790241433.2214584,5.0,5.0,0.0,0.0
37.340752032000005,1790241433.2248235,5.0,5.0,0.0,0.0
37.342864067,1790241433.2268598,5.0,5.0,0.0,0.0
37.355536123,1790241433.2395844,5.0,5.0,0.0,0.0
37.375850224000004,1790241433.2599041,5.0,5.0,0.0,0.0
37.378381479000005,1790241433.2623982,5.0,5.0,0.0,0.0
37.3806419,1790241433.2648938,5.0,5.0,0.0,0.0
37.396037763,1790241433.280133,5.0,5.0,0.0,0.0
37.415603477000005,1790241433.2996604,5.0,5.0,0.0,0.0
37.417848898,1790241433.3018396,5.0,5.0,0.0,0.0
37.436406278,1790241433.3205152,5.0,5.0,0.0,0.0
37.439205397,1790241433.3232644,5.0,5.0,0.0,0.0
37.442043893000005,1790241433.326066,5.0,5.0,0.0,0.0
37.455847304,1790241433.339952,5.0,5.0,0.0,0.0
37.475812551000004,1790241433.3598652,5.0,5.0,0.0,0.0
37.47824167,1790241433.3622718,5.0,5.0,0.0,0.0
37.496355298000005,1790241433.3804722,5.0,5.0,0.0,0.0
37.499469471000005,1790241433.3835642,5.0,5.0,0.0,0.0
37.502424373000004,1790241433.386489,5.0,5.0,0.0,0.0
37.514956636,1790241433.398958,5.0,5.0,0.0,0.0
37.53724022,1790241433.4214065,5.0,5.0,0.0,0.0
37.540744498,1790241433.4247801,5.0,5.0,0.0,0.0
37.542664241000004,1790241433.4266417,5.0,5.0,0.0,0.0
37.555317547,1790241433.4393735,5.0,5.0,0.0,0.0
37.576598785,1790241433.4608634,5.0,5.0,0.0,0.0
37.580356605000006,1790241433.4644845,5.0,5.0,0.0,0.0
37.583851612000004,1790241433.467924,5.0,5.0,0.0,0.0
37.594828820000004,1790241433.4788353,5.0,5.0,0.0,0.0
37.617583812,1790241433.5018017,5.0,5.0,0.0,0.0
37.620898193,1790241433.504912,5.0,5.0,0.0,0.0
37.622963249,1790241433.5069427,5.0,5.0,0.0,0.0
37.635114991,1790241433.5191271,5.0,5.0,0.0,0.0
37.65674722,1790241433.5410333,5.0,5.0,0.0,0.0
37.660346133000004,1790241433.5444424,5.0,5.0,0.0,0.0
37.66378666,1790241433.5478764,5.0,5.0,0.0,0.0
37.674855640000004,1790241433.5588522,5.0,5.0,0.0,0.0
37.697532662,1790241433.5816977,5.0,5.0,0.0,0.0
37.700668033,1790241433.5847151,5.0,5.0,0.0,0.0
37.702783766,1790241433.5867763,5.0,5.0,0.0,0.0
37.715312384,1790241433.5993536,5.0,5.0,0.0,0.0
37.736409456000004,1790241433.6206014,5.0,5.0,0.0,0.0
37.740258734,1790241433.624375,5.0,5.0,0.0,0.0
37.743725824,1790241433.627843,5.0,5.0,0.0,0.0
37.75484246,1790241433.6388395,5.0,5.0,0.0,0.0
37.777526826,1790241433.6616633,5.0,5.0,0.0,0.0
37.781174177000004,1790241433.6653054,5.0,5.0,0.0,0.0
37.783483973,1790241433.66747,5.0,5.0,0.0,0.0
37.795396808,1790241433.6794512,5.0,5.0,0.0,0.0
37.815807316000004,1790241433.6998796,5.0,5.0,0.0,0.0
37.818199247,1790241433.7022135,5.0,5.0,0.0,0.0
37.836135063,1790241433.7202377,5.0,5.0,0.0,0.0
37.83888361,1790241433.7229302,5.0,5.0,0.0,0.0
37.841549605000004,1790241433.725602,5.0,5.0,0.0,0.0
37.856081195,1790241433.7401671,5.0,5.0,0.0,0.0
37.875580607,1790241433.7596388,5.0,5.0,0.0,0.0
37.877752226000005,1790241433.7617328,5.0,5.0,0.0,0.0
37.896526689000005,1790241433.7807326,5.0,5.0,0.0,0.0
37.899685653,1790241433.783747,5.0,5.0,0.0,0.0
37.902523315,1790241433.7865283,5.0,5.0,0.0,0.0
37.915703601000004,1790241433.7997713,5.0,5.0,0.0,0.0
37.935791712000004,1790241433.8198483,5.0,5.0,0.0,0.0
37.938158018,1790241433.8221676,5.0,5.0,0.0,0.0
37.95612722,1790241433.8402343,5.0,5.0,0.0,0.0
37.958955506,1790241433.8429883,5.0,5.0,0.0,0.0
37.961771553000005,1790241433.8458028,5.0,5.0,0.0,0.0
37.975600017000005,1790241433.859661,5.0,5.0,0.0,0.0
37.995514691000004,1790241433.8795927,5.0,5.0,0.0,0.0
37.997905424,1790241433.8819172,5.0,5.0,0.0,0.0
38.015785459,1790241433.8998387,5.0,5.0,0.0,0.0
38.018170463000004,1790241433.9021766,5.0,5.0,0.0,0.0
38.02047927,1790241433.9045024,5.0,5.0,0.0,0.0
38.035480548,1790241433.9195206,5.0,5.0,0.0,0.0
38.05673611,1790241433.9409397,5.0,5.0,0.0,0.0
38.060263096,1790241433.9443715,5.0,5.0,0.0,0.0
38.063396904,1790241433.9474692,5.0,5.0,0.0,0.0
38.074879530000004,1790241433.9588788,5.0,5.0,0.0,0.0
38.096625822,1790241433.9808187,5.0,5.0,0.0,0.0
38.099739786,1790241433.9837859,5.0,5.0,0.0,0.0
38.102800573,1790241433.9868007,5.0,5.0,0.0,0.0
38.115875442000004,1790241433.999947,5.0,5.0,0.0,0.0
38.135759386000004,1790241434.0198164,5.0,5.0,0.0,0.0
38.138154547,1790241434.0221503,5.0,5.0,0.0,0.0
38.156164581000006,1790241434.040248,5.0,5.0,0.0,0.0
38.158990107,1790241434.04303,5.0,5.0,0.0,0.0
38.161843394,1790241434.0458755,5.0,5.0,0.0,0.0
38.175801442,1790241434.0599024,5.0,5.0,0.0,0.0
38.195501375,1790241434.0795527,5.0,5.0,0.0,0.0
38.197883203,1790241434.0818853,5.0,5.0,0.0,0.0
38.215762768000005,1790241434.099833,5.0,5.0,0.0,0.0
38.218158346,1790241434.1022055,5.0,5.0,0.0,0.0
38.220465433,1790241434.104465,5.0,5.0,0.0,0.0
38.236096036,1790241434.1201808,5.0,5.0,0.0,0.0
38.255562896,1790241434.1396224,5.0,5.0,0.0,0.0
38.257739515000004,1790241434.141727,5.0,5.0,0.0,0.0
38.276593770000005,1790241434.1607792,5.0,5.0,0.0,0.0
38.279703567000006,1790241434.1637557,5.0,5.0,0.0,0.0
38.282731907000006,1790241434.166717,5.0,5.0,0.0,0.0
38.29544391,1790241434.179496,5.0,5.0,0.14,0.0
38.315786813,1790241434.1998594,5.0,5.0,0.0,0.0
38.318168953000004,1790241434.2021635,5.0,5.0,0.0,0.0
38.336363103000004,1790241434.2205038,5.0,5.0,0.0,0.0
38.33965639,1790241434.2237375,5.0,5.0,0.0,0.0
38.342603688000004,1790241434.2266512,5.0,5.0,0.0,0.0
38.354908138,1790241434.2389176,5.0,5.0,0.0,0.0
38.377155889,1790241434.261311,5.0,5.0,0.0,0.0
38.380702875000004,1790241434.264742,5.0,5.0,0.0,0.0
38.382652306000004,1790241434.2666256,5.0,5.0,0.0,0.14
38.395678424,1790241434.2797303,5.0,5.0,0.0,0.0
38.415842734,1790241434.299898,5.0,5.0,0.0,0.0
38.418344822,1790241434.302358,5.0,5.0,0.0,0.0
38.420602639,1790241434.3045971,5.0,5.0,0.0,0.0
38.435935220000005,1790241434.3200276,5.0,5.0,0.0,0.0
38.455823123,1790241434.339896,5.0,5.0,0.0,0.0
38.458222815,1790241434.342223,5.0,5.0,0.0,0.0
38.476113266000006,1790241434.360222,5.0,5.0,0.0,0.0
38.478869417000006,1790241434.3628979,5.0,5.0,0.0,0.0
38.48146338,1790241434.3654916,5.0,5.0,0.0,0.0
38.496043825,1790241434.3801398,5.0,5.0,0.0,0.0
38.515401049000005,1790241434.3994603,5.0,5.0,0.0,0.0
38.517618814,1790241434.4016094,5.0,5.0,0.0,0.0
38.53581088,1790241434.4198704,5.0,5.0,0.0,0.0
38.538166457,1790241434.4222894,5.0,5.0,0.0,0.0
38.540526618,1790241434.4245334,5.0,5.0,0.0,0.0
38.556079929,1790241434.440172,5.0,5.0,0.14,0.0
38.575537466,1790241434.4596126,5.0,5.0,0.0,0.0
38.577726325,1790241434.461711,5.0,5.0,0.0,0.0
38.596372141,1790241434.4804547,5.0,5.0,0.0,0.0
38.59918298,1790241434.4832206,5.0,5.0,0.0,0.0
38.602085538000004,1790241434.486094,5.0,5.0,0.0,0.0
38.615886033,1790241434.4999638,5.0,5.0,0.0,0.0
38.635749248,1790241434.5198188,5.0,5.0,0.0,0.0
38.638159721,1790241434.5221589,5.0,5.0,0.0,0.0
38.656111266,1790241434.5402195,5.0,5.0,0.0,0.0
38.658970022000005,1790241434.5430038,5.0,5.0,0.0,0.14
38.661629454,1790241434.545646,5.0,5.0,0.0,0.0
38.675626876,1790241434.559688,5.0,5.0,0.0,0.0
38.695749519,1790241434.579815,5.0,5.0,0.0,0.0
38.698173638,1790241434.5821705,5.0,5.0,0.0,0.0
38.716299662000004,1790241434.600447,5.0,5.0,0.0,0.0
38.719435762,1790241434.6035278,5.0,5.0,0.0,0.0
38.722390716,1790241434.6064324,5.0,5.0,0.0,0.0
38.734874021,1790241434.618904,5.0,5.0,0.0,0.0
38.757123543000006,1790241434.6412876,5.0,5.0,0.0,0.0
38.76053657,1790241434.6445358,5.0,5.0,0.0,0.0
38.762490063,1790241434.6464634,5.0,5.0,0.0,0.0
38.775671234,1790241434.659714,5.0,5.0,0.0,0.0
38.7958032,1790241434.6798518,5.0,5.0,0.0,0.0
38.798198048,1790241434.682256,5.0,5.0,0.0,0.0
38.800468834,1790241434.6844757,5.0,5.0,0.0,0.0
38.816062666,1790241434.7001426,5.0,5.0,0.0,0.0
38.835573484,1790241434.7196174,5.0,5.0,0.0,0.0
38.837731770000005,1790241434.7217166,5.0,5.0,0.0,0.0
38.856548837000005,1790241434.740755,5.0,5.0,0.0,0.0
38.859669259,1790241434.743738,5.0,5.0,0.0,0.0
38.862767078000005,1790241434.74676,5.0,5.0,0.0,0.0
38.875820019,1790241434.759898,5.0,5.0,0.0,0.0
38.895758078,1790241434.7798226,5.0,5.0,0.0,0.0
38.898130479,1790241434.782124,5.0,5.0,0.0,0.0
38.916263951000005,1790241434.800367,5.0,5.0,0.0,0.0
38.919030519,1790241434.8030672,5.0,5.0,0.0,0.0
38.921452971,1790241434.8054824,5.0,5.0,0.0,0.0
38.935588675000005,1790241434.8196597,5.0,5.0,0.0,0.0
38.955534755,1790241434.839603,5.0,5.0,0.0,0.0
38.957942051,1790241434.8419375,5.0,5.0,0.0,0.0
38.975828544,1790241434.8598838,5.0,5.0,0.0,0.0
38.978185632000006,1790241434.862204,5.0,5.0,0.0,0.0
38.980617720000005,1790241434.8646698,5.0,5.0,0.0,0.0
38.995474102,1790241434.879525,5.0,5.0,0.0,0.0
39.017015914000005,1790241434.9011633,5.0,5.0,0.0,0.0
39.020595244,1790241434.9047654,5.0,5.0,0.0,0.0
39.024037178,1790241434.9081728,5.0,5.0,0.0,0.0
39.034835219,1790241434.9188309,5.0,5.0,0.0,0.0
39.057407294,1790241434.9415681,5.0,5.0,0.0,0.0
39.06122053,1790241434.9453528,5.0,5.0,0.0,0.0
39.063657462,1790241434.9476354,5.0,5.0,0.0,0.0
39.075667224,1790241434.959732,5.0,5.0,0.0,0.0
39.095629658,1790241434.9796674,5.0,5.0,0.0,0.0
39.097992215000005,1790241434.9820137,5.0,5.0,0.0,0.0
39.115800426,1790241434.999857,5.0,5.0,0.0,0.0
39.118149441,1790241435.0022194,5.0,5.0,0.0,0.0
39.120452987,1790241435.004445,5.0,5.0,0.0,0.0
39.136087965,1790241435.020169,5.0,5.0,0.0,0.0
39.155555294,1790241435.0396125,5.0,5.0,0.0,0.0
39.157733371,1790241435.041716,5.0,5.0,0.0,0.0
39.176565803,1790241435.0607574,5.0,5.0,0.0,0.0
39.179749767000004,1790241435.0638168,5.0,5.0,0.0,0.0
39.182790971,1790241435.0667875,5.0,5.0,0.0,0.0
39.195615474,1790241435.0796704,5.0,5.0,0.0,0.0
39.215762544,1790241435.099816,5.0,5.0,0.0,0.0
39.218133017,1790241435.1021457,5.0,5.0,0.0,0.0
39.236314146000005,1790241435.1204612,5.0,5.0,0.0,0.0
39.239482954,1790241435.1235769,5.0,5.0,0.0,0.0
39.242414522000004,1790241435.1264918,5.0,5.0,0.0,0.0
39.254879025,1790241435.138905,5.0,5.0,0.0,0.0
39.277220474,1790241435.1613696,5.0,5.0,0.0,0.0
39.280577564000005,1790241435.1645691,5.0,5.0,0.0,0.0
39.282494859,1790241435.166468,5.0,5.0,0.0,0.0
39.295719728,1790241435.1797583,5.0,5.0,0.0,0.0
39.315786433,1790241435.1998754,5.0,5.0,0.0,0.0
39.318261750000005,1790241435.2022753,5.0,5.0,0.0,0.0
39.320490296,1790241435.2044961,5.0,5.0,0.0,0.0
39.336168243,1790241435.2202666,5.0,5.0,0.0,0.0
39.355820937000004,1790241435.2398973,5.0,5.0,0.0,0.0
39.358222243,1790241435.2422214,5.0,5.0,0.0,0.0
39.360548446,1790241435.2445571,5.0,5.0,0.0,0.0
39.375534099,1790241435.259589,5.0,5.0,0.0,0.0
39.396951953000006,1790241435.2810984,5.0,5.0,0.0,0.0
39.400613418,1790241435.2847588,5.0,5.0,0.0,0.0
39.404080821,1790241435.288198,5.0,5.0,0.0,0.0
39.414823341,1790241435.2988315,5.0,5.0,0.0,0.0
39.43744953,1790241435.3215938,5.0,5.0,0.0,0.0
39.441399538000006,1790241435.3255079,5.0,5.0,0.0,0.0
39.443779178,1790241435.3277717,5.0,5.0,0.0,0.0
39.455745659,1790241435.339806,5.0,5.0,0.0,0.0
39.475758145,1790241435.359827,5.0,5.0,0.0,0.0
39.478145441,1790241435.3621495,5.0,5.0,0.0,0.0
39.496101517,1790241435.380207,5.0,5.0,0.0,0.0
39.498863606,1790241435.3828895,5.0,5.0,0.0,0.0
39.501445902,1790241435.3855033,5.0,5.0,0.0,0.0
39.516145722000005,1790241435.4002485,5.0,5.0,0.0,0.0
39.535539613000005,1790241435.4195945,5.0,5.0,0.0,0.0
39.537715243,1790241435.4216986,5.0,5.0,0.0,0.0
39.556566685,1790241435.4407725,5.0,5.0,0.0,0.0
39.559737576,1790241435.443793,5.0,5.0,0.0,0.0
39.56264404,1790241435.4466622,5.0,5.0,0.0,0.0
39.575607555000005,1790241435.4596822,5.0,5.0,0.0,0.0
39.595538166000004,1790241435.4796112,5.0,5.0,0.0,0.0
39.597925618000005,1790241435.4819207,5.0,5.0,0.0,0.0
39.615762631,1790241435.4998355,5.0,5.0,0.0,0.0
39.618196178000005,1790241435.5022373,5.0,5.0,0.0,0.0
39.62049238,1790241435.504493,5.0,5.0,0.0,0.0
39.635488138,1790241435.519543,5.0,5.0,0.0,0.0
39.656954377000005,1790241435.5411015,5.0,5.0,0.0,0.0
39.660516415000004,1790241435.544611,5.0,5.0,0.0,0.0
39.664018244000005,1790241435.548115,5.0,5.0,0.0,0.0
39.674825192,1790241435.558822,5.0,5.0,0.0,0.0
39.697295287,1790241435.581463,5.0,5.0,0.0,0.0
39.7008692,1790241435.5849936,5.0,5.0,0.0,0.0
39.703373997,1790241435.5873537,5.0,5.0,0.0,0.0
39.715807093,1790241435.5998638,5.0,5.0,0.0,0.0
39.735781923000005,1790241435.6198535,5.0,5.0,0.0,0.0
39.738173542000006,1790241435.6221855,5.0,5.0,0.0,0.0
39.756139618000006,1790241435.6402392,5.0,5.0,0.0,0.0
39.758879884,1790241435.6429117,5.0,5.0,0.0,0.0
39.76150166,1790241435.64554,5.0,5.0,0.0,0.0
39.776086271000004,1790241435.6601691,5.0,5.0,0.0,0.0
39.795566777000005,1790241435.6796176,5.0,5.0,0.0,0.0
39.797743708000006,1790241435.6817393,5.0,5.0,0.0,0.0
39.816536140000004,1790241435.7007391,5.0,5.0,0.0,0.0
39.819762448000006,1790241435.7038383,5.0,5.0,0.0,0.0
39.822605162,1790241435.7065976,5.0,5.0,0.0,0.0
39.835836958,1790241435.7199326,5.0,5.0,0.0,0.0
39.855754340000004,1790241435.7398224,5.0,5.0,0.0,0.0
39.858174240000004,1790241435.742172,5.0,5.0,0.0,0.0
39.876159222000005,1790241435.760284,5.0,5.0,0.0,0.0
39.878983499,1790241435.7630088,5.0,5.0,0.0,0.0
39.881786837,1790241435.76584,5.0,5.0,0.0,0.0
39.8958365,1790241435.7799282,5.0,5.0,0.0,0.0
39.915940288,1790241435.8000162,5.0,5.0,0.0,0.0
39.91836097,1790241435.8023646,5.0,5.0,0.0,0.0
39.936189962,1790241435.8202746,5.0,5.0,0.0,0.0
39.938899759,1790241435.822925,5.0,5.0,0.0,0.0
39.941473983,1790241435.8255348,5.0,5.0,0.0,0.0
39.954883852,1790241435.8388922,5.0,5.0,0.0,0.0
39.977151343,1790241435.8613775,5.0,5.0,0.0,0.0
39.980719318000006,1790241435.8647518,5.0,5.0,0.0,0.0
39.982644686,1790241435.8666265,5.0,5.0,0.0,0.0
39.995708201,1790241435.8797433,5.0,5.0,0.0,0.0
40.015781625,1790241435.8998518,5.0,5.0,0.0,0.0
40.018176473000004,1790241435.9022267,5.0,5.0,0.0,0.0
40.020483717000005,1790241435.9044788,5.0,5.0,0.0,0.0
40.036050934,1790241435.9201336,5.0,5.0,0.0,0.0
40.055553055000004,1790241435.9396243,5.0,5.0,0.0,0.0
40.057753111000004,1790241435.9417322,5.0,5.0,0.0,0.0
40.076565647,1790241435.960759,5.0,5.0,0.0,0.0
40.079707841,1790241435.963753,5.0,5.0,0.0,0.0
40.082520294000005,1790241435.9665105,5.0,5.0,0.0,0.0
40.095534069,1790241435.9796045,5.0,5.0,0.0,0.0
40.115749993,1790241435.9998035,5.0,5.0,0.0,0.0
40.118102601000004,1790241436.002115,5.0,5.0,0.0,0.0
40.136131021000004,1790241436.0202394,5.0,5.0,0.0,0.0
40.138883526,1790241436.0229096,5.0,5.0,0.0,0.0
40.141718271,1790241436.025752,5.0,5.0,0.0,0.0
40.155744548,1790241436.0398245,5.0,5.0,0.0,0.0
40.175763180000004,1790241436.0598173,5.0,5.0,0.0,0.0
40.178136154,1790241436.0621326,5.0,5.0,0.0,0.0
40.196282126,1790241436.0804462,5.0,5.0,0.0,0.0
40.199475517,1790241436.0835793,5.0,5.0,0.0,0.0
40.202525263000005,1790241436.0866098,5.0,5.0,0.0,0.0
40.214918568,1790241436.0989163,5.0,5.0,0.0,0.0
40.237217256,1790241436.1213822,5.0,5.0,0.0,0.0
40.2406407,1790241436.124669,5.0,5.0,0.0,0.0
40.242576485,1790241436.126548,5.0,5.0,0.0,0.0
40.255525364,1790241436.139591,5.0,5.0,0.0,0.0
40.275769152,1790241436.1598232,5.0,5.0,0.0,0.0
40.278148167000005,1790241436.1622632,5.0,5.0,0.0,0.0
40.280550568,1790241436.164561,5.0,5.0,0.0,0.0
40.296057368,1790241436.1801312,5.0,5.0,0.0,0.0
40.315818604,1790241436.19988,5.0,5.0,0.0,0.0
40.318218088,1790241436.2022188,5.0,5.0,0.0,0.0
40.336154945000004,1790241436.2202675,5.0,5.0,0.0,0.0
40.338914533,1790241436.2229466,5.0,5.0,0.0,0.0
40.341742924,1790241436.2257743,5.0,5.0,0.0,0.0
40.355834878,1790241436.239925,5.0,5.0,0.0,0.0
40.375763718,1790241436.2598207,5.0,5.0,0.0,0.0
40.378168254,1790241436.2621696,5.0,5.0,0.0,0.0
40.396119539000004,1790241436.2802277,5.0,5.0,0.0,0.0
40.398958554000004,1790241436.282989,5.0,5.0,0.0,0.0
40.401548559000005,1790241436.2856195,5.0,5.0,0.0,0.0
40.415753014,1790241436.2998617,5.0,5.0,0.0,0.0
40.436004667000006,1790241436.320082,5.0,5.0,0.0,0.0
40.438567328000005,1790241436.3225958,5.0,5.0,0.0,0.0
40.441108531000005,1790241436.3251193,5.0,5.0,0.0,0.0
40.455888194,1790241436.339945,5.0,5.0,0.0,0.0
40.475516253,1790241436.3595726,5.0,5.0,0.0,0.0
40.477936726,1790241436.3619614,5.0,5.0,0.0,0.0
40.495786083000006,1790241436.3798532,5.0,5.0,0.0,0.0
40.498191556,1790241436.3822017,5.0,5.0,0.0,0.0
40.516446695,1790241436.4005651,5.0,5.0,0.0,0.0
40.519636233,1790241436.403736,5.0,5.0,0.0,0.0
40.522612072,1790241436.4066525,5.0,5.0,0.0,0.0
40.534880064,1790241436.4188848,5.0,5.0,0.0,0.0
40.55797865,1790241436.442194,5.0,5.0,0.0,0.0
40.561406573,1790241436.4454665,5.0,5.0,0.0,0.0
40.563514233,1790241436.447505,5.0,5.0,0.0,0.0
40.575494516,1790241436.459551,5.0,5.0,0.0,0.0
40.595559555,1790241436.4795985,5.0,5.0,0.0,0.0
40.597901226000005,1790241436.4819088,5.0,5.0,0.0,0.0
40.616016365,1790241436.5001614,5.0,5.0,0.0,0.0
40.618600484000005,1790241436.5026176,5.0,5.0,0.0,0.0
40.621112104000005,1790241436.5051522,5.0,5.0,0.0,0.0
40.636142184,1790241436.5202408,5.0,5.0,0.0,0.0
40.65537295,1790241436.5394282,5.0,5.0,0.0,0.0
40.657604204,1790241436.541638,5.0,5.0,0.0,0.0
40.675787937,1790241436.5598612,5.0,5.0,0.0,0.0
40.678209713,1790241436.5622082,5.0,5.0,0.0,0.0
40.680654457,1790241436.5647342,5.0,5.0,0.0,0.0
40.695527506000005,1790241436.579578,5.0,5.0,0.14,0.0
40.717036245,1790241436.6012006,5.0,5.0,0.0,0.0
40.720697971,1790241436.6048756,5.0,5.0,0.0,0.0
40.724140009,1790241436.6082263,5.0,5.0,0.0,0.0
40.734834664000005,1790241436.6188307,5.0,5.0,0.0,0.0
40.757251895,1790241436.641414,5.0,5.0,0.0,0.0
40.760960964000006,1790241436.6451962,5.0,5.0,0.0,0.0
40.763783209,1790241436.647835,5.0,5.0,0.0,0.0
40.775687086000005,1790241436.6597583,5.0,5.0,0.0,0.0
40.795849104000006,1790241436.6799016,5.0,5.0,0.0,0.0
40.798205463,1790241436.6822178,5.0,5.0,0.0,0.0
40.81612607,1790241436.7002368,5.0,5.0,0.0,0.0
40.818970815,1790241436.7030263,5.0,5.0,0.0,0.0
40.821842383,1790241436.70588,5.0,5.0,0.0,0.0
40.835838711,1790241436.7199154,5.0,5.0,0.0,0.0
40.855749947,1790241436.7398076,5.0,5.0,0.0,0.0
40.858125004,1790241436.7421405,5.0,5.0,0.0,0.0
40.876058007000005,1790241436.7601166,5.0,5.0,0.0,0.0
40.878586241,1790241436.762612,5.0,5.0,0.0,0.0
40.88107036,1790241436.7650898,5.0,5.0,0.0,0.0
40.89578242,1790241436.7798953,5.0,5.0,0.0,0.0
40.915969489000005,1790241436.8000474,5.0,5.0,0.0,0.0
40.918338296,1790241436.802341,5.0,5.0,0.0,0.0
40.936144997,1790241436.8203576,5.0,5.0,0.0,0.0
40.939119325,1790241436.823166,5.0,5.0,0.0,0.0
40.941906831000004,1790241436.8259416,5.0,5.0,0.0,0.0
40.955619461000005,1790241436.8396919,5.0,5.0,0.0,0.0
40.975752364,1790241436.8598266,5.0,5.0,0.0,0.0
40.978145025,1790241436.862156,5.0,5.0,0.0,0.0
40.996481674,1790241436.880674,5.0,5.0,0.0,0.0
40.999593087,1790241436.8840237,5.0,5.0,0.0,0.0
41.003486063000004,1790241436.8875754,5.0,5.0,0.0,0.0
41.014838272000006,1790241436.8988407,5.0,5.0,0.0,0.0
41.037290242000005,1790241436.9214556,5.0,5.0,0.0,0.0
41.040848686000004,1790241436.9248579,5.0,5.0,0.0,0.0
41.042759627,1790241436.9267247,5.0,5.0,0.0,0.0
41.055918455000004,1790241436.939999,5.0,5.0,0.0,0.0
41.075835003,1790241436.9599094,5.0,5.0,0.0,0.0
41.078234487,1790241436.9622324,5.0,5.0,0.0,0.0
41.080697408000006,1790241436.964765,5.0,5.0,0.0,0.0
41.095554676000006,1790241436.9796088,5.0,5.0,0.0,0.0
41.116523518,1790241437.0008078,5.0,5.0,0.0,0.0
41.120285713,1790241437.0043945,5.0,5.0,0.0,0.0
41.123746709,1790241437.0078213,5.0,5.0,0.0,0.0
41.134834959,1790241437.0188415,5.0,5.0,0.0,0.0
41.157497346,1790241437.0416617,5.0,5.0,0.0,0.0
41.161468239,1790241437.0455966,5.0,5.0,0.0,0.0
41.163833921000005,1790241437.0478325,5.0,5.0,0.0,0.0
41.175675819000006,1790241437.059747,5.0,5.0,0.0,0.0
41.195537419000004,1790241437.0795915,5.0,5.0,0.0,0.0
41.197904976000004,1790241437.0819159,5.0,5.0,0.0,0.0
41.215750583,1790241437.0998223,5.0,5.0,0.0,0.0
41.218156837,1790241437.1022358,5.0,5.0,0.0,0.0
41.220491685000006,1790241437.1044858,5.0,5.0,0.0,0.0
41.236063851000004,1790241437.12016,5.0,5.0,0.0,0.0
41.255595867000004,1790241437.1396537,5.0,5.0,0.0,0.0
41.257762434,1790241437.1417596,5.0,5.0,0.0,0.0
41.276577209,1790241437.160809,5.0,5.0,0.0,0.0
41.279743309000004,1790241437.16381,5.0,5.0,0.0,0.0
41.282807950000006,1790241437.166818,5.0,5.0,0.0,0.0
41.295595006,1790241437.1796522,5.0,5.0,0.0,0.0
41.315753846,1790241437.1998224,5.0,5.0,0.0,0.0
41.318158591,1790241437.202183,5.0,5.0,0.0,0.0
41.336164615,1790241437.2202842,5.0,5.0,0.0,0.0
41.338954724000004,1790241437.2229867,5.0,5.0,0.0,0.0
41.341778115000004,1790241437.2258117,5.0,5.0,0.0,0.0
41.355609443000006,1790241437.2396736,5.0,5.0,0.0,0.0
41.375774482000004,1790241437.2598467,5.0,5.0,0.0,0.0
41.378161465000005,1790241437.262157,5.0,5.0,0.0,0.0
41.396156969,1790241437.2802558,5.0,5.0,0.0,0.0
41.398882807,1790241437.282928,5.0,5.0,0.0,0.0
41.401734792,1790241437.2857883,5.0,5.0,0.0,0.0
41.415717058000006,1790241437.2997973,5.0,5.0,0.0,0.0
41.435832878,1790241437.3199148,5.0,5.0,0.0,0.0
41.438228872,1790241437.3222258,5.0,5.0,0.0,0.0
41.456278021,1790241437.3404253,5.0,5.0,0.0,0.0
41.459461569000005,1790241437.3435454,5.0,5.0,0.0,0.0
41.462424543000004,1790241437.3464692,5.0,5.0,0.0,0.0
41.474887379,1790241437.3589368,5.0,5.0,0.0,0.0
41.497254349,1790241437.3814137,5.0,5.0,0.0,0.0
41.500664199,1790241437.3847096,5.0,5.0,0.0,0.0
41.502606963000005,1790241437.3865857,5.0,5.0,0.0,0.0
41.515706936,1790241437.3997486,5.0,5.0,0.0,0.0
41.535797339000005,1790241437.4198725,5.0,5.0,0.0,0.0
41.538179948,1790241437.4223037,5.0,5.0,0.0,0.0
41.540546046,1790241437.4245546,5.0,5.0,0.0,0.0
41.556059774000005,1790241437.4401586,5.0,5.0,0.0,0.0
41.575617571,1790241437.459663,5.0,5.0,0.0,0.0
41.577998097000005,1790241437.4620202,5.0,5.0,0.0,0.0
41.595975162,1790241437.480036,5.0,5.0,0.0,0.0
41.598433865000004,1790241437.482475,5.0,5.0,0.0,0.0
41.600715849000004,1790241437.4847972,5.0,5.0,0.0,0.0
41.615798169,1790241437.4999137,5.0,5.0,0.0,0.0
41.635871593000005,1790241437.51993,5.0,5.0,0.0,0.0
41.638249879,1790241437.5222464,5.0,5.0,0.0,0.0
41.656141006000006,1790241437.5402558,5.0,5.0,0.0,0.0
41.658929918000005,1790241437.542989,5.0,5.0,0.0,0.0
41.661593256,1790241437.5456564,5.0,5.0,0.0,0.0
41.675777242,1790241437.5599031,5.0,5.0,0.0,0.0
41.695813895,1790241437.5798728,5.0,5.0,0.0,0.0
41.698205305,1790241437.5822048,5.0,5.0,0.0,0.0
41.716300236,1790241437.6004388,5.0,5.0,0.0,0.0
41.719454617000004,1790241437.6035466,5.0,5.0,0.0,0.0
41.722419206000005,1790241437.6064794,5.0,5.0,0.0,0.0
41.734883032,1790241437.6188822,5.0,5.0,0.0,0.0
41.757278595,1790241437.6414256,5.0,5.0,0.0,0.0
41.760725216000004,1790241437.6447704,5.0,5.0,0.0,0.0
41.762685533,1790241437.6466658,5.0,5.0,0.0,0.0
41.775661234000005,1790241437.6597188,5.0,5.0,0.0,0.0
41.795842106,1790241437.6799002,5.0,5.0,0.0,0.0
41.798186486000006,1790241437.6822493,5.0,5.0,0.0,0.0
41.800485969,1790241437.6844826,5.0,5.0,0.0,0.0
41.816017249000005,1790241437.7000952,5.0,5.0,0.0,0.0
41.835352130000004,1790241437.7193818,5.0,5.0,0.0,0.0
41.837532603,1790241437.7215428,5.0,5.0,0.0,0.0
41.855735658,1790241437.7398064,5.0,5.0,0.0,0.0
41.858144309000004,1790241437.742283,5.0,5.0,0.0,0.0
41.860535824,1790241437.7445333,5.0,5.0,0.0,0.0
41.876058353000005,1790241437.7601554,5.0,5.0,0.0,0.0
41.895565005,1790241437.779632,5.0,5.0,0.0,0.0
41.897743655,1790241437.7817261,5.0,5.0,0.0,0.0
41.916754577000006,1790241437.8009248,5.0,5.0,0.0,0.0
41.919879374000004,1790241437.8039393,5.0,5.0,0.0,0.0
41.922873963,1790241437.8068652,5.0,5.0,0.0,0.0
41.935755082,1790241437.8198457,5.0,5.0,0.0,0.0
41.955763453,1790241437.83982,5.0,5.0,0.0,0.0
41.958124499,1790241437.8421397,5.0,5.0,0.0,0.0
41.976117659,1790241437.8602288,5.0,5.0,0.0,0.0
41.978859851,1790241437.8629055,5.0,5.0,0.0,0.0
41.981478971,1790241437.8655353,5.0,5.0,0.0,0.0
41.996105197000006,1790241437.8802018,5.0,5.0,0.0,0.0
42.015811901,1790241437.899869,5.0,5.0,0.0,0.0
42.018233989,1790241437.902242,5.0,5.0,0.0,0.0
42.036356315000006,1790241437.9204984,5.0,5.0,0.0,0.0
42.039515019,1790241437.9236066,5.0,5.0,0.0,0.0
42.04246966,1790241437.9265468,5.0,5.0,0.0,0.0
42.054886247000006,1790241437.9388871,5.0,5.0,0.0,0.0
42.077263529,1790241437.961468,5.0,5.0,0.0,0.0
42.080791713,1790241437.9648774,5.0,5.0,0.0,0.0
42.082810935000005,1790241437.9667845,5.0,5.0,0.0,0.0
42.095296792,1790241437.9793322,5.0,5.0,0.0,0.0
42.116783708,1790241438.0010133,5.0,5.0,0.0,0.0
42.120396840000005,1790241438.0045254,5.0,5.0,0.0,0.0
42.123891795000006,1790241438.007966,5.0,5.0,0.0,0.0
42.134850670000006,1790241438.0188591,5.0,5.0,0.0,0.0
42.157242275,1790241438.0413866,5.0,5.0,0.0,0.0
42.160617959,1790241438.0446098,5.0,5.0,0.0,0.0
42.162549421,1790241438.04652,5.0,5.0,0.0,0.0
42.175259132,1790241438.0592985,5.0,5.0,0.0,0.0
42.197146883,1790241438.0813062,5.0,5.0,0.0,0.0
42.200719702,1790241438.0848715,5.0,5.0,0.0,0.0
42.204270438,1790241438.0883904,5.0,5.0,0.0,0.0
42.214827541000005,1790241438.0988564,5.0,5.0,0.0,0.0
42.237510449000006,1790241438.1216793,5.0,5.0,0.0,0.0
42.241240508000004,1790241438.1253371,5.0,5.0,0.0,0.0
42.243557127,1790241438.1275432,5.0,5.0,0.0,0.0
42.255511681,1790241438.139548,5.0,5.0,0.0,0.0
42.275837710000005,1790241438.1598947,5.0,5.0,0.0,0.0
42.278207975,1790241438.162205,5.0,5.0,0.0,0.0
42.296016967,1790241438.1801214,5.0,5.0,0.0,0.0
42.299118015000005,1790241438.1831694,5.0,5.0,0.0,0.0
42.302029531,1790241438.1860726,5.0,5.0,0.0,0.0
42.314892107000006,1790241438.1988995,5.0,5.0,0.0,0.0
42.337238035000006,1790241438.2213883,5.0,5.0,0.0,0.0
42.340620646000005,1790241438.224612,5.0,5.0,0.0,0.0
42.342563097,1790241438.226534,5.0,5.0,0.0,0.0
42.35568406,1790241438.2397249,5.0,5.0,0.0,0.0
42.375864775000004,1790241438.2599359,5.0,5.0,0.0,0.0
42.378355978,1790241438.262385,5.0,5.0,0.0,0.0
42.380613430000004,1790241438.2646043,5.0,5.0,0.0,0.0
42.396014814000004,1790241438.280112,5.0,5.0,0.0,0.0
42.41580006,1790241438.2998526,5.0,5.0,0.0,0.0
42.418182252,1790241438.302194,5.0,5.0,0.0,0.0
42.436086349,1790241438.320179,5.0,5.0,0.0,0.0
42.438921198,1790241438.3229725,5.0,5.0,0.0,0.0
42.441541151,1790241438.3255692,5.0,5.0,0.0,0.0
42.456033522000006,1790241438.3401325,5.0,5.0,0.0,0.0
42.475540903,1790241438.3595972,5.0,5.0,0.0,0.0
42.477709449,1790241438.361694,5.0,5.0,0.0,0.0
42.496584068000004,1790241438.380784,5.0,5.0,0.0,0.0
42.499794856,1790241438.3838603,5.0,5.0,0.0,0.0
42.50284408,1790241438.3868527,5.0,5.0,0.0,0.0
42.515607907,1790241438.3997118,5.0,5.0,0.0,0.0
42.535791435,1790241438.4198456,5.0,5.0,0.0,0.0
42.538188366,1790241438.422188,5.0,5.0,0.0,0.0
42.556316943000006,1790241438.440459,5.0,5.0,0.0,0.0
42.559448615,1790241438.4435463,5.0,5.0,0.0,0.0
42.562413048,1790241438.4464538,5.0,5.0,0.0,0.0
42.574901457,1790241438.4589095,5.0,5.0,0.0,0.0
42.59722301,1790241438.4813652,5.0,5.0,0.0,0.0
42.600629319,1790241438.4846535,5.0,5.0,0.0,0.0
42.602560364000006,1790241438.4865448,5.0,5.0,0.0,0.0
42.615431014,1790241438.4994905,5.0,5.0,0.0,0.0
42.635981313,1790241438.5200727,5.0,5.0,0.0,0.0
42.63860236,1790241438.5226204,5.0,5.0,0.0,0.0
42.640889968,1790241438.5249038,5.0,5.0,0.0,0.0
42.655320517,1790241438.5393455,5.0,5.0,0.0,0.0
42.677028267000004,1790241438.5611918,5.0,5.0,0.0,0.0
42.680567805,1790241438.5647106,5.0,5.0,0.0,0.0
42.683985467,1790241438.5680795,5.0,5.0,0.0,0.0
42.694838144,1790241438.5788355,5.0,5.0,0.0,0.0
42.717392927000006,1790241438.6015742,5.0,5.0,0.0,0.0
42.720797673,1790241438.6048288,5.0,5.0,0.0,0.0
42.722738614,1790241438.606722,5.0,5.0,0.0,0.0
42.735425409,1790241438.6194863,5.0,5.0,0.0,0.0
42.755522687,1790241438.639579,5.0,5.0,0.0,0.0
42.757918369,1790241438.6419115,5.0,5.0,0.0,0.0
42.775758142,1790241438.6598473,5.0,5.0,0.0,0.0
42.778154553,1790241438.662149,5.0,5.0,0.0,0.0
42.796379536,1790241438.6805227,5.0,5.0,0.0,0.0
42.799492667,1790241438.6835568,5.0,5.0,0.0,0.0
42.802463141000004,1790241438.6865063,5.0,5.0,0.0,0.0
42.814883842,1790241438.6988876,5.0,5.0,0.0,0.0
42.837255239,1790241438.7214084,5.0,5.0,0.0,0.0
42.841176548,1790241438.7253292,5.0,5.0,0.0,0.0
42.843652074000005,1790241438.7276332,5.0,5.0,0.0,0.0
42.855659336,1790241438.7397206,5.0,5.0,0.0,0.0
42.875718177,1790241438.7597642,5.0,5.0,0.0,0.0
42.878098650000005,1790241438.7621045,5.0,5.0,0.0,0.0
42.880554853,1790241438.7645867,5.0,5.0,0.0,0.0
42.89555785,1790241438.7795956,5.0,5.0,0.0,0.0
42.917318777000006,1790241438.801491,5.0,5.0,0.0,0.0
42.921245191000004,1790241438.8053656,5.0,5.0,0.0,0.0
42.923623685,1790241438.8075964,5.0,5.0,0.0,0.0
42.935551103,1790241438.8196063,5.0,5.0,0.0,0.0
42.955808746,1790241438.839879,5.0,5.0,0.0,0.0
42.958170938,1790241438.8422356,5.0,5.0,0.0,0.0
42.960465526,1790241438.8444626,5.0,5.0,0.0,0.0
42.976072952,1790241438.86017,5.0,5.0,0.0,0.0
42.995565749,1790241438.879622,5.0,5.0,0.0,0.0
42.997767889,1790241438.8817682,5.0,5.0,0.0,0.0
43.016520737,1790241438.9007177,5.0,5.0,0.0,0.0
43.019739858,1790241438.9037888,5.0,5.0,0.0,0.0
43.022788718,1790241438.9067838,5.0,5.0,0.0,0.0
43.035843691000004,1790241438.9199374,5.0,5.0,0.0,0.0
43.055784718000005,1790241438.9398408,5.0,5.0,0.0,0.0
43.058169931,1790241438.9421828,5.0,5.0,0.0,0.0
43.076224653000004,1790241438.9603379,5.0,5.0,0.0,0.0
43.079161638,1790241438.963234,5.0,5.0,0.0,0.0
43.081640653,1790241438.9656346,5.0,5.0,0.0,0.0
43.095587294000005,1790241438.9796588,5.0,5.0,0.0,0.0
43.115515353,1790241438.9995623,5.0,5.0,0.0,0.0
43.117682961,1790241439.0017064,5.0,5.0,0.0,0.0
43.135798048000005,1790241439.0198534,5.0,5.0,0.0,0.0
43.1381555,1790241439.022166,5.0,5.0,0.0,0.0
43.156171889,1790241439.040248,5.0,5.0,0.0,0.0
43.158950957,1790241439.0429833,5.0,5.0,0.0,0.0
43.161791274,1790241439.0458305,5.0,5.0,0.0,0.0
43.176046510000006,1790241439.0601368,5.0,5.0,0.0,0.0
43.195815089,1790241439.0798888,5.0,5.0,0.0,0.0
43.198206292,1790241439.082217,5.0,5.0,0.0,0.0
43.216194712000004,1790241439.10027,5.0,5.0,0.0,0.0
43.218917217000005,1790241439.1029499,5.0,5.0,0.0,0.0
43.221536388000004,1790241439.1055644,5.0,5.0,0.0,0.0
43.236043812000005,1790241439.1201468,5.0,5.0,0.0,0.0
43.255588380000006,1790241439.1396422,5.0,5.0,0.0,0.0
43.257758905,1790241439.1417446,5.0,5.0,0.0,0.0
43.27655842,1790241439.1607664,5.0,5.0,0.0,0.0
43.279692801,1790241439.1637597,5.0,5.0,0.0,0.0
43.28250765,1790241439.1665149,5.0,5.0,0.0,0.0
43.295594186,1790241439.1796663,5.0,5.0,0.0,0.0
43.315777453,1790241439.1998305,5.0,5.0,0.0,0.0
43.318160687,1790241439.2021716,5.0,5.0,0.0,0.0
43.336125617,1790241439.2202427,5.0,5.0,0.0,0.0
43.339081144000005,1790241439.2231402,5.0,5.0,0.0,0.0
43.341728545,1790241439.2257562,5.0,5.0,0.0,0.0
43.355787321,1790241439.2399168,5.0,5.0,0.0,0.0
43.375826318,1790241439.2598865,5.0,5.0,0.0,0.0
43.378210593000006,1790241439.2622306,5.0,5.0,0.0,0.0
43.396317555,1790241439.2804608,5.0,5.0,0.0,0.0
43.399435530000005,1790241439.2835417,5.0,5.0,0.0,0.0
43.402426889000004,1790241439.2864866,5.0,5.0,0.0,0.0
43.414880715,1790241439.2988775,5.0,5.0,0.0,0.0
43.437415394000006,1790241439.3215954,5.0,5.0,0.14,0.14
43.440877484000005,1790241439.3249288,5.0,5.0,0.14,0.14
43.442807904000006,1790241439.3267844,5.0,5.0,0.14,0.14
43.455675897000006,1790241439.3397195,5.0,5.0,0.421,0.14
43.475824321000005,1790241439.359895,5.0,5.0,0.421,0.14
43.478345420000004,1790241439.3623965,5.0,5.0,0.28,0.14
43.480648809,1790241439.364865,5.0,5.0,0.28,0.14
43.496048787,1790241439.3801265,5.0,5.0,0.28,0.28
43.515445074000006,1790241439.3994918,5.0,5.0,0.28,0.14
43.517634088,1790241439.4016154,5.0,5.0,0.14,0.0
43.535780946,1790241439.4198375,5.0,5.0,0.14,0.0
43.538162669,1790241439.4222777,5.0,5.0,0.28,0.0
43.540519601,1790241439.4245281,5.0,5.0,0.0,0.0
43.555711244,1790241439.4398317,5.0,5.0,0.0,0.0
43.575345136,1790241439.4593935,5.0,5.0,0.0,0.0
43.577516911000004,1790241439.461541,5.0,5.0,0.0,0.0
43.595810591,1790241439.479869,5.0,5.0,0.0,0.0
43.598228044,1790241439.4823048,5.0,5.0,0.0,0.0
43.6005406,1790241439.4845335,5.0,5.0,0.0,0.0
43.616085526000006,1790241439.5001812,5.0,5.0,0.0,0.0
43.635564834,1790241439.5196376,5.0,5.0,0.0,0.0
43.637749994,1790241439.5217342,5.0,5.0,0.0,0.0
43.656575759000006,1790241439.5407894,5.0,5.0,0.0,0.0
43.659736963,1790241439.543796,5.0,5.0,0.0,0.0
43.662806136,1790241439.5468125,5.0,5.0,0.0,0.0
43.675547046000005,1790241439.5596044,5.0,5.0,0.0,0.0
43.695777917,1790241439.5798476,5.0,5.0,0.0,0.0
43.698178235,1790241439.5821922,5.0,5.0,0.0,0.0
43.716005456000005,1790241439.600125,5.0,5.0,0.0,0.0
43.719131504,1790241439.6031885,5.0,5.0,0.0,0.0
43.722087082,1790241439.60613,5.0,5.0,0.0,0.0
43.734903877,1790241439.61894,5.0,5.0,0.0,0.0
43.757239545000004,1790241439.6414063,5.0,5.0,0.0,0.0
43.760602468,1790241439.6446066,5.0,5.0,0.0,0.0
43.762553566,1790241439.6465364,5.0,5.0,0.0,0.14
43.775688382000006,1790241439.6597278,5.0,5.0,0.0,0.0
43.795811806,1790241439.6798968,5.0,5.0,0.0,0.0
43.798316759,1790241439.6823373,5.0,5.0,0.0,0.0
43.800558586,1790241439.6845481,5.0,5.0,0.0,0.14
43.816049865000004,1790241439.7001262,5.0,5.0,0.0,0.0
43.835556361,1790241439.719615,5.0,5.0,0.0,0.14
43.837736678000006,1790241439.721715,5.0,5.0,0.0,0.14
43.856159317,1790241439.7402499,5.0,5.0,0.0,0.14
43.858907812000005,1790241439.7429562,5.0,5.0,0.0,0.28
43.861534431,1790241439.7455623,5.0,5.0,0.0,0.421
43.876064824000004,1790241439.7601664,5.0,5.0,0.0,0.421
43.895813195,1790241439.7798872,5.0,5.0,0.14,0.421
43.898233876000006,1790241439.782231,5.0,5.0,0.0,0.561
43.916203963,1790241439.8002987,5.0,5.0,0.14,0.561
43.918964280000004,1790241439.8030026,5.0,5.0,0.28,0.701
43.921814338000004,1790241439.805869,5.0,5.0,0.28,0.561
43.935816083000006,1790241439.8198996,5.0,5.0,0.28,0.701
43.955782424000006,1790241439.8398407,5.0,5.0,0.421,0.561
43.958156647,1790241439.8421664,5.0,5.0,0.421,0.701
43.976135952,1790241439.8602455,5.0,5.0,0.561,0.701
43.978975645000006,1790241439.8630059,5.0,5.0,0.421,0.841
43.981805859000005,1790241439.8658605,5.0,5.0,0.421,0.701
43.995590208,1790241439.8796804,5.0,5.0,0.561,0.841
44.015557954,1790241439.8996294,5.0,5.0,0.701,0.701
44.017942907000005,1790241439.901936,5.0,5.0,0.561,0.701
44.03577492,1790241439.9198306,5.0,5.0,0.701,0.701
44.038135341,1790241439.9221497,5.0,5.0,0.561,0.701
44.040490345,1790241439.9245048,5.0,5.0,0.701,0.561
44.056369022000005,1790241439.940464,5.0,5.0,0.701,0.561
44.075559683,1790241439.9596176,5.0,5.0,0.701,0.561
44.077953594,1790241439.9619486,5.0,5.0,0.701,0.561
44.096021389,1790241439.9800975,5.0,5.0,0.701,0.561
44.098434831000006,1790241439.9824598,5.0,5.0,0.841,0.561
44.100653741,1790241439.9846888,5.0,5.0,0.841,0.421
44.115546686,1790241439.9995992,5.0,5.0,0.841,0.421
44.137014279000006,1790241440.021181,5.0,5.0,0.701,0.421
44.140634182,1790241440.0247912,5.0,5.0,0.841,0.28
44.144070543000005,1790241440.0281823,5.0,5.0,0.701,0.421
44.154849001,1790241440.0388446,5.0,5.0,0.701,0.421
44.177463002,1790241440.06163,5.0,5.0,0.561,0.421
44.181192905,1790241440.0653427,5.0,5.0,0.561,0.421
44.183680827,1790241440.0676706,5.0,5.0,0.561,0.561
44.195434964,1790241440.0794907,5.0,5.0,0.561,0.561
44.21581818,1790241440.099886,5.0,5.0,0.561,0.561
44.218204434,1790241440.1022005,5.0,5.0,0.421,0.561
44.236127697,1790241440.1202447,5.0,5.0,0.561,0.561
44.238937963000005,1790241440.122968,5.0,5.0,0.561,0.701
44.241766510000005,1790241440.1257956,5.0,5.0,0.421,0.561
44.255788464000005,1790241440.1399066,5.0,5.0,0.561,0.701
44.275857565,1790241440.1599176,5.0,5.0,0.421,0.701
44.278231788,1790241440.162235,5.0,5.0,0.561,0.701
44.296298750000005,1790241440.1804445,5.0,5.0,0.561,0.841
44.299440995000005,1790241440.183548,5.0,5.0,0.561,0.701
44.302420897000005,1790241440.1865027,5.0,5.0,0.701,0.701
44.314883785,1790241440.1989021,5.0,5.0,0.561,0.701
44.337274505,1790241440.2214372,5.0,5.0,0.561,0.841
44.340696803,1790241440.2247295,5.0,5.0,0.701,0.701
44.342647171,1790241440.2266147,5.0,5.0,0.701,0.841
44.355680946,1790241440.2397206,5.0,5.0,0.841,0.701
44.375802130000004,1790241440.259887,5.0,5.0,0.841,0.701
44.378276718,1790241440.262306,5.0,5.0,0.841,0.701
44.380533389,1790241440.2645261,5.0,5.0,0.701,0.701
44.396007221000005,1790241440.2801034,5.0,5.0,0.841,0.701
44.415565018,1790241440.2996185,5.0,5.0,0.701,0.841
44.417709241000004,1790241440.3017023,5.0,5.0,0.701,0.701
44.436148078,1790241440.3202348,5.0,5.0,0.701,0.701
44.439017199000006,1790241440.3230503,5.0,5.0,0.701,0.701
44.44162111,1790241440.325665,5.0,5.0,0.561,0.841
44.456026814000005,1790241440.3401067,5.0,5.0,0.561,0.701
44.47554232,1790241440.3595858,5.0,5.0,0.561,0.701
44.477701803,1790241440.3616872,5.0,5.0,0.561,0.701
44.496601058,1790241440.3808043,5.0,5.0,0.561,0.701
44.499720700000005,1790241440.3837662,5.0,5.0,0.421,0.701
44.502556642,1790241440.3865478,5.0,5.0,0.421,0.701
44.515883335000005,1790241440.399943,5.0,5.0,0.561,0.561
44.535508424,1790241440.4195611,5.0,5.0,0.561,0.701
44.537879887,1790241440.4218802,5.0,5.0,0.561,0.701
44.55578039,1790241440.4398537,5.0,5.0,0.701,0.561
44.558172217000006,1790241440.4422247,5.0,5.0,0.561,0.701
44.560482847,1790241440.4444766,5.0,5.0,0.701,0.561
44.575809542,1790241440.4599388,5.0,5.0,0.701,0.701
44.595361038,1790241440.4793806,5.0,5.0,0.701,0.561
44.597389427,1790241440.4813876,5.0,5.0,0.561,0.561
44.615877223000005,1790241440.4999528,5.0,5.0,0.841,0.701
44.618266915,1790241440.5023334,5.0,5.0,0.701,0.561
44.620549419,1790241440.5045574,5.0,5.0,0.841,0.561
44.636031428,1790241440.5201292,5.0,5.0,0.701,0.421
44.655811257,1790241440.539884,5.0,5.0,0.841,0.561
44.658226887000005,1790241440.542237,5.0,5.0,0.701,0.561
44.676361922000005,1790241440.5605025,5.0,5.0,0.701,0.421
44.679521719,1790241440.5636196,5.0,5.0,0.561,0.561
44.682518548000004,1790241440.5665965,5.0,5.0,0.561,0.561
44.694892009,1790241440.5789409,5.0,5.0,0.561,0.561
44.717199135,1790241440.6013849,5.0,5.0,0.421,0.561
44.720693516000004,1790241440.6047342,5.0,5.0,0.561,0.561
44.722626541000004,1790241440.6066113,5.0,5.0,0.421,0.421
44.735663649,1790241440.6197188,5.0,5.0,0.421,0.561
44.755830927000005,1790241440.6398883,5.0,5.0,0.28,0.561
44.758391609,1790241440.6424224,5.0,5.0,0.561,0.421
44.760639686000005,1790241440.644687,5.0,5.0,0.421,0.561
44.775772788000005,1790241440.6598573,5.0,5.0,0.421,0.561
44.795554440000004,1790241440.679608,5.0,5.0,0.561,0.421
44.797951424000004,1790241440.6819654,5.0,5.0,0.421,0.561
44.815759843,1790241440.6998475,5.0,5.0,0.421,0.421
44.818195838,1790241440.702323,5.0,5.0,0.561,0.421
44.820594644,1790241440.7045906,5.0,5.0,0.421,0.561
44.836037642,1790241440.7201195,5.0,5.0,0.561,0.561
44.855807732,1790241440.7398813,5.0,5.0,0.561,0.561
44.858211487000005,1790241440.7422106,5.0,5.0,0.561,0.561
44.876106573,1790241440.7602196,5.0,5.0,0.561,0.561
44.878876526000006,1790241440.7629042,5.0,5.0,0.561,0.561
44.881463562,1790241440.7655149,5.0,5.0,0.701,0.561
44.896118122000004,1790241440.780197,5.0,5.0,0.561,0.561
44.915748107000006,1790241440.7998095,5.0,5.0,0.701,0.561
44.917993059000004,1790241440.8020403,5.0,5.0,0.701,0.561
44.93575903,1790241440.8198333,5.0,5.0,0.701,0.561
44.938117108,1790241440.8221097,5.0,5.0,0.701,0.561
44.956512924,1790241440.840764,5.0,5.0,0.701,0.561
44.960294598000004,1790241440.8444035,5.0,5.0,0.561,0.561
44.963718198,1790241440.8478193,5.0,5.0,0.701,0.561
44.97483624,1790241440.8588326,5.0,5.0,0.561,0.561
44.997565502,1790241440.8817306,5.0,5.0,0.701,0.561
45.000773946,1790241440.8848112,5.0,5.0,0.561,0.561
45.002878898000006,1790241440.8868556,5.0,5.0,0.421,0.561
45.015304078,1790241440.8993306,5.0,5.0,0.561,0.561
45.036984171,1790241440.9211326,5.0,5.0,0.561,0.561
45.040641574000006,1790241440.9247987,5.0,5.0,0.561,0.421
45.044054966000004,1790241440.928184,5.0,5.0,0.421,0.701
45.054838424,1790241440.938837,5.0,5.0,0.701,0.421
45.077295446,1790241440.9615676,5.0,5.0,0.421,0.701
45.081074151,1790241440.965116,5.0,5.0,0.701,0.561
45.083071082000004,1790241440.967045,5.0,5.0,0.561,0.561
45.095553918,1790241440.97961,5.0,5.0,0.561,0.561
45.115820103000004,1790241440.9998887,5.0,5.0,0.701,0.421
45.118223024,1790241441.0022202,5.0,5.0,0.561,0.561
45.136129204,1790241441.020237,5.0,5.0,0.561,0.421
45.138860824000005,1790241441.0229044,5.0,5.0,0.701,0.421
45.141439422000005,1790241441.0255003,5.0,5.0,0.561,0.28
45.155814398000004,1790241441.0399096,5.0,5.0,0.561,0.421
45.175808342,1790241441.0598795,5.0,5.0,0.561,0.28
45.178214232,1790241441.062231,5.0,5.0,0.561,0.421
45.196018641,1790241441.080142,5.0,5.0,0.421,0.28
45.199234636,1790241441.0833151,5.0,5.0,0.421,0.421
45.202256465000005,1790241441.0863218,5.0,5.0,0.561,0.421
45.214894041,1790241441.0989027,5.0,5.0,0.421,0.28
45.237239917000004,1790241441.1213796,5.0,5.0,0.28,0.421
45.240728257,1790241441.124771,5.0,5.0,0.421,0.28
45.242681021,1790241441.1266603,5.0,5.0,0.421,0.561
45.255274379,1790241441.1393132,5.0,5.0,0.28,0.28
45.276620721,1790241441.1608698,5.0,5.0,0.28,0.421
45.280248228000005,1790241441.1643689,5.0,5.0,0.28,0.28
45.283709172,1790241441.167782,5.0,5.0,0.28,0.421
45.294868673,1790241441.1788816,5.0,5.0,0.28,0.421
45.317204184000005,1790241441.201343,5.0,5.0,0.14,0.421
45.320588774,1790241441.2045808,5.0,5.0,0.14,0.28
45.322503517,1790241441.206475,5.0,5.0,0.28,0.561
45.335340521000006,1790241441.2193615,5.0,5.0,0.14,0.421
45.357118791000005,1790241441.2412677,5.0,5.0,0.28,0.421
45.360649735,1790241441.2448106,5.0,5.0,0.28,0.28
45.364118492,1790241441.2482123,5.0,5.0,0.421,0.421
45.374821690000005,1790241441.2588186,5.0,5.0,0.28,0.421
45.397484441,1790241441.2816942,5.0,5.0,0.28,0.28
45.401354865,1790241441.2855117,5.0,5.0,0.421,0.28
45.403731588,1790241441.2877097,5.0,5.0,0.421,0.421
45.415466663000004,1790241441.2995226,5.0,5.0,0.28,0.28
45.435811024,1790241441.3198764,5.0,5.0,0.28,0.28
45.438210144,1790241441.3222232,5.0,5.0,0.28,0.28
45.456350178,1790241441.3404903,5.0,5.0,0.421,0.421
45.459579299000005,1790241441.343661,5.0,5.0,0.28,0.421
45.462506648,1790241441.3465633,5.0,5.0,0.28,0.28
45.474866984,1790241441.3588734,5.0,5.0,0.28,0.28
45.497244839000004,1790241441.381403,5.0,5.0,0.28,0.421
45.500665315000006,1790241441.3847098,5.0,5.0,0.421,0.28
45.502618964,1790241441.3865871,5.0,5.0,0.421,0.28
45.51572076,1790241441.399763,5.0,5.0,0.14,0.28
45.53580934,1790241441.4198618,5.0,5.0,0.421,0.28
45.538176949000004,1790241441.4222422,5.0,5.0,0.421,0.28
45.540488047000004,1790241441.4244857,5.0,5.0,0.421,0.421
45.556169691,1790241441.4402733,5.0,5.0,0.28,0.28
45.575411603000006,1790241441.4594395,5.0,5.0,0.421,0.14
45.577601138000006,1790241441.46164,5.0,5.0,0.561,0.421
45.595746173,1790241441.4798238,5.0,5.0,0.561,0.421
45.59815149,1790241441.4821484,5.0,5.0,0.421,0.28
45.616175639000005,1790241441.5002544,5.0,5.0,0.561,0.421
45.618883925000006,1790241441.5029085,5.0,5.0,0.421,0.28
45.621492836,1790241441.5055394,5.0,5.0,0.561,0.421
45.635788593,1790241441.519863,5.0,5.0,0.561,0.421
45.655784412,1790241441.5398433,5.0,5.0,0.421,0.28
45.658201240000004,1790241441.542212,5.0,5.0,0.421,0.421
45.676140857,1790241441.5602517,5.0,5.0,0.421,0.28
45.678884716000006,1790241441.5629148,5.0,5.0,0.421,0.421
45.681466388000004,1790241441.5655155,5.0,5.0,0.421,0.421
45.696082405000006,1790241441.5801775,5.0,5.0,0.28,0.14
45.715535932,1790241441.599648,5.0,5.0,0.28,0.421
45.717772291,1790241441.6017542,5.0,5.0,0.421,0.421
45.736565764000005,1790241441.6207669,5.0,5.0,0.14,0.28
45.73967978,1790241441.6237483,5.0,5.0,0.28,0.28
45.742522494000006,1790241441.6265414,5.0,5.0,0.14,0.14
45.755528664,1790241441.6395998,5.0,5.0,0.28,0.421
45.775783391000004,1790241441.659839,5.0,5.0,0.28,0.28
45.778162822000006,1790241441.6621776,5.0,5.0,0.14,0.28
45.796195565000005,1790241441.6803024,5.0,5.0,0.0,0.14
45.798919633000004,1790241441.6829667,5.0,5.0,0.14,0.28
45.801529742,1790241441.6856024,5.0,5.0,0.14,0.28
45.815790915,1790241441.6999269,5.0,5.0,0.14,0.28
45.835792099,1790241441.7198586,5.0,5.0,0.0,0.28
45.838169499,1790241441.7221787,5.0,5.0,0.0,0.28
45.856306148,1790241441.7404525,5.0,5.0,0.0,0.28
45.859524592,1790241441.7435853,5.0,5.0,0.14,0.28
45.862439493000004,1790241441.746502,5.0,5.0,0.0,0.28
45.874888579,1790241441.7588875,5.0,5.0,0.14,0.421
45.897205393,1790241441.7813685,5.0,5.0,0.14,0.28
45.900713524000004,1790241441.7847645,5.0,5.0,0.0,0.28
45.902683997000004,1790241441.7866664,5.0,5.0,0.28,0.421
45.915601261000006,1790241441.7996511,5.0,5.0,0.28,0.28
45.936443071,1790241441.8206031,5.0,5.0,0.28,0.28
45.940008339,1790241441.8241124,5.0,5.0,0.28,0.14
45.943389960000005,1790241441.8274837,5.0,5.0,0.28,0.14
45.954915867000004,1790241441.838916,5.0,5.0,0.28,0.14
45.97726841,1790241441.861414,5.0,5.0,0.421,0.14
45.980614197,1790241441.8646088,5.0,5.0,0.28,0.0
45.982507378,1790241441.8664875,5.0,5.0,0.28,0.0
45.995256256000005,1790241441.8792956,5.0,5.0,0.14,0.0
46.016943329,1790241441.9011111,5.0,5.0,0.28,0.14
46.020627034,1790241441.9047947,5.0,5.0,0.14,0.0
46.024217457000006,1790241441.9083397,5.0,5.0,0.28,0.0
46.034838363000006,1790241441.9188352,5.0,5.0,0.14,0.0
46.057419916,1790241441.9415636,5.0,5.0,0.28,0.0
46.061017007000004,1790241441.945113,5.0,5.0,0.0,0.0
46.063405449,1790241441.9473777,5.0,5.0,0.14,0.14
46.075428128000006,1790241441.9594834,5.0,5.0,0.0,0.0
46.095789521,1790241441.979844,5.0,5.0,0.0,0.28
46.098166765,1790241441.9821754,5.0,5.0,0.0,0.28
46.116341174000006,1790241442.0004895,5.0,5.0,0.0,0.28
46.119588524,1790241442.00367,5.0,5.0,0.0,0.14
46.122524051000006,1790241442.00661,5.0,5.0,0.0,0.28
46.134881887000006,1790241442.0188878,5.0,5.0,0.0,0.421
46.157197294,1790241442.0413651,5.0,5.0,0.0,0.28
46.160711519,1790241442.0447545,5.0,5.0,0.0,0.28
46.162657200000005,1790241442.0466247,5.0,5.0,0.0,0.421
46.175680298,1790241442.0597196,5.0,5.0,0.0,0.28
46.195795024000006,1790241442.0798507,5.0,5.0,0.0,0.28
46.198177372,1790241442.0823357,5.0,5.0,0.0,0.421
46.201119669,1790241442.085187,5.0,5.0,0.0,0.28
46.215768239000006,1790241442.0998762,5.0,5.0,0.0,0.421
46.235820621,1790241442.1198752,5.0,5.0,0.0,0.28
46.238259688,1790241442.122266,5.0,5.0,0.0,0.421
46.256111284000006,1790241442.1402237,5.0,5.0,0.0,0.421
46.258824414,1790241442.1428666,5.0,5.0,0.0,0.28
46.261660201000005,1790241442.1457112,5.0,5.0,0.0,0.421
46.275607467,1790241442.1596904,5.0,5.0,0.0,0.28
46.295797037,1790241442.179856,5.0,5.0,0.0,0.421
46.298172823,1790241442.1821856,5.0,5.0,0.0,0.28
46.316337909000005,1790241442.2004795,5.0,5.0,0.0,0.28
46.319481665000005,1790241442.20357,5.0,5.0,0.14,0.28
46.322401358,1790241442.2064452,5.0,5.0,0.14,0.28
46.334892007,1790241442.2189126,5.0,5.0,0.0,0.14
46.357239914000004,1790241442.241406,5.0,5.0,0.14,0.28
46.360621796000004,1790241442.2446196,5.0,5.0,0.14,0.14
46.362591174,1790241442.2465641,5.0,5.0,0.28,0.14
46.375648543000004,1790241442.2596936,5.0,5.0,0.28,0.0
46.39579504,1790241442.2798636,5.0,5.0,0.28,0.0
46.398177440000005,1790241442.2822514,5.0,5.0,0.28,0.0
46.400495986,1790241442.2844868,5.0,5.0,0.28,0.14
46.416030443000004,1790241442.3001242,5.0,5.0,0.421,0.0
46.435761157,1790241442.3198993,5.0,5.0,0.421,0.0
46.438198193000005,1790241442.3222134,5.0,5.0,0.421,0.14
46.456282394000006,1790241442.3403847,5.0,5.0,0.561,0.14
46.459034535,1790241442.343088,5.0,5.0,0.561,0.28
46.461884697,1790241442.345943,5.0,5.0,0.701,0.28
46.475964359,1790241442.3600614,5.0,5.0,0.701,0.421
46.495569448000005,1790241442.3796437,5.0,5.0,0.561,0.28
46.497759765000005,1790241442.3817415,5.0,5.0,0.701,0.561
46.516547926,1790241442.4007573,5.0,5.0,0.701,0.421
46.519795015,1790241442.4038434,5.0,5.0,0.701,0.421
46.522700333,1790241442.4067447,5.0,5.0,0.701,0.421
46.534856867,1790241442.4188533,5.0,5.0,0.701,0.421
46.558449828,1790241442.4427028,5.0,5.0,0.701,0.421
46.56148822,1790241442.4455216,5.0,5.0,0.701,0.421
46.563553953,1790241442.447545,5.0,5.0,0.561,0.421
46.575135277,1790241442.4591515,5.0,5.0,0.701,0.561
46.5969336,1790241442.4811213,5.0,5.0,0.841,0.28
46.600611575,1790241442.4847527,5.0,5.0,0.561,0.421
46.604068665,1790241442.4881394,5.0,5.0,0.841,0.421
46.614809779000005,1790241442.4988186,5.0,5.0,0.701,0.421
46.637283103,1790241442.521424,5.0,5.0,0.701,0.421
46.64057238,1790241442.524574,5.0,5.0,0.701,0.421
46.64250452,1790241442.5264893,5.0,5.0,0.701,0.421
46.655243919,1790241442.5392973,5.0,5.0,0.701,0.28
46.676638491000006,1790241442.5609176,5.0,5.0,0.701,0.28
46.680375685,1790241442.5644865,5.0,5.0,0.701,0.421
46.683819546,1790241442.5679207,5.0,5.0,0.701,0.421
46.694847744,1790241442.578845,5.0,5.0,0.701,0.28
46.717191849,1790241442.6013927,5.0,5.0,0.561,0.421
46.720895398,1790241442.6049974,5.0,5.0,0.561,0.28
46.723383944000005,1790241442.6073573,5.0,5.0,0.561,0.421
46.735442821,1790241442.6194808,5.0,5.0,0.421,0.28
46.755518328,1790241442.6395893,5.0,5.0,0.28,0.28
46.757923385000005,1790241442.6419332,5.0,5.0,0.28,0.28
46.775742117,1790241442.6597965,5.0,5.0,0.28,0.14
46.77811509,1790241442.662131,5.0,5.0,0.14,0.28
46.796110437,1790241442.6801863,5.0,5.0,0.0,0.28
46.79883164,1790241442.682858,5.0,5.0,0.0,0.28
46.801635708000006,1790241442.685669,5.0,5.0,0.0,0.14
46.816111985000006,1790241442.7001922,5.0,5.0,0.0,0.14
46.835340147000004,1790241442.719385,5.0,5.0,0.0,0.14
46.837491766,1790241442.721506,5.0,5.0,0.0,0.14
46.855758363,1790241442.739814,5.0,5.0,0.0,0.0
46.85813868,1790241442.7421813,5.0,5.0,0.0,0.28
46.860436445000005,1790241442.7444344,5.0,5.0,0.0,0.14
46.87609012,1790241442.760168,5.0,5.0,0.0,0.28
46.895577345,1790241442.7796226,5.0,5.0,0.0,0.14
46.897741776000004,1790241442.7817388,5.0,5.0,0.0,0.28
46.916871813,1790241442.8009975,5.0,5.0,0.0,0.14
46.919979214,1790241442.8040478,5.0,5.0,0.0,0.28
46.92294896,1790241442.8069463,5.0,5.0,0.0,0.28
46.935578150000005,1790241442.8196304,5.0,5.0,0.0,0.421
46.955528917,1790241442.8395832,5.0,5.0,0.0,0.28
46.957908349,1790241442.841907,5.0,5.0,0.0,0.28
46.975734529,1790241442.8598058,5.0,5.0,0.0,0.28
46.978135471,1790241442.8621383,5.0,5.0,0.0,0.421
46.980624799000005,1790241442.8647075,5.0,5.0,0.0,0.28
46.995547900000005,1790241442.8796055,5.0,5.0,0.0,0.28
47.016993149,1790241442.9011555,5.0,5.0,0.0,0.28
47.020478364000006,1790241442.9045794,5.0,5.0,0.0,0.28
47.023920610000005,1790241442.908033,5.0,5.0,0.0,0.421
47.034847245,1790241442.9188573,5.0,5.0,0.0,0.28
47.057445986000005,1790241442.9416149,5.0,5.0,0.0,0.28
47.06064818,1790241442.9447186,5.0,5.0,0.14,0.421
47.063097351,1790241442.9471695,5.0,5.0,0.28,0.421
47.075168312,1790241442.959195,5.0,5.0,0.28,0.28
47.096654134000005,1790241442.9809122,5.0,5.0,0.28,0.421
47.100296849,1790241442.984407,5.0,5.0,0.28,0.28
47.103681908000006,1790241442.9877484,5.0,5.0,0.421,0.421
47.114950315,1790241442.9989572,5.0,5.0,0.421,0.561
47.137253847000004,1790241443.0213914,5.0,5.0,0.561,0.28
47.140794895000006,1790241443.0249496,5.0,5.0,0.28,0.28
47.143312244,1790241443.0273087,5.0,5.0,0.421,0.421
47.155742215000004,1790241443.039813,5.0,5.0,0.561,0.421
47.175805639000004,1790241443.0598783,5.0,5.0,0.561,0.28
47.178170331000004,1790241443.0621638,5.0,5.0,0.28,0.421
47.196166875,1790241443.080244,5.0,5.0,0.561,0.28
47.198894589000005,1790241443.0829215,5.0,5.0,0.421,0.421
47.201552927,1790241443.085609,5.0,5.0,0.28,0.421
47.216069257,1790241443.100166,5.0,5.0,0.421,0.14
47.235568044000004,1790241443.1196046,5.0,5.0,0.561,0.421
47.237719402,1790241443.1217263,5.0,5.0,0.421,0.28
47.256604074,1790241443.1407924,5.0,5.0,0.421,0.28
47.259686579000004,1790241443.1437385,5.0,5.0,0.421,0.28
47.262510283000005,1790241443.1465125,5.0,5.0,0.28,0.28
47.2758501,1790241443.159926,5.0,5.0,0.421,0.28
47.295775242000005,1790241443.1798313,5.0,5.0,0.28,0.28
47.298164673,1790241443.182189,5.0,5.0,0.421,0.28
47.316134135000006,1790241443.2002363,5.0,5.0,0.28,0.28
47.318880077,1790241443.202922,5.0,5.0,0.28,0.28
47.321456541,1790241443.205528,5.0,5.0,0.28,0.28
47.33609735,1790241443.2201767,5.0,5.0,0.28,0.28
47.355568324000004,1790241443.2396314,5.0,5.0,0.421,0.28
47.357757964,1790241443.2417374,5.0,5.0,0.28,0.421
47.376562739,1790241443.260768,5.0,5.0,0.14,0.28
47.379687901000004,1790241443.2637553,5.0,5.0,0.28,0.14
47.382495407,1790241443.266494,5.0,5.0,0.14,0.421
47.395522984,1790241443.279582,5.0,5.0,0.28,0.28
47.415779428,1790241443.29985,5.0,5.0,0.28,0.28
47.418180579,1790241443.3021781,5.0,5.0,0.28,0.28
47.436136603,1790241443.3202436,5.0,5.0,0.28,0.14
47.438869577000006,1790241443.3229141,5.0,5.0,0.28,0.14
47.441667030000005,1790241443.3257122,5.0,5.0,0.14,0.28
47.456120339,1790241443.3402052,5.0,5.0,0.14,0.28
47.475541105000005,1790241443.3596087,5.0,5.0,0.0,0.28
47.477694755,1790241443.361704,5.0,5.0,0.14,0.14
47.496337811000004,1790241443.3804522,5.0,5.0,0.14,0.14
47.499450577000005,1790241443.3835447,5.0,5.0,0.28,0.14
47.502427510000004,1790241443.386491,5.0,5.0,0.14,0.0
47.514865554000004,1790241443.3988647,5.0,5.0,0.14,0.0
47.537205493,1790241443.421365,5.0,5.0,0.14,0.0
47.540670343,1790241443.4247258,5.0,5.0,0.14,0.0
47.542648055,1790241443.4266157,5.0,5.0,0.14,0.0
47.555665215000005,1790241443.4397156,5.0,5.0,0.0,0.0
47.575529316,1790241443.459569,5.0,5.0,0.14,0.0
47.577881143000006,1790241443.461892,5.0,5.0,0.0,0.0
47.596030917,1790241443.4800887,5.0,5.0,0.14,0.0
47.598598474000006,1790241443.482615,5.0,5.0,0.28,0.0
47.60083702,1790241443.4848669,5.0,5.0,0.14,0.0
47.615866736,1790241443.5000093,5.0,5.0,0.28,0.0
47.635821305,1790241443.5198755,5.0,5.0,0.14,0.0
47.638214799,1790241443.5222073,5.0,5.0,0.28,0.0
47.656200302,1790241443.5402966,5.0,5.0,0.28,0.14
47.658914735,1790241443.5429468,5.0,5.0,0.14,0.14
47.661509271,1790241443.5455163,5.0,5.0,0.28,0.14
47.676074194,1790241443.5601652,5.0,5.0,0.28,0.28
47.695827201,1790241443.5799048,5.0,5.0,0.28,0.28
47.698227726000006,1790241443.5822284,5.0,5.0,0.28,0.421
47.716146562000006,1790241443.60026,5.0,5.0,0.28,0.421
47.718913755,1790241443.6029625,5.0,5.0,0.421,0.421
47.721515791,1790241443.6055756,5.0,5.0,0.28,0.421
47.735749308,1790241443.6198711,5.0,5.0,0.421,0.28
47.755538304000005,1790241443.6395962,5.0,5.0,0.28,0.421
47.757922683000004,1790241443.6419218,5.0,5.0,0.28,0.421
47.775761676,1790241443.6598344,5.0,5.0,0.421,0.421
47.778168399,1790241443.662161,5.0,5.0,0.14,0.14
47.780581685,1790241443.66461,5.0,5.0,0.14,0.28
47.795617286,1790241443.6796947,5.0,5.0,0.14,0.28
47.815850346000005,1790241443.6999261,5.0,5.0,0.14,0.421
47.818237173,1790241443.702241,5.0,5.0,0.0,0.28
47.836308301,1790241443.7204182,5.0,5.0,0.0,0.28
47.839409349,1790241443.7235067,5.0,5.0,0.0,0.0
47.842367584,1790241443.7264261,5.0,5.0,0.0,0.14
47.854868337000006,1790241443.7388637,5.0,5.0,0.0,0.0
47.877214264,1790241443.76138,5.0,5.0,0.0,0.0
47.880652813000005,1790241443.764693,5.0,5.0,0.0,0.0
47.882595941000005,1790241443.766567,5.0,5.0,0.0,0.0
47.895670445,1790241443.7797258,5.0,5.0,0.0,0.0
47.915618088,1790241443.799684,5.0,5.0,0.0,0.0
47.918259082000006,1790241443.8023515,5.0,5.0,0.0,0.0
47.920883827000004,1790241443.8049073,5.0,5.0,0.0,0.0
47.935307292000005,1790241443.8193927,5.0,5.0,0.0,0.0
47.956988427000006,1790241443.8411348,5.0,5.0,0.0,0.0
47.960537392000006,1790241443.844706,5.0,5.0,0.0,0.0
47.964007398,1790241443.8481035,5.0,5.0,0.0,0.0
47.974842315000004,1790241443.85884,5.0,5.0,0.0,0.0
47.997433243,1790241443.8816009,5.0,5.0,0.0,0.0
48.000923614,1790241443.884939,5.0,5.0,0.0,0.0
48.002837628,1790241443.8868065,5.0,5.0,0.0,0.0
48.015692236,1790241443.8997474,5.0,5.0,0.0,0.0
48.035786962,1790241443.9198434,5.0,5.0,0.0,0.0
48.038154727000006,1790241443.922147,5.0,5.0,0.0,0.0
48.040466867000006,1790241443.9244924,5.0,5.0,0.0,0.0
48.055631427,1790241443.9397082,5.0,5.0,0.0,0.0
48.075816517,1790241443.9598734,5.0,5.0,0.0,0.0
48.078428606,1790241443.9626195,5.0,5.0,0.0,0.0
48.081129600000004,1790241443.9651637,5.0,5.0,0.0,0.0
48.095550409000005,1790241443.9795907,5.0,5.0,0.0,0.0
48.116659407,1790241444.000902,5.0,5.0,0.0,0.0
48.120250404000004,1790241444.0043366,5.0,5.0,0.0,0.0
48.123614733000004,1790241444.0077112,5.0,5.0,0.0,0.0
48.134853921,1790241444.01886,5.0,5.0,0.0,0.0
48.157189068,1790241444.0413516,5.0,5.0,0.0,0.0
48.160589856,1790241444.0446517,5.0,5.0,0.0,0.0
48.162721162000004,1790241444.0467324,5.0,5.0,0.0,0.0
48.175277592,1790241444.0593166,5.0,5.0,0.0,0.0
48.197008727000004,1790241444.0811756,5.0,5.0,0.0,0.0
48.200560557,1790241444.0847085,5.0,5.0,0.0,0.0
48.203981448,1790241444.0881026,5.0,5.0,0.0,0.0
48.214822302,1790241444.0988247,5.0,5.0,0.0,0.0
48.237171147000005,1790241444.1213648,5.0,5.0,0.0,0.0
48.240847821,1790241444.1249669,5.0,5.0,0.0,0.0
48.243351836,1790241444.1273265,5.0,5.0,0.0,0.0
48.25582561,1790241444.1399777,5.0,5.0,0.0,0.0
48.275782314000004,1790241444.1598403,5.0,5.0,0.0,0.0
48.278191485,1790241444.16219,5.0,5.0,0.0,0.0
48.296120269000006,1790241444.1802328,5.0,5.0,0.0,0.0
48.29887965,1790241444.1829033,5.0,5.0,0.0,0.0
48.301462103000006,1790241444.1855233,5.0,5.0,0.0,0.0
48.31562864,1790241444.1997228,5.0,5.0,0.0,0.0
48.335604095,1790241444.219659,5.0,5.0,0.0,0.0
48.337982693,1790241444.2219768,5.0,5.0,0.0,0.0
48.355762362,1790241444.2398326,5.0,5.0,0.0,0.0
48.358133981,1790241444.2421315,5.0,5.0,0.0,0.0
48.360472475,1790241444.2444835,5.0,5.0,0.0,0.0
48.376032296000005,1790241444.2601132,5.0,5.0,0.0,0.0
48.395828688,1790241444.2798874,5.0,5.0,0.0,0.0
48.398202807000004,1790241444.28221,5.0,5.0,0.0,0.0
48.416277321,1790241444.3004224,5.0,5.0,0.0,0.0
48.419399931,1790241444.3034716,5.0,5.0,0.0,0.0
48.422305874,1790241444.3063617,5.0,5.0,0.0,0.0
48.43487996,1790241444.3188787,5.0,5.0,0.0,0.0
48.457180524,1790241444.3413377,5.0,5.0,0.0,0.14
48.460620843,1790241444.3446107,5.0,5.0,0.0,0.0
48.462540690000004,1790241444.346513,5.0,5.0,0.0,0.0
48.475658319000004,1790241444.359701,5.0,5.0,0.0,0.0
48.495832941,1790241444.3799157,5.0,5.0,0.0,0.14
48.498287216,1790241444.3822944,5.0,5.0,0.0,0.14
48.500521387000006,1790241444.384512,5.0,5.0,0.0,0.14
48.516211052,1790241444.4003081,5.0,5.0,0.0,0.421
48.535563433,1790241444.419619,5.0,5.0,0.0,0.14
48.537700885,1790241444.421694,5.0,5.0,0.0,0.28
48.556590556,1790241444.4407954,5.0,5.0,0.14,0.28
48.559715093,1790241444.4437706,5.0,5.0,0.0,0.28
48.562616505,1790241444.4466107,5.0,5.0,0.0,0.28
48.575859239,1790241444.4599872,5.0,5.0,0.0,0.421
48.595803287,1790241444.4798596,5.0,5.0,0.0,0.14
48.598174437000004,1790241444.4821856,5.0,5.0,0.14,0.421
48.616142128,1790241444.500246,5.0,5.0,0.28,0.421
48.618954946,1790241444.5029883,5.0,5.0,0.28,0.421
48.621604117000004,1790241444.5056329,5.0,5.0,0.14,0.28
48.635767321,1790241444.5198581,5.0,5.0,0.28,0.421
48.655821005,1790241444.5398793,5.0,5.0,0.28,0.28
48.658195593,1790241444.5422118,5.0,5.0,0.421,0.561
48.67597594,1790241444.5601041,5.0,5.0,0.28,0.28
48.679158706,1790241444.5632312,5.0,5.0,0.421,0.28
48.682139910000004,1790241444.566183,5.0,5.0,0.28,0.421
48.694903319000005,1790241444.578904,5.0,5.0,0.28,0.421
48.717235705,1790241444.6013956,5.0,5.0,0.421,0.28
48.720775087,1790241444.604804,5.0,5.0,0.28,0.28
48.722695403,1790241444.606672,5.0,5.0,0.421,0.28
48.735677720000005,1790241444.6197345,5.0,5.0,0.28,0.28
48.755790987000005,1790241444.639843,5.0,5.0,0.421,0.28
48.758160627,1790241444.6422179,5.0,5.0,0.421,0.421
48.760447767,1790241444.6444652,5.0,5.0,0.421,0.14
48.776065974000005,1790241444.6601424,5.0,5.0,0.28,0.421
48.795787834,1790241444.6798632,5.0,5.0,0.561,0.28
48.798169088,1790241444.6821637,5.0,5.0,0.421,0.28
48.816147456,1790241444.7002568,5.0,5.0,0.421,0.28
48.818958295,1790241444.7029874,5.0,5.0,0.28,0.28
48.821782623000004,1790241444.7058258,5.0,5.0,0.561,0.28
48.835740358,1790241444.7198536,5.0,5.0,0.421,0.421
48.855783365,1790241444.7398336,5.0,5.0,0.421,0.28
48.858163369,1790241444.742175,5.0,5.0,0.421,0.14
48.875582517000005,1790241444.759708,5.0,5.0,0.421,0.28
48.878802419,1790241444.7628775,5.0,5.0,0.28,0.14
48.881770862,1790241444.765813,5.0,5.0,0.28,0.28
48.894902554000005,1790241444.7789085,5.0,5.0,0.14,0.28
48.917267804000005,1790241444.8014436,5.0,5.0,0.0,0.28
48.920703228,1790241444.8047426,5.0,5.0,0.14,0.28
48.922630679,1790241444.8066103,5.0,5.0,0.14,0.28
48.935336068000005,1790241444.8193896,5.0,5.0,0.14,0.14
48.956607775,1790241444.8408473,5.0,5.0,0.0,0.28
48.960223667,1790241444.8443432,5.0,5.0,0.28,0.28
48.963700914,1790241444.847782,5.0,5.0,0.14,0.421
48.974816299000004,1790241444.858831,5.0,5.0,0.14,0.14
48.997528009,1790241444.8817263,5.0,5.0,0.0,0.28
49.000863536000004,1790241444.884878,5.0,5.0,0.14,0.28
49.002944842000005,1790241444.8869252,5.0,5.0,0.14,0.28
49.015134293,1790241444.8991764,5.0,5.0,0.14,0.28
49.037178814,1790241444.9213443,5.0,5.0,0.0,0.14
49.040725279,1790241444.92492,5.0,5.0,0.0,0.28
49.044221483,1790241444.9283342,5.0,5.0,0.14,0.14
49.054825306000005,1790241444.9388196,5.0,5.0,0.14,0.28
49.077479672,1790241444.9616475,5.0,5.0,0.28,0.14
49.081397544000005,1790241444.9655578,5.0,5.0,0.14,0.28
49.083767131,1790241444.967747,5.0,5.0,0.28,0.14
49.095440695,1790241444.9794986,5.0,5.0,0.14,0.28
49.115814953000005,1790241444.9998708,5.0,5.0,0.28,0.28
49.118210374,1790241445.0022075,5.0,5.0,0.14,0.14
49.136276085000006,1790241445.0204377,5.0,5.0,0.28,0.14
49.139426352,1790241445.0234783,5.0,5.0,0.28,0.28
49.142363232,1790241445.0264037,5.0,5.0,0.28,0.14
49.154983621,1790241445.0389812,5.0,5.0,0.28,0.28
49.177194965000005,1790241445.061356,5.0,5.0,0.14,0.14
49.18074492,1790241445.0648007,5.0,5.0,0.14,0.28
49.182706799,1790241445.0666904,5.0,5.0,0.28,0.28
49.195681615000005,1790241445.0797343,5.0,5.0,0.14,0.14
49.215776966,1790241445.0998342,5.0,5.0,0.28,0.28
49.218245668,1790241445.1023166,5.0,5.0,0.14,0.28
49.220543798,1790241445.1045525,5.0,5.0,0.14,0.28
49.236046379,1790241445.1201484,5.0,5.0,0.14,0.14
49.25558100000001,1790241445.13965,5.0,5.0,0.14,0.28
49.25775465,1790241445.141733,5.0,5.0,0.0,0.14
49.276548696000006,1790241445.1607492,5.0,5.0,0.14,0.14
49.279743077000006,1790241445.1638107,5.0,5.0,0.0,0.14
49.28277313500001,1790241445.166759,5.0,5.0,0.14,0.28
49.295475971,1790241445.1795473,5.0,5.0,0.0,0.28
49.315762989,1790241445.1998184,5.0,5.0,0.14,0.28
49.318152473000005,1790241445.2021685,5.0,5.0,0.14,0.14
49.336360268,1790241445.220505,5.0,5.0,0.14,0.28
49.339498242000005,1790241445.2235677,5.0,5.0,0.28,0.28
49.342460331000005,1790241445.2265255,5.0,5.0,0.28,0.14
49.354872699000005,1790241445.2388852,5.0,5.0,0.14,0.28
49.377365762000004,1790241445.2615142,5.0,5.0,0.28,0.28
49.380737383,1790241445.2647715,5.0,5.0,0.14,0.14
49.382688168,1790241445.2666712,5.0,5.0,0.421,0.14
49.395682828000005,1790241445.279739,5.0,5.0,0.28,0.14
49.41581505400001,1790241445.2998893,5.0,5.0,0.421,0.14
49.418175111000004,1790241445.3022413,5.0,5.0,0.28,0.28
49.420450844,1790241445.3044567,5.0,5.0,0.421,0.28
49.436290926000005,1790241445.320441,5.0,5.0,0.28,0.28
49.455524713,1790241445.3395944,5.0,5.0,0.421,0.421
49.457574873000006,1790241445.341588,5.0,5.0,0.421,0.28
49.476131054,1790241445.360246,5.0,5.0,0.421,0.421
49.47904856,1790241445.3631082,5.0,5.0,0.561,0.421
49.48171096,1790241445.3657243,5.0,5.0,0.421,0.421
49.495604685,1790241445.3796828,5.0,5.0,0.421,0.28
49.515602327,1790241445.399666,5.0,5.0,0.561,0.421
49.51799754,1790241445.4020295,5.0,5.0,0.421,0.421
49.535831376000004,1790241445.4199045,5.0,5.0,0.28,0.14
49.538280287000006,1790241445.4223053,5.0,5.0,0.421,0.28
49.540654875,1790241445.4247239,5.0,5.0,0.421,0.28
49.555548653,1790241445.439624,5.0,5.0,0.421,0.28
49.577063485000004,1790241445.461229,5.0,5.0,0.28,0.28
49.580725784,1790241445.4649484,5.0,5.0,0.28,0.28
49.584229332,1790241445.468305,5.0,5.0,0.421,0.14
49.59483263400001,1790241445.4788275,5.0,5.0,0.14,0.28
49.617310229000005,1790241445.5014522,5.0,5.0,0.28,0.14
49.620887787,1790241445.5049899,5.0,5.0,0.0,0.421
49.623352011,1790241445.5073242,5.0,5.0,0.14,0.28
49.635831774,1790241445.5199032,5.0,5.0,0.0,0.28
49.655814052000004,1790241445.5398695,5.0,5.0,0.0,0.28
49.658183119,1790241445.5422,5.0,5.0,0.0,0.421
49.676134872000006,1790241445.560245,5.0,5.0,0.14,0.28
49.678976856000006,1790241445.5630078,5.0,5.0,0.0,0.28
49.681608059000006,1790241445.5656357,5.0,5.0,0.14,0.28
49.695799805,1790241445.5799103,5.0,5.0,0.14,0.14
49.715566144,1790241445.5996304,5.0,5.0,0.14,0.14
49.717953232000006,1790241445.601967,5.0,5.0,0.28,0.0
49.735799204,1790241445.61987,5.0,5.0,0.28,0.14
49.738198219000004,1790241445.622211,5.0,5.0,0.14,0.14
49.740590463000004,1790241445.6245954,5.0,5.0,0.14,0.28
49.755512054,1790241445.6395497,5.0,5.0,0.0,0.14
49.776508135,1790241445.6608086,5.0,5.0,0.0,0.28
49.780166944,1790241445.664245,5.0,5.0,0.14,0.14
49.783614972,1790241445.667714,5.0,5.0,0.0,0.28
49.794827805000004,1790241445.6788356,5.0,5.0,0.0,0.28
49.817263004000004,1790241445.701429,5.0,5.0,0.0,0.14
49.820732021000005,1790241445.7051055,5.0,5.0,0.0,0.421
49.823546402000005,1790241445.7075267,5.0,5.0,0.0,0.28
49.835671112,1790241445.7197268,5.0,5.0,0.0,0.28
49.855794848,1790241445.73987,5.0,5.0,0.14,0.28
49.858263551,1790241445.7422752,5.0,5.0,0.14,0.421
49.876157595,1790241445.760272,5.0,5.0,0.14,0.28
49.878923330000006,1790241445.7629538,5.0,5.0,0.14,0.28
49.881558751,1790241445.7656043,5.0,5.0,0.14,0.28
49.895771695,1790241445.7798772,5.0,5.0,0.28,0.28
49.915758712000006,1790241445.799824,5.0,5.0,0.14,0.28
49.918462311000006,1790241445.8025994,5.0,5.0,0.28,0.28
49.921192108,1790241445.8052227,5.0,5.0,0.0,0.28
49.935364843,1790241445.8193896,5.0,5.0,0.14,0.28
49.956951291,1790241445.841103,5.0,5.0,0.14,0.14
49.960619579,1790241445.8447783,5.0,5.0,0.28,0.28
49.964081565,1790241445.8481963,5.0,5.0,0.28,0.28
49.974827939,1790241445.8588326,5.0,5.0,0.28,0.28
49.99730668,1790241445.8814895,5.0,5.0,0.28,0.14
50.000530175,1790241445.8845458,5.0,5.0,0.14,0.28
50.002632315,1790241445.8866315,5.0,5.0,0.14,0.14
50.015319006000006,1790241445.8993444,5.0,5.0,0.28,0.14
50.037005088,1790241445.921169,5.0,5.0,0.28,0.28
50.040611606000006,1790241445.9247453,5.0,5.0,0.14,0.14
50.044010518,1790241445.9281342,5.0,5.0,0.28,0.14
50.054933768000005,1790241445.9389544,5.0,5.0,0.14,0.14
50.076628393,1790241445.9608655,5.0,5.0,0.0,0.28
50.079627513000005,1790241445.9637046,5.0,5.0,0.0,0.14
50.082612831000006,1790241445.9666274,5.0,5.0,0.14,0.14
50.095576971,1790241445.979654,5.0,5.0,0.14,0.28
50.115557842,1790241445.999612,5.0,5.0,0.14,0.28
50.117931805000005,1790241446.001945,5.0,5.0,0.421,0.28
50.135761266,1790241446.0198302,5.0,5.0,0.28,0.421
50.138142572,1790241446.0221648,5.0,5.0,0.28,0.28
50.140408775000004,1790241446.0244162,5.0,5.0,0.28,0.421
50.156040575000006,1790241446.0401583,5.0,5.0,0.28,0.421
50.175809831,1790241446.0599344,5.0,5.0,0.28,0.28
50.178272544,1790241446.0622778,5.0,5.0,0.28,0.28
50.196139349000006,1790241446.0802503,5.0,5.0,0.28,0.14
50.198862375000004,1790241446.082906,5.0,5.0,0.421,0.14
50.20143087,1790241446.0854971,5.0,5.0,0.421,0.14
50.215800064,1790241446.099908,5.0,5.0,0.561,0.14
50.235837914,1790241446.119897,5.0,5.0,0.421,0.28
50.238248804,1790241446.122246,5.0,5.0,0.421,0.14
50.256358161,1790241446.1405056,5.0,5.0,0.421,0.28
50.259517334,1790241446.1436057,5.0,5.0,0.421,0.14
50.262476506000006,1790241446.1465607,5.0,5.0,0.561,0.28
50.274869342,1790241446.1588862,5.0,5.0,0.421,0.14
50.297221833,1790241446.1813867,5.0,5.0,0.421,0.28
50.300701891,1790241446.1847496,5.0,5.0,0.28,0.28
50.302659343,1790241446.186643,5.0,5.0,0.28,0.14
50.315670409000006,1790241446.1997125,5.0,5.0,0.28,0.421
50.335525551,1790241446.2195811,5.0,5.0,0.14,0.14
50.337911389000006,1790241446.2219036,5.0,5.0,0.28,0.28
50.355721423000006,1790241446.239804,5.0,5.0,0.14,0.28
50.358145542,1790241446.2421455,5.0,5.0,0.28,0.28
50.376347348,1790241446.260482,5.0,5.0,0.14,0.28
50.379472301,1790241446.2635248,5.0,5.0,0.14,0.28
50.382418192,1790241446.2664585,5.0,5.0,0.14,0.14
50.394891602,1790241446.2788885,5.0,5.0,0.28,0.14
50.417165602000004,1790241446.301329,5.0,5.0,0.14,0.14
50.420715557,1790241446.3047538,5.0,5.0,0.28,0.14
50.422647592000004,1790241446.306614,5.0,5.0,0.14,0.14
50.435705742,1790241446.319748,5.0,5.0,0.14,0.14
50.455781821,1790241446.339848,5.0,5.0,0.14,0.14
50.458174326000005,1790241446.3421705,5.0,5.0,0.14,0.14
50.460564435,1790241446.3445852,5.0,5.0,0.14,0.14
50.475546130000005,1790241446.3595839,5.0,5.0,0.14,0.14
50.496178981,1790241446.38041,5.0,5.0,0.14,0.14
50.500039874,1790241446.3841283,5.0,5.0,0.28,0.14
50.503460349,1790241446.3875704,5.0,5.0,0.14,0.0
50.514853652000006,1790241446.398861,5.0,5.0,0.28,0.14
50.537278695000005,1790241446.4214418,5.0,5.0,0.14,0.0
50.540949848000004,1790241446.4250445,5.0,5.0,0.0,0.0
50.54336849800001,1790241446.4273667,5.0,5.0,0.0,0.0
50.555801178,1790241446.439872,5.0,5.0,0.0,0.0
50.575614809,1790241446.4596715,5.0,5.0,0.0,0.0
50.577826949000006,1790241446.4618387,5.0,5.0,0.0,0.0
50.5959949,1790241446.4800696,5.0,5.0,0.0,0.0
50.598512561,1790241446.4825425,5.0,5.0,0.0,0.0
50.60077938800001,1790241446.4850075,5.0,5.0,0.0,0.0
50.615789521,1790241446.4999,5.0,5.0,0.0,0.0
50.635801747,1790241446.5198596,5.0,5.0,0.0,0.0
50.638222272,1790241446.5222268,5.0,5.0,0.0,0.0
50.65615116,1790241446.540263,5.0,5.0,0.0,0.0
50.658967416,1790241446.5430048,5.0,5.0,0.0,0.0
50.661821431,1790241446.545879,5.0,5.0,0.0,0.0
50.675621405,1790241446.5596943,5.0,5.0,0.0,0.0
50.695767433,1790241446.5798378,5.0,5.0,0.0,0.0
50.698142698000005,1790241446.5821357,5.0,5.0,0.0,0.0
50.716145753000006,1790241446.6002579,5.0,5.0,0.0,0.0
50.718920134,1790241446.6029446,5.0,5.0,0.0,0.0
50.721778368,1790241446.605829,5.0,5.0,0.0,0.0
50.735808239,1790241446.6198914,5.0,5.0,0.0,0.0
50.75581187,1790241446.6398702,5.0,5.0,0.0,0.0
50.758193958,1790241446.6422036,5.0,5.0,0.0,0.0
50.776331805000005,1790241446.6604626,5.0,5.0,0.0,0.0
50.779437592,1790241446.6634917,5.0,5.0,0.0,0.0
50.782384994000004,1790241446.666447,5.0,5.0,0.0,0.0
50.794858976,1790241446.678858,5.0,5.0,0.0,0.0
50.81718756,1790241446.701399,5.0,5.0,0.0,0.14
50.820631108,1790241446.7046695,5.0,5.0,0.0,0.14
50.82256408000001,1790241446.7065332,5.0,5.0,0.0,0.28
50.835842439000004,1790241446.7199016,5.0,5.0,0.0,0.28
50.855766696,1790241446.7398202,5.0,5.0,0.0,0.28
50.858155815,1790241446.742277,5.0,5.0,0.14,0.14
50.860524100000006,1790241446.744518,5.0,5.0,0.0,0.28
50.876044026,1790241446.760123,5.0,5.0,0.0,0.28
50.895823803000006,1790241446.7798808,5.0,5.0,0.0,0.28
50.898507037,1790241446.782651,5.0,5.0,0.0,0.28
50.901759387000006,1790241446.7858248,5.0,5.0,0.0,0.28
50.915728632000004,1790241446.7997923,5.0,5.0,0.0,0.14
50.936872683000004,1790241446.8209903,5.0,5.0,0.14,0.14
50.940032272,1790241446.8240798,5.0,5.0,0.0,0.28
50.942990715,1790241446.8269844,5.0,5.0,0.28,0.28
50.95561225,1790241446.8396683,5.0,5.0,0.701,0.841
50.975794059,1790241446.8598661,5.0,5.0,0.982,1.122
50.97819890700001,1790241446.8621976,5.0,5.0,1.543,1.683
50.996174775,1790241446.8802812,5.0,5.0,1.963,2.244
50.999013999000006,1790241446.8830616,5.0,5.0,2.524,2.805
51.001846400000005,1790241446.8858986,5.0,5.0,3.085,3.085
51.015652051000004,1790241446.899735,5.0,5.0,3.646,3.646
51.035818444,1790241446.9198775,5.0,5.0,3.927,4.207
51.038236052,1790241446.9222386,5.0,5.0,4.348,4.488
51.056327337000006,1790241446.9404645,5.0,5.0,4.628,4.628
51.059565676000005,1790241446.9436681,5.0,5.0,4.768,4.909
51.062564797,1790241446.94662,5.0,5.0,4.909,5.189
51.074964976000004,1790241446.9589865,5.0,5.0,5.189,5.189
51.096885174,1790241446.9810066,5.0,5.0,5.329,5.189
51.100046482,1790241446.9841342,5.0,5.0,5.189,5.47
51.102102007000006,1790241446.9861062,5.0,5.0,5.329,5.329
51.11559922,1790241446.999661,5.0,5.0,5.47,5.049
51.135796706,1790241447.0198538,5.0,5.0,5.189,5.329
51.138177596000006,1790241447.0223138,5.0,5.0,5.189,5.049
51.140563122,1790241447.0245857,5.0,5.0,5.329,4.909
51.155768880000004,1790241447.0398858,5.0,5.0,5.049,4.909
51.17581808400001,1790241447.0598752,5.0,5.0,4.909,4.909
51.178312985000005,1790241447.0623424,5.0,5.0,5.049,4.488
51.196135467000005,1790241447.0802436,5.0,5.0,4.768,4.768
51.198882607,1790241447.082927,5.0,5.0,4.768,4.628
51.20170782100001,1790241447.0857582,5.0,5.0,4.768,4.348
51.215682014,1790241447.09976,5.0,5.0,4.768,4.348
51.235906688,1790241447.1199706,5.0,5.0,4.488,4.488
51.238318672000005,1790241447.12234,5.0,5.0,4.628,4.067
51.256138602,1790241447.1402466,5.0,5.0,4.488,4.067
51.258884128000005,1790241447.1429303,5.0,5.0,4.348,4.207
51.261490955000006,1790241447.1455386,5.0,5.0,4.348,4.067
51.275653326000004,1790241447.159749,5.0,5.0,4.488,4.067
51.295801073,1790241447.1798549,5.0,5.0,4.207,4.067
51.298178369000006,1790241447.1821911,5.0,5.0,3.927,4.207
51.316309653000005,1790241447.2004578,5.0,5.0,4.207,4.348
51.31955820100001,1790241447.2036543,5.0,5.0,4.348,4.348
51.322557217,1790241447.2066267,5.0,5.0,3.927,4.488
51.334905574000004,1790241447.218902,5.0,5.0,3.927,4.768
51.357171918000006,1790241447.24135,5.0,5.0,4.207,4.909
51.360730727,1790241447.244766,5.0,5.0,4.207,5.189
51.362662554,1790241447.2466383,5.0,5.0,3.927,5.61
51.37564981800001,1790241447.2597067,5.0,5.0,4.207,5.61
51.395852721000004,1790241447.2799065,5.0,5.0,4.488,5.75
51.398233975000004,1790241447.2823598,5.0,5.0,4.348,5.75
51.400620699,1790241447.2846146,5.0,5.0,4.348,5.61
51.41604104,1790241447.3001382,5.0,5.0,4.348,5.61
51.435584307000006,1790241447.3196275,5.0,5.0,4.628,5.61
51.437799675,1790241447.3218036,5.0,5.0,4.628,5.47
51.456145179,1790241447.3402433,5.0,5.0,4.348,5.329
51.458903466,1790241447.3429344,5.0,5.0,3.927,4.628
51.461507533,1790241447.34557,5.0,5.0,3.506,4.207
51.475744122,1790241447.3598585,5.0,5.0,2.805,3.226
51.495824369000005,1790241447.3798797,5.0,5.0,2.244,2.665
51.498199009000004,1790241447.3822124,5.0,5.0,1.963,2.384
51.516236595,1790241447.400348,5.0,5.0,1.683,1.823
51.519000923,1790241447.4030325,5.0,5.0,1.262,1.122
51.521616293,1790241447.4056466,5.0,5.0,0.561,0.701
51.536067622000004,1790241447.420166,5.0,5.0,0.14,0.421
51.55585792,1790241447.4399204,5.0,5.0,0.14,0.14
51.558241571,1790241447.4422514,5.0,5.0,0.0,0.28
51.576165615,1790241447.460267,5.0,5.0,0.0,0.0
51.579030881,1790241447.4630847,5.0,5.0,0.0,0.0
51.581636146,1790241447.4656336,5.0,5.0,0.0,0.0
51.59558534000001,1790241447.4796593,5.0,5.0,0.0,0.0
51.61576834700001,1790241447.499825,5.0,5.0,0.0,0.0
51.618165955,1790241447.5021837,5.0,5.0,0.0,0.14
51.636324375,1790241447.5204704,5.0,5.0,0.14,0.0
51.639578756000006,1790241447.5236394,5.0,5.0,0.0,0.0
51.64251121,1790241447.5265694,5.0,5.0,0.0,0.0
51.654887952,1790241447.538904,5.0,5.0,0.0,0.0
51.677203411,1790241447.5613663,5.0,5.0,0.0,0.0
51.680640188000005,1790241447.5646682,5.0,5.0,0.0,0.0
51.682571598,1790241447.5665584,5.0,5.0,0.14,0.0
51.695670529000004,1790241447.5797129,5.0,5.0,0.28,0.0
51.715814266,1790241447.5998924,5.0,5.0,0.14,0.0
51.718294583,1790241447.6023037,5.0,5.0,0.28,0.0
51.720544483000005,1790241447.6045494,5.0,5.0,0.14,0.0
51.736036752000004,1790241447.6201155,5.0,5.0,0.28,0.0
51.755550956,1790241447.6395936,5.0,5.0,0.28,0.0
51.758000596,1790241447.642006,5.0,5.0,0.28,0.0
51.775768494000005,1790241447.6598182,5.0,5.0,0.421,0.14
51.778161676,1790241447.6622155,5.0,5.0,0.421,0.14
51.780447409000004,1790241447.6644523,5.0,5.0,0.701,0.28
51.796044835000004,1790241447.680139,5.0,5.0,0.701,0.28
51.815561122000005,1790241447.699612,5.0,5.0,0.841,0.421
51.817737272,1790241447.7017224,5.0,5.0,0.841,0.421
51.836608037000005,1790241447.7208018,5.0,5.0,0.841,0.561
51.839818928,1790241447.723872,5.0,5.0,0.982,0.561
51.842600600000004,1790241447.7265854,5.0,5.0,0.841,0.421
51.855809636000004,1790241447.7399049,5.0,5.0,0.982,0.561
51.875764361,1790241447.7598293,5.0,5.0,0.841,0.701
51.878152438,1790241447.762148,5.0,5.0,1.122,0.701
51.896139139000006,1790241447.78025,5.0,5.0,0.982,0.701
51.898899665,1790241447.7829287,5.0,5.0,0.982,0.841
51.901507222000006,1790241447.7854986,5.0,5.0,1.122,0.841
51.915775947,1790241447.7998993,5.0,5.0,1.122,0.841
51.935821767,1790241447.8198752,5.0,5.0,1.122,0.982
51.938223854,1790241447.8222253,5.0,5.0,1.262,0.841
51.956119722000004,1790241447.8402274,5.0,5.0,1.262,0.982
51.958844831,1790241447.842885,5.0,5.0,1.402,0.982
51.961405669,1790241447.845467,5.0,5.0,1.402,0.982
51.975793249000006,1790241447.859915,5.0,5.0,1.402,0.982
51.995819797,1790241447.8798783,5.0,5.0,1.402,0.841
51.998211312,1790241447.8822277,5.0,5.0,1.402,0.982
52.016019575,1790241447.9001455,5.0,5.0,1.543,0.982
52.019293071,1790241447.9033537,5.0,5.0,1.402,0.982
52.022267816,1790241447.9063296,5.0,5.0,1.543,1.122
52.034908830000006,1790241447.919167,5.0,5.0,1.402,0.982
52.056577621,1790241447.9408007,5.0,5.0,1.402,0.982
52.05982241900001,1790241447.943915,5.0,5.0,1.543,0.982
52.061934975,1790241447.9459414,5.0,5.0,1.402,0.982
52.075842136000006,1790241447.9599617,5.0,5.0,1.402,0.982
52.095764674,1790241447.9798205,5.0,5.0,1.543,0.982
52.098168273000006,1790241447.9823015,5.0,5.0,1.543,0.982
52.100550985000005,1790241447.9845605,5.0,5.0,1.543,0.982
52.116145338,1790241448.0002246,5.0,5.0,1.402,0.982
52.135591156000004,1790241448.0196357,5.0,5.0,1.543,0.982
52.13777616,1790241448.0217679,5.0,5.0,1.543,0.982
52.156539737,1790241448.040744,5.0,5.0,1.402,0.982
52.15982391,1790241448.043931,5.0,5.0,1.543,0.982
52.162694905,1790241448.0467062,5.0,5.0,1.402,0.982
52.175586336,1790241448.059639,5.0,5.0,1.543,0.982
52.19579069700001,1790241448.0798469,5.0,5.0,1.402,0.982
52.198154087000006,1790241448.082167,5.0,5.0,1.543,0.982
52.216040892,1790241448.1002078,5.0,5.0,1.402,0.841
52.219183815,1790241448.103243,5.0,5.0,1.543,0.982
52.222150799000005,1790241448.1061926,5.0,5.0,1.543,0.982
52.234876865000004,1790241448.1188762,5.0,5.0,1.402,0.982
52.256169041,1790241448.1402578,5.0,5.0,1.543,0.982
52.259182224,1790241448.143209,5.0,5.0,1.402,0.841
52.261522801000005,1790241448.145521,5.0,5.0,1.402,0.841
52.275360275000004,1790241448.1593883,5.0,5.0,1.402,0.982
52.296577034,1790241448.1807897,5.0,5.0,1.543,0.841
52.29980839500001,1790241448.1838808,5.0,5.0,1.402,0.841
52.302610848,1790241448.1865935,5.0,5.0,1.402,0.841
52.315854727,1790241448.1999137,5.0,5.0,1.543,0.841
52.335583931,1790241448.2196214,5.0,5.0,1.402,0.841
52.337949300000005,1790241448.2219632,5.0,5.0,1.543,0.841
52.355764230000005,1790241448.2398195,5.0,5.0,1.402,0.841
52.358275276,1790241448.2424543,5.0,5.0,1.402,0.841
52.36070825,1790241448.2447522,5.0,5.0,1.402,0.841
52.376048696000005,1790241448.2601376,5.0,5.0,1.262,0.701
52.39582149300001,1790241448.2798762,5.0,5.0,1.262,0.841
52.398270248,1790241448.2822726,5.0,5.0,1.402,0.841
52.416126792,1790241448.3002396,5.0,5.0,1.402,0.841
52.418966537,1790241448.3030083,5.0,5.0,1.262,0.841
52.421613053,1790241448.3056424,5.0,5.0,1.402,0.701
52.435848549000006,1790241448.320012,5.0,5.0,1.262,0.841
52.455528117,1790241448.339559,5.0,5.0,1.402,0.841
52.457698382000004,1790241448.3417227,5.0,5.0,1.262,0.841
52.475793208000006,1790241448.359848,5.0,5.0,1.262,0.841
52.478223421,1790241448.3622365,5.0,5.0,1.122,0.841
52.496130121,1790241448.3802397,5.0,5.0,1.122,0.841
52.498870387000004,1790241448.382905,5.0,5.0,1.122,0.841
52.501724559,1790241448.3857563,5.0,5.0,1.262,0.701
52.515927503,1790241448.3999896,5.0,5.0,1.122,0.841
52.535780821,1790241448.4198503,5.0,5.0,1.122,0.841
52.538183899,1790241448.4221845,5.0,5.0,1.122,0.701
52.556579298,1790241448.4407554,5.0,5.0,1.262,0.841
52.559395918,1790241448.4434538,5.0,5.0,1.122,0.841
52.562294205,1790241448.4463122,5.0,5.0,1.262,0.701
52.575572251000004,1790241448.4596417,5.0,5.0,1.122,0.841
52.595561456000006,1790241448.4796257,5.0,5.0,0.982,0.701
52.597953127000004,1790241448.4819665,5.0,5.0,1.122,0.561
52.615877953,1790241448.4999511,5.0,5.0,0.841,0.561
52.618291759,1790241448.5023034,5.0,5.0,0.841,0.561
52.620546399000006,1790241448.5045598,5.0,5.0,0.841,0.561
52.635504761,1790241448.5195427,5.0,5.0,0.841,0.561
52.657036989000005,1790241448.5411832,5.0,5.0,0.701,0.561
52.6606121,1790241448.5447788,5.0,5.0,0.841,0.561
52.664141169000004,1790241448.5482318,5.0,5.0,0.841,0.561
52.674855148000006,1790241448.5588489,5.0,5.0,0.701,0.421
52.69720357600001,1790241448.581366,5.0,5.0,0.982,0.561
52.700716239,1790241448.584868,5.0,5.0,0.841,0.561
52.703296556000005,1790241448.5872846,5.0,5.0,0.841,0.561
52.715823559,1790241448.5998805,5.0,5.0,0.982,0.421
52.735769586,1790241448.6198406,5.0,5.0,0.982,0.701
52.738159955,1790241448.6221576,5.0,5.0,0.982,0.421
52.756152490000005,1790241448.6402538,5.0,5.0,0.982,0.421
52.758845151,1790241448.6428757,5.0,5.0,0.841,0.561
52.77611039200001,1790241448.6601896,5.0,5.0,0.982,0.421
52.778793366,1790241448.6628382,5.0,5.0,0.841,0.421
52.795139386,1790241448.6791558,5.0,5.0,0.841,0.561
52.797122932,1790241448.6811035,5.0,5.0,0.841,0.28
52.816121562000006,1790241448.7002158,5.0,5.0,0.701,0.421
52.818879275,1790241448.7029073,5.0,5.0,0.701,0.421
52.82166521800001,1790241448.7056952,5.0,5.0,0.701,0.421
52.836034881,1790241448.7201166,5.0,5.0,0.421,0.28
52.855809137,1790241448.7398653,5.0,5.0,0.561,0.28
52.858163725000004,1790241448.7421594,5.0,5.0,0.561,0.28
52.876268134,1790241448.7604084,5.0,5.0,0.421,0.14
52.879386525,1790241448.763458,5.0,5.0,0.421,0.28
52.882320021000005,1790241448.7663612,5.0,5.0,0.421,0.28
52.894867857,1790241448.7788901,5.0,5.0,0.421,0.14
52.916389773000006,1790241448.8004773,5.0,5.0,0.28,0.14
52.919284309000005,1790241448.8033783,5.0,5.0,0.421,0.14
52.921545616,1790241448.80555,5.0,5.0,0.28,0.0
52.935573142,1790241448.8196156,5.0,5.0,0.28,0.0
52.956608026000005,1790241448.8408408,5.0,5.0,0.14,0.0
52.96035980400001,1790241448.84445,5.0,5.0,0.28,0.0
52.963828196,1790241448.8479095,5.0,5.0,0.28,0.0
52.974833009,1790241448.858826,5.0,5.0,0.14,0.0
52.997265811000005,1790241448.8814607,5.0,5.0,0.14,0.0
53.000606078000004,1790241448.8845952,5.0,5.0,0.14,0.0
53.002528634,1790241448.8865113,5.0,5.0,0.14,0.0
53.015231106,1790241448.899277,5.0,5.0,0.0,0.0
53.037152398,1790241448.9212976,5.0,5.0,0.0,0.0
53.040930582,1790241448.9250898,5.0,5.0,0.0,0.0
53.044355797,1790241448.9284446,5.0,5.0,0.0,0.0
53.054914358000005,1790241448.9389503,5.0,5.0,0.0,0.0
53.076333982,1790241448.9604454,5.0,5.0,0.0,0.0
53.079102425,1790241448.9631422,5.0,5.0,0.0,0.0
53.081367117000006,1790241448.965365,5.0,5.0,0.0,0.0
53.095605217000006,1790241448.979663,5.0,5.0,0.0,0.0
53.117001351000006,1790241449.0011456,5.0,5.0,0.0,0.0
53.120656566,1790241449.004826,5.0,5.0,0.0,0.0
53.124108865000004,1790241449.0082085,5.0,5.0,0.0,0.0
53.134845708,1790241449.0188434,5.0,5.0,0.0,0.0
53.157455907000006,1790241449.0416088,5.0,5.0,0.0,0.0
53.161424196000006,1790241449.0455446,5.0,5.0,0.0,0.0
53.163768575000006,1790241449.0477624,5.0,5.0,0.0,0.0
53.1756874,1790241449.059754,5.0,5.0,0.0,0.0
53.195654521,1790241449.0796957,5.0,5.0,0.0,0.0
53.198041505000006,1790241449.082064,5.0,5.0,0.0,0.0
53.215762215000005,1790241449.0998335,5.0,5.0,0.0,0.0
53.218158835000004,1790241449.1022825,5.0,5.0,0.0,0.0
53.220531079000004,1790241449.1045392,5.0,5.0,0.0,0.0
53.235934493,1790241449.1200354,5.0,5.0,0.0,0.0
53.255589478000005,1790241449.1396315,5.0,5.0,0.0,0.0
53.257987087000004,1790241449.1420052,5.0,5.0,0.0,0.0
53.275800142,1790241449.1598725,5.0,5.0,0.0,0.0
53.278200823000006,1790241449.1622767,5.0,5.0,0.0,0.0
53.280521297,1790241449.1645212,5.0,5.0,0.0,0.0
53.296028357000004,1790241449.1801078,5.0,5.0,0.0,0.0
53.315815634,1790241449.1998897,5.0,5.0,0.0,0.0
53.318198816000006,1790241449.2021933,5.0,5.0,0.0,0.0
53.336049891,1790241449.2201767,5.0,5.0,0.0,0.0
53.339255158,1790241449.22335,5.0,5.0,0.0,0.0
53.342230372,1790241449.2262905,5.0,5.0,0.0,0.0
53.354870865,1790241449.2388883,5.0,5.0,0.0,0.0
53.377249136,1790241449.2614121,5.0,5.0,0.0,0.0
53.38149029,1790241449.2656703,5.0,5.0,0.0,0.0
53.38386774200001,1790241449.2680037,5.0,5.0,0.0,0.0
53.395847713,1790241449.2798479,5.0,5.0,0.0,0.0
53.416889316,1790241449.3009984,5.0,5.0,0.0,0.0
53.419980051,1790241449.3040287,5.0,5.0,0.0,0.0
53.422905212,1790241449.3068855,5.0,5.0,0.14,0.14
53.435516642,1790241449.319575,5.0,5.0,0.421,0.421
53.455778764,1790241449.3398476,5.0,5.0,0.982,0.701
53.458188821,1790241449.3421903,5.0,5.0,1.543,1.543
53.476611147,1790241449.3608017,5.0,5.0,1.823,1.823
53.479711153000004,1790241449.3637648,5.0,5.0,2.384,2.384
53.48248095,1790241449.3664722,5.0,5.0,2.945,2.665
53.49549295400001,1790241449.3795698,5.0,5.0,3.226,3.366
53.51565044,1790241449.3996935,5.0,5.0,3.506,3.646
53.51803883,1790241449.4020574,5.0,5.0,3.927,4.207
53.535783083000005,1790241449.419839,5.0,5.0,4.348,4.348
53.53816324300001,1790241449.4221597,5.0,5.0,4.628,4.628
53.556394267,1790241449.4405563,5.0,5.0,4.488,4.909
53.560026983,1790241449.4442012,5.0,5.0,4.909,5.189
53.563551729000004,1790241449.4476323,5.0,5.0,5.049,5.049
53.574856698000005,1790241449.4588504,5.0,5.0,5.049,5.47
53.597081011,1790241449.4812386,5.0,5.0,5.049,5.47
53.600305809000005,1790241449.4843564,5.0,5.0,5.329,5.329
53.603081283,1790241449.4870765,5.0,5.0,5.189,5.329
53.615534848,1790241449.499593,5.0,5.0,5.189,5.47
53.635777595,1790241449.5198336,5.0,5.0,5.189,5.329
53.638169943,1790241449.522185,5.0,5.0,5.189,5.189
53.655902477000005,1790241449.5400097,5.0,5.0,5.049,5.47
53.659008993,1790241449.543088,5.0,5.0,5.329,5.049
53.676342464,1790241449.5605962,5.0,5.0,5.049,5.049
53.680067575,1790241449.5642037,5.0,5.0,4.909,5.189
53.683572009,1790241449.567671,5.0,5.0,5.189,4.909
53.694868124,1790241449.578866,5.0,5.0,5.049,4.909
53.717231968,1790241449.6014235,5.0,5.0,4.768,5.189
53.72101489200001,1790241449.6050515,5.0,5.0,5.049,4.909
53.72296385400001,1790241449.606949,5.0,5.0,5.049,5.049
53.735541690000005,1790241449.6195838,5.0,5.0,4.628,5.049
53.75657298,1790241449.640843,5.0,5.0,4.909,4.909
53.760197154000004,1790241449.6442761,5.0,5.0,5.049,4.768
53.763610702,1790241449.6477056,5.0,5.0,4.628,5.049
53.774839317,1790241449.658836,5.0,5.0,4.768,5.049
53.797187276,1790241449.6813653,5.0,5.0,5.049,4.909
53.800712491000006,1790241449.685116,5.0,5.0,4.768,5.049
53.803444632,1790241449.6874423,5.0,5.0,4.768,5.049
53.815463509000004,1790241449.699536,5.0,5.0,4.909,5.049
53.835570578,1790241449.7196295,5.0,5.0,4.768,5.049
53.837980687000005,1790241449.7219834,5.0,5.0,4.768,5.189
53.855757335,1790241449.7398102,5.0,5.0,5.049,4.909
53.858124735000004,1790241449.7421403,5.0,5.0,4.768,5.189
53.876319457,1790241449.76048,5.0,5.0,4.768,5.189
53.879899412,1790241449.7640889,5.0,5.0,5.049,4.909
53.883461346000004,1790241449.7675588,5.0,5.0,4.909,5.049
53.894844701000004,1790241449.778843,5.0,5.0,4.768,5.189
53.91700766,1790241449.8011837,5.0,5.0,5.049,5.049
53.920071311,1790241449.8041067,5.0,5.0,5.049,4.909
53.922242461,1790241449.8062365,5.0,5.0,4.488,5.049
53.935311705000004,1790241449.8193502,5.0,5.0,4.207,4.207
53.957241538000005,1790241449.8414025,5.0,5.0,3.787,3.787
53.960772847,1790241449.84497,5.0,5.0,2.945,3.226
53.962859882000004,1790241449.8468359,5.0,5.0,2.384,2.665
53.975479958,1790241449.859565,5.0,5.0,1.963,2.244
53.995813226,1790241449.8798673,5.0,5.0,1.543,1.823
53.998193282,1790241449.8822227,5.0,5.0,1.262,1.543
54.016296389000004,1790241449.9004388,5.0,5.0,0.982,0.841
54.019861865,1790241449.9041455,5.0,5.0,0.561,0.561
54.023439997000004,1790241449.9075425,5.0,5.0,0.0,0.28
54.034835956,1790241449.9188337,5.0,5.0,0.14,0.14
54.057437405,1790241449.9415965,5.0,5.0,0.28,0.14
54.061013922,1790241449.9450324,5.0,5.0,0.0,0.0
54.06292267600001,1790241449.9468913,5.0,5.0,0.0,0.0
54.075279939000005,1790241449.9593184,5.0,5.0,0.0,0.0
54.097076178,1790241449.9812226,5.0,5.0,0.0,0.14
54.100764883000004,1790241449.9849145,5.0,5.0,0.14,0.0
54.104192025,1790241449.9882596,5.0,5.0,0.14,0.0
54.115139806,1790241449.999176,5.0,5.0,0.14,0.0
54.136589013000005,1790241450.020831,5.0,5.0,0.14,0.0
54.139798342000006,1790241450.023859,5.0,5.0,0.0,0.0
54.141994544000006,1790241450.0259893,5.0,5.0,0.14,0.0
54.155542539,1790241450.039611,5.0,5.0,0.14,0.14
54.17653362,1790241450.060767,5.0,5.0,0.14,0.14
54.180157481,1790241450.0642514,5.0,5.0,0.14,0.14
54.183613217,1790241450.0677285,5.0,5.0,0.28,0.14
54.194850426,1790241450.078846,5.0,5.0,0.28,0.28
54.217240572,1790241450.1013873,5.0,5.0,0.561,0.28
54.220729641000005,1790241450.1049404,5.0,5.0,0.421,0.421
54.222825687000004,1790241450.1067886,5.0,5.0,0.421,0.421
54.235456701000004,1790241450.119539,5.0,5.0,0.421,0.421
54.255640697000004,1790241450.1396835,5.0,5.0,0.561,0.561
54.258015545000006,1790241450.1420515,5.0,5.0,0.421,0.561
54.27576813100001,1790241450.1598399,5.0,5.0,0.561,0.561
54.278499178000004,1790241450.1627157,5.0,5.0,0.701,0.701
54.294820771000005,1790241450.17883,5.0,5.0,0.701,0.701
54.296864317,1790241450.1809008,5.0,5.0,0.701,0.701
54.316682011000005,1790241450.2009308,5.0,5.0,0.701,0.701
54.320453216000004,1790241450.2045503,5.0,5.0,0.701,0.982
54.323884524,1790241450.20798,5.0,5.0,0.982,1.122
54.334861108000005,1790241450.2188575,5.0,5.0,1.543,1.683
54.357210994000006,1790241450.241367,5.0,5.0,1.963,2.104
54.360887928000004,1790241450.2450001,5.0,5.0,2.524,2.945
54.362844494,1790241450.246807,5.0,5.0,2.945,3.226
54.375475403,1790241450.259556,5.0,5.0,3.366,3.366
54.395761536,1790241450.2798183,5.0,5.0,3.506,4.067
54.39817419600001,1790241450.2821882,5.0,5.0,4.067,4.488
54.416293293,1790241450.3004298,5.0,5.0,4.628,5.049
54.419828092,1790241450.3039668,5.0,5.0,4.768,5.47
54.423312890000005,1790241450.3073933,5.0,5.0,4.909,5.61
54.434856141000004,1790241450.3188555,5.0,5.0,5.049,5.61
54.456144931000004,1790241450.3402417,5.0,5.0,5.329,5.75
54.459135666,1790241450.3432086,5.0,5.0,5.189,5.89
54.461571296,1790241450.3455737,5.0,5.0,5.189,5.89
54.475325593,1790241450.3593538,5.0,5.0,5.47,5.89
54.496597456,1790241450.380838,5.0,5.0,5.61,5.89
54.500334494,1790241450.3844416,5.0,5.0,5.329,5.75
54.503836532,1790241450.3879786,5.0,5.0,5.47,5.61
54.514830355,1790241450.3988361,5.0,5.0,5.47,5.47
54.537276387000006,1790241450.4214365,5.0,5.0,5.47,5.47
54.540907540000006,1790241450.4250274,5.0,5.0,5.329,5.47
54.542908012000005,1790241450.4268818,5.0,5.0,5.47,5.329
54.55553887000001,1790241450.439615,5.0,5.0,5.329,5.189
54.575633543,1790241450.4596875,5.0,5.0,5.47,5.189
54.578002402,1790241450.4620056,5.0,5.0,5.329,5.189
54.595752123000004,1790241450.479829,5.0,5.0,5.329,4.909
54.598138221000006,1790241450.4821336,5.0,5.0,5.329,4.909
54.616092943000005,1790241450.5002205,5.0,5.0,5.329,4.909
54.619211751,1790241450.503259,5.0,5.0,5.329,4.909
54.634882614000006,1790241450.5188923,5.0,5.0,5.189,4.909
54.636396940000004,1790241450.5203426,5.0,5.0,5.189,4.768
54.656537967000006,1790241450.5407338,5.0,5.0,5.189,4.768
54.659585004,1790241450.5436409,5.0,5.0,5.049,4.909
54.675647691,1790241450.5597227,5.0,5.0,4.909,4.628
54.678309727000006,1790241450.562325,5.0,5.0,5.049,4.628
54.695127884,1790241450.5791402,5.0,5.0,4.909,4.768
54.69709143,1790241450.5810766,5.0,5.0,5.049,4.768
54.71614537200001,1790241450.6002212,5.0,5.0,4.909,4.768
54.718810950000005,1790241450.6028242,5.0,5.0,5.049,4.768
54.735915618,1790241450.6200223,5.0,5.0,4.768,4.768
54.738950832,1790241450.6229928,5.0,5.0,4.909,4.628
54.755014925000005,1790241450.6390212,5.0,5.0,4.768,4.768
54.756641334,1790241450.6405833,5.0,5.0,4.768,4.909
54.776169548000006,1790241450.6602633,5.0,5.0,4.909,4.768
54.778814449,1790241450.6628442,5.0,5.0,4.768,4.768
54.781788465000005,1790241450.6658473,5.0,5.0,4.768,4.768
54.795899481000006,1790241450.6799917,5.0,5.0,4.768,4.768
54.819205776000004,1790241450.7032354,5.0,5.0,4.768,4.628
54.821246092,1790241450.705241,5.0,5.0,4.909,4.909
54.82352984600001,1790241450.7075682,5.0,5.0,4.488,4.768
54.834854816,1790241450.718853,5.0,5.0,4.207,4.067
54.857456838000004,1790241450.7416162,5.0,5.0,3.787,3.927
54.861173251000004,1790241450.745265,5.0,5.0,3.226,3.366
54.863142838,1790241450.7471278,5.0,5.0,2.805,2.945
54.875591351000004,1790241450.7596514,5.0,5.0,2.805,2.805
54.895488628,1790241450.7795196,5.0,5.0,2.945,2.945
54.89746035100001,1790241450.781469,5.0,5.0,2.945,3.085
54.917429972,1790241450.8016348,5.0,5.0,3.085,3.085
54.92128133400001,1790241450.8054585,5.0,5.0,3.085,3.226
54.925105455,1790241450.8092344,5.0,5.0,2.805,2.665
54.934986985,1790241450.818992,5.0,5.0,2.665,2.524
54.96028552200001,1790241450.8443606,5.0,5.0,2.945,2.805
54.962518755000005,1790241450.8464932,5.0,5.0,3.226,3.366
54.964085321000006,1790241450.848072,5.0,5.0,3.506,3.506
54.975130967000005,1790241450.8591719,5.0,5.0,3.646,3.646
54.996186111,1790241450.880268,5.0,5.0,3.646,3.787
54.998845491000004,1790241450.882882,5.0,5.0,3.927,4.067
55.01593208600001,1790241450.9000366,5.0,5.0,4.207,4.488
55.018992925000006,1790241450.9030356,5.0,5.0,4.348,4.488
55.035021757,1790241450.9190295,5.0,5.0,4.488,4.628
55.03664624,1790241450.9206007,5.0,5.0,4.628,4.909
55.05613940200001,1790241450.940234,5.0,5.0,4.768,4.909
55.058828157,1790241450.9428627,5.0,5.0,4.768,5.049
55.075886783,1790241450.960007,5.0,5.0,4.909,5.329
55.078955174,1790241450.9630008,5.0,5.0,4.909,5.329
55.097253802000004,1790241450.9814346,5.0,5.0,5.049,5.329
55.101209852000004,1790241450.9853773,5.0,5.0,5.049,5.47
55.10477683800001,1790241450.9888675,5.0,5.0,5.049,5.329
55.115050242,1790241450.99906,5.0,5.0,5.049,5.329
55.137434243,1790241451.0215962,5.0,5.0,5.049,5.329
55.14123862500001,1790241451.0253985,5.0,5.0,5.189,5.329
55.143580661,1790241451.0275593,5.0,5.0,5.049,5.049
55.155476829,1790241451.0395544,5.0,5.0,5.049,5.329
55.175788430000004,1790241451.0598438,5.0,5.0,5.189,5.049
55.178203799,1790241451.0621986,5.0,5.0,4.909,5.189
55.19659857400001,1790241451.080837,5.0,5.0,5.049,5.049
55.199805976,1790241451.0838745,5.0,5.0,5.049,4.909
55.202923846000004,1790241451.086948,5.0,5.0,4.768,4.909
55.215470589000006,1790241451.099528,5.0,5.0,4.909,4.909
55.235779377,1790241451.1198366,5.0,5.0,4.909,4.909
55.238218549,1790241451.1222205,5.0,5.0,4.768,4.628
55.256389729000006,1790241451.1404681,5.0,5.0,4.628,4.909
55.259031661,1790241451.1430502,5.0,5.0,4.768,4.909
55.276267162,1790241451.1603734,5.0,5.0,4.768,4.768
55.279318366000005,1790241451.1633775,5.0,5.0,4.628,4.768
55.294914333,1790241451.1789083,5.0,5.0,4.909,4.768
55.296402096,1790241451.1803434,5.0,5.0,4.768,4.628
55.316148957,1790241451.2002497,5.0,5.0,4.768,4.768
55.318819639000004,1790241451.2028515,5.0,5.0,4.628,4.628
55.335895296000004,1790241451.2200358,5.0,5.0,4.768,4.628
55.338922854,1790241451.223003,5.0,5.0,4.488,4.488
55.356320960000005,1790241451.2405088,5.0,5.0,4.628,4.768
55.360005967000006,1790241451.2441165,5.0,5.0,4.768,4.628
55.363451911000006,1790241451.2475479,5.0,5.0,4.488,4.488
55.374844797,1790241451.2588432,5.0,5.0,4.628,4.628
55.397471298000006,1790241451.2816346,5.0,5.0,4.768,4.628
55.401055732,1790241451.285192,5.0,5.0,4.909,4.628
55.403363080000005,1790241451.2873373,5.0,5.0,4.909,4.628
55.415452165000005,1790241451.2995405,5.0,5.0,4.909,4.768
55.436193715,1790241451.3203087,5.0,5.0,5.189,4.628
55.438798772000005,1790241451.322841,5.0,5.0,5.329,4.628
55.456363233000005,1790241451.34044,5.0,5.0,5.47,4.628
55.459042977,1790241451.3430827,5.0,5.0,5.61,4.488
55.461833972,1790241451.3458722,5.0,5.0,5.61,4.628
55.475663582,1790241451.3597658,5.0,5.0,5.61,4.488
55.495824661,1790241451.3798776,5.0,5.0,5.47,4.768
55.498245916,1790241451.3822489,5.0,5.0,5.47,4.768
55.516106731,1790241451.4002604,5.0,5.0,5.189,5.049
55.519215747000004,1790241451.4032583,5.0,5.0,5.049,5.47
55.522192524000005,1790241451.4062424,5.0,5.0,5.049,5.47
55.534899058,1790241451.4189467,5.0,5.0,5.049,5.61
55.557318476000006,1790241451.4414816,5.0,5.0,4.768,6.031
55.561276244000005,1790241451.4453154,5.0,5.0,4.628,6.031
55.563103539000004,1790241451.4470775,5.0,5.0,4.628,6.171
55.575611948,1790241451.4596672,5.0,5.0,4.768,6.311
55.595583496,1790241451.4796174,5.0,5.0,4.488,6.311
55.597959647,1790241451.4819627,5.0,5.0,4.768,6.311
55.615787545,1790241451.4998562,5.0,5.0,4.909,6.311
55.61816833100001,1790241451.5021653,5.0,5.0,4.909,6.311
55.635944198000004,1790241451.5200498,5.0,5.0,5.049,6.031
55.638991495000006,1790241451.5230565,5.0,5.0,5.049,6.031
55.655021317000006,1790241451.5390284,5.0,5.0,4.768,5.75
55.656634028000006,1790241451.5405734,5.0,5.0,4.488,5.329
55.67613213800001,1790241451.5602279,5.0,5.0,4.067,4.628
55.678797873,1790241451.5628476,5.0,5.0,3.226,3.927
55.695865874000006,1790241451.5799646,5.0,5.0,2.665,3.646
55.698908484,1790241451.5829697,5.0,5.0,2.244,3.085
55.715013722,1790241451.5990195,5.0,5.0,2.384,2.665
55.716622580000006,1790241451.6005626,5.0,5.0,1.963,2.524
55.736142096,1790241451.620232,5.0,5.0,1.683,2.244
55.73882694500001,1790241451.6228828,5.0,5.0,1.543,1.963
55.755882862,1790241451.6399891,5.0,5.0,1.262,1.823
55.758941201000006,1790241451.6429875,5.0,5.0,1.262,1.543
55.775057899000004,1790241451.6590793,5.0,5.0,1.122,1.402
55.77668535,1790241451.660847,5.0,5.0,0.982,1.262
55.796123251000004,1790241451.6802108,5.0,5.0,1.122,1.402
55.798770964000006,1790241451.6828218,5.0,5.0,1.122,1.543
55.816159539000004,1790241451.7002878,5.0,5.0,1.262,1.543
55.81928313900001,1790241451.703326,5.0,5.0,1.262,1.402
55.834877856000006,1790241451.7188766,5.0,5.0,1.122,1.543
55.836388952,1790241451.7203212,5.0,5.0,1.122,1.402
55.856630084,1790241451.740846,5.0,5.0,0.982,1.402
55.859723163000005,1790241451.7437615,5.0,5.0,0.982,1.262
55.875626214,1790241451.7597313,5.0,5.0,0.982,1.402
55.878380438,1790241451.7624002,5.0,5.0,0.982,1.262
55.895140939,1790241451.779152,5.0,5.0,1.122,1.262
55.897094484,1790241451.781083,5.0,5.0,0.841,1.262
55.916173895,1790241451.8002715,5.0,5.0,0.982,1.262
55.91891317100001,1790241451.8030667,5.0,5.0,0.841,1.122
55.921531561,1790241451.8055673,5.0,5.0,0.841,1.122
55.935533619000005,1790241451.8195877,5.0,5.0,0.701,1.262
55.956564909,1790241451.8408031,5.0,5.0,0.841,1.122
55.96031038500001,1790241451.8444152,5.0,5.0,0.701,1.122
55.96377054800001,1790241451.847875,5.0,5.0,0.982,1.262
55.974844058,1790241451.8588524,5.0,5.0,0.841,1.262
55.99743654900001,1790241451.881601,5.0,5.0,0.982,1.262
56.001017337,1790241451.885144,5.0,5.0,0.841,1.122
56.00306057,1790241451.88706,5.0,5.0,0.982,1.262
56.015386166000006,1790241451.8994536,5.0,5.0,0.841,1.262
56.035831622,1790241451.9198847,5.0,5.0,0.841,1.122
56.038247668000004,1790241451.922261,5.0,5.0,0.982,1.262
56.0565289,1790241451.9407861,5.0,5.0,0.701,1.262
56.060263543000005,1790241451.9443607,5.0,5.0,0.841,1.122
56.063749591000004,1790241451.9478428,5.0,5.0,0.701,1.122
56.074865081000006,1790241451.9588618,5.0,5.0,0.701,1.122
56.097249915000006,1790241451.9814384,5.0,5.0,0.701,1.262
56.101004766,1790241451.9850311,5.0,5.0,0.841,0.982
56.102942061,1790241451.9869127,5.0,5.0,0.701,1.122
56.11528791800001,1790241451.999328,5.0,5.0,0.841,1.262
56.136607542,1790241452.020848,5.0,5.0,0.841,1.122
56.140344111000005,1790241452.0245209,5.0,5.0,0.841,1.122
56.144658859,1790241452.0289354,5.0,5.0,0.841,1.122
56.15612961,1790241452.0401313,-5.0,-5.0,0.701,1.122
56.175706782000006,1790241452.0597632,-5.0,-5.0,0.841,1.122
56.17809236,1790241452.062099,-5.0,-5.0,0.841,1.122
56.1959638,1790241452.0800347,-5.0,-5.0,0.561,0.982
56.198533388,1790241452.0826254,-5.0,-5.0,0.28,0.421
56.216610506,1790241452.1008291,-5.0,-5.0,-0.14,0.14
56.219753949,1790241452.1039639,-5.0,-5.0,-0.561,-0.421
56.222497131000004,1790241452.1065202,-5.0,-5.0,-0.841,-0.701
56.23591278200001,1790241452.119972,-5.0,-5.0,-1.262,-1.122
56.256876832,1790241452.141064,-5.0,-5.0,-1.543,-1.823
56.260443974000005,1790241452.144523,-5.0,-5.0,-1.963,-2.104
56.263717053,1790241452.1477835,-5.0,-5.0,-2.104,-2.524
56.27496447,1790241452.158963,-5.0,-5.0,-2.665,-2.945
56.297147637,1790241452.1812744,-5.0,-5.0,-2.945,-3.366
56.300466029000006,1790241452.1845226,-5.0,-5.0,-3.226,-3.646
56.302748117,1790241452.1867495,-5.0,-5.0,-3.646,-3.927
56.315698610000005,1790241452.1997542,-5.0,-5.0,-3.646,-4.207
56.33688969200001,1790241452.2210627,-5.0,-5.0,-3.787,-4.348
56.340781053,1790241452.224939,-5.0,-5.0,-3.927,-4.628
56.344550435,1790241452.2289424,-5.0,-5.0,-4.348,-4.628
56.354962903,1790241452.2389615,-5.0,-5.0,-4.207,-4.768
56.37754596600001,1790241452.2616923,-5.0,-5.0,-4.067,-4.909
56.381309828000006,1790241452.2653043,-5.0,-5.0,-4.488,-4.909
56.383329102000005,1790241452.2672944,-5.0,-5.0,-4.488,-4.909
56.395425271,1790241452.279458,-5.0,-5.0,-4.348,-5.049
56.416942083,1790241452.3010886,-5.0,-5.0,-4.348,-5.049
56.420869486,1790241452.305025,-5.0,-5.0,-4.628,-4.909
56.424642722,1790241452.309032,-5.0,-5.0,-4.488,-5.049
56.434939356,1790241452.3189454,-5.0,-5.0,-4.348,-4.909
56.457508618000006,1790241452.341652,-5.0,-5.0,-4.628,-4.909
56.461628678000004,1790241452.345745,-5.0,-5.0,-4.768,-4.909
56.463899619,1790241452.347861,-5.0,-5.0,-4.488,-4.768
56.475533183,1790241452.3596044,-5.0,-5.0,-4.628,-4.768
56.496162441,1790241452.380235,-5.0,-5.0,-4.628,-4.768
56.498800467,1790241452.3828113,-5.0,-5.0,-4.488,-4.768
56.516454823000004,1790241452.40055,-5.0,-5.0,-4.488,-4.488
56.519375558,1790241452.4034088,-5.0,-5.0,-4.628,-4.488
56.522374939,1790241452.4065242,-5.0,-5.0,-4.628,-4.488
56.535993402,1790241452.4200666,-5.0,-5.0,-4.348,-4.488
56.555743179000004,1790241452.439785,-5.0,-5.0,-4.348,-4.348
56.5583286,1790241452.4425263,-5.0,-5.0,-4.628,-4.348
56.575811238,1790241452.459854,-5.0,-5.0,-4.348,-4.488
56.578193378,1790241452.4622304,-5.0,-5.0,-4.348,-4.488
56.59626200500001,1790241452.4803298,-5.0,-5.0,-4.348,-4.488
56.598858885000006,1790241452.4829001,-5.0,-5.0,-4.488,-4.628
56.601735037000005,1790241452.4857585,-5.0,-5.0,-4.348,-4.628
56.615817459000006,1790241452.4999027,-5.0,-5.0,-4.348,-4.488
56.63573666400001,1790241452.5197797,-5.0,-5.0,-4.488,-4.628
56.638332033000005,1790241452.5225463,-5.0,-5.0,-4.488,-4.768
56.655951962,1790241452.5400288,-5.0,-5.0,-4.348,-4.628
56.658562488,1790241452.5425768,-5.0,-5.0,-4.488,-4.628
56.681974564,1790241452.5660124,-5.0,-5.0,-4.488,-4.628
56.684407693000004,1790241452.5684555,-5.0,-5.0,-4.207,-4.768
56.686772854000004,1790241452.570742,-5.0,-5.0,-3.787,-4.348
56.69738563400001,1790241452.5813818,-5.0,-5.0,-3.085,-3.506
56.715897180000006,1790241452.5999386,-5.0,-5.0,-2.244,-2.244
56.71863005,1790241452.6026604,-5.0,-5.0,-1.122,-0.701
56.735906436,1790241452.6199768,-5.0,-5.0,-0.421,0.14
56.7384004,1790241452.6224053,-5.0,-5.0,-0.14,0.14
56.76587191,1790241452.649879,-5.0,-5.0,-0.14,0.0
56.767410194,1790241452.6513455,-5.0,-5.0,0.0,0.0
56.768919468,1790241452.6528547,-5.0,-5.0,0.0,-0.14
56.775056667,1790241452.659077,-5.0,-5.0,-0.14,-0.14
56.796021186000004,1790241452.6801136,-5.0,-5.0,-0.28,-0.421
56.798762858,1790241452.6827667,-5.0,-5.0,-0.561,-0.701
56.81596544200001,1790241452.7000942,-5.0,-5.0,-0.701,-1.122
56.81863852,1790241452.7026389,-5.0,-5.0,-0.841,-1.543
56.836459752,1790241452.7205925,-5.0,-5.0,-1.402,-2.104
56.839915279,1790241452.723987,-5.0,-5.0,-1.823,-2.665
56.843309608000006,1790241452.727455,-5.0,-5.0,-2.244,-3.085
56.85727244700001,1790241452.7412748,-5.0,-5.0,-2.524,-3.506
56.875905764,1790241452.7599494,-5.0,-5.0,-3.085,-3.787
56.878476706,1790241452.7625055,-5.0,-5.0,-3.366,-4.067
56.895983042000005,1790241452.7800512,-5.0,-5.0,-3.506,-4.348
56.898548515,1790241452.7825637,-5.0,-5.0,-3.927,-4.488
56.916293653000004,1790241452.8004212,-5.0,-5.0,-4.488,-4.768
56.919642982000006,1790241452.803829,-5.0,-5.0,-4.909,-4.768
56.923174916,1790241452.8072648,-5.0,-5.0,-4.909,-4.768
56.935291918000004,1790241452.8194325,-5.0,-5.0,-5.61,-4.909
56.95516706,1790241452.8392122,-5.0,-5.0,-5.89,-4.909
56.957084303,1790241452.8410604,-5.0,-5.0,-6.031,-5.049
56.976442413,1790241452.8605154,-5.0,-5.0,-6.311,-4.909
56.97951247,1790241452.863551,-5.0,-5.0,-6.451,-4.909
56.981896433,1790241452.86588,-5.0,-5.0,-6.592,-4.768
56.995731043000006,1790241452.8797772,-5.0,-5.0,-6.872,-4.909
57.021186976,1790241452.905239,-5.0,-5.0,-6.732,-4.909
57.023467345,1790241452.9074259,-5.0,-5.0,-6.872,-4.909
57.025374068000005,1790241452.9093812,-5.0,-5.0,-6.592,-5.189
57.035339191000006,1790241452.9193954,-5.0,-5.0,-6.592,-5.049
57.056023917000005,1790241452.9400811,-5.0,-5.0,-6.592,-5.329
57.058590589000005,1790241452.942588,-5.0,-5.0,-6.451,-5.47
57.07610557,1790241452.9602325,-5.0,-5.0,-6.311,-5.89
57.079649066,1790241452.963862,-5.0,-5.0,-6.311,-6.311
57.083235740000006,1790241452.9673355,-5.0,-5.0,-6.311,-6.451
57.094991231,1790241452.9789846,-5.0,-5.0,-6.031,-6.592
57.117517003,1790241453.0016556,-5.0,-5.0,-5.89,-6.451
57.121488937,1790241453.0055087,-5.0,-5.0,-5.89,-6.732
57.123577899000004,1790241453.0075521,-5.0,-5.0,-5.89,-7.153
57.135551203000006,1790241453.0196135,-5.0,-5.0,-6.031,-7.293
57.155964367,1790241453.0400195,-5.0,-5.0,-5.75,-7.293
57.158553018000006,1790241453.042561,-5.0,-5.0,-5.47,-7.293
57.176052738,1790241453.0601723,-5.0,-5.0,-5.189,-7.012
57.179319463000006,1790241453.0633779,-5.0,-5.0,-5.049,-7.012
57.203243363000006,1790241453.0873032,-5.0,-5.0,-5.049,-6.872
57.205808420000004,1790241453.090221,-5.0,-5.0,-5.189,-6.732
57.208358476,1790241453.0923693,-5.0,-5.0,-5.189,-6.592
57.217759015000006,1790241453.1017709,-5.0,-5.0,-5.47,-6.451
57.236221185000005,1790241453.1202924,-5.0,-5.0,-5.47,-6.451
57.238833534,1790241453.1228642,-5.0,-5.0,-5.47,-6.031
57.256222890000004,1790241453.140354,-5.0,-5.0,-5.049,-5.75
57.259557219,1790241453.1436212,-5.0,-5.0,-5.049,-5.329
57.27505704,1790241453.1590679,-5.0,-5.0,-5.049,-5.049
57.276705481,1790241453.1608553,-5.0,-5.0,-4.909,-5.049
57.295569839,1790241453.1795864,-5.0,-5.0,-4.909,-5.049
57.297522708,1790241453.181484,-5.0,-5.0,-4.909,-4.768
57.317133838000004,1790241453.2012777,-5.0,-5.0,-4.768,-4.768
57.320488376,1790241453.2045393,-5.0,-5.0,-4.768,-4.348
57.323329163000004,1790241453.2073278,-5.0,-5.0,-4.768,-4.348
57.335969916,1790241453.2200308,-5.0,-5.0,-4.488,-4.488
57.355974433,1790241453.2400444,-5.0,-5.0,-4.628,-4.488
57.358571625,1790241453.2425716,-5.0,-5.0,-4.768,-4.488
57.376382232000005,1790241453.2604597,-5.0,-5.0,-4.628,-4.488
57.379254633,1790241453.2633393,-5.0,-5.0,-4.348,-4.488
57.382130264000004,1790241453.266112,-5.0,-5.0,-4.628,-4.628
57.395815029000005,1790241453.279903,-5.0,-5.0,-4.628,-4.628
57.416021473,1790241453.3000774,-5.0,-5.0,-4.348,-4.909
57.418643145000004,1790241453.302663,-5.0,-5.0,-4.488,-4.909
57.436384429,1790241453.3204625,-5.0,-5.0,-4.628,-4.768
57.439282611,1790241453.3234627,-5.0,-5.0,-4.348,-4.909
57.442275534000004,1790241453.326289,-5.0,-5.0,-4.348,-5.189
57.45566920500001,1790241453.3397615,-5.0,-5.0,-4.628,-5.049
57.475961847,1790241453.3600316,-5.0,-5.0,-4.628,-5.049
57.478588571,1790241453.3626306,-5.0,-5.0,-4.348,-5.189
57.496365844,1790241453.38045,-5.0,-5.0,-4.628,-5.049
57.499248402000006,1790241453.3833418,-5.0,-5.0,-4.768,-5.049
57.502134866000006,1790241453.386106,-5.0,-5.0,-4.768,-5.189
57.515699943,1790241453.399778,-5.0,-5.0,-4.628,-5.049
57.535985450000005,1790241453.420044,-5.0,-5.0,-5.049,-5.049
57.538624049000006,1790241453.4226487,-5.0,-5.0,-5.049,-5.049
57.556428041000004,1790241453.4405067,-5.0,-5.0,-5.049,-5.049
57.55931237,1790241453.4434252,-5.0,-5.0,-5.329,-5.049
57.56236654200001,1790241453.4464815,-5.0,-5.0,-5.329,-4.909
57.57569438,1790241453.4597874,-5.0,-5.0,-5.189,-5.049
57.595977179,1790241453.480028,-5.0,-5.0,-5.47,-5.049
57.598547496,1790241453.4825673,-5.0,-5.0,-5.329,-4.909
57.616905239000005,1790241453.5010197,-5.0,-5.0,-5.329,-4.909
57.620396183000004,1790241453.5044627,-5.0,-5.0,-5.329,-4.909
57.623271345000006,1790241453.5072644,-5.0,-5.0,-5.329,-4.909
57.635647722,1790241453.519719,-5.0,-5.0,-5.189,-5.049
57.65576026,1790241453.5398145,-5.0,-5.0,-5.329,-5.049
57.658322036,1790241453.5424826,-5.0,-5.0,-5.329,-4.909
57.675960090000004,1790241453.5600295,-5.0,-5.0,-4.909,-5.189
57.678556449000006,1790241453.562572,-5.0,-5.0,-4.909,-5.329
57.696345858,1790241453.5804186,-5.0,-5.0,-4.348,-5.329
57.69937951000001,1790241453.5834305,-5.0,-5.0,-4.207,-5.47
57.702381911,1790241453.5864925,-5.0,-5.0,-4.067,-5.329
57.715684124000006,1790241453.5997612,-5.0,-5.0,-4.067,-5.47
57.73595447500001,1790241453.6200101,-5.0,-5.0,-3.927,-5.61
57.738607813,1790241453.6226277,-5.0,-5.0,-4.067,-5.329
57.756371076,1790241453.6404448,-5.0,-5.0,-4.488,-5.329
57.759242748000005,1790241453.6433253,-5.0,-5.0,-4.488,-5.189
57.762269785,1790241453.646421,-5.0,-5.0,-4.628,-5.189
57.775657987,1790241453.659737,-5.0,-5.0,-4.909,-5.189
57.795946828000005,1790241453.6800153,-5.0,-5.0,-5.329,-4.909
57.798545426000004,1790241453.682543,-5.0,-5.0,-5.329,-4.909
57.816916034,1790241453.701068,-5.0,-5.0,-5.61,-4.768
57.820229426000004,1790241453.7043211,-5.0,-5.0,-5.89,-4.768
57.82317839,1790241453.7071579,-5.0,-5.0,-5.75,-4.628
57.83563096500001,1790241453.7197242,-5.0,-5.0,-5.049,-3.927
57.85597517,1790241453.7400324,-5.0,-5.0,-4.348,-3.226
57.858541686,1790241453.7425575,-5.0,-5.0,-3.226,-2.384
57.876908804,1790241453.7610126,-5.0,-5.0,-2.384,-1.683
57.880255112,1790241453.7643375,-5.0,-5.0,-2.104,-1.262
57.882944388000006,1790241453.7669315,-5.0,-5.0,-1.543,-0.982
57.895606652000005,1790241453.7796643,-5.0,-5.0,-1.122,-0.701
57.915709294,1790241453.7998345,-5.0,-5.0,-0.421,-0.28
57.919062998,1790241453.8031142,-5.0,-5.0,-0.14,-0.14
57.935047403000006,1790241453.81908,-5.0,-5.0,0.14,0.14
57.936686990000005,1790241453.8208332,-5.0,-5.0,0.0,0.0
57.956140777,1790241453.840216,-5.0,-5.0,0.0,0.0
57.958828907000004,1790241453.842883,-5.0,-5.0,0.0,0.0
57.976023314,1790241453.8601263,-5.0,-5.0,0.0,0.0
57.979075091000006,1790241453.8631427,-5.0,-5.0,0.0,0.0
57.995027673,1790241453.8790348,-5.0,-5.0,0.0,0.0
57.996637728,1790241453.880577,-5.0,-5.0,0.0,0.0
58.016138546,1790241453.9002178,-5.0,-5.0,0.0,0.0
58.018936104000005,1790241453.9030683,-5.0,-5.0,0.0,0.0
58.02166230700001,1790241453.9056935,-5.0,-5.0,0.0,0.0
58.03560926,1790241453.9197218,-5.0,-5.0,0.0,0.0
58.055794142,1790241453.9398534,-5.0,-5.0,0.0,0.0
58.058259668000005,1790241453.9422932,-5.0,-5.0,0.0,0.0
58.076561786000006,1790241453.9607463,-5.0,-5.0,0.0,0.0
58.079712729,1790241453.9637568,-5.0,-5.0,0.0,0.0
58.08274195400001,1790241453.9667253,-5.0,-5.0,0.0,0.0
58.095479894,1790241453.979569,-5.0,-5.0,0.0,0.0
58.115747381000006,1790241453.999817,-5.0,-5.0,0.0,0.0
58.118121864,1790241454.0021207,-5.0,-5.0,0.0,0.0
58.13656356600001,1790241454.020765,-5.0,-5.0,0.0,0.0
58.139671697000004,1790241454.0237467,-5.0,-5.0,0.0,0.0
58.14271139,1790241454.0266907,-5.0,-5.0,0.0,0.0
58.155445372,1790241454.0395153,-5.0,-5.0,0.0,0.0
58.175770359000005,1790241454.0598228,-5.0,-5.0,0.0,0.0
58.178153853000005,1790241454.0621579,-5.0,-5.0,0.0,0.0
58.196533835000004,1790241454.0807295,-5.0,-5.0,0.0,0.0
58.199682227000004,1790241454.0837498,-5.0,-5.0,0.0,0.0
58.202495097,1790241454.0864859,-5.0,-5.0,0.0,0.0
58.215474652000005,1790241454.0995297,-5.0,-5.0,0.0,0.0
58.235827503,1790241454.1199431,-5.0,-5.0,0.0,0.0
58.23921532200001,1790241454.1233156,-5.0,-5.0,0.0,0.0
58.241728244,1790241454.1257837,-5.0,-5.0,0.0,0.0
58.254868946,1790241454.138869,5.0,5.0,0.0,0.0
58.27675232000001,1790241454.1610034,5.0,5.0,0.0,0.0
58.280356129000005,1790241454.1644585,5.0,5.0,0.0,0.0
58.283818271,1790241454.167912,5.0,5.0,0.14,0.14
58.294882042000005,1790241454.1788821,5.0,5.0,0.28,0.421
58.317196043,1790241454.2013798,5.0,5.0,0.421,0.561
58.320797456,1790241454.204874,5.0,5.0,0.841,0.982
58.32279813700001,1790241454.206783,5.0,5.0,1.122,1.543
58.335518577,1790241454.2195568,5.0,5.0,1.543,2.104
58.356577992000005,1790241454.2408366,5.0,5.0,1.823,2.384
58.360238989,1790241454.2443411,5.0,5.0,2.244,2.945
58.363718735000006,1790241454.2478156,5.0,5.0,2.524,3.506
58.374815943,1790241454.258821,5.0,5.0,2.805,3.646
58.39662374500001,1790241454.2808208,5.0,5.0,3.085,3.927
58.399764897000004,1790241454.2838278,5.0,5.0,3.506,4.348
58.401992401,1790241454.2859766,5.0,5.0,3.787,4.628
58.415542062,1790241454.2996075,5.0,5.0,3.927,4.768
58.43676824800001,1790241454.3210745,5.0,5.0,4.207,5.049
58.440744922,1790241454.3249748,5.0,5.0,4.348,5.329
58.444347481,1790241454.3284373,5.0,5.0,4.768,5.61
58.454972293000004,1790241454.338985,5.0,5.0,4.628,5.61
58.477294210000004,1790241454.3614423,5.0,5.0,4.909,5.61
58.481026144000005,1790241454.3651888,5.0,5.0,5.049,5.61
58.483101513,1790241454.3671045,5.0,5.0,5.329,5.47
58.495432578000006,1790241454.3794968,5.0,5.0,5.329,5.61
58.515594751,1790241454.399646,5.0,5.0,5.61,5.47
58.518007360000006,1790241454.4020364,5.0,5.0,5.89,5.189
58.535814685000005,1790241454.419895,5.0,5.0,5.75,5.47
58.538212138000006,1790241454.4222078,5.0,5.0,6.171,5.049
58.55694977700001,1790241454.441089,5.0,5.0,6.031,5.189
58.560043429000004,1790241454.4441185,5.0,5.0,5.89,5.189
58.56298281,1790241454.4470012,5.0,5.0,6.031,5.049
58.575603146000006,1790241454.4596615,5.0,5.0,5.89,5.189
58.59586282,1790241454.4799552,5.0,5.0,5.75,5.189
58.598410012,1790241454.4824288,5.0,5.0,5.61,5.189
58.61578093000001,1790241454.4998438,5.0,5.0,5.47,5.189
58.618167914000004,1790241454.502165,5.0,5.0,5.329,5.189
58.635926958000006,1790241454.520051,5.0,5.0,5.189,5.189
58.638959099000004,1790241454.523078,5.0,5.0,5.049,5.189
58.642649002000006,1790241454.5267577,5.0,5.0,4.909,5.189
58.654892254,1790241454.5388906,5.0,5.0,4.909,4.909
58.67725188000001,1790241454.5614135,5.0,5.0,4.768,5.049
58.680873137000006,1790241454.5650094,5.0,5.0,4.909,5.049
58.68313683900001,1790241454.567133,5.0,5.0,4.909,4.909
58.695430456000004,1790241454.5795016,5.0,5.0,4.768,4.768
58.715816744,1790241454.5998688,5.0,5.0,4.768,4.909
58.718203363,1790241454.6022322,5.0,5.0,4.768,4.628
58.736322669,1790241454.6204789,5.0,5.0,4.768,4.768
58.739864654,1790241454.6241257,5.0,5.0,4.768,4.768
58.743484088,1790241454.6275787,5.0,5.0,4.909,4.768
58.754837547,1790241454.638843,5.0,5.0,4.768,4.768
58.776186286000005,1790241454.6602185,5.0,5.0,4.909,4.768
58.778184623,1790241454.6621664,5.0,5.0,4.909,5.049
58.797163565000005,1790241454.6813552,5.0,5.0,4.768,4.628
58.800457321,1790241454.6847386,5.0,5.0,4.207,4.207
58.80306993000001,1790241454.687088,5.0,5.0,3.787,3.927
58.815271151000005,1790241454.6992636,5.0,5.0,2.945,3.085
58.836697338,1790241454.7209585,5.0,5.0,2.665,2.665
58.840444636,1790241454.7245498,5.0,5.0,1.963,2.104
58.843911674000005,1790241454.7280114,5.0,5.0,1.823,1.963
58.854890445,1790241454.7388878,5.0,5.0,1.823,1.683
58.881531745000004,1790241454.7655857,5.0,5.0,1.823,1.823
58.883088259000004,1790241454.7670236,5.0,5.0,1.963,1.963
58.884500397000004,1790241454.7684312,5.0,5.0,1.963,2.244
58.895018698,1790241454.7790604,5.0,5.0,2.244,2.384
58.917333532,1790241454.8015044,5.0,5.0,2.524,2.665
58.921041976000005,1790241454.8052166,5.0,5.0,2.665,2.945
58.923283126,1790241454.8073041,5.0,5.0,3.226,3.366
58.935437837,1790241454.8194933,5.0,5.0,3.506,3.787
58.955521312,1790241454.8395717,5.0,5.0,3.927,3.927
58.957932150000005,1790241454.8419318,5.0,5.0,4.067,4.348
58.979156096000004,1790241454.863249,5.0,5.0,4.348,4.628
58.98122808,1790241454.86522,5.0,5.0,4.768,5.049
58.982743239,1790241454.8667345,5.0,5.0,5.049,5.189
58.995332846000004,1790241454.8793602,5.0,5.0,4.909,5.329
59.016694813,1790241454.9009416,5.0,5.0,5.189,5.47
59.020397268,1790241454.9045222,5.0,5.0,5.47,5.329
59.023925087,1790241454.9079986,5.0,5.0,5.329,5.61
59.035230265,1790241454.919245,5.0,5.0,5.329,5.47
59.055334313,1790241454.939374,5.0,5.0,5.61,5.329
59.05734025500001,1790241454.9413636,5.0,5.0,5.329,5.47
59.076892792,1790241454.9610164,5.0,5.0,5.329,5.47
59.080007329000004,1790241454.9640727,5.0,5.0,5.61,5.189
59.082335458,1790241454.9663095,5.0,5.0,5.329,5.47
59.095511525000006,1790241454.9795732,5.0,5.0,5.329,5.329
59.115585834,1790241454.999635,5.0,5.0,5.47,5.189
59.117967036,1790241455.0019648,5.0,5.0,5.329,5.189
59.136023112000004,1790241455.0200777,5.0,5.0,5.189,5.329
59.137900407000004,1790241455.0218744,5.0,5.0,5.329,5.049
59.156799818,1790241455.0410075,5.0,5.0,5.189,5.049
59.160037636000006,1790241455.044104,5.0,5.0,5.189,5.049
59.16234784900001,1790241455.0463345,5.0,5.0,5.189,4.909
59.175509645000005,1790241455.059573,5.0,5.0,5.049,4.909
59.195794891000006,1790241455.079864,5.0,5.0,5.189,4.909
59.19817796900001,1790241455.082197,5.0,5.0,5.189,4.768
59.216311701,1790241455.1004658,5.0,5.0,5.049,4.768
59.219867854,1790241455.104145,5.0,5.0,5.049,4.909
59.223538486,1790241455.107632,5.0,5.0,5.189,4.768
59.234937517000006,1790241455.1189475,5.0,5.0,5.049,4.768
59.257249278,1790241455.141409,5.0,5.0,5.189,5.049
59.260912619,1790241455.1450183,5.0,5.0,5.189,5.049
59.263238821,1790241455.1472044,5.0,5.0,5.329,5.049
59.275460563,1790241455.1595175,5.0,5.0,5.189,5.47
59.301448945000004,1790241455.185482,5.0,5.0,5.189,5.47
59.303097386000005,1790241455.1870544,5.0,5.0,5.189,5.47
59.304747233,1790241455.188817,5.0,5.0,5.189,5.75
59.315189492,1790241455.199189,5.0,5.0,5.189,5.75
59.336773022,1790241455.2209773,5.0,5.0,5.189,5.89
59.339988185,1790241455.224059,5.0,5.0,4.909,5.89
59.342909284,1790241455.2268934,5.0,5.0,4.488,6.031
59.355730558000005,1790241455.2398274,5.0,5.0,4.348,6.171
59.375763982,1790241455.2598326,5.0,5.0,4.067,6.592
59.37816258,1790241455.2621624,5.0,5.0,4.348,6.592
59.395782926,1790241455.2798107,5.0,5.0,4.207,6.592
59.397579283000006,1790241455.2815728,5.0,5.0,4.207,6.311
59.41615916200001,1790241455.30034,5.0,5.0,4.067,6.031
59.41988713800001,1790241455.3039818,5.0,5.0,3.787,5.89
59.423325269,1790241455.3074424,5.0,5.0,3.787,5.61
59.43487201000001,1790241455.3188906,5.0,5.0,3.787,5.61
59.457251792,1790241455.3413928,5.0,5.0,4.207,5.61
59.460962372000004,1790241455.3450665,5.0,5.0,4.348,5.329
59.462964615000004,1790241455.3469577,5.0,5.0,4.207,5.189
59.475432451,1790241455.3594902,5.0,5.0,4.348,5.049
59.495537177,1790241455.3795767,5.0,5.0,4.768,4.768
59.497924421,1790241455.3819587,5.0,5.0,4.909,4.909
59.515860809,1790241455.3999133,5.0,5.0,5.189,4.909
59.518239720000004,1790241455.4022555,5.0,5.0,5.75,5.049
59.535932722000005,1790241455.4200392,5.0,5.0,6.171,4.909
59.539025748,1790241455.4230704,5.0,5.0,6.451,4.909
59.555092393,1790241455.4390998,5.0,5.0,6.592,4.909
59.556742969000005,1790241455.4409096,5.0,5.0,6.732,4.909
59.576211079000004,1790241455.4603112,5.0,5.0,6.732,4.909
59.57893447000001,1790241455.462961,5.0,5.0,6.592,5.049
59.59621116900001,1790241455.4803166,5.0,5.0,6.872,4.909
59.599022008000006,1790241455.483095,5.0,5.0,6.732,5.189
59.615184851,1790241455.4992144,5.0,5.0,6.592,5.189
59.61719037500001,1790241455.5011957,5.0,5.0,6.592,5.189
59.636155932,1790241455.520239,5.0,5.0,6.171,5.189
59.638869427,1790241455.5229251,5.0,5.0,6.031,5.189
59.656033417,1790241455.540164,5.0,5.0,5.89,5.049
59.659054100000006,1790241455.5431166,5.0,5.0,5.47,5.189
59.678207157,1790241455.5622566,-5.0,-5.0,5.47,5.189
59.680269765000006,1790241455.564268,-5.0,-5.0,5.189,5.049
59.682407790000006,1790241455.5664678,-5.0,-5.0,5.049,5.049
59.694897762000004,1790241455.5789068,-5.0,-5.0,4.909,5.049
59.717298117000006,1790241455.6014645,-5.0,-5.0,4.348,4.768
59.720900102,1790241455.6050217,-5.0,-5.0,3.506,4.067
59.722894065000006,1790241455.60686,-5.0,-5.0,2.805,3.226
59.735457318,1790241455.6195338,-5.0,-5.0,1.402,1.683
59.75578397100001,1790241455.6398435,-5.0,-5.0,0.14,0.0
59.758386996000006,1790241455.642385,-5.0,-5.0,-0.421,-1.122
59.776543176000004,1790241455.660824,-5.0,-5.0,-1.122,-1.543
59.780481778,1790241455.664589,-5.0,-5.0,-1.543,-2.244
59.784226993000004,1790241455.6683455,-5.0,-5.0,-1.963,-2.805
59.794953992,1790241455.6789496,-5.0,-5.0,-2.244,-3.366
59.817560650000004,1790241455.7017288,-5.0,-5.0,-2.384,-3.787
59.821600866000004,1790241455.7057216,-5.0,-5.0,-2.665,-4.207
59.823705297000004,1790241455.7076638,-5.0,-5.0,-3.085,-4.348
59.835505371,1790241455.719548,-5.0,-5.0,-3.226,-4.628
59.856017702,1790241455.7400734,-5.0,-5.0,-3.646,-4.909
59.858599946000005,1790241455.7426257,-5.0,-5.0,-3.787,-5.049
59.876869981000006,1790241455.7610052,-5.0,-5.0,-3.927,-5.049
59.88013806000001,1790241455.7642088,-5.0,-5.0,-4.067,-5.329
59.883134055000006,1790241455.7671258,-5.0,-5.0,-4.348,-5.189
59.895666943,1790241455.7797453,-5.0,-5.0,-4.488,-5.329
59.915608648,1790241455.7997563,-5.0,-5.0,-4.348,-5.329
59.919035217,1790241455.8031185,-5.0,-5.0,-4.628,-5.329
59.935257487,1790241455.8192735,-5.0,-5.0,-4.628,-5.189
59.937373168,1790241455.821495,-5.0,-5.0,-4.488,-5.189
59.956125339,1790241455.8402,-5.0,-5.0,-4.488,-5.049
59.958722896000005,1790241455.842741,-5.0,-5.0,-4.768,-5.049
59.976136158,1790241455.8602462,-5.0,-5.0,-4.488,-5.049
59.979443404,1790241455.86351,-5.0,-5.0,-4.488,-5.049
59.995028902,1790241455.879027,-5.0,-5.0,-4.348,-4.909
59.996651197000006,1790241455.8805904,-5.0,-5.0,-4.488,-4.909
60.016387119,1790241455.9004745,-5.0,-5.0,-4.348,-4.768
60.019265875,1790241455.9033463,-5.0,-5.0,-4.207,-4.768
60.022129891000006,1790241455.9061022,-5.0,-5.0,-4.348,-4.628
60.03597262500001,1790241455.9200492,-5.0,-5.0,-4.348,-4.768
60.05574875600001,1790241455.939788,-5.0,-5.0,-4.207,-4.628
60.058311313000004,1790241455.942493,-5.0,-5.0,-4.207,-4.628
60.075996451,1790241455.9600844,-5.0,-5.0,-4.067,-4.628
60.07873171600001,1790241455.9628487,-5.0,-5.0,-3.927,-4.488
60.096160916,1790241455.9802918,-5.0,-5.0,-3.787,-4.348
60.099534464,1790241455.9836063,-5.0,-5.0,-3.927,-4.488
60.11505616,1790241455.999064,-5.0,-5.0,-4.348,-4.488
60.116681840000005,1790241456.0006163,-5.0,-5.0,-4.067,-4.488
60.136394273,1790241456.0204847,-5.0,-5.0,-4.207,-4.488
60.139281518000004,1790241456.023481,-5.0,-5.0,-4.207,-4.488
60.141892513,1790241456.025879,-5.0,-5.0,-4.488,-4.488
60.155666757000006,1790241456.0397239,-5.0,-5.0,-4.348,-4.488
60.177346278,1790241456.0615597,-5.0,-5.0,-4.628,-4.628
60.181414254,1790241456.065557,-5.0,-5.0,-4.768,-4.628
60.185397543,1790241456.069559,-5.0,-5.0,-4.909,-4.628
60.196071834,1790241456.0800753,-5.0,-5.0,-5.189,-4.628
60.217121926000004,1790241456.1012812,-5.0,-5.0,-5.189,-4.488
60.220490786000006,1790241456.1045606,-5.0,-5.0,-4.488,-3.366
60.223351312000005,1790241456.1073458,-5.0,-5.0,-3.646,-2.384
60.235691961,1790241456.119787,-5.0,-5.0,-2.244,-0.841
60.255871218,1790241456.1398911,-5.0,-5.0,-1.402,-0.28
60.257997211,1790241456.141997,-5.0,-5.0,-0.701,0.0
60.276264537,1790241456.160377,-5.0,-5.0,-0.28,0.0
60.27896699,1790241456.162988,-5.0,-5.0,0.0,0.0
60.296295929,1790241456.1803722,-5.0,-5.0,0.0,-0.14
60.299059164000006,1790241456.1831234,-5.0,-5.0,0.0,-0.14
60.30211198200001,1790241456.1861005,-5.0,-5.0,-0.28,-0.28
60.315682372000005,1790241456.1997626,-5.0,-5.0,-0.421,-0.982
60.336012931000006,1790241456.2200868,-5.0,-5.0,-0.841,-1.262
60.33889752,1790241456.2229908,-5.0,-5.0,-0.841,-1.963
60.342221276000004,1790241456.2263434,-5.0,-5.0,-0.982,-2.384
60.355874948,1790241456.2398732,-5.0,-5.0,-1.122,-2.665
60.377071238000006,1790241456.261238,-5.0,-5.0,-1.402,-3.085
60.38103374600001,1790241456.265184,-5.0,-5.0,-1.683,-3.646
60.384764273,1790241456.269142,-5.0,-5.0,-1.963,-3.787
60.395065803,1790241456.2790797,-5.0,-5.0,-2.384,-4.207
60.426641540000006,1790241456.3106732,-5.0,-5.0,-2.665,-4.207
60.428726752,1790241456.3127432,-5.0,-5.0,-3.085,-4.628
60.430971496000005,1790241456.3150327,-5.0,-5.0,-3.366,-4.768
60.433212386,1790241456.3172584,-5.0,-5.0,-3.506,-4.909
60.456773941,1790241456.3410583,-5.0,-5.0,-3.787,-4.909
60.460914990000006,1790241456.345043,-5.0,-5.0,-4.207,-5.189
60.46465645600001,1790241456.3490317,-5.0,-5.0,-4.488,-5.049
60.47497439200001,1790241456.3589811,-5.0,-5.0,-4.488,-5.189
60.498315009,1790241456.3826077,-5.0,-5.0,-4.909,-5.189
60.501798453000006,1790241456.385909,-5.0,-5.0,-5.049,-5.189
60.504217832,1790241456.388266,-5.0,-5.0,-5.049,-5.329
60.516544783,1790241456.4005733,-5.0,-5.0,-5.189,-5.329
60.535886121000004,1790241456.4199414,-5.0,-5.0,-5.47,-5.189
60.538611804000006,1790241456.4226513,-5.0,-5.0,-5.329,-5.189
60.55600303400001,1790241456.4400592,-5.0,-5.0,-5.329,-5.189
60.558570279,1790241456.442588,-5.0,-5.0,-5.61,-5.189
60.576322604000005,1790241456.4604623,-5.0,-5.0,-5.329,-5.189
60.57980151700001,1790241456.4638908,-5.0,-5.0,-5.329,-5.189
60.583062044,1790241456.4671295,-5.0,-5.0,-5.47,-5.189
60.599800721,1790241456.4838321,-5.0,-5.0,-5.329,-5.189
60.601816142000004,1790241456.4857967,-5.0,-5.0,-5.47,-5.189
60.615442782,1790241456.499462,-5.0,-5.0,-5.75,-5.189
60.637528813,1790241456.5216894,-5.0,-5.0,-5.75,-5.329
60.641412519000006,1790241456.5253975,-5.0,-5.0,-6.031,-5.329
60.64330523100001,1790241456.5272698,-5.0,-5.0,-5.61,-5.61
60.65549098300001,1790241456.5395458,-5.0,-5.0,-5.189,-5.61
60.675238208,1790241456.5592544,-5.0,-5.0,-5.89,-5.47
60.67737107600001,1790241456.5613756,-5.0,-5.0,-5.329,-5.75
60.696532623,1790241456.5806904,-5.0,-5.0,-4.768,-5.75
60.699491899,1790241456.583528,-5.0,-5.0,-4.628,-5.189
60.701929873000005,1790241456.585916,-5.0,-5.0,-5.329,-5.049
60.71573750300001,1790241456.5997944,-5.0,-5.0,-5.47,-5.189
60.736946553,1790241456.6211112,-5.0,-5.0,-6.031,-5.75
60.74078827900001,1790241456.6249442,-5.0,-5.0,-6.451,-6.031
60.744515422000006,1790241456.6286013,-5.0,-5.0,-7.012,-6.311
60.755210129000005,1790241456.6392224,-5.0,-5.0,-6.451,-6.592
60.77527021900001,1790241456.659288,-5.0,-5.0,-5.049,-6.311
60.777255744,1790241456.6612208,-5.0,-5.0,-5.049,-5.75
60.797561147,1790241456.681754,-5.0,-5.0,-5.47,-5.89
60.80136318500001,1790241456.6853397,-5.0,-5.0,-5.89,-6.171
60.803260845000004,1790241456.687223,-5.0,-5.0,-6.031,-6.451
60.815512587,1790241456.6995718,-5.0,-5.0,-6.451,-6.311
60.836000178000006,1790241456.7201555,-5.0,-5.0,-6.592,-6.171
60.838701537000006,1790241456.7227192,-5.0,-5.0,-6.031,-5.89
60.856170060000004,1790241456.740295,-5.0,-5.0,-5.61,-5.61
60.860119598000004,1790241456.7442975,-5.0,-5.0,-5.61,-5.329
60.863738199000004,1790241456.7478278,-5.0,-5.0,-6.031,-5.329
60.87584369100001,1790241456.7598457,-5.0,-5.0,-5.89,-5.61
60.896521438,1790241456.7806194,-5.0,-5.0,-6.031,-5.329
60.899423214,1790241456.7834876,-5.0,-5.0,-5.89,-5.189
60.902594991,1790241456.7865908,-5.0,-5.0,-5.75,-5.329
60.91671783,1790241456.800854,-5.0,-5.0,-5.61,-5.189
60.935213751000006,1790241456.819251,-5.0,-5.0,-5.61,-5.189
60.93738813,1790241456.8213634,-5.0,-5.0,-5.61,-5.189
60.955995300000005,1790241456.8400555,-5.0,-5.0,-5.47,-5.049
60.958646295,1790241456.8426778,-5.0,-5.0,-5.47,-5.189
60.976596225,1790241456.860755,-5.0,-5.0,-5.47,-5.189
60.979561647000004,1790241456.863606,-5.0,-5.0,-5.47,-5.189
60.982373631,1790241456.8663783,-5.0,-5.0,-5.329,-5.329
60.995978761,1790241456.8800528,-5.0,-5.0,-5.329,-5.329
61.01630406,1790241456.9003716,-5.0,-5.0,-5.329,-5.189
61.01908323200001,1790241456.9031527,-5.0,-5.0,-5.049,-5.329
61.034944720000006,1790241456.918942,-5.0,-5.0,-5.189,-5.189
61.036571650000006,1790241456.920508,-5.0,-5.0,-5.329,-5.329
61.056777418,1790241456.9410014,-5.0,-5.0,-5.049,-5.329
61.060179247,1790241456.944275,-5.0,-5.0,-5.189,-5.329
61.063415712,1790241456.9474957,-5.0,-5.0,-5.189,-5.329
61.075006254,1790241456.9590049,-5.0,-5.0,-5.049,-5.329
61.09524467800001,1790241456.9792686,-5.0,-5.0,-5.189,-5.329
61.097194369,1790241456.9811666,-5.0,-5.0,-5.189,-5.189
61.117251594,1790241457.0014892,-5.0,-5.0,-5.049,-5.329
61.121179519,1790241457.0053055,-5.0,-5.0,-4.909,-5.189
61.12501884900001,1790241457.009129,-5.0,-5.0,-4.628,-5.189
61.13493793000001,1790241457.0189593,-5.0,-5.0,-4.207,-5.329
61.157607452,1790241457.0417902,-5.0,-5.0,-4.207,-5.329
61.16149147,1790241457.0454903,-5.0,-5.0,-4.488,-5.329
61.163526682000004,1790241457.0474937,-5.0,-5.0,-4.488,-5.47
61.175611288000006,1790241457.0597258,-5.0,-5.0,-4.348,-5.189
61.195080439,1790241457.0790935,-5.0,-5.0,-4.488,-5.189
61.197146797,1790241457.0811756,-5.0,-5.0,-4.628,-5.189
61.216474438000006,1790241457.1005526,-5.0,-5.0,-4.909,-5.049
61.219482048,1790241457.1035252,-5.0,-5.0,-5.049,-5.049
61.221900855,1790241457.1058872,-5.0,-5.0,-5.189,-5.049
61.235716610000004,1790241457.1197667,-5.0,-5.0,-5.189,-4.909
61.261356033000006,1790241457.145404,-5.0,-5.0,-5.049,-4.909
61.263572392,1790241457.1475272,-5.0,-5.0,-5.329,-4.909
61.265631510000006,1790241457.1496403,-5.0,-5.0,-5.329,-4.909
61.27525725700001,1790241457.159306,-5.0,-5.0,-5.47,-4.909
61.296382349000005,1790241457.1804566,-5.0,-5.0,-5.61,-4.768
61.299292251000004,1790241457.183307,-5.0,-5.0,-5.61,-4.909
61.31608072,1790241457.200188,-5.0,-5.0,-5.75,-4.909
61.319399111,1790241457.2034416,-5.0,-5.0,-5.61,-5.049
61.322789482000005,1790241457.206893,-5.0,-5.0,-5.47,-5.189
61.33497169300001,1790241457.2189653,-5.0,-5.0,-5.47,-5.049
61.357565225,1790241457.2417266,-5.0,-5.0,-5.61,-5.189
61.361756848000006,1790241457.2458622,-5.0,-5.0,-5.61,-5.189
61.363955966000006,1790241457.247922,-5.0,-5.0,-5.329,-5.189
61.375493905000006,1790241457.2595363,-5.0,-5.0,-5.189,-5.049
61.400015462000006,1790241457.284049,-5.0,-5.0,-4.909,-5.189
61.402208643,1790241457.2862024,-5.0,-5.0,-4.628,-5.189
61.404204584000006,1790241457.2881646,-5.0,-5.0,-4.488,-5.189
61.415012209000004,1790241457.2990088,-5.0,-5.0,-4.348,-5.189
61.438057513000004,1790241457.322321,-5.0,-5.0,-4.488,-5.189
61.442273875000005,1790241457.3262997,-5.0,-5.0,-4.488,-5.189
61.444346952000004,1790241457.3283556,-5.0,-5.0,-4.488,-5.189
61.456318328,1790241457.3403232,-5.0,-5.0,-4.488,-5.189
61.475960084,1790241457.3600402,-5.0,-5.0,-4.628,-5.049
61.479058267000006,1790241457.3631182,-5.0,-5.0,-4.768,-5.049
61.49573835100001,1790241457.3797934,-5.0,-5.0,-4.909,-5.049
61.49808835500001,1790241457.3820705,-5.0,-5.0,-4.909,-4.909
61.517008964000006,1790241457.4011521,-5.0,-5.0,-5.329,-4.909
61.52027407400001,1790241457.404356,-5.0,-5.0,-5.329,-4.909
61.522989235000004,1790241457.406962,-5.0,-5.0,-5.61,-4.768
61.540631352000005,1790241457.4247234,-5.0,-5.0,-5.61,-4.768
61.542641252,1790241457.4266152,-5.0,-5.0,-5.75,-4.768
61.555141431,1790241457.439151,-5.0,-5.0,-5.75,-4.768
61.57753189,1790241457.4616606,-5.0,-5.0,-5.75,-4.768
61.580950386000005,1790241457.4649868,-5.0,-5.0,-5.89,-4.909
61.58308679700001,1790241457.4670615,-5.0,-5.0,-5.89,-4.768
61.595509476000004,1790241457.4795783,-5.0,-5.0,-5.61,-4.909
61.617468632000005,1790241457.501661,-5.0,-5.0,-5.61,-5.189
61.621523744,1790241457.505642,-5.0,-5.0,-5.189,-5.049
61.62558026200001,1790241457.5096953,-5.0,-5.0,-4.768,-5.189
61.634948093000006,1790241457.5189493,-5.0,-5.0,-4.768,-5.049
61.657612667,1790241457.5417497,-5.0,-5.0,-4.909,-5.049
61.661563091000005,1790241457.5456662,-5.0,-5.0,-4.909,-4.909
61.663729032000006,1790241457.5476925,-5.0,-5.0,-4.768,-5.049
61.675518273,1790241457.5595722,-5.0,-5.0,-4.768,-4.909
61.696005343,1790241457.5800622,-5.0,-5.0,-4.909,-4.909
61.698555556,1790241457.582569,-5.0,-5.0,-4.909,-4.909
61.716794185000005,1790241457.6009922,-5.0,-5.0,-4.909,-4.909
61.720228462,1790241457.6042984,-5.0,-5.0,-4.909,-4.768
61.722949457000006,1790241457.6069267,-5.0,-5.0,-4.909,-4.628
61.735630835,1790241457.6197586,-5.0,-5.0,-4.768,-4.628
61.755926133,1790241457.6399677,-5.0,-5.0,-4.909,-4.628
61.758399003,1790241457.6423976,-5.0,-5.0,-5.049,-4.628
61.776015859000005,1790241457.6600735,-5.0,-5.0,-5.049,-4.768
61.778663728000005,1790241457.6626928,-5.0,-5.0,-5.189,-4.909
61.79638412600001,1790241457.680458,-5.0,-5.0,-5.189,-4.768
61.799271267,1790241457.6833208,-5.0,-5.0,-5.189,-5.049
61.802122575000006,1790241457.6860917,-5.0,-5.0,-4.909,-4.768
61.815873017,1790241457.6999545,-5.0,-5.0,-4.909,-4.768
61.835744617,1790241457.719779,-5.0,-5.0,-4.768,-4.628
61.838305456,1790241457.7223146,-5.0,-5.0,-4.909,-4.768
61.855948301000005,1790241457.7399917,-5.0,-5.0,-5.049,-4.909
61.858336275000006,1790241457.7423456,-5.0,-5.0,-5.049,-5.049
61.87643125700001,1790241457.760514,-5.0,-5.0,-5.049,-4.768
61.879330325000005,1790241457.7633488,-5.0,-5.0,-4.909,-4.768
61.896178429,1790241457.78027,-5.0,-5.0,-4.768,-4.628
61.899139268000006,1790241457.7831905,-5.0,-5.0,-4.768,-4.348
61.915204038000006,1790241457.799249,-5.0,-5.0,-4.768,-4.488
61.91771060600001,1790241457.8017476,-5.0,-5.0,-4.768,-4.348
61.935808973,1790241457.8198755,-5.0,-5.0,-4.768,-4.348
61.938201373000005,1790241457.8222148,-5.0,-5.0,-5.049,-4.348
61.956892607,1790241457.8410008,-5.0,-5.0,-4.909,-4.348
61.960213186000004,1790241457.8442905,-5.0,-5.0,-4.628,-4.348
61.962644076000004,1790241457.846624,-5.0,-5.0,-4.768,-4.207
61.97579446500001,1790241457.8598638,-5.0,-5.0,-4.909,-4.488
61.995762003,1790241457.8797984,-5.0,-5.0,-4.768,-4.488
61.99848445600001,1790241457.8825254,-5.0,-5.0,-5.049,-4.628
62.015929281000005,1790241457.8999956,-5.0,-5.0,-4.909,-4.488
62.018478764,1790241457.9024875,-5.0,-5.0,-4.909,-4.628
62.037418644000006,1790241457.9215937,-5.0,-5.0,-4.909,-4.488
62.041104953,1790241457.925228,-5.0,-5.0,-5.049,-4.628
62.044344803,1790241457.9284005,-5.0,-5.0,-4.909,-4.488
62.055881752000005,1790241457.9398992,-5.0,-5.0,-5.049,-4.348
62.076699812,1790241457.9609005,-5.0,-5.0,-4.768,-4.067
62.079898933,1790241457.963954,-5.0,-5.0,-4.067,-3.366
62.082832428,1790241457.9668202,-5.0,-5.0,-3.366,-2.805
62.095663337000005,1790241457.9797368,-5.0,-5.0,-2.384,-1.963
62.11576025,1790241457.9998002,-5.0,-5.0,-1.823,-1.402
62.11834322400001,1790241458.0025089,-5.0,-5.0,-1.683,-1.122
62.135912267,1790241458.020012,-5.0,-5.0,-1.543,-0.982
62.138538314,1790241458.0225368,-5.0,-5.0,-1.402,-0.841
62.156442723000005,1790241458.040593,-5.0,-5.0,-1.402,-0.561
62.15982017700001,1790241458.0439413,-5.0,-5.0,-0.982,-0.561
62.163144298000006,1790241458.04719,-5.0,-5.0,-0.982,-0.701
62.174975727,1790241458.0589745,-5.0,-5.0,-1.122,-0.841
62.197571394,1790241458.0817318,-5.0,-5.0,-1.543,-1.543
62.201567912,1790241458.0856981,-5.0,-5.0,-1.963,-1.963
62.20372703100001,1790241458.0877006,-5.0,-5.0,-2.104,-2.524
62.215768303000004,1790241458.0998275,-5.0,-5.0,-2.384,-3.085
62.235951935,1790241458.120024,-5.0,-5.0,-2.524,-3.366
62.23851819,1790241458.1225379,-5.0,-5.0,-2.805,-3.927
62.256386609,1790241458.140483,-5.0,-5.0,-3.085,-4.488
62.259279375000006,1790241458.1434577,-5.0,-5.0,-3.366,-4.909
62.26239583900001,1790241458.1465268,-5.0,-5.0,-3.506,-5.189
62.275748625000006,1790241458.15983,-5.0,-5.0,-3.787,-5.47
62.295978351,1790241458.1800337,-5.0,-5.0,-3.787,-5.75
62.298555126000004,1790241458.1825526,-5.0,-5.0,-3.927,-5.89
62.316886307000004,1790241458.200995,-5.0,-5.0,-4.207,-5.89
62.320162459,1790241458.2042248,-5.0,-5.0,-4.207,-6.171
62.32291017200001,1790241458.2068827,-5.0,-5.0,-4.067,-6.031
62.335627853000005,1790241458.2196786,-5.0,-5.0,-4.348,-5.75
62.355733776,1790241458.239773,-5.0,-5.0,-4.348,-5.89
62.358300031000006,1790241458.242495,-5.0,-5.0,-4.348,-5.89
62.375773605000006,1790241458.2598288,-5.0,-5.0,-4.348,-5.61
62.378329391,1790241458.2623281,-5.0,-5.0,-4.488,-5.47
62.396785208000004,1790241458.281004,-5.0,-5.0,-4.348,-5.329
62.400123964,1790241458.28423,-5.0,-5.0,-4.348,-5.329
62.402662406000005,1790241458.286628,-5.0,-5.0,-4.488,-5.189
62.415648420000004,1790241458.2997048,-5.0,-5.0,-4.628,-5.189
62.435947677,1790241458.3200154,-5.0,-5.0,-4.488,-5.049
62.438525338000005,1790241458.322519,-5.0,-5.0,-4.628,-4.909
62.456153497,1790241458.3402739,-5.0,-5.0,-4.768,-4.909
62.459451524,1790241458.3435102,-5.0,-5.0,-4.909,-4.768
62.475000876,1790241458.35901,-5.0,-5.0,-4.768,-4.909
62.47662343100001,1790241458.3605638,-5.0,-5.0,-5.049,-4.628
62.496407166000004,1790241458.3804872,-5.0,-5.0,-5.189,-4.768
62.499255974,1790241458.3833265,-5.0,-5.0,-4.909,-5.049
62.502137281,1790241458.3861058,-5.0,-5.0,-5.189,-4.909
62.515732984,1790241458.3998158,-5.0,-5.0,-5.189,-4.768
62.535932189,1790241458.419979,-5.0,-5.0,-4.909,-5.049
62.538507975,1790241458.4225059,-5.0,-5.0,-4.909,-4.909
62.558693013,1790241458.442736,-5.0,-5.0,-4.909,-4.768
62.561005778,1790241458.445005,-5.0,-5.0,-4.628,-4.909
62.563054636000004,1790241458.4471235,-5.0,-5.0,-4.768,-4.909
62.57576752400001,1790241458.4598427,-5.0,-5.0,-5.049,-4.628
62.595779802,1790241458.4798207,-5.0,-5.0,-5.189,-4.768
62.59814189,1790241458.482162,-5.0,-5.0,-5.47,-4.768
62.618345678000004,1790241458.502388,-5.0,-5.0,-5.75,-4.488
62.620500109000005,1790241458.5044973,-5.0,-5.0,-5.89,-4.488
62.622767613,1790241458.50678,-5.0,-5.0,-5.61,-4.488
62.63577685600001,1790241458.519846,-5.0,-5.0,-6.031,-4.488
62.655997363000004,1790241458.5400538,-5.0,-5.0,-6.031,-4.488
62.658589920000004,1790241458.542596,-5.0,-5.0,-5.89,-4.909
62.67615172400001,1790241458.5602582,-5.0,-5.0,-5.89,-4.768
62.679570481000006,1790241458.5636234,-5.0,-5.0,-5.61,-4.768
62.695337906000006,1790241458.5793748,-5.0,-5.0,-5.61,-4.909
62.698837496,1790241458.5829616,-5.0,-5.0,-5.47,-5.049
62.715332736,1790241458.5993612,-5.0,-5.0,-5.049,-5.049
62.71718701,1790241458.6011941,-5.0,-5.0,-5.329,-4.909
62.73758595500001,1790241458.6217532,-5.0,-5.0,-5.049,-5.189
62.741754088,1790241458.6258638,-5.0,-5.0,-4.909,-5.049
62.743936331,1790241458.6279128,-5.0,-5.0,-5.049,-5.049
62.755525884,1790241458.6395848,-5.0,-5.0,-4.768,-5.189
62.775791548,1790241458.6598237,-5.0,-5.0,-4.768,-5.049
62.778126760000006,1790241458.6621673,-5.0,-5.0,-4.768,-5.049
62.79601669,1790241458.6800928,-5.0,-5.0,-4.628,-4.909
62.798611643,1790241458.6826155,-5.0,-5.0,-4.488,-4.768
62.816385166,1790241458.7004628,-5.0,-5.0,-4.348,-4.628
62.81934720300001,1790241458.70339,-5.0,-5.0,-4.348,-4.628
62.82215814600001,1790241458.706132,-5.0,-5.0,-4.207,-4.628
62.835912859000004,1790241458.7199879,-5.0,-5.0,-4.348,-4.488
62.85632472,1790241458.7404027,-5.0,-5.0,-4.628,-4.488
62.859081653000004,1790241458.7431505,-5.0,-5.0,-4.768,-4.628
62.874972881000005,1790241458.7589772,-5.0,-5.0,-4.768,-4.768
62.876622780000005,1790241458.7605612,-5.0,-5.0,-4.768,-4.628
62.896793026000005,1790241458.7811027,-5.0,-5.0,-4.768,-4.628
62.900850742,1790241458.784968,-5.0,-5.0,-4.768,-4.909
62.904634864,1790241458.7887814,-5.0,-5.0,-4.768,-4.768
62.91496806000001,1790241458.7989657,-5.0,-5.0,-5.049,-4.909
62.93653148600001,1790241458.8206997,-5.0,-5.0,-4.909,-5.049
62.939674148,1790241458.8237565,-5.0,-5.0,-4.909,-4.909
62.94260451900001,1790241458.8266668,-5.0,-5.0,-5.049,-5.049
62.955286209,1790241458.839299,-5.0,-5.0,-5.049,-5.049
62.975090674,1790241458.8591108,-5.0,-5.0,-4.909,-5.049
62.977009688,1790241458.8609905,-5.0,-5.0,-5.049,-4.909
62.997020246000005,1790241458.88119,-5.0,-5.0,-5.049,-5.049
63.000935254000005,1790241458.8850393,-5.0,-5.0,-4.909,-5.049
63.00463375,1790241458.8890343,-5.0,-5.0,-5.049,-4.909
63.015016426,1790241458.8990178,-5.0,-5.0,-5.189,-4.909
63.037586937,1790241458.9217486,-5.0,-5.0,-4.768,-4.909
63.04184111200001,1790241458.9259598,-5.0,-5.0,-5.049,-4.909
63.043996116,1790241458.927963,-5.0,-5.0,-5.189,-4.909
63.058975103,1790241458.9431102,-5.0,-5.0,-4.909,-5.049
63.060942398,1790241458.9449081,-5.0,-5.0,-5.049,-4.909
63.075016696000006,1790241458.9590158,-5.0,-5.0,-5.049,-5.049
63.097108664000004,1790241458.9812238,-5.0,-5.0,-4.909,-5.049
63.100396848,1790241458.984505,-5.0,-5.0,-5.049,-5.049
63.102868571,1790241458.9869022,-5.0,-5.0,-5.189,-4.909
63.115439949000006,1790241458.9994493,-5.0,-5.0,-4.768,-5.049
63.13622103,1790241459.0203042,-5.0,-5.0,-4.909,-5.049
63.13895087900001,1790241459.0229776,-5.0,-5.0,-5.189,-4.909
63.15618356700001,1790241459.040313,-5.0,-5.0,-4.909,-5.189
63.159487584000004,1790241459.043532,-5.0,-5.0,-5.049,-5.049
63.175037926,1790241459.0590367,-5.0,-5.0,-5.189,-5.049
63.176676835,1790241459.0606108,-5.0,-5.0,-5.049,-5.189
63.203403136000006,1790241459.087421,-5.0,-5.0,-5.189,-5.189
63.205393139,1790241459.089376,-5.0,-5.0,-5.329,-5.049
63.207446477000005,1790241459.0915132,-5.0,-5.0,-5.329,-5.329
63.215034460000005,1790241459.0990512,-5.0,-5.0,-5.329,-5.189
63.237221168000005,1790241459.1213598,-5.0,-5.0,-5.61,-5.189
63.241229717,1790241459.1253388,-5.0,-5.0,-5.329,-5.329
63.245216912000004,1790241459.1293602,-5.0,-5.0,-5.329,-5.189
63.254943754,1790241459.1389406,-5.0,-5.0,-5.61,-5.049
63.277675203,1790241459.1618428,-5.0,-5.0,-5.189,-5.189
63.281971982,1790241459.1660383,-5.0,-5.0,-5.329,-5.049
63.284149382,1790241459.1681304,-5.0,-5.0,-5.47,-5.049
63.295519038,1790241459.1795764,-5.0,-5.0,-5.189,-5.329
63.31601907700001,1790241459.2000887,-5.0,-5.0,-5.189,-5.47
63.318583822,1790241459.2026067,-5.0,-5.0,-5.329,-5.61
63.336771095,1790241459.2209709,-5.0,-5.0,-5.329,-6.031
63.340143602000005,1790241459.2241905,-5.0,-5.0,-5.47,-6.171
63.34288990900001,1790241459.2268696,-5.0,-5.0,-5.61,-6.031
63.355630089,1790241459.2396894,-5.0,-5.0,-5.47,-5.75
63.375727940000004,1790241459.2597854,-5.0,-5.0,-5.47,-5.61
63.378278257000005,1790241459.262448,-5.0,-5.0,-5.61,-5.329
63.395980895,1790241459.2800522,-5.0,-5.0,-5.329,-5.049
63.398559389000006,1790241459.282556,-5.0,-5.0,-5.329,-4.909
63.416151193000005,1790241459.3002717,-5.0,-5.0,-5.189,-4.768
63.419418855,1790241459.3034956,-5.0,-5.0,-5.049,-4.488
63.435027374,1790241459.3190262,-5.0,-5.0,-5.049,-4.348
63.436662482,1790241459.320607,-5.0,-5.0,-4.909,-4.207
63.456355175000006,1790241459.3404307,-5.0,-5.0,-4.768,-4.348
63.459269087,1790241459.3433867,-5.0,-5.0,-4.628,-4.207
63.462159665,1790241459.3461523,-5.0,-5.0,-4.909,-4.067
63.475860420000004,1790241459.359972,-5.0,-5.0,-4.628,-4.348
63.495769051,1790241459.3798158,-5.0,-5.0,-4.628,-4.348
63.498334525000004,1790241459.3824952,-5.0,-5.0,-4.909,-4.207
63.516080027,1790241459.4001403,-5.0,-5.0,-4.909,-4.488
63.518662688000006,1790241459.4026566,-5.0,-5.0,-4.768,-4.628
63.53623016900001,1790241459.420367,-5.0,-5.0,-4.909,-4.628
63.539671218,1790241459.423727,-5.0,-5.0,-5.189,-4.768
63.542862734,1790241459.4269242,-5.0,-5.0,-4.909,-5.189
63.55502963200001,1790241459.4390264,-5.0,-5.0,-5.329,-5.049
63.577524362000005,1790241459.4616876,-5.0,-5.0,-5.329,-5.049
63.581237911,1790241459.4652386,-5.0,-5.0,-5.189,-5.47
63.583300987,1790241459.467269,-5.0,-5.0,-5.47,-5.47
63.595471948000004,1790241459.4795089,-5.0,-5.0,-5.47,-5.47
63.617291104,1790241459.5014527,-5.0,-5.0,-5.47,-5.61
63.621341580000006,1790241459.505456,-5.0,-5.0,-5.61,-5.61
63.62536132700001,1790241459.5094666,-5.0,-5.0,-5.75,-5.75
63.634950824,1790241459.5189495,-5.0,-5.0,-5.61,-5.75
63.657837222000005,1790241459.5420008,-5.0,-5.0,-5.61,-5.61
63.66153207200001,1790241459.5455585,-5.0,-5.0,-5.75,-5.61
63.663459211,1790241459.5474172,-5.0,-5.0,-5.47,-5.61
63.67566918200001,1790241459.559674,5.0,5.0,-5.47,-5.47
63.697021723000006,1790241459.581192,5.0,5.0,-5.47,-5.47
63.700783292000004,1790241459.5849822,5.0,5.0,-5.189,-5.47
63.704593143000004,1790241459.588963,5.0,5.0,-5.049,-5.049
63.71498805900001,1790241459.5989873,5.0,5.0,-4.207,-4.348
63.73754429900001,1790241459.6216795,5.0,5.0,-3.366,-3.787
63.741399098,1790241459.625528,5.0,5.0,-2.104,-2.104
63.743610821000004,1790241459.6275835,5.0,5.0,-0.701,-0.701
63.755481989,1790241459.6395407,5.0,5.0,0.14,0.701
63.775793694,1790241459.6598675,5.0,5.0,0.701,1.402
63.778201667000005,1790241459.6622016,5.0,5.0,1.262,1.963
63.796581806000006,1790241459.6807883,5.0,5.0,1.963,2.524
63.799813062000005,1790241459.6838634,5.0,5.0,2.665,3.506
63.80256197400001,1790241459.6865375,5.0,5.0,3.366,4.348
63.81547007100001,1790241459.6995282,5.0,5.0,3.787,4.768
63.835577401,1790241459.719623,5.0,5.0,4.207,4.909
63.837958447000005,1790241459.7219625,5.0,5.0,4.348,5.329
63.856020720000004,1790241459.7400997,5.0,5.0,4.628,5.47
63.858401714,1790241459.7423987,5.0,5.0,4.768,5.47
63.876135081,1790241459.7602293,5.0,5.0,5.049,5.75
63.878792326,1790241459.7628436,5.0,5.0,5.049,5.61
63.89617064,1790241459.7802625,5.0,5.0,5.049,5.47
63.898855853,1790241459.7828763,5.0,5.0,4.909,5.47
63.916231199,1790241459.800418,5.0,5.0,5.049,5.329
63.92008407,1790241459.804211,5.0,5.0,4.909,5.329
63.923484337000005,1790241459.8075767,5.0,5.0,4.768,5.329
63.934867848,1790241459.8188834,5.0,5.0,4.909,5.049
63.957200182,1790241459.8413417,5.0,5.0,4.768,4.909
63.960720866,1790241459.8449306,5.0,5.0,4.488,5.049
63.962892693,1790241459.8468945,5.0,5.0,4.768,4.768
63.97557204,1790241459.8596416,5.0,5.0,4.909,4.628
63.995601452,1790241459.8796568,5.0,5.0,4.628,4.909
63.99797109200001,1790241459.8820043,5.0,5.0,4.768,4.768
64.01578274,1790241459.8998551,5.0,5.0,5.049,4.488
64.018188995,1790241459.9021885,5.0,5.0,4.628,4.628
64.035976008,1790241459.9200962,5.0,5.0,4.909,4.628
64.039047993,1790241459.9230926,5.0,5.0,5.049,4.488
64.054896981,1790241459.9389176,5.0,5.0,4.768,4.488
64.05642589,1790241459.9403708,5.0,5.0,4.768,4.628
64.07613061500001,1790241459.9602077,5.0,5.0,4.909,4.488
64.078787338,1790241459.9628294,5.0,5.0,5.049,4.348
64.09604013100001,1790241459.9801638,5.0,5.0,4.628,4.628
64.099138002,1790241459.9831817,5.0,5.0,4.768,4.488
64.116387305,1790241460.0004954,5.0,5.0,5.049,4.488
64.119551738,1790241460.003606,5.0,5.0,4.628,4.628
64.122528306,1790241460.0065975,5.0,5.0,4.768,4.768
64.13489609,1790241460.0188975,5.0,5.0,5.049,4.488
64.157260299,1790241460.04142,5.0,5.0,4.909,4.628
64.160991295,1790241460.045035,5.0,5.0,4.768,4.768
64.162966872,1790241460.0469563,5.0,5.0,5.049,4.628
64.175546583,1790241460.0595973,5.0,5.0,5.049,4.628
64.196594488,1790241460.080863,5.0,5.0,4.909,4.909
64.200385745,1790241460.0844924,5.0,5.0,5.049,4.768
64.203843512,1790241460.0879335,5.0,5.0,4.768,4.628
64.21483473,1790241460.0988317,5.0,5.0,4.207,4.067
64.237279512,1790241460.1214545,5.0,5.0,3.646,3.927
64.24092201900001,1790241460.1250556,5.0,5.0,3.085,2.945
64.243283273,1790241460.127259,5.0,5.0,2.384,2.524
64.255461213,1790241460.1395316,5.0,5.0,1.963,1.823
64.27580224100001,1790241460.1598616,5.0,5.0,1.683,1.262
64.27818974600001,1790241460.1622038,5.0,5.0,1.402,1.122
64.295951237,1790241460.180073,5.0,5.0,1.262,0.561
64.299040149,1790241460.183104,5.0,5.0,1.122,0.28
64.316434818,1790241460.2005992,5.0,5.0,0.421,0.0
64.320225346,1790241460.2043998,5.0,5.0,0.0,0.0
64.323816342,1790241460.2079124,5.0,5.0,0.0,0.0
64.334833759,1790241460.2188482,5.0,5.0,0.0,0.0
64.357254217,1790241460.2413967,5.0,5.0,0.0,0.0
64.360902401,1790241460.2450023,5.0,5.0,0.14,0.0
64.362903395,1790241460.2468944,5.0,5.0,0.0,0.0
64.37552383500001,1790241460.2595785,5.0,5.0,0.0,0.0
64.396989813,1790241460.2811532,5.0,5.0,0.0,0.0
64.400505549,1790241460.2846098,5.0,5.0,0.0,0.0
64.403886857,1790241460.287973,5.0,5.0,0.0,0.0
64.414861253,1790241460.2988598,5.0,5.0,0.0,0.0
64.437539317,1790241460.321761,5.0,5.0,0.0,0.0
64.44159432400001,1790241460.3258064,5.0,5.0,0.0,0.0
64.44365417200001,1790241460.3276372,5.0,5.0,0.0,0.0
64.455571174,1790241460.339628,5.0,5.0,0.0,0.0
64.475547722,1790241460.3596165,5.0,5.0,0.0,0.0
64.477981685,1790241460.3619952,5.0,5.0,0.0,0.0
64.495797343,1790241460.379853,5.0,5.0,0.0,0.0
64.498169118,1790241460.3821661,5.0,5.0,0.14,0.0
64.516640716,1790241460.4008465,5.0,5.0,0.0,0.0
64.519872649,1790241460.4039187,5.0,5.0,0.14,0.0
64.522579269,1790241460.4065657,5.0,5.0,0.0,0.0
64.535450595,1790241460.4195082,5.0,5.0,0.14,0.0
64.55610704,1790241460.4401894,5.0,5.0,0.14,0.0
64.55858813900001,1790241460.4426281,5.0,5.0,0.0,0.0
64.576226713,1790241460.4603348,5.0,5.0,0.14,0.0
64.57893786400001,1790241460.4629607,5.0,5.0,0.14,0.0
64.596162949,1790241460.4802701,5.0,5.0,0.14,0.0
64.599247851,1790241460.4833066,5.0,5.0,0.14,0.0
64.61487913,1790241460.498878,5.0,5.0,0.28,0.0
64.61637705,1790241460.5003192,5.0,5.0,0.421,0.0
64.63660536900001,1790241460.5208075,5.0,5.0,0.421,0.0
64.63973657300001,1790241460.5238047,5.0,5.0,0.28,0.0
64.642527724,1790241460.5265346,5.0,5.0,0.561,0.0
64.65555649800001,1790241460.5396154,5.0,5.0,0.421,0.0
64.67575888,1790241460.559816,5.0,5.0,0.561,0.0
64.67818128100001,1790241460.5621843,5.0,5.0,0.561,0.0
64.69603964800001,1790241460.580162,5.0,5.0,0.561,0.0
64.699121789,1790241460.583166,5.0,5.0,0.561,0.0
64.716484269,1790241460.6007173,5.0,5.0,0.701,0.0
64.720237506,1790241460.6043499,5.0,5.0,0.561,0.0
64.72364371,1790241460.6077166,5.0,5.0,0.701,0.14
64.734839408,1790241460.6188474,5.0,5.0,0.701,0.0
64.757520857,1790241460.641684,5.0,5.0,0.841,0.0
64.761059926,1790241460.645083,5.0,5.0,0.701,0.0
64.762977847,1790241460.646964,5.0,5.0,0.841,0.0
64.77553464100001,1790241460.659572,5.0,5.0,0.841,0.0
64.796590462,1790241460.6808202,5.0,5.0,0.841,0.0
64.80018447900001,1790241460.6842918,5.0,5.0,0.841,0.0
64.80367229800001,1790241460.6877456,5.0,5.0,0.841,0.0
64.814856538,1790241460.6988742,5.0,5.0,0.841,0.14
64.83658699600001,1790241460.7207825,5.0,5.0,0.982,0.14
64.83971918900001,1790241460.7237911,5.0,5.0,0.982,0.421
64.84252758000001,1790241460.7264981,5.0,5.0,0.982,0.561
64.85544958300001,1790241460.739505,5.0,5.0,0.841,0.421
64.875793632,1790241460.7598598,5.0,5.0,0.841,0.701
64.87823410600001,1790241460.7622511,5.0,5.0,0.982,0.561
64.896603099,1790241460.7807853,5.0,5.0,0.841,0.561
64.89982123,1790241460.7838783,5.0,5.0,0.982,0.701
64.90280035,1790241460.7867813,5.0,5.0,0.841,0.701
64.915562613,1790241460.7996223,5.0,5.0,0.841,0.701
64.93568166200001,1790241460.8197255,5.0,5.0,0.982,0.561
64.93805843700001,1790241460.8220696,5.0,5.0,0.982,0.841
64.95575196,1790241460.8398259,5.0,5.0,0.841,0.701
64.95816160000001,1790241460.8421664,5.0,5.0,0.982,0.841
64.975950748,1790241460.860072,5.0,5.0,0.982,0.841
64.97899158700001,1790241460.8630702,5.0,5.0,0.982,0.841
64.994928701,1790241460.878927,5.0,5.0,1.122,0.701
64.996414068,1790241460.880346,5.0,5.0,0.982,0.841
65.016178428,1790241460.900288,5.0,5.0,0.982,0.841
65.018890517,1790241460.9029224,5.0,5.0,0.982,0.841
65.036143362,1790241460.9202192,5.0,5.0,0.982,0.982
65.038807273,1790241460.922824,5.0,5.0,0.982,0.841
65.055886211,1790241460.94001,5.0,5.0,1.122,0.982
65.05912017600001,1790241460.9432318,5.0,5.0,0.982,0.841
65.07506156000001,1790241460.9590602,5.0,5.0,0.982,0.841
65.07657489600001,1790241460.9605126,5.0,5.0,0.982,0.982
65.096218891,1790241460.9803064,5.0,5.0,0.982,0.841
65.098898792,1790241460.9829135,5.0,5.0,0.982,0.982
65.101897131,1790241460.9859586,5.0,5.0,1.122,0.982
65.115824605,1790241460.9998991,5.0,5.0,0.982,0.841
65.135777508,1790241461.0198512,5.0,5.0,0.982,0.982
65.138190116,1790241461.022186,5.0,5.0,0.982,0.841
65.156561036,1790241461.0407493,5.0,5.0,0.841,0.982
65.160014376,1790241461.044222,5.0,5.0,0.982,0.982
65.162793027,1790241461.0468366,5.0,5.0,0.841,0.841
65.175678468,1790241461.059691,5.0,5.0,0.841,0.841
65.196023298,1790241461.0800855,5.0,5.0,0.701,0.982
65.198405699,1790241461.0824234,5.0,5.0,0.841,0.841
65.21608828400001,1790241461.1002166,5.0,5.0,1.122,0.982
65.219196675,1790241461.10327,5.0,5.0,1.402,1.262
65.22246402500001,1790241461.1065297,5.0,5.0,1.823,1.262
65.23488300700001,1790241461.11888,5.0,5.0,1.963,2.104
65.25715752800001,1790241461.1412995,5.0,5.0,2.104,2.244
65.260759566,1790241461.1449056,5.0,5.0,2.665,2.665
65.262995872,1790241461.146973,5.0,5.0,3.226,3.085
65.275608188,1790241461.159681,5.0,5.0,3.366,3.787
65.29577499700001,1790241461.1798444,5.0,5.0,3.787,4.067
65.298166095,1790241461.182182,5.0,5.0,4.067,4.348
65.31630435800001,1790241461.200464,5.0,5.0,4.348,4.488
65.31984124,1790241461.2040694,5.0,5.0,4.348,4.768
65.323436038,1790241461.207513,5.0,5.0,4.628,5.189
65.33484033100001,1790241461.2188363,5.0,5.0,4.909,5.049
65.357589488,1790241461.2417526,5.0,5.0,5.049,5.189
65.361285953,1790241461.2454274,5.0,5.0,4.909,5.47
65.36341903,1790241461.2473795,5.0,5.0,5.049,5.329
65.375461865,1790241461.2595196,5.0,5.0,5.329,5.189
65.395900393,1790241461.279957,5.0,5.0,5.049,5.329
65.39830352300001,1790241461.2823048,5.0,5.0,5.189,5.47
65.41641241100001,1790241461.3005333,5.0,5.0,5.329,5.189
65.419457417,1790241461.30367,5.0,5.0,5.189,5.329
65.42256523500001,1790241461.3066416,5.0,5.0,5.049,5.189
65.43488010200001,1790241461.3188949,5.0,5.0,5.329,5.049
65.45718082100001,1790241461.3413398,5.0,5.0,5.049,5.189
65.460779578,1790241461.3449814,5.0,5.0,5.049,5.049
65.462794947,1790241461.3467584,5.0,5.0,5.189,4.909
65.475513096,1790241461.3595843,5.0,5.0,4.909,5.189
65.495805217,1790241461.3798926,5.0,5.0,4.909,4.909
65.498263295,1790241461.382278,5.0,5.0,5.049,4.768
65.51604348400001,1790241461.400152,5.0,5.0,4.909,5.049
65.519058021,1790241461.4031193,5.0,5.0,4.768,4.909
65.536364304,1790241461.4205148,5.0,5.0,5.049,4.909
65.54001113400001,1790241461.4241025,5.0,5.0,4.768,4.909
65.543455463,1790241461.4275272,5.0,5.0,4.768,5.049
65.554999287,1790241461.4390316,5.0,5.0,4.909,4.768
65.576669432,1790241461.460888,5.0,5.0,4.909,4.909
65.57972725,1790241461.4637818,5.0,5.0,4.628,5.049
65.582608766,1790241461.4667284,5.0,5.0,5.049,4.768
65.595527332,1790241461.4795995,5.0,5.0,4.909,4.768
65.615638516,1790241461.4996827,5.0,5.0,4.768,4.909
65.617993833,1790241461.5019982,5.0,5.0,4.909,4.628
65.635786106,1790241461.5198514,5.0,5.0,4.909,4.628
65.63817631900001,1790241461.5221777,5.0,5.0,4.628,4.909
65.656298332,1790241461.540432,5.0,5.0,4.628,4.628
65.659976985,1790241461.5440893,5.0,5.0,4.768,4.768
65.663408866,1790241461.5474837,5.0,5.0,4.628,4.768
65.675078211,1790241461.559082,5.0,5.0,4.488,4.768
65.69534986400001,1790241461.5793993,5.0,5.0,4.628,4.488
65.69724544,1790241461.5812407,5.0,5.0,4.628,4.768
65.717275738,1790241461.6014209,5.0,5.0,4.067,4.628
65.72088418300001,1790241461.604978,5.0,5.0,3.927,3.927
65.722979291,1790241461.6069534,5.0,5.0,3.366,3.366
65.735487387,1790241461.6195827,5.0,5.0,2.805,2.945
65.75704972,1790241461.641088,5.0,5.0,2.384,2.665
65.75884487900001,1790241461.6427991,5.0,5.0,2.244,2.524
65.775308452,1790241461.6593273,5.0,5.0,1.963,1.963
65.77734147700001,1790241461.6613245,5.0,5.0,1.683,1.823
65.79615771,1790241461.6802366,5.0,5.0,1.683,1.823
65.79883229800001,1790241461.682888,5.0,5.0,1.963,1.823
65.81603660200001,1790241461.7002158,5.0,5.0,1.963,2.244
65.819203118,1790241461.7032638,5.0,5.0,2.104,2.384
65.834926533,1790241461.7189264,5.0,5.0,2.244,2.665
65.83643888,1790241461.7203748,5.0,5.0,2.524,2.945
65.85574745800001,1790241461.7397563,5.0,5.0,2.665,3.085
65.857571836,1790241461.741549,5.0,5.0,2.945,3.366
65.876660414,1790241461.760897,5.0,5.0,3.226,3.646
65.879755732,1790241461.7639544,5.0,5.0,3.506,3.787
65.88230479900001,1790241461.766299,5.0,5.0,3.646,3.927
65.89554930300001,1790241461.7796078,5.0,5.0,3.787,4.207
65.915935071,1790241461.7999997,5.0,5.0,4.067,4.348
65.918190648,1790241461.802227,5.0,5.0,4.207,4.628
65.935082815,1790241461.8191028,5.0,5.0,4.348,4.628
65.936672558,1790241461.8206801,5.0,5.0,4.348,4.768
65.956139209,1790241461.8402135,5.0,5.0,4.628,5.049
65.958812652,1790241461.842861,5.0,5.0,4.488,4.909
65.976023674,1790241461.860151,5.0,5.0,4.628,5.049
65.97909743000001,1790241461.8631454,5.0,5.0,4.628,5.189
65.998424445,1790241461.8824742,5.0,5.0,4.628,5.189
66.000264657,1790241461.884232,5.0,5.0,4.488,5.189
66.002049973,1790241461.8860474,5.0,5.0,4.628,5.049
66.014928122,1790241461.8989282,5.0,5.0,4.628,5.189
66.03721540400001,1790241461.9213805,5.0,5.0,4.768,5.049
66.040862077,1790241461.9250758,5.0,5.0,4.768,5.189
66.04324437300001,1790241461.9272444,5.0,5.0,4.909,5.049
66.055296063,1790241461.9393516,5.0,5.0,5.049,5.189
66.075803393,1790241461.959865,5.0,5.0,5.049,5.189
66.07818714700001,1790241461.9622629,5.0,5.0,5.049,5.189
66.095989941,1790241461.980119,5.0,5.0,5.329,5.049
66.099076197,1790241461.9831421,5.0,5.0,5.329,5.049
66.11639774000001,1790241462.0004227,5.0,5.0,5.61,5.049
66.11827321300001,1790241462.0022485,5.0,5.0,5.75,4.909
66.13530913000001,1790241462.0193434,5.0,5.0,5.75,5.049
66.137329394,1790241462.0213218,5.0,5.0,5.89,4.909
66.156196982,1790241462.040301,5.0,5.0,5.89,4.909
66.159284071,1790241462.0434737,5.0,5.0,5.75,5.049
66.161823815,1790241462.0459096,5.0,5.0,5.89,4.909
66.17489035,1790241462.0589294,5.0,5.0,5.75,5.049
66.19628888,1790241462.080456,5.0,5.0,5.75,5.049
66.199829929,1790241462.0839767,5.0,5.0,5.61,5.329
66.20336024800001,1790241462.0874636,5.0,5.0,5.75,5.189
66.214896624,1790241462.0989077,5.0,5.0,5.47,5.329
66.237362656,1790241462.1215236,5.0,5.0,5.47,5.329
66.240980006,1790241462.1249917,5.0,5.0,5.47,5.189
66.24290058300001,1790241462.126883,5.0,5.0,5.329,5.329
66.25601190900001,1790241462.1400554,5.0,5.0,5.189,5.329
66.275607363,1790241462.159685,5.0,5.0,5.329,5.049
66.277817732,1790241462.1618037,5.0,5.0,5.189,5.189
66.29554406700001,1790241462.1795838,5.0,5.0,5.049,5.189
66.297753759,1790241462.18175,5.0,5.0,4.909,5.189
66.315806918,1790241462.1998632,5.0,5.0,4.909,5.049
66.318220256,1790241462.2022252,5.0,5.0,4.909,5.329
66.33597726800001,1790241462.2201054,5.0,5.0,4.909,5.189
66.33904227400001,1790241462.2231195,5.0,5.0,4.909,5.189
66.356273556,1790241462.240304,5.0,5.0,4.909,5.049
66.35812455,1790241462.2420964,5.0,5.0,4.909,5.049
66.375346249,1790241462.259376,5.0,5.0,4.909,5.049
66.377419742,1790241462.2614236,5.0,5.0,4.768,5.049
66.3961716,1790241462.280247,5.0,5.0,4.768,4.628
66.398844053,1790241462.2828944,5.0,5.0,4.768,4.768
66.416359607,1790241462.3006968,5.0,5.0,5.049,4.768
66.419780499,1790241462.3039544,5.0,5.0,4.909,5.049
66.423048318,1790241462.3071783,5.0,5.0,5.049,5.47
66.435117976,1790241462.3191385,5.0,5.0,5.329,5.75
66.45627463000001,1790241462.3403752,5.0,5.0,5.189,5.89
66.458927708,1790241462.342948,5.0,5.0,5.329,5.75
66.476140605,1790241462.3602362,5.0,5.0,5.329,6.031
66.47881524600001,1790241462.3628476,5.0,5.0,5.329,5.75
66.495894288,1790241462.3800156,5.0,5.0,5.47,5.61
66.498976377,1790241462.3830206,5.0,5.0,5.329,5.75
66.51655995200001,1790241462.4007788,5.0,5.0,5.61,5.47
66.520089907,1790241462.4042175,5.0,5.0,5.329,5.47
66.523325486,1790241462.4074087,5.0,5.0,5.47,5.329
66.53521488300001,1790241462.4192448,5.0,5.0,5.61,5.189
66.557196383,1790241462.4413397,5.0,5.0,5.47,5.329
66.56079915000001,1790241462.4449856,5.0,5.0,5.47,5.049
66.563063946,1790241462.4470425,5.0,5.0,5.61,5.049
66.57557610500001,1790241462.4596453,5.0,5.0,5.329,5.049
66.596585207,1790241462.4808507,5.0,5.0,5.47,5.049
66.60034370300001,1790241462.484456,5.0,5.0,5.329,4.909
66.603811418,1790241462.4878833,5.0,5.0,5.189,4.909
66.614836908,1790241462.4988332,5.0,5.0,5.329,5.049
66.636990231,1790241462.5211174,5.0,5.0,5.329,4.909
66.639333725,1790241462.523344,5.0,5.0,5.189,5.049
66.65489500400001,1790241462.538897,5.0,5.0,5.329,5.049
66.656567351,1790241462.5407026,5.0,5.0,5.329,4.909
66.676171346,1790241462.5602963,5.0,5.0,5.189,5.189
66.678933591,1790241462.5629818,5.0,5.0,5.329,5.049
66.69617987400001,1790241462.580278,5.0,5.0,5.329,5.189
66.698891285,1790241462.5829203,5.0,5.0,5.329,5.049
66.701827592,1790241462.5858915,5.0,5.0,5.329,5.329
66.715469493,1790241462.5995467,5.0,5.0,5.329,5.189
66.735797917,1790241462.6198547,5.0,5.0,5.61,5.189
66.73818198400001,1790241462.622177,5.0,5.0,5.47,5.47
66.756617331,1790241462.640795,5.0,5.0,5.329,5.329
66.75982765,1790241462.643879,5.0,5.0,5.61,5.329
66.76280062400001,1790241462.6467912,5.0,5.0,5.47,5.47
66.77545413700001,1790241462.6595242,5.0,5.0,5.47,5.329
66.795779384,1790241462.6798487,5.0,5.0,5.61,5.47
66.798180847,1790241462.6821833,5.0,5.0,5.47,5.329
66.816514892,1790241462.7007205,5.0,5.0,5.47,5.47
66.819759585,1790241462.7038124,5.0,5.0,5.189,5.47
66.82251938200001,1790241462.7065072,5.0,5.0,4.909,5.47
66.83555159400001,1790241462.7196112,5.0,5.0,4.768,5.329
66.855538142,1790241462.7395887,5.0,5.0,4.909,5.47
66.85788174000001,1790241462.7418847,5.0,5.0,4.768,5.329
66.875793441,1790241462.7598622,5.0,5.0,4.768,5.329
66.87818683100001,1790241462.7622101,5.0,5.0,4.909,5.47
66.8962865,1790241462.7804253,5.0,5.0,4.909,5.329
66.89976150700001,1790241462.7838666,5.0,5.0,5.189,5.329
66.90314484700001,1790241462.7872438,5.0,5.0,5.049,5.329
66.914835181,1790241462.798831,5.0,5.0,5.189,5.329
66.936704389,1790241462.8209178,5.0,5.0,5.329,5.189
66.93995241600001,1790241462.8240094,5.0,5.0,5.189,5.189
66.942314087,1790241462.8263054,5.0,5.0,5.329,5.329
66.95550760100001,1790241462.8395402,5.0,5.0,5.329,5.189
66.976615193,1790241462.8609774,5.0,5.0,5.47,5.329
66.98036150200001,1790241462.8644722,5.0,5.0,5.75,5.189
66.983853905,1790241462.8679688,5.0,5.0,5.61,5.049
66.99485866500001,1790241462.8788593,5.0,5.0,5.47,5.189
67.01716886300001,1790241462.901315,5.0,5.0,5.61,5.189
67.02070308900001,1790241462.9048662,5.0,5.0,5.329,5.189
67.022883822,1790241462.9068613,5.0,5.0,5.47,5.189
67.035474835,1790241462.9195533,5.0,5.0,5.329,5.189
67.05592758200001,1790241462.9399912,5.0,5.0,5.189,5.189
67.05833451400001,1790241462.9423416,5.0,5.0,5.049,5.189
67.07656329800001,1790241462.9607704,5.0,5.0,4.909,5.189
67.079712419,1790241462.96378,5.0,5.0,4.909,5.049
67.082523101,1790241462.9664967,5.0,5.0,4.909,5.189
67.095515,1790241462.9795907,5.0,5.0,4.909,5.189
67.115590455,1790241462.9996443,5.0,5.0,5.049,5.329
67.11796952200001,1790241463.0019698,5.0,5.0,5.189,5.189
67.135802107,1790241463.0198724,5.0,5.0,5.049,5.329
67.13818372600001,1790241463.0222046,5.0,5.0,5.049,5.189
67.156313604,1790241463.04047,5.0,5.0,5.049,5.049
67.159871788,1790241463.04414,5.0,5.0,5.049,5.189
67.16370367,1790241463.047885,5.0,5.0,4.909,5.049
67.175068483,1790241463.0590787,5.0,5.0,4.909,5.049
67.197227848,1790241463.0814161,5.0,5.0,4.909,4.909
67.200791917,1790241463.085198,5.0,5.0,4.488,4.628
67.20348786000001,1790241463.0874782,5.0,5.0,3.927,4.067
67.21576382,1790241463.0998602,5.0,5.0,3.506,3.646
67.235804275,1790241463.119875,5.0,5.0,3.085,3.366
67.238178133,1790241463.1222012,5.0,5.0,2.945,2.805
67.256592283,1790241463.1408377,5.0,5.0,2.524,2.665
67.259810414,1790241463.1438627,5.0,5.0,2.244,2.384
67.262788857,1790241463.1467717,5.0,5.0,2.104,2.104
67.275705496,1790241463.159766,5.0,5.0,1.823,1.823
67.295799856,1790241463.1798584,5.0,5.0,1.543,1.823
67.298226059,1790241463.182255,5.0,5.0,1.543,1.543
67.31606489500001,1790241463.2001877,5.0,5.0,1.543,1.402
67.319108598,1790241463.2031703,5.0,5.0,1.543,1.402
67.32223735400001,1790241463.206311,5.0,5.0,1.543,1.402
67.334871545,1790241463.2188666,5.0,5.0,1.543,1.262
67.357208201,1790241463.241365,5.0,5.0,1.402,1.402
67.361004667,1790241463.245118,5.0,5.0,1.402,1.262
67.36290180600001,1790241463.2468657,5.0,5.0,1.402,1.262
67.375737142,1790241463.259815,5.0,5.0,1.402,1.262
67.395762128,1790241463.2798345,5.0,5.0,1.262,1.262
67.398456925,1790241463.282513,5.0,5.0,1.402,1.262
67.41597503,1790241463.3000956,5.0,5.0,1.402,1.122
67.418983838,1790241463.3030295,5.0,5.0,1.402,1.262
67.43490485800001,1790241463.318903,5.0,5.0,1.262,1.262
67.436699757,1790241463.3208885,5.0,5.0,1.543,1.262
67.455999429,1790241463.340054,5.0,5.0,1.402,1.262
67.458393548,1790241463.342418,5.0,5.0,1.402,1.402
67.47658686300001,1790241463.3607988,5.0,5.0,1.262,1.262
67.479799994,1790241463.3638575,5.0,5.0,1.402,1.402
67.482815208,1790241463.3667986,5.0,5.0,1.402,1.402
67.495436795,1790241463.37951,5.0,5.0,1.402,1.402
67.515617874,1790241463.399673,5.0,5.0,1.402,1.402
67.51799392000001,1790241463.4020016,5.0,5.0,1.402,1.402
67.53578786,1790241463.4198575,5.0,5.0,1.543,1.402
67.53821869800001,1790241463.4222171,5.0,5.0,1.402,1.402
67.556321284,1790241463.4404778,5.0,5.0,1.543,1.402
67.56004097900001,1790241463.4441319,5.0,5.0,1.543,1.262
67.563499839,1790241463.447572,5.0,5.0,1.402,1.402
67.574856059,1790241463.45886,5.0,5.0,1.543,1.262
67.597332299,1790241463.48147,5.0,5.0,1.543,1.402
67.60096501400001,1790241463.4849792,5.0,5.0,1.543,1.543
67.602907934,1790241463.4868824,5.0,5.0,1.683,1.543
67.615322385,1790241463.4993513,5.0,5.0,1.683,1.683
67.637223363,1790241463.5214026,5.0,5.0,1.683,1.543
67.640725401,1790241463.525116,5.0,5.0,1.683,1.543
67.643467281,1790241463.5274491,5.0,5.0,1.683,1.543
67.65545183500001,1790241463.5395248,5.0,5.0,1.543,1.543
67.67571312300001,1790241463.559846,5.0,5.0,1.543,1.402
67.67815864900001,1790241463.562154,5.0,5.0,1.543,1.402
67.695923734,1790241463.580048,5.0,5.0,1.402,1.262
67.69900389600001,1790241463.583049,5.0,5.0,1.402,1.262
67.716398044,1790241463.6005392,5.0,5.0,1.262,1.262
67.720025655,1790241463.6041138,5.0,5.0,1.402,1.262
67.723466286,1790241463.6075788,5.0,5.0,1.402,1.262
67.73484625500001,1790241463.6188552,5.0,5.0,1.402,1.262
67.757186245,1790241463.6413698,5.0,5.0,1.402,1.262
67.76090104400001,1790241463.6450536,5.0,5.0,1.402,1.262
67.76284438100001,1790241463.6468053,5.0,5.0,1.402,1.122
67.781112905,1790241463.6651669,1.5277777910232544,-1.5277777910232544,1.262,1.262
67.78305165900001,1790241463.6670318,1.5277777910232544,-1.5277777910232544,1.402,1.262
67.794979389,1790241463.6789827,1.5277777910232544,-1.5277777910232544,1.402,1.122
67.81720318100001,1790241463.7013705,1.5277777910232544,-1.5277777910232544,1.402,0.982
67.820945428,1790241463.7050471,1.5277777910232544,-1.5277777910232544,1.543,0.841
67.82299038000001,1790241463.7069654,1.5277777910232544,-1.5277777910232544,1.543,0.421
67.835444257,1790241463.7195342,1.5277777910232544,-1.5277777910232544,1.823,0.0
67.85566992000001,1790241463.7397077,1.5277777910232544,-1.5277777910232544,1.683,-0.28
67.85812971700001,1790241463.7421517,1.5277777910232544,-1.5277777910232544,1.963,-0.28
67.875851104,1790241463.7599115,1.5277777910232544,-1.5277777910232544,1.823,-0.421
67.878319078,1790241463.76233,1.5277777910232544,-1.5277777910232544,1.823,-0.421
67.896512445,1790241463.7807748,1.5277777910232544,-1.5277777910232544,1.683,-0.561
67.900291775,1790241463.7843978,1.5277777910232544,-1.5277777910232544,1.683,-0.561
67.90382693800001,1790241463.7879236,1.5277777910232544,-1.5277777910232544,1.543,-0.561
67.91489623000001,1790241463.7988932,1.5277777910232544,-1.5277777910232544,1.683,-0.561
67.936945177,1790241463.8211179,1.5277777910232544,-1.5277777910232544,1.543,-0.701
67.94015575600001,1790241463.8242474,1.5277777910232544,-1.5277777910232544,1.262,-0.701
67.94248925000001,1790241463.8264973,1.5277777910232544,-1.5277777910232544,0.982,-0.982
67.955411306,1790241463.8394363,1.5277777910232544,-1.5277777910232544,0.982,-1.122
67.97675884600001,1790241463.8610003,1.5277777910232544,-1.5277777910232544,1.122,-1.262
67.98057671800001,1790241463.864768,1.5277777910232544,-1.5277777910232544,1.122,-1.402
67.984241673,1790241463.8683326,1.5277777910232544,-1.5277777910232544,1.262,-1.543
67.994918412,1790241463.8789146,1.5277777910232544,-1.5277777910232544,1.262,-1.543
68.017354912,1790241463.9015176,1.5277777910232544,-1.5277777910232544,1.122,-1.683
68.021076221,1790241463.9052176,1.5277777910232544,-1.5277777910232544,1.262,-1.963
68.02305002700001,1790241463.9070096,1.5277777910232544,-1.5277777910232544,1.122,-1.683
68.03553536300001,1790241463.9196239,1.5277777910232544,-1.5277777910232544,1.262,-1.823
68.05588587,1790241463.939941,1.5277777910232544,-1.5277777910232544,1.262,-1.823
68.058451292,1790241463.9425092,1.5277777910232544,-1.5277777910232544,0.982,-1.963
68.076650492,1790241463.96088,1.5277777910232544,-1.5277777910232544,1.122,-1.823
68.07990128,1790241463.9640405,1.5277777910232544,-1.5277777910232544,1.262,-1.823
68.083101338,1790241463.9671924,1.5277777910232544,-1.5277777910232544,1.122,-1.823
68.094928079,1790241463.9789252,1.5277777910232544,-1.5277777910232544,1.122,-1.823
68.11749681900001,1790241464.0016565,1.5277777910232544,-1.5277777910232544,1.262,-1.963
68.121320056,1790241464.005471,1.5277777910232544,-1.5277777910232544,1.262,-1.963
68.123535841,1790241464.0074959,1.5277777910232544,-1.5277777910232544,1.262,-1.683
68.135461488,1790241464.0195055,1.5277777910232544,-1.5277777910232544,1.402,-1.823
68.15592418300001,1790241464.0399778,1.5277777910232544,-1.5277777910232544,1.402,-1.683
68.158389657,1790241464.0423856,1.5277777910232544,-1.5277777910232544,1.262,-1.683
68.176713545,1790241464.0609179,1.5277777910232544,-1.5277777910232544,1.262,-1.823
68.179968551,1790241464.0640342,1.5277777910232544,-1.5277777910232544,1.402,-1.683
68.182745952,1790241464.0667229,1.5277777910232544,-1.5277777910232544,1.262,-1.823
68.195576497,1790241464.0796487,1.5277777910232544,-1.5277777910232544,1.402,-1.823
68.215657941,1790241464.099727,1.5277777910232544,-1.5277777910232544,1.402,-1.823
68.218160446,1790241464.102176,1.5277777910232544,-1.5277777910232544,1.262,-1.683
68.235856469,1790241464.1199315,1.5277777910232544,-1.5277777910232544,1.543,-1.683
68.238370015,1790241464.12242,1.5277777910232544,-1.5277777910232544,1.402,-1.683
68.256724269,1790241464.1409228,1.5277777910232544,-1.5277777910232544,1.683,-1.823
68.25999104600001,1790241464.1440406,1.5277777910232544,-1.5277777910232544,1.543,-1.963
68.26338422900001,1790241464.147505,1.5277777910232544,-1.5277777910232544,1.402,-1.823
68.27652378500001,1790241464.1605191,1.5277777910232544,-1.5277777910232544,1.402,-1.963
68.29759122,1790241464.1817894,1.5277777910232544,-1.5277777910232544,1.262,-1.963
68.301495134,1790241464.1856098,1.5277777910232544,-1.5277777910232544,1.402,-1.823
68.30540045400001,1790241464.189485,1.5277777910232544,-1.5277777910232544,1.262,-1.963
68.31505109700001,1790241464.1990583,1.5277777910232544,-1.5277777910232544,1.262,-1.823
68.336728013,1790241464.220908,1.5277777910232544,-1.5277777910232544,1.262,-1.963
68.340094998,1790241464.2241728,1.5277777910232544,-1.5277777910232544,1.402,-1.823
68.342323961,1790241464.2263303,1.5277777910232544,-1.5277777910232544,1.402,-1.823
68.35563039200001,1790241464.2396896,1.5277777910232544,-1.5277777910232544,1.543,-1.823
68.376743661,1790241464.2609804,1.5277777910232544,-1.5277777910232544,1.543,-1.683
68.380643773,1790241464.264823,1.5277777910232544,-1.5277777910232544,1.683,-1.683
68.384265602,1790241464.2683566,1.5277777910232544,-1.5277777910232544,1.543,-1.543
68.394899737,1790241464.2788944,1.5277777910232544,-1.5277777910232544,1.543,-1.402
68.417427019,1790241464.301569,1.5277777910232544,-1.5277777910232544,1.683,-1.402
68.42122895300001,1790241464.3052945,1.5277777910232544,-1.5277777910232544,1.683,-1.543
68.423153436,1790241464.3071277,1.5277777910232544,-1.5277777910232544,1.543,-1.402
68.435834762,1790241464.3198965,1.5277777910232544,-1.5277777910232544,1.683,-1.543
68.455897195,1790241464.3399649,1.5277777910232544,-1.5277777910232544,1.823,-1.543
68.45839845,1790241464.3423955,1.5277777910232544,-1.5277777910232544,1.823,-1.543
68.476218796,1790241464.3603103,1.5277777910232544,-1.5277777910232544,1.823,-1.543
68.479037812,1790241464.3630824,1.5277777910232544,-1.5277777910232544,1.683,-1.543
68.495984667,1790241464.3801043,1.5277777910232544,-1.5277777910232544,1.683,-1.543
68.499134568,1790241464.3831835,1.5277777910232544,-1.5277777910232544,1.543,-1.402
68.51501689,1790241464.399021,1.5277777910232544,-1.5277777910232544,1.543,-1.543
68.516583612,1790241464.400517,1.5277777910232544,-1.5277777910232544,1.543,-1.402
68.536273753,1790241464.4203467,1.5277777910232544,-1.5277777910232544,1.402,-1.402
68.539048185,1790241464.4231641,1.5277777910232544,-1.5277777910232544,1.543,-1.543
68.541846472,1790241464.425871,1.5277777910232544,-1.5277777910232544,1.543,-1.402
68.555737748,1790241464.4398322,1.5277777910232544,-1.5277777910232544,1.402,-1.402
68.575697941,1790241464.4597352,1.5277777910232544,-1.5277777910232544,1.543,-1.402
68.578162581,1790241464.4621773,1.5277777910232544,-1.5277777910232544,1.402,-1.402
68.595867094,1790241464.4799104,1.5277777910232544,-1.5277777910232544,1.402,-1.402
68.598159182,1790241464.4821577,1.5277777910232544,-1.5277777910232544,1.402,-1.262
68.61702807100001,1790241464.5012803,1.5277777910232544,-1.5277777910232544,1.262,-1.262
68.620695318,1790241464.5049248,1.5277777910232544,-1.5277777910232544,1.402,-1.262
68.623649125,1790241464.50766,1.5277777910232544,-1.5277777910232544,1.262,-0.982
68.63497820900001,1790241464.5189993,1.5277777910232544,-1.5277777910232544,1.262,-1.122
68.655939082,1790241464.5400147,1.5277777910232544,-1.5277777910232544,1.402,-0.841
68.658583358,1790241464.542591,1.5277777910232544,-1.5277777910232544,1.402,-1.122
68.67588109900001,1790241464.5599597,1.5277777910232544,-1.5277777910232544,1.402,-0.982
68.678373812,1790241464.562375,1.5277777910232544,-1.5277777910232544,1.402,-0.982
68.696766138,1790241464.5810468,1.5277777910232544,-1.5277777910232544,1.402,-1.122
68.700704322,1790241464.5848863,1.5277777910232544,-1.5277777910232544,1.543,-1.122
68.70432834,1790241464.5883977,1.5277777910232544,-1.5277777910232544,1.402,-1.122
68.714891693,1790241464.598887,1.5277777910232544,-1.5277777910232544,1.262,-1.122
68.737654652,1790241464.6217926,1.5277777910232544,-1.5277777910232544,1.543,-1.122
68.741173461,1790241464.6251838,1.5277777910232544,-1.5277777910232544,1.122,-1.122
68.74315560000001,1790241464.6271172,1.5277777910232544,-1.5277777910232544,1.262,-1.122
68.75536468600001,1790241464.6394017,1.5277777910232544,-1.5277777910232544,1.402,-1.122
68.777306341,1790241464.6614957,1.5277777910232544,-1.5277777910232544,1.122,-1.122
68.781034265,1790241464.6651196,1.5277777910232544,-1.5277777910232544,1.122,-1.122
68.78455948,1790241464.668951,1.5277777910232544,-1.5277777910232544,1.402,-1.262
68.795019291,1790241464.6790235,1.5277777910232544,-1.5277777910232544,1.122,-1.122
68.817428969,1790241464.7015913,1.5277777910232544,-1.5277777910232544,1.262,-1.262
68.821192986,1790241464.7052867,1.5277777910232544,-1.5277777910232544,1.402,-1.402
68.823111376,1790241464.707103,1.5277777910232544,-1.5277777910232544,1.262,-1.262
68.835836712,1790241464.7199106,1.5277777910232544,-1.5277777910232544,1.402,-1.402
68.855895968,1790241464.7399511,1.5277777910232544,-1.5277777910232544,1.262,-1.402
68.858430817,1790241464.7424395,1.5277777910232544,-1.5277777910232544,1.402,-1.402
68.876691945,1790241464.760955,1.5277777910232544,-1.5277777910232544,1.543,-1.262
68.88057512900001,1790241464.7647321,1.5277777910232544,-1.5277777910232544,1.402,-1.402
68.88419201100001,1790241464.768306,1.5277777910232544,-1.5277777910232544,1.683,-1.543
68.894883125,1790241464.778891,1.5277777910232544,-1.5277777910232544,1.683,-1.402
68.917424834,1790241464.8015907,1.5277777910232544,-1.5277777910232544,1.823,-1.543
68.921236456,1790241464.8053582,1.5277777910232544,-1.5277777910232544,1.823,-1.543
68.923544064,1790241464.8075252,1.5277777910232544,-1.5277777910232544,1.823,-1.543
68.935722837,1790241464.8197854,1.5277777910232544,-1.5277777910232544,1.683,-1.823
68.955906209,1790241464.8399863,1.5277777910232544,-1.5277777910232544,1.543,-1.683
68.958403245,1790241464.842416,1.5277777910232544,-1.5277777910232544,1.402,-1.823
68.976012288,1790241464.8601332,1.5277777910232544,-1.5277777910232544,1.402,-1.823
68.979157398,1790241464.8632224,1.5277777910232544,-1.5277777910232544,1.543,-1.683
68.995913419,1790241464.8800688,1.5277777910232544,-1.5277777910232544,1.543,-1.543
68.99912217500001,1790241464.8832576,1.5277777910232544,-1.5277777910232544,1.823,-1.543
69.002340567,1790241464.8864074,1.5277777910232544,-1.5277777910232544,1.823,-1.683
69.014954757,1790241464.8989604,1.5277777910232544,-1.5277777910232544,1.683,-1.543
69.037413133,1790241464.9215968,1.5277777910232544,-1.5277777910232544,1.543,-1.683
69.04113907700001,1790241464.925164,1.5277777910232544,-1.5277777910232544,1.402,-1.683
69.043114081,1790241464.9271011,1.5277777910232544,-1.5277777910232544,1.262,-1.823
69.05539358300001,1790241464.9394195,1.5277777910232544,-1.5277777910232544,1.262,-1.543
69.07670128000001,1790241464.9609702,1.5277777910232544,-1.5277777910232544,1.262,-1.683
69.080752225,1790241464.9651008,1.5277777910232544,-1.5277777910232544,1.262,-1.402
69.085100306,1790241464.9692776,1.5277777910232544,-1.5277777910232544,1.543,-1.402
69.09493053300001,1790241464.9789283,1.5277777910232544,-1.5277777910232544,1.683,-1.262
69.117490575,1790241465.0016558,1.5277777910232544,-1.5277777910232544,1.683,-1.262
69.121206832,1790241465.0052192,1.5277777910232544,-1.5277777910232544,1.823,-1.262
69.12318501300001,1790241465.007154,1.5277777910232544,-1.5277777910232544,1.823,-1.262
69.13566337,1790241465.01969,1.5277777910232544,-1.5277777910232544,1.823,-1.402
69.155859397,1790241465.0399332,1.5277777910232544,-1.5277777910232544,1.543,-1.543
69.158198985,1790241465.0422058,1.5277777910232544,-1.5277777910232544,1.683,-1.402
69.175458132,1790241465.0594974,1.5277777910232544,-1.5277777910232544,1.262,-1.402
69.177715219,1790241465.061731,1.5277777910232544,-1.5277777910232544,1.262,-0.982
69.195908066,1790241465.0799825,1.5277777910232544,-1.5277777910232544,1.122,-0.421
69.198319946,1790241465.0823193,1.5277777910232544,-1.5277777910232544,0.982,0.0
69.216619824,1790241465.1008003,1.5277777910232544,-1.5277777910232544,0.701,0.14
69.21976540300001,1790241465.1038334,1.5277777910232544,-1.5277777910232544,0.841,0.14
69.222572856,1790241465.1065507,1.5277777910232544,-1.5277777910232544,0.841,0.14
69.235465953,1790241465.1195393,1.5277777910232544,-1.5277777910232544,0.982,0.0
69.263357568,1790241465.1473944,1.5277777910232544,-1.5277777910232544,0.982,0.0
69.265337363,1790241465.1493099,1.5277777910232544,-1.5277777910232544,1.122,0.0
69.26724236700001,1790241465.151207,1.5277777910232544,-1.5277777910232544,0.982,-0.14
69.274961496,1790241465.159025,1.5277777910232544,-1.5277777910232544,1.122,0.0
69.300032689,1790241465.1840968,1.5277777910232544,-1.5277777910232544,1.122,0.0
69.302410402,1790241465.186433,1.5277777910232544,-1.5277777910232544,1.122,0.0
69.304461083,1790241465.1885016,1.5277777910232544,-1.5277777910232544,1.262,-0.14
69.31530240500001,1790241465.199352,1.5277777910232544,-1.5277777910232544,1.262,-0.421
69.33566197500001,1790241465.2197196,1.5277777910232544,-1.5277777910232544,1.262,-0.421
69.338117917,1790241465.2221348,1.5277777910232544,-1.5277777910232544,1.402,-0.701
69.355833836,1790241465.2398922,1.5277777910232544,-1.5277777910232544,1.402,-0.841
69.358320194,1790241465.2423317,1.5277777910232544,-1.5277777910232544,1.543,-1.122
69.37644569700001,1790241465.2606025,1.5277777910232544,-1.5277777910232544,1.683,-1.122
69.38077258,1790241465.265166,1.5277777910232544,-1.5277777910232544,1.543,-1.262
69.385078057,1790241465.2692454,1.5277777910232544,-1.5277777910232544,1.543,-1.402
69.39631099500001,1790241465.2803109,1.5277777910232544,-1.5277777910232544,1.683,-1.543
69.416974628,1790241465.3011014,1.5277777910232544,-1.5277777910232544,1.543,-1.683
69.42014979000001,1790241465.3042085,1.5277777910232544,-1.5277777910232544,1.543,-1.683
69.422487242,1790241465.3064828,1.5277777910232544,-1.5277777910232544,1.543,-1.823
69.43572362100001,1790241465.319782,1.5277777910232544,-1.5277777910232544,1.543,-1.683
69.45586631500001,1790241465.3399622,1.5277777910232544,-1.5277777910232544,1.543,-1.823
69.45835376800001,1790241465.3423483,1.5277777910232544,-1.5277777910232544,1.683,-1.823
69.47661739600001,1790241465.360991,1.5277777910232544,-1.5277777910232544,1.683,-1.823
69.480291361,1790241465.3644328,1.5277777910232544,-1.5277777910232544,1.543,-1.823
69.48379142,1790241465.3679116,1.5277777910232544,-1.5277777910232544,1.543,-1.823
69.495261389,1790241465.3792648,1.5277777910232544,-1.5277777910232544,1.543,-1.683
69.516938409,1790241465.401051,1.5277777910232544,-1.5277777910232544,1.402,-1.683
69.52013638400001,1790241465.4042182,1.5277777910232544,-1.5277777910232544,1.402,-1.683
69.52237248200001,1790241465.4063728,1.5277777910232544,-1.5277777910232544,1.402,-1.402
69.53563183,1790241465.4196858,1.5277777910232544,-1.5277777910232544,1.402,-1.402
69.558666873,1790241465.4427135,1.5277777910232544,-1.5277777910232544,1.543,-1.402
69.56071213700001,1790241465.444915,1.5277777910232544,-1.5277777910232544,1.402,-1.402
69.56311698600001,1790241465.4472814,1.5277777910232544,-1.5277777910232544,1.543,-1.262
69.5754393,1790241465.459522,1.5277777910232544,-1.5277777910232544,1.543,-1.402
69.595910745,1790241465.4799862,1.5277777910232544,-1.5277777910232544,1.543,-1.262
69.59842017700001,1790241465.482421,1.5277777910232544,-1.5277777910232544,1.402,-1.402
69.616056512,1790241465.5001595,1.5277777910232544,-1.5277777910232544,1.402,-1.402
69.619188081,1790241465.503254,1.5277777910232544,-1.5277777910232544,1.402,-1.402
69.635328215,1790241465.5193267,1.5277777910232544,-1.5277777910232544,1.402,-1.262
69.63800025100001,1790241465.5220928,1.5277777910232544,-1.5277777910232544,1.402,-1.402
69.65489096,1790241465.5388968,1.5277777910232544,-1.5277777910232544,1.402,-1.402
69.656686901,1790241465.5407763,1.5277777910232544,-1.5277777910232544,1.402,-1.402
69.676293552,1790241465.5603902,1.5277777910232544,-1.5277777910232544,1.543,-1.262
69.67909298500001,1790241465.5631738,1.5277777910232544,-1.5277777910232544,1.543,-1.402
69.68160116700001,1790241465.5656111,1.5277777910232544,-1.5277777910232544,1.402,-1.402
69.69563062,1790241465.5796947,1.5277777910232544,-1.5277777910232544,1.543,-1.543
69.717183629,1790241465.6013794,1.5277777910232544,-1.5277777910232544,1.402,-1.402
69.721046032,1790241465.6051633,1.5277777910232544,-1.5277777910232544,1.402,-1.543
69.724590831,1790241465.6089575,1.5277777910232544,-1.5277777910232544,1.402,-1.543
69.734899236,1790241465.6189115,1.5277777910232544,-1.5277777910232544,1.402,-1.402
69.757371049,1790241465.6415365,1.5277777910232544,-1.5277777910232544,1.543,-1.402
69.76118600400001,1790241465.6452699,1.5277777910232544,-1.5277777910232544,1.402,-1.402
69.76308272600001,1790241465.6470613,1.5277777910232544,-1.5277777910232544,1.683,-1.543
69.775823062,1790241465.6598985,1.5277777910232544,-1.5277777910232544,1.543,-1.262
69.795861277,1790241465.679932,1.5277777910232544,-1.5277777910232544,1.683,-1.402
69.798357636,1790241465.6823578,1.5277777910232544,-1.5277777910232544,1.683,-1.402
69.81644277400001,1790241465.7006059,1.5277777910232544,-1.5277777910232544,1.683,-1.402
69.820371167,1790241465.7044604,1.5277777910232544,-1.5277777910232544,1.543,-1.402
69.823988934,1790241465.7080867,1.5277777910232544,-1.5277777910232544,1.543,-1.402
69.834912028,1790241465.7189095,1.5277777910232544,-1.5277777910232544,1.683,-1.402
69.857445872,1790241465.7416122,1.5277777910232544,-1.5277777910232544,1.402,-1.402
69.861381921,1790241465.7455308,1.5277777910232544,-1.5277777910232544,1.543,-1.262
69.863541873,1790241465.7475214,1.5277777910232544,-1.5277777910232544,1.543,-1.402
69.8755395,1790241465.7596104,1.5277777910232544,-1.5277777910232544,1.683,-1.262
69.89591933,1790241465.7799752,1.5277777910232544,-1.5277777910232544,1.543,-1.402
69.89840298,1790241465.7824013,1.5277777910232544,-1.5277777910232544,1.543,-1.402
69.916144993,1790241465.800299,1.5277777910232544,-1.5277777910232544,1.683,-1.543
69.919435155,1790241465.8035862,1.5277777910232544,-1.5277777910232544,1.402,-1.402
69.922674484,1790241465.8067675,1.5277777910232544,-1.5277777910232544,1.402,-1.543
69.93505664300001,1790241465.8190875,1.5277777910232544,-1.5277777910232544,1.402,-1.683
69.957414498,1790241465.8415773,1.5277777910232544,-1.5277777910232544,1.543,-1.543
69.96126778600001,1790241465.8452847,1.5277777910232544,-1.5277777910232544,1.402,-1.543
69.96316565400001,1790241465.8471315,1.5277777910232544,-1.5277777910232544,1.402,-1.543
69.97585849100001,1790241465.8599129,1.5277777910232544,-1.5277777910232544,1.402,-1.543
69.99587196600001,1790241465.879944,1.5277777910232544,-1.5277777910232544,1.543,-1.543
69.998353897,1790241465.8823667,1.5277777910232544,-1.5277777910232544,1.402,-1.543
70.016489609,1790241465.9007497,1.5277777910232544,-1.5277777910232544,1.262,-1.543
70.020400866,1790241465.9044921,1.5277777910232544,-1.5277777910232544,1.262,-1.683
70.023988112,1790241465.9081073,1.5277777910232544,-1.5277777910232544,1.402,-1.683
70.03490677900001,1790241465.918902,1.5277777910232544,-1.5277777910232544,1.262,-1.683
70.057438227,1790241465.9415789,1.5277777910232544,-1.5277777910232544,1.402,-1.683
70.06115729700001,1790241465.9451683,1.5277777910232544,-1.5277777910232544,1.543,-1.683
70.06314740500001,1790241465.947125,1.5277777910232544,-1.5277777910232544,1.543,-1.823
70.07540248000001,1790241465.9594264,1.5277777910232544,-1.5277777910232544,1.543,-1.543
70.09678496800001,1790241465.9810226,1.5277777910232544,-1.5277777910232544,1.683,-1.683
70.10053794400001,1790241465.9846926,1.5277777910232544,-1.5277777910232544,1.823,-1.683
70.10412394000001,1790241465.988213,1.5277777910232544,-1.5277777910232544,1.683,-1.543
70.114909221,1790241465.9989069,1.5277777910232544,-1.5277777910232544,1.683,-1.683
70.137363898,1790241466.0215235,1.5277777910232544,-1.5277777910232544,1.683,-1.683
70.14113781200001,1790241466.0252993,1.5277777910232544,-1.5277777910232544,1.683,-1.543
70.143653598,1790241466.0276124,1.5277777910232544,-1.5277777910232544,1.543,-1.543
70.155433203,1790241466.0394857,1.5277777910232544,-1.5277777910232544,1.543,-1.543
70.17518548000001,1790241466.059205,1.5277777910232544,-1.5277777910232544,1.543,-1.543
70.17723537900001,1790241466.0612295,1.5277777910232544,-1.5277777910232544,1.683,-1.543
70.19636578000001,1790241466.0804641,1.5277777910232544,-1.5277777910232544,1.543,-1.262
70.19913391,1790241466.0831497,1.5277777910232544,-1.5277777910232544,1.402,-0.982
70.202186051,1790241466.0861962,1.5277777910232544,-1.5277777910232544,1.122,-0.701
70.21560133700001,1790241466.0996773,1.5277777910232544,-1.5277777910232544,0.841,0.0
70.235556531,1790241466.1196187,1.5277777910232544,-1.5277777910232544,0.561,0.0
70.237801847,1790241466.121847,1.5277777910232544,-1.5277777910232544,0.561,0.0
70.25577068300001,1790241466.1398318,1.5277777910232544,-1.5277777910232544,0.421,0.0
70.258143969,1790241466.1421425,1.5277777910232544,-1.5277777910232544,0.561,0.0
70.27623457600001,1790241466.1604154,1.5277777910232544,-1.5277777910232544,0.701,0.0
70.27995276,1790241466.164233,1.5277777910232544,-1.5277777910232544,0.561,-0.14
70.283583027,1790241466.16768,1.5277777910232544,-1.5277777910232544,0.701,0.0
70.29484247500001,1790241466.178849,1.5277777910232544,-1.5277777910232544,0.841,0.0
70.31724908000001,1790241466.2014315,1.5277777910232544,-1.5277777910232544,0.841,0.0
70.321135962,1790241466.2052305,1.5277777910232544,-1.5277777910232544,0.982,-0.14
70.32343654,1790241466.207403,1.5277777910232544,-1.5277777910232544,0.982,-0.28
70.335542448,1790241466.2196171,1.5277777910232544,-1.5277777910232544,1.262,-0.421
70.35589113200001,1790241466.239947,1.5277777910232544,-1.5277777910232544,1.402,-0.28
70.358344574,1790241466.2423391,1.5277777910232544,-1.5277777910232544,1.543,-0.561
70.376065545,1790241466.260186,1.5277777910232544,-1.5277777910232544,1.543,-0.701
70.37937987400001,1790241466.2635872,1.5277777910232544,-1.5277777910232544,1.683,-0.841
70.382644255,1790241466.266729,1.5277777910232544,-1.5277777910232544,1.543,-0.982
70.394940163,1790241466.2789567,1.5277777910232544,-1.5277777910232544,1.543,-1.122
70.417368435,1790241466.301525,1.5277777910232544,-1.5277777910232544,1.402,-1.262
70.421170473,1790241466.3052552,1.5277777910232544,-1.5277777910232544,1.543,-1.262
70.423300165,1790241466.3072855,1.5277777910232544,-1.5277777910232544,1.402,-1.262
70.435503365,1790241466.3195615,1.5277777910232544,-1.5277777910232544,1.402,-1.402
70.45612225800001,1790241466.3402083,1.5277777910232544,-1.5277777910232544,1.402,-1.543
70.458613252,1790241466.342633,1.5277777910232544,-1.5277777910232544,1.402,-1.402
70.47625536800001,1790241466.3603435,1.5277777910232544,-1.5277777910232544,1.543,-1.683
70.479075947,1790241466.3631284,1.5277777910232544,-1.5277777910232544,1.543,-1.683
70.496077281,1790241466.3801837,1.5277777910232544,-1.5277777910232544,1.402,-1.683
70.49927713000001,1790241466.3833249,1.5277777910232544,-1.5277777910232544,1.402,-1.823
70.515055702,1790241466.399064,1.5277777910232544,-1.5277777910232544,1.402,-1.823
70.51661560000001,1790241466.400561,1.5277777910232544,-1.5277777910232544,1.402,-1.823
70.536319387,1790241466.4204133,1.5277777910232544,-1.5277777910232544,1.262,-1.823
70.539114184,1790241466.4232216,1.5277777910232544,-1.5277777910232544,1.402,-1.823
70.54189794,1790241466.425923,1.5277777910232544,-1.5277777910232544,1.402,-1.823
70.556615103,1790241466.4408636,1.5277777910232544,-1.5277777910232544,1.543,-1.683
70.57551185700001,1790241466.45955,1.5277777910232544,-1.5277777910232544,1.543,-1.823
70.577756392,1790241466.4617412,1.5277777910232544,-1.5277777910232544,1.683,-1.823
70.59595861400001,1790241466.4800313,1.5277777910232544,-1.5277777910232544,1.683,-1.823
70.59848476500001,1790241466.4824917,1.5277777910232544,-1.5277777910232544,1.683,-1.683
70.61624432900001,1790241466.500334,1.5277777910232544,-1.5277777910232544,1.683,-1.683
70.61905251200001,1790241466.503066,1.5277777910232544,-1.5277777910232544,1.683,-1.683
70.63597322000001,1790241466.5200794,1.5277777910232544,-1.5277777910232544,1.402,-1.402
70.63916999700001,1790241466.5232308,1.5277777910232544,-1.5277777910232544,1.543,-1.543
70.65890118,1790241466.542953,5.0,5.0,1.543,-1.402
70.661075924,1790241466.545072,5.0,5.0,1.543,-1.402
70.66350577200001,1790241466.5475597,5.0,5.0,1.543,-1.402
70.674934439,1790241466.558948,5.0,5.0,1.823,-1.543
70.697361877,1790241466.581525,5.0,5.0,1.823,-1.402
70.70126594700001,1790241466.5853508,5.0,5.0,1.823,-0.982
70.703204024,1790241466.587176,5.0,5.0,2.104,-0.421
70.715445297,1790241466.599539,5.0,5.0,2.244,0.561
70.73556335500001,1790241466.6196198,5.0,5.0,2.524,1.543
70.737943152,1790241466.621943,5.0,5.0,2.945,2.244
70.755766987,1790241466.6398535,5.0,5.0,3.366,2.104
70.758169388,1790241466.6421642,5.0,5.0,3.366,2.384
70.776557235,1790241466.660799,5.0,5.0,3.366,2.665
70.77967104300001,1790241466.6638908,5.0,5.0,3.927,3.226
70.782781309,1790241466.66685,5.0,5.0,4.207,3.646
70.794863363,1790241466.678911,5.0,5.0,4.348,3.927
70.817281374,1790241466.7014225,5.0,5.0,4.348,4.067
70.82091773500001,1790241466.7050362,5.0,5.0,4.488,4.207
70.823284822,1790241466.7072701,5.0,5.0,4.768,4.348
70.835474585,1790241466.7195313,5.0,5.0,4.768,4.909
70.85577498800001,1790241466.7398283,5.0,5.0,4.909,4.768
70.858166294,1790241466.7421837,5.0,5.0,4.909,4.768
70.876606173,1790241466.7608032,5.0,5.0,4.909,5.049
70.87980946,1790241466.7638643,5.0,5.0,5.049,5.049
70.88256889200001,1790241466.7665424,5.0,5.0,5.049,4.909
70.895435687,1790241466.7794943,5.0,5.0,4.909,5.189
70.915369735,1790241466.7994115,5.0,5.0,5.049,5.189
70.917582083,1790241466.8015783,5.0,5.0,5.049,5.049
70.93594321100001,1790241466.8200173,5.0,5.0,5.049,5.189
70.938321809,1790241466.8223186,5.0,5.0,5.049,5.049
70.95613007200001,1790241466.840224,5.0,5.0,5.189,5.049
70.95880799400001,1790241466.8428636,5.0,5.0,5.049,5.049
70.975881255,1790241466.8599794,5.0,5.0,5.049,5.189
70.97907048,1790241466.8631313,5.0,5.0,5.189,4.909
70.99492097800001,1790241466.878925,5.0,5.0,5.189,5.049
70.99641660600001,1790241466.8803601,5.0,5.0,5.189,4.909
71.016101383,1790241466.9001963,5.0,5.0,5.189,4.909
71.018777377,1790241466.9027944,5.0,5.0,5.189,4.909
71.036243295,1790241466.9203687,5.0,5.0,5.049,5.049
71.039326634,1790241466.9233682,5.0,5.0,5.049,4.909
71.042685339,1790241466.9267964,5.0,5.0,5.049,4.768
71.054848018,1790241466.9388552,5.0,5.0,4.909,5.049
71.076975559,1790241466.9611373,5.0,5.0,4.768,4.768
71.08017431500001,1790241466.9642642,5.0,5.0,4.909,4.768
71.083017654,1790241466.9670012,5.0,5.0,4.628,4.909
71.095494761,1790241466.979566,5.0,5.0,4.768,4.768
71.115564903,1790241466.9996083,5.0,5.0,4.768,4.628
71.11802647,1790241467.0020363,5.0,5.0,4.909,4.768
71.135793795,1790241467.0198653,5.0,5.0,4.768,4.768
71.138211143,1790241467.0222244,5.0,5.0,5.049,4.628
71.15638482300001,1790241467.0405486,5.0,5.0,4.909,4.768
71.159962955,1790241467.0441122,5.0,5.0,4.909,4.768
71.163444263,1790241467.047544,5.0,5.0,4.909,4.628
71.17485907700001,1790241467.0588653,5.0,5.0,5.189,4.768
71.19731333700001,1790241467.0814755,5.0,5.0,4.768,4.628
71.20079100000001,1790241467.0850813,5.0,5.0,4.348,4.067
71.203180796,1790241467.0871778,5.0,5.0,3.927,3.506
71.215592747,1790241467.099646,5.0,5.0,3.226,2.805
71.235509138,1790241467.1195679,5.0,5.0,2.524,2.384
71.237841539,1790241467.1218853,5.0,5.0,2.244,1.963
71.255806312,1790241467.1398785,5.0,5.0,1.823,1.683
71.258237306,1790241467.1422646,5.0,5.0,1.683,0.841
71.27594374600001,1790241467.160052,5.0,5.0,1.262,0.561
71.278982501,1790241467.1630435,5.0,5.0,0.982,0.421
71.29628571100001,1790241467.1804497,5.0,5.0,0.561,0.14
71.30000577,1790241467.184096,5.0,5.0,0.28,0.0
71.303462964,1790241467.187557,5.0,5.0,0.14,0.0
71.314861839,1790241467.1988757,5.0,5.0,0.0,0.0
71.33658412,1790241467.220803,5.0,5.0,0.0,0.0
71.33968719900001,1790241467.2237287,5.0,5.0,0.0,0.0
71.34233611,1790241467.2263331,5.0,5.0,0.0,0.0
71.355486551,1790241467.2395513,5.0,5.0,0.0,0.0
71.375804558,1790241467.2598598,5.0,5.0,0.14,0.0
71.37818977100001,1790241467.2622027,5.0,5.0,0.0,0.0
71.396269336,1790241467.2804325,5.0,5.0,0.0,0.0
71.39982439500001,1790241467.2840974,5.0,5.0,0.14,0.0
71.403445183,1790241467.2875395,5.0,5.0,0.0,0.0
71.414853277,1790241467.29886,5.0,5.0,0.14,0.0
71.437236548,1790241467.3214176,5.0,5.0,0.14,0.0
71.441026764,1790241467.3251326,5.0,5.0,0.28,0.0
71.44329176800001,1790241467.3272638,5.0,5.0,0.28,0.0
71.45552262400001,1790241467.3395631,5.0,5.0,0.28,0.0
71.475808392,1790241467.3598778,5.0,5.0,0.421,0.0
71.478198448,1790241467.3621924,5.0,5.0,0.421,0.0
71.496587077,1790241467.3807867,5.0,5.0,0.421,0.14
71.499722864,1790241467.3837733,5.0,5.0,0.561,0.0
71.502518963,1790241467.3865235,5.0,5.0,0.701,0.14
71.51586919600001,1790241467.399938,5.0,5.0,0.561,0.14
71.53580069200001,1790241467.4198627,5.0,5.0,0.701,0.28
71.53818981100001,1790241467.4222138,5.0,5.0,0.701,0.561
71.555902136,1790241467.4400241,5.0,5.0,0.841,0.421
71.558989017,1790241467.4430337,5.0,5.0,0.841,0.561
71.57494383800001,1790241467.4589608,5.0,5.0,0.841,0.561
71.576452226,1790241467.4603877,5.0,5.0,0.841,0.561
71.595979919,1790241467.4800367,5.0,5.0,0.841,0.701
71.598426018,1790241467.4824362,5.0,5.0,1.122,0.701
71.616118759,1790241467.5002458,5.0,5.0,1.262,0.841
71.61918480700001,1790241467.503248,5.0,5.0,1.122,0.701
71.63489634700001,1790241467.5189173,5.0,5.0,1.122,0.982
71.636433537,1790241467.5203686,5.0,5.0,1.122,0.982
71.656218001,1790241467.540313,5.0,5.0,1.262,0.982
71.658985246,1790241467.5430312,5.0,5.0,1.122,0.982
71.67577533000001,1790241467.5598717,5.0,5.0,1.122,0.982
71.67847304300001,1790241467.5625122,5.0,5.0,1.122,1.122
71.69513593900001,1790241467.579167,5.0,5.0,1.262,0.982
71.69710708800001,1790241467.5810778,5.0,5.0,1.262,0.982
71.716110301,1790241467.6002047,5.0,5.0,1.402,1.122
71.718784056,1790241467.6027992,5.0,5.0,1.402,1.122
71.735905234,1790241467.6200135,5.0,5.0,1.402,1.122
71.73892758400001,1790241467.622996,5.0,5.0,1.543,0.982
71.755022145,1790241467.6390307,5.0,5.0,1.402,1.122
71.756693919,1790241467.640859,5.0,5.0,1.262,0.982
71.77616145600001,1790241467.660242,5.0,5.0,1.402,0.982
71.778852398,1790241467.662939,5.0,5.0,1.262,0.982
71.795748732,1790241467.6797688,-5.0,-5.0,1.402,0.982
71.797445975,1790241467.6814117,-5.0,-5.0,1.262,0.982
71.815325227,1790241467.699363,-5.0,-5.0,1.402,0.841
71.81750278300001,1790241467.7015178,-5.0,-5.0,1.402,0.982
71.835815682,1790241467.7198703,-5.0,-5.0,1.122,0.701
71.838207822,1790241467.7222197,-5.0,-5.0,0.561,0.421
71.856699159,1790241467.740944,-5.0,-5.0,0.14,-0.14
71.860107342,1790241467.7442074,-5.0,-5.0,-0.28,-0.561
71.862610837,1790241467.746582,-5.0,-5.0,-0.561,-0.982
71.87589763300001,1790241467.7599401,-5.0,-5.0,-0.701,-1.262
71.895724961,1790241467.7797735,-5.0,-5.0,-1.122,-1.963
71.898277883,1790241467.7824621,-5.0,-5.0,-1.402,-2.524
71.916027083,1790241467.8000963,-5.0,-5.0,-1.963,-2.805
71.918712505,1790241467.8027613,-5.0,-5.0,-2.104,-3.085
71.937045768,1790241467.8211536,-5.0,-5.0,-2.524,-3.506
71.94043718100001,1790241467.824507,-5.0,-5.0,-2.945,-3.787
71.94366598900001,1790241467.8277223,-5.0,-5.0,-3.226,-3.927
71.955117833,1790241467.8391356,-5.0,-5.0,-3.506,-4.348
71.97690985300001,1790241467.8610492,-5.0,-5.0,-3.646,-4.488
71.980213297,1790241467.8643024,-5.0,-5.0,-3.787,-4.488
71.982940959,1790241467.8669124,-5.0,-5.0,-4.207,-4.768
71.99597515,1790241467.8800306,-5.0,-5.0,-4.207,-4.768
72.015996489,1790241467.9000552,-5.0,-5.0,-4.207,-4.909
72.01858264,1790241467.9025812,-5.0,-5.0,-4.348,-4.909
72.03633673600001,1790241467.920414,-5.0,-5.0,-4.348,-4.909
72.039290908,1790241467.9233396,-5.0,-5.0,-4.488,-4.909
72.042280966,1790241467.9264302,-5.0,-5.0,-4.348,-4.909
72.056027762,1790241467.9400985,-5.0,-5.0,-4.488,-5.049
72.075731706,1790241467.9598458,-5.0,-5.0,-4.628,-4.768
72.078521398,1790241467.962581,-5.0,-5.0,-4.488,-5.049
72.095790233,1790241467.9798286,-5.0,-5.0,-4.628,-4.768
72.098162946,1790241467.982189,-5.0,-5.0,-4.768,-4.628
72.116913033,1790241468.0010664,-5.0,-5.0,-4.768,-4.768
72.120389446,1790241468.0044796,-5.0,-5.0,-4.628,-4.768
72.12280335700001,1790241468.0068064,-5.0,-5.0,-4.909,-4.628
72.13569421400001,1790241468.0197654,-5.0,-5.0,-4.909,-4.628
72.155995346,1790241468.0400746,-5.0,-5.0,-4.768,-4.628
72.158581913,1790241468.042583,-5.0,-5.0,-5.049,-4.488
72.176177623,1790241468.0602825,-5.0,-5.0,-5.049,-4.488
72.17949518200001,1790241468.0635412,-5.0,-5.0,-4.909,-4.768
72.195013023,1790241468.079039,-5.0,-5.0,-5.189,-4.628
72.196653964,1790241468.0806015,-5.0,-5.0,-5.049,-4.628
72.216375407,1790241468.10047,-5.0,-5.0,-5.049,-4.768
72.219247288,1790241468.1034129,-5.0,-5.0,-5.049,-4.768
72.221882605,1790241468.1058881,-5.0,-5.0,-5.329,-4.768
72.235746902,1790241468.1198332,-5.0,-5.0,-5.189,-4.768
72.256990223,1790241468.1411574,-5.0,-5.0,-5.189,-4.768
72.260866793,1790241468.1449955,-5.0,-5.0,-5.329,-4.768
72.26457450800001,1790241468.1489863,-5.0,-5.0,-5.189,-4.909
72.27496353800001,1790241468.1589725,-5.0,-5.0,-5.189,-4.768
72.297572435,1790241468.1817358,-5.0,-5.0,-5.189,-4.768
72.301690151,1790241468.1858184,-5.0,-5.0,-5.049,-4.909
72.303906874,1790241468.1878865,-5.0,-5.0,-4.909,-4.768
72.31549064500001,1790241468.1995676,-5.0,-5.0,-4.768,-4.628
72.335983027,1790241468.2200541,-5.0,-5.0,-4.488,-4.628
72.33856766800001,1790241468.222563,-5.0,-5.0,-3.646,-3.646
72.356356191,1790241468.2404327,-5.0,-5.0,-2.945,-3.085
72.35932682100001,1790241468.243363,-5.0,-5.0,-1.823,-2.244
72.362287452,1790241468.2464178,-5.0,-5.0,-0.841,-1.122
72.37566252900001,1790241468.259742,-5.0,-5.0,-0.14,-0.561
72.39558709800001,1790241468.2796855,-5.0,-5.0,0.14,0.0
72.398013769,1790241468.2820365,-5.0,-5.0,0.421,0.561
72.415786771,1790241468.299845,-5.0,-5.0,0.561,0.561
72.41818917100001,1790241468.3021998,-5.0,-5.0,0.982,0.701
72.436310195,1790241468.3204741,-5.0,-5.0,1.262,0.982
72.44015239000001,1790241468.3242764,-5.0,-5.0,1.122,1.262
72.44364375,1790241468.327724,-5.0,-5.0,1.122,1.122
72.45489637600001,1790241468.338896,-5.0,-5.0,1.122,1.122
72.47659527100001,1790241468.3607998,-5.0,-5.0,0.982,1.122
72.47971413100001,1790241468.3637807,-5.0,-5.0,1.122,0.982
72.482738407,1790241468.3667333,-5.0,-5.0,0.982,1.122
72.495487493,1790241468.3795547,-5.0,-5.0,1.122,0.982
72.51561649,1790241468.3996708,-5.0,-5.0,0.982,0.841
72.517990088,1790241468.4020174,-5.0,-5.0,0.841,0.841
72.53580543400001,1790241468.4198608,-5.0,-5.0,0.841,0.841
72.53819194900001,1790241468.4221914,-5.0,-5.0,0.701,0.841
72.556342451,1790241468.4405096,-5.0,-5.0,0.841,0.701
72.559951885,1790241468.4442523,-5.0,-5.0,0.841,0.561
72.563568715,1790241468.4476793,-5.0,-5.0,0.841,0.701
72.57486108,1790241468.4588697,-5.0,-5.0,0.841,0.561
72.59744310100001,1790241468.481607,-5.0,-5.0,0.701,0.561
72.60106425400001,1790241468.48519,-5.0,-5.0,0.561,0.421
72.603367331,1790241468.487342,-5.0,-5.0,0.561,0.561
72.615420166,1790241468.4994986,-5.0,-5.0,0.28,0.561
72.635784892,1790241468.519842,-5.0,-5.0,0.28,0.28
72.638159532,1790241468.5221722,-5.0,-5.0,0.0,0.28
72.656063472,1790241468.5401862,-5.0,-5.0,0.0,0.421
72.659127696,1790241468.5431683,-5.0,-5.0,0.0,0.14
72.675894082,1790241468.5600939,-5.0,-5.0,0.0,0.14
72.679697683,1790241468.5637875,-5.0,-5.0,0.0,0.0
72.683103418,1790241468.5671763,-5.0,-5.0,0.0,0.0
72.694839013,1790241468.5788324,-5.0,-5.0,0.0,0.0
72.71723134700001,1790241468.6014328,-5.0,-5.0,0.0,0.0
72.720978437,1790241468.6050127,-5.0,-5.0,0.0,0.0
72.72293521200001,1790241468.60691,-5.0,-5.0,0.0,0.0
72.735525131,1790241468.6195605,-5.0,-5.0,0.0,0.0
72.756551525,1790241468.6408253,-5.0,-5.0,0.0,0.0
72.760247261,1790241468.6443498,-5.0,-5.0,0.0,0.0
72.763668361,1790241468.6477413,-5.0,-5.0,0.0,0.0
72.774859007,1790241468.658855,-5.0,-5.0,0.0,0.0
72.797292227,1790241468.681435,-5.0,-5.0,0.0,0.0
72.80092541,1790241468.6849382,-5.0,-5.0,0.0,0.0
72.803022446,1790241468.68702,-5.0,-5.0,0.0,0.0
72.815315021,1790241468.6993442,-5.0,-5.0,0.0,0.0
72.836527509,1790241468.7207847,-5.0,-5.0,0.0,0.0
72.84013652600001,1790241468.7242231,-5.0,-5.0,0.0,0.0
72.843559188,1790241468.7276342,-5.0,-5.0,0.0,0.0
72.85484905300001,1790241468.7388482,-5.0,-5.0,0.0,0.0
72.8772692,1790241468.7614262,-5.0,-5.0,0.0,0.0
72.880787748,1790241468.7649624,-5.0,-5.0,0.0,0.0
72.88301160600001,1790241468.7669852,-5.0,-5.0,0.0,0.0
72.89555866100001,1790241468.7796483,-5.0,-5.0,0.0,0.0
72.91555812600001,1790241468.7996109,-5.0,-5.0,0.0,0.0
72.917919224,1790241468.801922,-5.0,-5.0,0.0,0.0
72.935895039,1790241468.8199732,-5.0,-5.0,0.0,0.0
72.938377335,1790241468.822373,-5.0,-5.0,-0.14,0.0
72.95632867100001,1790241468.8405166,-5.0,-5.0,0.0,0.0
72.96001190700001,1790241468.844104,-5.0,-5.0,0.0,0.0
72.96346233,1790241468.8475611,-5.0,-5.0,0.0,0.0
72.974886987,1790241468.8588946,-5.0,-5.0,0.0,0.0
72.997253071,1790241468.8813925,-5.0,-5.0,0.0,0.0
73.001152088,1790241468.8852983,-5.0,-5.0,0.0,0.0
73.00354261400001,1790241468.8875103,-5.0,-5.0,0.0,0.0
73.01547742800001,1790241468.8995345,-5.0,-5.0,0.0,0.0
73.035796007,1790241468.919851,-5.0,-5.0,0.0,0.0
73.038166012,1790241468.9221802,-5.0,-5.0,0.0,0.0
73.056622817,1790241468.9408076,-5.0,-5.0,0.0,0.0
73.059843344,1790241468.9439163,-5.0,-5.0,0.0,0.0
73.062786839,1790241468.9467654,-5.0,-5.0,0.0,0.0
73.07547129000001,1790241468.9595277,-5.0,-5.0,0.0,0.0
73.09573612,1790241468.9798281,-5.0,-5.0,0.0,0.0
73.098140708,1790241468.9821453,-5.0,-5.0,0.0,0.0
73.116593972,1790241469.000799,-5.0,-5.0,0.0,0.0
73.119722415,1790241469.0037813,-5.0,-5.0,0.0,0.0
73.122453358,1790241469.0064442,-5.0,-5.0,0.0,0.0
73.135463955,1790241469.0195222,-5.0,-5.0,0.0,0.0
73.15578378500001,1790241469.0398564,-5.0,-5.0,0.0,0.0
73.15818655000001,1790241469.042188,-5.0,-5.0,0.0,0.0
73.17659747,1790241469.0607953,-5.0,-5.0,0.0,0.0
73.179734038,1790241469.063813,-5.0,-5.0,0.0,0.0
73.18277696,1790241469.0667562,-5.0,-5.0,0.0,0.0
73.195489068,1790241469.079559,-5.0,-5.0,0.0,0.0
73.215824002,1790241469.0998824,-5.0,-5.0,0.0,0.0
73.218201871,1790241469.1022167,-5.0,-5.0,0.0,0.0
73.236524457,1790241469.1207156,-5.0,-5.0,0.0,0.0
73.23963456700001,1790241469.123687,-5.0,-5.0,0.0,0.0
73.242711239,1790241469.126695,-5.0,-5.0,0.0,0.0
73.25580105600001,1790241469.139876,-5.0,-5.0,0.0,0.0
73.275749374,1790241469.159803,-5.0,-5.0,0.0,0.0
73.27812719100001,1790241469.1621437,-5.0,-5.0,0.0,0.0
73.29659733000001,1790241469.180795,-5.0,-5.0,0.0,0.0
73.29972999200001,1790241469.1837838,-5.0,-5.0,0.0,0.0
73.302541456,1790241469.1865413,-5.0,-5.0,0.0,0.0
73.31546148000001,1790241469.1995187,-5.0,-5.0,0.0,0.0
73.33574287200001,1790241469.2197978,-5.0,-5.0,0.0,0.0
73.33812121000001,1790241469.2221375,-5.0,-5.0,0.0,0.0
73.356332338,1790241469.2404437,-5.0,-5.0,0.0,0.0
73.359352396,1790241469.2434862,-5.0,-5.0,0.0,0.0
73.362374693,1790241469.2464325,-5.0,-5.0,0.0,0.0
73.37488372700001,1790241469.2589054,-5.0,-5.0,0.0,0.0
73.397252519,1790241469.2813864,-5.0,-5.0,0.0,0.0
73.400853099,1790241469.2849958,-5.0,-5.0,0.0,0.0
73.40294325900001,1790241469.2869375,-5.0,-5.0,0.0,0.0
73.415598387,1790241469.299674,-5.0,-5.0,0.0,0.0
73.435800247,1790241469.3198555,-5.0,-5.0,0.0,0.0
73.438441138,1790241469.3225234,-5.0,-5.0,0.0,0.0
73.456362994,1790241469.340465,-5.0,-5.0,0.0,0.0
73.459096697,1790241469.3431437,-5.0,-5.0,0.0,0.0
73.47619110400001,1790241469.3603125,-5.0,-5.0,0.0,0.0
73.47927715200001,1790241469.3633318,-5.0,-5.0,0.0,0.0
73.494901608,1790241469.378904,-5.0,-5.0,0.0,0.0
73.49644359,1790241469.3803766,-5.0,-5.0,0.0,0.0
73.516701337,1790241469.4009352,-5.0,-5.0,0.0,0.0
73.519795353,1790241469.4038541,-5.0,-5.0,0.0,0.0
73.52240317,1790241469.4063945,-5.0,-5.0,0.0,0.0
73.535456059,1790241469.4195313,-5.0,-5.0,0.0,0.0
73.55582401400001,1790241469.4398885,-5.0,-5.0,0.0,0.0
73.558208758,1790241469.4422433,-5.0,-5.0,0.0,0.0
73.576576241,1790241469.4607816,-5.0,-5.0,0.0,0.0
73.579648121,1790241469.4636984,-5.0,-5.0,0.0,0.0
73.595055911,1790241469.4790647,-5.0,-5.0,0.0,0.0
73.596657945,1790241469.4806037,-5.0,-5.0,0.0,0.0
73.616107877,1790241469.5002215,-5.0,-5.0,0.0,0.0
73.618801059,1790241469.50282,-5.0,-5.0,0.0,0.0
73.635897498,1790241469.520029,-5.0,-5.0,0.0,0.0
73.63896307600001,1790241469.523105,-5.0,-5.0,0.0,0.0
73.64201053000001,1790241469.5260568,-5.0,-5.0,0.0,0.0
73.65487894,1790241469.5388885,-5.0,-5.0,0.0,0.0
73.677252107,1790241469.5614533,-5.0,-5.0,0.0,0.0
73.68085299900001,1790241469.564975,-5.0,-5.0,0.0,0.0
73.68322878400001,1790241469.5672061,-5.0,-5.0,0.0,0.0
73.695444276,1790241469.5794988,-5.0,-5.0,0.0,0.0
73.71578171,1790241469.5998526,-5.0,-5.0,0.0,0.0
73.718187392,1790241469.6021917,-5.0,-5.0,0.0,0.0
73.735843779,1790241469.6199687,-5.0,-5.0,0.0,0.0
73.738890556,1790241469.6229312,-5.0,-5.0,0.0,0.0
73.75504063800001,1790241469.6390507,-5.0,-5.0,0.0,0.14
73.756648818,1790241469.6405914,-5.0,-5.0,0.0,0.0
73.776098386,1790241469.6601744,-5.0,-5.0,0.0,0.14
73.778726203,1790241469.6627722,-5.0,-5.0,0.0,0.0
73.79622993400001,1790241469.6803567,-5.0,-5.0,0.0,0.14
73.799269783,1790241469.6833146,-5.0,-5.0,0.0,0.0
73.802271977,1790241469.6863208,-5.0,-5.0,0.0,0.14
73.814922729,1790241469.6989303,-5.0,-5.0,0.0,0.14
73.837225323,1790241469.7213895,-5.0,-5.0,0.0,0.14
73.840750434,1790241469.724938,-5.0,-5.0,0.14,0.14
73.842823251,1790241469.7268026,-5.0,-5.0,0.28,0.421
73.855458639,1790241469.7395442,-5.0,-5.0,0.14,0.421
73.875786073,1790241469.7598412,-5.0,-5.0,0.421,0.28
73.87815326500001,1790241469.762153,-5.0,-5.0,0.28,0.561
73.89723356100001,1790241469.7813914,-5.0,-5.0,0.28,0.561
73.90091794300001,1790241469.7850463,-5.0,-5.0,0.28,0.421
73.90396899000001,1790241469.787936,-5.0,-5.0,0.421,0.561
73.915389741,1790241469.7994664,-5.0,-5.0,0.28,0.701
73.935877227,1790241469.8199513,-5.0,-5.0,0.28,0.561
73.93825962700001,1790241469.8222978,-5.0,-5.0,0.421,0.701
73.9559869,1790241469.8401103,-5.0,-5.0,0.28,0.701
73.95906419800001,1790241469.8431163,-5.0,-5.0,0.28,0.701
73.97488375900001,1790241469.858884,-5.0,-5.0,0.421,0.841
73.976423501,1790241469.8603604,-5.0,-5.0,0.421,0.982
73.996176819,1790241469.880285,-5.0,-5.0,0.561,1.262
73.99888536600001,1790241469.882903,-5.0,-5.0,0.701,1.262
74.016141128,1790241469.9002163,-5.0,-5.0,0.421,1.122
74.018822591,1790241469.9028418,-5.0,-5.0,0.561,0.982
74.035906009,1790241469.920009,-5.0,-5.0,0.561,0.982
74.038933618,1790241469.9230015,-5.0,-5.0,0.701,1.122
74.05504094,1790241469.9390483,-5.0,-5.0,0.701,0.982
74.056659902,1790241469.9406018,-5.0,-5.0,0.701,1.122
74.07567405200001,1790241469.9597132,-5.0,-5.0,0.841,0.982
74.07772843100001,1790241469.9617126,-5.0,-5.0,0.701,0.982
74.096149194,1790241469.980242,-5.0,-5.0,0.841,1.122
74.09882133500001,1790241469.982836,-5.0,-5.0,0.841,0.982
74.116108294,1790241470.0002456,-5.0,-5.0,0.841,1.122
74.11927054,1790241470.0033252,-5.0,-5.0,0.982,1.122
74.12243450400001,1790241470.0065258,-5.0,-5.0,0.982,1.122
74.134881194,1790241470.0188785,-5.0,-5.0,0.841,0.982
74.15724634,1790241470.0414045,-5.0,-5.0,0.982,1.122
74.160775826,1790241470.0449471,-5.0,-5.0,0.982,1.122
74.162876924,1790241470.0468378,-5.0,-5.0,1.122,1.122
74.175441479,1790241470.0595329,-5.0,-5.0,0.982,1.122
74.195547089,1790241470.0795984,-5.0,-5.0,0.982,1.262
74.19791636400001,1790241470.0819147,-5.0,-5.0,0.982,1.122
74.215797283,1790241470.0998867,-5.0,-5.0,0.982,1.122
74.21819484000001,1790241470.1022081,-5.0,-5.0,1.122,1.122
74.236090082,1790241470.1202123,-5.0,-5.0,0.982,1.122
74.23917394200001,1790241470.123223,-5.0,-5.0,0.982,1.122
74.254890169,1790241470.1388993,-5.0,-5.0,1.122,1.122
74.25641361000001,1790241470.1403563,-5.0,-5.0,0.982,1.122
74.276658075,1790241470.1608667,-5.0,-5.0,1.262,1.122
74.279712351,1790241470.163765,-5.0,-5.0,1.262,1.122
74.295620298,1790241470.1797538,-5.0,-5.0,1.122,1.262
74.298395407,1790241470.182422,-5.0,-5.0,1.262,1.262
74.31512648,1790241470.1991374,-5.0,-5.0,1.122,1.122
74.31710059800001,1790241470.2010777,-5.0,-5.0,1.262,1.262
74.33618730100001,1790241470.2202654,-5.0,-5.0,1.122,1.122
74.339000379,1790241470.2230506,-5.0,-5.0,1.122,1.122
74.34178043600001,1790241470.2258132,-5.0,-5.0,1.262,1.262
74.35565103500001,1790241470.2398381,-5.0,-5.0,1.262,1.402
74.375805083,1790241470.2598684,-5.0,-5.0,1.402,1.402
74.37821258800001,1790241470.262214,-5.0,-5.0,1.543,1.543
74.39657340400001,1790241470.2807631,-5.0,-5.0,1.543,1.543
74.399722368,1790241470.28378,-5.0,-5.0,1.402,1.543
74.40275133200001,1790241470.2867365,-5.0,-5.0,1.543,1.543
74.415435106,1790241470.2995098,-5.0,-5.0,1.262,1.543
74.43578644600001,1790241470.3198419,-5.0,-5.0,1.402,1.543
74.438176294,1790241470.3221774,-5.0,-5.0,1.262,1.402
74.45610544200001,1790241470.3402507,-5.0,-5.0,1.122,1.543
74.45917768800001,1790241470.343239,-5.0,-5.0,1.262,1.402
74.462309464,1790241470.3463829,-5.0,-5.0,1.122,1.543
74.47488250900001,1790241470.3589048,-5.0,-5.0,1.262,1.543
74.49723723800001,1790241470.3814166,-5.0,-5.0,1.262,1.402
74.501035214,1790241470.3851533,-5.0,-5.0,1.122,1.402
74.503099072,1790241470.3870816,-5.0,-5.0,1.262,1.402
74.515418783,1790241470.3994765,-5.0,-5.0,1.122,1.402
74.535817779,1790241470.4198928,-5.0,-5.0,1.262,1.402
74.538247107,1790241470.4222476,-5.0,-5.0,1.122,1.402
74.557261569,1790241470.4414246,-5.0,-5.0,0.982,1.262
74.560771732,1790241470.4449513,-5.0,-5.0,1.122,1.122
74.564258562,1790241470.4483232,-5.0,-5.0,0.982,1.262
74.57503238400001,1790241470.4590473,-5.0,-5.0,0.982,1.262
74.596894144,1790241470.4810052,-5.0,-5.0,0.982,1.262
74.60005665,1790241470.484118,-5.0,-5.0,1.122,1.122
74.60227842500001,1790241470.4862676,-5.0,-5.0,0.982,1.262
74.615546783,1790241470.499636,-5.0,-5.0,1.122,1.122
74.63657843700001,1790241470.5208485,-5.0,-5.0,1.122,1.262
74.640222819,1790241470.524307,-5.0,-5.0,1.122,1.122
74.643629804,1790241470.5277052,-5.0,-5.0,1.122,1.262
74.654841492,1790241470.5388467,-5.0,-5.0,1.262,1.262
74.677500909,1790241470.5616639,-5.0,-5.0,0.982,1.122
74.68123273900001,1790241470.565379,-5.0,-5.0,1.122,1.262
74.68316737800001,1790241470.5671296,-5.0,-5.0,1.122,1.262
74.695473756,1790241470.5795672,-5.0,-5.0,1.122,1.122
74.715736085,1790241470.5997913,-5.0,-5.0,1.122,1.262
74.71811411,1790241470.6021333,-5.0,-5.0,1.122,1.122
74.73634586300001,1790241470.6205056,-5.0,-5.0,1.122,1.122
74.739929933,1790241470.6241858,-5.0,-5.0,0.982,0.982
74.74356811700001,1790241470.6276698,-5.0,-5.0,1.122,0.982
74.754872617,1790241470.6388688,-5.0,-5.0,1.122,0.982
74.77722469000001,1790241470.6614108,-5.0,-5.0,1.122,0.982
74.780878343,1790241470.6650255,-5.0,-5.0,1.122,0.841
74.783315274,1790241470.6672878,-5.0,-5.0,1.262,0.982
74.795790923,1790241470.6798737,-5.0,-5.0,1.122,0.982
74.815534501,1790241470.6995752,-5.0,-5.0,1.122,0.982
74.817911902,1790241470.701908,-5.0,-5.0,1.122,1.122
74.835788862,1790241470.7198598,-5.0,-5.0,1.122,0.841
74.83814673100001,1790241470.7221432,-5.0,-5.0,0.982,0.841
74.85656749500001,1790241470.740775,-5.0,-5.0,1.122,0.841
74.85973442800001,1790241470.7438004,-5.0,-5.0,0.982,0.14
74.86274813200001,1790241470.7467477,-5.0,-5.0,0.982,0.841
74.87543779100001,1790241470.7595294,-5.0,-5.0,0.841,0.701
74.895772048,1790241470.779827,-5.0,-5.0,0.841,0.701
74.898134031,1790241470.7821438,-5.0,-5.0,0.701,0.701
74.91620594000001,1790241470.8002813,-5.0,-5.0,0.701,0.561
74.918923289,1790241470.8029659,-5.0,-5.0,0.841,0.421
74.921647148,1790241470.8056834,-5.0,-5.0,0.701,0.701
74.935811654,1790241470.819984,-5.0,-5.0,0.841,0.561
74.95561033700001,1790241470.8396595,-5.0,-5.0,0.841,0.421
74.957983258,1790241470.8419862,-5.0,-5.0,0.701,0.561
74.975806573,1790241470.8598642,-5.0,-5.0,0.841,0.561
74.97820314,1790241470.8622406,-5.0,-5.0,0.841,0.421
74.99629213200001,1790241470.8804474,-5.0,-5.0,0.841,0.561
74.99982239900001,1790241470.8840842,-5.0,-5.0,0.701,0.421
75.003487406,1790241470.8875651,-5.0,-5.0,0.841,0.561
75.014845865,1790241470.898852,-5.0,-5.0,0.841,0.421
75.03725163600001,1790241470.9214463,-5.0,-5.0,0.841,0.421
75.040969351,1790241470.9249845,-5.0,-5.0,0.701,0.421
75.042948626,1790241470.9269373,-5.0,-5.0,0.701,0.421
75.055320732,1790241470.9393468,-5.0,-5.0,0.561,0.28
75.07659019900001,1790241470.9608486,-5.0,-5.0,0.561,0.28
75.080855676,1790241470.9651377,-5.0,-5.0,0.421,0.28
75.08468886,1790241470.9691732,-5.0,-5.0,0.561,0.28
75.094845546,1790241470.9788494,-5.0,-5.0,0.421,0.28
75.11742564000001,1790241471.0015702,-5.0,-5.0,0.28,0.28
75.121416585,1790241471.005536,-5.0,-5.0,0.14,0.14
75.12368711,1790241471.007657,-5.0,-5.0,0.28,0.14
75.135327966,1790241471.0193849,-5.0,-5.0,0.28,0.28
75.15582685800001,1790241471.0398853,-5.0,-5.0,0.28,0.14
75.158212592,1790241471.0422258,-5.0,-5.0,0.14,0.14
75.176602418,1790241471.0608087,-5.0,-5.0,0.14,0.14
75.179762163,1790241471.0638092,-5.0,-5.0,0.14,0.14
75.182775502,1790241471.0667596,-5.0,-5.0,0.0,0.14
75.19546787,1790241471.079529,-5.0,-5.0,0.0,0.14
75.215809314,1790241471.0998793,-5.0,-5.0,0.0,0.0
75.218195517,1790241471.1021948,-5.0,-5.0,0.0,0.0
75.23660680100001,1790241471.120801,-5.0,-5.0,0.0,0.0
75.239804203,1790241471.1238735,-5.0,-5.0,0.0,0.0
75.242775667,1790241471.126756,-5.0,-5.0,0.0,0.0
75.255454493,1790241471.139526,-5.0,-5.0,0.0,0.0
75.275546145,1790241471.1596,-5.0,-5.0,0.0,0.0
75.27789766000001,1790241471.1619043,-5.0,-5.0,0.0,0.0
75.29579972500001,1790241471.1798687,-5.0,-5.0,0.0,0.0
75.29823228100001,1790241471.1822634,-5.0,-5.0,0.0,0.0
75.31630012800001,1790241471.2004588,-5.0,-5.0,0.0,0.0
75.31986815500001,1790241471.2041492,-5.0,-5.0,0.0,0.0
75.323483214,1790241471.2075806,-5.0,-5.0,0.0,0.0
75.334810527,1790241471.2188163,-5.0,-5.0,0.0,0.0
75.35726978800001,1790241471.2414336,-5.0,-5.0,0.0,0.0
75.36077010700001,1790241471.244916,-5.0,-5.0,0.0,0.0
75.36322907,1790241471.2471914,-5.0,-5.0,0.0,0.0
75.375448676,1790241471.2595048,-5.0,-5.0,0.0,0.0
75.395785485,1790241471.2798553,-5.0,-5.0,0.0,0.0
75.398158666,1790241471.2821674,-5.0,-5.0,0.0,0.0
75.41652719000001,1790241471.3006964,-5.0,-5.0,0.0,0.14
75.419729488,1790241471.303788,-5.0,-5.0,0.0,0.0
75.42273751500001,1790241471.3067179,-5.0,-5.0,0.0,0.0
75.43546701800001,1790241471.3195245,-5.0,-5.0,0.0,0.14
75.45584705600001,1790241471.3399062,-5.0,-5.0,0.0,0.0
75.4582343,1790241471.3422575,-5.0,-5.0,0.14,0.0
75.47657245900001,1790241471.3607717,-5.0,-5.0,0.14,0.14
75.47968954800001,1790241471.3637383,-5.0,-5.0,0.421,0.14
75.482730492,1790241471.36671,-5.0,-5.0,0.28,0.0
75.495445672,1790241471.3795187,-5.0,-5.0,0.421,0.28
75.515629043,1790241471.3996809,-5.0,-5.0,0.28,0.14
75.517994724,1790241471.4020076,-5.0,-5.0,0.561,0.28
75.53580376800001,1790241471.4198608,-5.0,-5.0,0.561,0.28
75.53817070000001,1790241471.422186,-5.0,-5.0,0.561,0.28
75.556697349,1790241471.4409084,-5.0,-5.0,0.701,0.14
75.56007001100001,1790241471.4441955,-5.0,-5.0,0.561,0.28
75.56311090300001,1790241471.4471364,-5.0,-5.0,0.841,0.28
75.57559629100001,1790241471.4596531,-5.0,-5.0,0.701,0.28
75.59581112000001,1790241471.479883,-5.0,-5.0,0.841,0.421
75.59822388500001,1790241471.4822319,-5.0,-5.0,0.701,0.421
75.61573048000001,1790241471.4997935,-5.0,-5.0,0.841,0.561
75.61809840100001,1790241471.502093,-5.0,-5.0,0.841,0.561
75.636366873,1790241471.5205245,-5.0,-5.0,0.841,0.421
75.639849901,1790241471.5241776,-5.0,-5.0,0.701,0.701
75.64350568900001,1790241471.5275967,-5.0,-5.0,0.841,0.561
75.654851804,1790241471.5388591,-5.0,-5.0,0.701,0.421
75.677255648,1790241471.5614614,-5.0,-5.0,0.841,0.561
75.68087779000001,1790241471.5649922,-5.0,-5.0,0.841,0.421
75.683256024,1790241471.5672395,-5.0,-5.0,0.841,0.561
75.695451828,1790241471.5795116,-5.0,-5.0,0.841,0.561
75.715801814,1790241471.5998552,-5.0,-5.0,0.982,0.561
75.718163172,1790241471.602161,-5.0,-5.0,0.982,0.421
75.735853726,1790241471.6199567,-5.0,-5.0,0.982,0.561
75.738916544,1790241471.6229758,-5.0,-5.0,0.982,0.561
75.75505897100001,1790241471.6390662,-5.0,-5.0,0.982,0.421
75.756661682,1790241471.640603,-5.0,-5.0,0.982,0.561
75.776142291,1790241471.6602366,-5.0,-5.0,1.122,0.421
75.778819432,1790241471.6628718,-5.0,-5.0,1.122,0.561
75.79623123500001,1790241471.6803627,-5.0,-5.0,1.262,0.561
75.79927504300001,1790241471.683336,-5.0,-5.0,0.982,0.701
75.802365205,1790241471.686439,-5.0,-5.0,1.122,0.561
75.814884343,1790241471.698877,-5.0,-5.0,0.982,0.561
75.83717037400001,1790241471.721333,-5.0,-5.0,0.982,0.421
75.840657308,1790241471.7248244,-5.0,-5.0,0.982,0.561
75.842944344,1790241471.7269366,-5.0,-5.0,0.982,0.701
75.855512023,1790241471.7395775,-5.0,-5.0,0.982,0.561
75.876163625,1790241471.7602599,-5.0,-5.0,0.982,0.701
75.87880800500001,1790241471.7628424,-5.0,-5.0,1.122,0.561
75.896127308,1790241471.7802196,-5.0,-5.0,0.982,0.701
75.898905751,1790241471.7829292,-5.0,-5.0,0.982,0.421
75.91592406400001,1790241471.800044,-5.0,-5.0,0.982,0.701
75.91901349700001,1790241471.80307,-5.0,-5.0,0.982,0.561
75.93603769500001,1790241471.820199,-5.0,-5.0,1.122,0.701
75.939126138,1790241471.8231742,-5.0,-5.0,0.982,0.561
75.94227229,1790241471.826349,-5.0,-5.0,1.122,0.561
75.95486924100001,1790241471.8388925,-5.0,-5.0,0.982,0.561
75.977253085,1790241471.8613956,-5.0,-5.0,0.982,0.561
75.980739758,1790241471.8649049,-5.0,-5.0,1.122,0.421
75.98288846,1790241471.8668582,-5.0,-5.0,0.982,0.561
75.995625046,1790241471.8796995,-5.0,-5.0,0.982,0.561
76.015387531,1790241471.899445,-5.0,-5.0,0.982,0.561
76.017606181,1790241471.9015899,-5.0,-5.0,0.982,0.561
76.03577809000001,1790241471.9198592,-5.0,-5.0,1.122,0.561
76.03816273000001,1790241471.9221797,-5.0,-5.0,1.122,0.561
76.056051149,1790241471.9401772,-5.0,-5.0,1.122,0.701
76.05911094700001,1790241471.9431522,-5.0,-5.0,1.122,0.561
76.074906549,1790241471.958905,-5.0,-5.0,1.262,0.701
76.076419156,1790241471.9603543,-5.0,-5.0,1.122,0.701
76.096149349,1790241471.980244,-5.0,-5.0,1.262,0.701
76.098806333,1790241471.9828746,-5.0,-5.0,1.122,0.701
76.116551262,1790241472.0007682,-5.0,-5.0,1.262,0.841
76.11964882000001,1790241472.0038848,-5.0,-5.0,1.122,0.701
76.122804399,1790241472.0068886,-5.0,-5.0,1.262,0.841
76.135000203,1790241472.019017,-5.0,-5.0,1.122,0.701
76.15720451600001,1790241472.0413425,-5.0,-5.0,1.262,0.701
76.16073348100001,1790241472.0449076,-5.0,-5.0,1.122,0.701
76.162839422,1790241472.0468023,-5.0,-5.0,1.262,0.841
76.175470487,1790241472.0595317,-5.0,-5.0,1.262,0.701
76.195748025,1790241472.0798163,-5.0,-5.0,1.262,0.701
76.198127457,1790241472.0821388,-5.0,-5.0,1.262,0.561
76.21635410600001,1790241472.1005142,-5.0,-5.0,1.262,0.701
76.220003644,1790241472.104273,-5.0,-5.0,1.122,0.561
76.22368688,1790241472.1077952,-5.0,-5.0,1.262,0.561
76.234881849,1790241472.118895,-5.0,-5.0,1.122,0.561
76.25723470300001,1790241472.1414056,-5.0,-5.0,1.262,0.561
76.26093320000001,1790241472.1450317,-5.0,-5.0,1.122,0.421
76.26326205800001,1790241472.1472223,-5.0,-5.0,1.262,0.701
76.275724581,1790241472.159819,-5.0,-5.0,1.122,0.421
76.29579529600001,1790241472.1798518,-5.0,-5.0,1.122,0.561
76.29816623800001,1790241472.1821768,-5.0,-5.0,1.122,0.561
76.316547575,1790241472.2007024,-5.0,-5.0,1.262,0.561
76.31961450700001,1790241472.203666,-5.0,-5.0,1.122,0.561
76.32273013800001,1790241472.2067227,-5.0,-5.0,1.262,0.561
76.335443495,1790241472.2195137,-5.0,-5.0,1.122,0.421
76.35578098100001,1790241472.239835,-5.0,-5.0,1.262,0.561
76.358163121,1790241472.2421677,-5.0,-5.0,1.122,0.561
76.37595128000001,1790241472.2600574,-5.0,-5.0,1.122,0.561
76.37900425400001,1790241472.263066,-5.0,-5.0,1.122,0.701
76.396385953,1790241472.2805486,-5.0,-5.0,1.122,0.561
76.40013205400001,1790241472.284262,-5.0,-5.0,1.122,0.701
76.40360794600001,1790241472.2876801,-5.0,-5.0,1.122,0.701
76.414871821,1790241472.2988641,-5.0,-5.0,1.122,0.561
76.437515093,1790241472.3218176,-5.0,-5.0,1.122,0.701
76.441572757,1790241472.325612,-5.0,-5.0,1.122,0.561
76.443535833,1790241472.3275042,-5.0,-5.0,1.262,0.701
76.455536116,1790241472.339568,-5.0,-5.0,1.122,0.701
76.47582542500001,1790241472.3599086,-5.0,-5.0,1.262,0.701
76.478321367,1790241472.3623395,-5.0,-5.0,1.262,0.561
76.496164682,1790241472.3802469,-5.0,-5.0,1.122,0.701
76.49881859300001,1790241472.3828526,-5.0,-5.0,0.982,0.561
76.51606982300001,1790241472.4001894,-5.0,-5.0,1.122,0.701
76.51915076600001,1790241472.4032016,-5.0,-5.0,0.982,0.561
76.534925015,1790241472.4189885,-5.0,-5.0,1.122,0.561
76.536493924,1790241472.420429,-5.0,-5.0,0.982,0.561
76.556876462,1790241472.441065,-5.0,-5.0,0.982,0.701
76.559865739,1790241472.4441469,-5.0,-5.0,1.122,0.561
76.56240991,1790241472.4463952,-5.0,-5.0,0.982,0.561
76.57584894600001,1790241472.4599075,-5.0,-5.0,0.982,0.561
76.595802316,1790241472.4798753,-5.0,-5.0,1.122,0.561
76.59821815400001,1790241472.482239,-5.0,-5.0,0.982,0.701
76.616602564,1790241472.5007896,-5.0,-5.0,1.122,0.561
76.619676267,1790241472.5037332,-5.0,-5.0,0.982,0.701
76.635927131,1790241472.5200121,-5.0,-5.0,1.122,0.561
76.638614011,1790241472.522667,-5.0,-5.0,0.982,0.561
76.65518992700001,1790241472.5392056,-5.0,-5.0,0.982,0.701
76.65718420200001,1790241472.541155,-5.0,-5.0,0.982,0.701
76.67622064400001,1790241472.56033,-5.0,-5.0,0.841,0.561
76.678903722,1790241472.562921,-5.0,-5.0,0.701,0.561
76.695927243,1790241472.5800335,-5.0,-5.0,0.561,0.561
76.69898865500001,1790241472.5830336,-5.0,-5.0,0.701,0.421
76.714888998,1790241472.598886,-5.0,-5.0,0.701,0.421
76.71637436500001,1790241472.60032,-5.0,-5.0,0.701,0.561
76.736145287,1790241472.6202552,-5.0,-5.0,0.841,0.561
76.738857584,1790241472.6228945,-5.0,-5.0,0.841,0.561
76.755899439,1790241472.640004,-5.0,-5.0,0.841,0.701
76.75891777800001,1790241472.6430006,-5.0,-5.0,0.841,0.561
76.775026194,1790241472.659043,-5.0,-5.0,0.841,0.701
76.77664177,1790241472.6605926,-5.0,-5.0,0.701,0.701
76.79619915,1790241472.680309,-5.0,-5.0,0.701,0.561
76.798904155,1790241472.6829228,-5.0,-5.0,0.701,0.561
76.816123354,1790241472.7002387,-5.0,-5.0,0.701,0.561
76.81883242100001,1790241472.7028818,-5.0,-5.0,0.701,0.701
76.83593724500001,1790241472.7200584,-5.0,-5.0,0.561,0.561
76.83897412600001,1790241472.7230194,-5.0,-5.0,0.701,0.701
76.85504681200001,1790241472.7391114,-5.0,-5.0,0.701,0.701
76.85670790900001,1790241472.7408803,-5.0,-5.0,0.701,0.561
76.876172112,1790241472.7602506,-5.0,-5.0,0.561,0.701
76.87883914800001,1790241472.7628837,-5.0,-5.0,0.561,0.561
76.895869441,1790241472.7799902,-5.0,-5.0,0.561,0.561
76.89892600900001,1790241472.7829845,-5.0,-5.0,0.561,0.561
76.915048383,1790241472.7990541,-5.0,-5.0,0.561,0.421
76.91666354200001,1790241472.8006065,-5.0,-5.0,0.421,0.561
76.93623654800001,1790241472.8203387,-5.0,-5.0,0.421,0.421
76.938966605,1790241472.8230696,-5.0,-5.0,0.421,0.421
76.94140723400001,1790241472.8254118,-5.0,-5.0,0.28,0.421
76.955547261,1790241472.839608,-5.0,-5.0,0.421,0.421
76.976557196,1790241472.8607993,-5.0,-5.0,0.421,0.421
76.98027923400001,1790241472.8643858,-5.0,-5.0,0.28,0.421
76.983676636,1790241472.8677454,-5.0,-5.0,0.421,0.561
76.994878428,1790241472.8788884,-5.0,-5.0,0.421,0.421
77.01725487600001,1790241472.9014106,-5.0,-5.0,0.421,0.28
77.02078238300001,1790241472.9049506,-5.0,-5.0,0.421,0.421
77.02301530400001,1790241472.9070048,-5.0,-5.0,0.561,0.421
77.035547359,1790241472.9196272,-5.0,-5.0,0.421,0.421
77.055798647,1790241472.9398718,-5.0,-5.0,0.421,0.28
77.058186151,1790241472.942226,-5.0,-5.0,0.421,0.421
77.075490038,1790241472.9595296,-5.0,-5.0,0.561,0.28
77.077472958,1790241472.9614604,-5.0,-5.0,0.561,0.421
77.09636231600001,1790241472.9805627,-5.0,-5.0,0.421,0.28
77.100167271,1790241472.9842627,-5.0,-5.0,0.561,0.421
77.103649101,1790241472.9877493,-5.0,-5.0,0.561,0.421
77.11507427800001,1790241472.9990795,-5.0,-5.0,0.561,0.421
77.136901455,1790241473.0210605,-5.0,-5.0,0.421,0.28
77.13996109600001,1790241473.0240192,-5.0,-5.0,0.561,0.28
77.14216318300001,1790241473.026145,-5.0,-5.0,0.421,0.421
77.15554846900001,1790241473.039617,-5.0,-5.0,0.421,0.28
77.176607362,1790241473.0609121,-5.0,-5.0,0.421,0.28
77.18036236900001,1790241473.0644634,-5.0,-5.0,0.421,0.14
77.18380524,1790241473.067896,-5.0,-5.0,0.28,0.14
77.194859949,1790241473.0788689,-5.0,-5.0,0.14,0.28
77.21723467800001,1790241473.1013896,-5.0,-5.0,0.14,0.28
77.220932081,1790241473.105063,-5.0,-5.0,0.14,0.28
77.22306854300001,1790241473.107067,-5.0,-5.0,0.14,0.14
77.23559002500001,1790241473.1196637,-5.0,-5.0,0.14,0.0
77.255808031,1790241473.1398814,-5.0,-5.0,0.0,0.14
77.25816720200001,1790241473.1421866,-5.0,-5.0,0.14,0.0
77.276555726,1790241473.1607597,-5.0,-5.0,0.0,0.0
77.27964094100001,1790241473.1636808,-5.0,-5.0,0.0,0.0
77.295659668,1790241473.1797576,-5.0,-5.0,0.0,0.0
77.298342903,1790241473.1823764,-5.0,-5.0,0.0,0.0
77.31516064200001,1790241473.1991773,-5.0,-5.0,0.0,0.0
77.31714929200001,1790241473.2011232,-5.0,-5.0,0.0,0.0
77.336124275,1790241473.2202132,-5.0,-5.0,0.0,0.14
77.338795218,1790241473.2228084,-5.0,-5.0,0.14,0.28
77.356234521,1790241473.2403586,-5.0,-5.0,0.0,0.28
77.35930234,1790241473.2433655,-5.0,-5.0,0.0,0.28
77.37488414,1790241473.2588837,-5.0,-5.0,0.0,0.421
77.37637518400001,1790241473.2603192,-5.0,-5.0,0.0,0.28
77.39614115900001,1790241473.280237,-5.0,-5.0,0.0,0.14
77.398803872,1790241473.2828588,-5.0,-5.0,0.0,0.14
77.41588031,1790241473.3000019,-5.0,-5.0,0.0,0.14
77.419008858,1790241473.303052,-5.0,-5.0,0.0,0.14
77.436422484,1790241473.3205833,-5.0,-5.0,0.0,0.14
77.440082751,1790241473.3241925,-5.0,-5.0,0.0,0.0
77.443509424,1790241473.327617,-5.0,-5.0,0.0,0.14
77.45487116400001,1790241473.3388693,-5.0,-5.0,0.0,0.0
77.477235842,1790241473.3613975,-5.0,-5.0,0.0,0.0
77.48093866100001,1790241473.3650546,-5.0,-5.0,0.0,0.0
77.483042259,1790241473.3670201,-5.0,-5.0,0.0,0.0
77.495425251,1790241473.3794816,-5.0,-5.0,0.0,0.0
77.515657007,1790241473.3996994,-5.0,-5.0,0.0,0.0
77.518043262,1790241473.402073,-5.0,-5.0,0.0,0.0
77.535789858,1790241473.419857,-5.0,-5.0,0.0,0.0
77.538169654,1790241473.4221644,-5.0,-5.0,0.0,0.0
77.555987187,1790241473.44011,-5.0,-5.0,0.14,0.0
77.559041359,1790241473.4430897,-5.0,-5.0,0.0,0.0
77.575033785,1790241473.4590328,-5.0,-5.0,0.0,0.0
77.57655483,1790241473.4604921,-5.0,-5.0,0.0,0.0
77.596401638,1790241473.480501,-5.0,-5.0,0.0,0.0
77.59915367400001,1790241473.4831846,-5.0,-5.0,0.0,0.0
77.616035841,1790241473.500156,-5.0,-5.0,0.0,0.0
77.61911220100001,1790241473.503157,-5.0,-5.0,0.0,0.0
77.634871762,1790241473.5188744,-5.0,-5.0,0.0,0.0
77.63638837900001,1790241473.5203226,-5.0,-5.0,0.0,0.0
77.656171177,1790241473.5402484,-5.0,-5.0,0.0,0.0
77.65882180700001,1790241473.5428553,-5.0,-5.0,0.0,0.0
77.66184056200001,1790241473.5458915,-5.0,-5.0,0.0,0.0
77.675593765,1790241473.5597205,-5.0,-5.0,0.0,0.0
77.695822136,1790241473.5798943,-5.0,-5.0,0.0,0.0
77.698202609,1790241473.5822031,-5.0,-5.0,0.0,0.0
77.716607071,1790241473.6007884,-5.0,-5.0,0.0,0.0
77.71982759800001,1790241473.6038961,-5.0,-5.0,0.0,0.0
77.72280374900001,1790241473.6067874,-5.0,-5.0,0.0,0.0
77.735170595,1790241473.61925,-5.0,-5.0,0.0,0.0
77.755768238,1790241473.6398392,-5.0,-5.0,0.0,0.0
77.758172774,1790241473.6421773,-5.0,-5.0,0.0,0.0
77.776578121,1790241473.6607952,-5.0,-5.0,0.0,0.0
77.779735314,1790241473.6638103,-5.0,-5.0,0.0,0.0
77.78257084,1790241473.6665585,-5.0,-5.0,0.0,0.0
77.795786542,1790241473.679876,-5.0,-5.0,0.0,0.0
77.815808923,1790241473.6998646,-5.0,-5.0,0.0,0.0
77.81816543800001,1790241473.7021754,-5.0,-5.0,0.0,0.0
77.836595473,1790241473.7208002,-5.0,-5.0,0.0,0.0
77.839666885,1790241473.7237334,-5.0,-5.0,0.0,0.0
77.84272637000001,1790241473.7267046,-5.0,-5.0,0.0,0.0
77.85548608100001,1790241473.73956,-5.0,-5.0,0.0,0.0
77.875585806,1790241473.7596302,-5.0,-5.0,0.0,0.0
77.87795633100001,1790241473.7619574,-5.0,-5.0,0.0,0.0
77.89576751,1790241473.7798233,-5.0,-5.0,0.0,0.0
77.898159077,1790241473.7821546,-5.0,-5.0,0.0,0.0
77.91596458000001,1790241473.8000703,-5.0,-5.0,0.0,0.0
77.919022814,1790241473.8030698,-5.0,-5.0,0.0,0.0
77.936498524,1790241473.8208036,-5.0,-5.0,0.0,0.0
77.94023858300001,1790241473.8243315,-5.0,-5.0,0.0,0.0
77.943672288,1790241473.8277912,-5.0,-5.0,0.0,0.0
77.95483277700001,1790241473.8388379,-5.0,-5.0,0.0,0.0
77.97748271600001,1790241473.8616333,-5.0,-5.0,0.0,0.0
77.98111209700001,1790241473.865266,-5.0,-5.0,0.0,0.0
77.98302605900001,1790241473.8669884,-5.0,-5.0,0.0,0.0
77.99546639500001,1790241473.87955,-5.0,-5.0,0.0,0.0
78.015757996,1790241473.8998291,-5.0,-5.0,0.0,0.0
78.01816050000001,1790241473.9021597,-5.0,-5.0,0.0,0.0
78.036296576,1790241473.9204571,-5.0,-5.0,0.0,0.0
78.039840541,1790241473.9239209,-5.0,-5.0,0.0,0.0
78.043478152,1790241473.9275777,-5.0,-5.0,0.0,0.0
78.054852131,1790241473.9388597,-5.0,-5.0,0.0,0.0
78.0772491,1790241473.9614499,-5.0,-5.0,0.0,0.0
78.08076061700001,1790241473.9649656,-5.0,-5.0,0.0,0.0
78.083126507,1790241473.9671543,-5.0,-5.0,0.0,0.0
78.095334342,1790241473.97937,-5.0,-5.0,0.0,0.0
78.11663532,1790241474.0009074,-5.0,-5.0,0.0,0.0
78.120323608,1790241474.0044303,-5.0,-5.0,0.0,0.0
78.12383762500001,1790241474.007934,-5.0,-5.0,0.0,0.0
78.134829885,1790241474.01882,-5.0,-5.0,0.0,0.0
78.15728628100001,1790241474.0414488,-5.0,-5.0,0.0,0.0
78.16093029800001,1790241474.0450375,-5.0,-5.0,0.0,0.0
78.163250772,1790241474.047223,-5.0,-5.0,0.0,0.0
78.17545329400001,1790241474.0595093,-5.0,-5.0,0.0,0.0
78.19577760300001,1790241474.0798297,-5.0,-5.0,0.0,0.0
78.198165837,1790241474.0821865,-5.0,-5.0,0.0,0.0
78.21658206900001,1790241474.1007438,-5.0,-5.0,0.0,0.0
78.219653221,1790241474.1037033,-5.0,-5.0,0.0,0.0
78.22272734100001,1790241474.1067207,-5.0,-5.0,0.0,0.0
78.23559246900001,1790241474.1196492,-5.0,-5.0,0.0,0.0
78.255806934,1790241474.139867,-5.0,-5.0,0.0,0.0
78.258176418,1790241474.1421726,-5.0,-5.0,0.0,0.0
78.27657254600001,1790241474.160742,-5.0,-5.0,0.0,0.0
78.279713958,1790241474.163769,-5.0,-5.0,0.0,0.0
78.282717245,1790241474.1666985,-5.0,-5.0,0.0,0.0
78.29544409200001,1790241474.1795154,-5.0,-5.0,0.0,0.0
78.315758765,1790241474.1998127,-5.0,-5.0,0.0,0.0
78.318137103,1790241474.2021353,-5.0,-5.0,0.0,0.0
78.33602307400001,1790241474.2201283,-5.0,-5.0,0.0,0.0
78.339060423,1790241474.2231221,-5.0,-5.0,0.0,0.0
78.35487581800001,1790241474.2389016,-5.0,-5.0,0.0,0.0
78.356399154,1790241474.2403445,-5.0,-5.0,0.0,0.0
78.37613460700001,1790241474.2602315,-5.0,-5.0,0.0,0.0
78.378752268,1790241474.2627919,-5.0,-5.0,0.0,0.0
78.395988394,1790241474.2801106,-5.0,-5.0,0.0,0.0
78.39905366100001,1790241474.283101,-5.0,-5.0,0.0,0.0
78.414904472,1790241474.2989035,-5.0,-5.0,0.0,0.0
78.41642041200001,1790241474.3003569,-5.0,-5.0,0.0,0.0
78.436132063,1790241474.3202233,-5.0,-5.0,0.0,0.0
78.438798683,1790241474.3228211,-5.0,-5.0,0.0,0.0
78.456596425,1790241474.3408,-5.0,-5.0,0.0,0.0
78.45963117000001,1790241474.3438482,-5.0,-5.0,0.0,0.0
78.46273721700001,1790241474.3468194,-5.0,-5.0,0.0,0.0
78.47500510500001,1790241474.3590229,-5.0,-5.0,0.0,0.0
78.497205146,1790241474.381347,-5.0,-5.0,0.0,0.0
78.500792653,1790241474.3849547,-5.0,-5.0,0.0,0.0
78.50287364600001,1790241474.386836,-5.0,-5.0,0.0,0.0
78.51549684700001,1790241474.3995805,-5.0,-5.0,0.0,0.0
78.535777146,1790241474.419832,-5.0,-5.0,0.0,0.0
78.538154442,1790241474.4221685,-5.0,-5.0,0.0,0.0
78.55658208,1790241474.4407651,-5.0,-5.0,0.0,0.0
78.559689117,1790241474.443761,-5.0,-5.0,0.0,0.0
78.57590675200001,1790241474.4599917,-5.0,-5.0,0.0,0.0
78.57857384,1790241474.462592,-5.0,-5.0,0.0,0.0
78.59516996500001,1790241474.4792082,-5.0,-5.0,0.0,0.0
78.597159187,1790241474.4811451,-5.0,-5.0,0.0,0.0
78.616105473,1790241474.500199,-5.0,-5.0,0.0,0.0
78.618813707,1790241474.5028276,-5.0,-5.0,0.0,0.0
78.63656676100001,1790241474.5207748,-5.0,-5.0,0.0,0.0
78.639594892,1790241474.523648,-5.0,-5.0,0.0,0.0
78.64262218900001,1790241474.526669,-5.0,-5.0,0.0,0.0
78.65500309800001,1790241474.5390198,-5.0,-5.0,0.0,0.0
78.677172045,1790241474.5613132,-5.0,-5.0,0.0,0.0
78.680863042,1790241474.5649736,-5.0,-5.0,0.0,0.0
78.68322190100001,1790241474.5671844,-5.0,-5.0,0.0,0.0
78.69569796600001,1790241474.5797822,-5.0,-5.0,0.0,0.0
78.716385192,1790241474.6004474,-5.0,-5.0,0.0,0.0
78.71894988400001,1790241474.6030214,-5.0,-5.0,0.0,0.0
78.734966477,1790241474.6190186,-1.5277777910232544,1.5277777910232544,0.0,0.0
78.73675085500001,1790241474.6207998,-1.5277777910232544,1.5277777910232544,0.0,0.0
78.756463704,1790241474.640712,-1.5277777910232544,1.5277777910232544,0.0,0.0
78.760045586,1790241474.6442437,-1.5277777910232544,1.5277777910232544,0.0,0.0
78.763589499,1790241474.6476903,-1.5277777910232544,1.5277777910232544,0.0,0.14
78.774911968,1790241474.658913,-1.5277777910232544,1.5277777910232544,-0.14,0.14
78.797457531,1790241474.681622,-1.5277777910232544,1.5277777910232544,-0.14,0.421
78.801246809,1790241474.685363,-1.5277777910232544,1.5277777910232544,-0.14,0.701
78.803484053,1790241474.6874475,-1.5277777910232544,1.5277777910232544,-0.421,0.841
78.81558574200001,1790241474.699663,-1.5277777910232544,1.5277777910232544,-0.561,0.982
78.835860259,1790241474.7199087,-1.5277777910232544,1.5277777910232544,-0.841,1.262
78.838325107,1790241474.7223248,-1.5277777910232544,1.5277777910232544,-0.841,1.262
78.856190974,1790241474.7403517,-1.5277777910232544,1.5277777910232544,-0.701,1.262
78.859400772,1790241474.7436137,-1.5277777910232544,1.5277777910232544,-0.701,1.683
78.86262807,1790241474.746688,-1.5277777910232544,1.5277777910232544,-0.841,1.543
78.874913874,1790241474.758929,-1.5277777910232544,1.5277777910232544,-0.841,1.683
78.89737349900001,1790241474.7815366,-1.5277777910232544,1.5277777910232544,-0.841,1.543
78.901078975,1790241474.7851543,-1.5277777910232544,1.5277777910232544,-0.982,1.683
78.903135854,1790241474.7871106,-1.5277777910232544,1.5277777910232544,-1.122,1.823
78.915538533,1790241474.7995837,-1.5277777910232544,1.5277777910232544,-0.982,1.683
78.935902946,1790241474.8200264,-1.5277777910232544,1.5277777910232544,-1.122,1.543
78.938540347,1790241474.8225749,-1.5277777910232544,1.5277777910232544,-0.982,1.402
78.95604157800001,1790241474.8401654,-1.5277777910232544,1.5277777910232544,-1.122,1.402
78.95921830200001,1790241474.843261,-1.5277777910232544,1.5277777910232544,-1.122,1.402
78.97495479,1790241474.8589513,-1.5277777910232544,1.5277777910232544,-1.122,1.262
78.97652833500001,1790241474.8604646,-1.5277777910232544,1.5277777910232544,-1.122,1.262
78.996266965,1790241474.880344,-1.5277777910232544,1.5277777910232544,-1.262,1.402
78.99903879300001,1790241474.8830884,-1.5277777910232544,1.5277777910232544,-1.262,1.262
79.00192296600001,1790241474.8859534,-1.5277777910232544,1.5277777910232544,-1.262,1.402
79.015812783,1790241474.8999276,-1.5277777910232544,1.5277777910232544,-1.402,1.262
79.035929331,1790241474.9199803,-1.5277777910232544,1.5277777910232544,-1.262,1.402
79.038415117,1790241474.9224124,-1.5277777910232544,1.5277777910232544,-1.262,1.543
79.05670457800001,1790241474.9409049,-1.5277777910232544,1.5277777910232544,-1.122,1.543
79.06004297000001,1790241474.9441054,-1.5277777910232544,1.5277777910232544,-1.122,1.543
79.062750736,1790241474.9467323,-1.5277777910232544,1.5277777910232544,-1.262,1.543
79.075590499,1790241474.959648,-1.5277777910232544,1.5277777910232544,-1.122,1.402
79.095875902,1790241474.9799469,-1.5277777910232544,1.5277777910232544,-1.262,1.543
79.098362052,1790241474.982363,-1.5277777910232544,1.5277777910232544,-1.262,1.402
79.116722503,1790241475.0009255,-1.5277777910232544,1.5277777910232544,-1.262,1.402
79.12003516600001,1790241475.0040908,-1.5277777910232544,1.5277777910232544,-1.402,1.402
79.122763921,1790241475.0067403,-1.5277777910232544,1.5277777910232544,-1.402,1.402
79.135593424,1790241475.0196612,-1.5277777910232544,1.5277777910232544,-1.543,1.262
79.155639451,1790241475.0397015,-1.5277777910232544,1.5277777910232544,-1.402,1.262
79.158124508,1790241475.0421777,-1.5277777910232544,1.5277777910232544,-1.543,1.122
79.175899697,1790241475.0599701,-1.5277777910232544,1.5277777910232544,-1.543,0.982
79.178387931,1790241475.0624208,-1.5277777910232544,1.5277777910232544,-1.402,0.982
79.196245673,1790241475.080325,-1.5277777910232544,1.5277777910232544,-1.402,0.982
79.19902547000001,1790241475.0831017,-1.5277777910232544,1.5277777910232544,-1.543,1.122
79.20177104800001,1790241475.0858164,-1.5277777910232544,1.5277777910232544,-1.402,1.122
79.215796282,1790241475.0998888,-1.5277777910232544,1.5277777910232544,-1.543,1.262
79.23602121600001,1790241475.1201103,-1.5277777910232544,1.5277777910232544,-1.402,1.262
79.238625856,1790241475.1226592,-1.5277777910232544,1.5277777910232544,-1.543,1.262
79.256263702,1790241475.140339,-1.5277777910232544,1.5277777910232544,-1.543,1.543
79.259015061,1790241475.1430554,-1.5277777910232544,1.5277777910232544,-1.402,1.543
79.26214314,1790241475.1462362,-1.5277777910232544,1.5277777910232544,-1.262,1.262
79.275787124,1790241475.1598063,-1.5277777910232544,1.5277777910232544,-0.701,1.122
79.295823307,1790241475.1798873,-1.5277777910232544,1.5277777910232544,-0.421,0.701
79.29842971800001,1790241475.1824696,-1.5277777910232544,1.5277777910232544,0.14,0.14
79.31559626100001,1790241475.1996534,-1.5277777910232544,1.5277777910232544,0.28,0.0
79.3177584,1790241475.2017446,-1.5277777910232544,1.5277777910232544,0.28,0.0
79.336601091,1790241475.2207794,-1.5277777910232544,1.5277777910232544,0.14,0.14
79.33981891,1790241475.2238746,-1.5277777910232544,1.5277777910232544,0.0,0.14
79.342783134,1790241475.2267625,-1.5277777910232544,1.5277777910232544,0.0,0.14
79.35544612700001,1790241475.2395244,-1.5277777910232544,1.5277777910232544,0.0,0.14
79.37578507100001,1790241475.2598443,-1.5277777910232544,1.5277777910232544,0.0,0.28
79.37818158600001,1790241475.2621844,-1.5277777910232544,1.5277777910232544,0.0,0.14
79.39670151600001,1790241475.2809434,-1.5277777910232544,1.5277777910232544,0.0,0.421
79.40013662700001,1790241475.284213,-1.5277777910232544,1.5277777910232544,-0.14,0.561
79.40303303900001,1790241475.28701,-1.5277777910232544,1.5277777910232544,-0.28,0.701
79.41554285400001,1790241475.2996013,-1.5277777910232544,1.5277777910232544,-0.28,0.841
79.43590122500001,1790241475.319952,-1.5277777910232544,1.5277777910232544,-0.28,0.982
79.438678886,1790241475.3227687,-1.5277777910232544,1.5277777910232544,-0.421,1.122
79.456444493,1790241475.340533,-1.5277777910232544,1.5277777910232544,-0.421,1.262
79.459226946,1790241475.3432438,-1.5277777910232544,1.5277777910232544,-0.561,1.402
79.462322316,1790241475.3464544,-1.5277777910232544,1.5277777910232544,-0.701,1.262
79.475598747,1790241475.3596582,-1.5277777910232544,1.5277777910232544,-0.701,1.543
79.495939879,1790241475.38001,-1.5277777910232544,1.5277777910232544,-0.841,1.543
79.498439832,1790241475.3824537,-1.5277777910232544,1.5277777910232544,-0.982,1.543
79.516169813,1790241475.4003208,-1.5277777910232544,1.5277777910232544,-0.982,1.262
79.519385287,1790241475.4034917,-1.5277777910232544,1.5277777910232544,-1.262,1.402
79.522538627,1790241475.4066331,-1.5277777910232544,1.5277777910232544,-1.402,1.402
79.534958442,1790241475.418959,-1.5277777910232544,1.5277777910232544,-1.402,1.122
79.55758114000001,1790241475.4417582,-1.5277777910232544,1.5277777910232544,-1.402,1.402
79.56148854300001,1790241475.4455013,-1.5277777910232544,1.5277777910232544,-1.543,1.262
79.56334396300001,1790241475.4473069,-1.5277777910232544,1.5277777910232544,-1.543,1.262
79.57552481900001,1790241475.4595814,-1.5277777910232544,1.5277777910232544,-1.683,1.402
79.59574267,1790241475.4797838,-1.5277777910232544,1.5277777910232544,-1.543,1.402
79.598089445,1790241475.4821658,-1.5277777910232544,1.5277777910232544,-1.402,1.543
79.615860884,1790241475.499943,-1.5277777910232544,1.5277777910232544,-1.543,1.683
79.618354327,1790241475.5023634,-1.5277777910232544,1.5277777910232544,-1.543,1.402
79.636062537,1790241475.5201612,-1.5277777910232544,1.5277777910232544,-1.543,1.402
79.639236553,1790241475.5232975,-1.5277777910232544,1.5277777910232544,-1.543,1.543
79.654970645,1790241475.5389793,-1.5277777910232544,1.5277777910232544,-1.543,1.402
79.65655903300001,1790241475.5404963,-1.5277777910232544,1.5277777910232544,-1.402,1.402
79.676433289,1790241475.5605125,-1.5277777910232544,1.5277777910232544,-1.402,1.402
79.679242253,1790241475.563257,-1.5277777910232544,1.5277777910232544,-1.402,1.683
79.69610999300001,1790241475.5802314,-1.5277777910232544,1.5277777910232544,-1.402,1.543
79.699329374,1790241475.5833745,-1.5277777910232544,1.5277777910232544,-1.402,1.683
79.714961955,1790241475.5990171,-1.5277777910232544,1.5277777910232544,-1.402,1.683
79.716575656,1790241475.6005194,-1.5277777910232544,1.5277777910232544,-1.262,1.683
79.736220589,1790241475.6202893,-1.5277777910232544,1.5277777910232544,-1.402,1.543
79.73899200000001,1790241475.6230233,-1.5277777910232544,1.5277777910232544,-1.262,1.402
79.75597369900001,1790241475.640077,-1.5277777910232544,1.5277777910232544,-1.402,1.402
79.759119642,1790241475.6431837,-1.5277777910232544,1.5277777910232544,-1.402,1.402
79.774974463,1790241475.658975,-1.5277777910232544,1.5277777910232544,-1.402,1.402
79.776539102,1790241475.6604755,-1.5277777910232544,1.5277777910232544,-1.402,1.402
79.79627872200001,1790241475.6803732,-1.5277777910232544,1.5277777910232544,-1.262,1.543
79.79909279,1790241475.6831126,-1.5277777910232544,1.5277777910232544,-1.402,1.543
79.816000425,1790241475.7001207,-1.5277777910232544,1.5277777910232544,-0.982,1.402
79.81919241,1790241475.7032692,-1.5277777910232544,1.5277777910232544,-0.561,0.982
79.83494343000001,1790241475.718939,-1.5277777910232544,1.5277777910232544,-0.14,0.701
79.836456349,1790241475.7203913,-1.5277777910232544,1.5277777910232544,0.28,0.0
79.856258521,1790241475.7403867,-1.5277777910232544,1.5277777910232544,0.561,0.0
79.859357798,1790241475.7434647,-1.5277777910232544,1.5277777910232544,0.701,0.0
79.862487075,1790241475.7466621,-1.5277777910232544,1.5277777910232544,0.701,0.0
79.87513756700001,1790241475.759153,-1.5277777910232544,1.5277777910232544,0.841,0.0
79.896036044,1790241475.780101,-1.5277777910232544,1.5277777910232544,0.841,0.0
79.898460736,1790241475.7825263,-1.5277777910232544,1.5277777910232544,0.841,0.0
79.916215769,1790241475.8003216,-1.5277777910232544,1.5277777910232544,0.701,0.0
79.918932545,1790241475.80296,-1.5277777910232544,1.5277777910232544,0.561,0.0
79.93618851500001,1790241475.82028,-1.5277777910232544,1.5277777910232544,0.28,0.0
79.939100499,1790241475.823161,-1.5277777910232544,1.5277777910232544,-0.14,0.28
79.955879541,1790241475.8399997,-1.5277777910232544,1.5277777910232544,0.0,0.421
79.959078714,1790241475.8431263,-1.5277777910232544,1.5277777910232544,-0.28,0.421
79.974973171,1790241475.8589733,-1.5277777910232544,1.5277777910232544,-0.28,0.421
79.97654088200001,1790241475.8604767,-1.5277777910232544,1.5277777910232544,-0.28,0.28
79.996262325,1790241475.8803596,-1.5277777910232544,1.5277777910232544,-0.14,0.561
79.999044674,1790241475.883155,-1.5277777910232544,1.5277777910232544,-0.14,0.421
80.00147572,1790241475.8854752,-1.5277777910232544,1.5277777910232544,0.0,0.561
80.015633663,1790241475.8996959,-1.5277777910232544,1.5277777910232544,-0.14,0.561
80.036725265,1790241475.920962,-1.5277777910232544,1.5277777910232544,-0.14,0.701
80.04056318900001,1790241475.9247346,-1.5277777910232544,1.5277777910232544,-0.421,0.841
80.044131164,1790241475.928226,-1.5277777910232544,1.5277777910232544,-0.561,0.841
80.05493175800001,1790241475.9389381,-1.5277777910232544,1.5277777910232544,-0.561,1.122
80.07694325700001,1790241475.9610662,-1.5277777910232544,1.5277777910232544,-0.701,1.122
80.080176076,1790241475.9642384,-1.5277777910232544,1.5277777910232544,-0.841,1.262
80.08257483,1790241475.9665473,-1.5277777910232544,1.5277777910232544,-0.841,1.262
80.09560334400001,1790241475.979677,-1.5277777910232544,1.5277777910232544,-0.841,1.262
80.11570791300001,1790241475.99976,-1.5277777910232544,1.5277777910232544,-0.841,1.122
80.11801802100001,1790241476.0020442,-1.5277777910232544,1.5277777910232544,-0.701,1.262
80.13584565900001,1790241476.0199273,-1.5277777910232544,1.5277777910232544,-0.841,0.982
80.138369674,1790241476.0223646,-1.5277777910232544,1.5277777910232544,-0.841,0.841
80.15604632200001,1790241476.040152,-1.5277777910232544,1.5277777910232544,-0.841,0.841
80.159252838,1790241476.0432956,-1.5277777910232544,1.5277777910232544,-1.122,0.701
80.17497015900001,1790241476.0589805,-1.5277777910232544,1.5277777910232544,-1.122,0.841
80.17654886000001,1790241476.0604823,-1.5277777910232544,1.5277777910232544,-1.122,0.701
80.196344939,1790241476.080444,-1.5277777910232544,1.5277777910232544,-1.402,0.701
80.19912629800001,1790241476.0831585,-1.5277777910232544,1.5277777910232544,-1.262,0.841
80.216115028,1790241476.1002393,-1.5277777910232544,1.5277777910232544,-1.402,1.122
80.219322794,1790241476.1033695,-1.5277777910232544,1.5277777910232544,-1.543,1.262
80.234984282,1790241476.1189926,-1.5277777910232544,1.5277777910232544,-1.402,1.402
80.23656418,1790241476.1205049,-1.5277777910232544,1.5277777910232544,-1.543,1.683
80.256270415,1790241476.1403456,-1.5277777910232544,1.5277777910232544,-1.543,1.683
80.25906198300001,1790241476.1430826,-1.5277777910232544,1.5277777910232544,-1.402,1.823
80.276023525,1790241476.1601305,-1.5277777910232544,1.5277777910232544,-1.402,1.823
80.27921301,1790241476.1632767,-1.5277777910232544,1.5277777910232544,-1.543,1.543
80.294964967,1790241476.1789618,-1.5277777910232544,1.5277777910232544,-1.402,1.543
80.296545178,1790241476.1804814,-1.5277777910232544,1.5277777910232544,-1.402,1.402
80.31623047500001,1790241476.2003214,-1.5277777910232544,1.5277777910232544,-1.402,1.122
80.319020272,1790241476.2031415,-1.5277777910232544,1.5277777910232544,-1.402,1.262
80.32199902800001,1790241476.206002,-1.5277777910232544,1.5277777910232544,-1.262,1.262
80.335566813,1790241476.2197046,-1.5277777910232544,1.5277777910232544,-1.402,1.402
80.355647684,1790241476.2397027,-1.5277777910232544,1.5277777910232544,-1.262,1.402
80.35815472,1790241476.242332,-1.5277777910232544,1.5277777910232544,-1.402,1.543
80.37584668000001,1790241476.2599163,-1.5277777910232544,1.5277777910232544,-1.402,1.683
80.37834481,1790241476.2623463,-1.5277777910232544,1.5277777910232544,-1.262,1.543
80.396070572,1790241476.2801926,-1.5277777910232544,1.5277777910232544,-1.262,1.543
80.39925891200001,1790241476.2833052,-1.5277777910232544,1.5277777910232544,-1.262,1.262
80.41495248300001,1790241476.2989595,-1.5277777910232544,1.5277777910232544,-1.122,1.122
80.41650102700001,1790241476.3004348,-1.5277777910232544,1.5277777910232544,-0.421,0.561
80.435851219,1790241476.319894,-1.5277777910232544,1.5277777910232544,-0.14,0.14
80.43789888,1790241476.32189,-1.5277777910232544,1.5277777910232544,0.421,-0.14
80.45672099800001,1790241476.3409054,-1.5277777910232544,1.5277777910232544,0.701,0.0
80.45973683700001,1790241476.3437955,-1.5277777910232544,1.5277777910232544,0.561,0.0
80.475685721,1790241476.359798,-1.5277777910232544,1.5277777910232544,0.701,0.0
80.478385934,1790241476.3624191,-1.5277777910232544,1.5277777910232544,0.28,0.0
80.495149612,1790241476.3791654,-1.5277777910232544,1.5277777910232544,0.14,0.0
80.497220813,1790241476.3811963,-1.5277777910232544,1.5277777910232544,-0.14,0.14
80.516211213,1790241476.400289,-1.5277777910232544,1.5277777910232544,0.0,0.0
80.51889022900001,1790241476.402906,-1.5277777910232544,1.5277777910232544,0.0,0.28
80.536343282,1790241476.4204643,-1.5277777910232544,1.5277777910232544,-0.14,0.0
80.539395944,1790241476.4234362,-1.5277777910232544,1.5277777910232544,0.0,0.14
80.55496211900001,1790241476.4389725,-1.5277777910232544,1.5277777910232544,-0.28,0.14
80.55654904900001,1790241476.4404821,-1.5277777910232544,1.5277777910232544,-0.14,0.28
80.57645544100001,1790241476.4605336,-1.5277777910232544,1.5277777910232544,-0.14,0.421
80.57949544600001,1790241476.4635491,-1.5277777910232544,1.5277777910232544,-0.28,0.561
80.581808992,1790241476.4658217,-1.5277777910232544,1.5277777910232544,0.0,0.701
80.595636674,1790241476.4796927,-1.5277777910232544,1.5277777910232544,-0.14,1.122
80.616659266,1790241476.5009143,-1.5277777910232544,1.5277777910232544,0.0,1.262
80.620319064,1790241476.5044017,-1.5277777910232544,1.5277777910232544,0.0,1.683
80.6238848,1790241476.5079994,-1.5277777910232544,1.5277777910232544,-0.14,1.543
80.634915706,1790241476.5189116,-1.5277777910232544,1.5277777910232544,-0.28,1.402
80.65733913300001,1790241476.541502,-1.5277777910232544,1.5277777910232544,-0.421,1.402
80.661204036,1790241476.5453482,-1.5277777910232544,1.5277777910232544,-0.561,1.262
80.663199144,1790241476.547163,-1.5277777910232544,1.5277777910232544,-0.701,1.122
80.675571147,1790241476.5596538,-1.5277777910232544,1.5277777910232544,-0.841,0.982
80.695842174,1790241476.5799122,-1.5277777910232544,1.5277777910232544,-0.841,0.982
80.698340043,1790241476.5823722,-1.5277777910232544,1.5277777910232544,-0.982,0.982
80.717051276,1790241476.601264,-1.5277777910232544,1.5277777910232544,-0.982,0.982
80.720357168,1790241476.6044207,-1.5277777910232544,1.5277777910232544,-1.262,0.841
80.723158215,1790241476.607149,-1.5277777910232544,1.5277777910232544,-1.262,0.841
80.735599905,1790241476.6196911,-1.5277777910232544,1.5277777910232544,-1.402,1.122
80.755696817,1790241476.6397436,-1.5277777910232544,1.5277777910232544,-1.402,1.122
80.758032811,1790241476.6420624,-1.5277777910232544,1.5277777910232544,-1.683,1.402
80.775890657,1790241476.6599472,-1.5277777910232544,1.5277777910232544,-1.683,1.262
80.778397745,1790241476.6624131,-1.5277777910232544,1.5277777910232544,-1.683,1.402
80.796486008,1790241476.6807458,-1.5277777910232544,1.5277777910232544,-1.963,1.543
80.800377838,1790241476.684466,-1.5277777910232544,1.5277777910232544,-1.823,1.402
80.80394524100001,1790241476.6880395,-1.5277777910232544,1.5277777910232544,-1.823,1.262
80.814905834,1790241476.6989021,-1.5277777910232544,1.5277777910232544,-1.823,1.262
80.83740733500001,1790241476.7215436,-1.5277777910232544,1.5277777910232544,-1.823,1.122
80.84124244600001,1790241476.7253857,-1.5277777910232544,1.5277777910232544,-1.683,1.262
80.843466148,1790241476.727444,-1.5277777910232544,1.5277777910232544,-1.963,1.262
80.85554257700001,1790241476.7396016,-1.5277777910232544,1.5277777910232544,-1.823,1.262
80.875842667,1790241476.7598965,-1.5277777910232544,1.5277777910232544,-2.104,1.402
80.87831949400001,1790241476.7623177,-1.5277777910232544,1.5277777910232544,-2.104,1.683
80.89670072700001,1790241476.7809064,-1.5277777910232544,1.5277777910232544,-2.104,1.823
80.899937295,1790241476.784016,-1.5277777910232544,1.5277777910232544,-1.963,1.823
80.90265016500001,1790241476.7866313,-1.5277777910232544,1.5277777910232544,-1.963,1.823
80.915606595,1790241476.7996645,-1.5277777910232544,1.5277777910232544,-1.963,1.683
80.936014133,1790241476.820068,-1.5277777910232544,1.5277777910232544,-1.823,1.683
80.93851450300001,1790241476.8225958,-1.5277777910232544,1.5277777910232544,-1.823,1.683
80.956103442,1790241476.8401625,-1.5277777910232544,1.5277777910232544,-1.963,1.683
80.958584488,1790241476.8425827,-1.5277777910232544,1.5277777910232544,-1.963,1.963
80.976250511,1790241476.8603232,-1.5277777910232544,1.5277777910232544,-1.823,1.823
80.97910994300001,1790241476.8631284,-1.5277777910232544,1.5277777910232544,-1.543,1.823
80.996700028,1790241476.8808956,-1.5277777910232544,1.5277777910232544,-1.122,1.683
80.99971175200001,1790241476.8839388,-1.5277777910232544,1.5277777910232544,-0.28,1.402
81.00279910200001,1790241476.8867924,-1.5277777910232544,1.5277777910232544,0.14,0.982
81.01484032200001,1790241476.8988576,-1.5277777910232544,1.5277777910232544,0.421,0.841
81.036012185,1790241476.92009,-1.5277777910232544,1.5277777910232544,0.561,0.701
81.038402398,1790241476.9224167,-1.5277777910232544,1.5277777910232544,0.561,0.561
81.05594154500001,1790241476.9400504,-1.5277777910232544,1.5277777910232544,0.561,0.561
81.058980457,1790241476.9430423,-1.5277777910232544,1.5277777910232544,0.28,0.561
81.07489954900001,1790241476.9589024,-1.5277777910232544,1.5277777910232544,0.0,0.701
81.076454917,1790241476.960408,-1.5277777910232544,1.5277777910232544,-0.28,0.982
81.0965786,1790241476.9807346,-1.5277777910232544,1.5277777910232544,-0.561,1.262
81.099369335,1790241476.9834595,-1.5277777910232544,1.5277777910232544,-0.701,1.543
81.10188767300001,1790241476.9858944,-1.5277777910232544,1.5277777910232544,-0.561,1.543
81.115656709,1790241476.999701,-1.5277777910232544,1.5277777910232544,-0.561,1.823
81.13672185200001,1790241477.0209594,-1.5277777910232544,1.5277777910232544,-0.421,2.104
81.140540922,1790241477.0246737,-1.5277777910232544,1.5277777910232544,-0.701,2.244
81.144114783,1790241477.028188,-1.5277777910232544,1.5277777910232544,-0.561,2.384
81.154886105,1790241477.038878,-1.5277777910232544,1.5277777910232544,-0.701,2.384
81.177361199,1790241477.0615,-1.5277777910232544,1.5277777910232544,-0.701,2.384
81.18114756,1790241477.065308,-1.5277777910232544,1.5277777910232544,-0.982,2.384
81.183769544,1790241477.0677578,-1.5277777910232544,1.5277777910232544,-0.982,2.244
81.195527952,1790241477.079597,-1.5277777910232544,1.5277777910232544,-0.982,2.384
81.215979032,1790241477.1000502,-1.5277777910232544,1.5277777910232544,-1.122,2.244
81.21845513000001,1790241477.1024783,-1.5277777910232544,1.5277777910232544,-1.122,2.384
81.23661912200001,1790241477.1208165,-1.5277777910232544,1.5277777910232544,-1.122,2.244
81.23991428500001,1790241477.1239676,-1.5277777910232544,1.5277777910232544,-1.402,2.104
81.242695227,1790241477.126669,-1.5277777910232544,1.5277777910232544,-1.402,1.963
81.25555322000001,1790241477.1396332,-1.5277777910232544,1.5277777910232544,-1.543,1.823
81.27583732000001,1790241477.1599069,-1.5277777910232544,1.5277777910232544,-1.402,1.683
81.278331596,1790241477.1623623,-1.5277777910232544,1.5277777910232544,-1.543,1.543
81.29667985900001,1790241477.1810026,-1.5277777910232544,1.5277777910232544,-1.543,1.543
81.300046689,1790241477.1840968,-1.5277777910232544,1.5277777910232544,-1.543,1.543
81.302758256,1790241477.1867313,-1.5277777910232544,1.5277777910232544,-1.543,1.402
81.315577707,1790241477.1996627,-1.5277777910232544,1.5277777910232544,-1.402,1.402
81.335912276,1790241477.2199674,-1.5277777910232544,1.5277777910232544,-1.543,1.402
81.338529885,1790241477.2225497,-1.5277777910232544,1.5277777910232544,-1.543,1.402
81.35589288700001,1790241477.239966,-1.5277777910232544,1.5277777910232544,-1.543,1.262
81.35838487000001,1790241477.2423832,-1.5277777910232544,1.5277777910232544,-1.402,1.402
81.376263654,1790241477.2603405,-1.5277777910232544,1.5277777910232544,-1.543,1.402
81.379062097,1790241477.2630866,-1.5277777910232544,1.5277777910232544,-1.402,1.402
81.395935201,1790241477.2800598,-1.5277777910232544,1.5277777910232544,-1.402,1.262
81.399121874,1790241477.2831848,-1.5277777910232544,1.5277777910232544,-1.402,1.402
81.414975966,1790241477.2989838,-1.5277777910232544,1.5277777910232544,-1.402,1.262
81.41655899,1790241477.3005066,-1.5277777910232544,1.5277777910232544,-1.402,1.262
81.436275745,1790241477.3203652,-1.5277777910232544,1.5277777910232544,-1.402,1.402
81.439062,1790241477.323081,-1.5277777910232544,1.5277777910232544,-1.543,1.262
81.455999792,1790241477.3401265,-1.5277777910232544,1.5277777910232544,-1.402,1.402
81.45917985,1790241477.3432438,-1.5277777910232544,1.5277777910232544,-1.543,1.402
81.47498342200001,1790241477.3589823,-1.5277777910232544,1.5277777910232544,-1.402,1.402
81.476571914,1790241477.3605058,-1.5277777910232544,1.5277777910232544,-1.402,1.402
81.496240649,1790241477.3803337,-1.5277777910232544,1.5277777910232544,-1.543,1.122
81.49903534100001,1790241477.3830662,-1.5277777910232544,1.5277777910232544,-1.543,1.122
81.516147301,1790241477.4002779,-1.5277777910232544,1.5277777910232544,-1.543,1.262
81.519355067,1790241477.4033997,-1.5277777910232544,1.5277777910232544,-1.543,1.122
81.534963273,1790241477.4189615,-1.5277777910232544,1.5277777910232544,-1.543,1.402
81.536536193,1790241477.4204683,-1.5277777910232544,1.5277777910232544,-1.543,1.262
81.556309563,1790241477.4403887,-1.5277777910232544,1.5277777910232544,-1.402,1.262
81.55910055800001,1790241477.44312,-1.5277777910232544,1.5277777910232544,-1.122,1.122
81.576160642,1790241477.4602897,-1.5277777910232544,1.5277777910232544,-0.561,1.122
81.579212575,1790241477.4632845,-1.5277777910232544,1.5277777910232544,0.0,1.122
81.59493567700001,1790241477.4789338,-1.5277777910232544,1.5277777910232544,0.421,0.841
81.59645010700001,1790241477.4803855,-1.5277777910232544,1.5277777910232544,0.561,0.841
81.61628905,1790241477.5003808,-1.5277777910232544,1.5277777910232544,0.701,0.701
81.61898317,1790241477.5030382,-1.5277777910232544,1.5277777910232544,0.701,0.701
81.63584877400001,1790241477.5199726,-1.5277777910232544,1.5277777910232544,0.701,0.701
81.63890654000001,1790241477.5229478,-1.5277777910232544,1.5277777910232544,0.701,0.701
81.655027716,1790241477.5390313,-1.5277777910232544,1.5277777910232544,0.841,0.701
81.65662881300001,1790241477.5405695,-1.5277777910232544,1.5277777910232544,0.841,0.701
81.676181818,1790241477.5602746,-1.5277777910232544,1.5277777910232544,0.701,0.561
81.678834011,1790241477.562862,-1.5277777910232544,1.5277777910232544,0.841,0.701
81.695912115,1790241477.5800343,-1.5277777910232544,1.5277777910232544,0.841,0.561
81.698988371,1790241477.5830317,-1.5277777910232544,1.5277777910232544,0.561,0.561
81.714948401,1790241477.5989695,-1.5277777910232544,1.5277777910232544,0.561,0.561
81.717703979,1790241477.6017964,-1.5277777910232544,1.5277777910232544,0.561,0.421
81.735249585,1790241477.6192772,-1.5277777910232544,1.5277777910232544,0.561,0.561
81.73724766100001,1790241477.6212308,-1.5277777910232544,1.5277777910232544,0.561,0.561
81.756125822,1790241477.6402016,-1.5277777910232544,1.5277777910232544,0.561,0.421
81.758799733,1790241477.6428583,-1.5277777910232544,1.5277777910232544,0.561,0.421
81.77597919200001,1790241477.6601012,-1.5277777910232544,1.5277777910232544,0.421,0.561
81.779032583,1790241477.6630747,-1.5277777910232544,1.5277777910232544,0.561,0.561
81.79645548,1790241477.680598,-1.5277777910232544,1.5277777910232544,0.421,0.421
81.800158873,1790241477.6842892,-1.5277777910232544,1.5277777910232544,0.421,0.561
81.80360971200001,1790241477.6877027,-1.5277777910232544,1.5277777910232544,0.561,0.421
81.814838483,1790241477.6988466,-1.5277777910232544,1.5277777910232544,0.421,0.561
81.837236859,1790241477.72139,-1.5277777910232544,1.5277777910232544,0.561,0.421
81.840944105,1790241477.7250195,-1.5277777910232544,1.5277777910232544,0.421,0.561
81.842944317,1790241477.7269316,-1.5277777910232544,1.5277777910232544,0.561,0.421
81.855508559,1790241477.739557,-1.5277777910232544,1.5277777910232544,0.421,0.561
81.876544224,1790241477.7608135,-1.5277777910232544,1.5277777910232544,0.421,0.561
81.88031240800001,1790241477.7644024,-1.5277777910232544,1.5277777910232544,0.421,0.421
81.883746164,1790241477.7678187,-1.5277777910232544,1.5277777910232544,0.561,0.561
81.894845664,1790241477.7788422,-1.5277777910232544,1.5277777910232544,0.421,0.421
81.917213414,1790241477.8014107,-1.5277777910232544,1.5277777910232544,0.421,0.421
81.920970921,1790241477.8050287,-1.5277777910232544,1.5277777910232544,0.28,0.421
81.923057904,1790241477.8070335,-1.5277777910232544,1.5277777910232544,0.28,0.421
81.93531896900001,1790241477.8193445,-1.5277777910232544,1.5277777910232544,0.28,0.421
81.956752134,1790241477.8409874,-1.5277777910232544,1.5277777910232544,0.28,0.28
81.960308964,1790241477.8443952,-1.5277777910232544,1.5277777910232544,0.28,0.28
81.96377522,1790241477.8478963,-1.5277777910232544,1.5277777910232544,0.14,0.421
81.974833782,1790241477.8588417,-1.5277777910232544,1.5277777910232544,0.0,0.28
81.997504033,1790241477.881647,-1.5277777910232544,1.5277777910232544,0.14,0.421
82.001207113,1790241477.885338,-1.5277777910232544,1.5277777910232544,0.0,0.28
82.003142741,1790241477.8871124,-1.5277777910232544,1.5277777910232544,0.0,0.421
82.01543641,1790241477.8995266,-1.5277777910232544,1.5277777910232544,0.0,0.28
82.035774,1790241477.9198287,-1.5277777910232544,1.5277777910232544,0.0,0.14
82.03816155700001,1790241477.9221768,-1.5277777910232544,1.5277777910232544,0.0,0.14
82.056321018,1790241477.9404848,-1.5277777910232544,1.5277777910232544,0.14,0.14
82.059843681,1790241477.9440665,-1.5277777910232544,1.5277777910232544,0.0,0.0
82.063415979,1790241477.9475195,-1.5277777910232544,1.5277777910232544,0.0,0.0
82.07483605200001,1790241477.9588425,-1.5277777910232544,1.5277777910232544,0.0,0.0
82.097259167,1790241477.9814477,-1.5277777910232544,1.5277777910232544,0.0,0.0
82.100764955,1790241477.9849274,-1.5277777910232544,1.5277777910232544,0.0,0.0
82.103231105,1790241477.9871962,-1.5277777910232544,1.5277777910232544,0.0,0.0
82.115481337,1790241477.9995575,-1.5277777910232544,1.5277777910232544,0.0,0.0
82.13563439500001,1790241478.0196974,-1.5277777910232544,1.5277777910232544,0.0,0.0
82.13802617,1790241478.0220397,-1.5277777910232544,1.5277777910232544,0.0,0.0
82.155764433,1790241478.0398312,-1.5277777910232544,1.5277777910232544,0.0,0.0
82.15815428100001,1790241478.0421526,-1.5277777910232544,1.5277777910232544,0.0,0.0
82.176556034,1790241478.060754,-1.5277777910232544,1.5277777910232544,0.0,0.0
82.17968755000001,1790241478.0637531,-1.5277777910232544,1.5277777910232544,0.0,0.0
82.18249266000001,1790241478.0664763,-1.5277777910232544,1.5277777910232544,0.0,0.0
82.195451121,1790241478.0795317,-1.5277777910232544,1.5277777910232544,0.0,0.0
82.215747878,1790241478.099818,-1.5277777910232544,1.5277777910232544,0.0,0.0
82.218122205,1790241478.102119,-1.5277777910232544,1.5277777910232544,0.0,0.0
82.236615052,1790241478.1208153,-1.5277777910232544,1.5277777910232544,0.0,0.0
82.239735267,1790241478.1238024,-1.5277777910232544,1.5277777910232544,0.0,0.0
82.242779647,1790241478.1267698,-1.5277777910232544,1.5277777910232544,0.0,0.0
82.255447692,1790241478.1395006,-1.5277777910232544,1.5277777910232544,0.0,0.0
82.275946168,1790241478.1600034,-1.5277777910232544,1.5277777910232544,0.0,0.0
82.278331745,1790241478.1623313,-1.5277777910232544,1.5277777910232544,0.0,0.0
82.29658256,1790241478.1807902,-1.5277777910232544,1.5277777910232544,0.0,0.0
82.29972157600001,1790241478.1837928,-1.5277777910232544,1.5277777910232544,0.0,0.0
82.30251580000001,1790241478.1865075,-1.5277777910232544,1.5277777910232544,0.0,0.0
82.31553228300001,1790241478.1995928,-1.5277777910232544,1.5277777910232544,0.0,0.0
82.335801227,1790241478.2198586,-1.5277777910232544,1.5277777910232544,0.0,0.0
82.338171492,1790241478.2221673,-1.5277777910232544,1.5277777910232544,0.0,0.0
82.35656152600001,1790241478.2407594,-1.5277777910232544,1.5277777910232544,0.0,0.0
82.35969215700001,1790241478.2437441,-1.5277777910232544,1.5277777910232544,0.0,0.0
82.362733152,1790241478.2467158,-1.5277777910232544,1.5277777910232544,0.0,0.0
82.375761614,1790241478.2598429,-1.5277777910232544,1.5277777910232544,0.0,0.0
82.395578058,1790241478.2796474,-1.5277777910232544,1.5277777910232544,0.0,0.0
82.397946499,1790241478.2819443,-1.5277777910232544,1.5277777910232544,0.0,0.0
82.415755179,1790241478.2998087,-1.5277777910232544,1.5277777910232544,0.0,0.0
82.41812658900001,1790241478.3021374,-1.5277777910232544,1.5277777910232544,0.0,0.0
82.436336154,1790241478.3205023,-1.5277777910232544,1.5277777910232544,0.0,0.0
82.44055324600001,1790241478.324791,-1.5277777910232544,1.5277777910232544,0.0,0.0
82.444209971,1790241478.32832,-1.5277777910232544,1.5277777910232544,0.0,0.0
82.455058221,1790241478.3390555,-1.5277777910232544,1.5277777910232544,0.0,0.14
82.47726841800001,1790241478.3614712,-1.5277777910232544,1.5277777910232544,0.0,0.0
82.481095561,1790241478.365136,-1.5277777910232544,1.5277777910232544,0.0,0.14
82.483062856,1790241478.3670475,-1.5277777910232544,1.5277777910232544,0.0,0.28
82.495312462,1790241478.3793523,-1.5277777910232544,1.5277777910232544,0.0,0.14
82.51673297100001,1790241478.4009974,-1.5277777910232544,1.5277777910232544,0.0,0.28
82.52036584300001,1790241478.404471,-1.5277777910232544,1.5277777910232544,0.0,0.14
82.523719807,1790241478.407812,-1.5277777910232544,1.5277777910232544,0.0,0.14
82.53485904700001,1790241478.4188535,-1.5277777910232544,1.5277777910232544,0.14,0.14
82.55737013000001,1790241478.441608,-1.5277777910232544,1.5277777910232544,0.0,0.14
82.561422378,1790241478.4455738,-1.5277777910232544,1.5277777910232544,0.0,0.0
82.563586705,1790241478.4475942,-1.5277777910232544,1.5277777910232544,0.0,0.14
82.575379643,1790241478.459423,-1.5277777910232544,1.5277777910232544,0.0,0.14
82.59583239,1790241478.4799037,-1.5277777910232544,1.5277777910232544,0.14,0.28
82.598232811,1790241478.4822423,-1.5277777910232544,1.5277777910232544,0.14,0.14
82.616686595,1790241478.5008755,-1.5277777910232544,1.5277777910232544,0.0,0.28
82.61982540300001,1790241478.503874,-1.5277777910232544,1.5277777910232544,0.28,0.14
82.62258494000001,1790241478.5065575,-1.5277777910232544,1.5277777910232544,0.28,0.28
82.635475693,1790241478.519532,-1.5277777910232544,1.5277777910232544,0.14,0.14
82.655793179,1790241478.539859,-1.5277777910232544,1.5277777910232544,0.28,0.28
82.65816860000001,1790241478.542168,-1.5277777910232544,1.5277777910232544,0.14,0.28
82.676583061,1790241478.560787,-1.5277777910232544,1.5277777910232544,0.14,0.28
82.679821974,1790241478.5638707,-1.5277777910232544,1.5277777910232544,0.14,0.28
82.68279000000001,1790241478.5667753,-1.5277777910232544,1.5277777910232544,0.28,0.14
82.695482524,1790241478.5795536,-1.5277777910232544,1.5277777910232544,0.28,0.14
82.71579001,1790241478.5998695,-1.5277777910232544,1.5277777910232544,0.28,0.14
82.718218452,1790241478.602229,-1.5277777910232544,1.5277777910232544,0.28,0.14
82.735978641,1790241478.6200864,-1.5277777910232544,1.5277777910232544,0.14,0.14
82.739065522,1790241478.623124,-1.5277777910232544,1.5277777910232544,0.0,0.14
82.742296257,1790241478.6263535,-1.5277777910232544,1.5277777910232544,0.0,0.28
82.75489253,1790241478.638897,-1.5277777910232544,1.5277777910232544,0.0,0.14
82.77721996800001,1790241478.661383,-1.5277777910232544,1.5277777910232544,0.0,0.14
82.78078554800001,1790241478.664941,-1.5277777910232544,1.5277777910232544,0.0,0.0
82.78285164500001,1790241478.6668534,-1.5277777910232544,1.5277777910232544,0.0,0.14
82.79553791900001,1790241478.6795764,-1.5277777910232544,1.5277777910232544,0.0,0.0
82.816600354,1790241478.7008677,-1.5277777910232544,1.5277777910232544,0.0,0.0
82.820254684,1790241478.7043493,-1.5277777910232544,1.5277777910232544,0.0,0.0
82.823681357,1790241478.7077568,-1.5277777910232544,1.5277777910232544,0.0,0.0
82.83485215900001,1790241478.7188587,-1.5277777910232544,1.5277777910232544,0.0,0.0
82.85723136700001,1790241478.7414367,-1.5277777910232544,1.5277777910232544,0.0,0.0
82.860751374,1790241478.744919,-1.5277777910232544,1.5277777910232544,0.0,0.0
82.863217993,1790241478.7471807,-1.5277777910232544,1.5277777910232544,0.0,0.0
82.875422703,1790241478.7595441,-1.5277777910232544,1.5277777910232544,0.0,0.0
82.895784721,1790241478.7798417,-1.5277777910232544,1.5277777910232544,0.0,0.0
82.89818764200001,1790241478.7822185,-1.5277777910232544,1.5277777910232544,0.0,0.0
82.91607220600001,1790241478.8001997,-1.5277777910232544,1.5277777910232544,0.0,0.0
82.919117212,1790241478.803179,-1.5277777910232544,1.5277777910232544,0.0,0.0
82.92236758300001,1790241478.8064501,-1.5277777910232544,1.5277777910232544,0.0,0.0
82.93487015800001,1790241478.818867,-1.5277777910232544,1.5277777910232544,0.0,0.0
82.956689001,1790241478.8409066,-1.5277777910232544,1.5277777910232544,0.0,0.0
82.95975603800001,1790241478.8439615,-1.5277777910232544,1.5277777910232544,0.0,0.0
82.962256459,1790241478.846241,-1.5277777910232544,1.5277777910232544,0.0,0.0
82.97547763,1790241478.8595364,-1.5277777910232544,1.5277777910232544,0.0,0.0
82.99575735500001,1790241478.8798256,-1.5277777910232544,1.5277777910232544,0.0,0.0
82.998159391,1790241478.882182,-1.5277777910232544,1.5277777910232544,0.0,0.0
83.016631196,1790241478.900903,-1.5277777910232544,1.5277777910232544,0.0,0.0
83.020283182,1790241478.9043906,-1.5277777910232544,1.5277777910232544,0.0,0.0
83.023667355,1790241478.90776,-1.5277777910232544,1.5277777910232544,0.0,0.0
83.034837897,1790241478.9188347,-1.5277777910232544,1.5277777910232544,0.0,0.0
83.057288407,1790241478.9414332,-1.5277777910232544,1.5277777910232544,0.0,0.0
83.06086487200001,1790241478.9448836,-1.5277777910232544,1.5277777910232544,0.0,0.0
83.062880085,1790241478.946931,-1.5277777910232544,1.5277777910232544,0.0,0.0
83.07553896200001,1790241478.959572,-1.5277777910232544,1.5277777910232544,0.0,0.0
83.096895148,1790241478.9810643,-1.5277777910232544,1.5277777910232544,0.0,0.0
83.10045989400001,1790241478.9845693,-1.5277777910232544,1.5277777910232544,0.0,0.0
83.10396688,1790241478.9880612,-1.5277777910232544,1.5277777910232544,0.0,0.0
83.114881119,1790241478.9988904,-1.5277777910232544,1.5277777910232544,0.14,0.0
83.137241942,1790241479.0214055,-1.5277777910232544,1.5277777910232544,0.0,0.0
83.140956689,1790241479.0250678,-1.5277777910232544,1.5277777910232544,0.14,0.0
83.142932734,1790241479.026897,-1.5277777910232544,1.5277777910232544,0.14,0.0
83.15546067400001,1790241479.0395474,-1.5277777910232544,1.5277777910232544,0.28,0.0
83.175764774,1790241479.0598307,-1.5277777910232544,1.5277777910232544,0.14,0.0
83.178173633,1790241479.0622022,-1.5277777910232544,1.5277777910232544,0.14,0.0
83.196560074,1790241479.0807643,-1.5277777910232544,1.5277777910232544,0.0,0.0
83.199689507,1790241479.0837293,-1.5277777910232544,1.5277777910232544,0.0,0.0
83.215690943,1790241479.099772,-1.5277777910232544,1.5277777910232544,0.0,0.0
83.21834339600001,1790241479.1023638,-1.5277777910232544,1.5277777910232544,0.0,0.0
83.23518504200001,1790241479.1192176,-1.5277777910232544,1.5277777910232544,0.0,0.0
83.23718384700001,1790241479.1211739,-1.5277777910232544,1.5277777910232544,0.0,0.0
83.256159716,1790241479.1402278,-1.5277777910232544,1.5277777910232544,0.0,0.0
83.258797169,1790241479.1428134,-1.5277777910232544,1.5277777910232544,0.0,0.0
83.27620173300001,1790241479.1603234,-1.5277777910232544,1.5277777910232544,0.0,0.0
83.279282832,1790241479.1633263,-1.5277777910232544,1.5277777910232544,0.0,0.0
83.29490041300001,1790241479.1789093,-1.5277777910232544,1.5277777910232544,0.0,0.0
83.296426666,1790241479.1803706,-1.5277777910232544,1.5277777910232544,0.0,0.0
83.31616993200001,1790241479.2002482,-1.5277777910232544,1.5277777910232544,0.0,0.0
83.31886728100001,1790241479.2028852,-1.5277777910232544,1.5277777910232544,0.0,0.0
83.335874917,1790241479.2199981,-1.5277777910232544,1.5277777910232544,0.0,0.0
83.339084454,1790241479.223133,-1.5277777910232544,1.5277777910232544,0.0,0.0
83.354897452,1790241479.2388945,-1.5277777910232544,1.5277777910232544,0.0,0.0
83.35639412200001,1790241479.2403307,-1.5277777910232544,1.5277777910232544,0.0,0.0
83.376587701,1790241479.2607892,-1.5277777910232544,1.5277777910232544,0.0,0.0
83.37973302,1790241479.2637777,-1.5277777910232544,1.5277777910232544,0.0,0.0
83.382748077,1790241479.2667482,-1.5277777910232544,1.5277777910232544,0.0,0.0
83.395522164,1790241479.2796133,-1.5277777910232544,1.5277777910232544,0.0,0.0
83.41579694100001,1790241479.299853,-1.5277777910232544,1.5277777910232544,0.0,0.0
83.418184862,1790241479.3022041,-1.5277777910232544,1.5277777910232544,0.0,0.0
83.436553751,1790241479.3207574,-1.5277777910232544,1.5277777910232544,0.0,0.0
83.43971328800001,1790241479.3237824,-1.5277777910232544,1.5277777910232544,0.0,0.0
83.44273881400001,1790241479.3267338,-1.5277777910232544,1.5277777910232544,0.0,0.0
83.455460869,1790241479.3395123,-1.5277777910232544,1.5277777910232544,0.0,0.0
83.47579382400001,1790241479.359866,-1.5277777910232544,1.5277777910232544,0.0,0.0
83.47819033900001,1790241479.3621898,-1.5277777910232544,1.5277777910232544,0.0,0.0
83.49658610200001,1790241479.3807669,-1.5277777910232544,1.5277777910232544,0.0,0.0
83.49977454600001,1790241479.3838263,-1.5277777910232544,1.5277777910232544,0.0,0.0
83.50254564500001,1790241479.3865368,-1.5277777910232544,1.5277777910232544,0.0,0.0
83.515385044,1790241479.3995135,-1.5277777910232544,1.5277777910232544,0.0,0.0
83.53578612300001,1790241479.4198434,-1.5277777910232544,1.5277777910232544,0.0,0.0
83.53818164900001,1790241479.4221787,-1.5277777910232544,1.5277777910232544,0.0,0.0
83.55592126500001,1790241479.4400406,-1.5277777910232544,1.5277777910232544,0.0,0.0
83.55898726000001,1790241479.4430268,-1.5277777910232544,1.5277777910232544,0.0,0.0
83.575080103,1790241479.4590893,-1.5277777910232544,1.5277777910232544,0.0,0.0
83.57670260600001,1790241479.4608316,-1.5277777910232544,1.5277777910232544,0.0,0.0
83.596362643,1790241479.4804542,-1.5277777910232544,1.5277777910232544,0.0,0.0
83.599073325,1790241479.483117,-1.5277777910232544,1.5277777910232544,0.0,0.0
83.61606205400001,1790241479.5001884,-1.5277777910232544,1.5277777910232544,0.0,0.0
83.61924065400001,1790241479.5033488,-1.5277777910232544,1.5277777910232544,0.0,0.0
83.622406806,1790241479.5064805,-1.5277777910232544,1.5277777910232544,0.0,0.0
83.634882454,1790241479.5188892,-1.5277777910232544,1.5277777910232544,0.0,0.0
83.65725697500001,1790241479.5414124,-1.5277777910232544,1.5277777910232544,0.0,0.0
83.660767867,1790241479.5449324,-1.5277777910232544,1.5277777910232544,0.0,0.0
83.66299959,1790241479.5469892,-1.5277777910232544,1.5277777910232544,0.0,0.0
83.675582895,1790241479.559667,-1.5277777910232544,1.5277777910232544,0.0,0.0
83.695787151,1790241479.5798411,-1.5277777910232544,1.5277777910232544,0.0,0.0
83.69817184300001,1790241479.5821693,-1.5277777910232544,1.5277777910232544,0.0,0.0
83.716337658,1790241479.600508,-1.5277777910232544,1.5277777910232544,0.0,0.0
83.719947925,1790241479.6042535,-1.5277777910232544,1.5277777910232544,0.0,0.0
83.72408428700001,1790241479.6082723,-1.5277777910232544,1.5277777910232544,0.0,0.0
83.734823213,1790241479.6188211,-1.5277777910232544,1.5277777910232544,0.0,0.0
83.757436485,1790241479.6415906,-1.5277777910232544,1.5277777910232544,0.0,0.0
83.76093550200001,1790241479.6450593,-1.5277777910232544,1.5277777910232544,0.0,0.0
83.763292589,1790241479.6472561,-1.5277777910232544,1.5277777910232544,0.0,0.0
83.775484123,1790241479.6595476,-1.5277777910232544,1.5277777910232544,0.0,0.0
83.79579103600001,1790241479.6798618,-1.5277777910232544,1.5277777910232544,0.0,0.0
83.79820025900001,1790241479.6822128,-1.5277777910232544,1.5277777910232544,0.0,0.0
83.816067167,1790241479.7001708,-1.5277777910232544,1.5277777910232544,0.0,0.0
83.819122746,1790241479.7031941,-1.5277777910232544,1.5277777910232544,0.0,0.0
83.834886994,1790241479.718885,-1.5277777910232544,1.5277777910232544,0.0,0.0
83.83643507000001,1790241479.7203739,-1.5277777910232544,1.5277777910232544,0.0,0.0
83.85616208600001,1790241479.7402508,-1.5277777910232544,1.5277777910232544,0.0,0.0
83.858852559,1790241479.742872,-1.5277777910232544,1.5277777910232544,0.0,0.0
83.875968998,1790241479.7600725,-1.5277777910232544,1.5277777910232544,0.0,0.0
83.879018118,1790241479.763084,-1.5277777910232544,1.5277777910232544,0.0,0.0
83.895027002,1790241479.7790537,-1.5277777910232544,1.5277777910232544,0.0,0.0
83.896710599,1790241479.7807417,-1.5277777910232544,1.5277777910232544,0.0,0.0
83.915356571,1790241479.7993865,-1.5277777910232544,1.5277777910232544,0.0,0.0
83.91716787700001,1790241479.8011258,-1.5277777910232544,1.5277777910232544,0.14,0.0
83.93626296400001,1790241479.8204455,-1.5277777910232544,1.5277777910232544,0.0,0.0
83.939961669,1790241479.8241112,-1.5277777910232544,1.5277777910232544,0.0,0.0
83.94354969700001,1790241479.8276708,-1.5277777910232544,1.5277777910232544,0.0,0.0
83.954863312,1790241479.8388612,-1.5277777910232544,1.5277777910232544,0.0,0.0
83.977254864,1790241479.8614159,-1.5277777910232544,1.5277777910232544,0.0,0.0
83.980769818,1790241479.8649209,-1.5277777910232544,1.5277777910232544,0.0,0.0
83.982823937,1790241479.8668003,-1.5277777910232544,1.5277777910232544,0.0,0.0
83.995491044,1790241479.8795817,-1.5277777910232544,1.5277777910232544,0.0,0.0
84.01576504,1790241479.8998342,-1.5277777910232544,1.5277777910232544,0.0,0.0
84.018162128,1790241479.9021583,-1.5277777910232544,1.5277777910232544,0.0,0.0
84.036290651,1790241479.920454,-1.5277777910232544,1.5277777910232544,0.0,0.0
84.039833731,1790241479.9240904,-1.5277777910232544,1.5277777910232544,0.0,0.0
84.043471498,1790241479.9275713,-1.5277777910232544,1.5277777910232544,0.0,0.0
84.054880686,1790241479.9388924,-1.5277777910232544,1.5277777910232544,0.0,0.0
84.07725301900001,1790241479.9614527,-1.5277777910232544,1.5277777910232544,0.0,0.0
84.081184381,1790241479.965353,-1.5277777910232544,1.5277777910232544,0.0,0.0
84.08345376000001,1790241479.9674897,-1.5277777910232544,1.5277777910232544,0.0,0.0
84.09538722,1790241479.979431,-1.5277777910232544,1.5277777910232544,0.0,0.0
84.115858508,1790241479.999915,-1.5277777910232544,1.5277777910232544,0.0,0.0
84.118238512,1790241480.0022402,-1.5277777910232544,1.5277777910232544,0.0,0.0
84.135942451,1790241480.0200653,-1.5277777910232544,1.5277777910232544,0.0,0.0
84.138975218,1790241480.023037,-1.5277777910232544,1.5277777910232544,0.0,0.0
84.155039727,1790241480.0390449,-1.5277777910232544,1.5277777910232544,0.0,0.0
84.15670884400001,1790241480.0408971,-1.5277777910232544,1.5277777910232544,0.0,0.0
84.176159454,1790241480.0602365,-1.5277777910232544,1.5277777910232544,0.0,0.0
84.17880872900001,1790241480.0628567,-1.5277777910232544,1.5277777910232544,0.0,0.0
84.195895949,1790241480.080019,-1.5277777910232544,1.5277777910232544,0.0,0.0
84.19897309000001,1790241480.0830133,-1.5277777910232544,1.5277777910232544,0.0,0.0
84.21492285900001,1790241480.0989325,-1.5277777910232544,1.5277777910232544,0.0,0.0
84.21643906,1790241480.100382,-1.5277777910232544,1.5277777910232544,0.0,0.0
84.23618394100001,1790241480.1202612,-1.5277777910232544,1.5277777910232544,0.0,0.0
84.23882769500001,1790241480.1228647,-1.5277777910232544,1.5277777910232544,0.0,0.0
84.256025488,1790241480.1401253,-1.5277777910232544,1.5277777910232544,0.0,0.0
84.259082733,1790241480.1431508,-1.5277777910232544,1.5277777910232544,0.0,0.0
84.27486885600001,1790241480.1588705,-1.5277777910232544,1.5277777910232544,0.0,0.0
84.27637760900001,1790241480.1603189,-1.5277777910232544,1.5277777910232544,0.0,0.0
84.29655519900001,1790241480.1807585,-1.5277777910232544,1.5277777910232544,0.0,0.0
84.299596194,1790241480.1836536,-1.5277777910232544,1.5277777910232544,0.0,0.0
84.31564627600001,1790241480.199743,-1.5277777910232544,1.5277777910232544,0.0,0.0
84.318322635,1790241480.202359,-1.5277777910232544,1.5277777910232544,0.0,0.0
84.335162667,1790241480.2191803,-1.5277777910232544,1.5277777910232544,0.0,0.0
84.33713287900001,1790241480.221119,-1.5277777910232544,1.5277777910232544,0.0,0.0
84.356141664,1790241480.2402146,-1.5277777910232544,1.5277777910232544,0.0,0.0
84.358785159,1790241480.2428012,-1.5277777910232544,1.5277777910232544,0.0,0.0
84.375876336,1790241480.259982,-1.5277777910232544,1.5277777910232544,0.0,0.0
84.37888097700001,1790241480.2629237,-1.5277777910232544,1.5277777910232544,0.0,0.0
84.395063508,1790241480.27907,-1.5277777910232544,1.5277777910232544,0.0,0.0
84.396668354,1790241480.2806118,-1.5277777910232544,1.5277777910232544,0.0,0.0
84.416161568,1790241480.3002331,-1.5277777910232544,1.5277777910232544,0.0,0.0
84.418822823,1790241480.3028436,-1.5277777910232544,1.5277777910232544,0.0,0.0
84.436061553,1790241480.320167,-1.5277777910232544,1.5277777910232544,0.0,0.0
84.43912036100001,1790241480.3231833,-1.5277777910232544,1.5277777910232544,0.0,0.0
84.45640633000001,1790241480.3405619,-1.5277777910232544,1.5277777910232544,0.0,0.0
84.46014342100001,1790241480.3442526,-1.5277777910232544,1.5277777910232544,0.0,0.0
84.463595302,1790241480.3477101,-1.5277777910232544,1.5277777910232544,0.0,0.0
84.474840219,1790241480.3588338,-1.5277777910232544,1.5277777910232544,0.0,0.0
84.497237448,1790241480.3813746,-1.5277777910232544,1.5277777910232544,0.0,0.0
84.500721517,1790241480.3849056,-1.5277777910232544,1.5277777910232544,0.0,0.0
84.50288360500001,1790241480.386878,-1.5277777910232544,1.5277777910232544,0.0,0.0
84.515441232,1790241480.3995154,-1.5277777910232544,1.5277777910232544,0.0,0.0
84.535799708,1790241480.4198701,-1.5277777910232544,1.5277777910232544,0.0,0.0
84.53819940000001,1790241480.4222133,-1.5277777910232544,1.5277777910232544,0.0,0.0
84.55799209300001,1790241480.4421818,-1.5277777910232544,1.5277777910232544,0.0,0.0
84.561766527,1790241480.4459293,-1.5277777910232544,1.5277777910232544,0.0,0.0
84.564991168,1790241480.4489763,-1.5277777910232544,1.5277777910232544,0.0,0.0
84.575241292,1790241480.4592943,-1.5277777910232544,1.5277777910232544,0.0,0.0
84.59555685000001,1790241480.4796097,-1.5277777910232544,1.5277777910232544,0.0,0.0
84.59794899,1790241480.4819508,-1.5277777910232544,1.5277777910232544,0.0,0.0
84.61584980500001,1790241480.4998727,5.0,5.0,0.0,0.0
84.617683975,1790241480.5016685,5.0,5.0,0.0,0.0
84.636785886,1790241480.5209827,5.0,5.0,0.0,0.0
84.639830058,1790241480.5239477,5.0,5.0,0.0,0.0
84.642250531,1790241480.5262392,5.0,5.0,0.14,0.14
84.655519462,1790241480.539582,5.0,5.0,0.421,0.421
84.675768094,1790241480.5598285,5.0,5.0,0.841,0.841
84.678161692,1790241480.5621731,5.0,5.0,1.543,1.543
84.69629334000001,1790241480.5804334,5.0,5.0,1.683,1.963
84.69976194,1790241480.5839107,5.0,5.0,1.963,2.524
84.70324324900001,1790241480.5873399,5.0,5.0,2.665,3.085
84.71488499,1790241480.5989056,5.0,5.0,3.085,3.506
84.736710707,1790241480.620923,5.0,5.0,3.506,3.927
84.739939203,1790241480.6240067,5.0,5.0,3.787,4.488
84.74263353100001,1790241480.6266162,5.0,5.0,3.927,5.049
84.755508399,1790241480.6395774,5.0,5.0,4.488,5.049
84.77576166600001,1790241480.659829,5.0,5.0,4.628,5.47
84.77814542,1790241480.6621606,5.0,5.0,4.628,5.75
84.79657389200001,1790241480.6808357,5.0,5.0,4.909,5.75
84.799776971,1790241480.683828,5.0,5.0,5.049,5.75
84.802537341,1790241480.6865246,5.0,5.0,5.049,6.171
84.815805334,1790241480.6998775,5.0,5.0,5.189,6.031
84.83579959000001,1790241480.719859,5.0,5.0,5.329,5.89
84.838176417,1790241480.7221727,5.0,5.0,5.189,6.031
84.85651791000001,1790241480.7407098,5.0,5.0,5.329,5.89
84.85970640500001,1790241480.743782,5.0,5.0,5.47,5.75
84.86272604700001,1790241480.7467177,5.0,5.0,5.61,5.75
84.875453883,1790241480.759507,5.0,5.0,5.47,5.61
84.89578501400001,1790241480.779846,5.0,5.0,5.75,5.61
84.89819257100001,1790241480.782213,5.0,5.0,5.61,5.329
84.91664984500001,1790241480.8008482,5.0,5.0,5.61,5.47
84.91978865300001,1790241480.803838,5.0,5.0,5.61,5.329
84.922834909,1790241480.8068392,5.0,5.0,5.47,5.049
84.93546962,1790241480.819537,5.0,5.0,5.329,5.049
84.955676428,1790241480.839723,5.0,5.0,5.329,5.049
84.958058776,1790241480.8420846,5.0,5.0,5.329,4.909
84.975767559,1790241480.8598185,5.0,5.0,5.049,4.909
84.978143345,1790241480.86214,5.0,5.0,5.189,4.909
84.99658832700001,1790241480.880782,5.0,5.0,5.189,4.628
84.999636666,1790241480.8836913,5.0,5.0,5.329,4.628
85.01565737300001,1790241480.8997653,5.0,5.0,5.329,4.768
85.01835404500001,1790241480.9023697,5.0,5.0,5.189,4.628
85.03517683700001,1790241480.9191916,5.0,5.0,5.329,4.488
85.03716585100001,1790241480.921141,5.0,5.0,5.049,4.488
85.056201564,1790241480.9402816,5.0,5.0,5.049,4.768
85.05887839100001,1790241480.9429166,5.0,5.0,5.049,4.488
85.075891079,1790241480.9600148,5.0,5.0,4.768,4.488
85.078900981,1790241480.9629643,5.0,5.0,4.628,4.628
85.095043719,1790241480.9790497,5.0,5.0,4.628,4.488
85.096659504,1790241480.9806,5.0,5.0,4.628,4.348
85.116189644,1790241481.000343,5.0,5.0,4.348,4.628
85.118964233,1790241481.0029817,5.0,5.0,4.488,4.628
85.121695957,1790241481.0057468,5.0,5.0,4.488,4.488
85.136102546,1790241481.0201797,5.0,5.0,4.488,4.488
85.15500200800001,1790241481.03903,5.0,5.0,4.067,4.348
85.156933783,1790241481.0409935,5.0,5.0,3.646,3.787
85.17614111,1790241481.0602555,5.0,5.0,3.366,3.226
85.178847417,1790241481.0628705,5.0,5.0,2.524,2.805
85.196190106,1790241481.0802865,5.0,5.0,2.104,2.384
85.198852871,1790241481.0828912,5.0,5.0,1.963,2.104
85.217366395,1790241481.1015232,5.0,5.0,1.543,1.683
85.220709474,1790241481.1051686,5.0,5.0,1.402,1.402
85.22379140700001,1790241481.107791,5.0,5.0,1.402,1.402
85.235568877,1790241481.1195953,5.0,5.0,1.683,1.683
85.256013342,1790241481.1400714,5.0,5.0,1.823,1.823
85.258430847,1790241481.142436,5.0,5.0,1.963,2.244
85.27598707700001,1790241481.160093,5.0,5.0,2.244,2.665
85.279207708,1790241481.163358,5.0,5.0,2.384,3.085
85.295518728,1790241481.179525,5.0,5.0,2.805,3.366
85.297303263,1790241481.1812644,5.0,5.0,2.945,3.646
85.316277465,1790241481.2003582,5.0,5.0,3.366,3.927
85.318954866,1790241481.20298,5.0,5.0,3.506,4.207
85.33616140800001,1790241481.220266,5.0,5.0,3.787,4.348
85.33884750700001,1790241481.2228706,5.0,5.0,3.927,4.348
85.355878945,1790241481.2400272,5.0,5.0,4.207,4.768
85.358964368,1790241481.2430425,5.0,5.0,4.488,4.628
85.37503778300001,1790241481.259051,5.0,5.0,4.488,4.909
85.37664268200001,1790241481.2605822,5.0,5.0,4.628,4.768
85.396173812,1790241481.2802765,5.0,5.0,4.768,4.909
85.398866994,1790241481.2828858,5.0,5.0,4.909,4.909
85.41612155700001,1790241481.3002524,5.0,5.0,4.768,4.909
85.418867917,1790241481.3028836,5.0,5.0,5.049,5.049
85.43585138600001,1790241481.319969,5.0,5.0,5.049,5.049
85.43926738200001,1790241481.3234227,5.0,5.0,5.049,5.049
85.455106266,1790241481.339103,5.0,5.0,5.049,5.049
85.45662626800001,1790241481.3405619,5.0,5.0,5.189,5.049
85.47620922200001,1790241481.3603003,5.0,5.0,5.049,4.909
85.47891782,1790241481.3629403,5.0,5.0,4.909,5.049
85.48164829400001,1790241481.365663,5.0,5.0,5.049,5.049
85.495519935,1790241481.3795571,5.0,5.0,4.909,4.909
85.516756224,1790241481.4010007,5.0,5.0,4.909,5.049
85.520384929,1790241481.404488,5.0,5.0,4.909,4.909
85.523831185,1790241481.407943,5.0,5.0,4.909,5.049
85.534848654,1790241481.418846,5.0,5.0,4.768,4.909
85.55752036300001,1790241481.4416926,5.0,5.0,4.909,5.049
85.561318911,1790241481.4453948,5.0,5.0,5.049,4.909
85.56318500900001,1790241481.4471714,5.0,5.0,4.909,4.909
85.575442323,1790241481.4595103,5.0,5.0,5.049,4.909
85.595604444,1790241481.479665,5.0,5.0,4.909,4.628
85.59800955300001,1790241481.4820192,5.0,5.0,4.909,4.768
85.615799638,1790241481.4998949,5.0,5.0,4.909,4.628
85.61825235100001,1790241481.5022817,5.0,5.0,5.049,4.628
85.635987176,1790241481.520086,5.0,5.0,4.768,4.628
85.639137129,1790241481.523249,5.0,5.0,4.768,4.768
85.654920492,1790241481.5389152,5.0,5.0,4.909,4.628
85.656420912,1790241481.540355,5.0,5.0,4.909,4.768
85.676152407,1790241481.5602236,5.0,5.0,4.909,4.768
85.67882137000001,1790241481.5628777,5.0,5.0,4.909,5.049
85.695853121,1790241481.579955,5.0,5.0,4.909,5.049
85.698924012,1790241481.5829933,5.0,5.0,4.909,5.329
85.71635722100001,1790241481.600515,5.0,5.0,5.189,5.329
85.71996587400001,1790241481.6040869,5.0,5.0,5.049,5.329
85.72355619300001,1790241481.6076794,5.0,5.0,5.049,5.189
85.734852985,1790241481.6188622,5.0,5.0,5.049,5.329
85.75725422500001,1790241481.6414137,5.0,5.0,5.049,5.049
85.760896783,1790241481.6450365,5.0,5.0,5.049,5.049
85.762940537,1790241481.6469355,5.0,5.0,5.329,5.189
85.77545649800001,1790241481.6595037,5.0,5.0,5.189,4.909
85.79581856700001,1790241481.679895,5.0,5.0,5.189,5.049
85.798199718,1790241481.6821935,5.0,5.0,5.329,5.049
85.815956834,1790241481.7000823,5.0,5.0,5.329,4.909
85.819009913,1790241481.7030745,5.0,5.0,5.189,4.909
85.834876713,1790241481.7188861,5.0,5.0,5.049,4.909
85.83640557000001,1790241481.7203434,5.0,5.0,4.488,4.207
85.856182638,1790241481.7402766,5.0,5.0,3.927,3.646
85.858913685,1790241481.742952,5.0,5.0,3.085,3.085
85.87590189400001,1790241481.760002,5.0,5.0,2.524,2.524
85.878961222,1790241481.763025,5.0,5.0,2.104,1.963
85.894992606,1790241481.7789977,5.0,5.0,1.823,1.543
85.896666984,1790241481.7807536,5.0,5.0,1.262,0.982
85.915530509,1790241481.7995603,5.0,5.0,0.701,0.701
85.91759775300001,1790241481.8016357,5.0,5.0,0.561,0.14
85.935978308,1790241481.8200521,5.0,5.0,0.421,0.14
85.93840930200001,1790241481.8224163,5.0,5.0,0.14,0.0
85.95673605500001,1790241481.8409142,5.0,5.0,0.0,0.0
85.959903092,1790241481.84397,5.0,5.0,0.0,0.0
85.962870233,1790241481.8469372,5.0,5.0,0.0,0.0
85.974996141,1790241481.8589964,5.0,5.0,0.0,0.0
85.99724462,1790241481.8814063,5.0,5.0,0.0,0.0
86.001021554,1790241481.8851855,5.0,5.0,0.0,0.0
86.00306036,1790241481.8870342,5.0,5.0,0.14,0.14
86.01543470600001,1790241481.8994923,5.0,5.0,0.0,0.0
86.035784796,1790241481.9198546,5.0,5.0,0.14,0.0
86.038187248,1790241481.9221857,5.0,5.0,0.14,0.0
86.05691363700001,1790241481.941247,5.0,5.0,0.14,0.14
86.060451508,1790241481.944576,5.0,5.0,0.28,0.14
86.063259482,1790241481.9473119,5.0,5.0,0.421,0.14
86.07576815200001,1790241481.9598296,5.0,5.0,0.701,0.14
86.095606262,1790241481.9796596,5.0,5.0,0.701,0.28
86.097988349,1790241481.9819942,5.0,5.0,0.701,0.421
86.11583031,1790241481.9998972,5.0,5.0,0.841,0.421
86.11819083500001,1790241482.002207,5.0,5.0,0.701,0.421
86.13627456600001,1790241482.0204127,5.0,5.0,0.841,0.561
86.13981426100001,1790241482.0240579,5.0,5.0,1.122,0.701
86.143461142,1790241482.0275369,5.0,5.0,1.122,0.701
86.15486283,1790241482.0388694,5.0,5.0,1.122,0.701
86.176381672,1790241482.0604696,5.0,5.0,1.122,0.701
86.179104959,1790241482.0631402,5.0,5.0,1.122,0.841
86.196145563,1790241482.0802224,5.0,5.0,1.262,0.841
86.19878812,1790241482.0827992,5.0,5.0,1.262,0.982
86.21663107,1790241482.1008608,5.0,5.0,1.402,0.841
86.21973388900001,1790241482.1038406,5.0,5.0,1.262,0.841
86.222811707,1790241482.1067975,5.0,5.0,1.262,0.841
86.235524231,1790241482.1195962,5.0,5.0,1.402,0.841
86.25582760200001,1790241482.139902,5.0,5.0,1.262,0.841
86.258234273,1790241482.1422343,5.0,5.0,1.402,0.841
86.275985973,1790241482.1600873,5.0,5.0,1.402,0.982
86.279039885,1790241482.163103,5.0,5.0,1.262,0.841
86.29490965400001,1790241482.1789212,5.0,5.0,1.402,0.982
86.296430594,1790241482.180367,5.0,5.0,1.262,0.841
86.316184589,1790241482.200281,5.0,5.0,1.262,0.982
86.318868605,1790241482.2029014,5.0,5.0,1.262,0.841
86.33611572000001,1790241482.220206,5.0,5.0,1.402,0.982
86.338783746,1790241482.2228155,5.0,5.0,1.262,0.841
86.355855288,1790241482.2399757,5.0,5.0,1.402,0.982
86.35892472100001,1790241482.2429645,5.0,5.0,1.402,0.982
86.37498490700001,1790241482.2590659,5.0,5.0,1.262,0.982
86.376680014,1790241482.2608128,5.0,5.0,1.402,0.982
86.39609807100001,1790241482.2801914,5.0,5.0,1.402,1.122
86.398735368,1790241482.2827857,5.0,5.0,1.402,1.122
86.416037484,1790241482.300167,5.0,5.0,1.262,0.982
86.419106552,1790241482.3031514,5.0,5.0,1.402,1.122
86.434911373,1790241482.318909,5.0,5.0,1.262,0.982
86.43641090700001,1790241482.3203459,5.0,5.0,1.402,1.122
86.45617636,1790241482.3402534,5.0,5.0,1.402,0.982
86.45884917800001,1790241482.342907,5.0,5.0,1.543,1.122
86.47585910500001,1790241482.3600028,5.0,5.0,1.402,0.982
86.47898984000001,1790241482.3630638,5.0,5.0,1.402,1.122
86.496309873,1790241482.3804553,5.0,5.0,1.402,1.122
86.500039723,1790241482.384152,5.0,5.0,1.262,1.262
86.50360978200001,1790241482.3877354,5.0,5.0,1.262,1.122
86.51484938600001,1790241482.3988643,5.0,5.0,1.402,1.262
86.53724297000001,1790241482.4213803,5.0,5.0,1.402,1.122
86.540860685,1790241482.4249945,5.0,5.0,1.402,1.262
86.54291428200001,1790241482.4269018,5.0,5.0,1.543,1.262
86.555427535,1790241482.439472,5.0,5.0,1.543,1.262
86.575573562,1790241482.4596312,5.0,5.0,1.543,1.262
86.578176431,1790241482.4622116,5.0,5.0,1.543,1.262
86.59552557800001,1790241482.479569,5.0,5.0,1.543,1.402
86.597547926,1790241482.4815428,5.0,5.0,1.543,1.402
86.61636040900001,1790241482.5005243,5.0,5.0,1.543,1.402
86.61952895600001,1790241482.503766,5.0,5.0,1.683,1.543
86.62269917100001,1790241482.506785,5.0,5.0,1.543,1.683
86.634921277,1790241482.5189314,5.0,5.0,1.543,1.683
86.65724861000001,1790241482.5413861,5.0,5.0,1.543,1.683
86.660908304,1790241482.5450246,5.0,5.0,1.683,1.683
86.66294778700001,1790241482.5469267,5.0,5.0,1.543,1.543
86.67575697800001,1790241482.5598285,5.0,5.0,1.683,1.683
86.69580409800001,1790241482.5798702,5.0,5.0,1.543,1.543
86.69818113400001,1790241482.5821784,5.0,5.0,1.683,1.543
86.716342991,1790241482.600482,5.0,5.0,1.543,1.402
86.72010956000001,1790241482.6042416,5.0,5.0,1.543,1.402
86.72360472300001,1790241482.6076922,5.0,5.0,1.543,1.402
86.734853911,1790241482.6188498,5.0,5.0,1.543,1.402
86.757270359,1790241482.6414673,5.0,5.0,1.543,1.262
86.760882709,1790241482.644999,5.0,5.0,1.543,1.262
86.76324906800001,1790241482.6472096,5.0,5.0,1.543,1.402
86.77547174700001,1790241482.6595383,5.0,5.0,1.543,1.262
86.795796941,1790241482.6798627,5.0,5.0,1.543,1.262
86.79818158100001,1790241482.6821775,5.0,5.0,1.402,1.402
86.815936979,1790241482.70004,5.0,5.0,1.543,1.262
86.81899828600001,1790241482.7030659,5.0,5.0,1.543,1.402
86.834914826,1790241482.718932,5.0,5.0,1.402,1.262
86.836439569,1790241482.7203732,5.0,5.0,1.402,1.402
86.856334554,1790241482.7404096,5.0,5.0,1.402,1.262
86.859007059,1790241482.7430444,5.0,5.0,1.543,1.402
86.876217091,1790241482.760308,5.0,5.0,1.543,1.402
86.878991263,1790241482.7630255,5.0,5.0,1.402,1.262
86.89519723000001,1790241482.7792327,5.0,5.0,1.402,1.402
86.897179109,1790241482.7811844,5.0,5.0,1.262,1.262
86.916362374,1790241482.8004746,5.0,5.0,1.402,1.402
86.919276286,1790241482.8033547,5.0,5.0,1.262,1.262
86.93585079600001,1790241482.8199315,5.0,5.0,1.262,1.262
86.93853111300001,1790241482.8225937,5.0,5.0,1.262,1.262
86.95676031400001,1790241482.8410215,5.0,5.0,1.262,1.122
86.96052839400001,1790241482.8446906,5.0,5.0,1.262,1.122
86.96400272300001,1790241482.8480709,5.0,5.0,1.122,1.122
86.975083838,1790241482.8591053,5.0,5.0,1.122,0.982
86.995144812,1790241482.8791795,5.0,5.0,1.262,1.122
86.99697773300001,1790241482.88095,5.0,5.0,1.122,0.982
87.01728527,1790241482.9014797,5.0,5.0,1.122,0.982
87.021016736,1790241482.9050686,5.0,5.0,1.122,0.982
87.022996843,1790241482.9069858,5.0,5.0,1.122,0.982
87.03552197100001,1790241482.919562,5.0,5.0,1.683,1.683
87.05710722,1790241482.941249,5.0,5.0,2.104,1.963
87.06063191400001,1790241482.9447734,5.0,5.0,2.665,2.805
87.06401577400001,1790241482.9481068,5.0,5.0,2.945,2.945
87.07495876300001,1790241482.9590197,5.0,5.0,2.524,2.945
87.096360574,1790241482.9804626,5.0,5.0,2.945,3.226
87.09908417300001,1790241482.9831104,5.0,5.0,3.506,3.506
87.116157486,1790241483.0002573,5.0,5.0,3.927,4.207
87.11886644900001,1790241483.0028903,5.0,5.0,4.067,4.768
87.135940023,1790241483.0200467,5.0,5.0,4.348,4.909
87.139127789,1790241483.0232012,5.0,5.0,4.488,4.768
87.15490245400001,1790241483.0388987,5.0,5.0,4.488,5.049
87.1563948,1790241483.0403402,5.0,5.0,4.488,5.329
87.17660301500001,1790241483.0608108,5.0,5.0,4.909,5.329
87.17981099000001,1790241483.0638635,5.0,5.0,4.909,5.189
87.18257234900001,1790241483.066557,5.0,5.0,4.768,5.329
87.195756019,1790241483.0798645,5.0,5.0,4.909,5.329
87.21582360900001,1790241483.0998898,5.0,5.0,5.049,5.189
87.21821611300001,1790241483.102212,5.0,5.0,4.909,5.189
87.236604377,1790241483.1207993,5.0,5.0,4.768,5.189
87.23973016400001,1790241483.1237998,5.0,5.0,5.049,4.909
87.24274214900001,1790241483.126733,5.0,5.0,4.768,5.049
87.255468058,1790241483.139526,5.0,5.0,4.488,4.909
87.2757507,1790241483.1597981,5.0,5.0,4.628,4.628
87.27813768300001,1790241483.1621635,5.0,5.0,4.488,4.628
87.296539593,1790241483.180737,5.0,5.0,4.348,4.628
87.299676317,1790241483.1837466,5.0,5.0,4.348,4.348
87.302499499,1790241483.1864974,5.0,5.0,4.348,4.348
87.315758066,1790241483.199904,5.0,5.0,4.067,4.348
87.335803259,1790241483.2198746,5.0,5.0,4.067,4.207
87.338202691,1790241483.2221994,5.0,5.0,4.207,4.067
87.356593402,1790241483.240786,5.0,5.0,4.207,4.207
87.35982294,1790241483.243874,5.0,5.0,4.207,4.348
87.36264445500001,1790241483.2466245,5.0,5.0,4.207,4.207
87.37548786500001,1790241483.2595444,5.0,5.0,4.488,4.348
87.395569412,1790241483.279637,5.0,5.0,4.348,4.348
87.397937646,1790241483.2819333,5.0,5.0,4.348,4.348
87.415774919,1790241483.2998314,5.0,5.0,4.348,4.207
87.418164923,1790241483.3021626,5.0,5.0,4.488,4.488
87.436295113,1790241483.3204339,5.0,5.0,4.488,4.348
87.439800016,1790241483.3239136,5.0,5.0,4.488,4.488
87.443325439,1790241483.3274243,5.0,5.0,4.628,4.488
87.454863169,1790241483.3388612,5.0,5.0,4.488,4.488
87.47779597200001,1790241483.361937,5.0,5.0,4.628,4.628
87.481788323,1790241483.365944,5.0,5.0,4.768,4.488
87.48412947300001,1790241483.3680925,5.0,5.0,5.049,4.768
87.494849441,1790241483.3788524,5.0,5.0,5.049,4.768
87.51701213800001,1790241483.4011624,5.0,5.0,5.049,4.768
87.52054068700001,1790241483.404695,5.0,5.0,5.329,4.909
87.52402147400001,1790241483.4081163,5.0,5.0,4.909,4.768
87.534874255,1790241483.4188745,5.0,5.0,4.348,4.067
87.557257422,1790241483.4414525,5.0,5.0,3.787,3.506
87.56109821000001,1790241483.4452307,5.0,5.0,3.085,2.805
87.563507329,1790241483.4475029,5.0,5.0,2.524,2.524
87.575484852,1790241483.459559,5.0,5.0,2.104,2.104
87.595679785,1790241483.479744,5.0,5.0,1.823,1.823
87.59846062300001,1790241483.482599,5.0,5.0,1.262,1.543
87.614912321,1790241483.4989142,5.0,5.0,1.262,1.262
87.616420969,1790241483.5003574,5.0,5.0,1.402,1.543
87.641427683,1790241483.5255,5.0,5.0,1.402,1.543
87.643633885,1790241483.5275872,5.0,5.0,1.402,1.963
87.645147585,1790241483.5291064,5.0,5.0,1.823,2.244
87.65547255300001,1790241483.5395064,5.0,5.0,2.104,2.665
87.67581957,1790241483.55989,5.0,5.0,2.244,2.945
87.678244991,1790241483.5622606,5.0,5.0,2.384,3.226
87.696209295,1790241483.5803554,5.0,5.0,2.805,3.646
87.69928503,1790241483.583345,5.0,5.0,3.085,3.927
87.70238758800001,1790241483.586457,5.0,5.0,3.366,4.207
87.714938757,1790241483.598965,5.0,5.0,3.646,4.488
87.737986092,1790241483.622041,5.0,5.0,3.787,4.628
87.739954272,1790241483.6239212,5.0,5.0,3.927,4.768
87.74173589,1790241483.6257694,5.0,5.0,4.488,4.909
87.755563729,1790241483.6396317,5.0,5.0,4.488,5.049
87.776550278,1790241483.6607738,5.0,5.0,4.348,5.049
87.78017242,1790241483.664259,5.0,5.0,4.768,5.049
87.783627843,1790241483.667747,5.0,5.0,4.909,5.049
87.79482046800001,1790241483.6788154,5.0,5.0,4.768,5.329
87.81746801,1790241483.701637,5.0,5.0,4.909,5.189
87.82109556900001,1790241483.7051058,5.0,5.0,5.189,5.049
87.822897083,1790241483.7068665,5.0,5.0,5.049,5.189
87.83494418900001,1790241483.718947,5.0,5.0,5.049,5.329
87.85675553200001,1790241483.7409956,5.0,5.0,5.189,5.189
87.86030090300001,1790241483.744405,5.0,5.0,5.189,5.189
87.863746847,1790241483.747867,5.0,5.0,5.049,5.329
87.87487186700001,1790241483.7588797,5.0,5.0,5.329,5.189
87.895088207,1790241483.7791488,5.0,5.0,5.049,5.189
87.897431701,1790241483.7814589,5.0,5.0,5.049,5.329
87.917257363,1790241483.8014245,5.0,5.0,5.189,5.049
87.920786432,1790241483.8049655,5.0,5.0,4.909,5.189
87.923278937,1790241483.8072634,5.0,5.0,4.909,5.049
87.93549828200001,1790241483.8195915,5.0,5.0,4.909,5.049
87.95547738200001,1790241483.8395083,5.0,5.0,4.909,5.049
87.95767025100001,1790241483.841656,5.0,5.0,4.768,5.189
87.97597085800001,1790241483.8600385,5.0,5.0,4.909,5.049
87.978426435,1790241483.8624296,5.0,5.0,4.909,5.189
87.995399123,1790241483.8794231,5.0,5.0,4.909,5.189
87.99725756400001,1790241483.8812423,5.0,5.0,5.049,5.049
88.016545412,1790241483.90079,5.0,5.0,4.909,5.049
88.020091877,1790241483.9041677,5.0,5.0,4.909,5.189
88.034923832,1790241483.9189365,5.0,5.0,4.768,4.909
88.03644263700001,1790241483.9203897,5.0,5.0,5.189,4.768
88.05662106000001,1790241483.9408367,5.0,5.0,5.049,5.189
88.05969726400001,1790241483.9437556,5.0,5.0,5.329,5.049
88.075649325,1790241483.9597397,5.0,5.0,5.329,5.049
88.078330996,1790241483.962346,5.0,5.0,5.189,5.329
88.095161132,1790241483.9791906,5.0,5.0,5.049,5.049
88.097211969,1790241483.981208,5.0,5.0,5.47,5.049
88.11613492100001,1790241484.0002105,5.0,5.0,5.329,5.61
88.11881700900001,1790241484.0028715,5.0,5.0,5.61,5.89
88.13699964700001,1790241484.0210404,5.0,5.0,5.89,5.61
88.138676109,1790241484.0226247,5.0,5.0,5.61,5.89
88.155628953,1790241484.039699,5.0,5.0,5.61,5.61
88.157851717,1790241484.0418625,5.0,5.0,5.61,5.329
88.17533992700001,1790241484.0593927,5.0,5.0,5.329,5.47
88.177536285,1790241484.061539,5.0,5.0,5.47,5.189
88.195795434,1790241484.0798528,5.0,5.0,5.61,5.189
88.19819970900001,1790241484.0822155,5.0,5.0,5.47,5.329
88.216514691,1790241484.1007261,5.0,5.0,5.75,5.189
88.219560738,1790241484.1036189,5.0,5.0,5.61,5.049
88.23567628900001,1790241484.1198359,5.0,5.0,5.61,5.329
88.238447492,1790241484.1224706,5.0,5.0,5.61,5.049
88.255182315,1790241484.1392133,5.0,5.0,5.61,5.049
88.257214246,1790241484.141233,5.0,5.0,5.47,5.189
88.276127927,1790241484.160205,5.0,5.0,5.61,5.049
88.278792046,1790241484.162825,5.0,5.0,5.61,4.909
88.295895516,1790241484.1800194,5.0,5.0,5.47,5.329
88.298969688,1790241484.1830251,5.0,5.0,5.75,5.049
88.31500773900001,1790241484.199026,5.0,5.0,5.61,5.189
88.316634981,1790241484.2005775,5.0,5.0,5.47,5.329
88.336137414,1790241484.2202277,5.0,5.0,5.89,5.329
88.338844867,1790241484.2228887,5.0,5.0,5.61,5.329
88.355924013,1790241484.2400334,5.0,5.0,5.61,5.47
88.35900240400001,1790241484.2430513,5.0,5.0,5.61,5.329
88.37649389500001,1790241484.2607417,5.0,5.0,5.61,5.329
88.38005197400001,1790241484.2641447,5.0,5.0,5.61,5.61
88.394921638,1790241484.2789366,5.0,5.0,5.75,5.47
88.396441276,1790241484.2803752,5.0,5.0,5.61,5.61
88.416568501,1790241484.3008018,5.0,5.0,5.75,5.61
88.419646684,1790241484.303704,5.0,5.0,5.61,5.47
88.435687911,1790241484.319781,5.0,5.0,5.61,5.61
88.43857099,1790241484.3227296,5.0,5.0,5.47,5.61
88.45539310400001,1790241484.339411,5.0,5.0,5.75,5.61
88.457427796,1790241484.3414078,5.0,5.0,5.61,5.75
88.476470643,1790241484.3605678,5.0,5.0,5.75,5.75
88.47935705500001,1790241484.3634427,5.0,5.0,5.61,5.61
88.494886772,1790241484.3788981,-5.0,-5.0,5.61,5.75
88.496398962,1790241484.3803344,-5.0,-5.0,5.61,5.75
88.516433843,1790241484.4005864,-5.0,-5.0,5.47,5.75
88.519488953,1790241484.4035625,-5.0,-5.0,5.61,5.75
88.534889033,1790241484.4188855,-5.0,-5.0,5.47,5.61
88.53643393200001,1790241484.4203691,-5.0,-5.0,4.628,4.768
88.55649084400001,1790241484.4405746,-5.0,-5.0,3.646,3.787
88.559331266,1790241484.4433544,-5.0,-5.0,1.963,1.963
88.576141819,1790241484.4602349,-5.0,-5.0,0.421,0.14
88.57901255300001,1790241484.4630475,-5.0,-5.0,-0.28,-1.262
88.59679763800001,1790241484.4809937,-5.0,-5.0,-0.841,-1.823
88.60010910300001,1790241484.4841666,-5.0,-5.0,-1.683,-2.524
88.603445932,1790241484.4875333,-5.0,-5.0,-1.963,-3.085
88.61512407900001,1790241484.499141,-5.0,-5.0,-2.244,-3.646
88.63757443300001,1790241484.5217624,-5.0,-5.0,-2.805,-3.927
88.64173220100001,1790241484.5258586,-5.0,-5.0,-3.085,-4.207
88.643961841,1790241484.5279458,-5.0,-5.0,-3.366,-4.628
88.65550910200001,1790241484.5395505,-5.0,-5.0,-3.787,-4.909
88.676042213,1790241484.5601006,-5.0,-5.0,-3.927,-4.909
88.678621072,1790241484.5626328,-5.0,-5.0,-4.348,-5.189
88.696921731,1790241484.5810444,-5.0,-5.0,-4.348,-5.189
88.70015356,1790241484.5841868,-5.0,-5.0,-4.488,-5.329
88.715931193,1790241484.6000316,-5.0,-5.0,-4.628,-5.329
88.71883349000001,1790241484.6028683,-5.0,-5.0,-4.768,-5.329
88.735355865,1790241484.6193802,-5.0,-5.0,-4.488,-5.329
88.737519202,1790241484.6215062,-5.0,-5.0,-4.628,-5.049
88.75631272700001,1790241484.6403863,-5.0,-5.0,-4.768,-5.189
88.759206534,1790241484.6432245,-5.0,-5.0,-4.488,-5.189
88.776130316,1790241484.6602552,-5.0,-5.0,-4.768,-5.049
88.77945006200001,1790241484.6635258,-5.0,-5.0,-4.909,-5.189
88.795054049,1790241484.679067,-5.0,-5.0,-4.768,-5.049
88.796678635,1790241484.6808245,-5.0,-5.0,-4.628,-5.189
88.816367682,1790241484.700441,-5.0,-5.0,-4.909,-5.049
88.819263781,1790241484.7032864,-5.0,-5.0,-4.909,-4.909
88.836270584,1790241484.7203922,-5.0,-5.0,-4.768,-4.909
88.83960163200001,1790241484.7236795,-5.0,-5.0,-5.049,-4.909
88.855009369,1790241484.739009,-5.0,-5.0,-5.189,-4.909
88.856639528,1790241484.7405734,-5.0,-5.0,-4.768,-4.909
88.87635534600001,1790241484.76045,-5.0,-5.0,-5.329,-4.768
88.879257904,1790241484.76329,-5.0,-5.0,-5.89,-4.909
88.896392258,1790241484.7805097,-5.0,-5.0,-4.909,-5.049
88.89931018,1790241484.783347,-5.0,-5.0,-5.049,-5.049
88.916507765,1790241484.8007472,-5.0,-5.0,-5.75,-4.909
88.92035324000001,1790241484.804601,-5.0,-5.0,-6.171,-5.189
88.924294914,1790241484.8083992,-5.0,-5.0,-4.628,-5.189
88.93494774700001,1790241484.818961,-5.0,-5.0,-5.61,-5.189
88.95766695600001,1790241484.841876,-5.0,-5.0,-6.311,-5.329
88.96198092200001,1790241484.846078,-5.0,-5.0,-5.189,-5.189
88.964110301,1790241484.848075,-5.0,-5.0,-4.488,-5.049
88.975510635,1790241484.859553,-5.0,-5.0,-5.47,-5.329
88.995987912,1790241484.8800514,-5.0,-5.0,-5.75,-5.61
88.998569376,1790241484.8825648,-5.0,-5.0,-4.348,-5.049
89.016487794,1790241484.9007657,-5.0,-5.0,-4.488,-4.909
89.020385927,1790241484.9044566,-5.0,-5.0,-5.61,-5.61
89.035027204,1790241484.9190369,-5.0,-5.0,-5.75,-5.049
89.036648353,1790241484.9205906,-5.0,-5.0,-3.085,-3.787
89.05638406700001,1790241484.940479,-5.0,-5.0,-1.543,-2.805
89.059334437,1790241484.9433887,-5.0,-5.0,-0.841,-1.823
89.062151369,1790241484.9461656,-5.0,-5.0,-0.28,-0.561
89.075825561,1790241484.959903,-5.0,-5.0,0.0,0.421
89.095807421,1790241484.9798594,-5.0,-5.0,0.561,0.701
89.098172269,1790241484.9821658,-5.0,-5.0,0.841,0.841
89.11727787800001,1790241485.001445,-5.0,-5.0,0.982,1.122
89.12094199900001,1790241485.0050528,-5.0,-5.0,1.122,1.262
89.124391172,1790241485.0084846,-5.0,-5.0,1.683,1.402
89.13498723400001,1790241485.0190003,-5.0,-5.0,1.963,1.402
89.157250921,1790241485.0414104,-5.0,-5.0,1.963,1.402
89.160761604,1790241485.0451841,-5.0,-5.0,1.683,1.543
89.16348411,1790241485.0474668,-5.0,-5.0,1.543,1.683
89.175465746,1790241485.0595887,-5.0,-5.0,1.823,1.823
89.195814118,1790241485.0798688,-5.0,-5.0,1.543,1.823
89.198186205,1790241485.0821836,-5.0,-5.0,1.823,1.963
89.215345196,1790241485.0993726,-5.0,-5.0,1.963,1.823
89.21752171,1790241485.1015072,-5.0,-5.0,1.963,1.963
89.236170234,1790241485.120246,-5.0,-5.0,1.823,1.963
89.23886107300001,1790241485.1228805,-5.0,-5.0,1.963,1.823
89.256540324,1790241485.1407423,-5.0,-5.0,1.823,1.823
89.25959319500001,1790241485.1436493,-5.0,-5.0,1.823,1.683
89.275070567,1790241485.159078,-5.0,-5.0,1.823,1.823
89.276673539,1790241485.1606154,-5.0,-5.0,1.823,1.683
89.29618930400001,1790241485.180259,-5.0,-5.0,1.823,1.823
89.29885269500001,1790241485.1828856,-5.0,-5.0,1.683,1.823
89.31657241500001,1790241485.2007737,-5.0,-5.0,1.823,1.683
89.319655702,1790241485.2037,-5.0,-5.0,1.963,1.683
89.33501172000001,1790241485.2190194,-5.0,-5.0,1.823,1.823
89.336622296,1790241485.2205617,-5.0,-5.0,1.963,1.683
89.356139833,1790241485.240232,-5.0,-5.0,1.823,1.683
89.358824213,1790241485.242857,-5.0,-5.0,1.963,1.683
89.37656841200001,1790241485.260932,-5.0,-5.0,1.823,1.683
89.37986722000001,1790241485.2639146,-5.0,-5.0,1.823,1.683
89.39502698800001,1790241485.2790403,-5.0,-5.0,1.963,1.823
89.396623762,1790241485.2805626,-5.0,-5.0,1.823,1.543
89.41613848600001,1790241485.3002174,-5.0,-5.0,1.963,1.683
89.418825157,1790241485.302846,-5.0,-5.0,1.823,1.543
89.436586597,1790241485.3207812,-5.0,-5.0,1.963,1.683
89.43965618600001,1790241485.3236952,-5.0,-5.0,1.823,1.683
89.45502183900001,1790241485.3390388,-5.0,-5.0,1.963,1.543
89.45663059200001,1790241485.3405704,-5.0,-5.0,1.683,1.683
89.47617917000001,1790241485.3602757,-5.0,-5.0,1.683,1.683
89.478878186,1790241485.362911,-5.0,-5.0,1.683,1.543
89.496578896,1790241485.38076,-5.0,-5.0,1.683,1.683
89.499702912,1790241485.3837469,-5.0,-5.0,1.683,1.543
89.51509700300001,1790241485.399115,-5.0,-5.0,1.543,1.543
89.51670882900001,1790241485.400889,-5.0,-5.0,1.683,1.402
89.536100844,1790241485.4201937,-5.0,-5.0,1.543,1.402
89.538811943,1790241485.4228518,-5.0,-5.0,1.543,1.543
89.55656692400001,1790241485.4407437,-5.0,-5.0,1.402,1.543
89.560234639,1790241485.4443421,-5.0,-5.0,1.543,1.402
89.563501312,1790241485.447572,-5.0,-5.0,1.402,1.543
89.574857948,1790241485.458866,-5.0,-5.0,1.402,1.402
89.596343821,1790241485.4804184,-5.0,-5.0,1.402,1.402
89.599017941,1790241485.4830747,-5.0,-5.0,1.402,1.402
89.61584443000001,1790241485.4999714,-5.0,-5.0,1.262,1.262
89.618919019,1790241485.5029662,-5.0,-5.0,1.402,1.262
89.635145456,1790241485.519154,-5.0,-5.0,1.122,1.262
89.63677519800001,1790241485.5209358,-5.0,-5.0,1.262,1.122
89.656139088,1790241485.5402286,-5.0,-5.0,1.262,1.122
89.658810031,1790241485.5428214,-5.0,-5.0,0.982,1.122
89.676230845,1790241485.5603259,-5.0,-5.0,0.841,0.982
89.678926839,1790241485.5629423,-5.0,-5.0,0.561,0.561
89.69594322500001,1790241485.5800607,-5.0,-5.0,0.421,0.421
89.698987554,1790241485.583033,-5.0,-5.0,0.421,0.421
89.71502211500001,1790241485.599042,-5.0,-5.0,0.421,0.421
89.71664493,1790241485.6005862,-5.0,-5.0,0.421,0.28
89.736157727,1790241485.620251,-5.0,-5.0,0.421,0.28
89.738837992,1790241485.6228864,-5.0,-5.0,0.421,0.0
89.75610167,1790241485.640229,-5.0,-5.0,0.14,0.0
89.759189593,1790241485.6432347,-5.0,-5.0,0.0,0.0
89.77490654900001,1790241485.6589062,-5.0,-5.0,0.0,0.0
89.776413323,1790241485.660348,-5.0,-5.0,0.0,0.0
89.796580391,1790241485.6807804,-5.0,-5.0,0.0,0.0
89.799611907,1790241485.6836488,-5.0,-5.0,0.0,0.0
89.815637302,1790241485.6997173,-5.0,-5.0,0.0,0.0
89.81837496300001,1790241485.702432,-5.0,-5.0,0.0,0.0
89.83518338,1790241485.7192123,-5.0,-5.0,0.0,0.0
89.83717338400001,1790241485.7211702,-5.0,-5.0,0.0,0.0
89.856115138,1790241485.7402074,-5.0,-5.0,0.0,0.0
89.85874842400001,1790241485.7427783,-5.0,-5.0,0.14,0.0
89.87590350800001,1790241485.760008,-5.0,-5.0,0.0,0.0
89.87895643,1790241485.763012,-5.0,-5.0,0.0,0.0
89.895055939,1790241485.7790773,-5.0,-5.0,0.0,0.0
89.89666313000001,1790241485.7806022,-5.0,-5.0,0.0,0.0
89.916170874,1790241485.8002486,-5.0,-5.0,0.0,0.0
89.918811608,1790241485.8028626,-5.0,-5.0,0.0,0.0
89.93619971400001,1790241485.820311,-5.0,-5.0,0.0,0.0
89.93927242800001,1790241485.823322,-5.0,-5.0,0.0,0.0
89.955045634,1790241485.8390422,-5.0,-5.0,0.0,0.0
89.956563606,1790241485.8404975,-5.0,-5.0,0.0,0.0
89.97619312100001,1790241485.8602893,-5.0,-5.0,0.0,0.0
89.978874949,1790241485.8629098,-5.0,-5.0,0.0,0.0
89.995912429,1790241485.880036,-5.0,-5.0,0.0,0.0
89.998968528,1790241485.883032,-5.0,-5.0,0.0,0.0
90.016342467,1790241485.900506,-5.0,-5.0,0.0,0.0
90.019936328,1790241485.904013,-5.0,-5.0,0.0,0.0
90.034916616,1790241485.9189308,-5.0,-5.0,0.0,0.0
90.036437088,1790241485.9203715,-5.0,-5.0,0.0,0.0
90.05659035400001,1790241485.940826,-5.0,-5.0,0.0,0.0
90.059701454,1790241485.9437773,-5.0,-5.0,0.0,0.0
90.075697421,1790241485.9597769,-5.0,-5.0,0.0,0.0
90.07837898800001,1790241485.96243,-5.0,-5.0,0.0,0.0
90.09525370700001,1790241485.9792788,-5.0,-5.0,0.0,0.0
90.097254909,1790241485.9812639,-5.0,-5.0,0.0,0.0
90.1161726,1790241486.000265,-5.0,-5.0,0.0,0.0
90.11883875100001,1790241486.0028949,-5.0,-5.0,0.0,0.0
90.13607914800001,1790241486.0202003,-5.0,-5.0,0.0,0.0
90.13922342500001,1790241486.0232773,-5.0,-5.0,0.0,0.0
90.15500058900001,1790241486.0390096,-5.0,-5.0,-0.14,0.0
90.156516373,1790241486.040461,-5.0,-5.0,0.0,0.0
90.176161879,1790241486.060249,-5.0,-5.0,0.0,0.0
90.178943551,1790241486.0629976,-5.0,-5.0,0.0,0.0
90.19587123800001,1790241486.0799894,-5.0,-5.0,0.0,0.0
90.19907796300001,1790241486.0831218,-5.0,-5.0,-0.14,0.0
90.215084191,1790241486.0990946,-5.0,-5.0,0.0,0.0
90.21669606900001,1790241486.100859,-5.0,-5.0,0.0,0.0
90.236172667,1790241486.1202505,-5.0,-5.0,0.0,0.0
90.23883980800001,1790241486.1228693,-5.0,-5.0,0.0,0.0
90.256216142,1790241486.140384,-5.0,-5.0,0.0,0.0
90.25976344,1790241486.1438975,-5.0,-5.0,0.0,0.0
90.274922531,1790241486.1589298,-5.0,-5.0,0.0,0.0
90.27642493,1790241486.1603708,-5.0,-5.0,0.0,0.0
90.296601009,1790241486.1808016,-5.0,-5.0,0.0,0.0
90.299697108,1790241486.1837347,-5.0,-5.0,0.0,0.0
90.315025522,1790241486.1990423,-5.0,-5.0,0.0,0.0
90.316642348,1790241486.200583,-5.0,-5.0,0.0,0.0
90.33614978,1790241486.2202268,-5.0,-5.0,0.0,0.0
90.338850827,1790241486.2228692,-5.0,-5.0,0.0,0.0
90.356576902,1790241486.2407677,-5.0,-5.0,0.0,0.0
90.359636699,1790241486.2436748,-5.0,-5.0,0.0,0.0
90.37499954,1790241486.2590067,-5.0,-5.0,0.0,0.0
90.37660594900001,1790241486.2605608,-5.0,-5.0,0.0,0.0
90.39615197500001,1790241486.280245,-5.0,-5.0,0.0,0.0
90.398853282,1790241486.2828825,-5.0,-5.0,0.0,0.0
90.41605268900001,1790241486.300182,-5.0,-5.0,0.0,0.0
90.41913457000001,1790241486.3031802,-5.0,-5.0,0.0,0.0
90.43490449500001,1790241486.3189285,-5.0,-5.0,0.0,0.0
90.436433925,1790241486.3203712,-5.0,-5.0,0.0,0.0
90.45616516000001,1790241486.3402603,-5.0,-5.0,0.0,0.0
90.458914852,1790241486.3429341,-5.0,-5.0,0.0,0.0
90.476093426,1790241486.3602004,-5.0,-5.0,0.0,0.0
90.47914150400001,1790241486.3631866,-5.0,-5.0,0.0,0.0
90.49487924200001,1790241486.3788753,-5.0,-5.0,0.0,0.0
90.496414297,1790241486.3803487,-5.0,-5.0,0.0,0.0
90.516636991,1790241486.4008632,-5.0,-5.0,0.0,0.0
90.519700955,1790241486.403755,-5.0,-5.0,0.0,0.0
90.535647964,1790241486.4197254,-5.0,-5.0,0.0,0.0
90.53832026,1790241486.4223583,-5.0,-5.0,0.0,0.0
90.555164927,1790241486.4391913,-5.0,-5.0,0.0,0.0
90.557139827,1790241486.441132,-5.0,-5.0,0.0,0.0
90.57614960100001,1790241486.4602482,-5.0,-5.0,0.0,0.0
90.578834502,1790241486.4628978,-5.0,-5.0,0.0,0.0
90.59617792,1790241486.4802995,-5.0,-5.0,0.0,0.0
90.599254176,1790241486.483312,-5.0,-5.0,0.0,0.0
90.614925767,1790241486.4989238,-5.0,-5.0,0.0,0.0
90.616438687,1790241486.5003736,-5.0,-5.0,0.0,0.0
90.636532214,1790241486.5207467,-5.0,-5.0,0.0,0.0
90.639609199,1790241486.5236473,-5.0,-5.0,0.0,0.0
90.655661781,1790241486.5397573,-5.0,-5.0,0.0,0.0
90.65862939,1790241486.5426984,-5.0,-5.0,0.0,0.0
90.675152702,1790241486.5591958,-5.0,-5.0,0.0,0.0
90.677164841,1790241486.5611691,-5.0,-5.0,0.0,0.0
90.696137116,1790241486.5802224,-5.0,-5.0,0.0,0.0
90.69883628800001,1790241486.5828524,-5.0,-5.0,0.0,0.0
90.715996528,1790241486.6001384,-5.0,-5.0,0.0,0.0
90.71918663800001,1790241486.6032748,-5.0,-5.0,0.0,0.0
90.734929011,1790241486.6189246,-5.0,-5.0,0.0,0.0
90.736440629,1790241486.620374,-5.0,-5.0,0.0,0.0
90.75618988400001,1790241486.6402674,-5.0,-5.0,0.0,0.0
90.75888030600001,1790241486.6429024,-5.0,-5.0,0.0,0.0
90.77610445200001,1790241486.6601796,-5.0,-5.0,0.0,0.0
90.778830603,1790241486.6628695,-5.0,-5.0,0.0,0.0
90.795968969,1790241486.680085,-5.0,-5.0,0.0,0.0
90.79899215100001,1790241486.683055,-5.0,-5.0,0.0,0.0
90.81487728500001,1790241486.6988811,-5.0,-5.0,0.0,0.0
90.81637744400001,1790241486.7003224,-5.0,-5.0,0.0,0.0
90.83655081500001,1790241486.7207606,-5.0,-5.0,0.0,0.0
90.83956832000001,1790241486.7236044,-5.0,-5.0,0.0,0.14
90.855660017,1790241486.73976,-5.0,-5.0,0.0,0.0
90.85833700100001,1790241486.7423747,-5.0,-5.0,0.0,0.0
90.875166616,1790241486.7591996,-5.0,-5.0,0.0,0.0
90.87716839000001,1790241486.761174,-5.0,-5.0,0.0,0.0
90.896129207,1790241486.7802014,-5.0,-5.0,0.0,0.0
90.89879754500001,1790241486.7828505,-5.0,-5.0,0.0,0.0
90.916542682,1790241486.8007386,-5.0,-5.0,0.0,0.0
90.919593938,1790241486.8036602,-5.0,-5.0,0.14,0.14
90.935023602,1790241486.8190415,-5.0,-5.0,0.14,0.0
90.93664438600001,1790241486.8205872,-5.0,-5.0,0.14,0.0
90.956251194,1790241486.840342,-5.0,-5.0,0.14,0.14
90.95890520900001,1790241486.8429403,-5.0,-5.0,0.0,0.0
90.976186491,1790241486.8603125,-5.0,-5.0,0.28,0.0
90.979215768,1790241486.8632562,-5.0,-5.0,0.421,0.14
90.994879755,1790241486.8788786,-5.0,-5.0,0.421,0.14
90.99638033100001,1790241486.880313,-5.0,-5.0,0.561,0.28
91.01615307600001,1790241486.9002523,-5.0,-5.0,0.701,0.28
91.018839435,1790241486.902886,-5.0,-5.0,0.701,0.421
91.035946863,1790241486.9200764,-5.0,-5.0,0.701,0.421
91.039031452,1790241486.9230735,-5.0,-5.0,0.841,0.421
91.054941012,1790241486.939107,-5.0,-5.0,0.841,0.561
91.05804831,1790241486.9421284,-5.0,-5.0,0.982,0.701
91.07517198800001,1790241486.9591987,-5.0,-5.0,0.841,0.561
91.077177929,1790241486.9611502,-5.0,-5.0,0.982,0.841
91.09612687,1790241486.980216,-5.0,-5.0,0.841,0.701
91.09887224,1790241486.982898,-5.0,-5.0,0.982,0.841
91.116589304,1790241487.0007935,-5.0,-5.0,0.841,0.982
91.119663633,1790241487.003719,-5.0,-5.0,0.982,0.841
91.135025172,1790241487.0190315,-5.0,-5.0,0.841,1.122
91.136627258,1790241487.0205672,-5.0,-5.0,0.982,0.982
91.156142607,1790241487.0402348,-5.0,-5.0,0.982,0.982
91.158852976,1790241487.0428946,-5.0,-5.0,0.982,0.982
91.176041967,1790241487.0601668,-5.0,-5.0,0.841,0.841
91.179117702,1790241487.0631614,-5.0,-5.0,0.841,0.982
91.194897471,1790241487.0789053,-5.0,-5.0,0.841,0.982
91.196431484,1790241487.0803661,-5.0,-5.0,0.841,1.122
91.21663308400001,1790241487.1008472,-5.0,-5.0,0.982,0.982
91.21969845400001,1790241487.1037729,-5.0,-5.0,1.122,1.122
91.23600509900001,1790241487.120101,-5.0,-5.0,1.122,1.122
91.238710208,1790241487.122729,-5.0,-5.0,1.122,1.262
91.25516091600001,1790241487.1391954,-5.0,-5.0,0.982,1.122
91.25713894,1790241487.1411443,-5.0,-5.0,0.982,1.122
91.276235799,1790241487.1603115,-5.0,-5.0,1.122,1.122
91.278882158,1790241487.1629112,-5.0,-5.0,0.982,1.262
91.29605265900001,1790241487.1801765,-5.0,-5.0,0.982,1.122
91.299236883,1790241487.1832862,-5.0,-5.0,1.122,1.122
91.314885454,1790241487.1988802,-5.0,-5.0,1.122,1.262
91.31638931100001,1790241487.2003214,-5.0,-5.0,1.122,1.122
91.336166848,1790241487.2202606,-5.0,-5.0,1.122,1.122
91.33882346700001,1790241487.2228444,-5.0,-5.0,1.122,1.262
91.35601636400001,1790241487.2401466,-5.0,-5.0,1.262,1.262
91.359085328,1790241487.2431304,-5.0,-5.0,1.262,1.262
91.37489843,1790241487.2588975,-5.0,-5.0,1.262,1.262
91.376414787,1790241487.2603524,-5.0,-5.0,1.262,1.543
91.396176022,1790241487.2802644,-5.0,-5.0,1.402,1.262
91.399196027,1790241487.2832236,-5.0,-5.0,1.262,1.543
91.41574236000001,1790241487.2998104,-5.0,-5.0,1.262,1.402
91.41822533300001,1790241487.302245,-5.0,-5.0,1.262,1.402
91.435970575,1790241487.3200765,-5.0,-5.0,1.262,1.402
91.439344175,1790241487.3235795,-5.0,-5.0,1.262,1.402
91.455100298,1790241487.339118,-5.0,-5.0,1.402,1.262
91.456612749,1790241487.3405454,-5.0,-5.0,1.262,1.402
91.476154139,1790241487.360249,-5.0,-5.0,1.402,1.402
91.478872373,1790241487.3629327,-5.0,-5.0,1.543,1.543
91.496363031,1790241487.380505,-5.0,-5.0,1.402,1.402
91.499448297,1790241487.3835156,-5.0,-5.0,1.402,1.402
91.51498160700001,1790241487.3989866,-5.0,-5.0,1.543,1.402
91.516483901,1790241487.4004283,-5.0,-5.0,1.402,1.543
91.536576178,1790241487.4208121,-5.0,-5.0,1.543,1.402
91.53965425700001,1790241487.423711,-5.0,-5.0,1.402,1.262
91.55568626600001,1790241487.4397805,-5.0,-5.0,1.402,1.402
91.558371792,1790241487.4424088,-5.0,-5.0,1.402,1.262
91.57517224,1790241487.4592052,-5.0,-5.0,1.402,1.402
91.577063858,1790241487.4610584,-5.0,-5.0,1.402,1.402
91.595855559,1790241487.4799342,-5.0,-5.0,1.402,1.402
91.59826150100001,1790241487.4822736,-5.0,-5.0,1.402,1.402
91.61603497200001,1790241487.500142,-5.0,-5.0,1.402,1.402
91.619107842,1790241487.503173,-5.0,-5.0,1.402,1.543
91.63492120500001,1790241487.5189188,-5.0,-5.0,1.402,1.402
91.63643964500001,1790241487.5203755,-5.0,-5.0,1.402,1.543
91.65614426500001,1790241487.5402212,-5.0,-5.0,1.262,1.402
91.65883114500001,1790241487.5428486,-5.0,-5.0,1.402,1.402
91.675929198,1790241487.5600598,-5.0,-5.0,1.262,1.262
91.679011547,1790241487.5630524,-5.0,-5.0,1.262,1.402
91.694899389,1790241487.5789077,-5.0,-5.0,1.122,1.262
91.69641986100001,1790241487.5803583,-5.0,-5.0,1.122,1.262
91.716591096,1790241487.6007798,-5.0,-5.0,1.262,1.262
91.71982011300001,1790241487.60392,-5.0,-5.0,1.122,1.262
91.735762017,1790241487.6199434,-5.0,-5.0,1.122,1.122
91.738914627,1790241487.6229625,-5.0,-5.0,1.122,1.122
91.755010959,1790241487.639015,-5.0,-5.0,0.982,1.122
91.75664101400001,1790241487.6405838,-5.0,-5.0,0.982,1.122
91.77617579000001,1790241487.6602554,-5.0,-5.0,0.841,1.122
91.77888048300001,1790241487.6629019,-5.0,-5.0,0.982,0.982
91.796544057,1790241487.680743,-5.0,-5.0,0.841,0.982
91.79959385500001,1790241487.683655,-5.0,-5.0,0.982,0.982
91.81568497800001,1790241487.699762,-5.0,-5.0,0.841,0.982
91.818355608,1790241487.7023768,-5.0,-5.0,0.841,0.982
91.835166629,1790241487.7192073,-5.0,-5.0,0.701,0.982
91.837171529,1790241487.7211792,-5.0,-5.0,0.841,0.841
91.85613140800001,1790241487.7402186,-5.0,-5.0,0.841,0.982
91.858792819,1790241487.742846,-5.0,-5.0,0.841,0.841
91.87594759000001,1790241487.760051,-5.0,-5.0,0.841,0.841
91.878983429,1790241487.763051,-5.0,-5.0,0.701,0.982
91.89492507300001,1790241487.7789245,-5.0,-5.0,0.841,0.841
91.896432785,1790241487.7803674,-5.0,-5.0,0.841,0.841
91.916131311,1790241487.800209,-5.0,-5.0,0.701,0.841
91.918813712,1790241487.8028653,-5.0,-5.0,0.841,0.841
91.93603129600001,1790241487.820142,-5.0,-5.0,0.841,0.841
91.939121666,1790241487.8231924,-5.0,-5.0,0.701,0.841
91.955057373,1790241487.8390677,-5.0,-5.0,0.421,0.841
91.95658107300001,1790241487.8405147,-5.0,-5.0,0.561,0.701
91.976343766,1790241487.8604202,-5.0,-5.0,0.561,0.421
91.97901002100001,1790241487.8630548,-5.0,-5.0,0.28,0.421
91.99614494900001,1790241487.8802772,-5.0,-5.0,0.28,0.561
91.999218549,1790241487.883259,-5.0,-5.0,0.421,0.421
92.014916755,1790241487.8989124,-5.0,-5.0,0.421,0.421
92.01642806000001,1790241487.9003649,-5.0,-5.0,0.421,0.561
92.03653742,1790241487.9207282,-5.0,-5.0,0.28,0.421
92.039616957,1790241487.9236724,-5.0,-5.0,0.28,0.28
92.05570974700001,1790241487.939848,-5.0,-5.0,0.421,0.28
92.058468554,1790241487.9425097,-5.0,-5.0,0.421,0.421
92.075540253,1790241487.95958,-5.0,-5.0,0.28,0.28
92.07760661100001,1790241487.9615922,-5.0,-5.0,0.28,0.28
92.09577320700001,1790241487.9798446,-5.0,-5.0,0.421,0.28
92.09833607600001,1790241487.9823406,-5.0,-5.0,0.28,0.28
92.116609808,1790241488.000837,-5.0,-5.0,0.28,0.14
92.11970408500001,1790241488.003777,-5.0,-5.0,0.14,0.28
92.13564526,1790241488.019726,-5.0,-5.0,0.14,0.28
92.138302244,1790241488.0223367,-5.0,-5.0,0.0,0.14
92.155202328,1790241488.0392177,-5.0,-5.0,0.0,0.0
92.15719425900001,1790241488.0411787,-5.0,-5.0,0.0,0.14
92.176138148,1790241488.0602167,-5.0,-5.0,0.0,0.0
92.178851695,1790241488.062909,-5.0,-5.0,0.0,0.0
92.19588334100001,1790241488.0799847,-5.0,-5.0,0.0,0.0
92.198913972,1790241488.0829563,-5.0,-5.0,0.0,0.0
92.21500764700001,1790241488.099046,-5.0,-5.0,0.0,0.0
92.21663858800001,1790241488.1005886,-5.0,-5.0,0.0,0.0
92.23614461400001,1790241488.1202354,-5.0,-5.0,0.0,0.0
92.238817119,1790241488.1228352,-5.0,-5.0,0.0,0.0
92.256547881,1790241488.140752,-5.0,-5.0,0.0,0.0
92.259616584,1790241488.1436954,-5.0,-5.0,0.0,0.0
92.27572692700001,1790241488.1598077,-5.0,-5.0,0.0,0.0
92.27840693200001,1790241488.1624582,-5.0,-5.0,0.0,0.0
92.295158317,1790241488.1791961,-5.0,-5.0,0.0,0.0
92.297147487,1790241488.1811507,-5.0,-5.0,0.0,0.0
92.316145804,1790241488.200219,-5.0,-5.0,0.0,0.0
92.318805548,1790241488.2028587,-5.0,-5.0,0.0,0.0
92.335880997,1790241488.2200062,-5.0,-5.0,0.0,0.0
92.33891006500001,1790241488.2229743,-5.0,-5.0,0.0,0.0
92.355072491,1790241488.2390792,-5.0,-5.0,0.0,0.0
92.356679681,1790241488.24062,-5.0,-5.0,0.0,0.0
92.376142478,1790241488.2602956,-5.0,-5.0,0.0,0.0
92.37891623300001,1790241488.262973,-5.0,-5.0,0.0,0.0
92.395989442,1790241488.2801173,-5.0,-5.0,0.0,0.0
92.39906080200001,1790241488.2831037,-5.0,-5.0,0.0,0.0
92.41627885400001,1790241488.300456,-5.0,-5.0,0.0,0.0
92.419856569,1790241488.3039505,-5.0,-5.0,0.0,0.0
92.434885347,1790241488.3188946,-5.0,-5.0,0.0,0.0
92.43638649600001,1790241488.3203197,-5.0,-5.0,0.0,0.0
92.456569398,1790241488.3407893,-5.0,-5.0,0.0,0.0
92.45965289300001,1790241488.3437264,-5.0,-5.0,0.0,0.0
92.475690684,1790241488.3597877,-5.0,-5.0,0.0,0.0
92.47837657400001,1790241488.3624296,-5.0,-5.0,0.0,0.0
92.495182334,1790241488.3791978,-5.0,-5.0,0.0,0.0
92.49717713000001,1790241488.3811488,-5.0,-5.0,0.0,0.0
92.516237634,1790241488.4003294,-5.0,-5.0,0.0,0.0
92.51891607600001,1790241488.402931,-5.0,-5.0,0.0,0.0
92.53592511800001,1790241488.4200315,-5.0,-5.0,0.0,0.0
92.53901460300001,1790241488.4230785,-5.0,-5.0,0.0,0.0
92.554885987,1790241488.4388938,-5.0,-5.0,0.0,0.0
92.556390729,1790241488.4403348,-5.0,-5.0,0.0,0.0
92.57616279700001,1790241488.460237,-5.0,-5.0,0.0,0.0
92.578812021,1790241488.4628727,-5.0,-5.0,0.0,0.0
92.59603872000001,1790241488.4801188,-5.0,-5.0,0.0,0.0
92.59870476600001,1790241488.4827433,-5.0,-5.0,0.0,0.0
92.615160109,1790241488.4991996,-5.0,-5.0,0.0,0.0
92.61715558200001,1790241488.501162,-5.0,-5.0,0.0,0.0
92.63613619,1790241488.5202315,-5.0,-5.0,0.0,0.0
92.63881530900001,1790241488.5228364,-5.0,-5.0,0.0,0.0
92.65586966400001,1790241488.5399778,-5.0,-5.0,0.0,0.0
92.658892795,1790241488.5429351,-5.0,-5.0,0.0,0.0
92.675004543,1790241488.5590093,-5.0,-5.0,0.0,0.0
92.67660584800001,1790241488.5605447,-5.0,-5.0,0.0,0.0
92.696150989,1790241488.5803027,-5.0,-5.0,0.0,0.0
92.698942036,1790241488.5829785,-5.0,-5.0,0.0,0.0
92.715894203,1790241488.6000073,-5.0,-5.0,0.0,0.0
92.718969833,1790241488.603042,-5.0,-5.0,0.0,0.0
92.734881165,1790241488.6188793,-5.0,-5.0,0.0,0.0
92.73638523000001,1790241488.6203198,-5.0,-5.0,0.0,0.0
92.75657563200001,1790241488.6407814,-5.0,-5.0,0.0,0.0
92.759686263,1790241488.6437242,-5.0,-5.0,0.0,0.0
92.775054365,1790241488.6590617,-5.0,-5.0,0.0,0.0
92.77665520100001,1790241488.6608355,-5.0,-5.0,0.0,0.0
92.79616877900001,1790241488.680246,-5.0,-5.0,0.0,0.0
92.79884711700001,1790241488.6828988,-5.0,-5.0,0.0,0.0
92.81655428500001,1790241488.7007344,-5.0,-5.0,0.0,0.0
92.81960309300001,1790241488.7036605,-5.0,-5.0,0.0,0.0
92.835024372,1790241488.7190428,-5.0,-5.0,0.0,0.0
92.836642916,1790241488.7205849,-5.0,-5.0,0.0,0.0
92.85615446300001,1790241488.7402525,-5.0,-5.0,0.0,0.0
92.85886978100001,1790241488.7428892,-5.0,-5.0,0.0,0.0
92.87660898,1790241488.7608116,-5.0,-5.0,0.0,0.0
92.87963758000001,1790241488.7636914,-5.0,-5.0,0.0,0.0
92.89501687900001,1790241488.779035,-5.0,-5.0,0.0,0.0
92.896628132,1790241488.78057,-5.0,-5.0,0.0,0.0
92.916130095,1790241488.8002007,-5.0,-5.0,0.0,0.0
92.918808329,1790241488.802825,-5.0,-5.0,0.0,0.0
92.936570446,1790241488.8207452,-5.0,-5.0,0.0,0.0
92.939629045,1790241488.8236876,-5.0,-5.0,0.0,0.0
92.955123032,1790241488.8391316,-5.0,-5.0,0.0,0.0
92.956729702,1790241488.8409364,-5.0,-5.0,0.0,0.0
92.97614385300001,1790241488.8602395,-5.0,-5.0,0.0,0.0
92.97884792,1790241488.8628805,-5.0,-5.0,0.0,0.0
92.995920712,1790241488.880044,-5.0,-5.0,0.0,0.0
92.998970666,1790241488.8830285,-5.0,-5.0,0.0,0.0
93.01488699800001,1790241488.8988924,-5.0,-5.0,0.0,0.0
93.016406636,1790241488.9003394,-5.0,-5.0,0.0,0.0
93.03611542200001,1790241488.920195,-5.0,-5.0,0.0,0.14
93.038790479,1790241488.9228303,-5.0,-5.0,0.0,0.14
93.056080928,1790241488.9401906,-5.0,-5.0,0.0,0.14
93.059126559,1790241488.9431913,-5.0,-5.0,0.0,0.14
93.07487513000001,1790241488.9588838,-5.0,-5.0,0.0,0.14
93.07637575800001,1790241488.96032,-5.0,-5.0,0.0,0.28
93.09637095100001,1790241488.9804502,-5.0,-5.0,0.0,0.28
93.099110591,1790241488.9831548,-5.0,-5.0,0.14,0.421
93.11607156000001,1790241489.0001924,-5.0,-5.0,0.0,0.28
93.11910943100001,1790241489.0031526,-5.0,-5.0,0.14,0.28
93.134887793,1790241489.0188882,-5.0,-5.0,0.14,0.421
93.13640764,1790241489.0203447,-5.0,-5.0,0.28,0.421
93.156595073,1790241489.0408244,-5.0,-5.0,0.28,0.28
93.159648204,1790241489.0436845,-5.0,-5.0,0.28,0.421
93.17567818200001,1790241489.0597718,-5.0,-5.0,0.28,0.421
93.17834480100001,1790241489.0623806,-5.0,-5.0,0.421,0.561
93.195160301,1790241489.0792027,-5.0,-5.0,0.421,0.421
93.19715035700001,1790241489.0811422,-5.0,-5.0,0.28,0.561
93.21616731900001,1790241489.1002402,-5.0,-5.0,0.421,0.421
93.21883768900001,1790241489.1028836,-5.0,-5.0,0.28,0.421
93.235958346,1790241489.1200871,-5.0,-5.0,0.421,0.561
93.239019653,1790241489.1230803,-5.0,-5.0,0.28,0.561
93.254904162,1790241489.1389015,-5.0,-5.0,0.28,0.421
93.256419738,1790241489.1403568,-5.0,-5.0,0.28,0.561
93.276615765,1790241489.1608667,-5.0,-5.0,0.421,0.561
93.27971702,1790241489.1637573,-5.0,-5.0,0.421,0.561
93.295642623,1790241489.1797593,-5.0,-5.0,0.421,0.561
93.298353878,1790241489.1823852,-5.0,-5.0,0.421,0.421
93.315181045,1790241489.1991918,-5.0,-5.0,0.561,0.421
93.317167767,1790241489.2011385,-5.0,-5.0,0.421,0.421
93.336130615,1790241489.2202094,-5.0,-5.0,0.421,0.561
93.33882145300001,1790241489.2228534,-5.0,-5.0,0.561,0.421
93.35616398500001,1790241489.2403257,-5.0,-5.0,0.421,0.421
93.359738679,1790241489.2438588,-5.0,-5.0,0.28,0.561
93.37489672800001,1790241489.2588975,-5.0,-5.0,0.421,0.561
93.376390117,1790241489.2603428,-5.0,-5.0,0.421,0.701
93.396190622,1790241489.2802684,-5.0,-5.0,0.421,0.561
93.398858387,1790241489.2828865,-5.0,-5.0,0.28,0.701
93.41656878500001,1790241489.3007882,-5.0,-5.0,0.421,0.561
93.41963853,1790241489.303682,-5.0,-5.0,0.421,0.701
93.435641008,1790241489.319719,-5.0,-5.0,0.421,0.701
93.438318252,1790241489.3223464,-5.0,-5.0,0.421,0.561
93.455188909,1790241489.3392131,-5.0,-5.0,0.421,0.841
93.45717818300001,1790241489.3411787,-5.0,-5.0,0.561,0.561
93.47613618700001,1790241489.3602138,-5.0,-5.0,0.561,0.841
93.47879270300001,1790241489.3628502,-5.0,-5.0,0.701,0.701
93.49586898400001,1790241489.3799937,-5.0,-5.0,0.561,0.701
93.49892675000001,1790241489.382968,-5.0,-5.0,0.561,0.701
93.51511428,1790241489.399133,-5.0,-5.0,0.561,0.841
93.51672272100001,1790241489.4008942,-5.0,-5.0,0.561,0.701
93.53614999700001,1790241489.4202275,-5.0,-5.0,0.701,0.841
93.53881922000001,1790241489.4228683,-5.0,-5.0,0.701,0.841
93.556002898,1790241489.4401243,-5.0,-5.0,0.561,0.841
93.559112591,1790241489.4431689,-5.0,-5.0,0.701,0.841
93.574882829,1790241489.4588811,-5.0,-5.0,0.701,0.982
93.57638798800001,1790241489.4603217,-5.0,-5.0,0.701,0.982
93.596587505,1790241489.4807904,-5.0,-5.0,0.701,0.982
93.59964860400001,1790241489.4837136,-5.0,-5.0,0.841,0.982
93.61505243500001,1790241489.4990718,-5.0,-5.0,0.701,0.982
93.61667181300001,1790241489.5008292,-5.0,-5.0,0.701,0.982
93.636157838,1790241489.520275,-5.0,-5.0,0.841,0.841
93.638844354,1790241489.5228598,-5.0,-5.0,0.701,1.122
93.656576418,1790241489.5407581,-5.0,-5.0,0.701,0.982
93.65966376700001,1790241489.5436993,-5.0,-5.0,0.841,0.982
93.675035984,1790241489.5590448,-5.0,-5.0,0.561,0.841
93.676632497,1790241489.5605848,-5.0,-5.0,0.701,0.982
93.696133679,1790241489.5802112,-5.0,-5.0,0.561,0.982
93.69901936100001,1790241489.583066,-5.0,-5.0,0.701,0.841
93.716605019,1790241489.6007967,-5.0,-5.0,0.701,0.982
93.719726171,1790241489.6037815,-5.0,-5.0,0.561,0.841
93.73517557400001,1790241489.6191838,-5.0,-5.0,0.561,0.841
93.736784119,1790241489.620968,-5.0,-5.0,0.421,0.841
93.756152332,1790241489.6402295,-5.0,-5.0,0.421,0.701
93.75885218100001,1790241489.642874,-5.0,-5.0,0.421,0.701
93.776569401,1790241489.6607761,-5.0,-5.0,0.421,0.701
93.77964638600001,1790241489.663704,-5.0,-5.0,0.28,0.841
93.79501646700001,1790241489.679026,-5.0,-5.0,0.561,0.701
93.79662459500001,1790241489.6805656,-5.0,-5.0,0.421,0.701
93.81617411,1790241489.700264,-5.0,-5.0,0.421,0.561
93.81886713600001,1790241489.702891,-5.0,-5.0,0.561,0.561
93.836524721,1790241489.7207284,-5.0,-5.0,0.561,0.561
93.839603529,1790241489.7236445,-5.0,-5.0,0.561,0.561
93.855018297,1790241489.7390265,-5.0,-5.0,0.421,0.421
93.85662168500001,1790241489.7405634,-5.0,-5.0,0.561,0.561
93.876324378,1790241489.760419,-5.0,-5.0,0.561,0.421
93.87900006000001,1790241489.7630243,-5.0,-5.0,0.421,0.421
93.89659202,1790241489.7807555,-5.0,-5.0,0.561,0.561
93.899610463,1790241489.7836478,-5.0,-5.0,0.421,0.421
93.91489642900001,1790241489.7989137,-5.0,-5.0,0.561,0.421
93.91640591100001,1790241489.8003402,-5.0,-5.0,0.561,0.421
93.93657594800001,1790241489.820817,-5.0,-5.0,0.421,0.421
93.93967532900001,1790241489.8237557,-5.0,-5.0,0.421,0.421
93.95624890100001,1790241489.8403616,-5.0,-5.0,0.561,0.561
93.95891682300001,1790241489.8429332,-5.0,-5.0,0.28,0.421
93.976169459,1790241489.8603334,-5.0,-5.0,0.421,0.421
93.97966373700001,1790241489.8637607,-5.0,-5.0,0.28,0.561
93.99490428600001,1790241489.878902,-5.0,-5.0,0.421,0.421
93.996394861,1790241489.8803296,-5.0,-5.0,0.28,0.421
94.01655474200001,1790241489.9007676,-5.0,-5.0,0.28,0.421
94.01966579,1790241489.9037108,-5.0,-5.0,0.421,0.561
94.03615410200001,1790241489.9202383,-5.0,-5.0,0.28,0.421
94.038834159,1790241489.92285,-5.0,-5.0,0.28,0.421
94.05631507700001,1790241489.9404573,-5.0,-5.0,0.28,0.421
94.05986544800001,1790241489.943987,-5.0,-5.0,0.28,0.561
94.074899122,1790241489.9589095,-5.0,-5.0,0.28,0.561
94.07641152000001,1790241489.9603465,-5.0,-5.0,0.28,0.421
94.096587131,1790241489.9807901,-5.0,-5.0,0.14,0.28
94.099632657,1790241489.983686,-5.0,-5.0,0.14,0.421
94.115049717,1790241489.9990563,-5.0,-5.0,0.14,0.28
94.116650762,1790241490.0005932,-5.0,-5.0,0.14,0.28
94.136137464,1790241490.0202293,-5.0,-5.0,0.0,0.14
94.13883585500001,1790241490.0228713,-5.0,-5.0,0.0,0.28
94.155920522,1790241490.0400426,-5.0,-5.0,0.0,0.14
94.158989434,1790241490.0430355,-5.0,-5.0,0.0,0.14
94.17500800500001,1790241490.0590405,-5.0,-5.0,0.0,0.0
94.17664217500001,1790241490.0605834,-5.0,-5.0,0.14,0.14
94.19615825300001,1790241490.0802348,-5.0,-5.0,0.0,0.0
94.198792112,1790241490.0828395,-5.0,-5.0,0.0,0.0
94.21613740500001,1790241490.1002393,-5.0,-5.0,0.0,0.0
94.219182202,1790241490.1032245,-5.0,-5.0,0.14,0.0
94.234888689,1790241490.1188824,-5.0,-5.0,0.14,0.0
94.23642551500001,1790241490.1203604,-5.0,-5.0,0.28,0.0
94.25657596900001,1790241490.1407928,-5.0,-5.0,0.14,0.0
94.259647642,1790241490.1436832,-5.0,-5.0,0.28,0.0
94.275687098,1790241490.1597795,-5.0,-5.0,0.14,0.0
94.27839267600001,1790241490.1624532,-5.0,-5.0,0.14,0.0
94.295023697,1790241490.1790524,-5.0,-5.0,0.14,0.0
94.29665088700001,1790241490.1805942,-5.0,-5.0,0.0,0.0
94.316125611,1790241490.200215,-5.0,-5.0,0.0,0.0
94.31880728300001,1790241490.2028286,-5.0,-5.0,0.0,0.0
94.33589799100001,1790241490.220024,-5.0,-5.0,0.0,0.14
94.338967216,1790241490.2230334,-5.0,-5.0,0.0,0.0
94.356186154,1790241490.2403657,-5.0,-5.0,0.0,0.0
94.35977631700001,1790241490.243856,-5.0,-5.0,0.0,0.0
94.37490921000001,1790241490.258932,-5.0,-5.0,0.0,0.0
94.376434785,1790241490.2603705,-5.0,-5.0,0.0,0.0
94.396187166,1790241490.2802815,-5.0,-5.0,0.0,0.0
94.398893629,1790241490.2829258,-5.0,-5.0,0.0,0.0
94.41605079600001,1790241490.300166,-5.0,-5.0,0.0,0.0
94.41912142700001,1790241490.3031678,-5.0,-5.0,0.0,0.0
94.43488505,1790241490.3188996,-5.0,-5.0,0.0,0.0
94.43639849,1790241490.320333,-5.0,-5.0,0.0,0.0
94.456377329,1790241490.3404567,-5.0,-5.0,0.0,0.0
94.459079626,1790241490.3431046,-5.0,-5.0,0.0,0.0
94.476253512,1790241490.3603613,-5.0,-5.0,0.0,0.0
94.479313622,1790241490.3633752,-5.0,-5.0,0.0,0.0
94.49490037000001,1790241490.3789,-5.0,-5.0,0.0,0.0
94.496406518,1790241490.3803432,-5.0,-5.0,0.0,0.0
94.5166489,1790241490.4008784,-5.0,-5.0,0.0,0.0
94.51970786400001,1790241490.4037447,-5.0,-5.0,0.0,0.0
94.53564091400001,1790241490.4197383,-5.0,-5.0,0.0,0.0
94.53832055400001,1790241490.422344,-5.0,-5.0,0.0,0.0
94.55547194,1790241490.4395406,-5.0,-5.0,0.0,0.0
94.55815533100001,1790241490.4422975,-5.0,-5.0,0.0,0.0
94.575563957,1790241490.4596033,-5.0,-5.0,0.0,0.0
94.577789169,1790241490.4618123,-5.0,-5.0,0.0,0.0
94.59731410100001,1790241490.481476,-5.0,-5.0,0.0,0.0
94.601186192,1790241490.485317,-5.0,-5.0,0.0,0.0
94.603600728,1790241490.4875727,-5.0,-5.0,0.0,0.0
94.61554028100001,1790241490.4995816,-5.0,-5.0,0.0,0.0
94.635808756,1790241490.519866,-5.0,-5.0,0.0,0.14
94.638223448,1790241490.522237,-5.0,-5.0,0.0,0.14
94.65656155500001,1790241490.540789,-5.0,-5.0,0.0,0.28
94.65964104000001,1790241490.543677,-5.0,-5.0,0.0,0.28
94.675727632,1790241490.559808,-5.0,-5.0,0.0,0.421
94.67838420000001,1790241490.562399,-5.0,-5.0,0.0,0.28
94.69517907500001,1790241490.5792108,-5.0,-5.0,0.0,0.421
94.697183662,1790241490.5811746,-5.0,-5.0,0.0,0.421
94.716121145,1790241490.6002154,-5.0,-5.0,0.14,0.421
94.71882323300001,1790241490.6028786,-5.0,-5.0,0.0,0.421
94.73591477500001,1790241490.6200418,-5.0,-5.0,0.28,0.28
94.738962125,1790241490.6230226,-5.0,-5.0,0.28,0.421
94.755091425,1790241490.6390996,-5.0,-5.0,0.28,0.28
94.75671038700001,1790241490.6408737,-5.0,-5.0,0.28,0.28
94.77658599600001,1790241490.660809,-5.0,-5.0,0.28,0.421
94.779666054,1790241490.663722,-5.0,-5.0,0.421,0.421
94.795660459,1790241490.6797411,-5.0,-5.0,0.421,0.421
94.798342808,1790241490.6823597,-5.0,-5.0,0.561,0.561
94.815175026,1790241490.699197,-5.0,-5.0,0.561,0.701
94.817136801,1790241490.7011073,-5.0,-5.0,0.701,0.841
94.83613043000001,1790241490.7202187,-5.0,-5.0,0.561,0.701
94.838780435,1790241490.7228281,-5.0,-5.0,0.701,0.701
94.855922342,1790241490.7400448,-5.0,-5.0,0.701,0.841
94.85900213900001,1790241490.7430456,-5.0,-5.0,0.561,0.701
94.875001752,1790241490.759019,-5.0,-5.0,0.701,0.701
94.87661238000001,1790241490.7605643,-5.0,-5.0,0.421,0.701
94.8961395,1790241490.7802317,-5.0,-5.0,0.561,0.701
94.89884606700001,1790241490.7828963,-5.0,-5.0,0.421,0.561
94.91642995400001,1790241490.8005648,-5.0,-5.0,0.561,0.701
94.91958673100001,1790241490.8036761,-5.0,-5.0,0.421,0.561
94.93490144600001,1790241490.8189085,-5.0,-5.0,0.421,0.561
94.93641566800001,1790241490.820347,-5.0,-5.0,0.28,0.561
94.956261694,1790241490.8403413,-5.0,-5.0,0.421,0.561
94.958964147,1790241490.843028,-5.0,-5.0,0.421,0.701
94.976070637,1790241490.8601768,-5.0,-5.0,0.28,0.561
94.97911481000001,1790241490.863176,-5.0,-5.0,0.28,0.421
94.99489030800001,1790241490.8788917,-5.0,-5.0,0.14,0.561
94.99637916500001,1790241490.880332,-5.0,-5.0,0.28,0.561
95.016602379,1790241490.900809,-5.0,-5.0,0.28,0.421
95.019709625,1790241490.9037466,-5.0,-5.0,0.28,0.421
95.035002778,1790241490.919004,-5.0,-5.0,0.14,0.421
95.03660679100001,1790241490.9205506,-5.0,-5.0,0.28,0.28
95.05623781700001,1790241490.9403503,-5.0,-5.0,0.28,0.421
95.058935895,1790241490.9429522,-5.0,-5.0,0.14,0.28
95.076440355,1790241490.9605577,-5.0,-5.0,0.28,0.28
95.079392079,1790241490.96348,-5.0,-5.0,0.28,0.28
95.096088725,1790241490.9801974,-5.0,-5.0,0.28,0.14
95.09909966800001,1790241490.983152,-5.0,-5.0,0.28,0.28
95.11495277,1790241490.9989514,-5.0,-5.0,0.28,0.28
95.11644334600001,1790241491.0003963,-5.0,-5.0,0.28,0.28
95.136592081,1790241491.0208037,-5.0,-5.0,0.28,0.28
95.139633024,1790241491.023669,-5.0,-5.0,0.28,0.28
95.155063678,1790241491.0390708,-5.0,-5.0,0.28,0.28
95.1566779,1790241491.0408416,-5.0,-5.0,0.421,0.28
95.176126373,1790241491.060199,-5.0,-5.0,0.28,0.421
95.17879856600001,1790241491.0628173,-5.0,-5.0,0.28,0.28
95.19656536900001,1790241491.0807576,-5.0,-5.0,0.28,0.28
95.199623396,1790241491.0836787,-5.0,-5.0,0.28,0.14
95.21508347700001,1790241491.0990937,-5.0,-5.0,0.28,0.28
95.216710303,1790241491.1008847,-5.0,-5.0,0.421,0.28
95.236142318,1790241491.1202404,-5.0,-5.0,0.28,0.421
95.23888274000001,1790241491.1229208,-5.0,-5.0,0.28,0.14
95.256120584,1790241491.1402652,-5.0,-5.0,0.28,0.28
95.25920434000001,1790241491.1432528,-5.0,-5.0,0.28,0.14
95.27487910800001,1790241491.1588855,-5.0,-5.0,0.28,0.28
95.276385153,1790241491.1603308,-5.0,-5.0,0.421,0.28
95.296617482,1790241491.180826,-5.0,-5.0,0.421,0.28
95.29970733100001,1790241491.1837854,-5.0,-5.0,0.28,0.28
95.315647153,1790241491.1997392,-5.0,-5.0,0.561,0.28
95.318350022,1790241491.2023644,-5.0,-5.0,0.561,0.28
95.335201408,1790241491.2192118,-5.0,-5.0,0.561,0.28
95.337175266,1790241491.2211792,-5.0,-5.0,0.561,0.28
95.35614738400001,1790241491.2402234,-5.0,-5.0,0.561,0.421
95.35883254500001,1790241491.242877,-5.0,-5.0,0.561,0.28
95.376360703,1790241491.2605262,-5.0,-5.0,0.561,0.28
95.37946612500001,1790241491.2635486,-5.0,-5.0,0.561,0.421
95.394980946,1790241491.2789805,-5.0,-5.0,0.421,0.28
95.39649688600001,1790241491.2804317,-5.0,-5.0,0.561,0.28
95.41657114200001,1790241491.30077,-5.0,-5.0,0.421,0.28
95.41960609600001,1790241491.3036394,-5.0,-5.0,0.421,0.28
95.435587948,1790241491.3196793,-5.0,-5.0,0.561,0.28
95.43825831800001,1790241491.322278,-5.0,-5.0,0.421,0.28
95.455149078,1790241491.3391821,-5.0,-5.0,0.28,0.14
95.45713715500001,1790241491.3411105,-5.0,-5.0,0.421,0.28
95.476146044,1790241491.360238,-5.0,-5.0,0.28,0.14
95.478829226,1790241491.3628774,-5.0,-5.0,0.421,0.14
95.49594217500001,1790241491.380069,-5.0,-5.0,0.14,0.14
95.499013014,1790241491.3830562,-5.0,-5.0,0.28,0.14
95.515081533,1790241491.399088,-5.0,-5.0,0.421,0.14
95.516716067,1790241491.400886,-5.0,-5.0,0.14,0.28
95.53615011400001,1790241491.4202347,-5.0,-5.0,0.28,0.14
95.538825171,1790241491.4228423,-5.0,-5.0,0.14,0.14
95.55591890000001,1790241491.4400434,-5.0,-5.0,0.28,0.28
95.559093333,1790241491.4431734,-5.0,-5.0,0.28,0.14
95.575002998,1790241491.4590116,-5.0,-5.0,0.28,0.14
95.57651524100001,1790241491.46046,-5.0,-5.0,0.421,0.28
95.596362986,1790241491.480454,-5.0,-5.0,0.28,0.14
95.59913481400001,1790241491.4832056,-5.0,-5.0,0.28,0.14
95.616215314,1790241491.500291,-5.0,-5.0,0.421,0.28
95.61885089200001,1790241491.502884,-5.0,-5.0,0.28,0.28
95.635911549,1790241491.5200098,-5.0,-5.0,0.28,0.14
95.63895915900001,1790241491.5230193,-5.0,-5.0,0.28,0.14
95.65636788900001,1790241491.5405326,-5.0,-5.0,0.421,0.14
95.659912843,1790241491.544006,-5.0,-5.0,0.421,0.14
95.66370706900001,1790241491.5478241,-5.0,-5.0,0.421,0.28
95.674817923,1790241491.55883,-5.0,-5.0,0.421,0.28
95.697485934,1790241491.581668,-5.0,-5.0,0.421,0.14
95.70104859700001,1790241491.585159,-5.0,-5.0,0.561,0.28
95.703320215,1790241491.587298,-5.0,-5.0,0.561,0.421
95.715580603,1790241491.5996256,-5.0,-5.0,0.701,0.28
95.73613782800001,1790241491.6202257,-5.0,-5.0,0.701,0.421
95.73881101,1790241491.622846,-5.0,-5.0,0.701,0.421
95.75609526100001,1790241491.6402013,-5.0,-5.0,0.561,0.28
95.75915896500001,1790241491.6432211,-5.0,-5.0,0.701,0.421
95.77489097300001,1790241491.658899,-5.0,-5.0,0.561,0.421
95.77638701800001,1790241491.6603198,-5.0,-5.0,0.561,0.28
95.79654669,1790241491.6807349,-5.0,-5.0,0.561,0.14
95.799599665,1790241491.683653,-5.0,-5.0,0.561,0.421
95.81572370500001,1790241491.6998208,-5.0,-5.0,0.561,0.28
95.81838345,1790241491.7024148,-5.0,-5.0,0.561,0.28
95.83514212700001,1790241491.7191775,-5.0,-5.0,0.561,0.421
95.83714494300001,1790241491.7211347,-5.0,-5.0,0.421,0.14
95.85615872800001,1790241491.7402346,-5.0,-5.0,0.561,0.421
95.85880461800001,1790241491.7428176,-5.0,-5.0,0.561,0.28
95.875955692,1790241491.760081,-5.0,-5.0,0.421,0.421
95.879109604,1790241491.7631574,-5.0,-5.0,0.421,0.28
95.89492437300001,1790241491.7789366,-5.0,-5.0,0.421,0.421
95.896432605,1790241491.7803664,-5.0,-5.0,0.421,0.28
95.91621706900001,1790241491.800309,-5.0,-5.0,0.28,0.421
95.918928949,1790241491.802984,-5.0,-5.0,0.28,0.28
95.93607898,1790241491.820178,-5.0,-5.0,0.28,0.28
95.93916445500001,1790241491.823238,-5.0,-5.0,0.14,0.28
95.95503370300001,1790241491.8390439,-5.0,-5.0,0.28,0.421
95.95654250800001,1790241491.840476,-5.0,-5.0,0.28,0.561
95.976589628,1790241491.8607688,-5.0,-5.0,0.28,0.421
95.979667238,1790241491.8637059,-5.0,-5.0,0.28,0.701
95.99571487200001,1790241491.879793,-5.0,-5.0,0.28,0.561
95.99837107500001,1790241491.882389,-5.0,-5.0,0.28,0.561
96.015168919,1790241491.899208,-5.0,-5.0,0.14,0.561
96.01718288100001,1790241491.9011877,-5.0,-5.0,0.14,0.421
96.03613130100001,1790241491.9202142,-5.0,-5.0,0.14,0.421
96.038813442,1790241491.9228282,-5.0,-5.0,0.14,0.421
96.056615246,1790241491.940845,-5.0,-5.0,0.14,0.28
96.05971921000001,1790241491.9437945,-5.0,-5.0,0.14,0.28
96.076137313,1790241491.9602485,-5.0,-5.0,0.28,0.14
96.078845391,1790241491.9628627,-5.0,-5.0,0.14,0.28
96.095984798,1790241491.980134,-5.0,-5.0,0.28,0.14
96.09915256400001,1790241491.9832606,-5.0,-5.0,0.0,0.421
96.114934781,1790241491.998935,-5.0,-5.0,0.14,0.28
96.11644879400001,1790241492.000382,-5.0,-5.0,0.0,0.28
96.13615216400001,1790241492.0202405,-5.0,-5.0,0.0,0.28
96.13883472100001,1790241492.0228732,-5.0,-5.0,0.14,0.28
96.15656569100001,1790241492.0407755,-5.0,-5.0,0.14,0.421
96.15964278000001,1790241492.0436773,-5.0,-5.0,0.14,0.28
96.175004111,1790241492.059022,-5.0,-5.0,0.28,0.14
96.17661526,1790241492.060557,-5.0,-5.0,0.421,0.14
96.196151338,1790241492.080226,-5.0,-5.0,0.421,0.14
96.19887686300001,1790241492.082893,-5.0,-5.0,0.421,0.0
96.216597678,1790241492.1008053,-5.0,-5.0,0.421,0.14
96.219725808,1790241492.1037679,-5.0,-5.0,0.28,0.28
96.235032712,1790241492.1190467,-5.0,-5.0,0.0,0.14
96.236635944,1790241492.1205754,-5.0,-5.0,0.14,0.28
96.25610749,1790241492.1401834,-5.0,-5.0,0.0,0.28
96.25892280800001,1790241492.1429474,-5.0,-5.0,0.0,0.28
96.27655758,1790241492.1607707,-5.0,-5.0,0.0,0.14
96.279632378,1790241492.16367,-5.0,-5.0,0.0,0.28
96.294980687,1790241492.1789966,-5.0,-5.0,0.0,0.14
96.296592253,1790241492.1805305,-5.0,-5.0,0.0,0.28
96.316156977,1790241492.2002497,-5.0,-5.0,0.0,0.14
96.31884734600001,1790241492.2028613,-5.0,-5.0,0.0,0.14
96.33658441,1790241492.2207832,-5.0,-5.0,0.0,0.14
96.339652958,1790241492.2236884,-5.0,-5.0,0.0,0.14
96.35501095500001,1790241492.239027,-5.0,-5.0,0.0,0.0
96.35661351,1790241492.2405515,-5.0,-5.0,0.0,0.0
96.376157452,1790241492.2602372,-5.0,-5.0,0.0,0.0
96.378841312,1790241492.2628589,-5.0,-5.0,0.0,0.0
96.39636999000001,1790241492.2805045,-5.0,-5.0,0.0,0.0
96.399411766,1790241492.2834907,-5.0,-5.0,0.0,0.0
96.414880753,1790241492.2988882,-5.0,-5.0,0.0,0.0
96.416384975,1790241492.3003287,-5.0,-5.0,0.0,0.0
96.43655542900001,1790241492.3207684,-5.0,-5.0,0.0,0.0
96.439620851,1790241492.3236556,-5.0,-5.0,0.0,0.0
96.455639839,1790241492.3397355,-5.0,-5.0,0.0,0.0
96.45831895900001,1790241492.3423383,-5.0,-5.0,0.14,0.0
96.475180396,1790241492.359205,-5.0,-5.0,0.0,0.0
96.477180348,1790241492.3611774,-5.0,-5.0,0.0,0.0
96.49613876900001,1790241492.3802326,-5.0,-5.0,0.0,0.0
96.49881148200001,1790241492.382849,-5.0,-5.0,0.0,0.0
96.51605167000001,1790241492.40018,-5.0,-5.0,0.0,0.0
96.519165322,1790241492.4032264,-5.0,-5.0,0.0,0.0
96.534951809,1790241492.4189467,-5.0,-5.0,0.0,0.0
96.536447541,1790241492.420379,-5.0,-5.0,0.0,0.0
96.55658122400001,1790241492.4409049,-5.0,-5.0,0.0,0.0
96.559825085,1790241492.443905,-5.0,-5.0,0.0,0.0
96.575953083,1790241492.4600358,-5.0,-5.0,0.0,0.0
96.578814495,1790241492.4628615,-5.0,-5.0,0.0,0.0
96.595166921,1790241492.4792087,-5.0,-5.0,0.0,0.0
96.59717906,1790241492.481164,-5.0,-5.0,0.0,0.0
96.616166699,1790241492.5002618,-5.0,-5.0,0.0,0.0
96.61883675600001,1790241492.502865,-5.0,-5.0,0.0,0.0
96.63595350700001,1790241492.5200806,-5.0,-5.0,0.14,0.0
96.63902752300001,1790241492.5230901,-5.0,-5.0,0.0,0.0
96.654878177,1790241492.538876,-5.0,-5.0,0.14,0.0
96.656382451,1790241492.5403228,-5.0,-5.0,0.28,0.0
96.676179988,1790241492.5602758,-5.0,-5.0,0.28,0.0
96.678865357,1790241492.562897,-5.0,-5.0,0.421,0.0
96.69654148400001,1790241492.580768,-5.0,-5.0,0.14,0.0
96.69961268700001,1790241492.5836494,-5.0,-5.0,0.28,0.0
96.715652769,1790241492.599748,-5.0,-5.0,0.28,0.0
96.71835741000001,1790241492.6024203,-5.0,-5.0,0.421,0.14
96.735186868,1790241492.6192133,-5.0,-5.0,0.421,0.28
96.737158382,1790241492.6211596,-5.0,-5.0,0.28,0.28
96.75609336500001,1790241492.6401682,-5.0,-5.0,0.28,0.561
96.75877639100001,1790241492.6428316,-5.0,-5.0,0.28,0.28
96.775870537,1790241492.6599925,-5.0,-5.0,0.14,0.421
96.778933772,1790241492.662971,-5.0,-5.0,0.28,0.421
96.79503317700001,1790241492.679067,-5.0,-5.0,0.14,0.28
96.79667073200001,1790241492.6808276,-5.0,-5.0,0.0,0.28
96.816187435,1790241492.700264,-5.0,-5.0,0.0,0.0
96.81885316900001,1790241492.7028933,-5.0,-5.0,0.0,0.14
96.83592351300001,1790241492.7201035,-5.0,-5.0,0.0,0.0
96.839005446,1790241492.723047,-5.0,-5.0,0.0,0.0
96.85492459000001,1790241492.7389212,-5.0,-5.0,0.0,0.0
96.856425009,1790241492.7403603,-5.0,-5.0,0.0,0.0
96.876577182,1790241492.7607954,-5.0,-5.0,0.0,0.0
96.87964640700001,1790241492.7637033,-5.0,-5.0,0.14,0.0
96.89565898800001,1790241492.779737,-5.0,-5.0,0.0,0.0
96.898323368,1790241492.7823582,-5.0,-5.0,0.0,0.0
96.915147618,1790241492.7991824,-5.0,-5.0,0.0,0.0
96.91712345500001,1790241492.8011007,-5.0,-5.0,0.14,0.0
96.93620823,1790241492.8203032,-5.0,-5.0,0.0,0.0
96.938889173,1790241492.82295,-5.0,-5.0,0.14,0.0
96.95692873700001,1790241492.8410413,-5.0,-5.0,0.14,0.0
96.95992572200001,1790241492.843978,-5.0,-5.0,0.14,0.14
96.976161637,1790241492.8602889,-5.0,-5.0,0.28,0.0
96.978890913,1790241492.862929,-5.0,-5.0,0.14,0.28
96.995830216,1790241492.879958,-5.0,-5.0,0.28,0.28
96.998839648,1790241492.8828812,-5.0,-5.0,0.14,0.28
97.015030147,1790241492.8990395,-5.0,-5.0,0.28,0.421
97.01664572300001,1790241492.900589,-5.0,-5.0,0.14,0.421
97.036115655,1790241492.920184,-5.0,-5.0,0.28,0.421
97.038777847,1790241492.9228072,-5.0,-5.0,0.14,0.561
97.056596162,1790241492.9407992,-5.0,-5.0,0.28,0.421
97.059668355,1790241492.9437287,-5.0,-5.0,0.28,0.561
97.07505317500001,1790241492.9590573,-5.0,-5.0,0.14,0.561
97.07666760500001,1790241492.9606094,-5.0,-5.0,0.14,0.561
97.09613389100001,1790241492.9802425,-5.0,-5.0,0.14,0.561
97.098823584,1790241492.9828389,-5.0,-5.0,0.0,0.561
97.11517746800001,1790241492.999192,-5.0,-5.0,0.0,0.421
97.117196847,1790241493.0011704,-5.0,-5.0,0.0,0.561
97.13611386100001,1790241493.0202003,-5.0,-5.0,0.0,0.421
97.138786522,1790241493.0228376,-5.0,-5.0,0.0,0.561
97.155933585,1790241493.0401633,-5.0,-5.0,0.0,0.421
97.15912442400001,1790241493.0431874,-5.0,-5.0,0.14,0.421
97.174888568,1790241493.0589106,-5.0,-5.0,0.0,0.28
97.17641289400001,1790241493.0603454,-5.0,-5.0,0.0,0.421
97.1965459,1790241493.0807586,-5.0,-5.0,0.0,0.421
97.19960679100001,1790241493.0836403,-5.0,-5.0,0.14,0.28
97.21566374800001,1790241493.0997639,-5.0,-5.0,0.14,0.28
97.218356201,1790241493.1023898,-5.0,-5.0,0.14,0.28
97.235190763,1790241493.1192179,-5.0,-5.0,0.14,0.28
97.23717733000001,1790241493.1211808,-5.0,-5.0,0.28,0.28
97.25617220800001,1790241493.1402647,-5.0,-5.0,0.14,0.28
97.258864036,1790241493.142918,-5.0,-5.0,0.14,0.28
97.27620339100001,1790241493.1603088,-5.0,-5.0,0.0,0.28
97.279248605,1790241493.1633146,-5.0,-5.0,0.14,0.28
97.294902541,1790241493.1788993,-5.0,-5.0,0.0,0.28
97.29641759600001,1790241493.1803527,-5.0,-5.0,0.0,0.28
97.31663773700001,1790241493.2008462,-5.0,-5.0,0.0,0.14
97.319705399,1790241493.203739,-5.0,-5.0,0.0,0.14
97.33565871,1790241493.2197485,-5.0,-5.0,0.0,0.28
97.338366788,1790241493.2223835,-5.0,-5.0,0.0,0.14
97.355164423,1790241493.2391973,-5.0,-5.0,0.0,0.14
97.35717822900001,1790241493.24119,-5.0,-5.0,0.0,0.14
97.376121545,1790241493.2601988,-5.0,-5.0,0.0,0.14
97.37894504,1790241493.2629907,-5.0,-5.0,0.0,0.14
97.39617668700001,1790241493.2802715,-5.0,-5.0,0.0,0.14
97.398875598,1790241493.2828958,-5.0,-5.0,0.0,0.14
97.41657833900001,1790241493.300759,-5.0,-5.0,0.0,0.0
97.419607095,1790241493.303649,-5.0,-5.0,0.0,0.0
97.43502035200001,1790241493.3190436,-5.0,-5.0,0.0,0.0
97.43664665700001,1790241493.3205972,-5.0,-5.0,0.0,0.0
97.45637971500001,1790241493.3404777,-5.0,-5.0,0.0,0.0
97.459052897,1790241493.3430707,-5.0,-5.0,0.14,0.0
97.475948918,1790241493.3601344,-5.0,-5.0,0.0,0.0
97.479115174,1790241493.363181,-5.0,-5.0,0.0,0.0
97.494930776,1790241493.3789303,-5.0,-5.0,0.0,0.0
97.49645124700001,1790241493.3803887,-5.0,-5.0,0.0,0.0
97.516189044,1790241493.4002798,-5.0,-5.0,0.14,0.0
97.51883196600001,1790241493.4028683,-5.0,-5.0,0.14,0.0
97.53594100800001,1790241493.4200587,-5.0,-5.0,0.14,0.0
97.539005597,1790241493.423048,-5.0,-5.0,0.28,0.0
97.554924533,1790241493.4389312,-5.0,-5.0,0.14,0.0
97.556490056,1790241493.440458,-5.0,-5.0,0.28,0.0
97.57580879000001,1790241493.4598866,-5.0,-5.0,0.0,0.0
97.57824254500001,1790241493.4622526,-5.0,-5.0,0.0,0.0
97.595215597,1790241493.4793856,-5.0,-5.0,0.0,0.0
97.598774354,1790241493.482852,-5.0,-5.0,0.0,0.0
97.614973238,1790241493.4989839,-5.0,-5.0,0.0,0.0
97.616474959,1790241493.5004187,-5.0,-5.0,0.0,0.0
97.63660937200001,1790241493.5208225,-5.0,-5.0,0.0,0.0
97.63972021100001,1790241493.5237854,-5.0,-5.0,0.0,0.0
97.65571044900001,1790241493.53979,-5.0,-5.0,0.0,0.0
97.65838274500001,1790241493.5423963,-5.0,-5.0,0.0,0.0
97.675163974,1790241493.5591958,-5.0,-5.0,0.0,0.0
97.677156374,1790241493.561132,-5.0,-5.0,0.0,0.0
97.696166878,1790241493.5802433,-5.0,-5.0,0.14,0.0
97.698835008,1790241493.5828846,-5.0,-5.0,0.0,0.0
97.716079154,1790241493.6001887,-5.0,-5.0,0.0,0.0
97.719170879,1790241493.6032538,-5.0,-5.0,0.0,0.0
97.73491241800001,1790241493.6189117,-5.0,-5.0,0.0,0.0
97.73641481700001,1790241493.620349,-5.0,-5.0,0.0,0.0
97.756602458,1790241493.6408012,-5.0,-5.0,0.0,0.0
97.75964423500001,1790241493.6436965,-5.0,-5.0,0.0,0.0
97.775890671,1790241493.6599958,-5.0,-5.0,0.0,0.0
97.778954427,1790241493.6630173,-5.0,-5.0,0.0,0.0
97.7950143,1790241493.6790683,-5.0,-5.0,0.0,0.0
97.79669055400001,1790241493.6808634,-5.0,-5.0,0.0,0.0
97.816218246,1790241493.700294,-5.0,-5.0,0.0,0.0
97.818884709,1790241493.7029169,-5.0,-5.0,0.0,0.0
97.836061251,1790241493.720184,-5.0,-5.0,0.0,0.0
97.839136205,1790241493.723204,-5.0,-5.0,0.0,0.0
97.854866547,1790241493.7388632,-5.0,-5.0,0.0,0.14
97.856351289,1790241493.740284,-5.0,-5.0,0.0,0.0
97.876587524,1790241493.7607925,-5.0,-5.0,0.0,0.0
97.87965565500001,1790241493.7636902,-5.0,-5.0,0.0,0.0
97.895062663,1790241493.7790718,-5.0,-5.0,0.0,0.0
97.896667718,1790241493.780608,-5.0,-5.0,0.0,0.0
97.91611275400001,1790241493.8001862,-5.0,-5.0,0.0,0.0
97.91878104000001,1790241493.8028152,-5.0,-5.0,0.0,0.0
97.936598625,1790241493.8207889,-5.0,-5.0,0.0,0.0
97.939654933,1790241493.8237135,-5.0,-5.0,0.0,0.0
97.95509459700001,1790241493.8391016,-5.0,-5.0,0.0,0.0
97.95671111,1790241493.8408813,-5.0,-5.0,0.0,0.0
97.976133855,1790241493.8602257,-5.0,-5.0,0.0,0.0
97.97883563100001,1790241493.862855,-5.0,-5.0,0.0,0.0
97.99595430800001,1790241493.8800771,-5.0,-5.0,0.0,0.0
97.99897483500001,1790241493.8830376,-5.0,-5.0,0.14,0.0
98.01637486700001,1790241493.9005337,-5.0,-5.0,0.0,0.0
98.019864404,1790241493.9039562,-5.0,-5.0,0.0,0.0
98.034890109,1790241493.9188874,-5.0,-5.0,0.0,0.0
98.036377508,1790241493.920319,-5.0,-5.0,0.0,0.0
98.056163534,1790241493.9402385,-5.0,-5.0,0.0,0.0
98.05885400800001,1790241493.9428701,-5.0,-5.0,0.0,0.0
98.07575700800001,1790241493.9598,-5.0,-5.0,0.0,0.0
98.077900293,1790241493.961896,-5.0,-5.0,0.0,0.0
98.096336265,1790241493.9804456,-5.0,-5.0,0.0,0.0
98.099434916,1790241493.9834917,-5.0,-5.0,0.0,0.0
98.11490525800001,1790241493.9989057,-5.0,-5.0,0.0,0.0
98.11640208300001,1790241494.0003347,-5.0,-5.0,0.0,0.0
98.136632694,1790241494.0208225,-5.0,-5.0,0.0,0.14
98.139727491,1790241494.0237694,-5.0,-5.0,0.0,0.0
98.15504241500001,1790241494.0390458,-5.0,-5.0,0.0,0.0
98.15664872,1790241494.0405998,-5.0,-5.0,0.0,0.0
98.176147923,1790241494.06024,-5.0,-5.0,0.0,0.14
98.17896808500001,1790241494.0630112,-5.0,-5.0,0.0,0.0
98.195920043,1790241494.0800412,-5.0,-5.0,0.0,0.0
98.19900682000001,1790241494.0830693,-5.0,-5.0,0.0,0.14
98.21633153900001,1790241494.1004946,-5.0,-5.0,0.0,0.14
98.219932223,1790241494.1040285,-5.0,-5.0,0.0,0.14
98.22358071900001,1790241494.1076696,-5.0,-5.0,0.0,0.14
98.234855948,1790241494.1188521,-5.0,-5.0,0.0,0.28
98.257462761,1790241494.1416457,-5.0,-5.0,0.0,0.14
98.261067924,1790241494.1451871,-5.0,-5.0,0.0,0.14
98.263350168,1790241494.1473289,-5.0,-5.0,0.14,0.28
98.27554743,1790241494.159602,-5.0,-5.0,0.0,0.14
98.296150541,1790241494.1802423,-5.0,-5.0,0.0,0.0
98.298826171,1790241494.1828616,-5.0,-5.0,0.28,0.14
98.31591458800001,1790241494.2000158,-5.0,-5.0,0.14,0.0
98.318949802,1790241494.2030144,-5.0,-5.0,0.28,0.14
98.335007332,1790241494.2190142,-5.0,-5.0,0.14,0.14
98.33661374100001,1790241494.2205517,-5.0,-5.0,0.14,0.14
98.35613185000001,1790241494.240204,-5.0,-5.0,0.14,0.14
98.35881425100001,1790241494.2428622,-5.0,-5.0,0.0,0.28
98.376021158,1790241494.2601418,-5.0,-5.0,0.0,0.14
98.379253612,1790241494.2633252,-5.0,-5.0,0.0,0.0
98.39492046400001,1790241494.278917,-5.0,-5.0,0.0,0.14
98.39644437300001,1790241494.28038,-5.0,-5.0,0.14,0.0
98.41659467000001,1790241494.3007822,-5.0,-5.0,0.0,0.0
98.419681134,1790241494.3037202,-5.0,-5.0,0.0,0.0
98.435684706,1790241494.3197837,-5.0,-5.0,0.0,0.0
98.43838424200001,1790241494.3223994,-5.0,-5.0,0.0,0.0
98.455147815,1790241494.3391576,-5.0,-5.0,0.0,0.0
98.457093235,1790241494.3410637,-5.0,-5.0,0.0,0.0
98.47614009300001,1790241494.3602138,-5.0,-5.0,0.0,0.0
98.478793327,1790241494.3628066,-5.0,-5.0,0.0,0.0
98.495950338,1790241494.380058,-5.0,-5.0,0.0,0.0
98.49901867700001,1790241494.383093,-5.0,-5.0,0.0,0.0
98.515059332,1790241494.399059,-5.0,-5.0,0.0,0.0
98.51657746000001,1790241494.4005136,-5.0,-5.0,0.0,0.0
98.53632734,1790241494.4204009,-5.0,-5.0,0.0,0.0
98.53898750100001,1790241494.4230013,-5.0,-5.0,0.0,0.0
98.55626399200001,1790241494.4404066,-5.0,-5.0,0.0,0.0
98.559823842,1790241494.4439237,-5.0,-5.0,0.0,0.0
98.574894599,1790241494.4588962,-5.0,-5.0,0.0,0.0
98.57638595600001,1790241494.4603195,-5.0,-5.0,0.14,0.28
98.59638708700001,1790241494.480482,-5.0,-5.0,0.14,0.14
98.599126623,1790241494.4831586,-5.0,-5.0,0.14,0.421
98.616148009,1790241494.5002222,-5.0,-5.0,0.14,0.28
98.61881139900001,1790241494.5028648,-5.0,-5.0,0.28,0.421
98.63594419100001,1790241494.5200489,-5.0,-5.0,0.14,0.14
98.638971384,1790241494.5230281,-5.0,-5.0,0.28,0.421
98.656406,1790241494.5405662,-5.0,-5.0,0.14,0.28
98.659996632,1790241494.544071,-5.0,-5.0,0.14,0.28
98.67488442000001,1790241494.5588996,-5.0,-5.0,0.0,0.14
98.67639161000001,1790241494.560324,-5.0,-5.0,0.0,0.28
98.69657310500001,1790241494.5808053,-5.0,-5.0,0.0,0.14
98.699655038,1790241494.5837157,-5.0,-5.0,0.0,0.0
98.71569303700001,1790241494.5997753,-5.0,-5.0,0.0,0.0
98.718395802,1790241494.6024668,-5.0,-5.0,0.0,0.0
98.73519520800001,1790241494.6192114,-5.0,-5.0,0.0,0.0
98.737168233,1790241494.621169,-5.0,-5.0,0.0,0.0
98.75613181,1790241494.6402032,-5.0,-5.0,0.0,0.0
98.758801242,1790241494.6428523,-5.0,-5.0,0.0,0.0
98.775911742,1790241494.6600356,-5.0,-5.0,0.0,0.0
98.778997164,1790241494.663061,-5.0,-5.0,0.0,0.0
98.794910579,1790241494.678918,-5.0,-5.0,0.0,0.0
98.796434176,1790241494.680374,-5.0,-5.0,0.0,0.0
98.81657999400001,1790241494.7008042,-5.0,-5.0,0.0,0.0
98.81965369800001,1790241494.7037163,-5.0,-5.0,0.0,0.0
98.835672946,1790241494.7197673,-5.0,-5.0,0.0,0.14
98.838386962,1790241494.722426,-5.0,-5.0,0.0,0.0
98.855203347,1790241494.7392418,-5.0,-5.0,0.0,0.14
98.857189445,1790241494.7411883,-5.0,-5.0,0.0,0.14
98.87614401100001,1790241494.7602367,-5.0,-5.0,0.0,0.14
98.878822974,1790241494.7628412,-5.0,-5.0,0.0,0.14
98.89650233,1790241494.780712,-5.0,-5.0,0.0,0.28
98.899564002,1790241494.7836397,-5.0,-5.0,0.0,0.14
98.914935645,1790241494.7989361,-5.0,-5.0,0.0,0.14
98.916448825,1790241494.8003957,-5.0,-5.0,0.0,0.0
98.93617058000001,1790241494.8202488,-5.0,-5.0,0.0,0.14
98.93883933500001,1790241494.8228896,-5.0,-5.0,0.0,0.14
98.95671811800001,1790241494.8408906,-5.0,-5.0,0.0,0.0
98.95973203000001,1790241494.8437967,-5.0,-5.0,0.0,0.14
98.975010548,1790241494.8590283,-5.0,-5.0,0.14,0.0
98.976615447,1790241494.8605707,-5.0,-5.0,0.0,0.14
98.996144285,1790241494.8802247,-5.0,-5.0,0.0,0.0
98.998809238,1790241494.8828268,-5.0,-5.0,0.0,0.14
99.01578937400001,1790241494.899893,-5.0,-5.0,0.0,0.14
99.01883786900001,1790241494.9028964,-5.0,-5.0,0.0,0.14
99.035032326,1790241494.9190416,-5.0,-5.0,0.0,0.14
99.036662277,1790241494.9206057,-5.0,-5.0,0.0,0.0
99.05619054200001,1790241494.9402652,-5.0,-5.0,0.14,0.0
99.058846797,1790241494.9428694,-5.0,-5.0,0.0,0.0
99.07659334,1790241494.9607916,-5.0,-5.0,0.0,0.0
99.07964959600001,1790241494.9637196,-5.0,-5.0,0.28,0.0
99.09577545900001,1790241494.9798539,-5.0,-5.0,0.14,0.14
99.09849036,1790241494.9825575,-5.0,-5.0,0.14,0.0
99.11523033900001,1790241494.9992485,-5.0,-5.0,0.14,0.0
99.117272947,1790241495.0012596,-5.0,-5.0,0.28,0.0
99.136128451,1790241495.0202239,-5.0,-5.0,0.14,0.0
99.138828039,1790241495.0228653,-5.0,-5.0,0.0,0.0
99.155988644,1790241495.0401094,-5.0,-5.0,0.14,0.0
99.159061514,1790241495.043107,-5.0,-5.0,0.0,0.0
99.17636389,1790241495.0605268,-5.0,-5.0,0.14,0.0
99.179941657,1790241495.0640178,-5.0,-5.0,0.0,0.0
99.194924966,1790241495.0789435,-5.0,-5.0,0.0,0.0
99.19644012500001,1790241495.080386,-5.0,-5.0,0.0,0.0
99.216588079,1790241495.100797,-5.0,-5.0,0.0,0.0
99.21967193900001,1790241495.103751,-5.0,-5.0,0.0,0.0
99.235694781,1790241495.1197915,-5.0,-5.0,0.0,0.0
99.238373119,1790241495.1224232,-5.0,-5.0,0.0,0.0
99.255171067,1790241495.1391945,-5.0,-5.0,0.0,0.0
99.25715685200001,1790241495.1411328,-5.0,-5.0,0.0,0.0
99.27611553300001,1790241495.1601937,-5.0,-5.0,0.0,0.0
99.278784392,1790241495.162821,-5.0,-5.0,0.0,0.0
99.295968955,1790241495.1800961,-5.0,-5.0,0.0,0.0
99.299173909,1790241495.183228,-5.0,-5.0,0.0,0.0
99.314879094,1790241495.198885,-5.0,-5.0,0.0,0.0
99.31638144,1790241495.2003274,-5.0,-5.0,0.0,0.0
99.33658356100001,1790241495.2208076,-5.0,-5.0,0.0,0.0
99.339646067,1790241495.2236812,-5.0,-5.0,0.0,0.0
99.355701253,1790241495.2397966,-5.0,-5.0,0.0,0.0
99.358375581,1790241495.242395,-5.0,-5.0,0.0,0.0
99.37515352800001,1790241495.2591863,-5.0,-5.0,0.0,0.0
99.377195095,1790241495.2612,-5.0,-5.0,0.0,0.0
99.396175807,1790241495.2802722,-5.0,-5.0,0.0,0.0
99.399098521,1790241495.283136,-5.0,-5.0,0.14,0.0
99.41594376,1790241495.300066,-5.0,-5.0,0.0,0.0
99.418988818,1790241495.303053,-5.0,-5.0,0.0,0.0
99.435018795,1790241495.3190353,-5.0,-5.0,0.0,0.0
99.43665218400001,1790241495.3205948,-5.0,-5.0,0.0,0.0
99.45611320900001,1790241495.3401892,-5.0,-5.0,0.0,0.0
99.458774829,1790241495.34281,-5.0,-5.0,0.0,0.0
99.47589704800001,1790241495.3600245,-5.0,-5.0,0.14,0.0
99.478986741,1790241495.363033,-5.0,-5.0,0.0,0.0
99.494996094,1790241495.37901,-5.0,-5.0,0.0,0.0
99.496602972,1790241495.3805463,-5.0,-5.0,0.28,0.14
99.516245404,1790241495.4003391,-5.0,-5.0,0.28,0.14
99.518956711,1790241495.4029782,-5.0,-5.0,0.14,0.14
99.535166168,1790241495.4191828,-5.0,-5.0,0.28,0.28
99.53714388,1790241495.421131,-5.0,-5.0,0.0,0.28
99.556141259,1790241495.4402194,-5.0,-5.0,0.0,0.421
99.55882959700001,1790241495.4428618,-5.0,-5.0,0.0,0.14
99.576510307,1790241495.460708,-5.0,-5.0,0.0,0.14
99.579656407,1790241495.4637241,-5.0,-5.0,0.0,0.14
99.595049665,1790241495.479072,-5.0,-5.0,0.0,0.0
99.596670188,1790241495.4806135,-5.0,-5.0,0.0,0.14
99.61613621400001,1790241495.5002124,-5.0,-5.0,0.0,0.0
99.61883804200001,1790241495.5028555,-5.0,-5.0,0.0,0.0
99.63656370000001,1790241495.520761,-5.0,-5.0,0.0,0.0
99.639617195,1790241495.5236545,-5.0,-5.0,0.0,0.0
99.65500847300001,1790241495.5390224,-5.0,-5.0,0.0,0.0
99.65660113300001,1790241495.5405426,-5.0,-5.0,0.0,0.0
99.676137002,1790241495.5602126,-5.0,-5.0,0.0,0.0
99.67878091300001,1790241495.5628154,-5.0,-5.0,0.0,0.14
99.696566832,1790241495.5807781,-5.0,-5.0,0.0,0.14
99.699718296,1790241495.5837648,-5.0,-5.0,0.0,0.14
99.71512915800001,1790241495.5991702,-5.0,-5.0,0.0,0.14
99.71699041100001,1790241495.6010327,-5.0,-5.0,0.0,0.14
99.73584877900001,1790241495.6199262,-5.0,-5.0,0.0,0.14
99.73822571100001,1790241495.622221,-5.0,-5.0,0.0,0.14
99.756086681,1790241495.6401887,-5.0,-5.0,0.0,0.14
99.75913976000001,1790241495.6432033,-5.0,-5.0,0.0,0.0
99.774884424,1790241495.658885,-5.0,-5.0,0.0,0.0
99.77639963600001,1790241495.6603339,-5.0,-5.0,0.0,0.0
99.79655035,1790241495.6807778,-5.0,-5.0,0.0,0.0
99.79962842900001,1790241495.6836874,-5.0,-5.0,0.0,0.0
99.81562825,1790241495.6997087,-5.0,-5.0,0.0,0.0
99.81830664,1790241495.7023427,-5.0,-5.0,0.0,0.0
99.83514943200001,1790241495.7191916,-5.0,-5.0,0.0,0.0
99.83712605000001,1790241495.7211273,-5.0,-5.0,0.0,0.0
99.856122544,1790241495.7401962,-5.0,-5.0,0.0,0.0
99.85876567300001,1790241495.7427816,-5.0,-5.0,0.0,0.0
99.876103414,1790241495.7602086,-5.0,-5.0,0.0,0.0
99.879209305,1790241495.7632809,-5.0,-5.0,0.0,0.0
99.89496574,1790241495.7789662,-5.0,-5.0,0.0,0.0
99.896482097,1790241495.7804184,-5.0,-5.0,0.0,0.0
99.916267551,1790241495.800353,-5.0,-5.0,0.0,0.0
99.918988493,1790241495.8030534,-5.0,-5.0,0.0,0.0
99.936119046,1790241495.8202274,-5.0,-5.0,0.0,0.0
99.93923316600001,1790241495.8233278,-5.0,-5.0,0.0,0.0
99.955025018,1790241495.8390217,-5.0,-5.0,0.0,0.0
99.95652549,1790241495.840461,-5.0,-5.0,0.0,0.0
99.976567089,1790241495.860771,-5.0,-5.0,0.0,0.0
99.97963011600001,1790241495.863685,-5.0,-5.0,0.0,0.0
99.99591499,1790241495.8800464,-5.0,-5.0,0.0,0.0
99.99900551600001,1790241495.8830478,-5.0,-5.0,0.0,0.0
100.015014296,1790241495.899032,-5.0,-5.0,0.0,0.0
100.016727164,1790241495.900903,-5.0,-5.0,0.0,0.0
100.03616449100001,1790241495.9202418,-5.0,-5.0,0.0,0.0
100.03882069400001,1790241495.9228377,-5.0,-5.0,0.0,0.0
100.055377964,1790241495.9394126,-5.0,-5.0,0.0,0.0
100.05754281200001,1790241495.9415274,-5.0,-5.0,0.0,0.0
100.07612482600001,1790241495.9601982,-5.0,-5.0,0.0,0.0
100.078798112,1790241495.962832,-5.0,-5.0,0.0,0.0
100.096560749,1790241495.9807463,-5.0,-5.0,0.0,0.0
100.09963018200001,1790241495.983666,-5.0,-5.0,0.0,0.0
100.115020262,1790241495.999028,-5.0,-5.0,0.0,0.0
100.116628911,1790241496.0005736,-5.0,-5.0,0.0,0.0
100.13613327,1790241496.0202315,-5.0,-5.0,0.0,0.0
100.138859681,1790241496.0228977,-5.0,-5.0,0.0,0.0
100.156607006,1790241496.040783,-5.0,-5.0,0.0,0.0
100.15966445900001,1790241496.0437047,-5.0,-5.0,0.0,0.0
100.17501490400001,1790241496.0590336,-5.0,-5.0,0.0,0.0
100.17662574100001,1790241496.0605671,-5.0,-5.0,0.0,0.0
100.19614353700001,1790241496.0802343,-5.0,-5.0,0.0,0.0
100.198824011,1790241496.0828445,-5.0,-5.0,0.0,0.0
100.21658019,1790241496.1007884,-5.0,-5.0,0.0,0.0
100.219747279,1790241496.1037989,-5.0,-5.0,0.0,0.0
100.235039078,1790241496.1190574,-5.0,-5.0,0.0,0.0
100.23665486200001,1790241496.1205952,-5.0,-5.0,0.0,0.14
100.256137867,1790241496.1402094,-5.0,-5.0,0.0,0.0
100.25878808,1790241496.1428034,-5.0,-5.0,0.0,0.0
100.276590822,1790241496.160774,-5.0,-5.0,0.0,0.0
100.27964864,1790241496.1636877,-5.0,-5.0,0.0,0.0
100.295021324,1790241496.1790385,-5.0,-5.0,0.0,0.0
100.296624713,1790241496.1805658,-5.0,-5.0,0.0,0.0
100.316234541,1790241496.2003162,-5.0,-5.0,0.0,0.0
100.31892157700001,1790241496.202962,-5.0,-5.0,0.0,0.0
100.336609526,1790241496.2208242,-5.0,-5.0,0.0,0.0
100.339747865,1790241496.2238255,-5.0,-5.0,0.0,0.0
100.35507315400001,1790241496.2390802,-5.0,-5.0,0.0,0.0
100.35670633400001,1790241496.240875,-5.0,-5.0,0.0,0.0
100.37612991200001,1790241496.2602246,-5.0,-5.0,0.0,0.0
100.37884121900001,1790241496.2628891,-5.0,-5.0,0.0,0.0
100.39664276200001,1790241496.280829,-5.0,-5.0,0.0,0.0
100.39970740300001,1790241496.2837453,-5.0,-5.0,0.0,0.0
100.41501373400001,1790241496.2990296,-5.0,-5.0,0.0,0.0
100.41662649700001,1790241496.300568,-5.0,-5.0,0.0,0.0
100.436159085,1790241496.3202398,-5.0,-5.0,0.0,0.0
100.43914268500001,1790241496.3233151,-5.0,-5.0,0.0,0.0
100.45605073700001,1790241496.3401296,-5.0,-5.0,0.0,0.0
100.458760794,1790241496.3427868,-5.0,-5.0,0.0,0.0
100.47519280300001,1790241496.3592138,-5.0,-5.0,0.0,0.0
100.47719744300001,1790241496.3611846,-5.0,-5.0,0.0,0.0
100.49615518600001,1790241496.3802326,-5.0,-5.0,0.0,0.0
100.49882342000001,1790241496.382884,-5.0,-5.0,0.0,0.0
100.516902204,1790241496.401018,-5.0,-5.0,0.0,0.0
100.51989788600001,1790241496.40394,-5.0,-5.0,0.0,0.0
100.535032341,1790241496.4190414,-5.0,-5.0,0.0,0.0
100.536648021,1790241496.420591,-5.0,-5.0,0.0,0.0
100.556612173,1790241496.440839,-5.0,-5.0,0.0,0.0
100.56041514900001,1790241496.4445062,-5.0,-5.0,0.0,0.0
100.562842601,1790241496.446839,-5.0,-5.0,0.0,0.0
100.57557382200001,1790241496.459628,-5.0,-5.0,0.0,0.0
100.59668261200001,1790241496.4809375,-5.0,-5.0,0.0,0.0
100.60026668100001,1790241496.4843597,-5.0,-5.0,0.0,0.0
100.60383002100001,1790241496.487924,-5.0,-5.0,0.0,0.0
100.61484613500001,1790241496.4988406,-5.0,-5.0,0.0,0.0
100.63749721800001,1790241496.5216591,-5.0,-5.0,0.0,0.0
100.64126368400001,1790241496.525364,-5.0,-5.0,0.0,0.0
100.64358936500001,1790241496.5275614,-5.0,-5.0,0.0,0.0
100.65533844900001,1790241496.5393941,-5.0,-5.0,0.0,0.0
100.67552853900001,1790241496.5595703,-5.0,-5.0,0.0,0.0
100.677914533,1790241496.5619326,-5.0,-5.0,0.0,0.0
100.69577232600001,1790241496.5798495,-5.0,-5.0,0.0,0.0
100.698152851,1790241496.5821476,-5.0,-5.0,0.0,0.0
100.71666288600001,1790241496.6008208,-5.0,-5.0,0.0,0.0
100.719669349,1790241496.6037326,-5.0,-5.0,0.0,0.0
100.73502989900001,1790241496.6190457,-5.0,-5.0,0.0,0.0
100.73665360000001,1790241496.6205976,-5.0,-5.0,0.0,0.0
100.75633561500001,1790241496.640426,-5.0,-5.0,0.0,0.0
100.758966974,1790241496.6430182,-5.0,-5.0,0.0,0.0
100.776117475,1790241496.6601915,-5.0,-5.0,0.0,0.0
100.77881857300001,1790241496.6628513,-5.0,-5.0,0.0,0.0
100.79589240700001,1790241496.6800194,-5.0,-5.0,0.0,0.0
100.798966944,1790241496.683014,-5.0,-5.0,0.0,0.0
100.815012963,1790241496.69905,-5.0,-5.0,0.0,0.0
100.816640727,1790241496.7005835,-5.0,-5.0,0.0,0.0
100.836146909,1790241496.720221,-5.0,-5.0,0.0,0.0
100.838823632,1790241496.7228749,-5.0,-5.0,0.0,0.0
100.85590981,1790241496.7400312,-5.0,-5.0,0.0,0.0
100.858955284,1790241496.7430007,-5.0,-5.0,0.0,0.0
100.874992293,1790241496.758997,-5.0,-5.0,0.0,0.0
100.87659224400001,1790241496.7605352,-5.0,-5.0,0.0,0.0
100.896173843,1790241496.7802517,-5.0,-5.0,0.0,0.0
100.89887692,1790241496.782944,-5.0,-5.0,0.0,0.0
100.916231796,1790241496.8003547,-5.0,-5.0,0.0,0.0
100.919291281,1790241496.8033419,-5.0,-5.0,0.0,0.0
100.934894435,1790241496.8188908,-5.0,-5.0,0.0,0.0
100.936405115,1790241496.820341,-5.0,-5.0,0.0,0.0
100.95669458,1790241496.8409312,-5.0,-5.0,0.0,0.0
100.95982495000001,1790241496.8438857,-5.0,-5.0,0.0,0.0
100.96294407,1790241496.846947,-5.0,-5.0,0.0,0.0
100.975434979,1790241496.8595102,-5.0,-5.0,0.0,0.0
100.99556475600001,1790241496.8796072,-5.0,-5.0,0.14,0.0
100.99793173900001,1790241496.8819468,-5.0,-5.0,0.0,0.14
101.01579323,1790241496.8998508,-5.0,-5.0,0.14,0.14
101.018199381,1790241496.9022152,-5.0,-5.0,0.14,0.28
101.035342485,1790241496.919383,-5.0,-5.0,0.14,0.28
101.03753743700001,1790241496.9215248,-5.0,-5.0,0.14,0.28
101.05580840900001,1790241496.9398782,-5.0,-5.0,0.14,0.28
101.05822169400001,1790241496.9422286,-5.0,-5.0,0.28,0.14
101.07716006300001,1790241496.961348,-5.0,-5.0,0.14,0.14
101.080479288,1790241496.9645524,-5.0,-5.0,0.0,0.14
101.083541741,1790241496.9676106,-5.0,-5.0,0.0,0.14
101.09512046100001,1790241496.9791389,-5.0,-5.0,0.0,0.0
101.116638886,1790241497.0008488,-5.0,-5.0,0.0,0.14
101.11975107900001,1790241497.003792,-5.0,-5.0,0.0,0.0
101.136124859,1790241497.0202024,-5.0,-5.0,0.0,0.0
101.138789395,1790241497.0228312,-5.0,-5.0,0.0,0.0
101.156252084,1790241497.0403888,-5.0,-5.0,0.0,0.0
101.15986985100001,1790241497.043952,-5.0,-5.0,0.0,0.0
101.16350491,1790241497.0476012,-5.0,-5.0,0.0,0.0
101.174831493,1790241497.0588267,-5.0,-5.0,0.0,0.14
101.197247785,1790241497.08146,-5.0,-5.0,0.0,0.0
101.200851385,1790241497.0849552,-5.0,-5.0,0.0,0.0
101.20322128500001,1790241497.0871909,-5.0,-5.0,0.0,0.0
101.21558677700001,1790241497.0996327,-5.0,-5.0,0.0,0.0
101.235843325,1790241497.1199367,-5.0,-5.0,0.0,0.14
101.23841619400001,1790241497.1224296,-5.0,-5.0,0.0,0.0
101.25576528900001,1790241497.1398218,-5.0,-5.0,0.0,0.14
101.25813060600001,1790241497.14214,-5.0,-5.0,0.0,0.0
101.277244808,1790241497.1614316,-5.0,-5.0,0.0,0.0
101.28092616900001,1790241497.1650405,-5.0,-5.0,0.0,0.0
101.28435742500001,1790241497.168469,-5.0,-5.0,0.0,0.14
101.29497244500001,1790241497.1789942,-5.0,-5.0,0.0,0.0
101.31722660000001,1790241497.2013917,-5.0,-5.0,0.0,0.0
101.32068676300001,1790241497.2051976,-5.0,-5.0,0.0,0.0
101.323563487,1790241497.2075298,-5.0,-5.0,0.0,0.0
101.335531634,1790241497.2195868,-5.0,-5.0,0.0,0.0
101.356119641,1790241497.240193,-5.0,-5.0,0.0,0.0
101.358761521,1790241497.2427933,-5.0,-5.0,0.0,0.0
101.375902178,1790241497.2600286,-5.0,-5.0,0.0,0.0
101.379048538,1790241497.2631066,-5.0,-5.0,0.0,0.0
101.394927994,1790241497.2789266,-5.0,-5.0,0.0,0.0
101.39644159100001,1790241497.2803757,-5.0,-5.0,0.0,0.0
101.41659376300001,1790241497.300792,-5.0,-5.0,0.0,0.0
101.41964455,1790241497.3037035,-5.0,-5.0,0.0,0.0
101.435899632,1790241497.3200047,-5.0,-5.0,0.0,0.0
101.43894224200001,1790241497.3230095,-5.0,-5.0,0.0,0.0
101.45500623000001,1790241497.3390224,-5.0,-5.0,0.0,0.0
101.456616494,1790241497.340567,-5.0,-5.0,0.0,0.0
101.47612595700001,1790241497.3602161,-5.0,-5.0,0.0,0.0
101.478864087,1790241497.3628845,-5.0,-5.0,0.0,0.0
101.49620021300001,1790241497.3803425,-5.0,-5.0,0.0,0.0
101.49975428200001,1790241497.3838704,-5.0,-5.0,0.0,0.0
101.515070143,1790241497.3990695,-5.0,-5.0,0.0,0.0
101.516575406,1790241497.4005098,-5.0,-5.0,0.0,0.0
101.53630966200001,1790241497.4203887,-5.0,-5.0,0.0,0.0
101.539007792,1790241497.423043,-5.0,-5.0,0.0,0.0
101.556113552,1790241497.4402819,-5.0,-5.0,0.0,0.0
101.559646111,1790241497.44377,-5.0,-5.0,0.0,0.0
101.57489780600001,1790241497.4589074,-5.0,-5.0,0.0,0.0
101.57639937100001,1790241497.4603357,-5.0,-5.0,0.0,0.0
101.59598867800001,1790241497.4800766,-5.0,-5.0,0.0,0.0
101.59844092200001,1790241497.4824693,-5.0,-5.0,0.0,0.0
101.61659402900001,1790241497.50082,-5.0,-5.0,0.0,0.0
101.619738462,1790241497.5038161,-5.0,-5.0,0.0,0.0
101.63565729300001,1790241497.5197346,-5.0,-5.0,0.0,0.0
101.63833130900001,1790241497.5223482,-5.0,-5.0,0.0,0.0
101.655177017,1790241497.5392075,-5.0,-5.0,0.0,0.0
101.65715311400001,1790241497.5411525,-5.0,-5.0,0.0,0.0
101.676107785,1790241497.5601838,-5.0,-5.0,0.0,0.0
101.678789404,1790241497.5628324,-5.0,-5.0,0.0,0.0
101.69593532100001,1790241497.5800622,-5.0,-5.0,0.0,0.0
101.69895985800001,1790241497.583027,-5.0,-5.0,0.0,0.0
101.714913429,1790241497.59892,-5.0,-5.0,0.0,0.0
101.71738114200001,1790241497.6014652,-5.0,-5.0,0.0,0.0
101.735308207,1790241497.6193364,-5.0,-5.0,0.0,0.0
101.73748560700001,1790241497.621472,-5.0,-5.0,0.0,0.0
101.75613991200001,1790241497.6402285,-5.0,-5.0,0.0,0.0
101.758808615,1790241497.642821,-5.0,-5.0,0.0,0.0
101.776553335,1790241497.66075,-5.0,-5.0,0.0,0.0
101.779612559,1790241497.6636548,-5.0,-5.0,0.0,0.0
101.795020452,1790241497.6790245,-5.0,-5.0,0.0,0.0
101.796614362,1790241497.680555,-5.0,-5.0,0.0,0.0
101.816121116,1790241497.7002125,-5.0,-5.0,0.0,0.0
101.81880633,1790241497.7028432,-5.0,-5.0,0.0,0.0
101.836556571,1790241497.7207615,-5.0,-5.0,0.0,0.0
101.839616785,1790241497.7236545,-5.0,-5.0,0.0,0.0
101.85503275100001,1790241497.739053,-5.0,-5.0,0.0,0.0
101.856648848,1790241497.740592,-5.0,-5.0,0.0,0.0
101.876127686,1790241497.760223,-5.0,-5.0,0.0,0.0
101.87884503500001,1790241497.7628665,-5.0,-5.0,0.0,0.0
101.895960379,1790241497.7800708,-5.0,-5.0,0.0,0.0
101.89903897800001,1790241497.7830813,-5.0,-5.0,0.0,0.0
101.91638265600001,1790241497.800546,-5.0,-5.0,0.0,0.0
101.919941256,1790241497.8040364,-5.0,-5.0,0.0,0.0
101.92379907600001,1790241497.8079224,-5.0,-5.0,0.0,0.0
101.934862534,1790241497.81888,-5.0,-5.0,0.0,0.0
101.957274607,1790241497.841463,-5.0,-5.0,0.0,0.0
101.960693988,1790241497.8452349,-5.0,-5.0,0.0,0.0
101.96358008700001,1790241497.8475647,-5.0,-5.0,0.0,0.0
101.97551635900001,1790241497.859565,-5.0,-5.0,0.0,0.0
101.996144887,1790241497.8802433,-5.0,-5.0,0.0,0.0
101.99883864200001,1790241497.8828886,-5.0,-5.0,0.0,0.0
102.01594877800001,1790241497.9000585,-5.0,-5.0,0.0,0.0
102.01907946,1790241497.9031763,-5.0,-5.0,0.0,0.0
102.03492792700001,1790241497.9189293,-5.0,-5.0,0.0,0.0
102.03643798200001,1790241497.9203768,-5.0,-5.0,0.0,0.0
102.05622010200001,1790241497.9403143,-5.0,-5.0,0.0,0.0
102.058903388,1790241497.9429479,-5.0,-5.0,0.0,0.0
102.076017222,1790241497.9601405,-5.0,-5.0,0.0,0.0
102.079084103,1790241497.9631255,-5.0,-5.0,0.0,0.0
102.09498980900001,1790241497.9789925,-5.0,-5.0,0.0,0.0
102.096500229,1790241497.980435,-5.0,-5.0,0.0,0.0
102.116584641,1790241498.0007892,-5.0,-5.0,0.0,0.0
102.11969428200001,1790241498.0037549,-5.0,-5.0,0.0,0.0
102.13503092500001,1790241498.0190415,-5.0,-5.0,0.0,0.0
102.13663728200001,1790241498.0205894,-5.0,-5.0,0.0,0.0
102.15611664100001,1790241498.040212,-5.0,-5.0,0.0,0.0
102.158789458,1790241498.0428228,-5.0,-5.0,0.0,0.0
102.176551106,1790241498.0607345,-5.0,-5.0,0.0,0.0
102.17960236100001,1790241498.063657,-5.0,-5.0,0.0,0.0
102.19505843200001,1790241498.0790675,-5.0,-5.0,0.0,0.0
102.196663122,1790241498.0806167,-5.0,-5.0,0.0,0.0
102.216120606,1790241498.100202,-5.0,-5.0,0.0,0.0
102.218801861,1790241498.1028416,-5.0,-5.0,0.0,0.0
102.23616069500001,1790241498.1202726,-5.0,-5.0,0.0,0.0
102.23885497100001,1790241498.1228743,-5.0,-5.0,0.0,0.0
102.256108909,1790241498.140339,-5.0,-5.0,0.0,0.0
102.25974704100001,1790241498.1438296,-5.0,-5.0,0.0,0.0
102.274888996,1790241498.1588848,-5.0,-5.0,0.0,0.0
102.276389988,1790241498.160335,-5.0,-5.0,0.0,0.0
102.296576848,1790241498.1807752,-5.0,-5.0,0.0,0.0
102.299653312,1790241498.1837177,-5.0,-5.0,0.0,0.0
102.31503922600001,1790241498.1990464,-5.0,-5.0,0.0,0.0
102.316646313,1790241498.2005982,-5.0,-5.0,0.0,0.0
102.33612614,1790241498.2202134,-5.0,-5.0,0.0,0.0
102.33879703100001,1790241498.2232347,-5.0,-5.0,0.0,0.0
102.35659524,1790241498.2407923,-5.0,-5.0,0.0,0.0
102.359672434,1790241498.243731,-5.0,-5.0,0.0,0.0
102.37499907700001,1790241498.2590296,-5.0,-5.0,0.0,0.0
102.376620277,1790241498.2605605,-5.0,-5.0,0.0,0.0
102.396172605,1790241498.2802684,-5.0,-5.0,0.0,0.0
102.398845944,1790241498.2828937,-5.0,-5.0,0.0,0.0
102.416049986,1790241498.3001614,-5.0,-5.0,0.0,0.0
102.419092491,1790241498.3031592,-5.0,-5.0,0.0,0.0
102.434919448,1790241498.3189187,-5.0,-5.0,0.0,0.0
102.436438201,1790241498.3203735,-5.0,-5.0,0.0,0.0
102.456158497,1790241498.340255,-5.0,-5.0,0.0,0.0
102.458852148,1790241498.3428998,-5.0,-5.0,0.0,0.0
102.47604817000001,1790241498.360169,-5.0,-5.0,0.0,0.0
102.479082758,1790241498.3631423,-5.0,-5.0,0.0,0.0
102.494882371,1790241498.3788838,-5.0,-5.0,0.0,0.0
102.49640091600001,1790241498.3803353,-5.0,-5.0,0.0,0.0
102.516718713,1790241498.400951,-5.0,-5.0,0.0,0.0
102.519801688,1790241498.4038389,-5.0,-5.0,0.0,0.0
102.535030206,1790241498.4190512,-5.0,-5.0,0.0,0.0
102.536647813,1790241498.420587,-5.0,-5.0,0.0,0.0
102.556166078,1790241498.4402442,-5.0,-5.0,0.0,0.0
102.55884926,1790241498.4428694,-5.0,-5.0,0.0,0.0
102.576563616,1790241498.4608254,-5.0,-5.0,0.0,0.0
102.579746486,1790241498.4637995,-5.0,-5.0,0.0,0.0
102.595045264,1790241498.479052,-5.0,-5.0,0.0,0.0
102.59665328800001,1790241498.4805932,-5.0,-5.0,0.0,0.0
102.616143949,1790241498.5002406,-5.0,-5.0,0.0,0.0
102.61882530800001,1790241498.5028398,-5.0,-5.0,0.0,0.0
102.63657466400001,1790241498.5207734,-5.0,-5.0,0.0,0.0
102.639629305,1790241498.5236871,-5.0,-5.0,0.0,0.0
102.655022302,1790241498.5390327,-5.0,-5.0,0.0,0.0
102.65663011800001,1790241498.540572,-5.0,-5.0,0.0,0.0
102.67613103900001,1790241498.5602055,-5.0,-5.0,0.0,0.0
102.678797867,1790241498.56283,-5.0,-5.0,0.0,0.0
102.696582379,1790241498.580787,-5.0,-5.0,0.0,0.0
102.69965202,1790241498.583686,-5.0,-5.0,0.0,0.0
102.715020486,1790241498.5991197,-5.0,-5.0,0.0,0.0
102.71806971100001,1790241498.6021538,-5.0,-5.0,0.0,0.0
102.73516698200001,1790241498.6191924,-5.0,-5.0,0.0,0.0
102.737148808,1790241498.6211367,-5.0,-5.0,0.0,0.0
102.756143166,1790241498.6402407,-5.0,-5.0,0.0,0.0
102.75884608800001,1790241498.6428988,-5.0,-5.0,0.14,0.14
102.77513710800001,1790241498.6591616,-5.0,-5.0,0.14,0.14
102.77710653800001,1790241498.6610935,-5.0,-5.0,0.14,0.14
102.796142251,1790241498.680216,-5.0,-5.0,0.0,0.14
102.798788662,1790241498.6828258,-5.0,-5.0,0.14,0.0
102.815883537,1790241498.7000077,-5.0,-5.0,0.0,0.14
102.81894781400001,1790241498.7029908,-5.0,-5.0,0.14,0.14
102.83499398900001,1790241498.7190099,-5.0,-5.0,0.0,0.0
102.836601961,1790241498.7205417,-5.0,-5.0,0.0,0.14
102.85615793400001,1790241498.7402353,-5.0,-5.0,0.0,0.28
102.858838356,1790241498.7429113,-5.0,-5.0,0.14,0.14
102.87591578300001,1790241498.7600465,-5.0,-5.0,0.0,0.14
102.878953654,1790241498.7629972,-5.0,-5.0,0.0,0.0
102.89502566300001,1790241498.7790952,-5.0,-5.0,0.0,0.14
102.896704364,1790241498.7808697,-5.0,-5.0,0.0,0.0
102.91610429500001,1790241498.8002045,-5.0,-5.0,0.14,0.0
102.91877029000001,1790241498.8028228,-5.0,-5.0,0.0,0.0
102.935931936,1790241498.8200567,-5.0,-5.0,0.0,0.0
102.93901001500001,1790241498.8230731,-5.0,-5.0,0.14,0.0
102.95493634600001,1790241498.8389447,-5.0,-5.0,0.0,0.0
102.957985831,1790241498.8420677,-5.0,-5.0,0.0,0.14
102.975175863,1790241498.8591964,-5.0,-5.0,0.0,0.0
102.97715560600001,1790241498.861142,-5.0,-5.0,0.14,0.28
102.99611887,1790241498.880213,-5.0,-5.0,0.14,0.28
102.998825698,1790241498.8828661,-5.0,-5.0,0.14,0.421
103.015950782,1790241498.9000819,-5.0,-5.0,0.0,0.421
103.019024485,1790241498.9030664,-5.0,-5.0,0.0,0.28
103.03501545200001,1790241498.9190514,-5.0,-5.0,0.0,0.14
103.036652383,1790241498.9206033,-5.0,-5.0,0.0,0.28
103.056171637,1790241498.9402485,-5.0,-5.0,0.0,0.14
103.058831278,1790241498.9428728,-5.0,-5.0,0.0,0.14
103.076057507,1790241498.9601607,-5.0,-5.0,0.0,0.14
103.079126419,1790241498.9631894,-5.0,-5.0,0.0,0.14
103.09488691700001,1790241498.978888,-5.0,-5.0,0.0,0.0
103.09640499300001,1790241498.980343,-5.0,-5.0,0.0,0.0
103.11617784200001,1790241499.000274,-5.0,-5.0,0.0,0.0
103.118843732,1790241499.0028615,-5.0,-5.0,0.0,0.0
103.13605407700001,1790241499.0201652,-5.0,-5.0,0.0,0.0
103.13912653000001,1790241499.0231886,-5.0,-5.0,0.0,0.0
103.15489458,1790241499.0389044,-5.0,-5.0,0.0,0.0
103.15639973900001,1790241499.0403445,-5.0,-5.0,0.0,0.0
103.17659758900001,1790241499.060782,-5.0,-5.0,0.0,0.0
103.179665928,1790241499.0637045,-5.0,-5.0,0.0,0.0
103.195018456,1790241499.079037,-5.0,-5.0,0.0,0.0
103.19663887600001,1790241499.0805986,-5.0,-5.0,0.0,0.0
103.216159902,1790241499.1002672,-5.0,-5.0,0.0,0.0
103.218843084,1790241499.1028645,-5.0,-5.0,0.0,0.0
103.23663066900001,1790241499.1208286,-5.0,-5.0,0.0,0.0
103.239720831,1790241499.1237621,-5.0,-5.0,0.0,0.0
103.255032005,1790241499.1390417,-5.0,-5.0,0.0,0.0
103.25663669500001,1790241499.1405892,-5.0,-5.0,0.0,0.0
103.27615490800001,1790241499.1602273,-5.0,-5.0,0.0,0.0
103.278839653,1790241499.16286,-5.0,-5.0,0.0,0.0
103.296546508,1790241499.1807492,-5.0,-5.0,0.0,0.0
103.29964432700001,1790241499.1837008,-5.0,-5.0,0.0,0.0
103.31503393800001,1790241499.1990438,-5.0,-5.0,0.0,0.0
103.31665456600001,1790241499.2006092,-5.0,-5.0,0.0,0.0
103.336165957,1790241499.2202632,-5.0,-5.0,0.0,0.0
103.33884601400001,1790241499.2228634,-5.0,-5.0,0.0,0.0
103.356550838,1790241499.2407541,-5.0,-5.0,0.0,0.0
103.359651885,1790241499.24369,-5.0,-5.0,0.0,0.0
103.37501707000001,1790241499.2590322,-5.0,-5.0,0.0,0.0
103.376619833,1790241499.2605584,-5.0,-5.0,0.0,0.0
103.396187057,1790241499.2802787,-5.0,-5.0,0.0,0.0
103.398876645,1790241499.282894,-5.0,-5.0,0.0,0.0
103.416571574,1790241499.3007827,-5.0,-5.0,0.0,0.0
103.419646111,1790241499.3037035,-5.0,-5.0,0.0,0.0
103.435029473,1790241499.3190494,-5.0,-5.0,0.0,0.0
103.436648538,1790241499.3205876,-5.0,-5.0,0.0,0.0
103.456389668,1790241499.34047,-5.0,-5.0,0.0,0.0
103.459034934,1790241499.3430676,-5.0,-5.0,0.0,0.0
103.475889131,1790241499.3600101,-5.0,-5.0,0.0,0.0
103.478983825,1790241499.3630302,-5.0,-5.0,0.0,0.0
103.496362503,1790241499.3805258,-5.0,-5.0,0.0,0.0
103.499917561,1790241499.3840132,-5.0,-5.0,0.0,0.0
103.50362861,1790241499.3877661,-5.0,-5.0,0.0,0.0
103.514815818,1790241499.3988278,-5.0,-5.0,0.0,0.0
103.53722320300001,1790241499.4214067,-5.0,-5.0,0.0,0.0
103.54091878300001,1790241499.4250202,-5.0,-5.0,0.0,0.0
103.543267537,1790241499.427232,-5.0,-5.0,0.0,0.0
103.555513601,1790241499.4395664,-5.0,-5.0,0.0,0.0
103.57611426400001,1790241499.460187,-5.0,-5.0,0.0,0.0
103.57877510300001,1790241499.4628234,-5.0,-5.0,0.0,0.0
103.59604081200001,1790241499.4801693,-5.0,-5.0,0.0,0.0
103.599124724,1790241499.4831722,-5.0,-5.0,0.0,0.0
103.62552258500001,1790241499.5096262,5.0,5.0,0.0,0.0
103.62767430800001,1790241499.511626,5.0,5.0,0.0,0.0
103.62941420700001,1790241499.5134375,5.0,5.0,0.0,0.0
103.63481505,1790241499.518815,5.0,5.0,0.0,0.0
103.65749321700001,1790241499.541699,5.0,5.0,0.14,0.14
103.661351713,1790241499.5454772,5.0,5.0,0.421,0.561
103.66365109300001,1790241499.547622,5.0,5.0,0.841,0.701
103.675336114,1790241499.5593982,5.0,5.0,1.402,1.543
103.69615334000001,1790241499.580248,5.0,5.0,1.683,1.963
103.698851418,1790241499.5828893,5.0,5.0,2.244,2.665
103.716186242,1790241499.600357,5.0,5.0,2.665,3.085
103.719759009,1790241499.603882,5.0,5.0,3.226,3.787
103.73494101600001,1790241499.6189494,5.0,5.0,3.646,4.348
103.736446279,1790241499.6203887,5.0,5.0,3.927,4.488
103.75659610800001,1790241499.640809,5.0,5.0,4.067,4.909
103.759711687,1790241499.6437528,5.0,5.0,4.488,5.329
103.77503728800001,1790241499.6590443,5.0,5.0,4.768,5.189
103.776678124,1790241499.6606197,5.0,5.0,4.909,5.47
103.796168369,1790241499.6802611,5.0,5.0,4.909,5.61
103.798857905,1790241499.682895,5.0,5.0,5.329,5.61
103.816603979,1790241499.700826,5.0,5.0,5.189,5.61
103.81971711000001,1790241499.7037563,5.0,5.0,5.049,5.75
103.835033545,1790241499.7190504,5.0,5.0,5.329,5.47
103.83669370400001,1790241499.720878,5.0,5.0,5.329,5.47
103.85614379200001,1790241499.7402241,5.0,5.0,5.189,5.61
103.858871557,1790241499.7428918,5.0,5.0,5.329,5.329
103.876564246,1790241499.7607803,5.0,5.0,5.189,5.329
103.87966680400001,1790241499.7637026,5.0,5.0,5.049,5.189
103.89506948900001,1790241499.7790806,5.0,5.0,5.329,5.049
103.89667574200001,1790241499.7806172,5.0,5.0,5.049,4.909
103.91610708,1790241499.800202,5.0,5.0,4.909,5.049
103.91881750200001,1790241499.8028414,5.0,5.0,5.189,4.628
103.935977585,1790241499.8201056,5.0,5.0,5.049,4.768
103.93915498700001,1790241499.8232374,5.0,5.0,4.909,4.628
103.954929547,1790241499.838955,5.0,5.0,4.909,4.348
103.956626634,1790241499.8408003,5.0,5.0,4.909,4.207
103.97583416900001,1790241499.8599052,5.0,5.0,4.628,4.207
103.978212872,1790241499.8622117,5.0,5.0,4.768,3.927
103.996484312,1790241499.8807466,5.0,5.0,4.768,3.787
104.000081402,1790241499.884159,5.0,5.0,4.488,3.787
104.014898981,1790241499.898912,5.0,5.0,4.348,4.067
104.016403463,1790241499.900337,5.0,5.0,4.628,4.067
104.036598552,1790241499.9208224,5.0,5.0,4.488,4.488
104.03968236,1790241499.9237196,5.0,5.0,4.348,4.768
104.055722754,1790241499.9398043,5.0,5.0,4.488,5.049
104.058404322,1790241499.94244,5.0,5.0,4.488,5.049
104.075358468,1790241499.9593778,5.0,5.0,4.348,5.329
104.07742607600001,1790241499.9614022,5.0,5.0,4.348,5.47
104.09623949600001,1790241499.980317,5.0,5.0,4.768,5.329
104.098869761,1790241499.9828894,5.0,5.0,4.488,5.329
104.116280731,1790241500.000446,5.0,5.0,4.348,5.329
104.11983985200001,1790241500.0039623,5.0,5.0,4.768,5.049
104.134914151,1790241500.0189276,5.0,5.0,4.768,5.189
104.136425091,1790241500.0203602,5.0,5.0,4.628,5.329
104.156621587,1790241500.0408292,5.0,5.0,4.488,4.768
104.15975820700001,1790241500.0438187,5.0,5.0,4.207,4.207
104.17504396400001,1790241500.059049,5.0,5.0,3.646,3.787
104.17664032100001,1790241500.0605905,5.0,5.0,2.524,3.226
104.196158118,1790241500.080234,5.0,5.0,2.104,2.244
104.19885062300001,1790241500.0828688,5.0,5.0,1.683,1.823
104.216646697,1790241500.1008437,5.0,5.0,1.122,1.402
104.219773161,1790241500.1038508,5.0,5.0,0.701,0.982
104.23505152300001,1790241500.1190686,5.0,5.0,0.421,0.421
104.236662099,1790241500.120604,5.0,5.0,0.0,0.0
104.256145676,1790241500.1402278,5.0,5.0,0.0,0.0
104.25884917100001,1790241500.1428685,5.0,5.0,0.0,0.0
104.276546339,1790241500.1607249,5.0,5.0,0.0,0.0
104.279649522,1790241500.1637285,5.0,5.0,0.0,0.0
104.29503246700001,1790241500.179038,5.0,5.0,0.0,0.0
104.29664590700001,1790241500.1806023,5.0,5.0,0.0,0.0
104.31614349600001,1790241500.200222,5.0,5.0,0.0,0.0
104.318835948,1790241500.2028708,5.0,5.0,0.0,0.0
104.335930355,1790241500.2200377,5.0,5.0,0.0,0.0
104.338986663,1790241500.2230544,5.0,5.0,0.0,0.0
104.355040442,1790241500.239072,5.0,5.0,0.0,0.0
104.35666950800001,1790241500.2406123,5.0,5.0,0.0,0.0
104.37612522100001,1790241500.260214,5.0,5.0,0.0,0.0
104.378781528,1790241500.2628307,5.0,5.0,0.0,0.0
104.395857809,1790241500.2799854,5.0,5.0,0.0,0.0
104.398930523,1790241500.282977,5.0,5.0,0.0,0.14
104.41501123,1790241500.2990296,5.0,5.0,0.14,0.0
104.41662118100001,1790241500.3005605,5.0,5.0,0.0,0.0
104.436161009,1790241500.320235,5.0,5.0,0.0,0.14
104.43882934700001,1790241500.3228893,5.0,5.0,0.0,0.0
104.45605792100001,1790241500.3401837,5.0,5.0,0.14,0.14
104.45911349900001,1790241500.3431542,5.0,5.0,0.14,0.0
104.47488003900001,1790241500.3588796,5.0,5.0,0.14,0.14
104.476478739,1790241500.3604176,5.0,5.0,0.14,0.14
104.496337995,1790241500.3804195,5.0,5.0,0.28,0.0
104.499039302,1790241500.3830698,5.0,5.0,0.421,0.28
104.516285948,1790241500.4003925,5.0,5.0,0.28,0.28
104.51936038100001,1790241500.4034257,5.0,5.0,0.28,0.421
104.534897806,1790241500.4189048,5.0,5.0,0.28,0.421
104.53641791300001,1790241500.4203649,5.0,5.0,0.421,0.561
104.55660904400001,1790241500.4408398,5.0,5.0,0.28,0.561
104.559735247,1790241500.4437745,5.0,5.0,0.28,0.561
104.575719808,1790241500.4598014,5.0,5.0,0.28,0.561
104.57839538600001,1790241500.4624107,5.0,5.0,0.28,0.841
104.59521479200001,1790241500.4792354,5.0,5.0,0.28,0.701
104.59706109700001,1790241500.4810405,5.0,5.0,0.421,0.841
104.616174727,1790241500.5002706,5.0,5.0,0.421,0.841
104.61883645,1790241500.5028548,5.0,5.0,0.561,0.982
104.63591247100001,1790241500.52002,5.0,5.0,0.561,0.841
104.63896159100001,1790241500.5230255,5.0,5.0,0.561,0.982
104.65490985000001,1790241500.5389187,5.0,5.0,0.561,0.982
104.65643469700001,1790241500.5403697,5.0,5.0,0.561,1.122
104.67658551500001,1790241500.5607698,5.0,5.0,0.561,1.122
104.679657917,1790241500.5637145,5.0,5.0,0.701,1.122
104.695642894,1790241500.5797381,5.0,5.0,0.561,1.122
104.698345816,1790241500.582369,5.0,5.0,0.701,0.982
104.715176263,1790241500.5991986,5.0,5.0,0.701,1.122
104.717152725,1790241500.6011302,5.0,5.0,0.841,1.262
104.73614500000001,1790241500.6202197,5.0,5.0,0.701,1.262
104.73882177600001,1790241500.62284,5.0,5.0,0.841,1.262
104.755927537,1790241500.6400506,5.0,5.0,0.701,1.122
104.759002699,1790241500.643047,5.0,5.0,0.841,1.122
104.775009291,1790241500.6590137,5.0,5.0,0.841,1.122
104.776636533,1790241500.660579,5.0,5.0,0.982,1.262
104.796169382,1790241500.680249,5.0,5.0,0.841,1.122
104.798901626,1790241500.6829574,5.0,5.0,0.701,1.262
104.81621691900001,1790241500.7003403,5.0,5.0,0.561,1.122
104.819295779,1790241500.7033594,5.0,5.0,0.701,1.122
104.835001485,1790241500.7190018,5.0,5.0,0.701,1.122
104.836490706,1790241500.7204363,5.0,5.0,0.701,1.122
104.856548399,1790241500.7407649,5.0,5.0,0.561,1.262
104.85965606100001,1790241500.7436965,5.0,5.0,0.841,1.122
104.87563796600001,1790241500.7597528,5.0,5.0,0.701,1.262
104.878363179,1790241500.7623777,5.0,5.0,0.841,1.122
104.895173106,1790241500.7791839,5.0,5.0,0.701,1.262
104.897161443,1790241500.7811375,5.0,5.0,0.841,1.122
104.91618377,1790241500.8002827,5.0,5.0,0.701,1.262
104.918915494,1790241500.8029475,5.0,5.0,0.841,1.122
104.93620563,1790241500.820287,5.0,5.0,0.841,1.122
104.93890599900001,1790241500.8229463,5.0,5.0,0.841,1.262
104.95595290600001,1790241500.8401244,5.0,5.0,0.982,1.262
104.95913661,1790241500.843209,5.0,5.0,0.982,1.262
104.97488799300001,1790241500.8588877,5.0,5.0,0.982,1.262
104.976400444,1790241500.8603363,5.0,5.0,0.982,1.402
104.996607095,1790241500.8808265,5.0,5.0,0.982,1.402
104.99967444500001,1790241500.8837183,5.0,5.0,0.841,1.262
105.01567463100001,1790241500.8997688,5.0,5.0,0.982,1.402
105.01835333400001,1790241500.9023952,5.0,5.0,0.841,1.262
105.03518388500001,1790241500.9192114,5.0,5.0,0.701,1.402
105.03716597200001,1790241500.9211848,5.0,5.0,0.841,1.262
105.056143664,1790241500.9402194,5.0,5.0,0.841,1.262
105.05881168900001,1790241500.9428658,5.0,5.0,0.841,1.262
105.076028127,1790241500.9601507,5.0,5.0,0.841,1.122
105.079093029,1790241500.9631526,5.0,5.0,0.841,1.262
105.09608431000001,1790241500.980236,5.0,5.0,0.841,1.262
105.099229577,1790241500.9833257,5.0,5.0,0.841,1.122
105.11491653300001,1790241500.9989412,5.0,5.0,0.841,1.262
105.11651658800001,1790241501.000454,5.0,5.0,0.982,1.122
105.136594281,1790241501.0208144,5.0,5.0,0.982,1.402
105.13969361000001,1790241501.0237696,5.0,5.0,0.982,1.262
105.155702077,1790241501.0397863,5.0,5.0,0.982,1.262
105.15837749800001,1790241501.0424259,5.0,5.0,0.982,1.122
105.17516055,1790241501.0591867,5.0,5.0,0.841,1.402
105.17715571000001,1790241501.0611556,5.0,5.0,0.982,1.262
105.196116578,1790241501.0801942,5.0,5.0,0.841,1.262
105.198792104,1790241501.0828373,5.0,5.0,0.701,1.122
105.215945261,1790241501.1000843,5.0,5.0,0.561,1.122
105.2191011,1790241501.103166,5.0,5.0,0.561,1.122
105.234904619,1790241501.1189134,5.0,5.0,0.561,1.122
105.236433528,1790241501.1203694,5.0,5.0,0.421,1.122
105.25616059500001,1790241501.1402376,5.0,5.0,0.421,0.982
105.258855913,1790241501.1429126,5.0,5.0,0.421,0.982
105.275933913,1790241501.1600583,5.0,5.0,0.421,0.982
105.27903319,1790241501.1630952,5.0,5.0,0.421,1.122
105.294919104,1790241501.1789153,5.0,5.0,0.421,0.982
105.296445722,1790241501.1803813,5.0,5.0,0.421,0.841
105.31613456000001,1790241501.2002285,5.0,5.0,0.28,0.701
105.318783784,1790241501.2028363,5.0,5.0,0.14,0.701
105.33590767000001,1790241501.2200122,5.0,5.0,0.14,0.561
105.33896949800001,1790241501.2230358,5.0,5.0,0.0,0.561
105.35503431900001,1790241501.2390542,5.0,5.0,0.0,0.561
105.356672239,1790241501.2408278,5.0,5.0,0.0,0.421
105.376124879,1790241501.2602198,5.0,5.0,0.0,0.28
105.37877254,1790241501.2628226,5.0,5.0,0.0,0.421
105.39612257200001,1790241501.2801936,5.0,5.0,0.0,0.28
105.398803306,1790241501.282822,5.0,5.0,0.0,0.28
105.416593027,1790241501.3008006,5.0,5.0,0.0,0.421
105.41968157400001,1790241501.3037364,5.0,5.0,0.14,0.28
105.43503545700001,1790241501.3190503,5.0,5.0,0.14,0.421
105.436702647,1790241501.3208923,5.0,5.0,0.14,0.421
105.456172162,1790241501.340267,5.0,5.0,0.28,0.421
105.45886878200001,1790241501.3429015,5.0,5.0,0.28,0.421
105.476598502,1790241501.3607805,5.0,5.0,0.421,0.421
105.47966522600001,1790241501.3637075,5.0,5.0,0.28,0.28
105.495001505,1790241501.379039,5.0,5.0,0.421,0.421
105.49662400800001,1790241501.380564,5.0,5.0,0.421,0.421
105.516643576,1790241501.4008808,5.0,5.0,0.561,0.421
105.519741967,1790241501.4038045,5.0,5.0,0.421,0.421
105.535659913,1790241501.4197419,5.0,5.0,0.561,0.28
105.538314501,1790241501.4223504,5.0,5.0,0.561,0.561
105.555403283,1790241501.4394388,5.0,5.0,0.421,0.561
105.557469537,1790241501.441451,5.0,5.0,0.561,0.421
105.576200665,1790241501.460297,5.0,5.0,0.28,0.421
105.57888233700001,1790241501.4629347,5.0,5.0,0.28,0.421
105.595900701,1790241501.4800036,5.0,5.0,0.14,0.28
105.599007009,1790241501.4830596,5.0,5.0,0.28,0.28
105.61514386200001,1790241501.4992454,5.0,5.0,0.14,0.421
105.617802565,1790241501.5019221,5.0,5.0,0.0,0.14
105.63537218,1790241501.5194128,5.0,5.0,0.14,0.14
105.637549268,1790241501.5215497,5.0,5.0,0.0,0.14
105.655820812,1790241501.5398808,5.0,5.0,0.0,0.14
105.65821680600001,1790241501.54224,5.0,5.0,0.0,0.0
105.67652288100001,1790241501.560757,5.0,5.0,0.0,0.0
105.68007241900001,1790241501.5641665,5.0,5.0,0.0,0.0
105.69491025900001,1790241501.5789182,5.0,5.0,0.0,0.0
105.696459168,1790241501.5803936,5.0,5.0,0.0,0.0
105.716547018,1790241501.6007652,5.0,5.0,0.0,0.0
105.719619315,1790241501.603684,5.0,5.0,0.0,0.14
105.73564642800001,1790241501.6197455,5.0,5.0,0.0,0.0
105.738285808,1790241501.6223223,5.0,5.0,0.0,0.0
105.75517203700001,1790241501.6392457,5.0,5.0,0.0,0.14
105.757240791,1790241501.6412477,5.0,5.0,0.0,0.0
105.776170096,1790241501.6602485,5.0,5.0,0.0,0.0
105.778832393,1790241501.662882,5.0,5.0,0.0,0.0
105.795956539,1790241501.68006,5.0,5.0,0.0,0.0
105.798980399,1790241501.6830432,5.0,5.0,0.0,0.0
105.81499756400001,1790241501.6990066,5.0,5.0,0.0,0.0
105.816631473,1790241501.7005732,5.0,5.0,0.0,0.0
105.836161926,1790241501.7202418,5.0,5.0,0.0,0.0
105.83881625400001,1790241501.7228308,5.0,5.0,0.0,0.0
105.85662342200001,1790241501.7408333,5.0,5.0,0.0,0.0
105.85970577100001,1790241501.7437751,5.0,5.0,0.0,0.0
105.87489882000001,1790241501.7588966,5.0,5.0,0.0,0.0
105.87640356300001,1790241501.760339,5.0,5.0,0.0,0.0
105.896168391,1790241501.7802377,5.0,5.0,0.0,0.0
105.89880079100001,1790241501.782816,5.0,5.0,0.0,0.0
105.915888792,1790241501.800016,5.0,5.0,0.0,0.0
105.918934006,1790241501.8029785,5.0,5.0,0.0,0.0
105.93503492100001,1790241501.8190434,5.0,5.0,0.0,0.0
105.936650653,1790241501.8205943,5.0,5.0,0.0,0.0
105.956156522,1790241501.8402596,5.0,5.0,0.0,0.0
105.95907319400001,1790241501.8431845,5.0,5.0,0.0,0.0
105.97622478800001,1790241501.8603694,5.0,5.0,0.0,0.0
105.979769691,1790241501.8638847,5.0,5.0,0.0,0.0
105.99487971900001,1790241501.8788748,5.0,5.0,0.0,0.0
105.99641008600001,1790241501.8803432,5.0,5.0,0.0,0.0
106.016591582,1790241501.900789,5.0,5.0,0.0,0.0
106.019723775,1790241501.9037712,5.0,5.0,0.0,0.0
106.035034689,1790241501.9190443,5.0,5.0,0.0,0.0
106.036656983,1790241501.9206023,5.0,5.0,0.0,0.0
106.05615816500001,1790241501.940238,5.0,5.0,0.0,0.0
106.058868222,1790241501.9429007,5.0,5.0,0.0,0.0
106.07659158800001,1790241501.9608564,5.0,5.0,0.0,0.0
106.079733313,1790241501.963789,5.0,5.0,0.0,0.0
106.09501651800001,1790241501.9790294,5.0,5.0,0.0,0.0
106.096617354,1790241501.9805572,5.0,5.0,0.0,0.0
106.11613197400001,1790241502.000225,5.0,5.0,0.0,0.0
106.118821041,1790241502.002843,5.0,5.0,0.0,0.0
106.13658784500001,1790241502.0207744,5.0,5.0,0.0,0.0
106.13963680900001,1790241502.0236976,5.0,5.0,0.0,0.0
106.15504501400001,1790241502.03906,5.0,5.0,0.0,0.0
106.15665814200001,1790241502.0409276,5.0,5.0,0.0,0.0
106.175766302,1790241502.0598354,5.0,5.0,0.0,0.0
106.178175005,1790241502.0621836,5.0,5.0,0.0,0.0
106.19629019400001,1790241502.080461,5.0,5.0,0.0,0.0
106.199793638,1790241502.0838716,5.0,5.0,0.0,0.0
106.214870645,1790241502.0988808,5.0,5.0,0.0,0.0
106.216479086,1790241502.1004539,5.0,5.0,0.0,0.0
106.236113028,1790241502.1202135,5.0,5.0,0.0,0.0
106.23880829400001,1790241502.1228611,5.0,5.0,0.0,0.0
106.256072805,1790241502.1401987,5.0,5.0,0.0,0.0
106.259128071,1790241502.1431725,5.0,5.0,0.0,0.0
106.27492471400001,1790241502.158922,5.0,5.0,0.0,0.0
106.27649216500001,1790241502.1604517,5.0,5.0,0.0,0.0
106.29612366,1790241502.180215,5.0,5.0,0.0,0.0
106.29880402900001,1790241502.1828604,5.0,5.0,0.0,0.0
106.315895415,1790241502.2000017,5.0,5.0,0.0,0.0
106.318940577,1790241502.2030046,5.0,5.0,0.0,0.0
106.335066388,1790241502.219076,5.0,5.0,0.0,0.0
106.336692068,1790241502.22085,5.0,5.0,0.0,0.0
106.356143875,1790241502.240224,5.0,5.0,0.0,0.0
106.358807786,1790241502.2428594,5.0,5.0,0.0,0.14
106.37596646300001,1790241502.2600956,5.0,5.0,0.0,0.0
106.37903318800001,1790241502.263121,5.0,5.0,0.0,0.14
106.394889727,1790241502.2789285,5.0,5.0,0.14,0.28
106.39645431400001,1790241502.2803876,5.0,5.0,0.0,0.28
106.41654481900001,1790241502.3007503,5.0,5.0,0.0,0.421
106.41961914800001,1790241502.3036592,5.0,5.0,0.28,0.28
106.435730011,1790241502.3198142,5.0,5.0,0.14,0.421
106.438504026,1790241502.322668,5.0,5.0,0.421,0.421
106.45519192200001,1790241502.3392026,5.0,5.0,0.28,0.28
106.457014529,1790241502.3410008,5.0,5.0,0.421,0.28
106.476226909,1790241502.360306,5.0,5.0,0.28,0.421
106.47891050700001,1790241502.3629293,5.0,5.0,0.421,0.421
106.496172414,1790241502.3802469,5.0,5.0,0.421,0.421
106.49887262700001,1790241502.382913,5.0,5.0,0.421,0.421
106.51611422200001,1790241502.400224,5.0,5.0,0.421,0.561
106.519184748,1790241502.4032307,5.0,5.0,0.421,0.421
106.534898423,1790241502.4189095,5.0,5.0,0.421,0.421
106.536431968,1790241502.4203773,5.0,5.0,0.421,0.561
106.557661069,1790241502.441825,5.0,5.0,0.421,0.561
106.561217274,1790241502.4453528,5.0,5.0,0.561,0.561
106.56355910100001,1790241502.4475455,5.0,5.0,0.421,0.561
106.575495269,1790241502.4595728,5.0,5.0,0.561,0.701
106.59540478500001,1790241502.4794438,5.0,5.0,0.561,0.701
106.597581351,1790241502.4815872,5.0,5.0,0.561,0.701
106.61592326,1790241502.500011,5.0,5.0,0.421,0.561
106.61841706700001,1790241502.5024734,5.0,5.0,0.561,0.701
106.636372464,1790241502.5205226,5.0,5.0,0.561,0.701
106.63949189700001,1790241502.52354,5.0,5.0,0.701,0.701
106.65488848800001,1790241502.5389004,5.0,5.0,0.561,0.701
106.65639771000001,1790241502.5403438,5.0,5.0,0.561,0.841
106.676188319,1790241502.560266,5.0,5.0,0.701,0.701
106.678842907,1790241502.5628579,5.0,5.0,0.561,0.841
106.696592784,1790241502.5808094,5.0,5.0,0.701,0.701
106.69964664300001,1790241502.5836818,5.0,5.0,0.701,0.701
106.71518229700001,1790241502.5993588,5.0,5.0,0.701,0.701
106.71799256300001,1790241502.602035,5.0,5.0,0.701,0.701
106.735183844,1790241502.619203,5.0,5.0,0.561,0.701
106.737230984,1790241502.6212125,5.0,5.0,0.561,0.701
106.756162164,1790241502.6402454,5.0,5.0,0.561,0.701
106.75884815900001,1790241502.6428776,5.0,5.0,0.561,0.561
106.77588360700001,1790241502.6599913,5.0,5.0,0.561,0.561
106.778946113,1790241502.6629903,5.0,5.0,0.421,0.561
106.79500364200001,1790241502.6790106,5.0,5.0,0.421,0.561
106.796615051,1790241502.6805582,5.0,5.0,0.421,0.561
106.816170192,1790241502.7002478,5.0,5.0,0.421,0.421
106.818859051,1790241502.7029111,5.0,5.0,0.28,0.561
106.83590028,1790241502.7200103,5.0,5.0,0.28,0.421
106.838995807,1790241502.723061,5.0,5.0,0.28,0.421
106.85492541900001,1790241502.7389266,5.0,5.0,0.14,0.561
106.85643854700001,1790241502.740377,5.0,5.0,0.28,0.421
106.87656087600001,1790241502.7607954,5.0,5.0,0.14,0.421
106.87964228800001,1790241502.7637012,5.0,5.0,0.0,0.28
106.89570539,1790241502.779786,5.0,5.0,0.14,0.421
106.89837805200001,1790241502.7823994,5.0,5.0,0.0,0.421
106.915188291,1790241502.799233,5.0,5.0,0.0,0.28
106.917050899,1790241502.8010316,5.0,5.0,0.0,0.421
106.935891662,1790241502.8199742,5.0,5.0,0.0,0.421
106.938324011,1790241502.8223505,5.0,5.0,0.0,0.14
106.956513576,1790241502.8407683,5.0,5.0,0.0,0.14
106.960197957,1790241502.8443425,5.0,5.0,0.0,0.14
106.97491360900001,1790241502.8589146,5.0,5.0,0.0,0.0
106.97640376800001,1790241502.8603556,5.0,5.0,0.0,0.14
106.996610941,1790241502.8807971,5.0,5.0,0.0,0.0
106.99968219700001,1790241502.8837204,5.0,5.0,0.0,0.0
107.01503607900001,1790241502.8990426,5.0,5.0,0.0,0.0
107.01664353000001,1790241502.9005852,5.0,5.0,0.0,0.0
107.03615710800001,1790241502.9202745,5.0,5.0,0.0,0.0
107.038895655,1790241502.9229376,5.0,5.0,0.0,0.0
107.056606052,1790241502.940813,5.0,5.0,0.0,0.0
107.05968402600001,1790241502.943724,5.0,5.0,0.0,0.0
107.07523790900001,1790241502.95925,5.0,5.0,0.0,0.0
107.07708822500001,1790241502.9610832,5.0,5.0,0.0,0.0
107.09604690600001,1790241502.9801016,5.0,5.0,0.0,0.0
107.098424046,1790241502.9824507,5.0,5.0,0.0,0.0
107.117246789,1790241503.001431,5.0,5.0,0.0,0.0
107.12093893100001,1790241503.0050523,5.0,5.0,0.0,0.0
107.12430977000001,1790241503.0084097,5.0,5.0,0.0,0.0
107.134965936,1790241503.0189867,5.0,5.0,0.0,0.0
107.15725780000001,1790241503.0414033,5.0,5.0,0.0,0.0
107.16071832700001,1790241503.0451462,5.0,5.0,0.0,0.0
107.163509738,1790241503.047478,5.0,5.0,0.0,0.0
107.175529709,1790241503.0595691,5.0,5.0,0.0,0.0
107.19613438200001,1790241503.08022,5.0,5.0,0.0,0.0
107.198814283,1790241503.0828304,5.0,5.0,0.0,0.0
107.21598478300001,1790241503.1000915,5.0,5.0,0.0,0.0
107.219071299,1790241503.1031556,5.0,5.0,0.0,0.0
107.23490700500001,1790241503.118908,5.0,5.0,0.0,0.0
107.236413935,1790241503.1203523,5.0,5.0,0.0,0.0
107.25657074300001,1790241503.140782,5.0,5.0,0.0,0.0
107.259633249,1790241503.1436903,5.0,5.0,0.0,0.0
107.275013486,1790241503.1590335,5.0,5.0,0.0,0.0
107.276624478,1790241503.1605642,5.0,5.0,0.0,0.0
107.29621159800001,1790241503.1803043,5.0,5.0,0.0,0.0
107.29894040500001,1790241503.182977,5.0,5.0,0.0,0.0
107.316595594,1790241503.2007987,5.0,5.0,0.0,0.0
107.31968158900001,1790241503.2037232,5.0,5.0,0.0,0.0
107.33499943000001,1790241503.2190087,5.0,5.0,0.0,0.0
107.33660245300001,1790241503.220544,5.0,5.0,0.0,0.0
107.35615452100001,1790241503.2402542,5.0,5.0,0.0,0.0
107.358836088,1790241503.2428565,5.0,5.0,0.0,0.0
107.37651325600001,1790241503.2606163,5.0,5.0,0.0,0.0
107.37955367800001,1790241503.2636087,5.0,5.0,0.0,0.0
107.395035426,1790241503.2790537,5.0,5.0,0.0,0.0
107.396656574,1790241503.2805994,5.0,5.0,0.0,0.0
107.416159371,1790241503.3002396,5.0,5.0,0.0,0.0
107.418869063,1790241503.3028877,5.0,5.0,0.0,0.0
107.43659862700001,1790241503.3208058,5.0,5.0,0.0,0.0
107.43967811200001,1790241503.3237383,5.0,5.0,0.0,0.0
107.455032672,1790241503.3390388,5.0,5.0,0.0,0.0
107.45663350800001,1790241503.3405743,5.0,5.0,0.0,0.0
107.47615495000001,1790241503.3602352,5.0,5.0,0.0,0.0
107.478834226,1790241503.3628569,5.0,5.0,0.0,0.0
107.495951966,1790241503.3800707,5.0,5.0,0.0,0.0
107.49901270100001,1790241503.3830597,5.0,5.0,0.0,0.0
107.514983876,1790241503.3989859,5.0,5.0,0.0,0.0
107.51649663900001,1790241503.4004314,5.0,5.0,0.0,0.0
107.53656365500001,1790241503.420796,5.0,5.0,0.0,0.0
107.539628973,1790241503.4236865,5.0,5.0,0.0,0.0
107.55572978400001,1790241503.4398112,5.0,5.0,0.0,0.0
107.55839770600001,1790241503.4424193,5.0,5.0,0.0,0.0
107.575164039,1790241503.4592037,5.0,5.0,0.0,0.0
107.577161543,1790241503.4611614,5.0,5.0,0.0,0.0
107.59601631700001,1790241503.480073,5.0,5.0,0.0,0.0
107.59843778000001,1790241503.4824615,5.0,5.0,0.0,0.0
107.61662489700001,1790241503.5008013,5.0,5.0,0.0,0.0
107.61966615200001,1790241503.503743,5.0,5.0,0.0,0.0
107.63502164900001,1790241503.519038,5.0,5.0,0.0,0.0
107.636641392,1790241503.5205853,5.0,5.0,0.0,0.0
107.656155334,1790241503.5402343,5.0,5.0,0.0,0.0
107.65882987,1790241503.5428815,5.0,5.0,0.0,0.0
107.675901412,1790241503.5600142,5.0,5.0,0.0,0.0
107.67893230300001,1790241503.5629792,5.0,5.0,0.0,0.0
107.695012124,1790241503.5790179,5.0,5.0,0.0,0.0
107.696627336,1790241503.5805676,5.0,5.0,0.0,0.0
107.71615205900001,1790241503.6002436,5.0,5.0,0.0,0.0
107.71880133500001,1790241503.602836,5.0,5.0,0.0,0.0
107.73596772100001,1790241503.6200964,5.0,5.0,0.0,0.0
107.73902533100001,1790241503.623089,5.0,5.0,0.0,0.0
107.75500291200001,1790241503.6390214,5.0,5.0,0.0,0.0
107.756632186,1790241503.6405737,5.0,5.0,0.0,0.0
107.77615638900001,1790241503.6602342,5.0,5.0,0.0,0.0
107.77882931,1790241503.6628473,5.0,5.0,0.14,0.0
107.7959483,1790241503.6800752,5.0,5.0,0.0,0.0
107.79903325400001,1790241503.6830773,5.0,5.0,0.0,0.0
107.815000158,1790241503.699004,5.0,5.0,0.0,0.0
107.816604588,1790241503.7005463,5.0,5.0,0.0,0.0
107.83615676000001,1790241503.720256,5.0,5.0,0.0,0.0
107.83884645200001,1790241503.7228844,5.0,5.0,0.0,0.0
107.85621721300001,1790241503.7403622,5.0,5.0,0.0,0.0
107.85977956400001,1790241503.7438972,5.0,5.0,0.0,0.0
107.87489849800001,1790241503.758901,5.0,5.0,0.0,0.0
107.876393448,1790241503.7603514,5.0,5.0,0.0,0.0
107.89661515200001,1790241503.7808084,5.0,5.0,0.0,0.0
107.89971026200001,1790241503.7837477,5.0,5.0,0.0,0.0
107.915003728,1790241503.799008,5.0,5.0,0.0,0.0
107.91666628300001,1790241503.8006942,5.0,5.0,0.0,0.0
107.935802881,1790241503.8198795,5.0,5.0,0.0,0.0
107.93824033300001,1790241503.8222497,5.0,5.0,0.0,0.0
107.957316722,1790241503.841479,5.0,5.0,0.0,0.0
107.96104058300001,1790241503.8451762,5.0,5.0,0.0,0.0
107.96449168400001,1790241503.8485744,5.0,5.0,0.0,0.0
107.97499071300001,1790241503.8589966,5.0,5.0,0.0,0.0
107.99720065000001,1790241503.8813756,5.0,5.0,0.0,0.0
108.000612531,1790241503.8850584,5.0,5.0,0.0,0.0
108.00343144300001,1790241503.887415,5.0,5.0,0.0,0.0
108.015455528,1790241503.8995287,5.0,5.0,0.0,0.0
108.03576384600001,1790241503.9198194,5.0,5.0,0.0,0.0
108.03817562100001,1790241503.9221766,5.0,5.0,0.0,0.0
108.056338624,1790241503.940502,5.0,5.0,0.0,0.0
108.05994863000001,1790241503.9440496,5.0,5.0,0.0,0.0
108.075010481,1790241503.959012,5.0,5.0,0.0,0.0
108.07652090100001,1790241503.960457,5.0,5.0,0.0,0.0
108.096360364,1790241503.9804406,5.0,5.0,0.0,0.0
108.09906948400001,1790241503.9831097,5.0,5.0,0.0,0.0
108.116222328,1790241504.0003843,5.0,5.0,0.0,0.0
108.119785355,1790241504.0039296,5.0,5.0,0.0,0.0
108.13490486200001,1790241504.0189166,5.0,5.0,0.0,0.0
108.136417886,1790241504.0203638,5.0,5.0,0.0,0.0
108.156602663,1790241504.0407934,5.0,5.0,0.0,0.0
108.15965782500001,1790241504.0436957,5.0,5.0,0.0,0.0
108.175035249,1790241504.059041,5.0,5.0,0.0,0.0
108.17663014700001,1790241504.0605855,5.0,5.0,0.0,0.0
108.196129923,1790241504.0802076,5.0,5.0,0.0,0.0
108.19878669900001,1790241504.0828192,5.0,5.0,0.0,0.0
108.216594752,1790241504.100798,5.0,5.0,0.0,0.0
108.219727831,1790241504.1037781,5.0,5.0,0.0,0.0
108.235038797,1790241504.119059,5.0,5.0,0.0,0.0
108.236644373,1790241504.1205862,5.0,5.0,0.0,0.0
108.256132429,1790241504.140232,5.0,5.0,0.0,0.0
108.258855507,1790241504.1428945,5.0,5.0,0.0,0.0
108.27654501900001,1790241504.1607423,5.0,5.0,0.0,0.0
108.279580181,1790241504.1636486,5.0,5.0,0.0,0.0
108.295819846,1790241504.1799722,5.0,5.0,0.0,0.0
108.29896605,1790241504.1830373,5.0,5.0,0.0,0.0
108.31501889200001,1790241504.1990228,5.0,5.0,0.0,0.0
108.31662728,1790241504.200571,5.0,5.0,0.0,0.0
108.33615408700001,1790241504.220281,5.0,5.0,0.0,0.0
108.338856905,1790241504.2228744,5.0,5.0,0.0,0.0
108.356167666,1790241504.2403102,5.0,5.0,0.0,0.0
108.359867777,1790241504.243952,5.0,5.0,0.0,0.0
108.36341658500001,1790241504.247539,5.0,5.0,0.0,0.0
108.37486139800001,1790241504.2588696,5.0,5.0,0.0,0.0
108.39717727300001,1790241504.2813752,5.0,5.0,0.0,0.0
108.40060660200001,1790241504.284903,5.0,5.0,0.0,0.0
108.40321244,1790241504.2871795,5.0,5.0,0.0,0.0
108.41551631700001,1790241504.299564,5.0,5.0,0.0,0.0
108.43613630300001,1790241504.3202128,5.0,5.0,0.0,0.0
108.438827922,1790241504.3228865,5.0,5.0,0.0,0.0
108.45598154800001,1790241504.340111,5.0,5.0,0.0,0.0
108.459054053,1790241504.3430974,5.0,5.0,0.0,0.0
108.474898405,1790241504.3589084,5.0,5.0,0.0,0.0
108.476404606,1790241504.3603382,5.0,5.0,0.0,0.0
108.49656526800001,1790241504.3807719,5.0,5.0,0.0,0.0
108.499667826,1790241504.3837264,5.0,5.0,0.0,0.0
108.51572353300001,1790241504.399802,5.0,5.0,0.0,0.0
108.51837650600001,1790241504.4024088,5.0,5.0,0.0,0.0
108.53517653700001,1790241504.419192,5.0,5.0,0.0,0.0
108.53716440500001,1790241504.421136,5.0,5.0,0.0,0.0
108.55617069,1790241504.440248,5.0,5.0,0.0,0.0
108.558827883,1790241504.4428508,5.0,5.0,0.0,0.0
108.57659307200001,1790241504.4608011,5.0,5.0,0.0,0.0
108.579666255,1790241504.463753,5.0,5.0,0.0,0.0
108.59568373200001,1790241504.4797635,5.0,5.0,0.0,0.0
108.598385143,1790241504.4824343,5.0,5.0,0.0,0.0
108.61517121600001,1790241504.49922,5.0,5.0,0.0,0.0
108.617375855,1790241504.5014458,5.0,5.0,0.0,0.0
108.63583380600001,1790241504.5199304,5.0,5.0,0.0,0.0
108.638276675,1790241504.522279,5.0,5.0,0.0,0.0
108.65593988500001,1790241504.540062,5.0,5.0,0.0,0.0
108.65902864,1790241504.5430908,5.0,5.0,0.0,0.0
108.674924086,1790241504.558933,5.0,5.0,0.0,0.0
108.676445756,1790241504.5603817,5.0,5.0,0.0,0.0
108.69656761600001,1790241504.5807579,5.0,5.0,0.0,0.0
108.699641059,1790241504.5836813,5.0,5.0,0.0,0.0
108.715693172,1790241504.5997891,5.0,5.0,0.0,0.0
108.718343437,1790241504.6023824,5.0,5.0,0.0,0.0
108.73515451,1790241504.619183,5.0,5.0,0.0,0.0
108.73713784700001,1790241504.6211152,5.0,5.0,0.0,0.0
108.75614762100001,1790241504.6402392,5.0,5.0,0.0,0.0
108.75880622000001,1790241504.6428378,5.0,5.0,0.0,0.0
108.77654568000001,1790241504.6607585,5.0,5.0,0.0,0.0
108.77960938300001,1790241504.6636682,5.0,5.0,0.0,0.0
108.79566503800001,1790241504.6797447,5.0,5.0,0.0,0.0
108.798354939,1790241504.68241,5.0,5.0,0.0,0.0
108.81517637600001,1790241504.6991868,5.0,5.0,0.0,0.0
108.817153203,1790241504.7011566,5.0,5.0,0.0,0.0
108.83612933100001,1790241504.7202206,5.0,5.0,0.0,0.0
108.83878069000001,1790241504.722835,5.0,5.0,0.0,0.0
108.855880149,1790241504.7399879,5.0,5.0,0.0,0.0
108.858946665,1790241504.742991,5.0,5.0,0.0,0.0
108.87503450700001,1790241504.7590425,5.0,5.0,0.0,0.0
108.876661177,1790241504.7606053,5.0,5.0,0.0,0.0
108.896167671,1790241504.7802415,5.0,5.0,0.0,0.0
108.89882814500001,1790241504.7828772,5.0,5.0,0.0,0.0
108.915870884,1790241504.7999969,5.0,5.0,0.0,0.0
108.918955682,1790241504.8030045,5.0,5.0,0.0,0.0
108.93501862800001,1790241504.8190567,5.0,5.0,0.0,0.0
108.936719256,1790241504.8208916,5.0,5.0,0.0,0.0
108.956179448,1790241504.8402598,5.0,5.0,0.0,0.0
108.958854974,1790241504.8428967,5.0,5.0,0.0,0.0
108.97614615200001,1790241504.8602428,5.0,5.0,0.0,0.0
108.97883735500001,1790241504.8628569,5.0,5.0,0.0,0.0
108.99659160600001,1790241504.880794,5.0,5.0,0.0,0.0
108.999652549,1790241504.8837087,5.0,5.0,0.0,0.0
109.01501981700001,1790241504.8990498,5.0,5.0,0.0,0.0
109.016640393,1790241504.90058,5.0,5.0,0.0,0.0
109.03617589800001,1790241504.9202726,5.0,5.0,0.0,0.0
109.03888684,1790241504.9229233,5.0,5.0,0.0,0.0
109.05656494600001,1790241504.9407778,5.0,5.0,0.0,0.0
109.05965344100001,1790241504.943701,5.0,5.0,0.0,0.0
109.07500378200001,1790241504.9590309,5.0,5.0,0.0,0.0
109.07662378500001,1790241504.9605665,5.0,5.0,0.0,0.0
109.096997103,1790241504.981192,5.0,5.0,0.0,0.0
109.10001325500001,1790241504.9841454,5.0,5.0,0.0,0.0
109.115065262,1790241504.9990695,-5.0,-5.0,0.0,0.0
109.116575733,1790241505.0005112,-5.0,-5.0,0.0,0.0
109.137329261,1790241505.021536,-5.0,-5.0,0.0,0.0
109.14104739300001,1790241505.0251417,-5.0,-5.0,0.0,0.0
109.14457177400001,1790241505.0289834,-5.0,-5.0,-0.14,0.0
109.15516356500001,1790241505.039181,-5.0,-5.0,-0.28,-0.421
109.17718022000001,1790241505.0613105,-5.0,-5.0,-0.701,-0.701
109.18041241300001,1790241505.0644746,-5.0,-5.0,-1.402,-1.683
109.196009734,1790241505.0800784,-5.0,-5.0,-2.104,-1.963
109.19861833200001,1790241505.08268,-5.0,-5.0,-2.384,-2.244
109.216204458,1790241505.1003418,-5.0,-5.0,-2.384,-2.384
109.219611704,1790241505.1036923,-5.0,-5.0,-2.384,-2.805
109.234997566,1790241505.1190145,-5.0,-5.0,-2.945,-3.226
109.236644444,1790241505.1205826,-5.0,-5.0,-3.366,-3.506
109.256384116,1790241505.140461,-5.0,-5.0,-3.787,-3.927
109.259415892,1790241505.143443,-5.0,-5.0,-3.927,-4.207
109.276286861,1790241505.1604352,-5.0,-5.0,-4.348,-4.348
109.279613534,1790241505.163683,-5.0,-5.0,-4.348,-4.488
109.294990541,1790241505.1790073,-5.0,-5.0,-4.348,-4.488
109.29663856500001,1790241505.1805873,-5.0,-5.0,-4.909,-4.628
109.316569435,1790241505.200763,-5.0,-5.0,-4.909,-4.768
109.319565638,1790241505.2036035,-5.0,-5.0,-4.909,-4.768
109.335929523,1790241505.2200117,-5.0,-5.0,-5.049,-4.768
109.33886010100001,1790241505.2228963,-5.0,-5.0,-5.189,-4.628
109.35534034000001,1790241505.2393563,-5.0,-5.0,-5.049,-4.768
109.35750430200001,1790241505.2414775,-5.0,-5.0,-5.049,-4.628
109.37634918,1790241505.2604437,-5.0,-5.0,-5.189,-4.628
109.37925116500001,1790241505.2632895,-5.0,-5.0,-5.189,-4.628
109.396143592,1790241505.2802474,-5.0,-5.0,-5.049,-4.768
109.399431827,1790241505.2834914,-5.0,-5.0,-5.049,-4.628
109.415059356,1790241505.299065,-5.0,-5.0,-4.909,-4.768
109.418309206,1790241505.302468,-5.0,-5.0,-4.768,-4.768
109.43536611200001,1790241505.3193822,-5.0,-5.0,-4.909,-4.768
109.43754934500001,1790241505.3215494,-5.0,-5.0,-4.628,-4.628
109.456222869,1790241505.3402812,-5.0,-5.0,-4.628,-4.768
109.458782353,1790241505.3428,-5.0,-5.0,-4.628,-4.768
109.47694129300001,1790241505.361067,-5.0,-5.0,-4.628,-4.909
109.48016124700001,1790241505.3641987,-5.0,-5.0,-4.488,-4.909
109.495876796,1790241505.3799717,-5.0,-5.0,-4.488,-4.909
109.498820448,1790241505.38284,-5.0,-5.0,-4.488,-5.049
109.515226936,1790241505.399233,-5.0,-5.0,-4.348,-4.909
109.517256367,1790241505.4012222,-5.0,-5.0,-4.348,-5.049
109.53639801700001,1790241505.420493,-5.0,-5.0,-4.488,-4.909
109.539299064,1790241505.4233336,-5.0,-5.0,-4.348,-4.909
109.556140866,1790241505.4402394,-5.0,-5.0,-4.348,-4.909
109.55903029800001,1790241505.443071,-5.0,-5.0,-4.207,-5.049
109.575311161,1790241505.459409,-5.0,-5.0,-4.488,-4.768
109.57756585300001,1790241505.4615574,-5.0,-5.0,-4.207,-4.909
109.59601677200001,1790241505.4800932,-5.0,-5.0,-4.207,-4.909
109.598607923,1790241505.4826229,-5.0,-5.0,-4.348,-4.628
109.61705353,1790241505.5011854,-5.0,-5.0,-4.348,-4.909
109.620381921,1790241505.5044806,-5.0,-5.0,-4.207,-4.909
109.623595573,1790241505.507594,-5.0,-5.0,-4.207,-4.768
109.642793681,1790241505.5268471,-5.0,-5.0,-4.488,-4.768
109.64471269500001,1790241505.5288916,-5.0,-5.0,-4.067,-4.628
109.655053652,1790241505.5390644,-5.0,-5.0,-3.226,-3.787
109.67799390200001,1790241505.5621908,-5.0,-5.0,-2.665,-2.945
109.68216224300001,1790241505.5661964,-5.0,-5.0,-1.823,-2.244
109.68428157000001,1790241505.5682926,-5.0,-5.0,-1.262,-1.543
109.69560044500001,1790241505.5796056,-5.0,-5.0,-0.982,-0.982
109.71592970100001,1790241505.5999722,-5.0,-5.0,-0.561,-0.561
109.71863798800001,1790241505.6026804,-5.0,-5.0,-0.28,-0.14
109.735914686,1790241505.6199894,-5.0,-5.0,-0.14,0.0
109.73850792,1790241505.6225061,-5.0,-5.0,-0.14,-0.14
109.756956183,1790241505.6410701,-5.0,-5.0,-0.28,-0.14
109.76016296,1790241505.644222,-5.0,-5.0,-0.421,-0.561
109.77663476100001,1790241505.6608036,-5.0,-5.0,-0.841,-0.982
109.77971284,1790241505.6638136,-5.0,-5.0,-1.122,-1.543
109.795114326,1790241505.6791196,-5.0,-5.0,-1.402,-1.963
109.797147507,1790241505.6811805,-5.0,-5.0,-1.823,-2.384
109.81641316800001,1790241505.700486,-5.0,-5.0,-2.104,-2.665
109.819314215,1790241505.703335,-5.0,-5.0,-2.524,-3.085
109.836367944,1790241505.7204437,-5.0,-5.0,-3.085,-3.646
109.83927909500001,1790241505.7232955,-5.0,-5.0,-3.366,-3.927
109.858173609,1790241505.7422004,-5.0,-5.0,-3.646,-4.207
109.86008007100001,1790241505.744047,-5.0,-5.0,-3.927,-4.348
109.87514739100001,1790241505.7591598,-5.0,-5.0,-4.348,-4.628
109.876772289,1790241505.760914,-5.0,-5.0,-4.628,-4.909
109.896465086,1790241505.780548,-5.0,-5.0,-4.488,-4.909
109.899363112,1790241505.783403,-5.0,-5.0,-4.768,-5.189
109.916795488,1790241505.801063,-5.0,-5.0,-5.049,-5.329
109.92071325600001,1790241505.8049037,-5.0,-5.0,-5.189,-5.47
109.92459362700001,1790241505.8089767,-5.0,-5.0,-5.049,-5.61
109.93500198000001,1790241505.819004,-5.0,-5.0,-5.329,-5.75
109.96531865,1790241505.8493538,-5.0,-5.0,-5.189,-6.031
109.967223081,1790241505.8511915,-5.0,-5.0,-5.189,-6.171
109.969335689,1790241505.8534186,-5.0,-5.0,-5.329,-6.311
109.97495606400001,1790241505.8589563,-5.0,-5.0,-5.329,-6.451
109.997571574,1790241505.8817177,-5.0,-5.0,-5.049,-6.451
110.00152418600001,1790241505.8856375,-5.0,-5.0,-5.47,-6.311
110.005577527,1790241505.8896804,-5.0,-5.0,-5.47,-6.171
110.015093429,1790241505.8990963,-5.0,-5.0,-5.049,-6.171
110.03515325800001,1790241505.9191866,-5.0,-5.0,-5.47,-5.89
110.03721055400001,1790241505.9212294,-5.0,-5.0,-5.189,-5.75
110.05759751800001,1790241505.941741,-5.0,-5.0,-5.189,-5.61
110.061483046,1790241505.945622,-5.0,-5.0,-5.329,-5.47
110.065537324,1790241505.9497073,-5.0,-5.0,-5.189,-5.329
110.075270363,1790241505.9592788,-5.0,-5.0,-5.049,-5.189
110.097037747,1790241505.9811425,-5.0,-5.0,-5.329,-5.049
110.10022452400001,1790241505.984277,-5.0,-5.0,-5.049,-4.909
110.11606497000001,1790241506.0001783,-5.0,-5.0,-5.049,-4.909
110.118967892,1790241506.0030057,-5.0,-5.0,-5.329,-4.768
110.13534344300001,1790241506.019358,-5.0,-5.0,-5.049,-4.768
110.13750084200001,1790241506.021483,-5.0,-5.0,-5.049,-4.909
110.15850442300001,1790241506.0425415,-5.0,-5.0,-5.049,-4.909
110.16066630200001,1790241506.0447013,-5.0,-5.0,-4.768,-4.909
110.162729326,1790241506.0466926,-5.0,-5.0,-4.488,-5.049
110.175949871,1790241506.059997,-5.0,-5.0,-4.768,-4.909
110.19943554000001,1790241506.0834634,-5.0,-5.0,-4.768,-4.909
110.201622627,1790241506.0856123,-5.0,-5.0,-4.488,-5.049
110.203912527,1790241506.087995,-5.0,-5.0,-4.909,-4.909
110.21496379700001,1790241506.0989647,-5.0,-5.0,-5.049,-4.768
110.236966494,1790241506.1211228,-5.0,-5.0,-4.909,-4.909
110.240308948,1790241506.124405,-5.0,-5.0,-5.189,-4.768
110.242940672,1790241506.1269374,-5.0,-5.0,-5.47,-4.768
110.25572340400001,1790241506.1397715,-5.0,-5.0,-5.329,-4.909
110.27537838800001,1790241506.159415,-5.0,-5.0,-5.47,-4.768
110.27793177800001,1790241506.161974,-5.0,-5.0,-5.61,-4.768
110.29665311400001,1790241506.1808882,-5.0,-5.0,-5.47,-5.189
110.30055744500001,1790241506.1848924,-5.0,-5.0,-5.61,-5.049
110.304529587,1790241506.1886082,-5.0,-5.0,-5.75,-4.909
110.314989138,1790241506.198987,-5.0,-5.0,-5.47,-5.049
110.33762167900001,1790241506.2217984,-5.0,-5.0,-5.329,-5.049
110.341904552,1790241506.2260122,-5.0,-5.0,-5.61,-4.909
110.34406591000001,1790241506.2280316,-5.0,-5.0,-5.329,-5.189
110.35548025400001,1790241506.2395499,-5.0,-5.0,-5.47,-5.189
110.375255447,1790241506.2592888,-5.0,-5.0,-5.47,-5.049
110.37752737800001,1790241506.261616,-5.0,-5.0,-5.189,-5.189
110.39643621500001,1790241506.280538,-5.0,-5.0,-5.47,-5.189
110.39935830300001,1790241506.2833767,-5.0,-5.0,-5.329,-5.049
110.416371408,1790241506.300494,-5.0,-5.0,-5.189,-5.329
110.41931261100001,1790241506.3033478,-5.0,-5.0,-5.329,-5.189
110.436137746,1790241506.3202653,-5.0,-5.0,-5.329,-5.189
110.43941723100001,1790241506.3235004,-5.0,-5.0,-5.329,-5.329
110.45652002300001,1790241506.340693,-5.0,-5.0,-5.329,-5.189
110.460077165,1790241506.3441806,-5.0,-5.0,-5.329,-5.189
110.47494688,1790241506.3589528,-5.0,-5.0,-4.768,-5.47
110.476621519,1790241506.3605607,-5.0,-5.0,-5.329,-5.189
110.49655056600001,1790241506.3807285,-5.0,-5.0,-5.329,-5.189
110.49946421700001,1790241506.3834865,-5.0,-5.0,-5.049,-5.189
110.51627325800001,1790241506.4004173,-5.0,-5.0,-5.329,-5.189
110.51957253500001,1790241506.4036534,-5.0,-5.0,-5.47,-5.189
110.539878302,1790241506.4239235,-5.0,-5.0,-5.329,-5.189
110.54206939900001,1790241506.4260564,-5.0,-5.0,-5.61,-5.189
110.544136018,1790241506.4281392,-5.0,-5.0,-5.47,-5.049
110.554999163,1790241506.4390159,-5.0,-5.0,-5.329,-5.049
110.577628892,1790241506.461819,-5.0,-5.0,-5.47,-5.049
110.581936608,1790241506.4660926,-5.0,-5.0,-5.61,-5.049
110.58440192500001,1790241506.4685006,-5.0,-5.0,-5.47,-5.049
110.59556814400001,1790241506.4796162,-5.0,-5.0,-5.75,-5.189
110.615743545,1790241506.4997969,-5.0,-5.0,-5.47,-5.049
110.61830250800001,1790241506.5024724,-5.0,-5.0,-5.329,-5.049
110.63596337400001,1790241506.5200238,-5.0,-5.0,-5.329,-5.049
110.63853192100001,1790241506.5225325,-5.0,-5.0,-5.329,-5.049
110.656230547,1790241506.5403407,-5.0,-5.0,-5.47,-5.189
110.65954466800001,1790241506.5436146,-5.0,-5.0,-5.47,-5.329
110.67792886800001,1790241506.5619693,-5.0,-5.0,-5.189,-5.189
110.680006528,1790241506.563972,-5.0,-5.0,-5.189,-5.329
110.69548338000001,1790241506.579504,-5.0,-5.0,-5.189,-5.189
110.69771775900001,1790241506.581943,-5.0,-5.0,-5.049,-5.329
110.71493107200001,1790241506.5989356,-5.0,-5.0,-5.049,-5.189
110.71654529300001,1790241506.6004798,-5.0,-5.0,-5.049,-5.329
110.73762585300001,1790241506.6217809,-5.0,-5.0,-5.049,-5.189
110.74183164200001,1790241506.6259506,-5.0,-5.0,-5.049,-5.329
110.74400997900001,1790241506.6279929,-5.0,-5.0,-5.329,-5.189
110.75577057400001,1790241506.639814,-5.0,-5.0,-5.329,-5.189
110.78498979400001,1790241506.6690269,-5.0,-5.0,-5.329,-5.189
110.78708380900001,1790241506.671054,-5.0,-5.0,-5.47,-5.049
110.789116312,1790241506.6730895,-5.0,-5.0,-5.61,-4.909
110.794992886,1790241506.6789927,-5.0,-5.0,-5.47,-4.909
110.81675615500001,1790241506.7009966,-5.0,-5.0,-5.61,-5.049
110.82059418300001,1790241506.704803,-5.0,-5.0,-5.47,-4.909
110.82451794,1790241506.7085998,-5.0,-5.0,-5.329,-5.049
110.83493868800001,1790241506.718934,-5.0,-5.0,-5.47,-4.768
110.857498574,1790241506.741661,-5.0,-5.0,-5.189,-4.909
110.861673998,1790241506.7458806,-5.0,-5.0,-5.189,-4.768
110.86429853400001,1790241506.7484047,-5.0,-5.0,-5.189,-4.628
110.877296891,1790241506.7613192,-5.0,-5.0,-5.189,-4.628
110.89590828,1790241506.7799554,-5.0,-5.0,-5.189,-4.488
110.89864896200001,1790241506.7826965,-5.0,-5.0,-5.189,-4.348
110.916039306,1790241506.8001003,-5.0,-5.0,-5.329,-4.348
110.918649207,1790241506.802667,-5.0,-5.0,-5.189,-4.348
110.936668667,1790241506.8210309,-5.0,-5.0,-5.329,-4.628
110.941027113,1790241506.8252335,-5.0,-5.0,-5.049,-4.768
110.945170089,1790241506.8293924,-5.0,-5.0,-5.049,-4.909
110.95645365200001,1790241506.8404589,-5.0,-5.0,-5.049,-5.049
110.977119783,1790241506.8612733,-5.0,-5.0,-4.909,-5.329
110.980364373,1790241506.864575,-5.0,-5.0,-4.768,-5.61
110.983754066,1790241506.867817,-5.0,-5.0,-4.768,-5.75
110.995146535,1790241506.8791666,-5.0,-5.0,-4.768,-5.75
111.016792304,1790241506.9009778,-5.0,-5.0,-4.628,-6.031
111.020098977,1790241506.904137,-5.0,-5.0,-4.628,-5.89
111.036518591,1790241506.920699,-5.0,-5.0,-4.628,-6.031
111.039821982,1790241506.9239223,-5.0,-5.0,-4.628,-5.89
111.055143208,1790241506.939155,-5.0,-5.0,-4.628,-5.89
111.057452483,1790241506.941523,-5.0,-5.0,-4.909,-5.75
111.075741788,1790241506.9597847,-5.0,-5.0,-4.768,-5.61
111.078083198,1790241506.9620895,-5.0,-5.0,-4.768,-5.61
111.097254848,1790241506.981445,-5.0,-5.0,-4.909,-5.47
111.100773969,1790241506.9850307,-5.0,-5.0,-4.909,-5.189
111.103440953,1790241506.987415,-5.0,-5.0,-4.768,-5.189
111.115675663,1790241506.9997494,-5.0,-5.0,-5.049,-5.189
111.13571215900001,1790241507.0197678,-5.0,-5.0,-4.909,-5.049
111.13828607,1790241507.0224762,-5.0,-5.0,-4.909,-5.049
111.15599584200001,1790241507.0400536,-5.0,-5.0,-5.049,-4.909
111.158585274,1790241507.0425954,-5.0,-5.0,-4.909,-5.049
111.17575098200001,1790241507.05987,-5.0,-5.0,-4.909,-4.909
111.179207082,1790241507.0632782,-5.0,-5.0,-4.768,-4.768
111.204723744,1790241507.0890694,-5.0,-5.0,-5.049,-4.628
111.20748385300001,1790241507.0914457,-5.0,-5.0,-4.768,-4.768
111.20914234600001,1790241507.0930867,-5.0,-5.0,-4.768,-4.768
111.215326993,1790241507.099393,-5.0,-5.0,-4.909,-4.628
111.23545114400001,1790241507.1194851,-5.0,-5.0,-4.909,-4.768
111.23741036700001,1790241507.1213782,-5.0,-5.0,-4.768,-4.628
111.257552747,1790241507.1416972,-5.0,-5.0,-4.909,-4.628
111.26175739000001,1790241507.1458664,-5.0,-5.0,-4.768,-4.768
111.26394718600001,1790241507.1479251,-5.0,-5.0,-4.768,-4.628
111.27549470700001,1790241507.1595626,-5.0,-5.0,-4.909,-4.628
111.304304813,1790241507.1883368,-5.0,-5.0,-4.768,-4.768
111.306428775,1790241507.1904106,-5.0,-5.0,-4.628,-4.768
111.309030655,1790241507.193138,-5.0,-5.0,-4.768,-4.768
111.31496368600001,1790241507.1989613,-5.0,-5.0,-4.628,-4.768
111.33751044700001,1790241507.2216582,-5.0,-5.0,-4.768,-4.909
111.341678371,1790241507.225807,-5.0,-5.0,-4.628,-4.909
111.34393842700001,1790241507.2279062,-5.0,-5.0,-4.909,-4.768
111.35578808400001,1790241507.239841,-5.0,-5.0,-4.628,-5.049
111.37777239600001,1790241507.261807,-5.0,-5.0,-4.768,-5.049
111.37982917000001,1790241507.2637925,-5.0,-5.0,-4.909,-5.189
111.395190084,1790241507.2792163,-5.0,-5.0,-5.049,-5.189
111.39721769200001,1790241507.2812343,-5.0,-5.0,-4.768,-5.329
111.41641824800001,1790241507.300492,-5.0,-5.0,-5.189,-5.189
111.41929075300001,1790241507.3033283,-5.0,-5.0,-5.049,-5.329
111.436082607,1790241507.320208,-5.0,-5.0,-5.049,-5.329
111.439793135,1790241507.3239844,-5.0,-5.0,-5.049,-5.329
111.45530295500001,1790241507.3393166,-5.0,-5.0,-5.189,-5.329
111.457120875,1790241507.3410738,-5.0,-5.0,-5.049,-5.47
111.47645309800001,1790241507.360552,-5.0,-5.0,-5.189,-5.329
111.479369718,1790241507.3634102,-5.0,-5.0,-5.049,-5.189
111.49651980200001,1790241507.3807974,-5.0,-5.0,-5.049,-5.329
111.50040053800001,1790241507.3844957,-5.0,-5.0,-4.909,-5.329
111.515988327,1790241507.4000735,-5.0,-5.0,-5.049,-5.049
111.51889468600001,1790241507.402929,-5.0,-5.0,-4.909,-5.189
111.535530655,1790241507.4195592,-5.0,-5.0,-4.909,-5.049
111.537757846,1790241507.421778,-5.0,-5.0,-5.049,-5.049
111.55526668,1790241507.4392912,-5.0,-5.0,-5.049,-5.189
111.55719126700001,1790241507.4411886,-5.0,-5.0,-4.909,-5.049
111.57636224000001,1790241507.4604611,-5.0,-5.0,-4.909,-5.049
111.57928412000001,1790241507.463305,-5.0,-5.0,-4.768,-5.049
111.596133631,1790241507.4802155,-5.0,-5.0,-4.768,-5.049
111.59907374000001,1790241507.483102,-5.0,-5.0,-4.909,-5.049
111.61534127,1790241507.499355,-5.0,-5.0,-5.049,-5.189
111.617486482,1790241507.501474,-5.0,-5.0,-4.909,-5.189
111.636343236,1790241507.5204349,-5.0,-5.0,-4.909,-5.049
111.639262668,1790241507.5232968,-5.0,-5.0,-5.049,-4.909
111.65615098100001,1790241507.5402708,-5.0,-5.0,-4.768,-4.909
111.659438539,1790241507.543522,-5.0,-5.0,-5.049,-5.049
111.675030859,1790241507.5590281,-5.0,-5.0,-5.049,-4.768
111.67665976800001,1790241507.560591,-5.0,-5.0,-5.049,-5.049
111.69638178400001,1790241507.5804586,-5.0,-5.0,-5.049,-4.768
111.699276581,1790241507.5832918,-5.0,-5.0,-5.189,-4.909
111.716927134,1790241507.6010087,-5.0,-5.0,-4.909,-4.909
111.71999339000001,1790241507.6040845,-5.0,-5.0,-4.909,-4.909
111.740599938,1790241507.6247156,-5.0,-5.0,-5.189,-4.628
111.74244212900001,1790241507.6264126,-5.0,-5.0,-5.049,-4.909
111.744329164,1790241507.6283147,-5.0,-5.0,-5.189,-4.628
111.754983714,1790241507.6389844,-5.0,-5.0,-5.189,-4.628
111.777921934,1790241507.6621199,-5.0,-5.0,-5.329,-4.628
111.78204730600001,1790241507.6662025,-5.0,-5.0,-5.189,-4.628
111.78421335200001,1790241507.6681786,-5.0,-5.0,-5.47,-4.488
111.795394414,1790241507.6793978,-5.0,-5.0,-5.47,-4.488
111.817187996,1790241507.7013273,-5.0,-5.0,-5.329,-4.488
111.821066492,1790241507.7051806,-5.0,-5.0,-5.47,-4.348
111.82476254100001,1790241507.709158,-5.0,-5.0,-5.329,-4.348
111.83497224700001,1790241507.7189674,-5.0,-5.0,-5.329,-4.488
111.857483591,1790241507.741649,-5.0,-5.0,-5.189,-4.348
111.86128292000001,1790241507.7454236,-5.0,-5.0,-5.049,-4.348
111.86388355000001,1790241507.7478583,-5.0,-5.0,-5.049,-4.348
111.875772114,1790241507.7598214,-5.0,-5.0,-5.049,-4.488
111.89528006600001,1790241507.7793052,-5.0,-5.0,-4.628,-4.628
111.89732668500001,1790241507.7812958,-5.0,-5.0,-4.768,-4.628
111.91647291800001,1790241507.8005595,-5.0,-5.0,-4.628,-4.628
111.919335371,1790241507.8033874,-5.0,-5.0,-4.488,-4.909
111.93645358,1790241507.8205497,-5.0,-5.0,-4.348,-4.768
111.93943238700001,1790241507.8234844,-5.0,-5.0,-4.488,-4.768
111.961336802,1790241507.8453944,-5.0,-5.0,-4.488,-5.049
111.963747588,1790241507.847752,-5.0,-5.0,-4.348,-4.909
111.965925196,1790241507.8499568,-5.0,-5.0,-4.488,-4.909
111.975272922,1790241507.8593225,-5.0,-5.0,-4.488,-5.049
111.996002179,1790241507.8800912,-5.0,-5.0,-4.488,-5.189
111.998780413,1790241507.882822,-5.0,-5.0,-4.488,-5.049
112.015986017,1790241507.9000459,-5.0,-5.0,-4.768,-5.049
112.01855534500001,1790241507.9025507,-5.0,-5.0,-4.628,-5.329
112.03616850300001,1790241507.9202912,-5.0,-5.0,-4.768,-5.189
112.039496321,1790241507.9235783,-5.0,-5.0,-4.768,-5.329
112.05501645400001,1790241507.9390345,-5.0,-5.0,-4.909,-5.189
112.056649217,1790241507.9405925,-5.0,-5.0,-4.768,-5.329
112.07538795,1790241507.9593985,-5.0,-5.0,-4.909,-5.329
112.07761660000001,1790241507.9617112,-5.0,-5.0,-4.909,-5.329
112.09638949900001,1790241507.9804847,-5.0,-5.0,-4.909,-5.189
112.09931346200001,1790241507.983334,-5.0,-5.0,-4.909,-5.329
112.119721885,1790241508.0037735,-5.0,-5.0,-4.909,-5.189
112.121911994,1790241508.005917,-5.0,-5.0,-4.909,-5.189
112.124441946,1790241508.0085201,-5.0,-5.0,-4.909,-5.189
112.13492889300001,1790241508.0189512,-5.0,-5.0,-5.049,-5.049
112.157525913,1790241508.0417073,-5.0,-5.0,-5.189,-5.049
112.16112227400001,1790241508.0451472,-5.0,-5.0,-4.909,-5.049
112.163211445,1790241508.0471795,-5.0,-5.0,-5.049,-4.909
112.17546938400001,1790241508.059497,-5.0,-5.0,-5.049,-4.909
112.19700202700001,1790241508.081166,-5.0,-5.0,-4.909,-4.909
112.20087114900001,1790241508.0849607,-5.0,-5.0,-4.909,-4.909
112.204567198,1790241508.0889363,-5.0,-5.0,-5.189,-4.909
112.214979873,1790241508.0989766,-5.0,-5.0,-4.909,-4.909
112.23765621700001,1790241508.1218894,-5.0,-5.0,-4.909,-4.909
112.24128851500001,1790241508.125394,-5.0,-5.0,-5.189,-4.628
112.24369148800001,1790241508.1277308,-5.0,-5.0,-4.909,-4.909
112.255614635,1790241508.1396134,-5.0,-5.0,-5.049,-4.909
112.27750264400001,1790241508.1616414,-5.0,-5.0,-5.049,-4.768
112.28124306800001,1790241508.165361,-5.0,-5.0,-5.049,-4.909
112.284573178,1790241508.1686153,-5.0,-5.0,-4.909,-4.909
112.29626028300001,1790241508.1802664,-5.0,-5.0,-4.909,-4.768
112.31709849800001,1790241508.2012584,-5.0,-5.0,-5.049,-4.909
112.320374129,1790241508.2046025,-5.0,-5.0,-4.768,-4.909
112.32376064600001,1790241508.2078092,-5.0,-5.0,-4.909,-4.768
112.33512946900001,1790241508.2191672,-5.0,-5.0,-4.768,-4.909
112.35691440500001,1790241508.241036,-5.0,-5.0,-4.628,-4.909
112.36013727500001,1790241508.2441912,-5.0,-5.0,-4.768,-4.909
112.38415955900001,1790241508.2681646,-5.0,-5.0,-4.768,-4.909
112.38588800000001,1790241508.269857,-5.0,-5.0,-4.628,-4.909
112.38747493000001,1790241508.2714095,-5.0,-5.0,-4.628,-4.909
112.395119475,1790241508.2791436,-5.0,-5.0,-4.768,-4.909
112.41635138900001,1790241508.3004477,-5.0,-5.0,-4.768,-4.909
112.419314572,1790241508.303344,-5.0,-5.0,-4.628,-4.909
112.43610262300001,1790241508.3202226,-5.0,-5.0,-4.909,-4.768
112.439627942,1790241508.3238788,-5.0,-5.0,-4.768,-4.909
112.456386359,1790241508.340399,-5.0,-5.0,-4.768,-4.909
112.458240372,1790241508.3422167,-5.0,-5.0,-4.768,-4.768
112.475610977,1790241508.3596437,-5.0,-5.0,-4.909,-4.768
112.47797322100001,1790241508.3619943,-5.0,-5.0,-4.628,-4.768
112.49601101500001,1790241508.380083,-5.0,-5.0,-4.768,-4.768
112.49861263400001,1790241508.3826268,-5.0,-5.0,-4.909,-4.628
112.516408865,1790241508.4005747,-5.0,-5.0,-4.628,-4.768
112.51977621500001,1790241508.403821,-5.0,-5.0,-4.768,-4.768
112.536346037,1790241508.4204643,-5.0,-5.0,-4.768,-4.628
112.53984729300001,1790241508.4239879,-5.0,-5.0,-4.768,-4.768
112.55553461400001,1790241508.4395928,-5.0,-5.0,-4.768,-4.909
112.55770826400001,1790241508.4417458,-5.0,-5.0,-4.909,-4.909
112.57555485900001,1790241508.459597,-5.0,-5.0,-4.768,-4.909
112.57790366500001,1790241508.4619133,-5.0,-5.0,-4.628,-5.049
112.59600114700001,1790241508.4800751,-5.0,-5.0,-4.909,-4.909
112.59860469300001,1790241508.4826307,-5.0,-5.0,-4.768,-4.909
112.617082123,1790241508.5011983,-5.0,-5.0,-4.628,-5.049
112.620445931,1790241508.5047872,-5.0,-5.0,-4.768,-4.909
112.623953646,1790241508.5080004,-5.0,-5.0,-4.768,-4.909
112.639737373,1790241508.5237503,-5.0,-5.0,-4.768,-5.049
112.65566886,1790241508.5397122,-5.0,-5.0,-4.628,-4.909
112.658018708,1790241508.5420406,-5.0,-5.0,-4.768,-4.909
112.67599296,1790241508.5600662,-5.0,-5.0,-4.768,-5.049
112.678561559,1790241508.5625763,-5.0,-5.0,-4.768,-5.049
112.69617112200001,1790241508.5802982,-5.0,-5.0,-4.909,-4.909
112.699500243,1790241508.5835855,-5.0,-5.0,-4.909,-5.049
112.714982199,1790241508.598996,-5.0,-5.0,-5.189,-5.189
112.716616837,1790241508.6005619,-5.0,-5.0,-5.189,-5.049
112.73637317500001,1790241508.6204505,-5.0,-5.0,-5.329,-5.049
112.739307087,1790241508.6233315,-5.0,-5.0,-5.189,-4.909
112.75615967,1790241508.6402647,-5.0,-5.0,-5.329,-4.768
112.75944655100001,1790241508.6435454,-5.0,-5.0,-5.47,-4.909
112.77637835300001,1790241508.6604102,-5.0,-5.0,-5.47,-4.909
112.778369607,1790241508.662356,-5.0,-5.0,-5.75,-4.909
112.796137869,1790241508.6803122,-5.0,-5.0,-5.61,-4.768
112.79939563500001,1790241508.6834981,-5.0,-5.0,-5.47,-4.909
112.81523660200001,1790241508.6992445,-5.0,-5.0,-5.61,-4.909
112.816949417,1790241508.7008958,-5.0,-5.0,-5.61,-4.909
112.83763054900001,1790241508.721847,-5.0,-5.0,-5.61,-4.909
112.84181649400001,1790241508.7259676,-5.0,-5.0,-5.61,-4.909
112.84404853000001,1790241508.7280169,-5.0,-5.0,-5.61,-5.049
112.85552230100001,1790241508.7395666,-5.0,-5.0,-5.61,-4.909
112.882326465,1790241508.7663672,-5.0,-5.0,-5.47,-4.768
112.884396781,1790241508.7683668,-5.0,-5.0,-5.47,-4.768
112.886561837,1790241508.770672,-5.0,-5.0,-5.329,-4.909
112.89497101900001,1790241508.7789855,-5.0,-5.0,-5.329,-4.909
112.91704053900001,1790241508.8011842,-5.0,-5.0,-5.329,-4.909
112.92096012900001,1790241508.8050673,-5.0,-5.0,-5.329,-4.909
112.924678365,1790241508.8090856,-5.0,-5.0,-5.189,-5.049
112.934976301,1790241508.8189793,-5.0,-5.0,-5.189,-4.909
112.957526967,1790241508.841692,-5.0,-5.0,-5.189,-4.909
112.96163192300001,1790241508.8457477,-5.0,-5.0,-5.189,-5.049
112.96401875000001,1790241508.8480542,-5.0,-5.0,-5.049,-4.909
112.975720334,1790241508.859722,-5.0,-5.0,-5.189,-4.909
112.99702980100001,1790241508.8811972,-5.0,-5.0,-5.049,-4.909
113.00102095400001,1790241508.8851275,-5.0,-5.0,-5.049,-4.909
113.004705752,1790241508.8891122,-5.0,-5.0,-5.049,-4.909
113.01501144800001,1790241508.8990242,-5.0,-5.0,-5.049,-4.909
113.037602792,1790241508.921743,-5.0,-5.0,-4.909,-5.049
113.04164175800001,1790241508.9256792,-5.0,-5.0,-4.909,-4.909
113.043724834,1790241508.9277008,-5.0,-5.0,-5.049,-4.909
113.05543136600001,1790241508.9394703,-5.0,-5.0,-4.909,-5.049
113.07513150700001,1790241508.9591336,-5.0,-5.0,-4.909,-4.909
113.076771562,1790241508.9607565,-5.0,-5.0,-4.909,-5.049
113.097079151,1790241508.9812102,-5.0,-5.0,-4.909,-5.189
113.100292386,1790241508.9845023,-5.0,-5.0,-4.909,-5.189
113.103666247,1790241508.9877555,-5.0,-5.0,-4.909,-5.049
113.11514845500001,1790241508.9991682,-5.0,-5.0,-5.049,-5.189
113.13627547300001,1790241509.0203187,-5.0,-5.0,-4.768,-5.189
113.138413029,1790241509.0224087,-5.0,-5.0,-5.049,-5.049
113.15644082300001,1790241509.0405326,-5.0,-5.0,-5.049,-5.189
113.15933692200001,1790241509.0433598,-5.0,-5.0,-4.909,-5.189
113.17637684900001,1790241509.0604606,-5.0,-5.0,-4.909,-4.909
113.179223573,1790241509.0632749,-5.0,-5.0,-5.049,-4.909
113.19679068900001,1790241509.0811129,-5.0,-5.0,-4.909,-5.049
113.200758456,1790241509.0849166,-5.0,-5.0,-5.189,-5.049
113.20456778600001,1790241509.0889432,-5.0,-5.0,-5.329,-4.909
113.21499968,1790241509.0990107,-5.0,-5.0,-5.189,-5.329
113.23755727400001,1790241509.1217186,-5.0,-5.0,-5.329,-5.049
113.24153186500001,1790241509.125669,-5.0,-5.0,-5.47,-5.049
113.24557041400001,1790241509.1297188,-5.0,-5.0,-5.189,-5.189
113.255057983,1790241509.1390657,-5.0,-5.0,-5.329,-4.909
113.27756281600001,1790241509.1617486,-5.0,-5.0,-5.47,-5.049
113.28181344900001,1790241509.1659582,-5.0,-5.0,-5.329,-5.049
113.284103974,1790241509.1680806,-5.0,-5.0,-5.329,-5.049
113.302268487,1790241509.1862934,-5.0,-5.0,-5.47,-4.909
113.304020417,1790241509.187995,-5.0,-5.0,-5.47,-5.049
113.31496778100001,1790241509.198974,-5.0,-5.0,-5.329,-4.909
113.33621953900001,1790241509.2203,-5.0,-5.0,-5.47,-4.768
113.338949752,1790241509.2229786,-5.0,-5.0,-5.329,-4.909
113.355729835,1790241509.2398024,-5.0,-5.0,-5.47,-4.909
113.35812853700001,1790241509.242113,-5.0,-5.0,-5.47,-4.768
113.376892478,1790241509.2611792,-5.0,-5.0,-5.329,-4.909
113.38092436000001,1790241509.2650194,-5.0,-5.0,-5.47,-4.768
113.384671763,1790241509.2688801,-5.0,-5.0,-5.329,-4.768
113.39920022700001,1790241509.2832088,-5.0,-5.0,-5.329,-4.768
113.415473851,1790241509.2994907,-5.0,-5.0,-5.189,-4.768
113.41766864700001,1790241509.3016634,-5.0,-5.0,-5.189,-4.628
113.43597727400001,1790241509.3200326,-5.0,-5.0,-5.049,-4.909
113.438588112,1790241509.322604,-5.0,-5.0,-5.189,-4.909
113.456338145,1790241509.340486,-5.0,-5.0,-5.189,-5.049
113.459706068,1790241509.3437524,-5.0,-5.0,-5.189,-5.049
113.475756618,1790241509.3597746,-5.0,-5.0,-5.049,-5.189
113.47761531900001,1790241509.3615856,-5.0,-5.0,-5.189,-5.049
113.49617207200001,1790241509.3802369,-5.0,-5.0,-5.189,-5.329
113.49875004600001,1790241509.3827534,-5.0,-5.0,-5.049,-5.329
113.51537538900001,1790241509.3993979,-5.0,-5.0,-5.189,-5.47
113.51753643400001,1790241509.4015095,-5.0,-5.0,-5.049,-5.47
113.53630506200001,1790241509.4204268,-5.0,-5.0,-5.189,-5.61
113.53920053700001,1790241509.423213,-5.0,-5.0,-5.049,-5.61
113.55766489300001,1790241509.4418209,-5.0,-5.0,-5.049,-5.61
113.56129516,1790241509.44543,-5.0,-5.0,-4.909,-5.75
113.56475126100001,1790241509.4489217,-5.0,-5.0,-5.049,-5.61
113.57603925000001,1790241509.460062,-5.0,-5.0,-4.909,-5.61
113.59654678800001,1790241509.4807343,-5.0,-5.0,-4.909,-5.75
113.599532522,1790241509.4835608,-5.0,-5.0,-5.049,-5.75
113.61606276100001,1790241509.5001636,-5.0,-5.0,-5.049,-5.89
113.619120006,1790241509.5031998,-5.0,-5.0,-5.049,-5.89
113.635235453,1790241509.51924,-5.0,-5.0,-5.049,-6.171
113.637026706,1790241509.5209792,-5.0,-5.0,-5.049,-6.171
113.65645809600001,1790241509.5405543,-5.0,-5.0,-4.909,-6.171
113.659360757,1790241509.5433972,-5.0,-5.0,-5.189,-6.171
113.67615141300001,1790241509.560275,-5.0,-5.0,-5.049,-6.031
113.679460586,1790241509.5635304,-5.0,-5.0,-5.049,-5.89
113.695004365,1790241509.5790179,-5.0,-5.0,-5.049,-5.75
113.696642232,1790241509.5805774,-5.0,-5.0,-4.909,-5.47
113.71679518600001,1790241509.6009955,-5.0,-5.0,-4.909,-5.329
113.719964879,1790241509.6040454,-5.0,-5.0,-4.909,-5.189
113.723289729,1790241509.607292,-5.0,-5.0,-4.909,-5.189
113.73497912500001,1790241509.618986,-5.0,-5.0,-4.628,-5.049
113.75679567600001,1790241509.6410437,-5.0,-5.0,-4.768,-5.049
113.760691777,1790241509.6450763,-5.0,-5.0,-4.909,-4.909
113.76466464900001,1790241509.6488574,-5.0,-5.0,-4.768,-4.909
113.77495904300001,1790241509.6589682,-5.0,-5.0,-4.628,-4.768
113.79758392800001,1790241509.6817431,-5.0,-5.0,-4.909,-4.768
113.80176612300001,1790241509.6858845,-5.0,-5.0,-4.909,-4.768
113.803963679,1790241509.687928,-5.0,-5.0,-4.909,-4.768
113.81593005600001,1790241509.6999764,-5.0,-5.0,-5.049,-4.909
113.835899415,1790241509.7199469,-5.0,-5.0,-5.049,-5.049
113.83822244000001,1790241509.722211,-5.0,-5.0,-5.189,-5.049
113.855574243,1790241509.739602,-5.0,-5.0,-5.049,-5.189
113.857920601,1790241509.7419217,-5.0,-5.0,-5.329,-4.909
113.8762585,1790241509.7604547,-5.0,-5.0,-5.189,-4.909
113.87937902600001,1790241509.7634377,-5.0,-5.0,-5.329,-5.049
113.89529259700001,1790241509.779326,-5.0,-5.0,-5.329,-4.909
113.89751192400001,1790241509.7815392,-5.0,-5.0,-5.189,-5.049
113.91576185400001,1790241509.799816,-5.0,-5.0,-5.189,-4.909
113.918132431,1790241509.8021278,-5.0,-5.0,-4.909,-5.189
113.937654081,1790241509.8218129,-5.0,-5.0,-4.628,-5.049
113.941496588,1790241509.825613,-5.0,-5.0,-4.768,-5.189
113.945420814,1790241509.829512,-5.0,-5.0,-4.768,-5.189
113.95509984300001,1790241509.83911,-5.0,-5.0,-4.628,-5.189
113.97806316600001,1790241509.8622062,-5.0,-5.0,-4.909,-5.329
113.98212431900001,1790241509.8663332,-5.0,-5.0,-5.049,-5.189
113.98434599000001,1790241509.8683052,-5.0,-5.0,-5.049,-5.189
113.99523403100001,1790241509.8792374,-5.0,-5.0,-5.329,-5.049
114.015913913,1790241509.8999732,-5.0,-5.0,-5.47,-4.768
114.018650897,1790241509.9026937,-5.0,-5.0,-5.329,-4.628
114.035978012,1790241509.9200497,-5.0,-5.0,-5.329,-4.768
114.03856655800001,1790241509.9225667,-5.0,-5.0,-5.47,-4.768
114.055351016,1790241509.939365,-5.0,-5.0,-5.47,-4.909
114.057157634,1790241509.9411247,-5.0,-5.0,-5.329,-4.909
114.07672157600001,1790241509.960967,-5.0,-5.0,-5.47,-4.909
114.080585959,1790241509.9648824,-5.0,-5.0,-5.049,-4.628
114.08486820600001,1790241509.9689674,-5.0,-5.0,-5.049,-4.628
114.09499515200001,1790241509.9789922,-5.0,-5.0,-5.049,-4.628
114.117689881,1790241510.001871,-5.0,-5.0,-5.049,-4.628
114.121866451,1790241510.0059903,-5.0,-5.0,-5.189,-4.628
114.12403869500001,1790241510.008004,-5.0,-5.0,-5.049,-4.488
114.13560314300001,1790241510.0197003,-5.0,-5.0,-5.189,-4.628
114.15527521000001,1790241510.0393176,-5.0,-5.0,-5.189,-4.488
114.157415943,1790241510.0414176,-5.0,-5.0,-5.049,-4.768
114.17574649800001,1790241510.0597904,-5.0,-5.0,-4.909,-4.628
114.17829280500001,1790241510.0624766,-5.0,-5.0,-4.768,-4.628
114.195998775,1790241510.080055,-5.0,-5.0,-4.768,-4.628
114.19858002900001,1790241510.0825815,-5.0,-5.0,-4.628,-4.768
114.21643756200001,1790241510.1004698,-5.0,-5.0,-4.488,-4.768
114.218507462,1790241510.1024957,-5.0,-5.0,-4.628,-4.768
114.23623827600001,1790241510.1203616,-5.0,-5.0,-4.628,-4.768
114.23956958400001,1790241510.1236575,-5.0,-5.0,-4.488,-4.909
114.255015966,1790241510.1390178,-5.0,-5.0,-4.628,-4.768
114.25664487600001,1790241510.1405802,-5.0,-5.0,-4.628,-4.909
114.276369599,1790241510.1604462,-5.0,-5.0,-4.628,-4.909
114.27928252100001,1790241510.1633039,-5.0,-5.0,-4.768,-4.909
114.29612411500001,1790241510.1802287,-5.0,-5.0,-5.049,-4.909
114.299437298,1790241510.183512,-5.0,-5.0,-4.768,-5.049
114.31501769100001,1790241510.1990347,-5.0,-5.0,-4.768,-4.909
114.316661913,1790241510.2005975,-5.0,-5.0,-4.909,-4.909
114.336511533,1790241510.2206018,-5.0,-5.0,-4.768,-4.909
114.34012778900001,1790241510.2243154,-5.0,-5.0,-4.768,-4.909
114.35506229600001,1790241510.239069,-5.0,-5.0,-4.909,-4.628
114.35668933000001,1790241510.2406938,-5.0,-5.0,-4.909,-4.909
114.376635565,1790241510.2608874,-5.0,-5.0,-4.768,-4.768
114.380552707,1790241510.2652833,-5.0,-5.0,-4.768,-4.768
114.385200112,1790241510.2692475,-5.0,-5.0,-4.909,-4.768
114.396055601,1790241510.280058,-5.0,-5.0,-4.768,-4.768
114.416538555,1790241510.3006997,-5.0,-5.0,-4.909,-4.628
114.41945600800001,1790241510.3034744,-5.0,-5.0,-4.909,-4.768
114.43617369500001,1790241510.3202746,-5.0,-5.0,-4.909,-4.768
114.43946917000001,1790241510.3235435,-5.0,-5.0,-4.909,-4.768
114.454983834,1790241510.3389902,-5.0,-5.0,-5.049,-4.628
114.45661493,1790241510.3405516,-5.0,-5.0,-4.909,-4.768
114.476395331,1790241510.3604867,-5.0,-5.0,-4.768,-4.909
114.479301535,1790241510.3633182,-5.0,-5.0,-4.909,-4.768
114.49521750100001,1790241510.3792386,-5.0,-5.0,-4.768,-4.768
114.49717938,1790241510.381139,-5.0,-5.0,-4.628,-4.628
114.51546561200001,1790241510.3995042,-5.0,-5.0,-4.768,-4.488
114.51768118800001,1790241510.401666,-5.0,-5.0,-4.909,-4.488
114.53603788900001,1790241510.4201143,-5.0,-5.0,-4.628,-4.628
114.538650758,1790241510.4226458,-5.0,-5.0,-4.488,-4.628
114.557351991,1790241510.441478,-5.0,-5.0,-4.628,-4.488
114.56119205,1790241510.4453058,-5.0,-5.0,-4.348,-4.909
114.56394283600001,1790241510.4479198,-5.0,-5.0,-4.488,-4.768
114.57560431600001,1790241510.4596055,-5.0,-5.0,-4.488,-4.909
114.59728852200001,1790241510.4814615,-5.0,-5.0,-4.628,-5.189
114.60140785300001,1790241510.4855309,-5.0,-5.0,-4.488,-5.189
114.605254943,1790241510.4893444,-5.0,-5.0,-4.628,-5.329
114.614991992,1790241510.4989998,-5.0,-5.0,-4.488,-5.189
114.637555836,1790241510.5217118,-5.0,-5.0,-4.488,-5.329
114.64157438500001,1790241510.5256314,-5.0,-5.0,-4.488,-5.329
114.64369303500001,1790241510.5276666,-5.0,-5.0,-4.768,-5.189
114.660340305,1790241510.5443532,-5.0,-5.0,-4.628,-5.189
114.676271376,1790241510.5603783,-5.0,-5.0,-4.488,-5.049
114.679220235,1790241510.563253,-5.0,-5.0,-4.628,-5.049
114.695332609,1790241510.5793529,-5.0,-5.0,-4.628,-4.909
114.69749605000001,1790241510.5814893,-5.0,-5.0,-4.628,-5.049
114.71602999000001,1790241510.6000853,-5.0,-5.0,-4.768,-4.768
114.71861822400001,1790241510.6026154,-5.0,-5.0,-4.768,-4.768
114.73608961000001,1790241510.6201208,-5.0,-5.0,-4.628,-4.768
114.73806721800001,1790241510.6220372,-5.0,-5.0,-4.768,-4.768
114.75672105500001,1790241510.6409502,-5.0,-5.0,-4.628,-4.628
114.760598458,1790241510.6448972,-5.0,-5.0,-4.768,-4.628
114.76449284,1790241510.6485677,-5.0,-5.0,-4.628,-4.628
114.774994057,1790241510.6589909,-5.0,-5.0,-4.628,-4.768
114.797556338,1790241510.6816957,-5.0,-5.0,-4.768,-4.628
114.80182181500001,1790241510.6859431,-5.0,-5.0,-4.628,-4.768
114.80400041200001,1790241510.6879644,-5.0,-5.0,-4.628,-4.909
114.81553814200001,1790241510.6995976,-5.0,-5.0,-4.768,-4.768
114.835712137,1790241510.7197614,-5.0,-5.0,-4.628,-5.049
114.838251204,1790241510.7224438,-5.0,-5.0,-4.628,-5.049
114.85601227900001,1790241510.7400665,-5.0,-5.0,-4.768,-5.049
114.858790669,1790241510.7429383,-5.0,-5.0,-5.049,-5.049
114.875027887,1790241510.7590363,-5.0,-5.0,-4.628,-5.189
114.87670471300001,1790241510.7606883,-5.0,-5.0,-4.768,-5.189
114.901507154,1790241510.7855582,-5.0,-5.0,-4.909,-5.049
114.90375814800001,1790241510.7877464,-5.0,-5.0,-4.768,-5.189
114.906276538,1790241510.790342,-5.0,-5.0,-4.768,-5.189
114.914977647,1790241510.798987,-5.0,-5.0,-4.909,-5.049
114.937691075,1790241510.8218822,-5.0,-5.0,-4.768,-5.189
114.94161191500001,1790241510.825679,-5.0,-5.0,-4.628,-5.049
114.94372608600001,1790241510.827698,-5.0,-5.0,-5.049,-4.909
114.95543418000001,1790241510.8394585,-5.0,-5.0,-5.049,-4.909
114.975149529,1790241510.8591638,-5.0,-5.0,-4.909,-5.049
114.97694203200001,1790241510.8608966,-5.0,-5.0,-5.049,-4.909
114.99753108,1790241510.8816984,-5.0,-5.0,-5.329,-4.768
115.00137218100001,1790241510.8855145,-5.0,-5.0,-5.049,-4.909
115.005389324,1790241510.889493,-5.0,-5.0,-5.189,-4.909
115.015106321,1790241510.899126,-5.0,-5.0,-5.329,-4.628
115.036934642,1790241510.9210508,-5.0,-5.0,-5.049,-4.909
115.040157617,1790241510.9242108,-5.0,-5.0,-5.049,-4.768
115.05585660400001,1790241510.939931,-5.0,-5.0,-5.329,-4.628
115.05873666100001,1790241510.942755,-5.0,-5.0,-5.049,-4.909
115.075426484,1790241510.9594438,-5.0,-5.0,-5.049,-4.768
115.07760565400001,1790241510.961582,-5.0,-5.0,-5.189,-4.628
115.09633902200001,1790241510.9804308,-5.0,-5.0,-5.049,-4.909
115.099248715,1790241510.9832816,-5.0,-5.0,-4.909,-4.909
115.116164892,1790241511.000292,-5.0,-5.0,-5.189,-4.909
115.11946370000001,1790241511.003549,-5.0,-5.0,-4.909,-4.909
115.13502232200001,1790241511.0190206,-5.0,-5.0,-4.909,-4.768
115.13665560700001,1790241511.0205913,-5.0,-5.0,-4.909,-4.768
115.15636882000001,1790241511.0404465,-5.0,-5.0,-4.768,-4.909
115.15926366900001,1790241511.0432801,-5.0,-5.0,-4.768,-5.049
115.17615703300001,1790241511.060278,-5.0,-5.0,-5.189,-5.049
115.17942469600001,1790241511.063465,-5.0,-5.0,-5.189,-5.189
115.19502133900001,1790241511.0790207,-5.0,-5.0,-4.909,-5.329
115.196654311,1790241511.0806005,-5.0,-5.0,-5.049,-5.049
115.21636872200001,1790241511.1004655,-5.0,-5.0,-4.909,-5.049
115.219353936,1790241511.103384,-5.0,-5.0,-4.909,-5.049
115.23609537300001,1790241511.120153,-5.0,-5.0,-5.049,-5.189
115.238696367,1790241511.1227198,-5.0,-5.0,-5.329,-5.329
115.257121557,1790241511.1412692,-5.0,-5.0,-5.049,-5.329
115.26035364600001,1790241511.1445048,-5.0,-5.0,-5.049,-5.47
115.263730944,1790241511.1478026,-5.0,-5.0,-5.189,-5.189
115.27514648600001,1790241511.1591516,-5.0,-5.0,-4.909,-5.329
115.296933088,1790241511.1810477,-5.0,-5.0,-5.049,-5.329
115.30020382400001,1790241511.184244,-5.0,-5.0,-5.049,-5.049
115.31594104000001,1790241511.2000203,-5.0,-5.0,-5.049,-5.329
115.31885724300001,1790241511.2028766,-5.0,-5.0,-5.189,-5.329
115.335264253,1790241511.2192898,-5.0,-5.0,-5.189,-5.049
115.3374241,1790241511.2213957,-5.0,-5.0,-5.049,-5.189
115.356367781,1790241511.2404616,-5.0,-5.0,-4.909,-5.189
115.359259922,1790241511.2432961,-5.0,-5.0,-5.049,-4.909
115.37614099400001,1790241511.2602627,-5.0,-5.0,-4.768,-5.049
115.379423344,1790241511.2635086,-5.0,-5.0,-4.909,-5.049
115.39501623700001,1790241511.2790437,-5.0,-5.0,-5.049,-4.909
115.39667212600001,1790241511.2806091,-5.0,-5.0,-5.049,-5.189
115.41632231800001,1790241511.300397,-5.0,-5.0,-4.909,-5.189
115.41920274,1790241511.303218,-5.0,-5.0,-5.049,-5.049
115.436123084,1790241511.3202465,-5.0,-5.0,-5.049,-5.049
115.439608246,1790241511.3238852,-5.0,-5.0,-4.909,-5.189
115.45520291000001,1790241511.3392022,-5.0,-5.0,-5.049,-5.049
115.45702150700001,1790241511.3409936,-5.0,-5.0,-5.049,-5.049
115.476340293,1790241511.360415,-5.0,-5.0,-5.049,-5.189
115.479253267,1790241511.3632903,-5.0,-5.0,-5.189,-5.049
115.49635355900001,1790241511.3804352,-5.0,-5.0,-5.329,-4.909
115.49926106400001,1790241511.383281,-5.0,-5.0,-5.189,-5.189
115.51604614700001,1790241511.4001343,-5.0,-5.0,-4.909,-4.909
115.518984121,1790241511.4030042,-5.0,-5.0,-4.348,-4.207
115.535321443,1790241511.419342,-5.0,-5.0,-3.506,-3.646
115.53749087400001,1790241511.4214678,-5.0,-5.0,-2.244,-2.384
115.556557471,1790241511.4407415,-5.0,-5.0,-1.402,-1.683
115.559547425,1790241511.4435701,-5.0,-5.0,-0.561,-1.262
115.57590558000001,1790241511.4600089,-5.0,-5.0,-0.421,-0.701
115.578734283,1790241511.4627776,-5.0,-5.0,0.0,-0.14
115.595095459,1790241511.479106,-5.0,-5.0,0.14,0.0
115.59671952400001,1790241511.4807308,-5.0,-5.0,0.14,0.0
115.616286904,1790241511.5004199,-5.0,-5.0,0.28,0.28
115.61912946100001,1790241511.503265,-5.0,-5.0,0.28,0.28
115.63624183600001,1790241511.5204062,-5.0,-5.0,0.14,0.0
115.639751634,1790241511.5238838,-5.0,-5.0,0.0,0.0
115.65490978700001,1790241511.5389063,-5.0,-5.0,0.0,0.0
115.65640609200001,1790241511.540356,-5.0,-5.0,0.0,0.0
115.67661352500001,1790241511.5608132,-5.0,-5.0,0.0,0.0
115.67969176000001,1790241511.563735,-5.0,-5.0,0.0,0.0
115.69502970500001,1790241511.57905,-5.0,-5.0,0.0,0.0
115.69664627,1790241511.580602,-5.0,-5.0,0.0,0.0
115.71613792000001,1790241511.600218,-5.0,-5.0,0.0,0.0
115.71879954,1790241511.602837,-5.0,-5.0,0.0,0.0
115.73653837500001,1790241511.6207511,-5.0,-5.0,0.0,0.0
115.739619214,1790241511.6236582,-5.0,-5.0,0.0,0.0
115.75500570000001,1790241511.6390088,-5.0,-5.0,0.0,0.0
115.756619141,1790241511.640559,-5.0,-5.0,0.0,0.0
115.77613777,1790241511.66022,-5.0,-5.0,0.0,0.0
115.77882131700001,1790241511.662858,-5.0,-5.0,0.0,0.0
115.796580777,1790241511.6807828,-5.0,-5.0,0.0,0.0
115.799654949,1790241511.6837142,-5.0,-5.0,0.0,0.0
115.815031696,1790241511.699039,-5.0,-5.0,0.0,0.0
115.816641699,1790241511.7005992,-5.0,-5.0,0.0,0.0
115.83613012,1790241511.7202256,-5.0,-5.0,0.0,0.0
115.83884132300001,1790241511.722857,-5.0,-5.0,0.0,0.0
115.856580366,1790241511.740779,-5.0,-5.0,0.0,0.0
115.85964641300001,1790241511.7437048,-5.0,-5.0,0.0,0.0
115.87502769100001,1790241511.759046,-5.0,-5.0,0.0,0.0
115.87664602800001,1790241511.7605886,-5.0,-5.0,0.0,0.0
115.89612892800001,1790241511.7802207,-5.0,-5.0,0.0,0.0
115.89880336,1790241511.782818,-5.0,-5.0,0.0,0.0
115.91661433,1790241511.8008323,-5.0,-5.0,0.0,0.0
115.919794128,1790241511.803852,-5.0,-5.0,0.0,0.0
115.935062802,1790241511.8190706,-5.0,-5.0,0.0,0.0
115.936673794,1790241511.8209503,-5.0,-5.0,0.0,0.0
115.95618914200001,1790241511.8402815,-5.0,-5.0,0.0,0.0
115.958853262,1790241511.8428738,-5.0,-5.0,0.0,0.0
115.976680743,1790241511.860871,-5.0,-5.0,0.0,0.0
115.97975429,1790241511.8638065,-5.0,-5.0,0.0,0.0
115.99502259900001,1790241511.879038,-5.0,-5.0,0.0,0.0
115.99662333100001,1790241511.8805652,-5.0,-5.0,0.0,0.0
116.01614237800001,1790241511.9002357,-5.0,-5.0,0.0,0.0
116.018834935,1790241511.902853,-5.0,-5.0,0.0,0.0
116.036631165,1790241511.9208164,-5.0,-5.0,0.0,0.0
116.039684921,1790241511.9237363,-5.0,-5.0,0.0,0.0
116.05504578200001,1790241511.9390633,-5.0,-5.0,0.0,0.0
116.05665365,1790241511.9405944,-5.0,-5.0,0.0,0.0
116.076285196,1790241511.9603658,-5.0,-5.0,0.0,0.0
116.078936607,1790241511.9629688,-5.0,-5.0,0.0,0.0
116.096282368,1790241511.9803975,-5.0,-5.0,0.0,0.0
116.09899065500001,1790241511.983026,-5.0,-5.0,0.0,0.0
116.11520808,1790241511.999224,-5.0,-5.0,0.0,0.0
116.117192094,1790241512.0011659,-5.0,-5.0,0.0,0.0
116.13628114000001,1790241512.0203807,-5.0,-5.0,0.0,0.0
116.13897468600001,1790241512.023018,-5.0,-5.0,0.0,0.0
116.155877582,1790241512.0399983,-5.0,-5.0,0.0,0.0
116.158942327,1790241512.0429885,-5.0,-5.0,0.0,0.0
116.17631605700001,1790241512.0604827,-5.0,-5.0,0.0,0.0
116.179914084,1790241512.0640135,-5.0,-5.0,0.0,0.0
116.18350820600001,1790241512.0676355,-5.0,-5.0,0.0,0.0
116.194828435,1790241512.0788457,-5.0,-5.0,0.0,0.0
116.21748806000001,1790241512.1016784,-5.0,-5.0,0.0,0.0
116.22144087900001,1790241512.1055872,-5.0,-5.0,0.0,0.0
116.223709321,1790241512.107675,-5.0,-5.0,0.0,0.0
116.23554642600001,1790241512.1195867,-5.0,-5.0,0.0,0.0
116.256165214,1790241512.1402407,-5.0,-5.0,0.0,0.0
116.258893552,1790241512.1430266,-5.0,-5.0,0.0,0.0
116.275857177,1790241512.1599832,-5.0,-5.0,0.0,0.0
116.278952183,1790241512.1630068,-5.0,-5.0,0.0,0.0
116.294921587,1790241512.1789281,-5.0,-5.0,0.0,0.0
116.296437319,1790241512.1803782,-5.0,-5.0,0.0,0.0
116.31656631400001,1790241512.200757,-5.0,-5.0,0.0,0.0
116.31962277800001,1790241512.2036805,-5.0,-5.0,0.0,0.0
116.335652287,1790241512.2197688,-5.0,-5.0,0.0,0.0
116.338355938,1790241512.222374,-5.0,-5.0,0.0,0.0
116.35538081300001,1790241512.2394133,-5.0,-5.0,0.0,0.0
116.357429671,1790241512.241449,-5.0,-5.0,0.0,0.0
116.376132569,1790241512.2602334,-5.0,-5.0,0.0,0.0
116.37883908500001,1790241512.2628622,-5.0,-5.0,0.0,0.0
116.395139063,1790241512.2791688,-5.0,-5.0,0.0,0.0
116.39713750400001,1790241512.281124,-5.0,-5.0,0.0,0.0
116.41614488200001,1790241512.3002353,-5.0,-5.0,0.0,0.0
116.418892596,1790241512.3029168,-5.0,-5.0,0.0,0.0
116.436556795,1790241512.3207672,-5.0,-5.0,0.0,0.0
116.43962857100001,1790241512.323684,-5.0,-5.0,0.0,0.0
116.455023808,1790241512.339029,-5.0,-5.0,0.0,0.0
116.45662157100001,1790241512.3405728,-5.0,-5.0,0.0,0.0
116.47614665900001,1790241512.3602407,-5.0,-5.0,0.0,0.0
116.478881873,1790241512.3629024,-5.0,-5.0,0.0,0.0
116.496583259,1790241512.3807793,-5.0,-5.0,0.0,0.0
116.49963790000001,1790241512.3836977,-5.0,-5.0,0.0,0.0
116.51625162900001,1790241512.4003632,-5.0,-5.0,0.0,0.0
116.519314811,1790241512.403381,-5.0,-5.0,0.0,0.0
116.53491046500001,1790241512.418908,-5.0,-5.0,0.0,0.0
116.536399582,1790241512.420334,-5.0,-5.0,0.0,0.0
116.55657139,1790241512.4407384,-5.0,-5.0,0.0,0.0
116.559310718,1790241512.4433618,-5.0,-5.0,0.0,0.0
116.576121634,1790241512.4602113,-5.0,-5.0,0.0,0.0
116.57878690000001,1790241512.4632964,-5.0,-5.0,0.0,0.0
116.59518495100001,1790241512.4791965,-5.0,-5.0,0.0,0.0
116.59686813100001,1790241512.4808588,-5.0,-5.0,0.0,0.0
116.61618233300001,1790241512.5003073,-5.0,-5.0,0.0,0.0
116.61899134800001,1790241512.503062,-5.0,-5.0,0.0,0.14
116.63618669200001,1790241512.5203502,-5.0,-5.0,0.0,0.0
116.63976237600001,1790241512.523861,-5.0,-5.0,0.0,0.14
116.65490125800001,1790241512.5389075,-5.0,-5.0,0.0,0.0
116.65639563600001,1790241512.540329,-5.0,-5.0,0.14,0.14
116.67661869400001,1790241512.5608282,-5.0,-5.0,0.0,0.14
116.679694741,1790241512.5637357,-5.0,-5.0,0.28,0.14
116.696126125,1790241512.5802603,-5.0,-5.0,0.28,0.28
116.69880456800001,1790241512.582836,-5.0,-5.0,0.28,0.28
116.716221579,1790241512.6003664,-5.0,-5.0,0.28,0.28
116.71976731500001,1790241512.603902,-5.0,-5.0,0.28,0.28
116.73488953,1790241512.6188886,-5.0,-5.0,0.421,0.421
116.736397189,1790241512.620344,-5.0,-5.0,0.561,0.561
116.75665670500001,1790241512.640844,-5.0,-5.0,0.561,0.561
116.75971014800001,1790241512.6437464,-5.0,-5.0,0.561,0.561
116.77503080100001,1790241512.6590347,-5.0,-5.0,0.701,0.561
116.776629346,1790241512.660584,-5.0,-5.0,0.561,0.701
116.79611771500001,1790241512.68021,-5.0,-5.0,0.701,0.841
116.79880173000001,1790241512.6828356,-5.0,-5.0,0.701,0.701
116.81660275300001,1790241512.7008083,-5.0,-5.0,0.561,0.841
116.81967385200001,1790241512.7037313,-5.0,-5.0,0.701,0.841
116.83504778700001,1790241512.7190568,-5.0,-5.0,0.561,0.841
116.83666513300001,1790241512.7206206,-5.0,-5.0,0.701,0.841
116.85613917900001,1790241512.740251,-5.0,-5.0,0.841,0.841
116.858860018,1790241512.7428808,-5.0,-5.0,0.701,0.841
116.87612171600001,1790241512.7602453,-5.0,-5.0,0.841,0.841
116.87919818,1790241512.763256,-5.0,-5.0,0.841,0.982
116.89489909400001,1790241512.7788987,-5.0,-5.0,0.841,0.982
116.896473368,1790241512.7804215,-5.0,-5.0,0.841,0.982
116.91651543600001,1790241512.8007452,-5.0,-5.0,0.982,0.982
116.919602212,1790241512.803661,-5.0,-5.0,0.841,0.841
116.93577088800001,1790241512.8198705,-5.0,-5.0,0.841,1.122
116.938475737,1790241512.8225007,-5.0,-5.0,0.841,1.122
116.95521279900001,1790241512.8392286,-5.0,-5.0,0.982,1.122
116.957223063,1790241512.8412251,-5.0,-5.0,0.841,1.122
116.976232889,1790241512.8603299,-5.0,-5.0,0.841,0.982
116.97891617500001,1790241512.86297,-5.0,-5.0,0.982,1.122
116.995883602,1790241512.8799937,-5.0,-5.0,0.982,1.122
116.99892793100001,1790241512.8829935,-5.0,-5.0,0.982,0.982
117.015022388,1790241512.8990421,-5.0,-5.0,0.982,1.122
117.01664041100001,1790241512.9005945,-5.0,-5.0,1.122,1.122
117.036130864,1790241512.9202085,-5.0,-5.0,1.122,1.122
117.03877482700001,1790241512.9228055,-5.0,-5.0,1.122,0.982
117.05593626500001,1790241512.940059,-5.0,-5.0,1.262,1.122
117.059141323,1790241512.9431982,-5.0,-5.0,1.122,1.122
117.07493432000001,1790241512.9589355,-5.0,-5.0,1.122,1.122
117.07645656300001,1790241512.960395,-5.0,-5.0,1.122,0.982
117.09636321400001,1790241512.9804437,-5.0,-5.0,1.262,1.122
117.099028583,1790241512.9830813,-5.0,-5.0,1.122,0.982
117.116174344,1790241513.0002556,-5.0,-5.0,1.122,1.122
117.118836849,1790241513.0028903,-5.0,-5.0,1.262,0.982
117.135862141,1790241513.0199873,-5.0,-5.0,1.262,0.982
117.138931677,1790241513.022972,-5.0,-5.0,1.262,0.982
117.15502837400001,1790241513.0390527,-5.0,-5.0,1.262,1.122
117.15669145000001,1790241513.040834,-5.0,-5.0,1.402,1.122
117.17614935,1790241513.060245,-5.0,-5.0,1.402,0.982
117.178853626,1790241513.062897,-5.0,-5.0,1.402,0.982
117.19594105300001,1790241513.0800672,-5.0,-5.0,1.262,1.122
117.198973663,1790241513.0830357,-5.0,-5.0,1.262,1.122
117.216398955,1790241513.1005619,-5.0,-5.0,1.402,0.982
117.220095576,1790241513.1042175,-5.0,-5.0,1.122,1.122
117.22370318700001,1790241513.1078017,-5.0,-5.0,1.402,0.982
117.234832478,1790241513.1188283,-5.0,-5.0,1.262,1.122
117.257392416,1790241513.1415696,-5.0,-5.0,1.262,1.122
117.26126039100001,1790241513.1453714,-5.0,-5.0,1.262,1.122
117.26366800000001,1790241513.1476374,-5.0,-5.0,1.402,1.122
117.27543948,1790241513.1595192,-5.0,-5.0,1.262,1.122
117.295629934,1790241513.1796746,-5.0,-5.0,1.402,1.122
117.298011657,1790241513.1820838,-5.0,-5.0,1.262,0.982
117.31581997100001,1790241513.1998928,-5.0,-5.0,1.262,1.122
117.31822664200001,1790241513.2022257,-5.0,-5.0,1.262,0.982
117.336315529,1790241513.220518,-5.0,-5.0,1.122,1.122
117.33991314000001,1790241513.2240162,-5.0,-5.0,1.122,0.841
117.354917438,1790241513.2389166,-5.0,-5.0,1.122,0.982
117.35642702400001,1790241513.2403605,-5.0,-5.0,1.122,0.841
117.376578311,1790241513.260807,-5.0,-5.0,1.122,0.841
117.37964279600001,1790241513.2637024,-5.0,-5.0,1.122,0.841
117.395676784,1790241513.279776,-5.0,-5.0,1.122,0.701
117.39836220500001,1790241513.2823787,-5.0,-5.0,1.262,0.841
117.415170465,1790241513.2992141,-5.0,-5.0,1.122,0.841
117.41718713600001,1790241513.3011858,-5.0,-5.0,1.262,0.701
117.436144514,1790241513.3202233,-5.0,-5.0,1.122,0.982
117.43883884200001,1790241513.3228874,-5.0,-5.0,1.122,0.841
117.455914186,1790241513.3400395,-5.0,-5.0,1.122,0.841
117.458974608,1790241513.3430183,-5.0,-5.0,1.122,0.982
117.47499463800001,1790241513.35901,-5.0,-5.0,0.982,0.982
117.47661094300001,1790241513.360554,-5.0,-5.0,1.122,0.982
117.496175874,1790241513.3802578,-5.0,-5.0,0.982,0.841
117.498852494,1790241513.3828692,-5.0,-5.0,1.122,0.982
117.516109036,1790241513.4002373,-5.0,-5.0,0.982,0.841
117.51914117700001,1790241513.4031987,-5.0,-5.0,0.982,0.841
117.534906675,1790241513.4189038,-5.0,-5.0,0.982,0.701
117.53647105200001,1790241513.42041,-5.0,-5.0,0.982,0.561
117.556230255,1790241513.440309,-5.0,-5.0,0.982,0.421
117.55887526000001,1790241513.4428916,-5.0,-5.0,0.841,0.701
117.576143,1790241513.460219,-5.0,-5.0,0.982,0.701
117.57881227600001,1790241513.4628527,-5.0,-5.0,0.841,0.561
117.59592923400001,1790241513.4800649,-5.0,-5.0,0.841,0.561
117.59901559400001,1790241513.4830794,-5.0,-5.0,0.982,0.561
117.615020728,1790241513.4990606,-5.0,-5.0,0.841,0.701
117.616723543,1790241513.500738,-5.0,-5.0,0.841,0.561
117.63612212100001,1790241513.5201993,-5.0,-5.0,0.841,0.701
117.638808584,1790241513.522862,-5.0,-5.0,0.701,0.561
117.65590887600001,1790241513.5400336,-5.0,-5.0,0.421,0.421
117.65897726700001,1790241513.5430245,-5.0,-5.0,0.421,0.421
117.67487604600001,1790241513.558874,-5.0,-5.0,0.561,0.421
117.676388392,1790241513.5603247,-5.0,-5.0,0.561,0.421
117.69615421,1790241513.5802498,-5.0,-5.0,0.561,0.421
117.69883926700001,1790241513.5828564,-5.0,-5.0,0.561,0.28
117.71603284000001,1790241513.6001403,-5.0,-5.0,0.561,0.421
117.71909482500001,1790241513.6031454,-5.0,-5.0,0.561,0.14
117.734894593,1790241513.6189034,-5.0,-5.0,0.561,0.14
117.73640970000001,1790241513.6203446,-5.0,-5.0,0.421,0.0
117.756565206,1790241513.6407633,-5.0,-5.0,0.561,0.14
117.75960010700001,1790241513.6436415,-5.0,-5.0,0.561,0.0
117.775598731,1790241513.6597185,-5.0,-5.0,0.421,0.0
117.778305871,1790241513.66234,-5.0,-5.0,0.421,0.0
117.79514840200001,1790241513.679166,-5.0,-5.0,0.28,0.0
117.79712564500001,1790241513.6811016,-5.0,-5.0,0.421,0.0
117.816131669,1790241513.7002103,-5.0,-5.0,0.28,0.0
117.81876782,1790241513.7027845,-5.0,-5.0,0.421,0.0
117.835917487,1790241513.7200258,-5.0,-5.0,0.28,0.0
117.838970982,1790241513.7230353,-5.0,-5.0,0.28,0.0
117.85499965700001,1790241513.7390087,-5.0,-5.0,0.14,0.0
117.85666132700001,1790241513.7406187,-5.0,-5.0,0.14,0.0
117.876573343,1790241513.760785,-5.0,-5.0,0.14,0.0
117.87970543200001,1790241513.7637584,-5.0,-5.0,0.28,0.0
117.89590290900001,1790241513.780011,-5.0,-5.0,0.14,0.0
117.89895255100001,1790241513.7830186,-5.0,-5.0,0.0,0.0
117.91500909000001,1790241513.7990177,-5.0,-5.0,0.14,0.0
117.91663872900001,1790241513.800583,-5.0,-5.0,0.0,0.0
117.93619090000001,1790241513.8202848,-5.0,-5.0,0.0,0.0
117.93886554000001,1790241513.822881,-5.0,-5.0,0.0,0.0
117.95661354200001,1790241513.840805,-5.0,-5.0,0.0,0.0
117.959658235,1790241513.8437347,-5.0,-5.0,0.0,0.0
117.97563211800001,1790241513.8597102,-5.0,-5.0,0.0,0.0
117.97786347600001,1790241513.861933,-5.0,-5.0,0.0,0.0
117.99554528,1790241513.8795652,-5.0,-5.0,0.0,0.0
117.99755346100001,1790241513.8815286,-5.0,-5.0,0.0,0.0
118.016147609,1790241513.9002259,-5.0,-5.0,0.0,0.0
118.018823447,1790241513.9028454,-5.0,-5.0,0.0,0.0
118.036001396,1790241513.9201312,-5.0,-5.0,0.0,0.0
118.03905786000001,1790241513.9231253,-5.0,-5.0,0.0,0.0
118.05631455800001,1790241513.940502,-5.0,-5.0,0.0,0.0
118.05992659600001,1790241513.9440224,-5.0,-5.0,0.0,0.0
118.074883446,1790241513.9588966,-5.0,-5.0,0.0,0.0
118.07639818800001,1790241513.9603314,-5.0,-5.0,0.0,0.0
118.09655635000001,1790241513.9807775,-5.0,-5.0,0.0,0.0
118.09967531400001,1790241513.9837456,-5.0,-5.0,0.0,0.0
118.115732167,1790241513.999816,-5.0,-5.0,0.0,0.0
118.118399984,1790241514.0024455,-5.0,-5.0,0.0,0.0
118.13516340000001,1790241514.0191913,-5.0,-5.0,0.0,0.0
118.13716106000001,1790241514.021137,-5.0,-5.0,0.0,0.0
118.15610698,1790241514.040199,-5.0,-5.0,0.0,0.0
118.15875844400001,1790241514.0428097,-5.0,-5.0,0.0,0.0
118.175894048,1790241514.060065,-5.0,-5.0,0.0,0.0
118.179185669,1790241514.063242,-5.0,-5.0,0.0,0.0
118.19489882200001,1790241514.0788975,-5.0,-5.0,0.0,0.0
118.19644372100001,1790241514.0803795,-5.0,-5.0,0.0,0.0
118.216124851,1790241514.1002028,-5.0,-5.0,0.0,0.0
118.218815116,1790241514.1028585,-5.0,-5.0,0.0,0.0
118.236156554,1790241514.1202376,-5.0,-5.0,0.0,0.0
118.238832861,1790241514.1228514,-5.0,-5.0,0.0,0.0
118.256592165,1790241514.1407979,-5.0,-5.0,0.0,0.0
118.25965664900001,1790241514.1436954,-5.0,-5.0,0.0,0.0
118.27502980300001,1790241514.1590438,-5.0,-5.0,0.0,0.0
118.27663527400001,1790241514.160578,-5.0,-5.0,0.0,0.0
118.29625739400001,1790241514.1803527,-5.0,-5.0,0.0,0.0
118.298944065,1790241514.1829636,-5.0,-5.0,0.0,0.0
118.315995086,1790241514.200107,-5.0,-5.0,0.0,0.0
118.31904587300001,1790241514.2031143,-5.0,-5.0,0.0,0.0
118.33499407900001,1790241514.2190185,-5.0,-5.0,0.0,0.0
118.33664298800001,1790241514.2205846,-5.0,-5.0,0.0,0.0
118.356151878,1790241514.2402318,-5.0,-5.0,0.0,0.0
118.35884131,1790241514.2428913,-5.0,-5.0,0.0,0.0
118.37591524800001,1790241514.2600415,-5.0,-5.0,0.14,0.0
118.37913353500001,1790241514.2632055,-5.0,-5.0,0.0,0.0
118.39488163700001,1790241514.2788801,-5.0,-5.0,0.0,0.0
118.396384921,1790241514.2803206,-5.0,-5.0,0.0,0.0
118.41661881200001,1790241514.3008144,-5.0,-5.0,0.0,0.0
118.41969788,1790241514.3037372,-5.0,-5.0,0.0,0.0
118.435670462,1790241514.319766,-5.0,-5.0,0.0,0.0
118.43833609200001,1790241514.3223717,-5.0,-5.0,0.0,0.0
118.45518393500001,1790241514.339207,-5.0,-5.0,0.0,0.0
118.457013157,1790241514.3409872,-5.0,-5.0,0.14,0.0
118.47616553600001,1790241514.3602557,-5.0,-5.0,0.0,0.0
118.478839499,1790241514.3628755,-5.0,-5.0,0.14,0.0
118.496069895,1790241514.3802586,-5.0,-5.0,0.0,0.0
118.499369016,1790241514.3834424,-5.0,-5.0,0.14,0.0
118.51499789900001,1790241514.398999,-5.0,-5.0,0.0,0.0
118.516511652,1790241514.4004474,-5.0,-5.0,0.14,0.0
118.536550907,1790241514.420748,-5.0,-5.0,0.0,0.0
118.53962284,1790241514.4236774,-5.0,-5.0,0.28,0.0
118.55694552800001,1790241514.4410377,-5.0,-5.0,0.14,0.0
118.55956548,1790241514.443582,-5.0,-5.0,0.28,0.0
118.57502420700001,1790241514.4590294,-5.0,-5.0,0.28,0.0
118.57663764700001,1790241514.4605815,-5.0,-5.0,0.421,0.0
118.59618226600001,1790241514.4802635,-5.0,-5.0,0.28,0.0
118.59887268800001,1790241514.4829102,-5.0,-5.0,0.421,0.0
118.61664204300001,1790241514.500861,-5.0,-5.0,0.421,0.14
118.61974960100001,1790241514.5037935,-5.0,-5.0,0.421,0.28
118.635667912,1790241514.5197537,-5.0,-5.0,0.421,0.28
118.63835234400001,1790241514.5223887,-5.0,-5.0,0.421,0.28
118.65514867700001,1790241514.5391853,-5.0,-5.0,0.561,0.28
118.657141753,1790241514.5411212,-5.0,-5.0,0.421,0.421
118.67614741300001,1790241514.5602398,-5.0,-5.0,0.561,0.421
118.678790907,1790241514.5628276,-5.0,-5.0,0.561,0.561
118.69609411600001,1790241514.58022,-5.0,-5.0,0.561,0.28
118.699172351,1790241514.5832198,-5.0,-5.0,0.561,0.561
118.714881234,1790241514.5988805,-5.0,-5.0,0.561,0.421
118.71640123700001,1790241514.6003394,-5.0,-5.0,0.561,0.421
118.736580857,1790241514.6207633,-5.0,-5.0,0.701,0.28
118.739631904,1790241514.6236684,-5.0,-5.0,0.701,0.561
118.75556302700001,1790241514.6396606,-5.0,-5.0,0.701,0.421
118.758261418,1790241514.64229,-5.0,-5.0,0.701,0.421
118.77519285500001,1790241514.6592216,-5.0,-5.0,0.841,0.561
118.77718082700001,1790241514.6611524,-5.0,-5.0,0.841,0.701
118.79613107,1790241514.6802042,-5.0,-5.0,0.841,0.421
118.798793419,1790241514.6828125,-5.0,-5.0,0.982,0.561
118.81583053400001,1790241514.7000234,-5.0,-5.0,0.982,0.561
118.81900382100001,1790241514.703052,-5.0,-5.0,0.841,0.561
118.83631291500001,1790241514.7205079,-5.0,-5.0,0.982,0.701
118.83992031700001,1790241514.7240193,-5.0,-5.0,1.122,0.701
118.85489951100001,1790241514.7389016,-5.0,-5.0,0.982,0.701
118.856421181,1790241514.740358,-5.0,-5.0,1.122,0.841
118.876520541,1790241514.7607458,-5.0,-5.0,0.982,0.701
118.87962763,1790241514.7636817,-5.0,-5.0,1.122,0.701
118.89567120100001,1790241514.7797709,-5.0,-5.0,0.982,0.701
118.89839089300001,1790241514.782448,-5.0,-5.0,0.982,0.701
118.91519628900001,1790241514.7992218,-5.0,-5.0,1.122,0.701
118.917173167,1790241514.8011742,-5.0,-5.0,0.982,0.841
118.93614039,1790241514.8202198,-5.0,-5.0,0.841,0.701
118.93881013400001,1790241514.8228707,-5.0,-5.0,0.982,0.701
118.95594881100001,1790241514.8400762,-5.0,-5.0,0.982,0.701
118.95902954600001,1790241514.843074,-5.0,-5.0,0.982,0.701
118.97513098200001,1790241514.8591812,-5.0,-5.0,0.982,0.701
118.97679036000001,1790241514.860968,-5.0,-5.0,0.841,0.561
118.99610576,1790241514.880194,-5.0,-5.0,1.122,0.701
118.99875894200001,1790241514.8828127,-5.0,-5.0,0.982,0.841
119.0159084,1790241514.9000177,-5.0,-5.0,0.982,0.841
119.01898444800001,1790241514.9030285,-5.0,-5.0,0.982,0.841
119.03636953200001,1790241514.9205122,-5.0,-5.0,0.982,0.701
119.039931361,1790241514.924033,-5.0,-5.0,0.841,0.701
119.05489498200001,1790241514.938918,-5.0,-5.0,0.982,0.561
119.056422693,1790241514.9403653,-5.0,-5.0,0.982,0.701
119.07677569900001,1790241514.9609888,-5.0,-5.0,0.841,0.701
119.08013268500001,1790241514.964242,-5.0,-5.0,0.982,0.561
119.09622255800001,1790241514.9803245,-5.0,-5.0,1.122,0.561
119.09895110500001,1790241514.9829693,-5.0,-5.0,0.982,0.561
119.115182176,1790241514.99921,-5.0,-5.0,0.982,0.561
119.117212961,1790241515.0012302,-5.0,-5.0,0.982,0.561
119.136138829,1790241515.0202928,-5.0,-5.0,0.982,0.561
119.138917272,1790241515.0229702,-5.0,-5.0,0.982,0.421
119.15613558400001,1790241515.040261,-5.0,-5.0,0.982,0.421
119.15920059000001,1790241515.0432425,-5.0,-5.0,0.841,0.561
119.174901817,1790241515.058908,-5.0,-5.0,0.982,0.561
119.17641322600001,1790241515.060357,-5.0,-5.0,0.982,0.561
119.19658425200001,1790241515.0808246,-5.0,-5.0,0.841,0.561
119.19964863300001,1790241515.0836866,-5.0,-5.0,0.982,0.421
119.21564017300001,1790241515.0997338,-5.0,-5.0,0.841,0.561
119.21829273,1790241515.1023297,-5.0,-5.0,0.701,0.561
119.23518151100001,1790241515.119215,-5.0,-5.0,0.701,0.421
119.237158597,1790241515.1211598,-5.0,-5.0,0.561,0.28
119.256127695,1790241515.1402183,-5.0,-5.0,0.561,0.28
119.25884743900001,1790241515.1429029,-5.0,-5.0,0.561,0.421
119.27587372,1790241515.1599762,-5.0,-5.0,0.701,0.421
119.27890982000001,1790241515.1629887,-5.0,-5.0,0.701,0.28
119.29636417500001,1790241515.1805103,-5.0,-5.0,0.701,0.421
119.29987616000001,1790241515.1839826,-5.0,-5.0,0.841,0.421
119.314886552,1790241515.1989007,-5.0,-5.0,0.701,0.28
119.31639556600001,1790241515.200341,-5.0,-5.0,0.701,0.28
119.336181748,1790241515.2202766,-5.0,-5.0,0.841,0.421
119.338849409,1790241515.2228668,-5.0,-5.0,0.841,0.28
119.356570379,1790241515.2407668,-5.0,-5.0,0.841,0.421
119.359659343,1790241515.243703,-5.0,-5.0,0.701,0.28
119.375049215,1790241515.2590609,-5.0,-5.0,0.841,0.28
119.376646874,1790241515.2605877,-5.0,-5.0,0.701,0.421
119.396142951,1790241515.2802196,-5.0,-5.0,0.701,0.28
119.398789883,1790241515.282831,-5.0,-5.0,0.561,0.421
119.41591017500001,1790241515.3000383,-5.0,-5.0,0.561,0.28
119.41912143100001,1790241515.3032079,-5.0,-5.0,0.561,0.28
119.435064585,1790241515.3190892,-5.0,-5.0,0.561,0.421
119.43658714000001,1790241515.3205333,-5.0,-5.0,0.561,0.421
119.456203113,1790241515.3402817,-5.0,-5.0,0.28,0.421
119.45886858700001,1790241515.342938,-5.0,-5.0,0.561,0.28
119.475988098,1790241515.360108,-5.0,-5.0,0.421,0.421
119.47901565500001,1790241515.3630786,-5.0,-5.0,0.421,0.421
119.495029278,1790241515.3790696,-5.0,-5.0,0.421,0.28
119.49667600000001,1790241515.3806183,-5.0,-5.0,0.421,0.14
119.51619858800001,1790241515.400281,-5.0,-5.0,0.421,0.421
119.51888442600001,1790241515.403686,-5.0,-5.0,0.421,0.421
119.52336615300001,1790241515.4073977,-5.0,-5.0,0.28,0.28
119.53549060200001,1790241515.419568,-5.0,-5.0,0.421,0.14
119.555772931,1790241515.4398892,-5.0,-5.0,0.28,0.28
119.55883705100001,1790241515.4429219,-5.0,-5.0,0.28,0.28
119.57515077900001,1790241515.4591773,-5.0,-5.0,0.28,0.421
119.577134064,1790241515.4611223,-5.0,-5.0,0.28,0.28
119.595689202,1790241515.479751,-5.0,-5.0,0.28,0.28
119.597911654,1790241515.4819121,-5.0,-5.0,0.421,0.421
119.61730919000001,1790241515.5014975,-5.0,-5.0,0.28,0.421
119.620885134,1790241515.504997,-5.0,-5.0,0.28,0.28
119.62421748400001,1790241515.5083058,-5.0,-5.0,0.421,0.28
119.63501083700001,1790241515.5190442,-5.0,-5.0,0.421,0.421
119.65719671100001,1790241515.5413642,-5.0,-5.0,0.561,0.28
119.66066604000001,1790241515.5451221,-5.0,-5.0,0.561,0.28
119.66346864900001,1790241515.547452,-5.0,-5.0,0.421,0.421
119.67545955700001,1790241515.559547,-5.0,-5.0,0.561,0.28
119.695744125,1790241515.579802,-5.0,-5.0,0.561,0.28
119.69816834800001,1790241515.5821981,-5.0,-5.0,0.561,0.421
119.71616348600001,1790241515.600329,-5.0,-5.0,0.561,0.421
119.719732867,1790241515.6038547,-5.0,-5.0,0.561,0.28
119.73491081200001,1790241515.6189206,-5.0,-5.0,0.561,0.421
119.736419721,1790241515.6203516,-5.0,-5.0,0.561,0.28
119.756588299,1790241515.640793,-5.0,-5.0,0.561,0.421
119.75964913800001,1790241515.6436882,-5.0,-5.0,0.421,0.28
119.77504958300001,1790241515.6590683,-5.0,-5.0,0.421,0.14
119.776658232,1790241515.6605995,-5.0,-5.0,0.561,0.421
119.79614811100001,1790241515.6802263,-5.0,-5.0,0.421,0.28
119.798867387,1790241515.6828902,-5.0,-5.0,0.421,0.421
119.81660971100001,1790241515.7008111,-5.0,-5.0,0.421,0.28
119.81967310200001,1790241515.7037096,-5.0,-5.0,0.28,0.28
119.835038651,1790241515.7190454,-5.0,-5.0,0.421,0.421
119.83664568500001,1790241515.7205875,-5.0,-5.0,0.421,0.421
119.856122127,1790241515.740205,-5.0,-5.0,0.28,0.421
119.85881421600001,1790241515.7428527,-5.0,-5.0,0.421,0.28
119.87584935100001,1790241515.7599957,-5.0,-5.0,0.28,0.28
119.878951857,1790241515.7630098,-5.0,-5.0,0.28,0.421
119.89499990700001,1790241515.77903,-5.0,-5.0,0.421,0.28
119.896631889,1790241515.7805736,-5.0,-5.0,0.28,0.28
119.916170467,1790241515.800266,-5.0,-5.0,0.28,0.14
119.91886890900001,1790241515.8029299,-5.0,-5.0,0.28,0.421
119.936208628,1790241515.820286,-5.0,-5.0,0.28,0.28
119.938881081,1790241515.8229265,-5.0,-5.0,0.14,0.28
119.956647676,1790241515.8408298,-5.0,-5.0,0.28,0.28
119.959682786,1790241515.8437374,-5.0,-5.0,0.28,0.28
119.97514698100001,1790241515.8591526,-5.0,-5.0,0.28,0.28
119.976748442,1790241515.860927,-5.0,-5.0,0.14,0.421
119.996124467,1790241515.8802025,-5.0,-5.0,0.14,0.28
119.99881129500001,1790241515.882845,-5.0,-5.0,0.28,0.14
120.01658617100001,1790241515.900787,-5.0,-5.0,0.28,0.28
120.019652323,1790241515.9037042,-5.0,-5.0,0.421,0.28
120.035047039,1790241515.9190671,-5.0,-5.0,0.28,0.14
120.036660792,1790241515.9206026,-5.0,-5.0,0.28,0.421
120.05613301500001,1790241515.940211,-5.0,-5.0,0.28,0.28
120.05880682200001,1790241515.942842,-5.0,-5.0,0.561,0.28
120.076618729,1790241515.960803,-5.0,-5.0,0.421,0.14
120.07968347500001,1790241515.9637244,-5.0,-5.0,0.421,0.28
120.09596668100001,1790241515.980076,-5.0,-5.0,0.421,0.28
120.098692364,1790241515.9827406,-5.0,-5.0,0.421,0.421
120.11519218500001,1790241515.9992096,-5.0,-5.0,0.421,0.14
120.11715479300001,1790241516.001145,-5.0,-5.0,0.561,0.421
120.136160297,1790241516.0202587,-5.0,-5.0,0.561,0.28
120.138846552,1790241516.0228631,-5.0,-5.0,0.421,0.421
120.15659158400001,1790241516.0407698,-5.0,-5.0,0.421,0.28
120.15966065200001,1790241516.043723,-5.0,-5.0,0.421,0.28
120.175061149,1790241516.0590696,-5.0,-5.0,0.421,0.28
120.17667229800001,1790241516.0606155,-5.0,-5.0,0.421,0.28
120.19633639700001,1790241516.0804443,-5.0,-5.0,0.421,0.421
120.199169839,1790241516.08326,-5.0,-5.0,0.28,0.14
120.216204297,1790241516.10033,-5.0,-5.0,0.28,0.28
120.21891690700001,1790241516.102959,-5.0,-5.0,0.421,0.28
120.23627303200001,1790241516.1204371,-5.0,-5.0,0.28,0.28
120.239856685,1790241516.1239612,-5.0,-5.0,0.421,0.28
120.243567681,1790241516.1276798,-5.0,-5.0,0.14,0.14
120.254867285,1790241516.1388783,-5.0,-5.0,0.28,0.14
120.27723784700001,1790241516.1614401,-5.0,-5.0,0.14,0.28
120.28093676,1790241516.1650445,-5.0,-5.0,0.14,0.14
120.283314316,1790241516.1672904,-5.0,-5.0,0.14,0.28
120.295647255,1790241516.1796904,-5.0,-5.0,0.14,0.14
120.31614208500001,1790241516.2002413,-5.0,-5.0,0.14,0.28
120.31882672500001,1790241516.2028863,-5.0,-5.0,0.14,0.28
120.335942954,1790241516.220051,-5.0,-5.0,0.14,0.14
120.33901129300001,1790241516.2230759,-5.0,-5.0,0.28,0.28
120.354943718,1790241516.2389433,-5.0,-5.0,0.14,0.28
120.35647861700001,1790241516.2404158,-5.0,-5.0,0.14,0.421
120.376129434,1790241516.260222,-5.0,-5.0,0.0,0.28
120.378796835,1790241516.2628422,-5.0,-5.0,0.0,0.28
120.39600197000001,1790241516.2801316,-5.0,-5.0,0.0,0.28
120.39902020500001,1790241516.2830853,-5.0,-5.0,0.0,0.14
120.41497388,1790241516.2989745,-5.0,-5.0,0.0,0.28
120.41649456,1790241516.3004284,-5.0,-5.0,0.0,0.28
120.43615319000001,1790241516.3202302,-5.0,-5.0,0.0,0.14
120.43881694500001,1790241516.322858,-5.0,-5.0,0.0,0.14
120.456202445,1790241516.3403137,-5.0,-5.0,0.0,0.28
120.45922474300001,1790241516.3432639,-5.0,-5.0,0.0,0.14
120.474909823,1790241516.3589206,-5.0,-5.0,0.0,0.14
120.47641321200001,1790241516.3603485,-5.0,-5.0,0.0,0.28
120.496588457,1790241516.380823,-5.0,-5.0,0.0,0.14
120.499667212,1790241516.3837225,-5.0,-5.0,0.0,0.14
120.515796096,1790241516.3998928,-5.0,-5.0,0.0,0.28
120.51852729900001,1790241516.4025812,-5.0,-5.0,0.0,0.14
120.53515842300001,1790241516.4191961,-5.0,-5.0,0.0,0.28
120.537087385,1790241516.4211562,-5.0,-5.0,0.0,0.14
120.55582866900001,1790241516.4399018,-5.0,-5.0,0.0,0.14
120.558277789,1790241516.4422874,-5.0,-5.0,0.14,0.14
120.57692131200001,1790241516.461086,-5.0,-5.0,0.0,0.28
120.58043465200001,1790241516.4645097,-5.0,-5.0,0.0,0.14
120.58390497100001,1790241516.4680295,-5.0,-5.0,0.0,0.14
120.59485848000001,1790241516.478856,-5.0,-5.0,0.0,0.28
120.61735060500001,1790241516.5015163,-5.0,-5.0,0.14,0.14
120.621111497,1790241516.5052664,-5.0,-5.0,0.14,0.14
120.62325467800001,1790241516.5072415,-5.0,-5.0,0.28,0.0
120.635534284,1790241516.519574,-5.0,-5.0,0.14,0.14
120.65701724,1790241516.5411787,-5.0,-5.0,0.28,0.0
120.660508444,1790241516.5449326,-5.0,-5.0,0.28,0.14
120.66427116000001,1790241516.5483494,-5.0,-5.0,0.28,0.0
120.674839304,1790241516.558842,-5.0,-5.0,0.14,0.14
120.697236168,1790241516.5813828,-5.0,-5.0,0.28,0.14
120.70067633100001,1790241516.585089,-5.0,-5.0,0.421,0.14
120.70345576300001,1790241516.5874302,-5.0,-5.0,0.28,0.28
120.715509639,1790241516.599643,-5.0,-5.0,0.14,0.14
120.735578582,1790241516.6196215,-5.0,-5.0,0.28,0.28
120.73797389900001,1790241516.6219766,-5.0,-5.0,0.14,0.14
120.75594039,1790241516.6400049,-5.0,-5.0,0.28,0.28
120.758304769,1790241516.6423047,-5.0,-5.0,0.14,0.14
120.77598027100001,1790241516.660102,-5.0,-5.0,0.28,0.14
120.77904808900001,1790241516.6630902,-5.0,-5.0,0.0,0.28
120.794879472,1790241516.6788783,-5.0,-5.0,0.14,0.28
120.79639786000001,1790241516.6803362,-5.0,-5.0,0.0,0.28
120.81660789700001,1790241516.7008235,-5.0,-5.0,0.0,0.14
120.81968066300001,1790241516.7037408,-5.0,-5.0,0.0,0.14
120.83567100500001,1790241516.7197685,-5.0,-5.0,0.0,0.14
120.838368406,1790241516.7223935,-5.0,-5.0,0.0,0.14
120.855167238,1790241516.7392063,-5.0,-5.0,0.0,0.14
120.85717682500001,1790241516.7411532,-5.0,-5.0,0.0,0.14
120.87615738100001,1790241516.7602477,-5.0,-5.0,0.0,0.14
120.878864886,1790241516.7629037,-5.0,-5.0,0.0,0.28
120.895835907,1790241516.7799423,-5.0,-5.0,0.0,0.14
120.89889794400001,1790241516.7829702,-5.0,-5.0,0.0,0.0
120.915021671,1790241516.7990391,-5.0,-5.0,0.14,0.14
120.91665974700001,1790241516.8006055,-5.0,-5.0,0.14,0.14
120.93615738700001,1790241516.820253,-5.0,-5.0,0.0,0.0
120.938850152,1790241516.8228688,-5.0,-5.0,0.14,0.0
120.95593002700001,1790241516.8400593,-5.0,-5.0,0.14,0.14
120.95903425200001,1790241516.8430932,-5.0,-5.0,0.28,0.0
120.97499876,1790241516.8590014,-5.0,-5.0,0.28,0.0
120.97650407500001,1790241516.8604536,-5.0,-5.0,0.28,0.0
120.996608487,1790241516.880817,-5.0,-5.0,0.421,0.14
120.99970286800001,1790241516.88374,-5.0,-5.0,0.28,0.0
121.01501352100001,1790241516.899034,-5.0,-5.0,0.421,0.28
121.016625711,1790241516.9005673,-5.0,-5.0,0.421,0.28
121.036169705,1790241516.920249,-5.0,-5.0,0.421,0.28
121.03886736700001,1790241516.9229505,-5.0,-5.0,0.421,0.28
121.05662245100001,1790241516.9408276,-5.0,-5.0,0.421,0.28
121.059714123,1790241516.9437754,-5.0,-5.0,0.421,0.28
121.07503383900001,1790241516.9590435,-5.0,-5.0,0.421,0.28
121.0766478,1790241516.9605887,-5.0,-5.0,0.421,0.421
121.09611934600001,1790241516.980212,-5.0,-5.0,0.421,0.28
121.09882133100001,1790241516.9828568,-5.0,-5.0,0.421,0.28
121.11602219500001,1790241517.0001326,-5.0,-5.0,0.28,0.28
121.11908282600001,1790241517.003129,-5.0,-5.0,0.421,0.421
121.13489858400001,1790241517.0189219,-5.0,-5.0,0.28,0.28
121.13642166000001,1790241517.020367,-5.0,-5.0,0.14,0.14
121.156601436,1790241517.0408247,-5.0,-5.0,0.28,0.14
121.159665609,1790241517.0437436,-5.0,-5.0,0.0,0.14
121.17566845,1790241517.0597527,-5.0,-5.0,0.14,0.28
121.17834902800001,1790241517.0624,-5.0,-5.0,0.0,0.14
121.195149892,1790241517.079175,-5.0,-5.0,0.0,0.28
121.197145781,1790241517.0811386,-5.0,-5.0,0.0,0.28
121.216169202,1790241517.1002479,-5.0,-5.0,0.0,0.14
121.218822227,1790241517.1028662,-5.0,-5.0,0.0,0.14
121.236152571,1790241517.1202288,-5.0,-5.0,0.0,0.14
121.238848566,1790241517.1228964,-5.0,-5.0,0.0,0.14
121.256594276,1790241517.1407888,-5.0,-5.0,0.0,0.14
121.25966037500001,1790241517.143717,-5.0,-5.0,0.0,0.14
121.274982538,1790241517.159003,-5.0,-5.0,0.0,0.14
121.27665113500001,1790241517.160612,-5.0,-5.0,0.0,0.28
121.296119973,1790241517.180216,-5.0,-5.0,0.0,0.14
121.29883602000001,1790241517.182869,-5.0,-5.0,0.0,0.14
121.316612563,1790241517.2008102,-5.0,-5.0,0.0,0.14
121.319687047,1790241517.2037463,-5.0,-5.0,0.0,0.0
121.33503535700001,1790241517.2190452,-5.0,-5.0,0.0,0.0
121.33663088,1790241517.220583,-5.0,-5.0,0.0,0.14
121.35615659300001,1790241517.2402375,-5.0,-5.0,0.0,0.0
121.358841963,1790241517.2429142,-5.0,-5.0,0.0,0.14
121.37598855700001,1790241517.2601166,-5.0,-5.0,0.0,0.0
121.379201635,1790241517.2632928,-5.0,-5.0,0.0,0.0
121.39526333100001,1790241517.27939,-5.0,-5.0,0.0,0.14
121.39810385700001,1790241517.2821922,-5.0,-5.0,0.0,0.0
121.41484201300001,1790241517.2988455,-1.5277777910232544,1.5277777910232544,0.0,0.14
121.41635774500001,1790241517.3003256,-1.5277777910232544,1.5277777910232544,0.0,0.0
121.43618528100001,1790241517.3202698,-1.5277777910232544,1.5277777910232544,0.0,0.14
121.43889039000001,1790241517.322936,-1.5277777910232544,1.5277777910232544,0.0,0.0
121.456362506,1790241517.3404822,-1.5277777910232544,1.5277777910232544,0.0,0.14
121.459041729,1790241517.343081,-1.5277777910232544,1.5277777910232544,0.0,0.421
121.476734835,1790241517.3609338,-1.5277777910232544,1.5277777910232544,-0.14,0.421
121.479906872,1790241517.36396,-1.5277777910232544,1.5277777910232544,-0.28,0.701
121.49509934800001,1790241517.3791037,-1.5277777910232544,1.5277777910232544,-0.561,1.122
121.49676258000001,1790241517.3809574,-1.5277777910232544,1.5277777910232544,-0.561,1.262
121.516378449,1790241517.4004557,-1.5277777910232544,1.5277777910232544,-0.701,1.402
121.519150381,1790241517.4031665,-1.5277777910232544,1.5277777910232544,-0.701,1.683
121.53601239100001,1790241517.4201238,-1.5277777910232544,1.5277777910232544,-0.701,1.823
121.53924854300001,1790241517.423302,-1.5277777910232544,1.5277777910232544,-0.701,1.823
121.555013259,1790241517.4390414,-1.5277777910232544,1.5277777910232544,-0.982,2.104
121.55661128300001,1790241517.4405575,-1.5277777910232544,1.5277777910232544,-0.982,1.823
121.57625137100001,1790241517.4603307,-1.5277777910232544,1.5277777910232544,-0.982,1.823
121.57902611600001,1790241517.4630604,-1.5277777910232544,1.5277777910232544,-0.982,1.963
121.596460523,1790241517.4805937,-1.5277777910232544,1.5277777910232544,-1.122,1.963
121.59969016400001,1790241517.483751,-1.5277777910232544,1.5277777910232544,-1.122,1.963
121.614968109,1790241517.4991376,-1.5277777910232544,1.5277777910232544,-1.122,1.823
121.618233896,1790241517.5023289,-1.5277777910232544,1.5277777910232544,-1.262,1.823
121.63524403100001,1790241517.5192628,-1.5277777910232544,1.5277777910232544,-1.262,1.683
121.63733132700001,1790241517.5213094,-1.5277777910232544,1.5277777910232544,-1.402,1.683
121.656275163,1790241517.5403686,-1.5277777910232544,1.5277777910232544,-1.262,1.823
121.65904058500001,1790241517.5430713,-1.5277777910232544,1.5277777910232544,-1.402,1.543
121.67670499200001,1790241517.560903,-1.5277777910232544,1.5277777910232544,-1.402,1.543
121.679974165,1790241517.5640159,-1.5277777910232544,1.5277777910232544,-1.402,1.683
121.695122162,1790241517.5791285,-1.5277777910232544,1.5277777910232544,-1.543,1.543
121.696787842,1790241517.58099,-1.5277777910232544,1.5277777910232544,-1.402,1.543
121.716205325,1790241517.600299,-1.5277777910232544,1.5277777910232544,-1.402,1.543
121.71901069500001,1790241517.6030304,-1.5277777910232544,1.5277777910232544,-1.402,1.543
121.735827705,1790241517.6199079,-1.5277777910232544,1.5277777910232544,-1.543,1.262
121.738671877,1790241517.6227129,-1.5277777910232544,1.5277777910232544,-1.402,1.402
121.755221022,1790241517.639235,-1.5277777910232544,1.5277777910232544,-1.402,1.543
121.757317223,1790241517.6413093,-1.5277777910232544,1.5277777910232544,-1.543,1.402
121.77626085200001,1790241517.660337,-1.5277777910232544,1.5277777910232544,-1.402,1.543
121.77903877400001,1790241517.6630557,-1.5277777910232544,1.5277777910232544,-1.543,1.402
121.79675521200001,1790241517.6809502,-1.5277777910232544,1.5277777910232544,-1.543,1.543
121.79994349900001,1790241517.6840034,-1.5277777910232544,1.5277777910232544,-1.402,1.402
121.81512738100001,1790241517.6991544,-1.5277777910232544,1.5277777910232544,-1.402,1.543
121.81703295800001,1790241517.7009997,-1.5277777910232544,1.5277777910232544,-1.543,1.543
121.83626033700001,1790241517.7203538,-1.5277777910232544,1.5277777910232544,-1.402,1.543
121.83906805000001,1790241517.7230892,-1.5277777910232544,1.5277777910232544,-1.262,1.543
121.85615797700001,1790241517.7402625,-1.5277777910232544,1.5277777910232544,-1.402,1.402
121.85932574300001,1790241517.7433903,-1.5277777910232544,1.5277777910232544,-1.402,1.683
121.87496733500001,1790241517.758974,-1.5277777910232544,1.5277777910232544,-1.402,1.543
121.876603692,1790241517.7605627,-1.5277777910232544,1.5277777910232544,-1.262,1.683
121.89630768600001,1790241517.7803872,-1.5277777910232544,1.5277777910232544,-1.402,1.543
121.89906878500001,1790241517.7831237,-1.5277777910232544,1.5277777910232544,-1.402,1.683
121.91672866100001,1790241517.8010094,-1.5277777910232544,1.5277777910232544,-1.402,1.683
121.92028705300001,1790241517.8044174,-1.5277777910232544,1.5277777910232544,-1.402,1.543
121.93491504800001,1790241517.8189154,-1.5277777910232544,1.5277777910232544,-1.402,1.683
121.936487239,1790241517.8204234,-1.5277777910232544,1.5277777910232544,-1.402,1.683
121.956937537,1790241517.8410718,-1.5277777910232544,1.5277777910232544,-1.122,1.402
121.960045303,1790241517.844086,-1.5277777910232544,1.5277777910232544,-0.701,1.402
121.97605418600001,1790241517.8601463,-1.5277777910232544,1.5277777910232544,-0.561,1.262
121.978502003,1790241517.8625126,-1.5277777910232544,1.5277777910232544,0.0,0.982
121.995707451,1790241517.879742,-1.5277777910232544,1.5277777910232544,0.0,0.841
121.997561778,1790241517.8815336,-1.5277777910232544,1.5277777910232544,0.0,0.841
122.015727592,1790241517.8997717,-1.5277777910232544,1.5277777910232544,0.0,0.841
122.017892857,1790241517.9018838,-1.5277777910232544,1.5277777910232544,0.0,1.122
122.037336955,1790241517.9215026,-1.5277777910232544,1.5277777910232544,0.0,1.122
122.041068784,1790241517.9251611,-1.5277777910232544,1.5277777910232544,-0.14,0.982
122.04464717600001,1790241517.9288416,-1.5277777910232544,1.5277777910232544,-0.14,0.982
122.05949881800001,1790241517.943524,-1.5277777910232544,1.5277777910232544,0.0,0.982
122.07633187,1790241517.9604158,-1.5277777910232544,1.5277777910232544,-0.14,1.262
122.078802291,1790241517.9628284,-1.5277777910232544,1.5277777910232544,-0.28,1.262
122.096351646,1790241517.9804964,-1.5277777910232544,1.5277777910232544,-0.28,1.122
122.09957748500001,1790241517.983657,-1.5277777910232544,1.5277777910232544,-0.421,1.262
122.114998243,1790241517.999015,-1.5277777910232544,1.5277777910232544,-0.701,1.402
122.11703460100001,1790241518.001094,-1.5277777910232544,1.5277777910232544,-0.561,1.402
122.13590869800001,1790241518.0199814,-1.5277777910232544,1.5277777910232544,-0.841,1.543
122.13839583800001,1790241518.0223973,-1.5277777910232544,1.5277777910232544,-0.982,1.543
122.15649660000001,1790241518.040759,-1.5277777910232544,1.5277777910232544,-1.122,1.543
122.160218013,1790241518.04432,-1.5277777910232544,1.5277777910232544,-1.262,1.683
122.17495147700001,1790241518.0589607,-1.5277777910232544,1.5277777910232544,-1.262,1.402
122.176532105,1790241518.0604675,-1.5277777910232544,1.5277777910232544,-1.402,1.543
122.19639703700001,1790241518.0804725,-1.5277777910232544,1.5277777910232544,-1.402,1.402
122.19929110500001,1790241518.083386,-1.5277777910232544,1.5277777910232544,-1.402,1.543
122.21574972900001,1790241518.0999131,-1.5277777910232544,1.5277777910232544,-1.262,1.543
122.218523328,1790241518.102599,-1.5277777910232544,1.5277777910232544,-1.402,1.543
122.23554486900001,1790241518.1196108,-1.5277777910232544,1.5277777910232544,-1.262,1.543
122.237735134,1790241518.121728,-1.5277777910232544,1.5277777910232544,-1.402,1.543
122.25541308300001,1790241518.1394536,-1.5277777910232544,1.5277777910232544,-1.402,1.543
122.257683556,1790241518.1416733,-1.5277777910232544,1.5277777910232544,-1.402,1.543
122.27637494400001,1790241518.1604717,-1.5277777910232544,1.5277777910232544,-1.402,1.402
122.279167814,1790241518.163214,-1.5277777910232544,1.5277777910232544,-1.262,1.402
122.296381908,1790241518.1805413,-1.5277777910232544,1.5277777910232544,-1.402,1.262
122.30012957100001,1790241518.1842046,-1.5277777910232544,1.5277777910232544,-1.402,1.402
122.31998231600001,1790241518.2040222,-1.5277777910232544,1.5277777910232544,-1.262,1.543
122.32211971500001,1790241518.2061238,-1.5277777910232544,1.5277777910232544,-1.122,1.402
122.324421751,1790241518.2084856,-1.5277777910232544,1.5277777910232544,-1.262,1.402
122.334939895,1790241518.2189417,-1.5277777910232544,1.5277777910232544,-1.262,1.402
122.35736368600001,1790241518.2415152,-1.5277777910232544,1.5277777910232544,-1.122,1.543
122.361180672,1790241518.245299,-1.5277777910232544,1.5277777910232544,-1.122,1.543
122.36465021000001,1790241518.2490258,-1.5277777910232544,1.5277777910232544,-1.262,1.402
122.37499325,1790241518.2590015,-1.5277777910232544,1.5277777910232544,-1.262,1.543
122.39740553000001,1790241518.2816136,-1.5277777910232544,1.5277777910232544,-1.402,1.402
122.40153480900001,1790241518.285783,-1.5277777910232544,1.5277777910232544,-1.543,1.543
122.403915021,1790241518.2879615,-1.5277777910232544,1.5277777910232544,-1.402,1.402
122.415433636,1790241518.299449,-1.5277777910232544,1.5277777910232544,-1.543,1.402
122.43583851700001,1790241518.3199008,-1.5277777910232544,1.5277777910232544,-1.402,1.543
122.43830482400001,1790241518.3224685,-1.5277777910232544,1.5277777910232544,-1.402,1.543
122.45589975200001,1790241518.3399715,-1.5277777910232544,1.5277777910232544,-1.543,1.543
122.458391215,1790241518.3424,-1.5277777910232544,1.5277777910232544,-1.402,1.543
122.47622520600001,1790241518.3603327,-1.5277777910232544,1.5277777910232544,-1.543,1.543
122.47942208600001,1790241518.3635087,-1.5277777910232544,1.5277777910232544,-1.402,1.402
122.494947584,1790241518.3789403,-1.5277777910232544,1.5277777910232544,-1.543,1.402
122.496518889,1790241518.3804512,-1.5277777910232544,1.5277777910232544,-1.543,1.262
122.516358092,1790241518.400436,-1.5277777910232544,1.5277777910232544,-1.402,1.402
122.519134242,1790241518.4031699,-1.5277777910232544,1.5277777910232544,-1.262,1.262
122.53598906500001,1790241518.4200914,-1.5277777910232544,1.5277777910232544,-1.262,1.262
122.53916881,1790241518.4232287,-1.5277777910232544,1.5277777910232544,-1.262,1.543
122.55499258900001,1790241518.4390142,-1.5277777910232544,1.5277777910232544,-1.262,1.262
122.55659321700001,1790241518.440526,-1.5277777910232544,1.5277777910232544,-1.122,1.543
122.57622867,1790241518.4603221,-1.5277777910232544,1.5277777910232544,-1.122,1.402
122.57905752900001,1790241518.4630892,-1.5277777910232544,1.5277777910232544,-1.122,1.543
122.596085685,1790241518.480179,-1.5277777910232544,1.5277777910232544,-0.982,1.543
122.598998659,1790241518.4830403,-1.5277777910232544,1.5277777910232544,-1.122,1.402
122.61523895,1790241518.4992664,-1.5277777910232544,1.5277777910232544,-1.262,1.402
122.61731666200001,1790241518.5013092,-1.5277777910232544,1.5277777910232544,-1.262,1.402
122.63628878,1790241518.5203862,-1.5277777910232544,1.5277777910232544,-1.402,1.402
122.63911237900001,1790241518.5231369,-1.5277777910232544,1.5277777910232544,-1.402,1.402
122.656025587,1790241518.5401502,-1.5277777910232544,1.5277777910232544,-1.402,1.262
122.659216478,1790241518.5432575,-1.5277777910232544,1.5277777910232544,-1.543,1.402
122.67495838200001,1790241518.5589557,-1.5277777910232544,1.5277777910232544,-1.543,1.543
122.676515624,1790241518.5604496,-1.5277777910232544,1.5277777910232544,-1.683,1.402
122.69634894200001,1790241518.5804367,-1.5277777910232544,1.5277777910232544,-1.683,1.543
122.699136811,1790241518.5831864,-1.5277777910232544,1.5277777910232544,-1.823,1.543
122.716343249,1790241518.6005046,-1.5277777910232544,1.5277777910232544,-1.823,1.543
122.720010443,1790241518.6041083,-1.5277777910232544,1.5277777910232544,-1.823,1.683
122.73497307500001,1790241518.6189754,-1.5277777910232544,1.5277777910232544,-1.823,1.823
122.73724130800001,1790241518.6212769,-1.5277777910232544,1.5277777910232544,-1.823,2.104
122.755929519,1790241518.6400187,-1.5277777910232544,1.5277777910232544,-1.963,1.963
122.75845978400001,1790241518.642461,-1.5277777910232544,1.5277777910232544,-1.963,2.244
122.775425701,1790241518.6594508,-1.5277777910232544,1.5277777910232544,-1.963,2.244
122.77767784000001,1790241518.6616619,-1.5277777910232544,1.5277777910232544,-1.963,2.104
122.796244697,1790241518.6803339,-1.5277777910232544,1.5277777910232544,-2.244,1.963
122.79904298400001,1790241518.68307,-1.5277777910232544,1.5277777910232544,-2.384,1.823
122.816002338,1790241518.7001264,-1.5277777910232544,1.5277777910232544,-2.384,1.683
122.81921187500001,1790241518.7032564,-1.5277777910232544,1.5277777910232544,-2.384,1.543
122.83493877900001,1790241518.7189538,-1.5277777910232544,1.5277777910232544,-2.384,1.543
122.836518209,1790241518.7204509,-1.5277777910232544,1.5277777910232544,-2.244,1.543
122.85624079700001,1790241518.7403185,-1.5277777910232544,1.5277777910232544,-2.244,1.402
122.85902314600001,1790241518.7430577,-1.5277777910232544,1.5277777910232544,-2.244,1.543
122.87604765600001,1790241518.7601502,-1.5277777910232544,1.5277777910232544,-2.104,1.402
122.879271047,1790241518.7633538,-1.5277777910232544,1.5277777910232544,-2.104,1.402
122.89491664900001,1790241518.7789354,-1.5277777910232544,1.5277777910232544,-1.963,1.402
122.89649639100001,1790241518.7804286,-1.5277777910232544,1.5277777910232544,-1.823,1.402
122.916676636,1790241518.8008907,-1.5277777910232544,1.5277777910232544,-1.823,1.402
122.91996232000001,1790241518.8040206,-1.5277777910232544,1.5277777910232544,-1.683,1.402
122.93624328700001,1790241518.8203487,-1.5277777910232544,1.5277777910232544,-1.543,1.262
122.939036521,1790241518.8230498,-1.5277777910232544,1.5277777910232544,-1.543,1.402
122.956435407,1790241518.8406003,-1.5277777910232544,1.5277777910232544,-1.402,1.262
122.960199841,1790241518.8444653,-1.5277777910232544,1.5277777910232544,-0.982,0.982
122.96390062900001,1790241518.8479977,-1.5277777910232544,1.5277777910232544,-0.561,0.701
122.97498148300001,1790241518.8589914,-1.5277777910232544,1.5277777910232544,0.0,0.421
122.99718569000001,1790241518.8813438,-1.5277777910232544,1.5277777910232544,0.28,0.14
123.000560332,1790241518.8848739,-1.5277777910232544,1.5277777910232544,0.28,0.0
123.00322413900001,1790241518.8871925,-1.5277777910232544,1.5277777910232544,0.701,0.0
123.01557114,1790241518.899607,-1.5277777910232544,1.5277777910232544,0.561,0.0
123.03616847,1790241518.9202428,-1.5277777910232544,1.5277777910232544,0.701,0.0
123.03883561,1790241518.922877,-1.5277777910232544,1.5277777910232544,0.701,0.0
123.055966423,1790241518.9400883,-1.5277777910232544,1.5277777910232544,0.28,0.0
123.05900153200001,1790241518.9430614,-1.5277777910232544,1.5277777910232544,0.28,0.0
123.075841928,1790241518.9599667,-1.5277777910232544,1.5277777910232544,0.421,0.0
123.07889594400001,1790241518.9629405,-1.5277777910232544,1.5277777910232544,0.28,0.0
123.09510571300001,1790241518.9790993,-1.5277777910232544,1.5277777910232544,0.28,0.0
123.09657837200001,1790241518.9805176,-1.5277777910232544,1.5277777910232544,0.14,0.0
123.1165682,1790241519.0007815,-1.5277777910232544,1.5277777910232544,0.0,0.0
123.119663779,1790241519.0037425,-1.5277777910232544,1.5277777910232544,0.14,0.0
123.13603271500001,1790241519.0201309,-1.5277777910232544,1.5277777910232544,0.0,0.0
123.13872105300001,1790241519.0227363,-1.5277777910232544,1.5277777910232544,0.14,0.0
123.15616353300001,1790241519.040359,-1.5277777910232544,1.5277777910232544,0.14,0.0
123.159759789,1790241519.0438569,-1.5277777910232544,1.5277777910232544,0.0,0.0
123.174936067,1790241519.0589333,-1.5277777910232544,1.5277777910232544,0.14,0.0
123.17643325700001,1790241519.0603676,-1.5277777910232544,1.5277777910232544,0.14,0.0
123.19658126300001,1790241519.0808113,-1.5277777910232544,1.5277777910232544,0.14,0.0
123.19964595600001,1790241519.0837219,-1.5277777910232544,1.5277777910232544,0.14,0.0
123.216139111,1790241519.1002479,-1.5277777910232544,1.5277777910232544,0.0,0.0
123.21884906400001,1790241519.1028674,-1.5277777910232544,1.5277777910232544,0.14,0.0
123.235158209,1790241519.1192298,-1.5277777910232544,1.5277777910232544,0.0,0.0
123.237232223,1790241519.1212103,-1.5277777910232544,1.5277777910232544,0.0,0.0
123.25634470600001,1790241519.140452,-1.5277777910232544,1.5277777910232544,0.0,0.0
123.25920070000001,1790241519.1432822,-1.5277777910232544,1.5277777910232544,0.0,0.0
123.27515270900001,1790241519.1591735,-5.0,-5.0,0.0,0.0
123.27720979600001,1790241519.161238,-5.0,-5.0,0.0,0.0
123.29581113200001,1790241519.1798816,-5.0,-5.0,0.0,0.0
123.29822066800001,1790241519.1822662,-5.0,-5.0,0.0,0.0
123.31660288900001,1790241519.2008057,-5.0,-5.0,0.0,0.0
123.319899926,1790241519.2039733,-5.0,-5.0,-0.28,-0.28
123.336111414,1790241519.2202196,-5.0,-5.0,-0.701,-0.701
123.339437618,1790241519.2234778,-5.0,-5.0,-1.262,-1.402
123.35500629200001,1790241519.2390022,-5.0,-5.0,-1.963,-2.104
123.356622806,1790241519.2405577,-5.0,-5.0,-2.104,-2.244
123.376395759,1790241519.260472,-5.0,-5.0,-1.823,-2.244
123.37928284700001,1790241519.2633007,-5.0,-5.0,-1.963,-2.805
123.39603798200001,1790241519.2801843,-5.0,-5.0,-2.384,-3.226
123.39936403,1790241519.2834291,-5.0,-5.0,-2.945,-3.787
123.415027808,1790241519.299026,-5.0,-5.0,-3.366,-4.207
123.41664677000001,1790241519.3005877,-5.0,-5.0,-3.646,-4.207
123.436345087,1790241519.3204246,-5.0,-5.0,-3.366,-4.348
123.439290561,1790241519.3233204,-5.0,-5.0,-3.927,-4.628
123.456346998,1790241519.3404388,-5.0,-5.0,-4.348,-4.909
123.45923262900001,1790241519.343267,-5.0,-5.0,-4.628,-4.768
123.47694682800001,1790241519.3610494,-5.0,-5.0,-4.768,-5.049
123.48012318800001,1790241519.3641741,-5.0,-5.0,-4.628,-5.189
123.49517774700001,1790241519.3792007,-5.0,-5.0,-4.909,-4.909
123.49715754200001,1790241519.381147,-5.0,-5.0,-4.909,-5.049
123.51645117100001,1790241519.4005444,-5.0,-5.0,-4.768,-5.189
123.519383676,1790241519.4034066,-5.0,-5.0,-4.768,-5.049
123.53615276900001,1790241519.420274,-5.0,-5.0,-4.909,-5.049
123.539413088,1790241519.4234753,-5.0,-5.0,-4.768,-5.049
123.55508368900001,1790241519.439092,-5.0,-5.0,-4.628,-5.049
123.55671541100001,1790241519.4408607,-5.0,-5.0,-4.768,-4.768
123.57637169700001,1790241519.4604545,-5.0,-5.0,-4.768,-4.909
123.579267692,1790241519.4633,-5.0,-5.0,-4.348,-4.909
123.59617709800001,1790241519.4803228,-5.0,-5.0,-4.768,-4.768
123.59949314600001,1790241519.4835725,-5.0,-5.0,-4.628,-4.768
123.615078174,1790241519.4990742,-5.0,-5.0,-4.488,-4.909
123.61670953100001,1790241519.5008554,-5.0,-5.0,-4.488,-4.768
123.636382588,1790241519.5204577,-5.0,-5.0,-4.628,-4.768
123.63927478100001,1790241519.523293,-5.0,-5.0,-4.488,-4.909
123.65612377000001,1790241519.5402474,-5.0,-5.0,-4.488,-4.628
123.659383516,1790241519.5434446,-5.0,-5.0,-4.488,-4.628
123.675030628,1790241519.5590653,-5.0,-5.0,-4.488,-4.628
123.676687349,1790241519.5608318,-5.0,-5.0,-4.488,-4.628
123.696313896,1790241519.5804071,-5.0,-5.0,-4.348,-4.628
123.69922275500001,1790241519.5832553,-5.0,-5.0,-4.628,-4.628
123.71614705700001,1790241519.6002529,-5.0,-5.0,-4.488,-4.628
123.71945513600001,1790241519.6034987,-5.0,-5.0,-4.348,-4.628
123.735028185,1790241519.619027,-5.0,-5.0,-4.628,-4.768
123.73666423,1790241519.6206093,-5.0,-5.0,-4.628,-4.768
123.75636994300001,1790241519.6404445,-5.0,-5.0,-4.628,-4.768
123.759277448,1790241519.6433125,-5.0,-5.0,-4.628,-4.768
123.77702347,1790241519.6611319,-5.0,-5.0,-4.909,-4.768
123.780182382,1790241519.6642566,-5.0,-5.0,-4.768,-4.909
123.79888528100001,1790241519.682904,-5.0,-5.0,-4.628,-4.768
123.80052893000001,1790241519.6844676,-5.0,-5.0,-4.768,-4.909
123.815310155,1790241519.699332,-5.0,-5.0,-4.628,-4.768
123.817324221,1790241519.7013142,-5.0,-5.0,-3.506,-3.787
123.83645311000001,1790241519.720536,-5.0,-5.0,-2.665,-3.226
123.83938738600001,1790241519.72344,-5.0,-5.0,-1.683,-1.963
123.856346532,1790241519.7404206,-5.0,-5.0,-0.982,-1.122
123.85921299600001,1790241519.7433105,-5.0,-5.0,-0.701,-0.982
123.87613224500001,1790241519.7602594,-5.0,-5.0,-0.841,-0.841
123.87945824100001,1790241519.7635365,-5.0,-5.0,-0.561,-1.122
123.89503858200001,1790241519.779058,-5.0,-5.0,-0.421,-0.701
123.89661113700001,1790241519.7805424,-5.0,-5.0,0.0,-0.421
123.916324715,1790241519.8004158,-5.0,-5.0,-0.14,-0.561
123.919230553,1790241519.8032472,-5.0,-5.0,-0.421,-0.982
123.93715001300001,1790241519.8212783,-5.0,-5.0,-0.841,-1.402
123.940389967,1790241519.8244452,-5.0,-5.0,-1.122,-1.823
123.943796171,1790241519.8278859,-5.0,-5.0,-1.543,-2.244
123.95510535800001,1790241519.839111,-5.0,-5.0,-1.823,-2.665
123.97706993000001,1790241519.8611927,-5.0,-5.0,-2.244,-3.226
123.98028936300001,1790241519.86432,-5.0,-5.0,-2.805,-3.506
123.996349132,1790241519.8804348,-5.0,-5.0,-3.226,-3.927
123.999306481,1790241519.8833401,-5.0,-5.0,-3.506,-4.207
124.01608474100001,1790241519.9002304,-5.0,-5.0,-3.927,-4.628
124.019396622,1790241519.9035196,-5.0,-5.0,-4.207,-4.768
124.035105036,1790241519.9191062,-5.0,-5.0,-4.628,-4.909
124.036724726,1790241519.9208753,-5.0,-5.0,-4.909,-5.189
124.05643476200001,1790241519.9405122,-5.0,-5.0,-5.049,-5.329
124.05932112200001,1790241519.9433353,-5.0,-5.0,-5.329,-5.329
124.076306778,1790241519.9604359,-5.0,-5.0,-5.47,-5.47
124.07968089900001,1790241519.9637527,-5.0,-5.0,-5.47,-5.61
124.09500014500001,1790241519.979003,-5.0,-5.0,-5.75,-5.47
124.09661218000001,1790241519.9805465,-5.0,-5.0,-5.75,-5.61
124.11639096600001,1790241520.0004895,-5.0,-5.0,-5.61,-5.75
124.119298888,1790241520.0033379,-5.0,-5.0,-5.75,-5.47
124.136507878,1790241520.0207558,-5.0,-5.0,-5.75,-5.61
124.140373666,1790241520.0244708,-5.0,-5.0,-5.47,-5.75
124.144213569,1790241520.0283182,-5.0,-5.0,-5.61,-5.47
124.15496593200001,1790241520.0389633,-5.0,-5.0,-5.47,-5.61
124.177547536,1790241520.0616877,-5.0,-5.0,-5.47,-5.329
124.18180051200001,1790241520.0659716,-5.0,-5.0,-5.47,-5.47
124.18402796400001,1790241520.068005,-5.0,-5.0,-5.329,-5.47
124.19552887100001,1790241520.0795865,-5.0,-5.0,-5.329,-5.329
124.21576036600001,1790241520.0998003,-5.0,-5.0,-5.329,-5.329
124.21833813100001,1790241520.102503,-5.0,-5.0,-5.329,-5.189
124.236035039,1790241520.1201057,-5.0,-5.0,-5.329,-5.189
124.23861806400001,1790241520.1226282,-5.0,-5.0,-5.329,-5.189
124.25553304300001,1790241520.1395867,-5.0,-5.0,-5.329,-5.049
124.25788190200001,1790241520.1418653,-5.0,-5.0,-5.329,-5.049
124.27637573700001,1790241520.1604738,-5.0,-5.0,-5.47,-5.049
124.27927860700001,1790241520.1633165,-5.0,-5.0,-5.329,-5.189
124.29655280600001,1790241520.180822,-5.0,-5.0,-5.329,-5.049
124.30045401100001,1790241520.184527,-5.0,-5.0,-5.329,-5.049
124.315007475,1790241520.1990137,-5.0,-5.0,-5.189,-5.049
124.31663794600001,1790241520.2005863,-5.0,-5.0,-5.329,-5.049
124.33644699300001,1790241520.2205555,-5.0,-5.0,-4.909,-4.768
124.33937189400001,1790241520.2234025,-5.0,-5.0,-4.207,-4.348
124.35695369700001,1790241520.241092,-5.0,-5.0,-3.366,-3.646
124.360135005,1790241520.244308,-5.0,-5.0,-2.384,-2.524
124.363440897,1790241520.2475207,-5.0,-5.0,-1.402,-1.402
124.37511576200001,1790241520.2591228,-5.0,-5.0,-0.701,-0.701
124.39691351,1790241520.281034,-5.0,-5.0,-0.14,-0.28
124.39990742200001,1790241520.2839437,-5.0,-5.0,0.14,0.14
124.416094795,1790241520.3001997,-5.0,-5.0,0.28,0.28
124.418792925,1790241520.3028088,-5.0,-5.0,0.14,0.28
124.436274936,1790241520.3204372,-5.0,-5.0,0.14,0.561
124.43998223400001,1790241520.3242695,-5.0,-5.0,0.0,0.14
124.4551182,1790241520.3391204,-5.0,-5.0,0.0,0.0
124.45661700400001,1790241520.340561,-5.0,-5.0,0.28,0.0
124.476188186,1790241520.3602633,-5.0,-5.0,0.421,0.28
124.47888918000001,1790241520.362936,-5.0,-5.0,0.561,0.14
124.496572286,1790241520.380775,-5.0,-5.0,0.561,0.421
124.49971067700001,1790241520.383756,-5.0,-5.0,0.701,0.561
124.51507539200001,1790241520.3990893,-5.0,-5.0,0.982,0.701
124.51667831200001,1790241520.4006186,-5.0,-5.0,0.841,0.701
124.536154025,1790241520.4202461,-5.0,-5.0,0.982,0.841
124.538826165,1790241520.4228451,-5.0,-5.0,0.841,0.841
124.55664171800001,1790241520.440817,-5.0,-5.0,0.841,0.841
124.55982021400001,1790241520.4439034,-5.0,-5.0,0.841,0.841
124.57505451300001,1790241520.4590745,-5.0,-5.0,0.841,0.841
124.576680193,1790241520.4608357,-5.0,-5.0,0.982,0.561
124.59623793700001,1790241520.4803274,-5.0,-5.0,0.841,0.28
124.59890830600001,1790241520.4829683,-5.0,-5.0,0.701,0.421
124.61634984800001,1790241520.5004547,-5.0,-5.0,0.841,0.421
124.61940631200001,1790241520.5034661,-5.0,-5.0,0.701,0.561
124.63491962200001,1790241520.518919,-5.0,-5.0,0.701,0.28
124.6364415,1790241520.520379,-5.0,-5.0,0.561,0.14
124.656614766,1790241520.5407996,-5.0,-5.0,0.561,0.14
124.65974430300001,1790241520.5438082,-5.0,-5.0,0.561,0.14
124.67566849800001,1790241520.5597618,-5.0,-5.0,0.701,0.14
124.67833741000001,1790241520.5623543,-5.0,-5.0,0.561,0.14
124.695160826,1790241520.5791752,-5.0,-5.0,0.561,0.0
124.69711968400001,1790241520.5810947,-5.0,-5.0,0.561,0.0
124.716112166,1790241520.6001844,-5.0,-5.0,0.28,0.0
124.71876045200001,1790241520.602774,-5.0,-5.0,0.28,0.0
124.736552047,1790241520.6207645,-5.0,-5.0,0.28,0.0
124.739629761,1790241520.6236672,-5.0,-5.0,0.14,0.0
124.755029112,1790241520.6390464,-5.0,-5.0,0.0,0.0
124.75665468800001,1790241520.6405973,-5.0,-5.0,0.0,0.0
124.77615654700001,1790241520.6602302,-5.0,-5.0,0.0,0.0
124.77882092700001,1790241520.6628518,-5.0,-5.0,0.0,0.0
124.796156687,1790241520.6803174,-5.0,-5.0,0.0,0.0
124.79969435000001,1790241520.683795,-5.0,-5.0,0.0,0.0
124.814880211,1790241520.6988742,-5.0,-5.0,0.0,0.0
124.81640386000001,1790241520.7003586,-5.0,-5.0,0.0,0.0
124.83659072,1790241520.7207997,-5.0,-5.0,0.0,0.0
124.839717132,1790241520.7237613,-5.0,-5.0,0.0,0.0
124.855173722,1790241520.7391925,-5.0,-5.0,0.0,0.0
124.85699143400001,1790241520.7409596,-5.0,-5.0,0.0,0.0
124.87619829200001,1790241520.760297,-5.0,-5.0,0.0,0.0
124.87888407800001,1790241520.7629025,-5.0,-5.0,0.0,0.0
124.89659749600001,1790241520.7807786,-5.0,-5.0,0.0,0.0
124.89968901200001,1790241520.783755,-5.0,-5.0,0.0,0.0
124.91501539400001,1790241520.7990174,-5.0,-5.0,0.0,0.0
124.91661597000001,1790241520.8005552,-5.0,-5.0,0.0,0.0
124.936200016,1790241520.8202925,-5.0,-5.0,0.0,0.0
124.93891898000001,1790241520.8229678,-5.0,-5.0,0.0,0.0
124.956624429,1790241520.8407838,-5.0,-5.0,0.0,0.0
124.95963084,1790241520.8436658,-5.0,-5.0,0.0,0.0
124.97515675400001,1790241520.8591664,-5.0,-5.0,0.0,0.0
124.97676337200001,1790241520.860948,-5.0,-5.0,0.0,0.0
124.99614168800001,1790241520.8802123,-5.0,-5.0,0.0,0.0
124.99880304700001,1790241520.882818,-5.0,-5.0,0.0,0.0
125.01661755900001,1790241520.9008083,-5.0,-5.0,0.0,0.0
125.019658711,1790241520.903696,-5.0,-5.0,0.0,0.0
125.035035093,1790241520.9190404,-5.0,-5.0,0.0,0.0
125.036645773,1790241520.9205883,-5.0,-5.0,0.0,0.0
125.05614981900001,1790241520.9402416,-5.0,-5.0,0.0,0.0
125.058820709,1790241520.9428368,-5.0,-5.0,0.0,0.0
125.07668339800001,1790241520.960883,-5.0,-5.0,0.0,0.0
125.07980298700001,1790241520.9638596,-5.0,-5.0,0.0,0.0
125.095839006,1790241520.9799366,-5.0,-5.0,0.0,0.0
125.09854364600001,1790241520.9825845,-5.0,-5.0,0.0,0.0
125.11523378100001,1790241520.9992447,-5.0,-5.0,0.0,0.0
125.11721967000001,1790241521.001193,-5.0,-5.0,0.0,0.0
125.13613913200001,1790241521.0202317,-5.0,-5.0,0.0,0.0
125.13890215800001,1790241521.0229392,-5.0,-5.0,0.0,0.0
125.156611357,1790241521.0408034,-5.0,-5.0,0.0,0.0
125.15966172700001,1790241521.0437047,-5.0,-5.0,0.0,0.0
125.17504852600001,1790241521.0590537,-5.0,-5.0,0.0,0.0
125.17665196600001,1790241521.0606017,-5.0,-5.0,0.0,0.0
125.19613309600001,1790241521.0802245,-5.0,-5.0,0.0,0.0
125.19880554800001,1790241521.0828185,-5.0,-5.0,0.0,0.0
125.2165923,1790241521.1007915,-5.0,-5.0,0.0,0.0
125.21967834700001,1790241521.1037254,-5.0,-5.0,0.0,0.0
125.23558884500001,1790241521.1196895,-5.0,-5.0,0.0,0.0
125.238267652,1790241521.1222868,-5.0,-5.0,0.0,0.0
125.25519309900001,1790241521.1392195,-5.0,-5.0,0.0,0.0
125.257200134,1790241521.1411827,-5.0,-5.0,0.0,0.0
125.27615600200001,1790241521.1602335,-5.0,-5.0,0.0,0.0
125.27880970500001,1790241521.1628435,-5.0,-5.0,0.0,0.0
125.29654947700001,1790241521.180753,-5.0,-5.0,0.0,0.0
125.29964917000001,1790241521.183686,-5.0,-5.0,0.0,0.0
125.31503471900001,1790241521.199049,-5.0,-5.0,0.0,0.0
125.31664545100001,1790241521.2005877,-5.0,-5.0,0.0,0.0
125.336152674,1790241521.220231,-5.0,-5.0,0.0,0.0
125.33881700200001,1790241521.2228558,-5.0,-5.0,0.0,0.0
125.356615055,1790241521.2408185,-5.0,-5.0,0.0,0.0
125.359692717,1790241521.2437282,-5.0,-5.0,0.0,0.0
125.375023162,1790241521.2590282,-5.0,-5.0,0.14,0.0
125.376621029,1790241521.2605634,-5.0,-5.0,0.0,0.14
125.396168148,1790241521.2802622,-5.0,-5.0,0.0,0.0
125.39882846600001,1790241521.2828436,-5.0,-5.0,0.0,0.0
125.41590052800001,1790241521.3,-5.0,-5.0,0.0,0.0
125.41891532500001,1790241521.3029566,-5.0,-5.0,0.0,0.0
125.43500874000001,1790241521.3190317,-5.0,-5.0,0.0,0.0
125.43662962900001,1790241521.320581,-5.0,-5.0,0.0,0.0
125.456177737,1790241521.3402672,-5.0,-5.0,0.0,0.0
125.45893008600001,1790241521.3429663,-5.0,-5.0,0.0,0.0
125.47617345100001,1790241521.3602936,-5.0,-5.0,0.14,0.0
125.47926215400001,1790241521.3633084,-5.0,-5.0,0.0,0.0
125.494888954,1790241521.378887,-5.0,-5.0,0.0,0.0
125.49639786300001,1790241521.3803327,-5.0,-5.0,0.0,0.0
125.51620795100001,1790241521.4002948,-5.0,-5.0,0.0,0.0
125.518873685,1790241521.4029264,-5.0,-5.0,0.0,0.0
125.53593538300001,1790241521.4200428,-5.0,-5.0,0.0,0.0
125.53900252400001,1790241521.4230669,-5.0,-5.0,0.0,0.0
125.55527963700001,1790241521.4394023,-5.0,-5.0,0.0,0.0
125.55849927800001,1790241521.4426057,-5.0,-5.0,0.0,0.0
125.57524555900001,1790241521.4592748,-5.0,-5.0,0.0,0.0
125.57728420800001,1790241521.4612806,-5.0,-5.0,0.14,0.0
125.596031795,1790241521.480091,-5.0,-5.0,0.0,0.0
125.59849914300001,1790241521.4825144,-5.0,-5.0,0.0,0.0
125.61611995700001,1790241521.5002384,-5.0,-5.0,0.0,0.0
125.619190743,1790241521.5032454,-5.0,-5.0,0.0,0.0
125.634899574,1790241521.5189204,-5.0,-5.0,0.0,0.0
125.63641244200001,1790241521.5203564,-5.0,-5.0,0.0,0.0
125.656627791,1790241521.5408342,-5.0,-5.0,0.0,0.0
125.65967534900001,1790241521.5437145,-5.0,-5.0,0.0,0.0
125.67566095100001,1790241521.5597541,-5.0,-5.0,0.0,0.0
125.678346841,1790241521.5623786,-5.0,-5.0,0.0,0.0
125.695150518,1790241521.5791845,-5.0,-5.0,0.0,0.0
125.69716052100001,1790241521.581165,-5.0,-5.0,0.0,0.0
125.71608524300001,1790241521.6001556,-5.0,-5.0,0.0,0.0
125.718725769,1790241521.6027465,-5.0,-5.0,0.0,0.0
125.73587897700001,1790241521.620004,-5.0,-5.0,0.0,0.0
125.73893653500001,1790241521.6229835,-5.0,-5.0,0.0,0.0
125.75503609600001,1790241521.6390753,-5.0,-5.0,0.14,0.14
125.756664224,1790241521.6406186,-5.0,-5.0,0.0,0.14
125.77612858200001,1790241521.6602738,-5.0,-5.0,0.14,0.14
125.77888119100001,1790241521.6629238,-5.0,-5.0,0.0,0.14
125.79648408800001,1790241521.6807153,-5.0,-5.0,0.14,0.14
125.800013886,1790241521.684082,-5.0,-5.0,0.28,0.28
125.814906882,1790241521.6988995,-5.0,-5.0,0.28,0.28
125.816410583,1790241521.7003453,-5.0,-5.0,0.421,0.28
125.836562286,1790241521.720776,-5.0,-5.0,0.28,0.28
125.839640625,1790241521.7236817,-5.0,-5.0,0.421,0.14
125.855816801,1790241521.7399373,-5.0,-5.0,0.421,0.421
125.858887952,1790241521.7429621,-5.0,-5.0,0.421,0.28
125.87504829400001,1790241521.759053,-5.0,-5.0,0.421,0.28
125.87666611,1790241521.7606115,-5.0,-5.0,0.421,0.421
125.896164791,1790241521.7802446,-5.0,-5.0,0.421,0.421
125.8988374,1790241521.7828863,-5.0,-5.0,0.561,0.421
125.91627029700001,1790241521.8004282,-5.0,-5.0,0.561,0.421
125.919756136,1790241521.8038538,-5.0,-5.0,0.701,0.421
125.93490981000001,1790241521.818908,-5.0,-5.0,0.561,0.421
125.93639231200001,1790241521.8203437,-5.0,-5.0,0.701,0.561
125.956565006,1790241521.8407598,-5.0,-5.0,0.701,0.421
125.95964798000001,1790241521.8436885,-5.0,-5.0,0.701,0.561
125.97517196700001,1790241521.859179,-5.0,-5.0,0.701,0.561
125.976779261,1790241521.8609493,-5.0,-5.0,0.701,0.421
125.99608304600001,1790241521.8801742,-5.0,-5.0,0.701,0.701
125.99873539500001,1790241521.882774,-5.0,-5.0,0.841,0.561
126.01517511300001,1790241521.8991868,-5.0,-5.0,0.841,0.701
126.01715959500001,1790241521.9011414,-5.0,-5.0,0.701,0.701
126.03611942200001,1790241521.920209,-5.0,-5.0,0.841,0.561
126.038770677,1790241521.9228225,-5.0,-5.0,0.841,0.701
126.05675867800001,1790241521.9410005,-5.0,-5.0,0.701,0.561
126.06032884100001,1790241521.9444234,-5.0,-5.0,0.841,0.701
126.07489954500001,1790241521.958897,-5.0,-5.0,0.701,0.561
126.07640241200001,1790241521.9603357,-5.0,-5.0,0.701,0.561
126.095970937,1790241521.980085,-5.0,-5.0,0.561,0.561
126.098408077,1790241521.98243,-5.0,-5.0,0.561,0.561
126.116678319,1790241522.0008492,-5.0,-5.0,0.561,0.561
126.119722647,1790241522.003777,-5.0,-5.0,0.28,0.561
126.13636444900001,1790241522.0204718,-5.0,-5.0,0.421,0.421
126.13942409,1790241522.0234666,-5.0,-5.0,0.421,0.421
126.15503463900001,1790241522.0390387,-5.0,-5.0,0.28,0.561
126.156625058,1790241522.0405784,-5.0,-5.0,0.28,0.28
126.176126292,1790241522.0602155,-5.0,-5.0,0.28,0.421
126.17880259900001,1790241522.0628328,-5.0,-5.0,0.28,0.561
126.19699815300001,1790241522.08114,-5.0,-5.0,0.28,0.421
126.20050076400001,1790241522.0845962,-5.0,-5.0,0.28,0.421
126.214906259,1790241522.098925,-5.0,-5.0,0.28,0.28
126.21641131300001,1790241522.100355,-5.0,-5.0,0.14,0.561
126.23665635,1790241522.1208885,-5.0,-5.0,0.28,0.28
126.2397387,1790241522.1237879,-5.0,-5.0,0.421,0.421
126.25580810400001,1790241522.1399326,-5.0,-5.0,0.421,0.421
126.25887988100001,1790241522.142923,-5.0,-5.0,0.28,0.28
126.275026421,1790241522.159055,-5.0,-5.0,0.28,0.28
126.27664491300001,1790241522.1605856,-5.0,-5.0,0.28,0.28
126.29612599000001,1790241522.1802022,-5.0,-5.0,0.421,0.28
126.298766568,1790241522.1828148,-5.0,-5.0,0.28,0.28
126.31627529800001,1790241522.2004516,-5.0,-5.0,0.28,0.14
126.319865929,1790241522.2039666,-5.0,-5.0,0.28,0.14
126.33489366500001,1790241522.218902,-5.0,-5.0,0.28,0.28
126.33641439700001,1790241522.2203498,-5.0,-5.0,0.28,0.14
126.356552715,1790241522.2407818,-5.0,-5.0,0.28,0.14
126.35962511700001,1790241522.243665,-5.0,-5.0,0.14,0.14
126.37586124,1790241522.2599838,-5.0,-5.0,0.28,0.14
126.378906975,1790241522.2629507,-5.0,-5.0,0.14,0.14
126.39569497400001,1790241522.279746,-5.0,-5.0,0.28,0.14
126.398471646,1790241522.282544,-5.0,-5.0,0.28,0.28
126.41484605100001,1790241522.2988594,5.0,5.0,0.28,0.14
126.416362824,1790241522.300306,5.0,5.0,0.28,0.14
126.437258071,1790241522.321405,5.0,5.0,0.421,0.14
126.44076417100001,1790241522.324964,5.0,5.0,0.28,0.14
126.455636698,1790241522.3397348,5.0,5.0,0.701,0.421
126.45830404700001,1790241522.3423405,5.0,5.0,0.982,0.982
126.47521699400001,1790241522.3592432,5.0,5.0,1.402,1.262
126.47719251900001,1790241522.3611913,5.0,5.0,1.963,1.963
126.496119324,1790241522.380205,5.0,5.0,2.244,2.665
126.49879854800001,1790241522.382861,5.0,5.0,2.524,3.226
126.516443163,1790241522.4007068,5.0,5.0,2.945,3.787
126.52003817,1790241522.404132,5.0,5.0,3.506,4.348
126.53488929100001,1790241522.4188852,5.0,5.0,3.927,4.628
126.536384294,1790241522.420332,5.0,5.0,4.207,5.049
126.556565476,1790241522.4407535,5.0,5.0,4.488,5.47
126.55964407600001,1790241522.4436848,5.0,5.0,4.909,5.329
126.57506014500001,1790241522.4590786,5.0,5.0,4.909,5.47
126.57667660700001,1790241522.460843,5.0,5.0,5.189,5.75
126.59619231900001,1790241522.4802992,5.0,5.0,5.47,5.75
126.59888529300001,1790241522.482909,5.0,5.0,5.47,5.61
126.61645808600001,1790241522.5005744,5.0,5.0,5.47,5.61
126.619530435,1790241522.5035827,5.0,5.0,5.47,5.61
126.634989942,1790241522.518996,5.0,5.0,5.47,5.61
126.63658447700001,1790241522.5205362,5.0,5.0,5.47,5.47
126.656459252,1790241522.5405686,5.0,5.0,5.47,5.61
126.65953592500001,1790241522.5436025,5.0,5.0,5.329,5.61
126.674899859,1790241522.558914,5.0,5.0,5.47,5.47
126.67640106,1790241522.5603347,5.0,5.0,5.329,5.47
126.69656068,1790241522.5807552,5.0,5.0,5.189,5.47
126.699622352,1790241522.5836604,5.0,5.0,5.329,5.47
126.71582837100001,1790241522.599946,5.0,5.0,5.189,5.329
126.718892752,1790241522.6029572,5.0,5.0,5.189,5.47
126.7350945,1790241522.6191182,5.0,5.0,5.189,5.189
126.73671429500001,1790241522.6208882,5.0,5.0,4.909,5.329
126.75612615300001,1790241522.640195,5.0,5.0,5.189,5.329
126.75874876200001,1790241522.642799,5.0,5.0,5.189,5.049
126.77626895,1790241522.6604676,5.0,5.0,5.049,5.049
126.779901613,1790241522.6640117,5.0,5.0,4.909,5.049
126.79491612000001,1790241522.678915,5.0,5.0,5.189,4.909
126.79643700800001,1790241522.6803725,5.0,5.0,4.909,4.768
126.816568399,1790241522.7007313,5.0,5.0,5.049,4.909
126.81959913400001,1790241522.7036362,5.0,5.0,5.049,4.628
126.835844476,1790241522.7199686,5.0,5.0,5.049,4.768
126.838907554,1790241522.7229712,5.0,5.0,4.909,4.768
126.85501294800001,1790241522.7390156,5.0,5.0,5.189,4.768
126.856612326,1790241522.7405546,5.0,5.0,4.909,4.628
126.87617960200001,1790241522.760276,5.0,5.0,4.909,4.768
126.878872263,1790241522.762923,5.0,5.0,5.049,4.768
126.896154378,1790241522.7803164,5.0,5.0,4.909,4.768
126.89970974900001,1790241522.7838342,5.0,5.0,4.768,4.768
126.91491102600001,1790241522.79891,5.0,5.0,4.909,4.768
126.91678858200001,1790241522.8009086,5.0,5.0,4.768,4.768
126.935085438,1790241522.8190956,5.0,5.0,4.768,4.628
126.936591899,1790241522.8205295,5.0,5.0,4.768,4.768
126.95578334100001,1790241522.8398445,5.0,5.0,4.488,4.488
126.95796949000001,1790241522.8419833,5.0,5.0,3.927,4.067
126.977307807,1790241522.861452,5.0,5.0,3.646,3.787
126.98071088600001,1790241522.864869,5.0,5.0,3.085,3.226
126.996135862,1790241522.8802307,5.0,5.0,2.665,2.945
126.99882763800001,1790241522.8828475,5.0,5.0,2.665,2.665
127.01645272200001,1790241522.9005618,5.0,5.0,2.384,2.665
127.019248144,1790241522.903315,5.0,5.0,2.244,2.524
127.035313798,1790241522.9193435,5.0,5.0,2.104,2.104
127.037179948,1790241522.921146,5.0,5.0,2.104,2.244
127.055818211,1790241522.9398928,5.0,5.0,2.244,2.244
127.058210767,1790241522.9422305,5.0,5.0,2.244,2.665
127.07538585100001,1790241522.959432,5.0,5.0,2.524,2.805
127.07757783400001,1790241522.9615674,5.0,5.0,2.665,3.085
127.09580568000001,1790241522.9798768,5.0,5.0,3.085,3.366
127.09865459100001,1790241522.9827933,5.0,5.0,3.366,3.646
127.114865871,1790241522.9988856,5.0,5.0,3.506,3.927
127.11639613400001,1790241523.0003324,5.0,5.0,3.646,3.927
127.13739622400001,1790241523.0215788,5.0,5.0,3.787,4.207
127.14090373100001,1790241523.0249825,5.0,5.0,4.207,4.488
127.155987248,1790241523.0400872,5.0,5.0,4.488,4.628
127.158704544,1790241523.0427282,5.0,5.0,4.348,4.768
127.17794765200001,1790241523.0619998,5.0,5.0,4.628,4.909
127.17987468700001,1790241523.0638525,5.0,5.0,4.768,4.768
127.19507106900001,1790241523.079096,5.0,5.0,4.768,5.049
127.196702426,1790241523.0808537,5.0,5.0,4.768,5.049
127.216210222,1790241523.100289,5.0,5.0,5.049,4.909
127.21889767500001,1790241523.1029167,5.0,5.0,5.049,4.909
127.236478957,1790241523.120605,5.0,5.0,4.909,5.049
127.239495942,1790241523.1235538,5.0,5.0,5.049,5.049
127.26031483400001,1790241523.1443644,5.0,5.0,5.049,4.768
127.26237879600001,1790241523.1463888,5.0,5.0,4.909,4.909
127.26450296700001,1790241523.1485407,5.0,5.0,4.909,4.909
127.27503908000001,1790241523.159041,5.0,5.0,5.049,4.768
127.29728792200001,1790241523.1814873,5.0,5.0,4.768,4.909
127.30107355400001,1790241523.1851926,5.0,5.0,4.909,4.909
127.31603722700001,1790241523.2001338,5.0,5.0,4.909,4.768
127.31876009700001,1790241523.2027795,5.0,5.0,4.768,4.768
127.33516856400001,1790241523.2192302,5.0,5.0,4.628,4.909
127.337204037,1790241523.221251,5.0,5.0,4.909,4.768
127.355011153,1790241523.2390122,5.0,5.0,4.768,4.768
127.356503187,1790241523.2404368,5.0,5.0,4.628,4.768
127.377290048,1790241523.2614887,5.0,5.0,4.768,4.628
127.38078583500001,1790241523.2649412,5.0,5.0,4.628,4.628
127.396230707,1790241523.2803183,5.0,5.0,4.628,4.488
127.39892592000001,1790241523.2829654,5.0,5.0,4.488,4.488
127.416201525,1790241523.3003378,5.0,5.0,4.488,4.488
127.419741219,1790241523.3038657,5.0,5.0,4.488,4.488
127.434874319,1790241523.3188696,5.0,5.0,4.768,4.348
127.43635385300001,1790241523.3202882,5.0,5.0,4.768,4.348
127.45971457300001,1790241523.343721,5.0,5.0,4.768,4.348
127.461308274,1790241523.3452637,5.0,5.0,4.909,4.488
127.475651685,1790241523.3597116,5.0,5.0,4.909,4.768
127.47784866900001,1790241523.361855,5.0,5.0,5.049,4.768
127.495567815,1790241523.3796082,5.0,5.0,5.049,4.909
127.49771276700001,1790241523.3816962,5.0,5.0,5.329,5.329
127.51728082400001,1790241523.4014099,5.0,5.0,5.47,5.329
127.520536038,1790241523.4049957,5.0,5.0,5.61,5.75
127.53496793900001,1790241523.4189816,5.0,5.0,5.75,5.89
127.53648731700001,1790241523.4204397,5.0,5.0,5.89,5.89
127.55716553200001,1790241523.441337,5.0,5.0,6.031,6.171
127.56061298600001,1790241523.4447548,5.0,5.0,5.89,6.171
127.575051294,1790241523.459073,5.0,5.0,6.031,5.89
127.57665832800001,1790241523.4605985,5.0,5.0,5.75,5.89
127.599397276,1790241523.4834535,5.0,5.0,6.031,6.031
127.60175978000001,1790241523.4857593,5.0,5.0,5.89,5.89
127.60402707600001,1790241523.4880538,5.0,5.0,6.031,6.031
127.615604805,1790241523.4996498,5.0,5.0,6.031,5.89
127.637141876,1790241523.5213692,5.0,5.0,5.75,5.75
127.64068000700001,1790241523.5248399,5.0,5.0,5.75,5.75
127.65502742900001,1790241523.539047,5.0,5.0,5.75,5.47
127.65664175500001,1790241523.5405807,5.0,5.0,5.75,5.61
127.67616179100001,1790241523.5602386,5.0,5.0,5.75,5.61
127.67933940100001,1790241523.5634377,5.0,5.0,5.75,5.47
127.695012711,1790241523.5790188,5.0,5.0,5.75,5.47
127.696526359,1790241523.580477,5.0,5.0,5.61,5.47
127.717325043,1790241523.6014907,5.0,5.0,5.47,5.329
127.72075911200001,1790241523.6049066,5.0,5.0,5.329,5.47
127.73490038800001,1790241523.6189003,5.0,5.0,5.189,5.189
127.73640559900001,1790241523.6203518,5.0,5.0,5.329,5.189
127.756431156,1790241523.6405203,5.0,5.0,5.189,5.47
127.75931397400001,1790241523.6433754,5.0,5.0,5.189,5.329
127.77533317000001,1790241523.6594226,5.0,5.0,5.189,5.329
127.77732697600001,1790241523.6613357,5.0,5.0,5.049,5.329
127.797048105,1790241523.6812549,5.0,5.0,4.909,5.189
127.80058842400001,1790241523.6847384,5.0,5.0,4.909,5.189
127.814961784,1790241523.6989708,5.0,5.0,4.909,5.049
127.81646887000001,1790241523.7004046,5.0,5.0,5.049,5.049
127.83662333400001,1790241523.7208438,5.0,5.0,4.909,4.909
127.84025516300001,1790241523.7243967,5.0,5.0,4.909,4.909
127.85513529500001,1790241523.7391481,5.0,5.0,5.049,4.909
127.85669727700001,1790241523.7407053,5.0,5.0,4.909,4.768
127.87569377000001,1790241523.7597387,5.0,5.0,4.909,4.909
127.87805377400001,1790241523.7620852,5.0,5.0,4.909,4.909
127.895783702,1790241523.7798564,5.0,5.0,4.909,4.768
127.89818881100001,1790241523.7822096,5.0,5.0,4.909,4.909
127.91663410500001,1790241523.8008215,5.0,5.0,4.768,4.909
127.919684423,1790241523.8037632,5.0,5.0,4.909,4.628
127.93596570300001,1790241523.820046,5.0,5.0,4.768,4.768
127.93874763500001,1790241523.8227763,5.0,5.0,4.768,5.049
127.956233865,1790241523.8403766,5.0,5.0,4.909,4.628
127.95980137100001,1790241523.8439229,5.0,5.0,4.768,4.909
127.978837552,1790241523.8628943,5.0,5.0,4.768,4.909
127.98061000300001,1790241523.8645651,5.0,5.0,5.049,4.909
127.995746905,1790241523.879791,5.0,5.0,4.909,4.909
127.997938941,1790241523.8819373,5.0,5.0,4.768,5.189
128.017055642,1790241523.9012892,5.0,5.0,5.049,5.189
128.02096033700002,1790241523.9051886,5.0,5.0,4.909,5.189
128.025079459,1790241523.9092183,5.0,5.0,4.909,5.189
128.036132135,1790241523.9201527,5.0,5.0,5.049,5.189
128.055978995,1790241523.9400375,5.0,5.0,5.049,5.049
128.058518166,1790241523.9425352,5.0,5.0,4.909,5.329
128.075918875,1790241523.9600027,5.0,5.0,5.049,5.329
128.078440338,1790241523.9624565,5.0,5.0,5.189,5.329
128.096754277,1790241523.9809365,5.0,5.0,5.049,5.329
128.099821991,1790241523.983884,5.0,5.0,5.189,5.329
128.122470991,1790241524.0065422,5.0,5.0,5.189,5.329
128.124554901,1790241524.0085444,5.0,5.0,5.049,5.329
128.127028551,1790241524.0111985,5.0,5.0,5.329,5.329
128.134790753,1790241524.018805,5.0,5.0,5.189,5.329
128.157246315,1790241524.0414479,5.0,5.0,5.049,5.189
128.160788352,1790241524.0449412,5.0,5.0,5.049,5.189
128.17613213,1790241524.0602708,5.0,5.0,5.189,5.189
128.179170782,1790241524.0632744,5.0,5.0,5.049,5.049
128.19502721700002,1790241524.0790389,5.0,5.0,5.049,5.189
128.196940554,1790241524.080989,5.0,5.0,5.049,5.189
128.215875745,1790241524.099951,5.0,5.0,4.909,5.189
128.21840246800002,1790241524.1024094,5.0,5.0,5.049,5.049
128.23579625000002,1790241524.1198566,5.0,5.0,5.049,4.768
128.238191723,1790241524.1221893,5.0,5.0,4.768,4.768
128.25705576800001,1790241524.1412494,5.0,5.0,4.909,5.049
128.260586659,1790241524.1447272,5.0,5.0,4.909,4.909
128.28098102,1790241524.1650534,5.0,5.0,5.049,5.049
128.283007325,1790241524.1669903,5.0,5.0,4.909,4.909
128.284943996,1790241524.168976,5.0,5.0,4.909,4.768
128.294869951,1790241524.1788704,5.0,5.0,4.909,4.909
128.317083169,1790241524.201226,5.0,5.0,4.768,4.909
128.32064229,1790241524.2049155,5.0,5.0,4.909,4.909
128.334881795,1790241524.2188773,5.0,5.0,4.909,4.909
128.33638127700002,1790241524.2203174,5.0,5.0,4.768,5.049
128.356173917,1790241524.2402647,5.0,5.0,4.768,4.909
128.35907433900002,1790241524.2431998,5.0,5.0,4.909,4.768
128.375066868,1790241524.2590961,5.0,5.0,4.768,4.909
128.37668525700002,1790241524.2606843,5.0,5.0,4.909,5.049
128.39724493,1790241524.2814326,5.0,5.0,5.049,5.189
128.400702228,1790241524.2848573,5.0,5.0,5.049,5.189
128.414921368,1790241524.298921,5.0,5.0,5.049,5.189
128.416416735,1790241524.3003497,5.0,5.0,5.189,5.189
128.436147761,1790241524.3202252,5.0,5.0,5.329,5.189
128.438822141,1790241524.3228755,5.0,5.0,5.329,5.329
128.456518423,1790241524.3407452,5.0,5.0,5.47,5.189
128.459595877,1790241524.343674,5.0,5.0,5.47,5.47
128.476392522,1790241524.3604963,5.0,5.0,5.329,5.329
128.479443986,1790241524.3635035,5.0,5.0,5.329,5.329
128.495042243,1790241524.3790605,5.0,5.0,5.329,5.47
128.496654694,1790241524.3805964,5.0,5.0,5.189,5.329
128.516251918,1790241524.400329,5.0,5.0,5.329,5.329
128.518915256,1790241524.402948,5.0,5.0,5.049,5.189
128.536620757,1790241524.4208035,5.0,5.0,5.189,5.049
128.539779356,1790241524.423863,5.0,5.0,5.049,5.049
128.555088395,1790241524.4390957,5.0,5.0,4.909,5.049
128.556688554,1790241524.4408696,5.0,5.0,4.909,4.909
128.576136402,1790241524.460214,5.0,5.0,4.909,4.768
128.578821459,1790241524.4628599,5.0,5.0,4.909,4.628
128.59621847,1790241524.480324,5.0,5.0,4.768,4.768
128.59899035,1790241524.4830284,5.0,5.0,4.909,4.768
128.616148246,1790241524.5003102,5.0,5.0,4.768,4.628
128.619692523,1790241524.5037735,5.0,5.0,4.768,4.768
128.634927447,1790241524.5189216,5.0,5.0,4.768,4.768
128.63641672,1790241524.520352,5.0,5.0,4.628,4.628
128.65628040200002,1790241524.5403867,5.0,5.0,4.488,4.909
128.658931969,1790241524.5429614,5.0,5.0,4.628,4.909
128.676638512,1790241524.560831,5.0,5.0,4.909,4.909
128.67972179900002,1790241524.5637653,5.0,5.0,4.628,4.909
128.69505266000002,1790241524.5790715,5.0,5.0,4.628,5.049
128.696655007,1790241524.5805984,5.0,5.0,4.768,4.909
128.716173949,1790241524.6002672,5.0,5.0,4.909,4.909
128.71884166200002,1790241524.6028576,5.0,5.0,4.768,4.909
128.736917893,1790241524.6211023,5.0,5.0,5.049,5.189
128.74043107600002,1790241524.6245213,5.0,5.0,5.049,5.189
128.75491823800002,1790241524.6389177,5.0,5.0,5.189,5.049
128.75641871000002,1790241524.6403546,5.0,5.0,5.189,4.909
128.776589632,1790241524.6608167,5.0,5.0,5.189,5.049
128.779665002,1790241524.6637433,5.0,5.0,5.189,5.049
128.79641091800002,1790241524.6805196,5.0,5.0,5.329,5.189
128.79944925700002,1790241524.6834972,5.0,5.0,5.329,5.329
128.814880275,1790241524.6988904,5.0,5.0,5.329,5.189
128.816382153,1790241524.7003176,5.0,5.0,5.329,4.909
128.836646929,1790241524.7208412,5.0,5.0,5.049,5.049
128.839705008,1790241524.723783,5.0,5.0,5.049,4.909
128.856262017,1790241524.7403874,5.0,5.0,5.189,5.049
128.859389835,1790241524.7434661,5.0,5.0,5.189,5.049
128.874899343,1790241524.758915,5.0,5.0,5.189,5.189
128.876414554,1790241524.7603502,5.0,5.0,5.189,4.909
128.89661834100002,1790241524.780839,5.0,5.0,4.909,4.768
128.899703034,1790241524.7837837,5.0,5.0,4.909,4.909
128.916243272,1790241524.800373,5.0,5.0,4.768,4.768
128.91929609000002,1790241524.8033826,5.0,5.0,4.207,4.207
128.934907942,1790241524.8189032,5.0,5.0,3.787,3.927
128.93641044400002,1790241524.8203433,5.0,5.0,3.085,3.226
128.956646054,1790241524.8408558,5.0,5.0,2.524,2.665
128.959709393,1790241524.8437903,5.0,5.0,2.244,2.524
128.976347548,1790241524.860472,5.0,5.0,1.963,2.244
128.979407137,1790241524.863496,5.0,5.0,1.683,1.963
128.99489878,1790241524.8789,5.0,5.0,1.402,1.823
128.99640232500002,1790241524.8803399,5.0,5.0,1.262,1.402
129.01665132,1790241524.9008553,5.0,5.0,1.122,1.262
129.019681221,1790241524.9037511,5.0,5.0,0.982,0.982
129.035822344,1790241524.9199448,5.0,5.0,0.982,0.841
129.038902506,1790241524.9229512,5.0,5.0,0.982,0.701
129.055001911,1790241524.9390173,5.0,5.0,0.701,0.561
129.05661295500002,1790241524.9405575,5.0,5.0,0.841,0.701
129.07608507400002,1790241524.960158,5.0,5.0,0.701,0.701
129.07871924600002,1790241524.962762,5.0,5.0,0.701,0.701
129.096147975,1790241524.9802554,5.0,5.0,0.561,0.561
129.09920438700001,1790241524.9832735,5.0,5.0,0.701,0.561
129.114915405,1790241524.9989254,5.0,5.0,0.701,0.701
129.11643655400002,1790241525.0003853,5.0,5.0,0.701,0.561
129.13637232000002,1790241525.0204465,5.0,5.0,0.841,0.701
129.139036231,1790241525.0231485,5.0,5.0,0.841,0.701
129.15615121000002,1790241525.0402436,5.0,5.0,0.701,0.701
129.158849756,1790241525.0428703,5.0,5.0,0.841,0.701
129.176981404,1790241525.0611668,5.0,5.0,0.841,0.701
129.180588494,1790241525.0647464,5.0,5.0,0.701,0.701
129.19489586400002,1790241525.078906,5.0,5.0,0.841,0.841
129.196401856,1790241525.0803366,5.0,5.0,0.841,0.701
129.216671685,1790241525.1008687,5.0,5.0,0.841,0.841
129.219740024,1790241525.1037834,5.0,5.0,0.701,0.982
129.236300366,1790241525.1204379,5.0,5.0,0.841,0.841
129.23937604900001,1790241525.123453,5.0,5.0,0.982,0.841
129.25489264,1790241525.1389089,5.0,5.0,0.841,0.841
129.256416601,1790241525.1403506,5.0,5.0,0.841,1.122
129.27659382500002,1790241525.1607897,5.0,5.0,0.841,0.982
129.279616435,1790241525.1636922,5.0,5.0,0.982,0.982
129.295825787,1790241525.1799495,5.0,5.0,0.841,0.841
129.298893397,1790241525.1829371,5.0,5.0,0.841,0.982
129.315038114,1790241525.1990721,5.0,5.0,0.982,0.982
129.316667805,1790241525.2006073,5.0,5.0,0.841,0.841
129.336142007,1790241525.220231,5.0,5.0,0.841,0.982
129.338778991,1790241525.2228353,5.0,5.0,0.841,0.841
129.356185793,1790241525.240386,5.0,5.0,0.841,0.982
129.35976856000002,1790241525.2438655,5.0,5.0,0.701,0.841
129.374910515,1790241525.2589095,5.0,5.0,0.561,0.841
129.376410101,1790241525.2603586,5.0,5.0,0.701,0.841
129.396636961,1790241525.2808409,5.0,5.0,0.701,0.841
129.39973535200002,1790241525.2838128,5.0,5.0,0.701,0.841
129.41581262100001,1790241525.2999334,5.0,5.0,0.701,0.841
129.418904085,1790241525.3029654,5.0,5.0,0.701,0.841
129.435009374,1790241525.319032,5.0,5.0,0.701,0.841
129.436632659,1790241525.3205848,5.0,5.0,0.701,0.701
129.456127642,1790241525.340218,5.0,5.0,0.561,0.841
129.458779314,1790241525.3428323,5.0,5.0,0.701,0.841
129.476584659,1790241525.3607776,5.0,5.0,0.701,0.841
129.479630289,1790241525.363703,5.0,5.0,0.701,0.701
129.49633433,1790241525.3805196,5.0,5.0,0.561,0.841
129.499500638,1790241525.3835666,5.0,5.0,0.561,0.841
129.515162854,1790241525.3991745,5.0,5.0,0.701,0.701
129.516767128,1790241525.400973,5.0,5.0,0.421,0.841
129.536158726,1790241525.4202447,5.0,5.0,0.421,0.841
129.53886373,1790241525.4228995,5.0,5.0,0.561,0.841
129.556675898,1790241525.4408822,5.0,5.0,0.421,0.841
129.559884238,1790241525.4439957,5.0,5.0,0.421,0.841
129.576001819,1790241525.4601173,5.0,5.0,0.421,0.841
129.578708803,1790241525.4627292,5.0,5.0,0.421,0.841
129.59633821,1790241525.4804997,5.0,5.0,0.421,0.701
129.599883425,1790241525.4840162,5.0,5.0,0.561,0.841
129.614924182,1790241525.4989212,5.0,5.0,0.561,0.701
129.61641095500002,1790241525.500346,5.0,5.0,0.421,0.701
129.636506669,1790241525.5206063,5.0,5.0,0.561,0.841
129.639557508,1790241525.5236168,5.0,5.0,0.561,0.701
129.655016494,1790241525.5390248,5.0,5.0,0.421,0.561
129.65662826800002,1790241525.5405715,5.0,5.0,0.561,0.561
129.676287471,1790241525.5603678,5.0,5.0,0.421,0.701
129.678948569,1790241525.5629883,5.0,5.0,0.421,0.701
129.696977717,1790241525.5811658,5.0,5.0,0.561,0.561
129.700554286,1790241525.5847025,5.0,5.0,0.421,0.701
129.71490582200002,1790241525.5989194,5.0,5.0,0.421,0.701
129.716424835,1790241525.600363,5.0,5.0,0.421,0.561
129.73620455900002,1790241525.6202781,5.0,5.0,0.421,0.561
129.73887972,1790241525.6229038,5.0,5.0,0.28,0.701
129.756435273,1790241525.6405387,5.0,5.0,0.28,0.421
129.759472622,1790241525.6435335,5.0,5.0,0.28,0.701
129.774913484,1790241525.6589267,5.0,5.0,0.421,0.561
129.776435622,1790241525.6603713,5.0,5.0,0.28,0.561
129.796601388,1790241525.680806,5.0,5.0,0.28,0.561
129.799660716,1790241525.6837256,5.0,5.0,0.14,0.421
129.816233872,1790241525.7004426,5.0,5.0,0.14,0.421
129.819406482,1790241525.703487,5.0,5.0,0.14,0.561
129.834894791,1790241525.718903,5.0,5.0,0.28,0.421
129.83639198100002,1790241525.7203257,5.0,5.0,0.28,0.28
129.85655946600002,1790241525.7407634,5.0,5.0,0.14,0.421
129.859603222,1790241525.7436805,5.0,5.0,0.14,0.28
129.87584611600002,1790241525.759973,5.0,5.0,0.14,0.28
129.878911694,1790241525.7629564,5.0,5.0,0.0,0.14
129.895032869,1790241525.779056,5.0,5.0,0.0,0.14
129.896655685,1790241525.78061,5.0,5.0,0.0,0.0
129.91616743900002,1790241525.8002646,5.0,5.0,0.0,0.14
129.91886749600002,1790241525.8028927,5.0,5.0,0.0,0.0
129.93592820400002,1790241525.8200715,5.0,5.0,0.0,0.0
129.939065241,1790241525.823128,5.0,5.0,0.14,0.28
129.95491896800002,1790241525.838942,5.0,5.0,0.14,0.421
129.95644209600002,1790241525.8403885,5.0,5.0,0.28,0.28
129.976246559,1790241525.8603377,5.0,5.0,0.28,0.421
129.978985835,1790241525.863013,5.0,5.0,0.28,0.421
129.996203366,1790241525.8802967,5.0,5.0,0.28,0.28
129.998890663,1790241525.8829105,5.0,5.0,0.28,0.421
130.016055642,1790241525.9002018,5.0,5.0,0.28,0.28
130.019616482,1790241525.9036946,5.0,5.0,0.421,0.14
130.034936093,1790241525.918952,5.0,5.0,0.28,0.28
130.03671745100002,1790241525.9208477,5.0,5.0,0.14,0.14
130.055875038,1790241525.9399457,5.0,5.0,0.14,0.14
130.058275771,1790241525.942277,5.0,5.0,0.14,0.28
130.076759607,1790241525.9609969,5.0,5.0,0.0,0.0
130.08030289500002,1790241525.9644158,5.0,5.0,0.0,0.14
130.094892869,1790241525.9788918,5.0,5.0,0.0,0.0
130.096389539,1790241525.9803238,5.0,5.0,0.0,0.0
130.116611294,1790241526.0008173,5.0,5.0,0.0,0.0
130.119674112,1790241526.0037384,5.0,5.0,0.0,0.0
130.135774558,1790241526.0199616,5.0,5.0,0.0,0.0
130.138869929,1790241526.0229359,5.0,5.0,0.0,0.0
130.155044333,1790241526.03907,5.0,5.0,0.14,0.0
130.156654596,1790241526.0406065,5.0,5.0,0.0,0.0
130.17616333,1790241526.060254,5.0,5.0,0.0,0.0
130.179002137,1790241526.0630567,5.0,5.0,0.0,0.0
130.196189929,1790241526.0803912,5.0,5.0,0.0,0.0
130.199784779,1790241526.083886,5.0,5.0,0.0,0.0
130.214917828,1790241526.0989172,5.0,5.0,0.0,0.0
130.21642204900002,1790241526.1003578,5.0,5.0,0.0,0.0
130.23668953400002,1790241526.120894,5.0,5.0,0.0,0.0
130.23975584200002,1790241526.123833,5.0,5.0,0.0,0.0
130.25580649600002,1790241526.139913,5.0,5.0,0.0,0.0
130.258838845,1790241526.1429002,5.0,5.0,0.0,0.0
130.27501877,1790241526.1590512,5.0,5.0,0.0,0.0
130.27665455500002,1790241526.1605983,5.0,5.0,0.0,0.0
130.29612974600002,1790241526.1802192,5.0,5.0,0.0,0.0
130.29876407400002,1790241526.1828175,5.0,5.0,0.0,0.0
130.31619462700002,1790241526.200358,5.0,5.0,0.0,0.0
130.319742706,1790241526.2038498,5.0,5.0,0.0,0.0
130.334894348,1790241526.2188911,5.0,5.0,0.0,0.0
130.33642836200002,1790241526.2203765,5.0,5.0,0.0,0.0
130.35658668000002,1790241526.240794,5.0,5.0,0.0,0.14
130.35964689300002,1790241526.2436857,5.0,5.0,0.0,0.0
130.37588765200002,1790241526.2599926,5.0,5.0,0.0,0.0
130.379032814,1790241526.2631073,5.0,5.0,0.0,0.0
130.39647440800002,1790241526.2806187,5.0,5.0,0.0,0.0
130.40005431100002,1790241526.2842174,5.0,5.0,0.0,0.0
130.416087725,1790241526.300109,1.5277777910232544,-1.5277777910232544,0.0,0.0
130.417829135,1790241526.3017948,1.5277777910232544,-1.5277777910232544,0.0,0.0
130.435589532,1790241526.319617,1.5277777910232544,-1.5277777910232544,0.0,0.0
130.437778286,1790241526.321768,1.5277777910232544,-1.5277777910232544,0.0,0.0
130.4560691,1790241526.340131,1.5277777910232544,-1.5277777910232544,0.0,0.0
130.458568949,1790241526.3425777,1.5277777910232544,-1.5277777910232544,0.28,-0.14
130.47676346100002,1790241526.3609655,1.5277777910232544,-1.5277777910232544,0.421,-0.14
130.479939456,1790241526.3639948,1.5277777910232544,-1.5277777910232544,0.841,-0.28
130.495779381,1790241526.3798397,1.5277777910232544,-1.5277777910232544,0.982,-0.421
130.498058448,1790241526.3820531,1.5277777910232544,-1.5277777910232544,1.122,-0.701
130.51543238600001,1790241526.399466,1.5277777910232544,-1.5277777910232544,1.262,-0.701
130.51753936900002,1790241526.4015229,1.5277777910232544,-1.5277777910232544,1.543,-0.701
130.535913673,1790241526.4199662,1.5277777910232544,-1.5277777910232544,1.543,-0.421
130.538412063,1790241526.422429,1.5277777910232544,-1.5277777910232544,1.823,-0.421
130.557348504,1790241526.4415452,1.5277777910232544,-1.5277777910232544,1.683,-0.561
130.56069929100002,1790241526.4448152,1.5277777910232544,-1.5277777910232544,1.683,-0.561
130.574963067,1790241526.458986,1.5277777910232544,-1.5277777910232544,1.683,-0.561
130.576549997,1790241526.460484,1.5277777910232544,-1.5277777910232544,1.683,-0.561
130.596331075,1790241526.4804103,1.5277777910232544,-1.5277777910232544,1.683,-0.701
130.59915311100002,1790241526.4831786,1.5277777910232544,-1.5277777910232544,1.402,-0.701
130.61647793400002,1790241526.5005963,1.5277777910232544,-1.5277777910232544,1.402,-0.841
130.619674034,1790241526.50373,1.5277777910232544,-1.5277777910232544,1.402,-0.841
130.634969479,1790241526.5189877,1.5277777910232544,-1.5277777910232544,1.543,-0.982
130.63679166900002,1790241526.5209644,1.5277777910232544,-1.5277777910232544,1.402,-0.841
130.656289622,1790241526.540368,1.5277777910232544,-1.5277777910232544,1.402,-0.982
130.65911212700001,1790241526.5431361,1.5277777910232544,-1.5277777910232544,1.402,-1.122
130.67646044,1790241526.5607362,1.5277777910232544,-1.5277777910232544,1.402,-1.262
130.680206384,1790241526.5643017,1.5277777910232544,-1.5277777910232544,1.122,-1.122
130.695014328,1790241526.5790226,1.5277777910232544,-1.5277777910232544,1.122,-1.262
130.69658256,1790241526.5805278,1.5277777910232544,-1.5277777910232544,1.122,-1.402
130.716715096,1790241526.600944,1.5277777910232544,-1.5277777910232544,1.122,-1.402
130.719900883,1790241526.603975,1.5277777910232544,-1.5277777910232544,0.982,-1.402
130.73590409000002,1790241526.6200035,1.5277777910232544,-1.5277777910232544,0.982,-1.543
130.739427013,1790241526.6235683,1.5277777910232544,-1.5277777910232544,0.982,-1.683
130.755774282,1790241526.6398344,1.5277777910232544,-1.5277777910232544,0.982,-1.543
130.758303818,1790241526.6423802,1.5277777910232544,-1.5277777910232544,0.982,-1.683
130.775280255,1790241526.6592965,1.5277777910232544,-1.5277777910232544,1.122,-1.543
130.777341978,1790241526.661315,1.5277777910232544,-1.5277777910232544,1.122,-1.543
130.796270241,1790241526.6803603,1.5277777910232544,-1.5277777910232544,1.262,-1.543
130.799028111,1790241526.6830413,1.5277777910232544,-1.5277777910232544,1.122,-1.543
130.816905539,1790241526.7010293,1.5277777910232544,-1.5277777910232544,1.402,-1.543
130.82002966000002,1790241526.7040632,1.5277777910232544,-1.5277777910232544,1.262,-1.683
130.83611297000002,1790241526.7202096,1.5277777910232544,-1.5277777910232544,1.122,-1.543
130.838918444,1790241526.722938,1.5277777910232544,-1.5277777910232544,1.122,-1.683
130.856327122,1790241526.740483,1.5277777910232544,-1.5277777910232544,1.262,-1.543
130.859998066,1790241526.744096,1.5277777910232544,-1.5277777910232544,1.122,-1.543
130.874977312,1790241526.7589736,1.5277777910232544,-1.5277777910232544,1.122,-1.543
130.876549138,1790241526.7604845,1.5277777910232544,-1.5277777910232544,1.122,-1.543
130.896687716,1790241526.7808878,1.5277777910232544,-1.5277777910232544,1.122,-1.543
130.89990735700002,1790241526.7839465,1.5277777910232544,-1.5277777910232544,1.262,-1.402
130.916322127,1790241526.8005927,1.5277777910232544,-1.5277777910232544,1.402,-1.543
130.92002755000001,1790241526.8041713,1.5277777910232544,-1.5277777910232544,1.402,-1.683
130.935266328,1790241526.8192828,1.5277777910232544,-1.5277777910232544,1.402,-1.683
130.937273884,1790241526.8213017,1.5277777910232544,-1.5277777910232544,1.543,-1.683
130.955434854,1790241526.8394787,1.5277777910232544,-1.5277777910232544,1.262,-1.543
130.95772902500002,1790241526.8417363,1.5277777910232544,-1.5277777910232544,0.982,-1.262
130.976016663,1790241526.8600922,1.5277777910232544,-1.5277777910232544,0.561,-0.701
130.978523907,1790241526.8625474,1.5277777910232544,-1.5277777910232544,0.14,-0.14
130.996554929,1790241526.8807523,1.5277777910232544,-1.5277777910232544,0.0,0.14
130.999589206,1790241526.8836284,1.5277777910232544,-1.5277777910232544,0.0,0.421
131.022579508,1790241526.906631,1.5277777910232544,-1.5277777910232544,0.0,0.28
131.024664772,1790241526.9086895,1.5277777910232544,-1.5277777910232544,0.28,0.0
131.026781078,1790241526.910743,1.5277777910232544,-1.5277777910232544,0.14,0.0
131.03491171800002,1790241526.9189131,1.5277777910232544,-1.5277777910232544,0.28,-0.561
131.057422592,1790241526.941596,1.5277777910232544,-1.5277777910232544,0.28,-0.421
131.06115494300002,1790241526.9452312,1.5277777910232544,-1.5277777910232544,0.421,-0.28
131.075664396,1790241526.9598536,1.5277777910232544,-1.5277777910232544,0.421,-0.421
131.078762839,1790241526.9628427,1.5277777910232544,-1.5277777910232544,0.561,-0.28
131.095261776,1790241526.9792955,1.5277777910232544,-1.5277777910232544,0.701,-0.421
131.097331311,1790241526.9813378,1.5277777910232544,-1.5277777910232544,0.561,-0.561
131.117075878,1790241527.0011714,1.5277777910232544,-1.5277777910232544,0.841,-0.561
131.119988071,1790241527.0040746,1.5277777910232544,-1.5277777910232544,0.841,-0.421
131.134973723,1790241527.01898,1.5277777910232544,-1.5277777910232544,0.982,-0.701
131.136538518,1790241527.0204866,1.5277777910232544,-1.5277777910232544,0.982,-0.841
131.157507879,1790241527.041684,1.5277777910232544,-1.5277777910232544,1.262,-0.841
131.16117970800002,1790241527.0452585,1.5277777910232544,-1.5277777910232544,1.402,-0.982
131.176098746,1790241527.0602062,1.5277777910232544,-1.5277777910232544,1.543,-0.982
131.178899949,1790241527.0629256,1.5277777910232544,-1.5277777910232544,1.402,-1.122
131.19622196,1790241527.080384,1.5277777910232544,-1.5277777910232544,1.543,-1.262
131.19994988300002,1790241527.084052,1.5277777910232544,-1.5277777910232544,1.543,-1.262
131.214996213,1790241527.098995,1.5277777910232544,-1.5277777910232544,1.543,-1.402
131.216540903,1790241527.1004734,1.5277777910232544,-1.5277777910232544,1.543,-1.402
131.23655291900002,1790241527.1207187,1.5277777910232544,-1.5277777910232544,1.823,-1.543
131.239394382,1790241527.1234417,1.5277777910232544,-1.5277777910232544,1.683,-1.543
131.256166548,1790241527.1402478,1.5277777910232544,-1.5277777910232544,1.823,-1.402
131.258926866,1790241527.1429436,1.5277777910232544,-1.5277777910232544,2.104,-1.543
131.276461481,1790241527.1607199,1.5277777910232544,-1.5277777910232544,2.104,-1.543
131.280213936,1790241527.1643095,1.5277777910232544,-1.5277777910232544,2.244,-1.402
131.29496656700002,1790241527.178975,1.5277777910232544,-1.5277777910232544,2.244,-1.543
131.296539434,1790241527.180484,1.5277777910232544,-1.5277777910232544,2.244,-1.543
131.31694999200002,1790241527.2010925,1.5277777910232544,-1.5277777910232544,2.384,-1.543
131.320055466,1790241527.204127,1.5277777910232544,-1.5277777910232544,2.665,-1.683
131.335099296,1790241527.219107,1.5277777910232544,-1.5277777910232544,2.805,-1.683
131.336780497,1790241527.2209506,1.5277777910232544,-1.5277777910232544,2.805,-1.823
131.35624558400002,1790241527.240339,1.5277777910232544,-1.5277777910232544,2.945,-1.823
131.35901762100002,1790241527.2430353,1.5277777910232544,-1.5277777910232544,3.085,-1.823
131.37654369400002,1790241527.2607613,1.5277777910232544,-1.5277777910232544,2.805,-1.683
131.379727815,1790241527.2637687,1.5277777910232544,-1.5277777910232544,2.945,-1.963
131.395167218,1790241527.2791882,1.5277777910232544,-1.5277777910232544,2.665,-1.823
131.397107846,1790241527.2810888,1.5277777910232544,-1.5277777910232544,2.805,-1.823
131.41628980800002,1790241527.3003895,1.5277777910232544,-1.5277777910232544,2.805,-1.823
131.419074188,1790241527.3030915,1.5277777910232544,-1.5277777910232544,2.665,-1.683
131.436545158,1790241527.32072,1.5277777910232544,-1.5277777910232544,2.524,-1.683
131.43970469500002,1790241527.3237643,1.5277777910232544,-1.5277777910232544,2.384,-1.543
131.455119098,1790241527.339123,1.5277777910232544,-1.5277777910232544,2.244,-1.683
131.456785872,1790241527.3410277,1.5277777910232544,-1.5277777910232544,1.963,-1.402
131.47635549100002,1790241527.3604681,1.5277777910232544,-1.5277777910232544,1.823,-1.683
131.47915117300002,1790241527.3631666,1.5277777910232544,-1.5277777910232544,1.683,-1.683
131.496521621,1790241527.3806968,1.5277777910232544,-1.5277777910232544,1.543,-1.683
131.499715377,1790241527.3837712,1.5277777910232544,-1.5277777910232544,1.543,-1.683
131.515159103,1790241527.399168,1.5277777910232544,-1.5277777910232544,1.402,-1.683
131.517067023,1790241527.4010375,1.5277777910232544,-1.5277777910232544,1.402,-1.683
131.53629658900002,1790241527.4203742,1.5277777910232544,-1.5277777910232544,1.402,-1.683
131.53909977200001,1790241527.4231448,1.5277777910232544,-1.5277777910232544,1.402,-1.683
131.556317772,1790241527.440499,1.5277777910232544,-1.5277777910232544,1.262,-1.543
131.56004428900002,1790241527.444137,1.5277777910232544,-1.5277777910232544,1.122,-1.683
131.57496655600002,1790241527.4589899,1.5277777910232544,-1.5277777910232544,1.122,-1.683
131.57655984000002,1790241527.460495,1.5277777910232544,-1.5277777910232544,0.982,-1.683
131.596314772,1790241527.4803884,1.5277777910232544,-1.5277777910232544,1.122,-1.683
131.59881180800002,1790241527.4828477,1.5277777910232544,-1.5277777910232544,0.982,-1.683
131.61689632,1790241527.501046,1.5277777910232544,-1.5277777910232544,1.122,-1.683
131.62011825300002,1790241527.5041633,1.5277777910232544,-1.5277777910232544,1.122,-1.683
131.636673231,1790241527.5209272,1.5277777910232544,-1.5277777910232544,1.122,-1.543
131.639773184,1790241527.523915,1.5277777910232544,-1.5277777910232544,1.262,-1.683
131.65502998300002,1790241527.5390565,5.0,5.0,1.402,-1.683
131.65670733000002,1790241527.5408158,5.0,5.0,1.402,-1.683
131.67674127200002,1790241527.5609467,5.0,5.0,1.543,-1.402
131.67991127800002,1790241527.5639687,5.0,5.0,1.402,-1.122
131.69601156800002,1790241527.580121,5.0,5.0,1.402,-0.841
131.699138761,1790241527.583225,5.0,5.0,1.543,0.421
131.714910457,1790241527.5989082,5.0,5.0,1.683,1.543
131.716427126,1790241527.600364,5.0,5.0,1.963,2.665
131.736604402,1790241527.620828,5.0,5.0,2.384,3.226
131.73967670000002,1790241527.6237152,5.0,5.0,2.665,3.366
131.75580475,1790241527.6399262,5.0,5.0,2.945,3.927
131.758901735,1790241527.6429632,5.0,5.0,3.366,4.488
131.775012233,1790241527.6590343,5.0,5.0,3.927,4.768
131.77664921500002,1790241527.6606028,5.0,5.0,4.207,5.189
131.796096073,1790241527.6801717,5.0,5.0,4.348,5.329
131.798757693,1790241527.6827729,5.0,5.0,4.768,5.61
131.81625829700002,1790241527.7004201,5.0,5.0,4.909,5.61
131.819853981,1790241527.703929,5.0,5.0,4.909,5.89
131.83491098800002,1790241527.71891,5.0,5.0,5.189,5.75
131.836410053,1790241527.7203457,5.0,5.0,5.329,5.61
131.856582642,1790241527.7407758,5.0,5.0,5.189,5.89
131.85965728300002,1790241527.7436943,5.0,5.0,5.189,5.75
131.87586158300002,1790241527.7599623,5.0,5.0,5.329,5.47
131.87890763000001,1790241527.762967,5.0,5.0,5.049,5.47
131.895021305,1790241527.7790275,5.0,5.0,5.189,5.47
131.896641673,1790241527.7805848,5.0,5.0,5.189,5.189
131.916156969,1790241527.800249,5.0,5.0,5.049,5.329
131.91885812,1790241527.802876,5.0,5.0,5.189,5.049
131.93629632900002,1790241527.8204608,5.0,5.0,5.049,5.049
131.93991248100002,1790241527.8240273,5.0,5.0,4.768,5.049
131.954934592,1790241527.8389387,5.0,5.0,4.909,4.768
131.956425844,1790241527.8403628,5.0,5.0,5.049,4.768
131.97627937000001,1790241527.86038,5.0,5.0,4.628,4.768
131.979019948,1790241527.8630483,5.0,5.0,4.768,4.909
131.99652242800002,1790241527.8807044,5.0,5.0,4.909,4.628
131.999557017,1790241527.883594,5.0,5.0,4.768,4.909
132.015808557,1790241527.8999116,5.0,5.0,4.768,4.768
132.018934656,1790241527.9030056,5.0,5.0,4.909,4.768
132.034907758,1790241527.9189048,5.0,5.0,4.768,4.909
132.036413594,1790241527.920349,5.0,5.0,4.768,5.049
132.056612537,1790241527.9408214,5.0,5.0,4.909,4.768
132.059662022,1790241527.9437196,5.0,5.0,5.049,4.909
132.07582627000002,1790241527.9599345,5.0,5.0,4.628,5.049
132.078865286,1790241527.9629087,5.0,5.0,4.909,4.768
132.096404068,1790241527.9805279,5.0,5.0,5.049,4.909
132.09953199,1790241527.9836054,5.0,5.0,4.628,5.049
132.114927539,1790241527.9989295,5.0,5.0,4.909,4.909
132.116437125,1790241528.0003715,5.0,5.0,4.909,4.909
132.136639871,1790241528.0208514,5.0,5.0,4.488,5.189
132.139702637,1790241528.0237756,5.0,5.0,4.768,4.909
132.156196677,1790241528.0403385,5.0,5.0,4.768,5.049
132.159288193,1790241528.0433297,5.0,5.0,4.628,5.049
132.17792333100002,1790241528.0619695,5.0,5.0,4.488,5.049
132.179962501,1790241528.0639899,5.0,5.0,4.909,4.909
132.194854299,1790241528.0788693,5.0,5.0,4.348,4.768
132.19664612600002,1790241528.080747,5.0,5.0,3.927,4.207
132.216181578,1790241528.100279,5.0,5.0,3.506,3.506
132.218826583,1790241528.1028762,5.0,5.0,3.085,3.085
132.236212552,1790241528.120289,5.0,5.0,2.524,2.665
132.23887911900002,1790241528.1228957,5.0,5.0,2.384,2.524
132.25697805800002,1790241528.1411662,5.0,5.0,2.104,2.104
132.260519627,1790241528.1446145,5.0,5.0,1.823,1.543
132.276512104,1790241528.1605213,5.0,5.0,1.683,1.543
132.27824986800002,1790241528.1622217,5.0,5.0,1.963,1.543
132.29551792,1790241528.1795497,5.0,5.0,2.244,1.823
132.29766959100002,1790241528.1816926,5.0,5.0,2.104,2.104
132.315781342,1790241528.1998699,5.0,5.0,2.244,2.524
132.318179211,1790241528.202191,5.0,5.0,2.524,2.805
132.336491172,1790241528.2206166,5.0,5.0,2.665,3.085
132.339535344,1790241528.2235785,5.0,5.0,2.805,3.366
132.35636256200002,1790241528.2405317,5.0,5.0,3.226,3.646
132.359773975,1790241528.2439222,5.0,5.0,3.366,4.067
132.374859835,1790241528.2588665,5.0,5.0,3.646,4.348
132.37649765100002,1790241528.2605102,5.0,5.0,3.927,4.348
132.39618424900002,1790241528.2802947,5.0,5.0,4.207,4.628
132.398857483,1790241528.2828736,5.0,5.0,4.488,4.909
132.416653297,1790241528.3008473,5.0,5.0,4.488,5.049
132.419724136,1790241528.3037632,5.0,5.0,4.628,5.329
132.436094114,1790241528.3201199,5.0,5.0,4.768,5.47
132.43793385700002,1790241528.3219213,5.0,5.0,4.909,5.75
132.45653571300002,1790241528.3408546,5.0,5.0,4.909,5.75
132.46031624100002,1790241528.3444197,5.0,5.0,5.049,5.89
132.474921841,1790241528.3589208,5.0,5.0,5.329,5.89
132.476428666,1790241528.3603659,5.0,5.0,5.329,6.031
132.496199171,1790241528.380277,5.0,5.0,5.329,5.89
132.49885178,1790241528.3828886,5.0,5.0,5.61,5.75
132.521500207,1790241528.405561,5.0,5.0,5.329,5.89
132.523689846,1790241528.4077032,5.0,5.0,5.61,5.61
132.52538849500002,1790241528.4093432,5.0,5.0,5.61,5.47
132.53566122200002,1790241528.4197206,5.0,5.0,5.61,5.47
132.555597925,1790241528.4396343,5.0,5.0,5.75,5.189
132.5579672,1790241528.441989,5.0,5.0,5.61,5.189
132.575809628,1790241528.4598858,5.0,5.0,5.47,5.189
132.578207549,1790241528.4622197,5.0,5.0,5.61,5.049
132.596604718,1790241528.4807951,5.0,5.0,5.329,4.768
132.599648995,1790241528.4837239,5.0,5.0,5.189,5.049
132.616345483,1790241528.5004642,5.0,5.0,5.47,4.768
132.61939074900002,1790241528.5034604,5.0,5.0,5.189,4.768
132.63494984000002,1790241528.5189567,5.0,5.0,4.909,4.909
132.63646052,1790241528.5203946,5.0,5.0,5.189,4.909
132.65660154600002,1790241528.5407977,5.0,5.0,5.049,4.768
132.65965691600002,1790241528.5437331,5.0,5.0,4.909,4.909
132.67626793600002,1790241528.5603962,5.0,5.0,5.049,4.768
132.679312004,1790241528.5633934,5.0,5.0,5.049,4.909
132.69927610300002,1790241528.5833375,5.0,5.0,4.909,4.909
132.701201211,1790241528.5851743,5.0,5.0,5.049,4.909
132.714842225,1790241528.5988472,5.0,5.0,5.049,4.768
132.71635394700002,1790241528.6002915,5.0,5.0,4.909,4.909
132.736207108,1790241528.620291,5.0,5.0,4.909,4.909
132.738919196,1790241528.6229444,5.0,5.0,5.049,4.768
132.75600032100002,1790241528.640122,5.0,5.0,4.909,4.768
132.75928501500002,1790241528.6434035,5.0,5.0,4.909,4.909
132.774843897,1790241528.6588428,5.0,5.0,5.189,4.909
132.77635358700002,1790241528.6603045,5.0,5.0,4.909,4.909
132.79621904,1790241528.6803203,5.0,5.0,5.049,4.909
132.798937951,1790241528.6829944,5.0,5.0,5.189,4.909
132.816602619,1790241528.7008157,5.0,5.0,5.049,4.909
132.819686947,1790241528.7037528,5.0,5.0,5.189,5.049
132.835838279,1790241528.719963,5.0,5.0,5.049,5.049
132.838879014,1790241528.7229521,5.0,5.0,5.049,4.909
132.855336023,1790241528.7393434,5.0,5.0,4.909,5.049
132.857165297,1790241528.7411928,5.0,5.0,5.049,5.049
132.875220799,1790241528.759258,5.0,5.0,5.049,4.909
132.87708330200002,1790241528.761058,5.0,5.0,5.049,5.189
132.896130212,1790241528.7802238,5.0,5.0,5.049,5.049
132.898811466,1790241528.782832,5.0,5.0,5.049,4.909
132.91643113400002,1790241528.8005595,5.0,5.0,5.189,4.909
132.919502598,1790241528.8035498,5.0,5.0,5.189,5.049
132.93495080300002,1790241528.8191159,5.0,5.0,5.329,5.049
132.93811133,1790241528.8222432,5.0,5.0,5.329,5.049
132.95550328800002,1790241528.8395104,5.0,5.0,5.329,5.329
132.95741074,1790241528.8413968,5.0,5.0,5.61,5.189
132.97629817,1790241528.860408,5.0,5.0,5.329,5.049
132.9790738,1790241528.8631217,5.0,5.0,5.47,5.189
132.99665971800002,1790241528.8808784,5.0,5.0,5.47,5.189
132.999797796,1790241528.8838592,5.0,5.0,5.47,5.189
133.022784921,1790241528.9068444,5.0,5.0,5.47,5.329
133.025146592,1790241528.9092453,5.0,5.0,5.329,5.329
133.027544618,1790241528.9115806,5.0,5.0,5.47,5.189
133.03480681800002,1790241528.9188163,5.0,5.0,5.189,5.329
133.057308578,1790241528.941504,5.0,5.0,5.049,5.329
133.060914626,1790241528.94501,5.0,5.0,5.329,5.049
133.075949237,1790241528.9600735,5.0,5.0,5.189,5.47
133.07870575200002,1790241528.9627264,5.0,5.0,5.189,5.47
133.09627906600002,1790241528.9804916,5.0,5.0,5.189,5.329
133.100224281,1790241528.984462,5.0,5.0,5.189,5.47
133.11487394300002,1790241528.9988863,5.0,5.0,5.189,5.329
133.116390665,1790241529.000327,5.0,5.0,5.189,5.189
133.136740441,1790241529.0209424,5.0,5.0,5.049,5.329
133.139784561,1790241529.0238397,5.0,5.0,5.049,5.47
133.156012768,1790241529.0401418,5.0,5.0,5.189,5.189
133.158760898,1790241529.042783,5.0,5.0,5.329,5.329
133.176208586,1790241529.0603724,5.0,5.0,5.049,5.329
133.179777811,1790241529.0638957,5.0,5.0,5.189,5.189
133.19492513100002,1790241529.0789232,5.0,5.0,5.189,5.329
133.19641622700001,1790241529.0803492,5.0,5.0,5.189,5.189
133.216470691,1790241529.1005566,5.0,5.0,5.189,5.189
133.21927142500002,1790241529.1033022,5.0,5.0,5.189,5.329
133.23508400600002,1790241529.1191194,5.0,5.0,5.049,5.189
133.237006874,1790241529.1210492,5.0,5.0,5.049,5.189
133.255536647,1790241529.1395862,5.0,5.0,4.909,5.189
133.257935089,1790241529.1419418,5.0,5.0,5.049,5.049
133.276116476,1790241529.160186,5.0,5.0,4.909,5.049
133.278647575,1790241529.1627204,5.0,5.0,4.909,5.049
133.295290157,1790241529.1793973,5.0,5.0,4.909,4.909
133.29733578600002,1790241529.1813478,5.0,5.0,4.909,4.909
133.315567538,1790241529.1996253,5.0,5.0,4.909,5.049
133.317949521,1790241529.2019837,5.0,5.0,4.909,4.909
133.33623601300002,1790241529.220333,5.0,5.0,5.049,4.628
133.33892018400002,1790241529.2229383,5.0,5.0,5.049,5.049
133.35673787300001,1790241529.2415462,5.0,5.0,5.049,4.909
133.361307933,1790241529.2454956,5.0,5.0,5.189,4.909
133.365288722,1790241529.2493353,5.0,5.0,5.189,5.049
133.375526605,1790241529.2595303,5.0,5.0,5.189,5.329
133.396663675,1790241529.2809083,5.0,5.0,5.189,5.049
133.39974618000002,1790241529.2837837,5.0,5.0,5.189,5.189
133.416143137,1790241529.3002567,5.0,5.0,5.329,5.189
133.419211007,1790241529.3032773,5.0,5.0,5.329,5.049
133.438478022,1790241529.3225374,5.0,5.0,5.47,5.189
133.44094901600002,1790241529.325044,5.0,5.0,5.329,5.189
133.455101958,1790241529.3391035,5.0,5.0,5.47,5.61
133.45661894,1790241529.340557,5.0,5.0,5.47,5.47
133.47618881900001,1790241529.3602703,5.0,5.0,5.329,5.61
133.47887247,1790241529.362933,5.0,5.0,5.47,5.61
133.49658729400002,1790241529.3808057,5.0,5.0,5.47,5.61
133.49966355,1790241529.3837378,5.0,5.0,5.329,5.75
133.51638894500002,1790241529.4005158,5.0,5.0,5.329,5.89
133.519434471,1790241529.4035013,5.0,5.0,4.768,5.75
133.53494377,1790241529.4189591,5.0,5.0,5.189,5.75
133.536462158,1790241529.4204009,5.0,5.0,5.049,5.61
133.55617703800002,1790241529.4402535,5.0,5.0,5.049,5.47
133.558847668,1790241529.4428818,5.0,5.0,4.909,5.47
133.57639514800002,1790241529.4605236,5.0,5.0,4.909,5.189
133.57945218400002,1790241529.4635015,5.0,5.0,4.909,5.189
133.59490179600002,1790241529.4789157,5.0,5.0,5.049,5.189
133.596427944,1790241529.48036,5.0,5.0,4.909,5.189
133.616673346,1790241529.5008876,5.0,5.0,5.189,5.189
133.619745383,1790241529.5038233,5.0,5.0,5.189,5.329
133.63583822500001,1790241529.519944,5.0,5.0,5.329,5.189
133.63888838600002,1790241529.5229278,5.0,5.0,5.47,5.329
133.65503143700002,1790241529.5390635,5.0,5.0,5.329,5.189
133.65669206500002,1790241529.5408413,5.0,5.0,5.189,5.329
133.676179444,1790241529.5602717,5.0,5.0,5.189,5.189
133.678831844,1790241529.562889,5.0,5.0,4.909,5.049
133.696179532,1790241529.580364,5.0,5.0,4.909,4.768
133.69973261200002,1790241529.5838082,5.0,5.0,4.909,4.768
133.71490347300002,1790241529.598901,5.0,5.0,4.768,4.909
133.716400246,1790241529.6003444,5.0,5.0,4.768,4.628
133.73658939700002,1790241529.6207924,5.0,5.0,4.768,4.768
133.739629299,1790241529.6236827,5.0,5.0,4.909,4.628
133.75583844300002,1790241529.6399581,5.0,5.0,5.049,4.768
133.758914126,1790241529.6429782,5.0,5.0,4.909,4.628
133.77504894700002,1790241529.6590748,5.0,5.0,5.049,4.768
133.776653689,1790241529.6606042,5.0,5.0,4.909,4.768
133.79618336000001,1790241529.6802807,5.0,5.0,4.768,4.768
133.798870188,1790241529.6829076,5.0,5.0,4.768,4.909
133.81659735600002,1790241529.7008054,5.0,5.0,4.768,4.909
133.819706059,1790241529.703774,5.0,5.0,4.909,4.909
133.836376975,1790241529.720486,5.0,5.0,4.909,5.049
133.83940838700002,1790241529.7234828,5.0,5.0,4.909,5.049
133.854930134,1790241529.738937,5.0,5.0,4.628,5.049
133.856429407,1790241529.7403603,5.0,5.0,4.628,4.909
133.87619887,1790241529.7602897,5.0,5.0,4.628,4.909
133.878910386,1790241529.7629485,5.0,5.0,4.628,5.049
133.896321355,1790241529.78046,5.0,5.0,4.768,5.049
133.899367662,1790241529.78342,5.0,5.0,4.768,5.049
133.914892014,1790241529.7989008,5.0,5.0,4.909,5.049
133.916401079,1790241529.8003361,5.0,5.0,4.909,5.189
133.936219657,1790241529.8202958,5.0,5.0,4.909,5.049
133.938892474,1790241529.8229127,5.0,5.0,4.909,5.189
133.956432193,1790241529.84053,5.0,5.0,5.049,5.049
133.959491939,1790241529.843554,5.0,5.0,4.909,5.189
133.974890612,1790241529.8589013,5.0,5.0,4.909,4.909
133.976521292,1790241529.8605027,5.0,5.0,4.348,4.628
133.996143984,1790241529.8802183,5.0,5.0,3.787,4.207
133.99882206200002,1790241529.8828516,5.0,5.0,2.945,3.646
134.016265115,1790241529.9004674,5.0,5.0,2.524,3.226
134.019919965,1790241529.904004,5.0,5.0,2.104,2.805
134.03490712800001,1790241529.9189055,5.0,5.0,1.963,2.524
134.036400464,1790241529.9203432,5.0,5.0,1.683,2.244
134.05660341700002,1790241529.9408276,5.0,5.0,1.402,1.963
134.059680194,1790241529.9437218,5.0,5.0,1.262,1.823
134.07589777500002,1790241529.9600306,5.0,5.0,0.841,1.543
134.079133458,1790241529.9632618,5.0,5.0,0.701,1.543
134.09507973700002,1790241529.979221,5.0,5.0,0.701,1.262
134.098677661,1790241529.9828656,5.0,5.0,0.421,1.122
134.11506769000002,1790241529.9990847,5.0,5.0,0.28,1.262
134.11668123500002,1790241530.0008311,5.0,5.0,0.28,1.122
134.136175802,1790241530.0202484,5.0,5.0,0.14,1.122
134.138840025,1790241530.0228732,5.0,5.0,0.14,0.982
134.156595266,1790241530.0407836,5.0,5.0,0.0,0.982
134.159672771,1790241530.0437136,5.0,5.0,0.0,0.982
134.176419729,1790241530.0605412,5.0,5.0,0.0,0.701
134.179513797,1790241530.0635674,5.0,5.0,0.0,0.841
134.19503096100001,1790241530.0790362,5.0,5.0,0.0,0.701
134.196628151,1790241530.080579,5.0,5.0,0.0,0.701
134.216161989,1790241530.1002328,5.0,5.0,0.0,0.421
134.218827567,1790241530.1028597,5.0,5.0,0.0,0.28
134.236444161,1790241530.1205485,5.0,5.0,0.0,0.28
134.23951375000001,1790241530.1235552,5.0,5.0,0.0,0.28
134.255018466,1790241530.1390266,5.0,5.0,0.0,0.28
134.256620812,1790241530.1405613,5.0,5.0,0.0,0.14
134.276158296,1790241530.1602547,5.0,5.0,0.14,0.14
134.278851895,1790241530.1628728,5.0,5.0,0.0,0.0
134.296884011,1790241530.1810493,5.0,5.0,0.0,0.0
134.30035959,1790241530.1844912,5.0,5.0,0.0,0.0
134.314941491,1790241530.1989522,5.0,5.0,0.0,0.0
134.31645305700002,1790241530.200386,5.0,5.0,0.0,0.0
134.336596114,1790241530.2209377,5.0,5.0,0.0,0.0
134.339852995,1790241530.2238967,5.0,5.0,0.0,0.0
134.35626667100001,1790241530.240391,5.0,5.0,0.0,0.0
134.359320739,1790241530.2433894,5.0,5.0,0.0,0.0
134.374892382,1790241530.2589052,5.0,5.0,0.0,0.0
134.37640717600001,1790241530.2603416,5.0,5.0,0.0,0.0
134.39610288900002,1790241530.2801974,5.0,5.0,0.0,0.0
134.39879648800002,1790241530.282813,5.0,5.0,0.0,0.0
134.41662860300002,1790241530.3008053,5.0,5.0,0.0,0.0
134.419688817,1790241530.3037434,5.0,5.0,0.0,0.0
134.43641228500002,1790241530.320536,5.0,5.0,0.0,0.0
134.43945786400002,1790241530.323499,5.0,5.0,0.0,0.0
134.455024298,1790241530.3390296,5.0,5.0,0.0,0.0
134.456628832,1790241530.3405714,5.0,5.0,0.0,0.0
134.476136316,1790241530.3602102,5.0,5.0,0.0,0.0
134.478811842,1790241530.3628876,5.0,5.0,0.0,0.0
134.49698479100002,1790241530.3811638,5.0,5.0,0.0,0.0
134.50045479800002,1790241530.3845255,5.0,5.0,0.0,0.0
134.515146283,1790241530.3991537,5.0,5.0,0.0,0.0
134.51675889,1790241530.4009476,5.0,5.0,0.0,0.0
134.53614986300002,1790241530.42025,5.0,5.0,0.0,0.0
134.53889268,1790241530.422935,5.0,5.0,0.0,0.0
134.556933754,1790241530.4411032,5.0,5.0,0.0,0.0
134.560515896,1790241530.444887,5.0,5.0,0.0,0.0
134.564956373,1790241530.4489892,5.0,5.0,0.0,0.0
134.57536535100002,1790241530.4594095,5.0,5.0,0.0,0.0
134.59570997100002,1790241530.4797728,5.0,5.0,0.0,0.0
134.597973673,1790241530.481998,5.0,5.0,0.0,0.0
134.616193966,1790241530.5002866,5.0,5.0,0.0,0.0
134.61897829400002,1790241530.503015,5.0,5.0,0.0,0.0
134.636967494,1790241530.5211313,5.0,5.0,0.0,0.0
134.640432188,1790241530.5245261,5.0,5.0,0.0,0.0
134.65489966200002,1790241530.5389135,5.0,5.0,0.0,0.0
134.656415915,1790241530.5403497,5.0,5.0,0.0,0.0
134.67657787800002,1790241530.5607655,5.0,5.0,0.0,0.0
134.67959679,1790241530.5636754,5.0,5.0,0.0,0.0
134.696378019,1790241530.580503,5.0,5.0,0.0,0.0
134.699430837,1790241530.5835133,5.0,5.0,0.0,0.0
134.71489945800002,1790241530.598918,5.0,5.0,0.0,0.0
134.71642144,1790241530.6003544,5.0,5.0,0.0,0.0
134.73661121700002,1790241530.6208408,5.0,5.0,0.0,0.0
134.739684347,1790241530.623745,5.0,5.0,0.0,0.0
134.756269325,1790241530.6404095,5.0,5.0,0.0,0.0
134.759309331,1790241530.6433828,5.0,5.0,0.0,0.0
134.774872224,1790241530.658891,5.0,5.0,0.0,0.0
134.776387279,1790241530.660331,5.0,5.0,0.0,0.0
134.79665419100002,1790241530.6808596,5.0,5.0,0.0,0.0
134.799712477,1790241530.6838381,5.0,5.0,0.0,0.0
134.816240268,1790241530.7003984,5.0,5.0,0.0,0.0
134.819326107,1790241530.7034056,5.0,5.0,0.0,0.0
134.83492077100001,1790241530.7189326,5.0,5.0,0.0,0.0
134.836437544,1790241530.7203736,5.0,5.0,0.0,0.0
134.85617013200002,1790241530.7402637,5.0,5.0,0.0,0.0
134.858819199,1790241530.7428634,5.0,5.0,0.0,0.0
134.87659777300001,1790241530.7607956,5.0,5.0,0.0,0.0
134.879667258,1790241530.7637033,5.0,5.0,0.0,0.0
134.896372132,1790241530.7804961,5.0,5.0,0.0,0.0
134.899441825,1790241530.7834861,5.0,5.0,0.0,0.0
134.91503617700002,1790241530.7990437,5.0,5.0,0.0,0.0
134.916643419,1790241530.8005857,5.0,5.0,0.0,0.0
134.93624642400002,1790241530.8203304,5.0,5.0,0.0,0.0
134.938989606,1790241530.8230362,5.0,5.0,0.0,0.0
134.95640271000002,1790241530.8405252,5.0,5.0,0.0,0.0
134.95947433,1790241530.8435206,5.0,5.0,0.0,0.0
134.97502857700002,1790241530.8590307,5.0,5.0,0.0,0.0
134.97673035100001,1790241530.8609343,5.0,5.0,0.0,0.0
134.99612523000002,1790241530.880204,5.0,5.0,0.0,0.0
134.9988156,1790241530.88285,5.0,5.0,0.0,0.0
135.01687261200001,1790241530.9010172,5.0,5.0,0.0,0.0
135.020320743,1790241530.9044316,5.0,5.0,0.0,0.0
135.034889155,1790241530.9189024,5.0,5.0,0.0,0.0
135.036405981,1790241530.9203384,5.0,5.0,0.0,0.0
135.056618726,1790241530.9408302,5.0,5.0,0.0,0.0
135.05967940800002,1790241530.943752,5.0,5.0,0.0,0.0
135.07581756300002,1790241530.9599442,5.0,5.0,0.0,0.0
135.078902204,1790241530.9629571,5.0,5.0,0.0,0.0
135.09582536000002,1790241530.9799235,5.0,5.0,0.0,0.0
135.098598333,1790241530.98263,5.0,5.0,0.0,0.0
135.115193624,1790241530.999222,5.0,5.0,0.0,0.0
135.11718696100002,1790241531.0012302,5.0,5.0,0.0,0.0
135.136122777,1790241531.0202165,5.0,5.0,0.0,0.0
135.138783511,1790241531.0227964,5.0,5.0,0.0,0.0
135.15698875200002,1790241531.041167,5.0,5.0,0.0,0.0
135.160476154,1790241531.0445447,5.0,5.0,0.0,0.0
135.17495019100002,1790241531.0589514,5.0,5.0,0.0,0.0
135.17644399600002,1790241531.0603802,5.0,5.0,0.0,0.0
135.19660137600002,1790241531.0808263,5.0,5.0,0.0,0.0
135.199667319,1790241531.0837407,5.0,5.0,0.0,0.0
135.216272506,1790241531.1004038,5.0,5.0,0.0,0.0
135.219291261,1790241531.1033735,5.0,5.0,0.0,0.0
135.235093269,1790241531.1191108,5.0,5.0,0.0,0.0
135.23670087600001,1790241531.1208725,5.0,5.0,0.0,0.0
135.25612565100002,1790241531.1402183,5.0,5.0,0.0,0.0
135.25880966600002,1790241531.142825,5.0,5.0,0.0,0.14
135.276880637,1790241531.1610234,5.0,5.0,0.0,0.0
135.28033887200002,1790241531.1644459,5.0,5.0,0.0,0.0
135.29489238800002,1790241531.1789136,5.0,5.0,0.0,0.0
135.29640838100002,1790241531.180349,5.0,5.0,0.0,0.0
135.32255384500002,1790241531.2065928,1.5277777910232544,-1.5277777910232544,0.0,0.14
135.324334525,1790241531.208307,1.5277777910232544,-1.5277777910232544,0.0,0.0
135.32605765300002,1790241531.2100186,1.5277777910232544,-1.5277777910232544,0.0,0.14
135.334929805,1790241531.218929,1.5277777910232544,-1.5277777910232544,0.0,0.28
135.35707229300002,1790241531.241275,1.5277777910232544,-1.5277777910232544,0.14,0.28
135.36062032,1790241531.2447643,1.5277777910232544,-1.5277777910232544,0.14,0.14
135.374928367,1790241531.2589362,1.5277777910232544,-1.5277777910232544,0.561,0.0
135.37650008900002,1790241531.2604334,1.5277777910232544,-1.5277777910232544,0.841,-0.421
135.396877678,1790241531.281004,1.5277777910232544,-1.5277777910232544,0.982,-0.421
135.399983256,1790241531.2840364,1.5277777910232544,-1.5277777910232544,1.122,-0.841
135.41602115,1790241531.3001451,1.5277777910232544,-1.5277777910232544,1.262,-0.841
135.419233187,1790241531.3032806,1.5277777910232544,-1.5277777910232544,1.262,-0.561
135.434956757,1790241531.3189719,1.5277777910232544,-1.5277777910232544,1.683,-0.421
135.436579625,1790241531.3205295,1.5277777910232544,-1.5277777910232544,1.683,-0.561
135.45628382700002,1790241531.3403776,1.5277777910232544,-1.5277777910232544,1.683,-0.841
135.45908602,1790241531.3431175,1.5277777910232544,-1.5277777910232544,1.683,-0.841
135.47625678,1790241531.3603425,1.5277777910232544,-1.5277777910232544,1.823,-0.841
135.479049077,1790241531.3630688,1.5277777910232544,-1.5277777910232544,1.823,-0.982
135.49709937,1790241531.381304,1.5277777910232544,-1.5277777910232544,1.683,-0.982
135.500707294,1790241531.3848526,1.5277777910232544,-1.5277777910232544,1.543,-1.262
135.515103778,1790241531.3991113,1.5277777910232544,-1.5277777910232544,1.402,-1.262
135.51678326,1790241531.4009733,1.5277777910232544,-1.5277777910232544,1.402,-1.543
135.536295223,1790241531.420393,1.5277777910232544,-1.5277777910232544,1.262,-1.402
135.539097311,1790241531.4231336,1.5277777910232544,-1.5277777910232544,1.402,-1.543
135.55665046800002,1790241531.4408488,1.5277777910232544,-1.5277777910232544,1.402,-1.543
135.559857193,1790241531.4439175,1.5277777910232544,-1.5277777910232544,1.262,-1.683
135.574971387,1790241531.4589987,1.5277777910232544,-1.5277777910232544,1.262,-1.683
135.57655362900002,1790241531.4604895,1.5277777910232544,-1.5277777910232544,1.262,-1.683
135.596344863,1790241531.4804223,1.5277777910232544,-1.5277777910232544,1.262,-1.683
135.59914841,1790241531.483172,1.5277777910232544,-1.5277777910232544,1.122,-1.823
135.616497348,1790241531.5006168,1.5277777910232544,-1.5277777910232544,1.262,-1.823
135.61969282200002,1790241531.5037363,1.5277777910232544,-1.5277777910232544,1.122,-1.683
135.634947329,1790241531.5189545,1.5277777910232544,-1.5277777910232544,1.122,-1.823
135.636508166,1790241531.5204434,1.5277777910232544,-1.5277777910232544,1.122,-1.543
135.656864765,1790241531.5409992,1.5277777910232544,-1.5277777910232544,1.122,-1.402
135.659972583,1790241531.5440223,1.5277777910232544,-1.5277777910232544,1.122,-1.402
135.67591605,1790241531.5600333,1.5277777910232544,-1.5277777910232544,1.262,-1.402
135.67908756600002,1790241531.5631332,1.5277777910232544,-1.5277777910232544,1.262,-1.262
135.694957178,1790241531.5789723,1.5277777910232544,-1.5277777910232544,1.402,-1.402
135.696526712,1790241531.5804617,1.5277777910232544,-1.5277777910232544,1.543,-1.122
135.71673602,1790241531.6009586,1.5277777910232544,-1.5277777910232544,1.543,-1.262
135.719958005,1790241531.6039963,1.5277777910232544,-1.5277777910232544,1.402,-1.262
135.735950169,1790241531.6200554,1.5277777910232544,-1.5277777910232544,1.543,-1.122
135.739121581,1790241531.623187,1.5277777910232544,-1.5277777910232544,1.262,-1.122
135.75496103700002,1790241531.6390135,1.5277777910232544,-1.5277777910232544,1.262,-1.122
135.75658650900002,1790241531.6405227,1.5277777910232544,-1.5277777910232544,1.262,-0.982
135.77623711700002,1790241531.6603255,1.5277777910232544,-1.5277777910232544,1.262,-0.982
135.77903097700002,1790241531.6630707,1.5277777910232544,-1.5277777910232544,1.262,-0.982
135.796326373,1790241531.6805277,1.5277777910232544,-1.5277777910232544,1.262,-0.982
135.800111484,1790241531.6841867,1.5277777910232544,-1.5277777910232544,1.262,-0.982
135.814984584,1790241531.6989934,1.5277777910232544,-1.5277777910232544,1.543,-1.122
135.816553128,1790241531.7004976,1.5277777910232544,-1.5277777910232544,1.543,-1.122
135.836629259,1790241531.7208033,1.5277777910232544,-1.5277777910232544,1.683,-1.122
135.839569368,1790241531.7236454,1.5277777910232544,-1.5277777910232544,1.543,-1.402
135.85539372,1790241531.7397516,1.5277777910232544,-1.5277777910232544,1.683,-1.122
135.858011068,1790241531.7420437,1.5277777910232544,-1.5277777910232544,1.262,-0.841
135.876617404,1790241531.760857,1.5277777910232544,-1.5277777910232544,1.122,-0.421
135.88018939,1790241531.7642865,1.5277777910232544,-1.5277777910232544,0.561,0.0
135.894918115,1790241531.7789278,1.5277777910232544,-1.5277777910232544,0.561,0.28
135.896447857,1790241531.7803848,1.5277777910232544,-1.5277777910232544,0.28,0.14
135.91660950800002,1790241531.800838,1.5277777910232544,-1.5277777910232544,0.421,0.0
135.919808889,1790241531.8038855,1.5277777910232544,-1.5277777910232544,0.561,-0.14
135.935959595,1790241531.8200681,1.5277777910232544,-1.5277777910232544,0.561,-0.14
135.939140903,1790241531.8232136,1.5277777910232544,-1.5277777910232544,0.561,-0.14
135.954993849,1790241531.8389926,1.5277777910232544,-1.5277777910232544,0.841,-0.14
135.956578747,1790241531.8405159,1.5277777910232544,-1.5277777910232544,0.841,-0.14
135.97624451200002,1790241531.860318,1.5277777910232544,-1.5277777910232544,0.982,-0.14
135.97910191300002,1790241531.8631675,1.5277777910232544,-1.5277777910232544,1.262,-0.14
135.99631658,1790241531.8804762,1.5277777910232544,-1.5277777910232544,1.262,-0.28
136.000013045,1790241531.88411,1.5277777910232544,-1.5277777910232544,1.402,-0.561
136.014968541,1790241531.8989754,1.5277777910232544,-1.5277777910232544,1.402,-0.701
136.016538596,1790241531.9004753,1.5277777910232544,-1.5277777910232544,1.402,-0.841
136.03669165300002,1790241531.9209423,1.5277777910232544,-1.5277777910232544,1.543,-0.982
136.03991593,1790241531.923991,1.5277777910232544,-1.5277777910232544,1.402,-1.262
136.05571408400002,1790241531.9399707,1.5277777910232544,-1.5277777910232544,1.543,-1.262
136.05942107,1790241531.943514,1.5277777910232544,-1.5277777910232544,1.543,-1.402
136.074909171,1790241531.9589105,5.0,5.0,1.543,-1.543
136.07654255900002,1790241531.9605055,5.0,5.0,1.683,-1.543
136.096031501,1790241531.9801314,5.0,5.0,1.683,-1.683
136.09883499600002,1790241531.9828787,5.0,5.0,1.683,-1.823
136.11636039200002,1790241532.0005267,5.0,5.0,1.963,-1.543
136.120096805,1790241532.0042162,5.0,5.0,1.963,-1.122
136.134973186,1790241532.0189779,5.0,5.0,2.244,-0.421
136.13647756400002,1790241532.0204127,5.0,5.0,2.524,0.841
136.156595205,1790241532.0407937,5.0,5.0,2.945,1.543
136.159671669,1790241532.04371,5.0,5.0,3.226,2.104
136.17641503200002,1790241532.0605159,5.0,5.0,3.366,2.384
136.179514205,1790241532.063565,5.0,5.0,3.646,2.945
136.195030223,1790241532.0790365,5.0,5.0,4.067,3.366
136.196629757,1790241532.0805807,5.0,5.0,4.488,3.787
136.216159844,1790241532.1002512,5.0,5.0,4.768,4.207
136.218850839,1790241532.1028671,5.0,5.0,4.768,4.488
136.236979674,1790241532.121171,5.0,5.0,5.049,4.348
136.24051067000002,1790241532.1246004,5.0,5.0,5.049,4.628
136.254900748,1790241532.1389103,5.0,5.0,5.329,5.049
136.256406219,1790241532.14034,5.0,5.0,5.189,4.909
136.276171099,1790241532.160242,5.0,5.0,5.329,5.049
136.278844958,1790241532.1628754,5.0,5.0,5.189,5.189
136.29637545900002,1790241532.1805007,5.0,5.0,5.329,5.189
136.29939775600002,1790241532.1834643,5.0,5.0,5.329,5.189
136.314887367,1790241532.1988947,5.0,5.0,5.189,5.329
136.31638809900002,1790241532.200321,5.0,5.0,5.189,5.189
136.336584855,1790241532.2207823,5.0,5.0,5.329,5.049
136.339605225,1790241532.2236843,5.0,5.0,5.189,5.189
136.356345984,1790241532.2404737,5.0,5.0,5.189,5.189
136.359573594,1790241532.2436411,5.0,5.0,5.189,4.909
136.374899195,1790241532.2589064,5.0,5.0,4.909,5.049
136.376401698,1790241532.2603774,5.0,5.0,4.909,5.049
136.396192203,1790241532.280283,5.0,5.0,5.049,4.768
136.398876687,1790241532.2829108,5.0,5.0,4.768,4.909
136.416641771,1790241532.3008165,5.0,5.0,4.768,4.909
136.41967865200002,1790241532.3037198,5.0,5.0,5.049,4.628
136.435050659,1790241532.3190567,5.0,5.0,4.909,4.628
136.43665982800002,1790241532.3206127,5.0,5.0,4.488,4.909
136.45604564500002,1790241532.340105,5.0,5.0,4.768,4.488
136.458468149,1790241532.3424942,5.0,5.0,4.768,4.628
136.476848495,1790241532.3609598,5.0,5.0,4.488,4.768
136.479824803,1790241532.3638659,5.0,5.0,4.488,4.628
136.495990301,1790241532.380104,5.0,5.0,4.628,4.628
136.498697701,1790241532.3827314,5.0,5.0,4.348,4.628
136.51639481700002,1790241532.4005573,5.0,5.0,4.488,4.628
136.51995998,1790241532.4040582,5.0,5.0,4.488,4.488
136.534917194,1790241532.4189236,5.0,5.0,4.488,4.628
136.53662011400002,1790241532.420712,5.0,5.0,4.348,4.628
136.557415308,1790241532.4415722,5.0,5.0,4.488,4.628
136.56032099,1790241532.4444048,5.0,5.0,4.488,4.488
136.581273997,1790241532.4654317,5.0,5.0,4.488,4.628
136.58334322000002,1790241532.4673302,5.0,5.0,4.488,4.628
136.585482807,1790241532.4695597,5.0,5.0,4.628,4.488
136.59490381400002,1790241532.4789147,5.0,5.0,4.628,4.628
136.61729041700002,1790241532.501479,5.0,5.0,4.348,4.488
136.620792559,1790241532.504936,5.0,5.0,4.067,3.787
136.635977118,1790241532.5200639,5.0,5.0,3.506,3.366
136.638687643,1790241532.5227065,5.0,5.0,2.945,2.945
136.65830398100002,1790241532.542351,5.0,5.0,2.524,2.384
136.66021289100001,1790241532.5441806,5.0,5.0,2.104,2.104
136.67514198,1790241532.5591505,5.0,5.0,1.683,1.402
136.676734587,1790241532.5609007,5.0,5.0,1.543,1.402
136.69624915400001,1790241532.580346,5.0,5.0,1.402,1.122
136.698967492,1790241532.583007,5.0,5.0,1.543,1.262
136.71742231800002,1790241532.6016257,5.0,5.0,1.543,1.543
136.721345398,1790241532.60567,5.0,5.0,1.823,1.823
136.725284259,1790241532.6094315,5.0,5.0,1.823,1.963
136.73619896600002,1790241532.620212,5.0,5.0,1.963,2.524
136.75672067000002,1790241532.640957,5.0,5.0,2.384,2.805
136.759835051,1790241532.6438982,5.0,5.0,2.524,2.945
136.775872163,1790241532.659995,5.0,5.0,2.945,3.226
136.77896737700001,1790241532.6630168,5.0,5.0,3.366,3.646
136.80328763,1790241532.6873345,5.0,5.0,3.506,3.787
136.80543055,1790241532.689415,5.0,5.0,3.787,4.067
136.80742503300002,1790241532.6913965,5.0,5.0,4.067,4.067
136.81485353600002,1790241532.698864,5.0,5.0,4.348,4.348
136.83733321300002,1790241532.721496,5.0,5.0,4.488,4.488
136.84087624,1790241532.7249975,5.0,5.0,4.628,4.488
136.855553662,1790241532.73965,5.0,5.0,4.768,4.768
136.85822424,1790241532.7422616,5.0,5.0,4.768,4.909
136.875215156,1790241532.759237,5.0,5.0,4.909,5.049
136.877227712,1790241532.7612205,5.0,5.0,4.909,5.049
136.89617587200001,1790241532.7802553,5.0,5.0,5.049,5.189
136.89866723,1790241532.7826822,5.0,5.0,5.049,5.47
136.91516757300002,1790241532.799241,5.0,5.0,5.189,5.47
136.917272837,1790241532.8013134,5.0,5.0,5.189,5.75
136.936195684,1790241532.8203316,5.0,5.0,5.329,5.75
136.93929819000002,1790241532.8233767,5.0,5.0,5.329,5.89
136.954946395,1790241532.8389652,5.0,5.0,5.47,6.031
136.956455564,1790241532.84039,5.0,5.0,5.47,6.031
136.978771803,1790241532.8628469,5.0,5.0,5.329,6.031
136.980652015,1790241532.8646142,5.0,5.0,5.61,6.031
136.996065636,1790241532.8801436,5.0,5.0,5.47,5.89
136.998497151,1790241532.8825378,5.0,5.0,5.47,5.75
137.017002706,1790241532.901191,5.0,5.0,5.47,5.75
137.020535733,1790241532.904677,5.0,5.0,5.47,5.61
137.03493200900002,1790241532.9189568,5.0,5.0,5.329,5.61
137.03689138800002,1790241532.9211323,5.0,5.0,5.61,5.47
137.05512871300002,1790241532.9391315,5.0,5.0,5.189,5.189
137.05664913200002,1790241532.9405859,5.0,5.0,5.329,5.329
137.077537764,1790241532.9617653,5.0,5.0,5.329,5.189
137.08140912500002,1790241532.9655488,5.0,5.0,5.329,5.049
137.084547672,1790241532.9685218,5.0,5.0,5.329,5.189
137.09569326500002,1790241532.9797394,5.0,5.0,5.47,4.909
137.116366532,1790241533.0004978,5.0,5.0,5.329,5.049
137.119467996,1790241533.0035195,5.0,5.0,5.47,5.049
137.134880212,1790241533.0188901,5.0,5.0,5.47,4.909
137.13639130800001,1790241533.0203285,5.0,5.0,5.329,4.909
137.155123269,1790241533.0391405,5.0,5.0,5.329,4.909
137.156743689,1790241533.040741,5.0,5.0,5.329,5.049
137.177109142,1790241533.061309,5.0,5.0,5.329,5.049
137.18064743000002,1790241533.0647836,5.0,5.0,5.189,5.189
137.194926571,1790241533.078943,5.0,5.0,5.329,5.189
137.1964485,1790241533.0803833,5.0,5.0,5.189,5.329
137.21663400600002,1790241533.1008623,5.0,5.0,5.189,5.47
137.219721459,1790241533.103795,5.0,5.0,5.329,5.47
137.23692998,1790241533.1211119,5.0,5.0,5.329,5.47
137.240187851,1790241533.12431,5.0,5.0,5.189,5.61
137.254855794,1790241533.1388597,5.0,5.0,5.329,5.61
137.25644459900002,1790241533.1404366,5.0,5.0,5.189,5.47
137.276172656,1790241533.160249,5.0,5.0,5.049,5.47
137.27882844200002,1790241533.1628494,5.0,5.0,5.189,5.329
137.296619776,1790241533.180828,5.0,5.0,5.049,5.329
137.299667125,1790241533.1837428,5.0,5.0,5.049,5.61
137.32360821100002,1790241533.2076705,5.0,5.0,5.329,5.329
137.325954569,1790241533.2099683,5.0,5.0,5.329,5.61
137.327815458,1790241533.2117646,5.0,5.0,5.329,5.61
137.33483015800002,1790241533.2188413,5.0,5.0,5.47,5.61
137.35734098,1790241533.2415056,5.0,5.0,5.329,5.61
137.36108682,1790241533.2452397,5.0,5.0,5.47,5.75
137.37578783700002,1790241533.2598555,5.0,5.0,5.61,5.75
137.378354612,1790241533.262385,5.0,5.0,5.329,5.61
137.396740948,1790241533.2809951,5.0,5.0,5.47,5.89
137.400298975,1790241533.2844033,5.0,5.0,5.47,5.61
137.415081398,1790241533.2991085,5.0,5.0,5.47,5.75
137.416602598,1790241533.300538,5.0,5.0,5.47,5.75
137.436583468,1790241533.320845,5.0,5.0,5.329,5.75
137.439702328,1790241533.32379,5.0,5.0,5.329,5.75
137.455849492,1790241533.3399568,5.0,5.0,5.47,5.61
137.45891074800002,1790241533.342974,5.0,5.0,5.189,5.47
137.47517786100002,1790241533.359189,5.0,5.0,5.049,5.47
137.477166406,1790241533.3611388,5.0,5.0,5.189,5.47
137.49612649300002,1790241533.3802183,5.0,5.0,4.909,5.329
137.498795195,1790241533.3828275,5.0,5.0,4.909,5.329
137.51671002,1790241533.4009056,5.0,5.0,4.768,5.189
137.51978533800002,1790241533.4038382,5.0,5.0,4.768,5.329
137.536307399,1790241533.4204528,5.0,5.0,4.628,5.329
137.539399384,1790241533.4234836,5.0,5.0,4.768,5.329
137.55490508900002,1790241533.438916,5.0,5.0,4.628,5.329
137.556416342,1790241533.4403493,5.0,5.0,4.348,5.329
137.576335961,1790241533.4604266,5.0,5.0,4.488,5.189
137.578993779,1790241533.463012,5.0,5.0,4.628,5.049
137.59618172700002,1790241533.480262,5.0,5.0,4.488,5.189
137.5988922,1790241533.4829369,5.0,5.0,4.348,5.189
137.615217126,1790241533.4992332,5.0,5.0,4.628,5.049
137.617239681,1790241533.5012276,5.0,5.0,4.768,5.189
137.63616383000002,1790241533.5202537,5.0,5.0,4.909,5.049
137.638826439,1790241533.5228753,5.0,5.0,4.768,5.189
137.656366211,1790241533.540539,5.0,5.0,4.909,5.189
137.659959707,1790241533.5440342,5.0,5.0,4.909,5.049
137.67492353600002,1790241533.5589209,5.0,5.0,5.189,4.909
137.676436716,1790241533.5603707,5.0,5.0,5.189,4.909
137.696630346,1790241533.5808558,5.0,5.0,5.329,4.909
137.699703269,1790241533.5837398,5.0,5.0,5.189,5.189
137.716117153,1790241533.6002083,5.0,5.0,5.47,5.189
137.718791376,1790241533.6028068,5.0,5.0,5.89,5.189
137.736964118,1790241533.6211488,5.0,5.0,6.031,5.329
137.74047995700002,1790241533.6245456,5.0,5.0,6.171,5.049
137.75494060900002,1790241533.6389487,5.0,5.0,6.311,5.049
137.756450195,1790241533.6403856,5.0,5.0,6.451,4.909
137.77621533500002,1790241533.6603057,5.0,5.0,6.451,4.909
137.778898048,1790241533.6629157,5.0,5.0,6.451,4.628
137.79657120500002,1790241533.680741,5.0,5.0,6.732,4.768
137.79957787700002,1790241533.683617,5.0,5.0,6.592,4.628
137.81502915500002,1790241533.699039,5.0,5.0,6.592,4.628
137.816631814,1790241533.7005832,5.0,5.0,6.311,4.488
137.836136485,1790241533.7202349,5.0,5.0,6.311,4.067
137.83884649,1790241533.7228796,5.0,5.0,6.031,3.646
137.856963815,1790241533.7411392,5.0,5.0,5.61,3.646
137.860594238,1790241533.7447715,5.0,5.0,5.189,3.085
137.874908535,1790241533.7589245,5.0,5.0,5.049,2.665
137.876416871,1790241533.7603502,5.0,5.0,4.488,2.244
137.89660435500002,1790241533.7808197,5.0,5.0,4.348,1.683
137.899705247,1790241533.7837844,5.0,5.0,3.927,1.262
137.91581855700002,1790241533.7999446,5.0,5.0,3.085,0.982
137.918889761,1790241533.8029332,5.0,5.0,2.665,0.28
137.935082446,1790241533.8191292,5.0,5.0,2.244,0.28
137.93710562700002,1790241533.8211718,5.0,5.0,2.384,0.14
137.955839411,1790241533.8399117,5.0,5.0,2.384,0.421
137.958235561,1790241533.8422327,5.0,5.0,2.104,0.421
137.97634309400001,1790241533.8605456,5.0,5.0,1.823,0.561
137.980105809,1790241533.8642323,5.0,5.0,1.683,0.561
137.99489526300002,1790241533.878888,5.0,5.0,1.543,0.701
137.996411776,1790241533.8803473,5.0,5.0,1.543,0.561
138.016598167,1790241533.9008129,5.0,5.0,1.402,0.561
138.019669214,1790241533.903707,5.0,5.0,1.402,0.701
138.036276015,1790241533.9203854,5.0,5.0,1.262,0.561
138.039348313,1790241533.9234138,5.0,5.0,1.262,0.561
138.054913497,1790241533.9389138,5.0,5.0,1.262,0.561
138.056433187,1790241533.9403684,5.0,5.0,1.262,0.421
138.076594214,1790241533.960798,5.0,5.0,1.122,0.421
138.079662813,1790241533.9637067,5.0,5.0,1.262,0.561
138.095936072,1790241533.9800174,5.0,5.0,1.262,0.561
138.098663837,1790241533.9827266,5.0,5.0,1.262,0.561
138.11520819,1790241533.9992428,5.0,5.0,1.262,0.561
138.11716939200002,1790241534.001138,5.0,5.0,1.122,0.28
138.13610682200002,1790241534.0201826,5.0,5.0,1.122,0.561
138.13876354500002,1790241534.022778,5.0,5.0,1.122,0.28
138.156592796,1790241534.0408144,5.0,5.0,1.122,0.28
138.159664208,1790241534.0437381,5.0,5.0,0.982,0.421
138.176277988,1790241534.0604181,5.0,5.0,0.982,0.28
138.179345181,1790241534.0634308,5.0,5.0,0.841,0.28
138.194888908,1790241534.0788994,5.0,5.0,0.982,0.14
138.196387764,1790241534.0803237,5.0,5.0,0.841,0.14
138.216153061,1790241534.100248,5.0,5.0,0.841,0.28
138.218844732,1790241534.1028621,5.0,5.0,0.701,0.14
138.236594035,1790241534.120787,5.0,5.0,0.561,0.0
138.23963826000002,1790241534.1237524,5.0,5.0,0.421,0.0
138.25634235200002,1790241534.140449,5.0,5.0,0.421,0.0
138.259416525,1790241534.143477,5.0,5.0,0.421,0.0
138.275033532,1790241534.1590405,5.0,5.0,0.421,0.0
138.276646556,1790241534.160608,5.0,5.0,0.421,0.0
138.296120602,1790241534.1802115,5.0,5.0,0.28,0.0
138.29880727300002,1790241534.1828384,5.0,5.0,0.28,0.0
138.316945796,1790241534.2011101,5.0,5.0,0.14,0.0
138.320455906,1790241534.204529,5.0,5.0,0.14,0.0
138.334897651,1790241534.2189093,5.0,5.0,0.0,0.0
138.33640531,1790241534.2203429,5.0,5.0,0.14,0.0
138.356607274,1790241534.2408328,5.0,5.0,0.14,0.0
138.359678738,1790241534.2437553,5.0,5.0,0.28,0.0
138.376292674,1790241534.2604227,5.0,5.0,0.14,0.0
138.379526795,1790241534.2635787,5.0,5.0,0.28,0.0
138.39488937500002,1790241534.2789025,5.0,5.0,0.28,0.0
138.396412711,1790241534.2803478,5.0,5.0,0.28,0.0
138.416610404,1790241534.3008385,5.0,5.0,0.421,0.0
138.419684316,1790241534.3037536,5.0,5.0,0.421,0.0
138.43622997100002,1790241534.3203735,5.0,5.0,0.421,0.0
138.439285705,1790241534.3233678,5.0,5.0,0.561,0.0
138.45490109800002,1790241534.3389006,5.0,5.0,0.561,0.0
138.456399591,1790241534.3403358,5.0,5.0,0.421,0.0
138.476585825,1790241534.360792,5.0,5.0,0.561,0.0
138.479627029,1790241534.3636642,5.0,5.0,0.701,0.0
138.49578867300002,1790241534.3799052,5.0,5.0,0.421,0.0
138.498858782,1790241534.3829036,5.0,5.0,0.701,0.0
138.514989176,1790241534.3990068,5.0,5.0,0.421,0.0
138.51650235600002,1790241534.400437,5.0,5.0,0.561,0.0
138.536136715,1790241534.4202192,5.0,5.0,0.561,0.0
138.538795469,1790241534.4228144,5.0,5.0,0.421,0.0
138.55619591800001,1790241534.4403603,5.0,5.0,0.561,0.0
138.559769257,1790241534.443916,5.0,5.0,0.561,0.0
138.574893712,1790241534.458904,5.0,5.0,0.421,0.0
138.576418975,1790241534.460354,5.0,5.0,0.28,0.0
138.596180834,1790241534.4802573,5.0,5.0,0.561,0.0
138.598809433,1790241534.482862,5.0,5.0,0.421,0.0
138.61663045400002,1790241534.5008185,5.0,5.0,0.561,0.0
138.619667752,1790241534.5037277,5.0,5.0,0.561,0.0
138.635711687,1790241534.5198185,5.0,5.0,0.421,0.0
138.638763307,1790241534.5228107,5.0,5.0,0.421,0.0
138.655081149,1790241534.5390995,5.0,5.0,0.561,0.0
138.656691725,1790241534.5408604,5.0,5.0,0.561,0.0
138.676177125,1790241534.560265,5.0,5.0,0.561,0.0
138.67884561900001,1790241534.562862,5.0,5.0,0.701,0.0
138.69692544400002,1790241534.5810854,5.0,5.0,0.561,0.0
138.70038617900002,1790241534.5844858,5.0,5.0,0.701,0.0
138.714893706,1790241534.5989194,5.0,5.0,0.701,0.0
138.716430427,1790241534.6003673,5.0,5.0,0.701,0.0
138.736610047,1790241534.6208072,5.0,5.0,0.701,0.0
138.739652501,1790241534.6237323,5.0,5.0,0.701,0.0
138.75580773800002,1790241534.6399128,5.0,5.0,0.701,0.0
138.75883987900002,1790241534.6428823,5.0,5.0,0.561,0.0
138.775026419,1790241534.6590335,5.0,5.0,0.561,0.0
138.776634443,1790241534.6605759,5.0,5.0,0.561,0.0
138.796150207,1790241534.6802385,5.0,5.0,0.421,0.0
138.798791098,1790241534.6828403,5.0,5.0,0.28,0.0
138.81653534900002,1790241534.7007337,5.0,5.0,0.28,0.0
138.819559781,1790241534.7036316,5.0,5.0,0.14,0.0
138.836350958,1790241534.7204714,5.0,5.0,0.14,0.0
138.83942830700002,1790241534.72349,5.0,5.0,0.0,0.0
138.85503656400002,1790241534.7390416,5.0,5.0,0.0,0.0
138.85664844200002,1790241534.7405915,5.0,5.0,0.0,0.0
138.87615280100002,1790241534.760225,5.0,5.0,0.0,0.0
138.878834055,1790241534.7629042,5.0,5.0,0.0,0.0
138.896441848,1790241534.7805624,5.0,5.0,0.0,0.0
138.899518728,1790241534.78357,5.0,5.0,0.0,0.0
138.91501547500002,1790241534.7990346,5.0,5.0,0.0,0.0
138.916620947,1790241534.8005612,5.0,5.0,0.0,0.0
138.936174524,1790241534.820275,5.0,5.0,0.0,0.0
138.938856144,1790241534.8228748,5.0,5.0,0.0,0.0
138.95645398800002,1790241534.8405576,5.0,5.0,0.0,0.0
138.959488577,1790241534.8435466,5.0,5.0,0.0,0.0
138.975040376,1790241534.8590486,5.0,5.0,0.0,0.0
138.976647358,1790241534.860599,5.0,5.0,0.0,0.0
138.996231977,1790241534.880323,5.0,5.0,0.0,0.0
138.998924794,1790241534.8829439,5.0,5.0,0.0,0.0
139.016926546,1790241534.901088,5.0,5.0,0.0,0.0
139.02040327100002,1790241534.904515,5.0,5.0,0.0,0.0
139.034892516,1790241534.918908,5.0,5.0,0.0,0.0
139.036425696,1790241534.9203613,5.0,5.0,0.0,0.0
139.05656463900002,1790241534.9407895,5.0,5.0,0.0,0.0
139.059641832,1790241534.9437063,5.0,5.0,0.0,0.0
139.076261393,1790241534.9603755,5.0,5.0,0.0,0.0
139.07927322100002,1790241534.963349,5.0,5.0,0.0,0.0
139.09488496900002,1790241534.9788961,5.0,5.0,0.0,0.0
139.096392732,1790241534.9803348,5.0,5.0,0.0,0.0
139.11613026700002,1790241535.0002246,5.0,5.0,0.0,0.0
139.118821835,1790241535.0028386,5.0,5.0,0.0,0.0
139.13662343000001,1790241535.0208035,5.0,5.0,0.0,0.0
139.139716196,1790241535.023774,5.0,5.0,0.0,0.0
139.156324351,1790241535.0404465,5.0,5.0,0.0,0.0
139.15939701300002,1790241535.0434606,5.0,5.0,0.14,0.0
139.175012718,1790241535.0590296,5.0,5.0,0.0,0.0
139.176621575,1790241535.0605628,5.0,5.0,0.0,0.0
139.19613234000002,1790241535.0802228,5.0,5.0,0.0,0.0
139.198821407,1790241535.0829039,5.0,5.0,0.0,0.0
139.216362272,1790241535.1004863,5.0,5.0,0.0,0.0
139.219405507,1790241535.1034446,5.0,5.0,0.0,0.0
139.23504079600002,1790241535.1190488,5.0,5.0,0.0,0.0
139.236659132,1790241535.1206007,5.0,5.0,0.0,0.0
139.256172657,1790241535.1402526,5.0,5.0,0.0,0.0
139.258834745,1790241535.1428685,5.0,5.0,0.0,0.0
139.277019257,1790241535.1612198,5.0,5.0,0.0,0.0
139.28055666,1790241535.1646993,5.0,5.0,0.0,0.0
139.295019915,1790241535.1790242,5.0,5.0,0.0,0.0
139.296620178,1790241535.1805596,5.0,5.0,0.0,0.0
139.316164224,1790241535.2002442,5.0,5.0,0.0,0.0
139.31887245800002,1790241535.2028956,5.0,5.0,0.0,0.14
139.336435876,1790241535.22056,5.0,5.0,0.0,0.0
139.339484527,1790241535.2235441,5.0,5.0,0.0,0.0
139.355046691,1790241535.2390559,5.0,5.0,0.0,0.0
139.356667891,1790241535.2406118,5.0,5.0,0.0,0.0
139.376141104,1790241535.2602355,5.0,5.0,0.0,0.0
139.37881444200002,1790241535.2628498,5.0,5.0,0.0,0.0
139.397052131,1790241535.2812498,5.0,5.0,0.0,0.0
139.400566357,1790241535.2847092,5.0,5.0,0.0,0.0
139.41491778900001,1790241535.2989204,5.0,5.0,0.0,0.0
139.416429198,1790241535.300363,5.0,5.0,0.0,0.0
139.436606057,1790241535.3208346,5.0,5.0,0.0,0.0
139.439679761,1790241535.323739,5.0,5.0,0.0,0.0
139.456360885,1790241535.3404732,5.0,5.0,0.0,0.0
139.459084119,1790241535.3431182,5.0,5.0,0.0,0.0
139.4763854,1790241535.3605077,5.0,5.0,0.0,0.0
139.479419156,1790241535.3634694,5.0,5.0,0.0,0.0
139.495021372,1790241535.3790257,5.0,5.0,0.0,0.0
139.496616947,1790241535.380556,5.0,5.0,0.0,0.0
139.516227243,1790241535.4003053,5.0,5.0,0.0,0.0
139.518950217,1790241535.4029694,5.0,5.0,0.0,0.0
139.53696082300002,1790241535.4211059,5.0,5.0,0.0,0.0
139.54043676700002,1790241535.42455,5.0,5.0,0.0,0.0
139.554888303,1790241535.438888,5.0,5.0,0.0,0.0
139.55658825400002,1790241535.4405813,5.0,5.0,0.0,0.0
139.57626235200001,1790241535.4603572,5.0,5.0,0.0,0.0
139.57898459700002,1790241535.4630356,5.0,5.0,0.0,0.0
139.597020307,1790241535.4811735,5.0,5.0,0.0,0.0
139.600220208,1790241535.4843383,5.0,5.0,0.0,0.0
139.61482987000002,1790241535.4988413,1.5277777910232544,-1.5277777910232544,0.0,0.0
139.61633575800002,1790241535.5002716,1.5277777910232544,-1.5277777910232544,0.0,0.0
139.636648712,1790241535.5208406,1.5277777910232544,-1.5277777910232544,0.0,0.0
139.639741374,1790241535.523786,1.5277777910232544,-1.5277777910232544,0.0,0.0
139.655072131,1790241535.5390851,1.5277777910232544,-1.5277777910232544,0.14,0.0
139.656690832,1790241535.5408494,1.5277777910232544,-1.5277777910232544,0.421,0.0
139.676273159,1790241535.5603852,1.5277777910232544,-1.5277777910232544,0.561,-0.14
139.679088372,1790241535.5631387,1.5277777910232544,-1.5277777910232544,0.841,-0.421
139.69652184100002,1790241535.580713,1.5277777910232544,-1.5277777910232544,0.982,-0.701
139.699734764,1790241535.5837996,1.5277777910232544,-1.5277777910232544,0.982,-0.841
139.715076823,1790241535.599098,1.5277777910232544,-1.5277777910232544,1.122,-0.982
139.716754691,1790241535.600937,1.5277777910232544,-1.5277777910232544,1.122,-1.122
139.73621358,1790241535.6203177,1.5277777910232544,-1.5277777910232544,1.402,-0.982
139.738985877,1790241535.62302,1.5277777910232544,-1.5277777910232544,1.402,-0.841
139.756257627,1790241535.6404052,1.5277777910232544,-1.5277777910232544,1.543,-0.982
139.759981019,1790241535.6441147,1.5277777910232544,-1.5277777910232544,1.543,-1.122
139.77495464,1790241535.6589549,1.5277777910232544,-1.5277777910232544,1.402,-1.262
139.776512403,1790241535.6604576,1.5277777910232544,-1.5277777910232544,1.543,-1.402
139.796688273,1790241535.6808772,1.5277777910232544,-1.5277777910232544,1.543,-1.122
139.79982614300002,1790241535.683862,1.5277777910232544,-1.5277777910232544,1.402,-1.122
139.816079663,1790241535.7001972,1.5277777910232544,-1.5277777910232544,1.402,-1.262
139.81891164700002,1790241535.7029495,1.5277777910232544,-1.5277777910232544,1.402,-1.262
139.835214124,1790241535.7192755,1.5277777910232544,-1.5277777910232544,1.262,-1.122
139.837351472,1790241535.7213283,1.5277777910232544,-1.5277777910232544,1.402,-1.122
139.85619395400002,1790241535.7402806,1.5277777910232544,-1.5277777910232544,1.402,-0.982
139.858961095,1790241535.7429938,1.5277777910232544,-1.5277777910232544,1.262,-1.122
139.877104773,1790241535.7613325,1.5277777910232544,-1.5277777910232544,1.402,-0.982
139.880743478,1790241535.7648914,1.5277777910232544,-1.5277777910232544,1.543,-0.841
139.89497412900002,1790241535.7789698,1.5277777910232544,-1.5277777910232544,1.543,-0.841
139.896532777,1790241535.7804792,1.5277777910232544,-1.5277777910232544,1.402,-0.841
139.91676869900002,1790241535.800944,1.5277777910232544,-1.5277777910232544,1.543,-0.841
139.919965111,1790241535.8040216,1.5277777910232544,-1.5277777910232544,1.402,-0.701
139.936188526,1790241535.820282,1.5277777910232544,-1.5277777910232544,1.543,-0.841
139.939019886,1790241535.823056,1.5277777910232544,-1.5277777910232544,1.543,-0.982
139.95626924,1790241535.8404164,1.5277777910232544,-1.5277777910232544,1.683,-0.841
139.95990856900002,1790241535.844029,1.5277777910232544,-1.5277777910232544,1.683,-1.122
139.974986409,1790241535.8589835,1.5277777910232544,-1.5277777910232544,1.683,-0.982
139.976548079,1790241535.8604853,1.5277777910232544,-1.5277777910232544,1.823,-0.982
139.99666556300002,1790241535.8808413,1.5277777910232544,-1.5277777910232544,1.823,-1.262
139.999828017,1790241535.8838844,1.5277777910232544,-1.5277777910232544,1.963,-1.262
140.014950128,1790241535.8989635,1.5277777910232544,-1.5277777910232544,1.963,-1.122
140.016515703,1790241535.900462,1.5277777910232544,-1.5277777910232544,2.104,-1.262
140.03669167700002,1790241535.9208815,1.5277777910232544,-1.5277777910232544,2.104,-1.402
140.03984111,1790241535.923895,1.5277777910232544,-1.5277777910232544,2.104,-1.402
140.055943587,1790241535.9400492,1.5277777910232544,-1.5277777910232544,2.244,-1.543
140.059144739,1790241535.9431965,1.5277777910232544,-1.5277777910232544,2.244,-1.543
140.074970914,1790241535.9589956,1.5277777910232544,-1.5277777910232544,2.384,-1.683
140.076565812,1790241535.960502,1.5277777910232544,-1.5277777910232544,2.244,-1.823
140.096540119,1790241535.9806824,1.5277777910232544,-1.5277777910232544,2.244,-1.683
140.099309916,1790241535.9833257,1.5277777910232544,-1.5277777910232544,2.244,-1.683
140.116291353,1790241536.0003662,1.5277777910232544,-1.5277777910232544,2.244,-1.963
140.11908281700002,1790241536.0031054,1.5277777910232544,-1.5277777910232544,2.104,-1.963
140.136470973,1790241536.020598,1.5277777910232544,-1.5277777910232544,2.104,-1.823
140.139673531,1790241536.023719,1.5277777910232544,-1.5277777910232544,2.104,-1.823
140.154941892,1790241536.0389981,1.5277777910232544,-1.5277777910232544,1.963,-1.543
140.15657132200002,1790241536.0405107,1.5277777910232544,-1.5277777910232544,1.823,-1.122
140.17697422400002,1790241536.0610983,1.5277777910232544,-1.5277777910232544,1.683,-0.841
140.180083813,1790241536.0641372,1.5277777910232544,-1.5277777910232544,1.543,-0.14
140.19596311200002,1790241536.0800354,1.5277777910232544,-1.5277777910232544,1.402,0.14
140.198657805,1790241536.0826814,1.5277777910232544,-1.5277777910232544,1.402,0.421
140.215184085,1790241536.0992086,1.5277777910232544,-1.5277777910232544,1.262,0.561
140.217181901,1790241536.1011565,1.5277777910232544,-1.5277777910232544,1.262,0.421
140.236166206,1790241536.120258,1.5277777910232544,-1.5277777910232544,1.122,0.701
140.238883815,1790241536.1229281,1.5277777910232544,-1.5277777910232544,1.122,0.421
140.25634905500002,1790241536.140491,1.5277777910232544,-1.5277777910232544,0.982,0.28
140.259435311,1790241536.1435137,1.5277777910232544,-1.5277777910232544,0.982,0.0
140.27491299500002,1790241536.1589327,1.5277777910232544,-1.5277777910232544,0.982,0.28
140.27643492500002,1790241536.1603696,1.5277777910232544,-1.5277777910232544,0.841,0.14
140.296611472,1790241536.180885,1.5277777910232544,-1.5277777910232544,0.982,0.14
140.30005908200002,1790241536.1842515,1.5277777910232544,-1.5277777910232544,0.982,0.14
140.315086245,1790241536.1990929,5.0,5.0,0.841,0.14
140.31661947700002,1790241536.200575,5.0,5.0,1.122,0.0
140.335713991,1790241536.2197921,5.0,5.0,0.982,0.14
140.338145766,1790241536.2221513,5.0,5.0,0.982,0.0
140.35540532800002,1790241536.2394357,5.0,5.0,1.122,0.14
140.357555072,1790241536.2415388,5.0,5.0,1.683,0.701
140.376160054,1790241536.2602525,5.0,5.0,1.963,1.122
140.37880761,1790241536.262823,5.0,5.0,2.384,2.104
140.39693972700002,1790241536.2811346,5.0,5.0,2.384,2.524
140.400431816,1790241536.2845235,5.0,5.0,2.805,3.085
140.415240229,1790241536.2992492,5.0,5.0,3.366,3.506
140.41675169,1790241536.300924,5.0,5.0,3.787,3.927
140.436171048,1790241536.3202598,5.0,5.0,4.207,4.488
140.438853292,1790241536.3228693,5.0,5.0,4.488,5.049
140.456952648,1790241536.3411136,5.0,5.0,4.768,5.049
140.46041301900001,1790241536.3445187,5.0,5.0,5.189,5.189
140.474972941,1790241536.358981,5.0,5.0,5.189,5.47
140.47648190200002,1790241536.360415,5.0,5.0,5.189,5.75
140.49661808500002,1790241536.3808365,5.0,5.0,5.47,5.61
140.49968746500002,1790241536.3837652,5.0,5.0,5.61,5.75
140.51637124500002,1790241536.4005184,5.0,5.0,5.329,5.61
140.519478907,1790241536.4035435,5.0,5.0,5.47,5.61
140.534904508,1790241536.418919,5.0,5.0,5.329,5.75
140.53641675,1790241536.4203613,5.0,5.0,5.329,5.47
140.55619329700002,1790241536.4402854,5.0,5.0,5.329,5.61
140.55888819700002,1790241536.4429145,5.0,5.0,5.189,5.47
140.576365208,1790241536.460508,5.0,5.0,5.049,5.329
140.579460474,1790241536.4635446,5.0,5.0,4.909,5.329
140.59507409600002,1790241536.4790845,5.0,5.0,4.909,5.329
140.59657967200002,1790241536.480516,5.0,5.0,4.909,5.049
140.616313666,1790241536.5004022,5.0,5.0,4.768,5.189
140.619050598,1790241536.5030828,5.0,5.0,4.768,5.049
140.636619953,1790241536.5208092,5.0,5.0,4.768,4.909
140.63972943800002,1790241536.523775,5.0,5.0,4.909,4.768
140.656368791,1790241536.5404747,5.0,5.0,4.768,4.628
140.65941192100001,1790241536.5434718,5.0,5.0,4.909,4.348
140.675031533,1790241536.5590384,5.0,5.0,4.768,4.207
140.676629244,1790241536.5605726,5.0,5.0,4.909,4.348
140.696138082,1790241536.5802243,5.0,5.0,4.909,4.207
140.69878350300002,1790241536.5828032,5.0,5.0,4.768,4.207
140.716962443,1790241536.6011453,5.0,5.0,4.768,4.207
140.72047989700002,1790241536.6045485,5.0,5.0,4.768,4.207
140.73497049600002,1790241536.61897,5.0,5.0,4.768,4.348
140.73647211300002,1790241536.6204054,5.0,5.0,4.488,4.207
140.756157045,1790241536.6402364,5.0,5.0,4.628,4.628
140.758858456,1790241536.6428785,5.0,5.0,4.207,4.768
140.776403644,1790241536.6605108,5.0,5.0,4.488,4.909
140.779406306,1790241536.6635222,5.0,5.0,4.207,5.049
140.794878469,1790241536.6788857,5.0,5.0,4.348,5.47
140.79637628400002,1790241536.6803076,5.0,5.0,4.348,5.47
140.816714811,1790241536.7009282,5.0,5.0,4.488,5.61
140.820125859,1790241536.7042718,5.0,5.0,4.488,5.89
140.835092292,1790241536.719106,5.0,5.0,4.488,5.61
140.83672406600002,1790241536.720737,5.0,5.0,4.488,5.61
140.855964934,1790241536.7400298,5.0,5.0,4.348,5.329
140.858366709,1790241536.742367,5.0,5.0,4.067,4.628
140.875172469,1790241536.759191,5.0,5.0,3.366,4.207
140.87713330600002,1790241536.7611163,5.0,5.0,2.665,3.646
140.902342258,1790241536.7863662,5.0,5.0,2.524,2.945
140.904123355,1790241536.7880995,5.0,5.0,2.384,2.384
140.905850441,1790241536.7898238,5.0,5.0,1.963,2.104
140.914845458,1790241536.7988508,5.0,5.0,1.683,1.823
140.936727581,1790241536.8209794,5.0,5.0,1.683,1.543
140.93992039900002,1790241536.824012,5.0,5.0,1.683,1.543
140.955024958,1790241536.839033,5.0,5.0,1.683,1.683
140.956623554,1790241536.8405666,5.0,5.0,1.963,1.683
140.976115829,1790241536.8601944,5.0,5.0,2.384,1.963
140.978805053,1790241536.862843,5.0,5.0,2.384,2.384
140.99610847,1790241536.8802798,5.0,5.0,2.805,2.524
140.999644518,1790241536.8837223,5.0,5.0,2.945,3.226
141.01490886800002,1790241536.8989062,5.0,5.0,3.085,3.506
141.016406788,1790241536.9003427,5.0,5.0,3.366,3.646
141.03661474100002,1790241536.920809,5.0,5.0,3.787,3.927
141.039681882,1790241536.9237392,5.0,5.0,3.927,4.348
141.056350923,1790241536.9404528,5.0,5.0,3.927,4.488
141.059410251,1790241536.94347,5.0,5.0,4.348,4.768
141.076236948,1790241536.9602983,5.0,5.0,4.488,4.768
141.079097891,1790241536.9632373,5.0,5.0,4.628,4.909
141.099180063,1790241536.983185,5.0,5.0,4.768,5.049
141.100689284,1790241536.9846683,5.0,5.0,4.909,5.049
141.115748687,1790241536.999794,5.0,5.0,5.049,5.049
141.117942336,1790241537.0019372,5.0,5.0,5.049,5.189
141.137086121,1790241537.0212772,5.0,5.0,5.189,5.189
141.140587117,1790241537.0247726,5.0,5.0,5.189,5.049
141.15489828900002,1790241537.0389104,5.0,5.0,5.189,5.329
141.156403812,1790241537.0403397,5.0,5.0,5.47,5.049
141.176594943,1790241537.0608008,5.0,5.0,5.329,5.049
141.179656927,1790241537.0637288,5.0,5.0,5.329,5.189
141.196294666,1790241537.080425,5.0,5.0,5.329,5.049
141.19933279600002,1790241537.083424,5.0,5.0,5.329,5.049
141.214865637,1790241537.0988827,5.0,5.0,5.049,5.329
141.21637480700002,1790241537.1003187,5.0,5.0,5.189,5.049
141.23622614500002,1790241537.1203241,5.0,5.0,5.189,5.049
141.238917191,1790241537.122945,5.0,5.0,4.909,5.189
141.25641743100002,1790241537.140527,5.0,5.0,5.049,5.049
141.259498374,1790241537.14356,5.0,5.0,5.049,4.909
141.27489512100001,1790241537.1589081,5.0,5.0,5.049,5.049
141.27641804,1790241537.160353,5.0,5.0,5.049,5.049
141.296626046,1790241537.1808462,5.0,5.0,5.189,4.768
141.299695791,1790241537.1837404,5.0,5.0,4.909,5.049
141.316278946,1790241537.2004216,5.0,5.0,5.049,5.049
141.319362649,1790241537.2034473,5.0,5.0,5.189,5.049
141.334890594,1790241537.218906,5.0,5.0,4.768,5.329
141.336393097,1790241537.2203286,5.0,5.0,4.909,5.189
141.356598654,1790241537.2408082,5.0,5.0,4.909,5.189
141.359663348,1790241537.243736,5.0,5.0,4.909,5.049
141.37623718,1790241537.2603788,5.0,5.0,4.628,5.61
141.37947562300002,1790241537.2635732,5.0,5.0,4.768,5.75
141.394898047,1790241537.278912,5.0,5.0,4.628,5.189
141.39640820600002,1790241537.2803507,5.0,5.0,4.768,4.909
141.41617876200002,1790241537.300256,5.0,5.0,4.909,5.329
141.41889236100002,1790241537.3029172,5.0,5.0,5.189,5.61
141.436362497,1790241537.3205044,5.0,5.0,5.189,5.049
141.439424325,1790241537.3235052,5.0,5.0,4.909,4.909
141.45490602,1790241537.3389237,5.0,5.0,4.628,4.628
141.45642295000002,1790241537.3403554,5.0,5.0,4.768,4.488
141.476615643,1790241537.3608277,5.0,5.0,4.909,4.488
141.47968986700002,1790241537.3637614,5.0,5.0,4.909,4.628
141.496241668,1790241537.3803701,5.0,5.0,4.909,4.628
141.499304642,1790241537.3833683,5.0,5.0,4.909,4.488
141.514972639,1790241537.39898,5.0,5.0,4.909,4.488
141.51647910100002,1790241537.4004118,5.0,5.0,4.768,4.628
141.536631429,1790241537.4208448,5.0,5.0,4.768,4.488
141.53970216300002,1790241537.4237776,5.0,5.0,5.049,4.488
141.555884693,1790241537.4400082,5.0,5.0,4.768,4.628
141.558956625,1790241537.4430046,5.0,5.0,4.768,4.768
141.576407022,1790241537.4605496,5.0,5.0,4.909,4.768
141.579971507,1790241537.464042,5.0,5.0,4.909,4.628
141.59494877400002,1790241537.4789493,5.0,5.0,4.768,4.909
141.59645336,1790241537.480389,5.0,5.0,4.909,4.768
141.61662433400002,1790241537.5008159,5.0,5.0,5.049,4.909
141.619699131,1790241537.5037386,5.0,5.0,4.909,5.049
141.636364891,1790241537.5204864,5.0,5.0,4.768,4.768
141.63943895900002,1790241537.5234983,5.0,5.0,4.488,3.927
141.65504549800002,1790241537.5390537,5.0,5.0,3.787,3.506
141.656656282,1790241537.5405984,5.0,5.0,2.805,2.945
141.67616444200002,1790241537.5602431,5.0,5.0,2.384,2.104
141.678807572,1790241537.5628428,5.0,5.0,1.823,1.543
141.69691317800002,1790241537.5810528,5.0,5.0,1.543,1.122
141.700376465,1790241537.5844903,5.0,5.0,0.841,0.841
141.714869356,1790241537.5988777,5.0,5.0,0.421,0.421
141.71637264,1790241537.6003058,5.0,5.0,0.14,0.14
141.736707364,1790241537.6208947,5.0,5.0,0.0,0.0
141.739773203,1790241537.6238146,5.0,5.0,0.0,0.0
141.756347035,1790241537.6404676,5.0,5.0,0.0,0.0
141.75935511400002,1790241537.6434052,5.0,5.0,0.0,0.0
141.77503352800002,1790241537.659045,5.0,5.0,0.0,0.0
141.776642176,1790241537.6605935,5.0,5.0,0.0,0.0
141.79610747200002,1790241537.6801949,5.0,5.0,0.0,0.0
141.798775029,1790241537.6827922,5.0,5.0,0.0,0.0
141.81692047800001,1790241537.701083,5.0,5.0,0.0,0.0
141.820433089,1790241537.7045045,5.0,5.0,0.0,0.0
141.834920355,1790241537.7189293,5.0,5.0,0.0,0.0
141.83642791,1790241537.7203636,5.0,5.0,0.0,0.0
141.856597634,1790241537.7410617,5.0,5.0,0.0,0.0
141.859990557,1790241537.7440603,5.0,5.0,0.14,0.0
141.87594345000002,1790241537.7600434,5.0,5.0,0.0,0.0
141.878639705,1790241537.762661,5.0,5.0,0.0,0.0
141.89517718300002,1790241537.779193,5.0,5.0,0.14,0.0
141.89718359300002,1790241537.7811549,5.0,5.0,0.14,0.14
141.91612940800002,1790241537.8002,5.0,5.0,0.14,0.14
141.918797903,1790241537.8028169,5.0,5.0,0.14,0.0
141.93688184200002,1790241537.821048,5.0,5.0,0.14,0.14
141.940421692,1790241537.8245072,5.0,5.0,0.421,0.14
141.954919114,1790241537.8389175,5.0,5.0,0.421,0.28
141.956425367,1790241537.840364,5.0,5.0,0.421,0.28
141.97655248700002,1790241537.8607774,5.0,5.0,0.561,0.421
141.97968853400002,1790241537.863778,5.0,5.0,0.561,0.421
141.996246845,1790241537.8803916,5.0,5.0,0.701,0.28
141.999303257,1790241537.8833828,5.0,5.0,0.701,0.561
142.014913129,1790241537.8989112,5.0,5.0,0.841,0.561
142.016411621,1790241537.9003463,5.0,5.0,0.841,0.421
142.036589002,1790241537.920792,5.0,5.0,0.982,0.561
142.039651039,1790241537.9237769,5.0,5.0,1.122,0.561
142.05584336,1790241537.9399679,5.0,5.0,1.122,0.561
142.058908573,1790241537.9429681,5.0,5.0,1.122,0.701
142.075032665,1790241537.959061,5.0,5.0,1.122,0.841
142.076675064,1790241537.9606197,5.0,5.0,1.262,0.982
142.09661713100002,1790241537.9808507,5.0,5.0,1.262,0.982
142.09968604300002,1790241537.9837406,5.0,5.0,1.262,0.982
142.115920396,1790241538.0000377,5.0,5.0,1.122,1.122
142.11898300500002,1790241538.0030317,5.0,5.0,1.122,0.982
142.13505423200002,1790241538.0190725,5.0,5.0,0.982,0.841
142.136677256,1790241538.0206199,5.0,5.0,0.982,0.982
142.156128437,1790241538.0402231,5.0,5.0,0.982,0.841
142.15880344200002,1790241538.0428264,5.0,5.0,0.982,0.841
142.176902016,1790241538.061057,5.0,5.0,0.561,0.701
142.180343689,1790241538.0644097,5.0,5.0,0.561,0.561
142.19489460100002,1790241538.0789046,5.0,5.0,0.421,0.28
142.19640871800001,1790241538.0803561,5.0,5.0,0.421,0.28
142.216166358,1790241538.1002545,5.0,5.0,0.421,0.561
142.21883053000002,1790241538.102865,5.0,5.0,0.561,0.561
142.236601135,1790241538.1207993,5.0,5.0,0.561,0.701
142.239645359,1790241538.123726,5.0,5.0,0.701,0.701
142.25624012900002,1790241538.1403997,5.0,5.0,0.561,0.701
142.259332478,1790241538.1434069,5.0,5.0,0.561,0.561
142.275069226,1790241538.1590936,5.0,5.0,0.561,0.561
142.27659766600001,1790241538.1605332,5.0,5.0,0.701,0.701
142.296187389,1790241538.1802669,5.0,5.0,0.561,0.701
142.298843487,1790241538.1828928,5.0,5.0,0.561,0.701
142.316794562,1790241538.2010121,5.0,5.0,0.701,0.701
142.32034159900002,1790241538.2044141,5.0,5.0,0.561,0.701
142.334892251,1790241538.2188892,5.0,5.0,0.561,0.701
142.33642282600002,1790241538.2203596,5.0,5.0,0.701,0.701
142.356605988,1790241538.2408247,5.0,5.0,0.561,0.701
142.35969698300002,1790241538.243798,5.0,5.0,0.701,0.841
142.37592117900002,1790241538.2600362,5.0,5.0,0.561,0.701
142.379180195,1790241538.263261,5.0,5.0,0.701,0.701
142.39497392200002,1790241538.2789724,5.0,5.0,0.701,0.701
142.39648173700002,1790241538.2804184,5.0,5.0,0.561,0.701
142.416166148,1790241538.3002453,5.0,5.0,0.701,0.701
142.41885500700002,1790241538.3029068,5.0,5.0,0.701,0.701
142.436614883,1790241538.3208466,5.0,5.0,0.561,0.701
142.43969723200001,1790241538.323776,5.0,5.0,0.701,0.701
142.456385856,1790241538.3404887,5.0,5.0,0.701,0.701
142.459089194,1790241538.3431172,5.0,5.0,0.701,0.561
142.47639880900002,1790241538.3605244,5.0,5.0,0.561,0.561
142.479496315,1790241538.3635437,5.0,5.0,0.561,0.561
142.49503207200001,1790241538.3790436,5.0,5.0,0.701,0.561
142.49664452300001,1790241538.3805873,5.0,5.0,0.701,0.561
142.516243256,1790241538.400322,5.0,5.0,0.561,0.561
142.518948574,1790241538.4030027,5.0,5.0,0.561,0.561
142.53712647100002,1790241538.4213238,5.0,5.0,0.701,0.561
142.54062038400002,1790241538.4247634,5.0,5.0,0.421,0.561
142.555369004,1790241538.4393888,5.0,5.0,0.561,0.561
142.55731046600002,1790241538.441292,5.0,5.0,0.561,0.561
142.576156021,1790241538.4602358,5.0,5.0,0.421,0.421
142.578816859,1790241538.4628437,5.0,5.0,0.421,0.561
142.596340693,1790241538.4804943,5.0,5.0,0.561,0.561
142.59945507400002,1790241538.4835403,5.0,5.0,0.28,0.421
142.616283333,1790241538.500408,5.0,5.0,0.561,0.561
142.619356516,1790241538.503403,5.0,5.0,0.421,0.561
142.634871075,1790241538.518881,5.0,5.0,0.421,0.421
142.636375401,1790241538.5203097,5.0,5.0,0.421,0.421
142.656526219,1790241538.5407155,5.0,5.0,0.561,0.561
142.65959836000002,1790241538.5436397,5.0,5.0,0.421,0.421
142.674894794,1790241538.558911,5.0,5.0,0.421,0.421
142.676401255,1790241538.5603817,5.0,5.0,0.561,0.421
142.69660202100002,1790241538.5808048,5.0,5.0,0.561,0.28
142.69965697400002,1790241538.5837317,5.0,5.0,0.421,0.421
142.71621794200001,1790241538.6003454,5.0,5.0,0.561,0.421
142.71922404100002,1790241538.603292,5.0,5.0,0.561,0.28
142.734871621,1790241538.6188805,5.0,5.0,0.421,0.421
142.73637474900002,1790241538.6203206,5.0,5.0,0.421,0.421
142.756625723,1790241538.6408381,5.0,5.0,0.561,0.561
142.75969942700002,1790241538.6437733,5.0,5.0,0.561,0.421
142.775801852,1790241538.659928,5.0,5.0,0.421,0.421
142.778864774,1790241538.6629267,5.0,5.0,0.421,0.421
142.795053501,1790241538.6790771,5.0,5.0,0.561,0.421
142.796677983,1790241538.6808252,5.0,5.0,0.561,0.421
142.816162341,1790241538.7002368,5.0,5.0,0.561,0.28
142.81880245000002,1790241538.7028422,5.0,5.0,0.561,0.28
142.836175346,1790241538.7203152,5.0,5.0,0.561,0.28
142.83974577,1790241538.7238262,5.0,5.0,0.561,0.421
142.85488220300002,1790241538.7388945,5.0,5.0,0.421,0.14
142.85641126800002,1790241538.7403576,5.0,5.0,0.421,0.28
142.876181669,1790241538.7602565,5.0,5.0,0.421,0.28
142.878836726,1790241538.762893,5.0,5.0,0.28,0.28
142.89659634100002,1790241538.7807934,5.0,5.0,0.421,0.28
142.899636034,1790241538.7837093,5.0,5.0,0.28,0.28
142.916364138,1790241538.800464,5.0,5.0,0.28,0.14
142.919450237,1790241538.803511,5.0,5.0,0.28,0.14
142.93537776600002,1790241538.819517,5.0,5.0,0.28,0.0
142.93852464600002,1790241538.8225927,5.0,5.0,0.14,0.0
142.955253583,1790241538.839283,5.0,5.0,0.14,0.14
142.957252962,1790241538.841245,5.0,5.0,0.14,0.0
142.97612737100002,1790241538.8602297,5.0,5.0,0.28,0.0
142.978832167,1790241538.8628821,5.0,5.0,0.14,0.0
142.996559491,1790241538.8807402,5.0,5.0,0.14,0.0
142.999650538,1790241538.883775,5.0,5.0,0.0,0.0
143.01582963,1790241538.899959,5.0,5.0,0.0,0.0
143.018939636,1790241538.9030187,5.0,5.0,0.0,0.0
143.036343313,1790241538.9205348,5.0,5.0,0.0,0.0
143.03996358,1790241538.924042,5.0,5.0,0.0,0.0
143.05489720100002,1790241538.9388964,5.0,5.0,0.0,0.0
143.056400797,1790241538.9403355,5.0,5.0,0.0,0.0
143.076618386,1790241538.9608347,5.0,5.0,0.0,0.0
143.079902975,1790241538.9640274,5.0,5.0,0.0,0.0
143.095821494,1790241538.9799516,5.0,5.0,0.0,0.0
143.09889577,1790241538.982943,5.0,5.0,0.0,0.0
143.115047414,1790241538.9990714,5.0,5.0,0.0,0.0
143.116686219,1790241539.000842,5.0,5.0,0.0,0.0
143.136119275,1790241539.0202115,5.0,5.0,0.14,0.0
143.138916989,1790241539.0229602,5.0,5.0,0.0,0.14
143.156215562,1790241539.040379,5.0,5.0,0.0,0.0
143.159775776,1790241539.0438728,5.0,5.0,0.0,0.0
143.17511695000002,1790241539.0591297,5.0,5.0,0.0,0.0
143.176645234,1790241539.0605946,5.0,5.0,0.0,0.14
143.19617276900001,1790241539.080252,5.0,5.0,0.0,0.0
143.198848972,1790241539.082874,5.0,5.0,0.0,0.0
143.216253066,1790241539.1004157,5.0,5.0,0.0,0.14
143.219817135,1790241539.1039152,5.0,5.0,0.0,0.0
143.23489752700002,1790241539.1189063,5.0,5.0,0.0,0.0
143.236401228,1790241539.1203468,5.0,5.0,0.0,0.0
143.2565634,1790241539.140755,5.0,5.0,0.0,0.0
143.259600645,1790241539.1436527,5.0,5.0,0.0,0.0
143.275058798,1790241539.1590793,5.0,5.0,0.0,0.0
143.276681144,1790241539.1608357,5.0,5.0,0.0,0.0
143.296116388,1790241539.1802104,5.0,5.0,0.14,0.0
143.298773216,1790241539.182811,5.0,5.0,0.0,0.0
143.31647705,1790241539.2005959,5.0,5.0,0.0,0.0
143.319613722,1790241539.2036624,5.0,5.0,0.0,0.0
143.33501312500002,1790241539.2190335,5.0,5.0,0.0,0.0
143.33663750300002,1790241539.2205791,5.0,5.0,0.0,0.0
143.356133736,1790241539.240212,5.0,5.0,0.0,0.0
143.358812804,1790241539.2428496,5.0,5.0,0.0,0.0
143.375152208,1790241539.2591686,5.0,5.0,0.0,0.0
143.377124868,1790241539.261116,5.0,5.0,0.0,0.0
143.39617209000002,1790241539.2802508,5.0,5.0,0.14,0.0
143.39899522000002,1790241539.2830422,5.0,5.0,0.0,0.0
143.41619639700002,1790241539.3004029,5.0,5.0,0.14,0.0
143.41979650800002,1790241539.303875,5.0,5.0,0.14,0.0
143.434896691,1790241539.318908,5.0,5.0,0.14,0.0
143.436440809,1790241539.320381,5.0,5.0,0.14,0.0
143.456533553,1790241539.340713,5.0,5.0,0.28,0.0
143.459546528,1790241539.3436015,5.0,5.0,0.28,0.14
143.47579890100002,1790241539.359907,5.0,5.0,0.14,0.0
143.478840573,1790241539.3629074,5.0,5.0,0.14,0.0
143.495159561,1790241539.3791728,5.0,5.0,0.0,0.14
143.497110971,1790241539.3811228,5.0,5.0,0.0,0.0
143.51624163,1790241539.4003565,5.0,5.0,0.0,0.14
143.518910698,1790241539.4029615,5.0,5.0,0.14,0.0
143.536621198,1790241539.4208338,5.0,5.0,0.0,0.0
143.539698183,1790241539.4237719,5.0,5.0,0.0,0.14
143.556326547,1790241539.4404664,5.0,5.0,0.0,0.0
143.55938347900002,1790241539.4434593,5.0,5.0,0.14,0.0
143.574894601,1790241539.458906,5.0,5.0,0.14,0.0
143.57640236400002,1790241539.4603336,5.0,5.0,0.14,0.0
143.59630099400002,1790241539.4803774,5.0,5.0,0.14,0.0
143.599028551,1790241539.4830856,5.0,5.0,0.28,0.0
143.61604472800002,1790241539.5001276,5.0,5.0,0.14,0.0
143.618803847,1790241539.5028372,5.0,5.0,0.14,0.0
143.636397681,1790241539.5205612,5.0,5.0,0.14,0.0
143.640080084,1790241539.5242093,5.0,5.0,0.14,0.0
143.654933288,1790241539.538935,5.0,5.0,0.0,0.0
143.65644058200002,1790241539.5403876,5.0,5.0,0.0,0.0
143.67660082700002,1790241539.5607822,5.0,5.0,0.0,0.0
143.679647603,1790241539.563686,5.0,5.0,0.0,0.0
143.6963868,1790241539.580497,5.0,5.0,0.0,0.0
143.69946331600002,1790241539.583506,5.0,5.0,0.0,0.0
143.715021157,1790241539.5990279,5.0,5.0,0.0,0.0
143.716641785,1790241539.600598,5.0,5.0,0.0,0.0
143.736176924,1790241539.6202536,5.0,5.0,0.0,0.0
143.73885620000001,1790241539.622891,5.0,5.0,0.0,0.0
143.75695701400002,1790241539.6411486,5.0,5.0,0.0,0.0
143.760469677,1790241539.644541,5.0,5.0,0.0,0.0
143.774944338,1790241539.6589572,5.0,5.0,0.0,0.0
143.776471477,1790241539.6604047,5.0,5.0,0.0,0.0
143.796585367,1790241539.6807985,5.0,5.0,0.0,0.0
143.79964766400002,1790241539.683723,5.0,5.0,0.0,0.0
143.816279517,1790241539.7004185,5.0,5.0,0.0,0.0
143.819378742,1790241539.7034616,5.0,5.0,0.0,0.0
143.834893353,1790241539.718902,5.0,5.0,0.0,0.0
143.836397314,1790241539.720335,5.0,5.0,0.0,0.0
143.856600476,1790241539.7408314,5.0,5.0,0.0,0.0
143.859685794,1790241539.7437484,5.0,5.0,0.0,0.0
143.876280928,1790241539.7604053,5.0,5.0,0.0,0.0
143.879341767,1790241539.7634137,5.0,5.0,0.0,0.0
143.89494413900002,1790241539.7791028,5.0,5.0,0.0,0.0
143.89807492600002,1790241539.7821746,5.0,5.0,0.0,0.0
143.915188395,1790241539.7992015,5.0,5.0,0.0,0.0
143.917186211,1790241539.801162,5.0,5.0,0.0,0.0
143.936177808,1790241539.8202763,5.0,5.0,0.0,0.0
143.938925573,1790241539.8229568,5.0,5.0,0.0,0.0
143.956624615,1790241539.8408208,5.0,5.0,0.0,0.0
143.95978337100001,1790241539.8438284,5.0,5.0,0.0,0.0
143.975023711,1790241539.8590343,5.0,5.0,0.0,0.0
143.976622725,1790241539.8605764,5.0,5.0,0.0,0.0
143.996237708,1790241539.8803315,5.0,5.0,0.0,0.0
143.99889443200001,1790241539.8829122,5.0,5.0,0.0,0.0
144.016778318,1790241539.9010909,5.0,5.0,0.0,0.0
144.020451189,1790241539.9045465,5.0,5.0,0.0,0.0
144.035197622,1790241539.919195,5.0,5.0,0.0,0.0
144.03670887500002,1790241539.92087,5.0,5.0,0.0,0.0
144.0561949,1790241539.940291,5.0,5.0,0.0,0.0
144.058894228,1790241539.9429119,5.0,5.0,0.0,0.0
144.07694280200002,1790241539.9611022,5.0,5.0,0.0,0.0
144.080397756,1790241539.9644804,5.0,5.0,0.0,0.0
144.095222314,1790241539.979244,5.0,5.0,0.0,0.0
144.097100495,1790241539.9810884,5.0,5.0,0.0,0.0
144.116166988,1790241540.0002396,5.0,5.0,0.0,0.0
144.118884232,1790241540.002923,5.0,5.0,0.0,0.0
144.13659978500002,1790241540.0208004,5.0,5.0,0.0,0.0
144.139687134,1790241540.0237253,5.0,5.0,0.0,0.0
144.15638836300002,1790241540.0404937,5.0,5.0,0.0,0.0
144.159466701,1790241540.043533,5.0,5.0,0.0,0.0
144.17502454200002,1790241540.059036,5.0,5.0,0.0,0.0
144.17664517,1790241540.0605903,5.0,5.0,0.0,0.0
144.19616057000002,1790241540.0802548,5.0,5.0,0.0,0.0
144.198869429,1790241540.0829039,5.0,5.0,0.0,0.0
144.216947535,1790241540.1011627,5.0,5.0,0.0,0.0
144.22044441600002,1790241540.1045158,5.0,5.0,0.0,0.0
144.23490064,1790241540.1188989,5.0,5.0,0.0,0.0
144.23638777800002,1790241540.1203227,5.0,5.0,0.0,0.0
144.25658719,1790241540.1408217,5.0,5.0,0.0,0.0
144.25966631,1790241540.1437416,5.0,5.0,0.0,0.0
144.276349465,1790241540.1604567,5.0,5.0,0.0,0.0
144.27946546,1790241540.1635354,5.0,5.0,0.0,0.0
144.294949863,1790241540.1789474,5.0,5.0,0.0,0.0
144.296451533,1790241540.1803875,5.0,5.0,0.0,0.0
144.316611413,1790241540.200821,5.0,5.0,0.0,0.0
144.319680898,1790241540.203755,5.0,5.0,0.0,0.0
144.336222021,1790241540.2203727,5.0,5.0,0.0,0.0
144.339304214,1790241540.2233572,5.0,5.0,0.0,0.0
144.35489455500002,1790241540.238911,5.0,5.0,0.0,0.0
144.3564006,1790241540.2403364,5.0,5.0,0.0,0.0
144.37658037600002,1790241540.2607963,5.0,5.0,0.0,0.0
144.37965736,1790241540.26372,5.0,5.0,0.0,0.0
144.395841348,1790241540.279946,5.0,5.0,0.0,0.0
144.398884947,1790241540.2829301,5.0,5.0,0.0,0.0
144.41501107000002,1790241540.2990294,5.0,5.0,0.0,0.0
144.41661445900002,1790241540.300554,5.0,5.0,0.0,0.0
144.436102983,1790241540.3201766,5.0,5.0,0.0,0.0
144.438761374,1790241540.3228154,5.0,5.0,0.0,0.0
144.45662984400002,1790241540.3408303,5.0,5.0,0.0,0.0
144.459698026,1790241540.3437417,5.0,5.0,0.0,0.0
144.476364619,1790241540.3604739,5.0,5.0,0.0,0.0
144.479431916,1790241540.3634996,5.0,5.0,0.0,0.0
144.495031684,1790241540.3790426,5.0,5.0,0.0,0.0
144.496640906,1790241540.3805814,5.0,5.0,0.0,0.0
144.51624391000001,1790241540.4003322,5.0,5.0,0.0,0.0
144.518936415,1790241540.4029543,5.0,5.0,0.0,0.0
144.536912228,1790241540.421087,5.0,5.0,0.0,0.0
144.540447547,1790241540.4245176,5.0,5.0,0.0,0.0
144.55491601100002,1790241540.4389255,5.0,5.0,0.0,0.0
144.556531587,1790241540.440539,5.0,5.0,0.0,0.0
144.576284383,1790241540.4603665,5.0,5.0,0.0,0.0
144.57913084700002,1790241540.4631662,5.0,5.0,0.14,0.0
144.596104784,1790241540.4802568,5.0,5.0,0.0,0.14
144.598858486,1790241540.4829068,5.0,5.0,0.14,0.0
144.616144768,1790241540.5002913,5.0,5.0,0.0,0.0
144.619718003,1790241540.503818,5.0,5.0,0.14,0.0
144.634888864,1790241540.518884,5.0,5.0,0.28,0.0
144.636378763,1790241540.5203125,5.0,5.0,0.14,0.0
144.65648353900002,1790241540.5406132,5.0,5.0,0.14,0.0
144.659571357,1790241540.5436158,5.0,5.0,0.28,0.0
144.67487029100002,1790241540.5588818,5.0,5.0,0.0,0.0
144.676376752,1790241540.5603247,5.0,5.0,0.14,0.14
144.696576372,1790241540.580787,5.0,5.0,0.14,0.0
144.699613304,1790241540.5836875,5.0,5.0,0.0,0.0
144.716237032,1790241540.6003618,5.0,5.0,0.14,0.0
144.71930891300002,1790241540.603363,5.0,5.0,0.14,0.0
144.734886233,1790241540.6188827,5.0,5.0,0.14,0.0
144.736376444,1790241540.6203225,5.0,5.0,0.28,0.0
144.75658450100002,1790241540.6407835,5.0,5.0,0.14,0.0
144.759615652,1790241540.6436973,5.0,5.0,0.28,0.0
144.77620136000002,1790241540.6603518,5.0,5.0,0.14,0.0
144.779302876,1790241540.6633492,5.0,5.0,0.14,0.0
144.794894206,1790241540.6788933,5.0,5.0,0.0,0.0
144.79640040700002,1790241540.6803372,5.0,5.0,0.0,0.0
144.81660211000002,1790241540.7008078,5.0,5.0,0.0,0.0
144.81966638600002,1790241540.7037401,5.0,5.0,0.0,0.0
144.835774801,1790241540.7199025,5.0,5.0,0.0,0.0
144.838836265,1790241540.7229033,5.0,5.0,0.0,0.0
144.855013638,1790241540.7390385,5.0,5.0,0.0,0.0
144.856640099,1790241540.7405894,5.0,5.0,0.0,0.14
144.876134822,1790241540.7602284,5.0,5.0,0.0,0.0
144.878772274,1790241540.7628255,5.0,5.0,0.0,0.0
144.89627829600002,1790241540.7804673,5.0,5.0,0.0,0.14
144.899863823,1790241540.7839363,5.0,5.0,0.0,0.0
144.914875569,1790241540.7989483,5.0,5.0,0.14,0.0
144.91646833200002,1790241540.8004193,5.0,5.0,0.0,0.14
144.936293785,1790241540.820376,5.0,5.0,0.0,0.28
144.93904535200002,1790241540.8230932,5.0,5.0,0.0,0.14
144.95660751900002,1790241540.8408103,5.0,5.0,0.0,0.14
144.95969091,1790241540.8437312,5.0,5.0,0.14,0.14
144.976347086,1790241540.8604932,5.0,5.0,0.0,0.14
144.97942756100002,1790241540.8635077,5.0,5.0,0.28,0.14
144.995878111,1790241540.880023,5.0,5.0,0.14,0.0
144.998968117,1790241540.8830147,5.0,5.0,0.28,0.0
145.01632757500002,1790241540.900494,5.0,5.0,0.14,0.0
145.019909144,1790241540.9040136,5.0,5.0,0.14,0.0
145.034976932,1790241540.9189825,5.0,5.0,0.14,0.0
145.03647849700002,1790241540.9204152,5.0,5.0,0.0,0.0
145.056552127,1790241540.9407263,5.0,5.0,0.0,0.0
145.059621248,1790241540.9436805,5.0,5.0,0.0,0.0
145.075017161,1790241540.9590383,5.0,5.0,0.0,0.0
145.07663107000002,1790241540.9605749,5.0,5.0,0.0,0.0
145.09616631400002,1790241540.9802587,5.0,5.0,0.0,0.0
145.09885923500002,1790241540.9828775,5.0,5.0,0.0,0.0
145.116436819,1790241541.0005577,5.0,5.0,0.0,0.0
145.11949302300002,1790241541.0035536,5.0,5.0,0.0,0.0
145.13501581100002,1790241541.0190332,5.0,5.0,0.0,0.0
145.136621127,1790241541.0205605,5.0,5.0,0.0,0.0
145.15611683900002,1790241541.0402126,5.0,5.0,0.0,0.0
145.158785177,1790241541.0428035,5.0,5.0,0.0,0.0
145.176937658,1790241541.0610802,5.0,5.0,0.0,0.0
145.180389018,1790241541.0644724,5.0,5.0,0.0,0.0
145.194900034,1790241541.0789158,5.0,5.0,0.0,0.14
145.196422589,1790241541.0803616,5.0,5.0,0.0,0.0
145.21659575,1790241541.1008332,5.0,5.0,0.0,0.0
145.219695704,1790241541.1037624,5.0,5.0,0.0,0.0
145.236331411,1790241541.1205313,5.0,5.0,0.0,0.0
145.239509386,1790241541.12357,5.0,5.0,0.0,0.0
145.25490134100002,1790241541.1389308,5.0,5.0,0.0,0.0
145.25643920800002,1790241541.1403751,5.0,5.0,0.0,0.0
145.276217108,1790241541.1602983,5.0,5.0,0.0,0.0
145.278935967,1790241541.1629562,5.0,5.0,0.0,0.0
145.29630917600002,1790241541.1804543,5.0,5.0,0.0,0.0
145.299390796,1790241541.1834583,5.0,5.0,0.0,0.0
145.314884626,1790241541.1988997,5.0,5.0,0.0,0.0
145.31639265,1790241541.2003317,5.0,5.0,0.0,0.0
145.33659378000002,1790241541.2208056,5.0,5.0,0.0,0.0
145.339661858,1790241541.2237246,5.0,5.0,0.0,0.0
145.355834127,1790241541.2399397,5.0,5.0,0.0,0.0
145.35886382,1790241541.2429302,5.0,5.0,0.0,0.0
145.375009839,1790241541.2590415,5.0,5.0,0.0,0.0
145.376645207,1790241541.2605896,5.0,5.0,0.0,0.0
145.396127742,1790241541.2802055,5.0,5.0,0.0,0.0
145.398808268,1790241541.2828653,5.0,5.0,0.0,0.0
145.416598456,1790241541.3007886,5.0,5.0,0.0,0.0
145.41965403400002,1790241541.3037097,5.0,5.0,0.0,0.0
145.43633979400002,1790241541.3204453,5.0,5.0,0.0,0.0
145.43941219500002,1790241541.3234763,5.0,5.0,0.0,0.0
145.455932225,1790241541.3400354,5.0,5.0,0.0,0.0
145.45866191800002,1790241541.3426921,5.0,5.0,0.0,0.0
145.475194656,1790241541.3592224,5.0,5.0,0.0,0.0
145.477184711,1790241541.3611772,5.0,5.0,0.0,0.0
145.496143287,1790241541.3802238,5.0,5.0,0.0,0.0
145.498831521,1790241541.382851,5.0,5.0,0.0,0.0
145.51511754,1790241541.399126,5.0,5.0,0.0,0.0
145.516722127,1790241541.4009123,5.0,5.0,0.0,0.0
145.53615737,1790241541.4202468,5.0,5.0,0.0,0.0
145.538839198,1790241541.4228582,5.0,5.0,0.0,0.0
145.556957668,1790241541.4411454,5.0,5.0,0.0,0.0
145.560090643,1790241541.4441576,5.0,5.0,0.0,0.0
145.576044474,1790241541.4601498,5.0,5.0,0.0,0.0
145.578788229,1790241541.4628108,5.0,5.0,0.0,0.0
145.596375031,1790241541.48052,5.0,5.0,0.0,0.0
145.60004571500002,1790241541.4841566,5.0,5.0,0.0,0.0
145.614923554,1790241541.4989235,5.0,5.0,0.0,0.0
145.616425015,1790241541.500359,5.0,5.0,0.0,0.0
145.636540208,1790241541.5207174,5.0,5.0,0.0,0.0
145.63963136,1790241541.5236943,5.0,5.0,0.0,0.0
145.655017429,1790241541.539036,5.0,5.0,0.0,0.0
145.656616078,1790241541.5405567,5.0,5.0,0.0,0.0
145.676176738,1790241541.5602727,5.0,5.0,0.0,0.0
145.678870076,1790241541.5628917,5.0,5.0,0.0,0.0
145.696958755,1790241541.5811431,5.0,5.0,0.0,0.0
145.70042626100002,1790241541.5844944,5.0,5.0,0.0,0.0
145.714904673,1790241541.5989187,5.0,5.0,0.0,0.0
145.71641009200002,1790241541.6003566,5.0,5.0,0.0,0.0
145.736602368,1790241541.620822,5.0,5.0,0.0,0.0
145.739693624,1790241541.623766,5.0,5.0,0.0,0.0
145.75629959100002,1790241541.6404312,5.0,5.0,0.0,0.0
145.759343295,1790241541.643425,5.0,5.0,0.0,0.0
145.77501743800002,1790241541.6590273,5.0,5.0,0.0,0.0
145.77662280500002,1790241541.6605647,5.0,5.0,0.0,0.0
145.796185132,1790241541.6802673,5.0,5.0,0.0,0.0
145.79887847100002,1790241541.682912,5.0,5.0,0.0,0.0
145.816988503,1790241541.701137,5.0,5.0,0.0,0.0
145.820526739,1790241541.7045975,5.0,5.0,0.0,0.0
145.834894682,1790241541.7189007,5.0,5.0,0.0,0.0
145.83639978800002,1790241541.720336,5.0,5.0,0.0,0.0
145.856176126,1790241541.7402742,5.0,5.0,0.0,0.0
145.85888009,1790241541.742915,5.0,5.0,0.0,0.0
145.876723403,1790241541.7609196,5.0,5.0,0.0,0.0
145.879801065,1790241541.7638607,5.0,5.0,0.0,0.0
145.89502552000002,1790241541.7790508,5.0,5.0,0.0,0.0
145.896648491,1790241541.7806,5.0,5.0,0.0,0.0
145.91615472400002,1790241541.8002477,5.0,5.0,0.0,0.0
145.91880045800002,1790241541.8028436,5.0,5.0,0.0,0.0
145.936268719,1790241541.8204517,5.0,5.0,0.0,0.0
145.939847163,1790241541.8239644,5.0,5.0,0.0,0.0
145.95491010700002,1790241541.8389127,5.0,5.0,0.14,0.0
145.956417662,1790241541.8403537,5.0,5.0,0.0,0.0
145.97660717800002,1790241541.8608234,5.0,5.0,0.0,0.0
145.979668694,1790241541.8637304,5.0,5.0,0.0,0.0
145.996077525,1790241541.8802044,5.0,5.0,0.0,0.0
145.99915815600002,1790241541.883206,5.0,5.0,0.0,0.0
146.014904382,1790241541.8989162,5.0,5.0,0.0,0.0
146.01642751,1790241541.9003723,5.0,5.0,0.0,0.0
146.036455098,1790241541.920557,5.0,5.0,0.0,0.0
146.039527031,1790241541.923575,5.0,5.0,0.0,0.0
146.055835967,1790241541.939963,5.0,5.0,0.0,0.0
146.05894680600002,1790241541.9429994,5.0,5.0,0.0,0.0
146.075057512,1790241541.9590795,5.0,5.0,0.0,0.0
146.076685744,1790241541.9608488,5.0,5.0,0.0,0.0
146.09636697800002,1790241541.980444,5.0,5.0,0.0,0.0
146.09899120100002,1790241541.9830363,5.0,5.0,0.0,0.0
146.116695244,1790241542.000897,5.0,5.0,0.14,0.0
146.119729259,1790241542.0038002,5.0,5.0,0.14,0.14
146.136216789,1790241542.0203407,5.0,5.0,0.14,0.14
146.139287889,1790241542.0233347,5.0,5.0,0.28,0.14
146.15489099,1790241542.0388904,5.0,5.0,0.28,0.28
146.156402086,1790241542.0403397,5.0,5.0,0.421,0.28
146.17660660200002,1790241542.060827,5.0,5.0,0.28,0.28
146.179695253,1790241542.0637674,5.0,5.0,0.421,0.421
146.195857053,1790241542.0799806,5.0,5.0,0.561,0.421
146.198970601,1790241542.0830512,5.0,5.0,0.421,0.421
146.215050109,1790241542.0990715,5.0,5.0,0.561,0.421
146.216674903,1790241542.1006186,5.0,5.0,0.561,0.28
146.236211814,1790241542.1202836,5.0,5.0,0.421,0.561
146.238852183,1790241542.1229022,5.0,5.0,0.561,0.561
146.256612684,1790241542.1408136,5.0,5.0,0.561,0.421
146.259682742,1790241542.1437266,5.0,5.0,0.561,0.421
146.27643173,1790241542.1605558,5.0,5.0,0.561,0.561
146.279462152,1790241542.1635253,5.0,5.0,0.701,0.28
146.294873639,1790241542.178893,5.0,5.0,0.701,0.28
146.296399944,1790241542.1803339,5.0,5.0,0.561,0.561
146.316661595,1790241542.200853,5.0,5.0,0.841,0.28
146.319707069,1790241542.2037816,5.0,5.0,0.701,0.421
146.336300693,1790241542.2204392,5.0,5.0,0.701,0.421
146.33937075,1790241542.2234519,5.0,5.0,0.701,0.28
146.354879164,1790241542.23889,5.0,5.0,0.701,0.421
146.35638500000002,1790241542.2403219,5.0,5.0,0.701,0.421
146.376173942,1790241542.260251,5.0,5.0,0.841,0.561
146.378971707,1790241542.2630174,5.0,5.0,0.982,0.561
146.396412312,1790241542.280534,5.0,5.0,1.122,0.701
146.399455807,1790241542.283499,5.0,5.0,1.122,0.701
146.415052398,1790241542.2990613,5.0,5.0,0.982,0.561
146.416667088,1790241542.3006103,5.0,5.0,1.122,0.841
146.43618561300002,1790241542.3202593,5.0,5.0,1.122,0.701
146.438865149,1790241542.3228843,5.0,5.0,1.122,0.701
146.456382889,1790241542.34051,5.0,5.0,1.122,0.841
146.45940102,1790241542.3434684,5.0,5.0,1.122,0.982
146.474911881,1790241542.3589292,5.0,5.0,1.122,0.982
146.476445113,1790241542.3603785,5.0,5.0,1.262,0.982
146.49660384700002,1790241542.380834,5.0,5.0,1.122,0.982
146.499681092,1790241542.3837485,5.0,5.0,1.122,0.982
146.51645456,1790241542.4005768,5.0,5.0,1.122,0.982
146.519552691,1790241542.4035938,5.0,5.0,1.262,0.982
146.534903344,1790241542.418901,5.0,5.0,1.122,1.122
146.53640246100002,1790241542.4203358,5.0,5.0,1.122,0.982
146.556610675,1790241542.4408278,5.0,5.0,1.262,0.982
146.55968750300002,1790241542.443762,5.0,5.0,1.122,0.982
146.575808209,1790241542.459935,5.0,5.0,1.122,0.841
146.57890300600002,1790241542.4629686,5.0,5.0,1.122,0.982
146.595258296,1790241542.4792795,5.0,5.0,1.122,0.982
146.597311009,1790241542.4813354,5.0,5.0,0.982,0.841
146.615811459,1790241542.4998858,5.0,5.0,0.982,0.841
146.618243078,1790241542.50227,5.0,5.0,0.982,0.982
146.63641285,1790241542.5205917,5.0,5.0,1.122,0.841
146.639991086,1790241542.5240679,5.0,5.0,0.982,0.982
146.65492179,1790241542.5389261,5.0,5.0,0.982,0.841
146.656463824,1790241542.540403,5.0,5.0,1.122,0.982
146.676158912,1790241542.5602508,5.0,5.0,0.982,0.841
146.678843239,1790241542.5628865,5.0,5.0,0.982,0.982
146.696651605,1790241542.58084,5.0,5.0,1.122,0.841
146.699739058,1790241542.583783,5.0,5.0,0.982,0.841
146.716331432,1790241542.600475,5.0,5.0,0.982,0.841
146.719362063,1790241542.603454,5.0,5.0,0.982,0.841
146.734886101,1790241542.6188972,5.0,5.0,0.841,0.841
146.736421885,1790241542.6203563,5.0,5.0,0.982,0.701
146.756626817,1790241542.6408381,5.0,5.0,0.841,0.841
146.759700833,1790241542.6437802,5.0,5.0,0.982,0.701
146.776279561,1790241542.660413,5.0,5.0,0.841,0.841
146.779318213,1790241542.663404,5.0,5.0,0.982,0.701
146.794885897,1790241542.6788948,5.0,5.0,0.841,0.841
146.796391785,1790241542.680327,5.0,5.0,0.701,0.701
146.816605468,1790241542.7008293,5.0,5.0,0.841,0.561
146.81970521300002,1790241542.7037776,5.0,5.0,0.561,0.421
146.836255451,1790241542.7204084,5.0,5.0,0.701,0.421
146.839343686,1790241542.7234125,5.0,5.0,0.701,0.701
146.854909443,1790241542.738927,5.0,5.0,0.701,0.561
146.856434185,1790241542.7403674,5.0,5.0,0.841,0.421
146.876636149,1790241542.7608688,5.0,5.0,0.701,0.561
146.879705269,1790241542.7637827,5.0,5.0,0.561,0.421
146.895825975,1790241542.779955,5.0,5.0,0.561,0.28
146.898916189,1790241542.7829618,5.0,5.0,0.421,0.28
146.91504627100002,1790241542.7990704,5.0,5.0,0.421,0.421
146.916666221,1790241542.8006113,5.0,5.0,0.561,0.28
146.936216882,1790241542.8202932,5.0,5.0,0.561,0.28
146.938962876,1790241542.8230278,5.0,5.0,0.421,0.14
146.95653217900002,1790241542.8407114,5.0,5.0,0.561,0.421
146.959542289,1790241542.8435836,5.0,5.0,0.421,0.28
146.976364819,1790241542.860496,5.0,5.0,0.561,0.421
146.979541231,1790241542.8636289,5.0,5.0,0.421,0.421
146.995031051,1790241542.8790305,5.0,5.0,0.561,0.28
146.99653542800002,1790241542.8804817,5.0,5.0,0.561,0.421
147.016757444,1790241542.900951,5.0,5.0,0.561,0.421
147.01983083500002,1790241542.9038815,5.0,5.0,0.421,0.421
147.03622747900002,1790241542.9203656,5.0,5.0,0.561,0.561
147.039319672,1790241542.9233737,5.0,5.0,0.561,0.421
147.05491136700002,1790241542.9389303,5.0,5.0,0.561,0.421
147.056438974,1790241542.9403741,5.0,5.0,0.561,0.421
147.07661349,1790241542.960801,5.0,5.0,0.561,0.561
147.07967839100002,1790241542.9637656,5.0,5.0,0.701,0.421
147.095969723,1790241542.9800515,5.0,5.0,0.701,0.561
147.098684311,1790241542.9827178,5.0,5.0,0.701,0.561
147.115195747,1790241542.9992237,5.0,5.0,0.701,0.561
147.117206532,1790241543.0011864,5.0,5.0,0.841,0.561
147.136152243,1790241543.020227,5.0,5.0,0.701,0.561
147.138812769,1790241543.0229254,5.0,5.0,0.841,0.561
147.1558803,1790241543.0400052,5.0,5.0,0.841,0.561
147.15895848300002,1790241543.0430248,5.0,5.0,0.701,0.561
147.175005803,1790241543.0590332,5.0,5.0,0.841,0.701
147.17665565000001,1790241543.0606024,5.0,5.0,0.841,0.701
147.196095425,1790241543.080192,5.0,5.0,0.982,0.701
147.19883277300002,1790241543.082881,5.0,5.0,0.841,0.701
147.216379472,1790241543.1005743,5.0,5.0,0.701,0.701
147.219982187,1790241543.1040993,5.0,5.0,0.701,0.701
147.23492924500002,1790241543.1189306,5.0,5.0,0.701,0.561
147.236454352,1790241543.1203902,5.0,5.0,0.701,0.561
147.256180898,1790241543.1402638,5.0,5.0,0.701,0.561
147.25884517400002,1790241543.1428926,5.0,5.0,0.841,0.561
147.276724425,1790241543.1609228,5.0,5.0,0.701,0.561
147.27979656600002,1790241543.1638374,5.0,5.0,0.701,0.421
147.29630071,1790241543.1804342,5.0,5.0,0.701,0.561
147.29935212200002,1790241543.183436,5.0,5.0,0.701,0.561
147.314883556,1790241543.1989086,5.0,5.0,0.701,0.421
147.316414705,1790241543.2003517,5.0,5.0,0.701,0.561
147.336575522,1790241543.2207985,5.0,5.0,0.701,0.561
147.339628913,1790241543.2237136,5.0,5.0,0.701,0.421
147.356247329,1790241543.240399,5.0,5.0,0.701,0.561
147.359344678,1790241543.2434144,5.0,5.0,0.841,0.561
147.374884446,1790241543.2589068,5.0,5.0,0.701,0.561
147.376412261,1790241543.260356,5.0,5.0,0.841,0.561
147.396621256,1790241543.280852,5.0,5.0,0.841,0.701
147.39966240700002,1790241543.283725,5.0,5.0,0.701,0.561
147.416237021,1790241543.3003585,5.0,5.0,0.841,0.701
147.41925405700002,1790241543.3033352,5.0,5.0,0.701,0.701
147.43489195,1790241543.318902,5.0,5.0,0.701,0.701
147.436400442,1790241543.3203378,5.0,5.0,0.561,0.841
147.456566521,1790241543.3407876,5.0,5.0,0.701,0.701
147.45966506800002,1790241543.3438113,5.0,5.0,0.841,0.701
147.475878482,1790241543.3600042,5.0,5.0,0.701,0.841
147.478964738,1790241543.3630123,5.0,5.0,0.841,0.701
147.49643852,1790241543.380605,5.0,5.0,0.841,0.841
147.50002430700002,1790241543.384144,5.0,5.0,0.701,0.701
147.51497084500002,1790241543.3989687,5.0,5.0,0.841,0.841
147.516468816,1790241543.4004169,5.0,5.0,0.701,0.841
147.53613984100002,1790241543.4202323,5.0,5.0,0.841,0.841
147.53882844,1790241543.4228694,5.0,5.0,0.841,0.701
147.55596341900002,1790241543.4401047,5.0,5.0,0.841,0.841
147.559071966,1790241543.4431193,5.0,5.0,0.841,0.701
147.57655460200002,1790241543.4608169,5.0,5.0,0.841,0.841
147.580105338,1790241543.4641762,5.0,5.0,0.982,0.841
147.594939062,1790241543.478945,5.0,5.0,0.841,0.701
147.596978545,1790241543.481029,5.0,5.0,0.982,0.841
147.615943996,1790241543.5000217,5.0,5.0,0.841,0.982
147.618359053,1790241543.5023856,5.0,5.0,0.841,0.841
147.635177833,1790241543.5191905,5.0,5.0,0.701,0.982
147.637143357,1790241543.5211427,5.0,5.0,0.841,0.841
147.656172975,1790241543.540246,5.0,5.0,0.841,0.841
147.658844751,1790241543.542861,5.0,5.0,0.701,0.841
147.67642327200002,1790241543.5605464,5.0,5.0,0.841,0.841
147.679505153,1790241543.5635545,5.0,5.0,0.701,0.841
147.69491841,1790241543.5789363,5.0,5.0,0.841,0.841
147.696437371,1790241543.5803695,5.0,5.0,0.841,0.841
147.716633293,1790241543.6008391,5.0,5.0,0.701,0.701
147.719698975,1790241543.6037705,5.0,5.0,0.701,0.561
147.73621608800002,1790241543.6203454,5.0,5.0,0.841,0.701
147.739224844,1790241543.6232655,5.0,5.0,0.701,0.701
147.75487117400002,1790241543.6388729,5.0,5.0,0.841,0.841
147.756366906,1790241543.6403127,5.0,5.0,0.701,0.701
147.77650053600001,1790241543.6607163,5.0,5.0,0.982,0.701
147.779559084,1790241543.6636856,5.0,5.0,0.841,0.701
147.79585463400002,1790241543.6799762,5.0,5.0,0.841,0.841
147.79887708700002,1790241543.6829402,5.0,5.0,0.701,0.701
147.815037585,1790241543.6990442,5.0,5.0,0.841,0.701
147.816664776,1790241543.7006185,5.0,5.0,0.841,0.841
147.836130852,1790241543.7202218,5.0,5.0,0.841,0.701
147.83879596100002,1790241543.7228146,5.0,5.0,0.701,0.701
147.85618755500002,1790241543.7403326,5.0,5.0,0.841,0.841
147.85978501,1790241543.7438667,5.0,5.0,0.701,0.841
147.874942433,1790241543.7589414,5.0,5.0,0.841,0.841
147.876466655,1790241543.760401,5.0,5.0,0.841,0.841
147.89662195100001,1790241543.7808368,5.0,5.0,0.982,0.841
147.89968331100002,1790241543.7837417,5.0,5.0,0.701,0.841
147.915806726,1790241543.799928,5.0,5.0,0.841,0.701
147.918834335,1790241543.8028812,5.0,5.0,0.701,0.841
147.93507696900002,1790241543.8191004,5.0,5.0,0.701,0.701
147.936694628,1790241543.8208416,5.0,5.0,0.701,0.701
147.956120548,1790241543.840214,5.0,5.0,0.841,0.701
147.958786282,1790241543.842803,5.0,5.0,0.701,0.561
147.97518594800002,1790241543.8592048,5.0,5.0,0.841,0.701
147.977185639,1790241543.861159,5.0,5.0,0.701,0.561
147.996254996,1790241543.8803604,5.0,5.0,0.841,0.841
147.998958699,1790241543.882982,5.0,5.0,0.701,0.701
148.016480449,1790241543.9006047,5.0,5.0,0.841,0.982
148.019510715,1790241543.9035702,5.0,5.0,0.841,0.841
148.035017879,1790241543.9190378,5.0,5.0,0.841,0.841
148.036637465,1790241543.9205809,5.0,5.0,0.841,0.841
148.05612875,1790241543.940207,5.0,5.0,1.122,0.982
148.058804484,1790241543.9428248,5.0,5.0,0.982,0.841
148.07695889200002,1790241543.961182,5.0,5.0,0.982,0.841
148.08050494,1790241543.9645772,5.0,5.0,0.982,0.841
148.094916893,1790241543.9789157,5.0,5.0,0.841,0.982
148.09641799000002,1790241543.9803975,5.0,5.0,0.841,0.841
148.116652818,1790241544.0008423,5.0,5.0,0.982,0.841
148.119687511,1790241544.003751,5.0,5.0,0.701,0.701
148.136387124,1790241544.0205162,5.0,5.0,0.841,0.841
148.139447963,1790241544.0235076,5.0,5.0,0.841,0.701
148.154994345,1790241544.039006,5.0,5.0,0.841,0.841
148.156602786,1790241544.0405467,5.0,5.0,0.701,0.841
148.176179227,1790241544.0602589,5.0,5.0,0.561,0.561
148.178849232,1790241544.0628862,5.0,5.0,0.561,0.561
148.196885879,1790241544.0810554,5.0,5.0,0.421,0.421
148.200367709,1790241544.0844836,5.0,5.0,0.421,0.421
148.214904558,1790241544.0989144,5.0,5.0,0.28,0.421
148.216410446,1790241544.1003447,5.0,5.0,0.28,0.421
148.236186784,1790241544.1202664,5.0,5.0,0.28,0.421
148.238879862,1790241544.1229172,5.0,5.0,0.28,0.421
148.256352289,1790241544.1404977,5.0,5.0,0.14,0.28
148.259417867,1790241544.143497,5.0,5.0,0.14,0.14
148.27491977,1790241544.1589215,5.0,5.0,0.14,0.421
148.276429669,1790241544.1603668,5.0,5.0,0.0,0.28
148.296184184,1790241544.1802804,5.0,5.0,0.14,0.14
148.29887918900002,1790241544.182898,5.0,5.0,0.0,0.28
148.316679846,1790241544.2008712,5.0,5.0,0.0,0.14
148.319727508,1790241544.2037868,5.0,5.0,0.0,0.28
148.33641654800002,1790241544.2205312,5.0,5.0,0.0,0.28
148.33948587700002,1790241544.2235472,5.0,5.0,0.0,0.28
148.354988353,1790241544.2389913,5.0,5.0,0.14,0.14
148.35658611600002,1790241544.2405412,5.0,5.0,0.14,0.28
148.376173026,1790241544.2602506,5.0,5.0,0.28,0.28
148.378856417,1790241544.2628736,5.0,5.0,0.421,0.28
148.396954314,1790241544.2811787,5.0,5.0,0.28,0.14
148.400516508,1790241544.2846107,5.0,5.0,0.421,0.421
148.414943096,1790241544.29894,5.0,5.0,0.28,0.28
148.41649466200002,1790241544.300433,5.0,5.0,0.421,0.28
148.43665396900002,1790241544.3208337,5.0,5.0,0.421,0.28
148.439740277,1790241544.323804,5.0,5.0,0.28,0.421
148.45639676500002,1790241544.340513,5.0,5.0,0.421,0.28
148.45911067600002,1790241544.3431485,5.0,5.0,0.421,0.421
148.47642904100002,1790241544.3605356,5.0,5.0,0.28,0.28
148.479535244,1790241544.3636103,5.0,5.0,0.421,0.421
148.49502647,1790241544.37904,5.0,5.0,0.421,0.28
148.496616213,1790241544.3805559,5.0,5.0,0.421,0.561
148.51615729,1790241544.400253,5.0,5.0,0.421,0.421
148.51886505500002,1790241544.4028833,5.0,5.0,0.28,0.561
148.535172324,1790241544.4191914,5.0,5.0,0.421,0.421
148.537141442,1790241544.4211383,5.0,5.0,0.421,0.561
148.55652736300001,1790241544.4406996,5.0,5.0,0.421,0.561
148.55933143000001,1790241544.4433832,5.0,5.0,0.421,0.421
148.576217034,1790241544.4602969,5.0,5.0,0.421,0.421
148.578873965,1790241544.4629126,5.0,5.0,0.561,0.561
148.59695238400002,1790241544.481141,5.0,5.0,0.421,0.421
148.600484994,1790241544.4845736,5.0,5.0,0.561,0.28
148.615201167,1790241544.4992027,5.0,5.0,0.28,0.28
148.61670768000002,1790241544.500863,5.0,5.0,0.28,0.421
148.63614172500002,1790241544.520241,5.0,5.0,0.28,0.28
148.638831313,1790241544.5228631,5.0,5.0,0.28,0.28
148.656876138,1790241544.5410423,5.0,5.0,0.14,0.28
148.660359738,1790241544.5444617,5.0,5.0,0.28,0.28
148.67490669100002,1790241544.5589244,5.0,5.0,0.14,0.14
148.676419767,1790241544.5603557,5.0,5.0,0.14,0.14
148.69659751100002,1790241544.5807927,5.0,5.0,0.0,0.28
148.699625954,1790241544.583665,5.0,5.0,0.0,0.0
148.71585728600002,1790241544.5999596,5.0,5.0,0.0,0.14
148.71890223900002,1790241544.6029716,5.0,5.0,0.0,0.0
148.735027946,1790241544.6190531,5.0,5.0,0.0,0.0
148.736702949,1790241544.620873,5.0,5.0,0.0,0.0
148.75611178600002,1790241544.6401844,5.0,5.0,0.0,0.0
148.758779551,1790241544.6428356,5.0,5.0,0.0,0.0
148.776230572,1790241544.6603963,5.0,5.0,0.0,0.0
148.779846308,1790241544.6639469,5.0,5.0,0.0,0.0
148.794893314,1790241544.6789014,5.0,5.0,0.0,0.0
148.79641201500002,1790241544.6803474,5.0,5.0,0.0,0.0
148.816582364,1790241544.7007916,5.0,5.0,0.0,0.0
148.81964617100002,1790241544.703683,5.0,5.0,0.0,0.0
148.83579812800002,1790241544.719905,5.0,5.0,0.0,0.0
148.83885506000001,1790241544.7229178,5.0,5.0,0.0,0.0
148.85508253700002,1790241544.7390985,5.0,5.0,0.0,0.14
148.85670936300002,1790241544.7408755,5.0,5.0,0.0,0.14
148.876165909,1790241544.7602565,5.0,5.0,0.0,0.28
148.87880596600002,1790241544.7628436,5.0,5.0,0.0,0.28
148.896188653,1790241544.7803545,5.0,5.0,0.14,0.561
148.899786524,1790241544.7838893,5.0,5.0,0.14,0.561
148.914911552,1790241544.7989132,5.0,5.0,0.14,0.701
148.916425252,1790241544.8003752,5.0,5.0,0.28,0.701
148.93640242400002,1790241544.820556,5.0,5.0,0.561,0.701
148.93939826300002,1790241544.8235188,5.0,5.0,0.701,0.841
148.957118347,1790241544.8411918,0.0,0.0,0.701,0.841
148.959075954,1790241544.8431957,0.0,0.0,0.701,0.701
148.975750255,1790241544.8598032,0.0,0.0,0.701,0.841
148.977689738,1790241544.8617263,0.0,0.0,0.841,0.701
148.995486177,1790241544.8795671,0.0,0.0,0.701,0.701
148.99745201300001,1790241544.8815281,0.0,0.0,0.841,0.701
149.015350223,1790241544.8994272,0.0,0.0,0.841,0.841
149.017331581,1790241544.9013615,0.0,0.0,0.841,0.701
149.03530182100002,1790241544.9193542,0.0,0.0,0.982,0.701
149.037188127,1790241544.9212356,0.0,0.0,0.841,0.841
149.055438056,1790241544.9395263,0.0,0.0,0.982,0.701
149.05746608,1790241544.9415016,0.0,0.0,0.841,0.701
149.07536580000001,1790241544.9594026,0.0,0.0,0.982,0.701
149.077288356,1790241544.96135,0.0,0.0,0.841,0.561
149.09544057600002,1790241544.9794836,0.0,0.0,0.841,0.561
149.097372767,1790241544.9814055,0.0,0.0,0.561,0.701
149.115365872,1790241544.9994054,0.0,0.0,0.421,0.561
149.117295772,1790241545.0013146,0.0,0.0,0.701,0.421
149.135363356,1790241545.0194066,0.0,0.0,0.561,0.421
149.13726638100002,1790241545.0213063,0.0,0.0,0.421,0.561
149.155273496,1790241545.0393248,0.0,0.0,0.561,0.28
149.15718881200002,1790241545.0412138,0.0,0.0,0.421,0.28
149.175442752,1790241545.059481,0.0,0.0,0.28,0.28
149.17733145300002,1790241545.06137,0.0,0.0,0.14,0.28
149.195370079,1790241545.0794065,0.0,0.0,0.28,0.14
149.197285239,1790241545.0813143,0.0,0.0,0.28,0.28
149.21538334500002,1790241545.0994284,0.0,0.0,0.14,0.14
149.217338036,1790241545.1013722,0.0,0.0,0.14,0.14
149.23526640100002,1790241545.1193047,0.0,0.0,0.14,0.14
149.23712218600002,1790241545.1210926,0.0,0.0,0.0,0.28
149.255805657,1790241545.1398554,0.0,0.0,0.0,0.14
149.25819613000002,1790241545.1421986,0.0,0.0,0.0,0.14
149.276678976,1790241545.1608949,0.0,0.0,0.0,0.14
149.279720544,1790241545.1637948,0.0,0.0,0.0,0.0
149.295852032,1790241545.1799576,0.0,0.0,0.0,0.0
149.29891953700002,1790241545.1829615,0.0,0.0,0.0,0.0
149.31640576700002,1790241545.2005732,0.0,0.0,0.0,0.0
149.319945877,1790241545.204019,0.0,0.0,0.0,0.0
149.335342728,1790241545.2193863,0.0,0.0,0.0,0.0
149.33722892900002,1790241545.2212522,0.0,0.0,0.0,0.0
149.355319795,1790241545.239348,0.0,0.0,0.0,0.0
149.357386257,1790241545.2414424,0.0,0.0,0.0,0.0
149.375460457,1790241545.2595634,0.0,0.0,0.0,0.0
149.37751733500002,1790241545.2615633,0.0,0.0,0.0,0.0
149.395262263,1790241545.279289,0.0,0.0,0.0,0.0
149.397332892,1790241545.2813804,0.0,0.0,0.0,0.0
149.415472404,1790241545.299548,0.0,0.0,0.0,0.0
149.41739048000002,1790241545.3014238,0.0,0.0,0.0,0.0
149.43534264800002,1790241545.3194,0.0,0.0,0.0,0.0
149.437263016,1790241545.321284,0.0,0.0,0.14,0.0
149.45534409,1790241545.3393884,0.0,0.0,0.0,0.0
149.457232115,1790241545.3412669,0.0,0.0,0.0,0.0
149.475404231,1790241545.3594418,0.0,0.0,0.0,0.0
149.47735215100002,1790241545.3614335,0.0,0.0,0.0,0.0
149.495577392,1790241545.3796365,0.0,0.0,0.0,0.14
149.49760151,1790241545.3816428,0.0,0.0,0.0,0.0
149.51533914700002,1790241545.399432,0.0,0.0,0.0,0.0
149.51733696300002,1790241545.401376,0.0,0.0,0.0,0.0
149.53576215200002,1790241545.4198163,0.0,0.0,0.0,0.0
149.53819934400002,1790241545.4223742,0.0,0.0,0.0,0.0
149.555857761,1790241545.4399238,0.0,0.0,0.0,0.0
149.558399485,1790241545.44247,0.0,0.0,0.0,0.0
149.576758893,1790241545.4609406,0.0,0.0,0.0,0.0
149.57979827300002,1790241545.4638355,0.0,0.0,0.0,0.0
149.596487731,1790241545.480594,0.0,0.0,0.0,0.0
149.59958440300002,1790241545.4836445,0.0,0.0,0.0,0.0
149.61506781600002,1790241545.4990745,0.0,0.0,0.0,0.0
149.616667403,1790241545.5006201,0.0,0.0,0.0,0.0
149.636161813,1790241545.5202622,0.0,0.0,0.0,0.0
149.638866505,1790241545.5228844,0.0,0.0,0.0,0.0
149.656957892,1790241545.5411146,0.0,0.0,0.0,0.0
149.660467794,1790241545.544559,0.0,0.0,0.0,0.0
149.67490558100002,1790241545.5589223,0.0,0.0,0.0,0.0
149.67643074,1790241545.560366,0.0,0.0,0.0,0.0
149.696709526,1790241545.5809405,0.0,0.0,0.0,0.0
149.69984026100002,1790241545.5839028,0.0,0.0,0.0,0.0
149.716251957,1790241545.6003973,0.0,0.0,0.0,0.0
149.71931732800002,1790241545.6034017,0.0,0.0,0.0,0.0
149.734918241,1790241545.6189308,0.0,0.0,0.0,0.0
149.736423765,1790241545.6203678,0.0,0.0,0.0,0.0
149.75663807200002,1790241545.640844,0.0,0.0,0.0,0.0
149.75970573400002,1790241545.643784,0.0,0.0,0.0,0.0
149.77617758600002,1790241545.6603181,0.0,0.0,0.0,0.0
149.77922686300002,1790241545.663288,0.0,0.0,0.0,0.0
149.794890433,1790241545.6789143,0.0,0.0,0.0,0.0
149.796415696,1790241545.680351,0.0,0.0,0.0,0.0
149.816642451,1790241545.700844,0.0,0.0,0.0,0.0
149.819685009,1790241545.7037597,0.0,0.0,0.0,0.0
149.83624139300002,1790241545.7204041,0.0,0.0,0.0,0.0
149.839326711,1790241545.7234218,0.0,0.0,0.0,0.0
149.854902052,1790241545.738913,0.0,0.0,0.0,0.0
149.856433981,1790241545.7403686,0.0,0.0,0.0,0.0
149.876580684,1790241545.7607954,0.0,0.0,0.0,0.0
149.87965902300002,1790241545.7637331,0.0,0.0,0.0,0.0
149.895810667,1790241545.7799156,0.0,0.0,0.0,0.0
149.898856037,1790241545.782917,0.0,0.0,0.0,0.0
149.915031223,1790241545.7990513,0.0,0.0,0.0,0.0
149.91664440300002,1790241545.8005822,0.0,0.0,0.0,0.0
149.936140219,1790241545.820238,0.0,0.0,0.0,0.0
149.93893829700002,1790241545.823017,0.0,0.0,0.0,0.0
149.95623483900002,1790241545.8403788,0.0,0.0,0.0,0.0
149.959788491,1790241545.8438678,0.0,0.0,0.0,0.0
149.97491721600002,1790241545.8589137,0.0,0.0,0.0,0.0
149.976424511,1790241545.8603609,0.0,0.0,0.0,0.0
149.996315692,1790241545.880394,0.0,0.0,0.0,0.0
149.999197833,1790241545.8832219,0.0,0.0,0.0,0.0
150.015877498,1790241545.899936,0.0,0.0,0.0,0.0
150.01827568000002,1790241545.9023001,0.0,0.0,0.0,0.0
150.03697686,1790241545.9211547,0.0,0.0,0.0,0.0
150.040439157,1790241545.9245083,0.0,0.0,0.0,0.0
150.05496085000001,1790241545.9389584,0.0,0.0,0.0,0.0
150.05646283200002,1790241545.9403965,0.0,0.0,0.0,0.0
150.07660797300002,1790241545.9608274,0.0,0.0,0.0,0.0
150.079685791,1790241545.9637585,0.0,0.0,0.0,0.0
150.096181706,1790241545.9802985,0.0,0.0,0.0,0.0
150.098974419,1790241545.9830093,0.0,0.0,0.0,0.0
150.11521189700002,1790241545.9992273,0.0,0.0,0.0,0.0
150.117197629,1790241546.001178,0.0,0.0,0.0,0.0
150.13613834100002,1790241546.0202293,0.0,0.0,0.0,0.0
150.138824752,1790241546.022848,0.0,0.0,0.0,0.0
150.15637915800002,1790241546.0405154,0.0,0.0,0.0,0.0
150.159453695,1790241546.0435271,0.0,0.0,0.0,0.0
150.17491033800002,1790241546.0589106,0.0,0.0,0.0,0.0
150.17640648600002,1790241546.0603504,0.0,0.0,0.0,0.0
150.196570689,1790241546.0807922,0.0,0.0,0.0,0.0
150.199634914,1790241546.083675,0.0,0.0,0.0,0.0
150.21585572400002,1790241546.0999799,0.0,0.0,0.0,0.0
150.218939376,1790241546.1030004,0.0,0.0,0.0,0.0
150.235165603,1790241546.119191,0.0,0.0,0.0,0.0
150.236796074,1790241546.120954,0.0,0.0,0.0,0.0
150.256191266,1790241546.1402645,0.0,0.0,0.0,0.0
150.258942781,1790241546.1429915,0.0,0.0,0.0,0.0
150.27657057300001,1790241546.160774,0.0,0.0,0.0,0.0
150.27960396400002,1790241546.1636822,0.0,0.0,0.0,0.0
150.296334151,1790241546.1804633,0.0,0.0,0.0,0.0
150.29937858300002,1790241546.183447,0.0,0.0,0.0,0.0
150.314920747,1790241546.1989322,0.0,0.0,0.0,0.0
150.31643012400002,1790241546.2003639,0.0,0.0,0.0,0.0
150.33674594200002,1790241546.2209182,0.0,0.0,0.0,0.0
150.339782458,1790241546.223831,0.0,0.0,0.0,0.0
150.356197696,1790241546.2403367,0.0,0.0,0.0,0.0
150.35926863900002,1790241546.2433636,0.0,0.0,0.0,0.0
150.374949605,1790241546.2589612,0.0,0.0,0.0,0.0
150.37647653500002,1790241546.2604089,0.0,0.0,0.0,0.0
150.39658787300002,1790241546.2807891,0.0,0.0,0.0,0.0
150.39963840000001,1790241546.2837324,0.0,0.0,0.0,0.0
150.41621645,1790241546.3003633,0.0,0.0,0.0,0.0
150.419298123,1790241546.3033621,0.0,0.0,0.0,0.0
150.434893151,1790241546.3189166,0.0,0.0,0.0,0.0
150.43640476800002,1790241546.3203373,0.0,0.0,0.0,0.0
150.456559492,1790241546.340794,0.0,0.0,0.0,0.0
150.45963559100002,1790241546.3437085,0.0,0.0,0.0,0.0
150.476212236,1790241546.3603556,0.0,0.0,0.0,0.0
150.479284116,1790241546.3633506,0.0,0.0,0.0,0.0
150.494903103,1790241546.3789232,0.0,0.0,0.0,0.0
150.496426283,1790241546.380362,0.0,0.0,0.0,0.0
150.51669059,1790241546.4008932,0.0,0.0,0.0,0.0
150.51972017900002,1790241546.4037929,0.0,0.0,0.0,0.0
150.536237709,1790241546.4203799,0.0,0.0,0.0,0.0
150.539308339,1790241546.4233553,0.0,0.0,0.0,0.0
150.554902013,1790241546.438923,0.0,0.0,0.0,0.0
150.556416651,1790241546.440359,0.0,0.0,0.0,0.0
150.576642625,1790241546.4608655,0.0,0.0,0.0,0.0
150.579739714,1790241546.4638133,0.0,0.0,0.0,0.0
150.596343338,1790241546.480486,0.0,0.0,0.0,0.0
150.599409333,1790241546.4834943,0.0,0.0,0.0,0.0
150.614908007,1790241546.4989061,0.0,0.0,0.0,0.0
150.616409155,1790241546.5003467,0.0,0.0,0.0,0.0
150.636622109,1790241546.5208373,0.0,0.0,0.0,0.0
150.639702583,1790241546.5237768,0.0,0.0,0.0,0.0
150.65583532000002,1790241546.5399535,0.0,0.0,0.0,0.0
150.658932513,1790241546.54298,0.0,0.0,0.14,0.0
150.67501634500002,1790241546.559047,0.0,0.0,0.0,0.0
150.676644473,1790241546.5605845,0.0,0.0,0.0,0.0
150.69606117400002,1790241546.580156,0.0,0.0,0.0,0.0
150.69870571,1790241546.5827413,0.0,0.0,0.0,0.0
150.71618824200002,1790241546.6003475,0.0,0.0,0.28,0.0
150.71974376900002,1790241546.60384,0.0,0.0,0.28,0.0
150.73489515100002,1790241546.6188943,0.0,0.0,0.561,0.0
150.73639515300002,1790241546.6203303,0.0,0.0,0.561,0.0
150.756170449,1790241546.6402452,0.0,0.0,0.841,0.14
150.75883415200002,1790241546.6428857,0.0,0.0,0.982,0.14
150.77663293400002,1790241546.6608179,0.0,0.0,1.262,0.421
150.77969200200002,1790241546.6637442,0.0,0.0,1.122,0.421
150.796369637,1790241546.6804905,0.0,0.0,0.982,0.421
150.799440215,1790241546.6834824,0.0,0.0,0.701,0.421
150.815016441,1790241546.6990325,0.0,0.0,0.701,0.28
150.816622746,1790241546.7005641,0.0,0.0,0.701,0.28
150.836178979,1790241546.7202716,0.0,0.0,0.421,0.421
150.838866536,1790241546.72289,0.0,0.0,0.421,0.14
150.856023963,1790241546.7401145,0.0,0.0,0.421,0.14
150.858679176,1790241546.7426956,0.0,0.0,0.28,0.0
150.87512222700002,1790241546.7591374,0.0,0.0,0.28,0.0
150.87712170900002,1790241546.7611048,0.0,0.0,0.421,0.14
150.896145338,1790241546.7802386,0.0,0.0,0.28,0.0
150.89886154,1790241546.7828896,0.0,0.0,0.28,0.0
150.916871312,1790241546.8010423,0.0,0.0,0.28,0.0
150.92035710000002,1790241546.8044693,0.0,0.0,0.14,0.0
150.93491556400002,1790241546.8189235,0.0,0.0,0.28,0.0
150.936415723,1790241546.8203473,0.0,0.0,0.14,0.0
150.95621555,1790241546.8402858,0.0,0.0,0.0,0.0
150.958886076,1790241546.8429806,0.0,0.0,0.0,0.0
150.976787983,1790241546.8610315,0.0,0.0,0.14,0.0
150.980355906,1790241546.8644843,0.0,0.0,0.0,0.0
150.99499687000002,1790241546.8790083,0.0,0.0,0.0,0.0
150.996508956,1790241546.8804524,0.0,0.0,0.0,0.0
151.016579097,1790241546.9007874,0.0,0.0,0.0,0.0
151.01964785200002,1790241546.903688,0.0,0.0,0.0,0.0
151.035814444,1790241546.919938,0.0,0.0,0.0,0.0
151.038874606,1790241546.9229355,0.0,0.0,0.0,0.0
151.05527651,1790241546.939318,0.0,0.0,0.0,0.0
151.05731630600002,1790241546.9414132,0.0,0.0,0.0,0.0
151.075020504,1790241546.9590502,0.0,0.0,0.0,0.0
151.07667571500002,1790241546.96075,0.0,0.0,0.0,0.0
151.095107676,1790241546.97912,0.0,0.0,0.0,0.0
151.09675637700002,1790241546.9808388,0.0,0.0,0.0,0.0
151.115061566,1790241546.999071,0.0,0.0,0.0,0.0
151.116723392,1790241547.000796,0.0,0.0,0.0,0.0
151.135063112,1790241547.0190768,0.0,0.0,0.0,0.0
151.136712334,1790241547.020795,0.0,0.0,0.0,0.0
151.155081899,1790241547.0390923,0.0,0.0,0.0,0.0
151.15670351600002,1790241547.0407798,0.0,0.0,0.0,0.0
151.17503506,1790241547.0590384,0.0,0.0,0.0,0.0
151.176666625,1790241547.0607188,0.0,0.0,0.0,0.0
151.19508535600002,1790241547.0791159,0.0,0.0,0.0,0.0
151.19673608800002,1790241547.0808008,0.0,0.0,0.0,0.0
151.215075288,1790241547.099096,0.0,0.0,0.0,0.0
151.21670685400002,1790241547.1007776,0.0,0.0,0.0,0.0
151.23508829300002,1790241547.1190999,0.0,0.0,0.0,0.0
151.236714285,1790241547.1207597,0.0,0.0,0.0,0.0
151.25555390300002,1790241547.139654,0.0,0.0,0.0,0.0
151.257702813,1790241547.1418335,0.0,0.0,0.0,0.0
151.275473991,1790241547.1599004,0.0,0.0,0.0,0.0
151.27794686000001,1790241547.162018,0.0,0.0,0.0,0.0
151.295640486,1790241547.1796718,0.0,0.0,0.0,0.0
151.29759168700002,1790241547.1816196,0.0,0.0,0.0,0.0
151.31540156300002,1790241547.1994348,0.0,0.0,0.0,0.0
151.317328233,1790241547.2014203,0.0,0.0,0.0,0.0
151.335355349,1790241547.219392,0.0,0.0,0.0,0.0
151.33726566500002,1790241547.2213352,0.0,0.0,0.0,0.0
151.355396479,1790241547.239433,0.0,0.0,0.0,0.0
151.357378774,1790241547.2414286,0.0,0.0,0.0,0.0
151.375329067,1790241547.2593598,0.0,0.0,0.0,0.14
151.377234904,1790241547.2612715,0.0,0.0,0.0,0.14
151.395359103,1790241547.2793944,0.0,0.0,0.0,0.14
151.39741608600002,1790241547.2814445,0.0,0.0,0.0,0.28
151.415320285,1790241547.2993562,0.0,0.0,0.0,0.14
151.41724961100002,1790241547.3012877,0.0,0.0,0.14,0.28
151.43592344700002,1790241547.3200102,0.0,0.0,0.0,0.14
151.437931471,1790241547.3219647,0.0,0.0,0.0,0.14
151.45540837800002,1790241547.339437,0.0,0.0,0.0,0.28
151.45727900600002,1790241547.341301,0.0,0.0,0.0,0.0
151.47539784100002,1790241547.3594344,0.0,0.0,0.0,0.0
151.477396126,1790241547.3616664,0.0,0.0,0.0,0.14
151.495343606,1790241547.379396,0.0,0.0,0.0,0.14
151.497226683,1790241547.381251,0.0,0.0,0.0,0.0
151.515465205,1790241547.3995562,0.0,0.0,0.0,0.14
151.51752349,1790241547.4016302,0.0,0.0,0.0,0.14
151.535710502,1790241547.4197714,0.0,0.0,0.0,0.0
151.537600037,1790241547.421591,0.0,0.0,0.0,0.14
151.55620059100002,1790241547.4402845,0.0,0.0,0.0,0.0
151.558836637,1790241547.4428642,0.0,0.0,0.0,0.0
151.57628416900002,1790241547.4604464,0.0,0.0,0.0,0.0
151.57982297700002,1790241547.4639475,0.0,0.0,0.0,0.0
151.595033109,1790241547.4790337,0.0,0.0,0.0,0.0
151.59655868500002,1790241547.480547,0.0,0.0,0.0,0.0
151.616222783,1790241547.500317,0.0,0.0,0.0,0.0
151.61891044400002,1790241547.502939,0.0,0.0,0.0,0.0
151.63679375700002,1790241547.521018,0.0,0.0,0.0,0.0
151.640242253,1790241547.5243912,0.0,0.0,0.0,0.0
151.655381707,1790241547.53941,0.0,0.0,0.0,0.0
151.657284992,1790241547.5413227,0.0,0.0,0.0,0.0
151.67536242100002,1790241547.559394,0.0,0.0,0.0,0.0
151.677273778,1790241547.5613322,0.0,0.0,0.0,0.0
151.695454176,1790241547.5794973,0.0,0.0,0.0,0.0
151.697407096,1790241547.5814378,0.0,0.0,0.0,0.0
151.71536988900002,1790241547.5994186,0.0,0.0,0.0,0.0
151.71734093400002,1790241547.6013856,0.0,0.0,0.0,0.0
151.735506748,1790241547.619544,0.0,0.0,0.0,0.0
151.737459043,1790241547.621495,0.0,0.0,0.0,0.0
151.755376575,1790241547.639421,0.0,0.0,0.0,0.0
151.757244808,1790241547.6412783,0.0,0.0,0.0,0.0
151.77548385100002,1790241547.659513,0.0,0.0,0.0,0.0
151.777372813,1790241547.6614137,0.0,0.0,0.0,0.0
151.79537347000002,1790241547.6794033,0.0,0.0,0.0,0.0
151.797346234,1790241547.6814373,0.0,0.0,0.0,0.0
151.815225121,1790241547.6992552,0.0,0.0,0.0,0.0
151.817015228,1790241547.7010245,0.0,0.0,0.0,0.0
151.83573786600002,1790241547.719779,0.0,0.0,0.0,0.0
151.83794005800002,1790241547.7219386,0.0,0.0,0.0,0.0
151.856681446,1790241547.7408798,0.0,0.0,0.0,0.0
151.859761555,1790241547.743821,0.0,0.0,0.14,0.0
151.875683615,1790241547.7598011,0.0,0.0,0.0,0.0
151.878383724,1790241547.762409,0.0,0.0,0.0,0.0
151.89520349400001,1790241547.7792284,0.0,0.0,0.0,0.0
151.897189227,1790241547.7811763,0.0,0.0,0.0,0.0
151.916133897,1790241547.8002577,0.0,0.0,0.0,0.0
151.918830985,1790241547.802912,0.0,0.0,0.0,0.0
151.936443204,1790241547.8205693,0.0,0.0,0.0,0.0
151.93953539700001,1790241547.8235843,0.0,0.0,0.14,0.0
151.95582771800002,1790241547.839931,0.0,0.0,0.0,0.0
151.958863713,1790241547.8429246,0.0,0.0,0.28,0.0
151.975054524,1790241547.8590565,0.0,0.0,0.28,0.0
151.976668173,1790241547.86061,0.0,0.0,0.561,0.0
151.99626852,1790241547.8803487,0.0,0.0,0.421,0.0
151.998908473,1790241547.882949,0.0,0.0,0.28,0.0
152.016629443,1790241547.9008434,0.0,0.0,0.14,0.0
152.019703146,1790241547.9037783,0.0,0.0,0.14,0.0
152.036232395,1790241547.920375,0.0,0.0,0.0,0.0
152.039312556,1790241547.9233763,0.0,0.0,0.0,0.0
152.05492175100002,1790241547.9389348,0.0,0.0,0.0,0.0
152.05644066000002,1790241547.9403744,0.0,0.0,0.0,0.0
152.076583249,1790241547.96079,0.0,0.0,0.0,0.0
152.079627525,1790241547.9636862,0.0,0.0,0.0,0.0
152.095619741,1790241547.9796653,0.0,0.0,0.14,0.0
152.0980586,1790241547.9820602,0.0,0.0,0.0,0.0
152.11535936,1790241547.9993804,0.0,0.0,0.0,0.0
152.117400354,1790241548.0013871,0.0,0.0,0.0,0.0
152.13618189800002,1790241548.02026,0.0,0.0,0.0,0.0
152.138809298,1790241548.0228539,0.0,0.0,0.0,0.0
152.156347976,1790241548.040549,0.0,0.0,0.0,0.0
152.159959753,1790241548.0440567,0.0,0.0,0.0,0.0
152.17489462400002,1790241548.05892,0.0,0.0,0.0,0.0
152.17642561600002,1790241548.0603719,0.0,0.0,0.0,0.0
152.196590132,1790241548.080803,0.0,0.0,0.0,0.0
152.199637846,1790241548.0836952,0.0,0.0,0.0,0.0
152.215856312,1790241548.0999794,0.0,0.0,0.0,0.0
152.218941526,1790241548.1029851,0.0,0.0,0.0,0.0
152.235023326,1790241548.1190262,0.0,0.0,0.0,0.0
152.236687235,1790241548.120862,0.0,0.0,0.0,0.0
152.256147427,1790241548.1402256,0.0,0.0,0.0,0.0
152.258841963,1790241548.1428857,0.0,0.0,0.0,0.0
152.276271369,1790241548.1604342,0.0,0.0,0.0,0.0
152.279848147,1790241548.163943,0.0,0.0,0.0,0.0
152.294900205,1790241548.178897,0.0,0.0,0.0,0.0
152.296404947,1790241548.1803548,0.0,0.0,0.0,0.0
152.31657415,1790241548.2007675,0.0,0.0,0.0,0.0
152.31961665600002,1790241548.2036726,0.0,0.0,0.0,0.0
152.33583892500002,1790241548.2199438,0.0,0.0,0.0,0.0
152.338886065,1790241548.2229302,0.0,0.0,0.0,0.0
152.355034845,1790241548.2390406,0.0,0.0,0.0,0.0
152.35665875400002,1790241548.2406015,0.0,0.0,0.0,0.0
152.37613332,1790241548.2602215,0.0,0.0,0.0,0.0
152.378805408,1790241548.2628236,0.0,0.0,0.0,0.0
152.39623523100002,1790241548.2803974,0.0,0.0,0.0,0.0
152.39979680000002,1790241548.2839212,0.0,0.0,0.0,0.0
152.414920682,1790241548.2989206,0.0,0.0,0.0,0.0
152.416426726,1790241548.3003776,0.0,0.0,0.0,0.0
152.4365252,1790241548.3207192,0.0,0.0,0.0,0.0
152.439626091,1790241548.323666,0.0,0.0,0.0,0.0
152.45500815,1790241548.3390143,0.0,0.0,0.0,0.0
152.45660383,1790241548.3405588,0.0,0.0,0.0,0.0
152.476117875,1790241548.3602097,0.0,0.0,0.0,0.0
152.478802151,1790241548.3628223,0.0,0.0,0.0,0.0
152.496975205,1790241548.3811705,0.0,0.0,0.0,0.0
152.500497086,1790241548.384568,0.0,0.0,0.0,0.0
152.51505721700002,1790241548.3990645,0.0,0.0,0.0,0.0
152.516671647,1790241548.400612,0.0,0.0,0.0,0.0
152.536154807,1790241548.420242,0.0,0.0,0.0,0.0
152.538825957,1790241548.4228394,0.0,0.0,0.14,0.0
152.556450989,1790241548.4405751,0.0,0.0,0.0,0.0
152.55973412,1790241548.4437878,0.0,0.0,0.14,0.0
152.575034356,1790241548.4590364,0.0,0.0,0.0,0.0
152.576624775,1790241548.4605775,0.0,0.0,0.14,0.0
152.596165644,1790241548.4802408,0.0,0.0,0.0,0.0
152.598857941,1790241548.4828787,0.0,0.0,0.14,0.0
152.61647167,1790241548.5005796,0.0,0.0,0.0,0.0
152.61953777000002,1790241548.5035949,0.0,0.0,0.0,0.0
152.635050193,1790241548.5190666,0.0,0.0,0.0,0.0
152.63666097700002,1790241548.5206008,0.0,0.0,0.0,0.0
152.65617590800002,1790241548.5402653,0.0,0.0,0.0,0.0
152.65885508000002,1790241548.5428762,0.0,0.0,0.0,0.0
152.67691641500002,1790241548.5610793,0.0,0.0,0.0,0.0
152.68039444200002,1790241548.5645041,0.0,0.0,0.0,0.0
152.69491176,1790241548.5789049,0.0,0.0,0.0,0.0
152.69639723100002,1790241548.5803401,0.0,0.0,0.0,0.0
152.716607111,1790241548.6008322,0.0,0.0,0.0,0.0
152.719682221,1790241548.6037474,0.0,0.0,0.0,0.0
152.73626381300002,1790241548.6203973,0.0,0.0,0.0,0.0
152.739291371,1790241548.623372,0.0,0.0,0.0,0.0
152.754881086,1790241548.6388867,0.0,0.0,0.0,0.0
152.75637645400002,1790241548.6403189,0.0,0.0,0.0,0.14
152.776157219,1790241548.6602268,0.0,0.0,0.0,0.0
152.779102276,1790241548.6632109,0.0,0.0,0.0,0.0
