t_ms,cmdL,cmdR,countL,countR,thdotL,thdotR
10,0,0,0,0,0.000,0.000
20,0,0,0,0,0.000,0.000
30,0,0,0,0,0.000,0.000
40,0,0,0,0,0.000,0.000
50,0,0,0,0,0.000,0.000
60,0,0,0,0,0.000,0.000
70,0,0,0,0,0.000,0.000
80,0,0,0,0,0.000,0.000
90,0,0,0,0,0.000,0.000
100,0,0,0,0,0.000,0.000
110,0,0,0,0,0.000,0.000
120,0,0,0,0,0.000,0.000
130,0,0,0,0,0.000,0.000
140,0,0,0,0,0.000,0.000
150,0,0,0,0,0.000,0.000
160,0,0,0,0,0.000,0.000
170,0,0,0,0,0.000,0.000
180,0,0,0,0,0.000,0.000
190,0,0,0,0,0.000,0.000
200,0,0,0,0,0.000,0.000
210,0,0,0,0,0.000,0.000
220,0,0,0,0,0.000,0.000
230,0,0,0,0,0.000,0.000
240,0,0,0,0,0.000,0.000
250,0,0,0,0,0.000,0.000
260,0,0,0,0,0.000,0.000
270,0,0,0,0,0.000,0.000
280,0,0,0,0,0.000,0.000
290,0,0,0,0,0.000,0.000
300,0,0,0,0,0.000,0.000
310,0,0,0,0,0.000,0.000
320,0,0,0,0,0.000,0.000
330,0,0,0,0,0.000,0.000
340,0,0,0,0,0.000,0.000
350,0,0,0,0,0.000,0.000
360,0,0,0,0,0.000,0.000
370,0,0,0,0,0.000,0.000
380,0,0,0,0,0.000,0.000
390,0,0,0,0,0.000,0.000
400,0,0,0,0,0.000,0.000
410,0,0,0,0,0.000,0.000
420,0,0,0,0,0.000,0.000
430,0,0,0,0,0.000,0.000
440,0,0,0,0,0.000,0.000
450,0,0,0,0,0.000,0.000
460,0,0,0,0,0.000,0.000
470,0,0,0,0,0.000,0.000
480,0,0,0,0,0.000,0.000
490,0,0,0,0,0.000,0.000
500,0,0,0,0,0.000,0.000
510,0,0,0,0,0.000,0.000
520,0,0,0,0,0.000,0.000
530,0,0,0,0,0.000,0.000
540,0,0,0,0,0.000,0.000
550,0,0,0,0,0.000,0.000
560,0,0,0,0,0.000,0.000
570,0,0,0,0,0.000,0.000
580,0,0,0,0,0.000,0.000
590,0,0,0,0,0.000,0.000
600,0,0,0,0,0.000,0.000
610,0,0,0,0,0.000,0.000
620,0,0,0,0,0.000,0.000
630,0,0,0,0,0.000,0.000
640,0,0,0,0,0.000,0.000
650,0,0,0,0,0.000,0.000
660,0,0,0,0,0.000,0.000
670,0,0,0,0,0.000,0.000
680,0,0,0,0,0.000,0.000
690,0,0,0,0,0.000,0.000
700,0,0,0,0,0.000,0.000
710,0,0,0,0,0.000,0.000
720,0,0,0,0,0.000,0.000
730,0,0,0,0,0.000,0.000
740,0,0,0,0,0.000,0.000
750,0,0,0,0,0.000,0.000
760,0,0,0,0,0.000,0.000
770,0,0,0,0,0.000,0.000
780,0,0,0,0,0.000,0.000
790,0,0,0,0,0.000,0.000
800,0,0,0,0,0.000,0.000
810,0,0,0,0,0.000,0.000
820,0,0,0,0,0.000,0.000
830,0,0,0,0,0.000,0.000
840,0,0,0,0,0.000,0.000
850,0,0,0,0,0.000,0.000
860,0,0,0,0,0.000,0.000
870,0,0,0,0,0.000,0.000
880,0,0,0,0,0.000,0.000
890,0,0,0,0,0.000,0.000
900,0,0,0,0,0.000,0.000
910,0,0,0,0,0.000,0.000
920,0,0,0,0,0.000,0.000
930,0,0,0,0,0.000,0.000
940,0,0,0,0,0.000,0.000
950,0,0,0,0,0.000,0.000
960,0,0,0,0,0.000,0.000
970,0,0,0,0,0.000,0.000
980,0,0,0,0,0.000,0.000
990,0,0,0,0,0.000,0.000
1000,0,0,0,0,0.000,0.000
1010,0,3,0,0,0.000,0.000
1020,0,3,0,0,0.000,0.000
1030,0,3,0,0,0.000,0.000
1040,0,3,0,1,0.000,0.140
1050,0,3,0,1,0.000,0.000
1060,0,3,0,1,0.000,0.000
1070,0,3,0,1,0.000,0.000
1080,0,3,0,1,0.000,0.000
1090,0,3,0,1,0.000,0.000
1100,0,3,0,1,0.000,0.000
1110,0,3,0,1,0.000,0.000
1120,0,3,0,1,0.000,0.000
1130,0,3,0,2,0.000,0.140
1140,0,3,0,3,0.000,0.140
1150,0,3,0,4,0.000,0.140
1160,0,3,0,6,0.000,0.280
1170,0,3,0,9,0.000,0.421
1180,0,3,0,13,0.000,0.561
1190,0,3,0,18,0.000,0.701
1200,0,3,0,25,0.000,0.982
1210,0,3,0,32,0.000,0.982
1220,0,3,0,40,0.000,1.122
1230,0,3,0,48,0.000,1.122
1240,0,3,0,56,0.000,1.122
1250,0,3,0,62,0.000,0.841
1260,0,3,0,69,0.000,0.982
1270,0,3,0,75,0.000,0.841
1280,0,3,0,81,0.000,0.841
1290,0,3,0,86,0.000,0.701
1300,0,3,0,91,0.000,0.701
1310,0,3,0,96,0.000,0.701
1320,0,3,0,101,0.000,0.701
1330,0,3,0,106,0.000,0.701
1340,0,3,0,111,0.000,0.701
1350,0,3,0,116,0.000,0.701
1360,0,3,0,121,0.000,0.701
1370,0,3,0,125,0.000,0.561
1380,0,3,0,129,0.000,0.561
1390,0,3,0,134,0.000,0.701
1400,0,3,0,138,0.000,0.561
1410,0,3,0,143,0.000,0.701
1420,0,3,0,148,0.000,0.701
1430,0,3,0,153,0.000,0.701
1440,0,3,0,159,0.000,0.841
1450,0,3,0,163,0.000,0.561
1460,0,3,0,168,0.000,0.701
1470,0,3,0,172,0.000,0.561
1480,0,3,0,177,0.000,0.701
1490,0,3,0,181,0.000,0.561
1500,0,3,0,185,0.000,0.561
1510,0,3,0,189,0.000,0.561
1520,0,3,0,194,0.000,0.701
1530,0,3,0,197,0.000,0.421
1540,0,3,0,202,0.000,0.701
1550,0,3,0,206,0.000,0.561
1560,0,3,0,210,0.000,0.561
1570,0,3,0,215,0.000,0.701
1580,0,3,0,219,0.000,0.561
1590,0,3,0,224,0.000,0.701
1600,0,3,0,228,0.000,0.561
1610,0,3,0,232,0.000,0.561
1620,0,3,0,236,0.000,0.561
1630,0,3,0,240,0.000,0.561
1640,0,3,0,244,0.000,0.561
1650,0,3,0,247,0.000,0.421
1660,0,3,0,250,0.000,0.421
1670,0,3,0,253,0.000,0.421
1680,0,3,0,257,0.000,0.561
1690,0,3,0,261,0.000,0.561
1700,0,3,0,265,0.000,0.561
1710,0,3,0,268,0.000,0.421
1720,0,3,0,272,0.000,0.561
1730,0,3,0,276,0.000,0.561
1740,0,3,0,279,0.000,0.421
1750,0,3,0,282,0.000,0.421
1760,0,3,0,285,0.000,0.421
1770,0,3,0,289,0.000,0.561
1780,0,3,0,292,0.000,0.421
1790,0,3,0,295,0.000,0.421
1800,0,3,0,299,0.000,0.561
1810,0,3,0,303,0.000,0.561
1820,0,3,0,308,0.000,0.701
1830,0,3,0,314,0.000,0.841
1840,0,3,0,321,0.000,0.982
1850,0,3,0,327,0.000,0.841
1860,0,3,0,333,0.000,0.841
1870,0,3,0,339,0.000,0.841
1880,0,3,0,344,0.000,0.701
1890,0,3,0,349,0.000,0.701
1900,0,3,0,354,0.000,0.701
1910,0,3,0,358,0.000,0.561
1920,0,3,0,363,0.000,0.701
1930,0,3,0,367,0.000,0.561
1940,0,3,0,371,0.000,0.561
1950,0,3,0,374,0.000,0.421
1960,0,3,0,377,0.000,0.421
1970,0,3,0,381,0.000,0.561
1980,0,3,0,385,0.000,0.561
1990,0,3,0,389,0.000,0.561
2000,0,3,0,393,0.000,0.561
2010,0,3,0,397,0.000,0.561
2020,0,3,0,401,0.000,0.561
2030,0,3,0,406,0.000,0.701
2040,0,3,0,411,0.000,0.701
2050,0,3,0,415,0.000,0.561
2060,0,3,0,420,0.000,0.701
2070,0,3,0,425,0.000,0.701
2080,0,3,0,429,0.000,0.561
2090,0,3,0,434,0.000,0.701
2100,0,3,0,438,0.000,0.561
2110,0,3,0,442,0.000,0.561
2120,0,3,0,446,0.000,0.561
2130,0,3,0,450,0.000,0.561
2140,0,3,0,454,0.000,0.561
2150,0,3,0,459,0.000,0.701
2160,0,3,0,463,0.000,0.561
2170,0,3,0,467,0.000,0.561
2180,0,3,0,472,0.000,0.701
2190,0,3,0,476,0.000,0.561
2200,0,3,0,481,0.000,0.701
2210,0,3,0,485,0.000,0.561
2220,0,3,0,489,0.000,0.561
2230,0,3,0,494,0.000,0.701
2240,0,3,0,499,0.000,0.701
2250,0,3,0,503,0.000,0.561
2260,0,3,0,507,0.000,0.561
2270,0,3,0,512,0.000,0.701
2280,0,3,0,517,0.000,0.701
2290,0,3,0,521,0.000,0.561
2300,0,3,0,526,0.000,0.701
2310,0,3,0,531,0.000,0.701
2320,0,3,0,536,0.000,0.701
2330,0,3,0,541,0.000,0.701
2340,0,3,0,546,0.000,0.701
2350,0,3,0,551,0.000,0.701
2360,0,3,0,556,0.000,0.701
2370,0,3,0,561,0.000,0.701
2380,0,3,0,566,0.000,0.701
2390,0,3,0,570,0.000,0.561
2400,0,3,0,575,0.000,0.701
2410,0,3,0,580,0.000,0.701
2420,0,3,0,585,0.000,0.701
2430,0,3,0,590,0.000,0.701
2440,0,3,0,597,0.000,0.982
2450,0,3,0,604,0.000,0.982
2460,0,3,0,613,0.000,1.262
2470,0,3,0,620,0.000,0.982
2480,0,3,0,628,0.000,1.122
2490,0,3,0,634,0.000,0.841
2500,0,3,0,640,0.000,0.841
2510,0,6,0,645,0.000,0.701
2520,0,6,0,651,0.000,0.841
2530,0,6,0,658,0.000,0.982
2540,0,6,0,666,0.000,1.122
2550,0,6,0,675,0.000,1.262
2560,0,6,0,686,0.000,1.543
2570,0,6,0,698,0.000,1.683
2580,0,6,0,712,0.000,1.963
2590,0,6,0,726,0.000,1.963
2600,0,6,0,741,0.000,2.104
2610,0,6,0,756,0.000,2.104
2620,0,6,0,771,0.000,2.104
2630,0,6,0,786,0.000,2.104
2640,0,6,0,802,0.000,2.244
2650,0,6,0,817,0.000,2.104
2660,0,6,0,833,0.000,2.244
2670,0,6,0,850,0.000,2.384
2680,0,6,0,867,0.000,2.384
2690,0,6,0,883,0.000,2.244
2700,0,6,0,899,0.000,2.244
2710,0,6,0,916,0.000,2.384
2720,0,6,0,932,0.000,2.244
2730,0,6,0,948,0.000,2.244
2740,0,6,0,964,0.000,2.244
2750,0,6,0,979,0.000,2.104
2760,0,6,0,995,0.000,2.244
2770,0,6,0,1010,0.000,2.104
2780,0,6,0,1026,0.000,2.244
2790,0,6,0,1043,0.000,2.384
2800,0,6,0,1059,0.000,2.244
2810,0,6,0,1075,0.000,2.244
2820,0,6,0,1091,0.000,2.244
2830,0,6,0,1107,0.000,2.244
2840,0,6,0,1123,0.000,2.244
2850,0,6,0,1138,0.000,2.104
2860,0,6,0,1153,0.000,2.104
2870,0,6,0,1169,0.000,2.244
2880,0,6,0,1186,0.000,2.384
2890,0,6,0,1202,0.000,2.244
2900,0,6,0,1219,0.000,2.384
2910,0,6,0,1236,0.000,2.384
2920,0,6,0,1252,0.000,2.244
2930,0,6,0,1269,0.000,2.384
2940,0,6,0,1286,0.000,2.384
2950,0,6,0,1304,0.000,2.524
2960,0,6,0,1321,0.000,2.384
2970,0,6,0,1338,0.000,2.384
2980,0,6,0,1355,0.000,2.384
2990,0,6,0,1372,0.000,2.384
3000,0,6,0,1389,0.000,2.384
3010,0,6,0,1406,0.000,2.384
3020,0,6,0,1423,0.000,2.384
3030,0,6,0,1440,0.000,2.384
3040,0,6,0,1457,0.000,2.384
3050,0,6,0,1475,0.000,2.524
3060,0,6,0,1492,0.000,2.384
3070,0,6,0,1510,0.000,2.524
3080,0,6,0,1527,0.000,2.384
3090,0,6,0,1545,0.000,2.524
3100,0,6,0,1563,0.000,2.524
3110,0,6,0,1580,0.000,2.384
3120,0,6,0,1598,0.000,2.524
3130,0,6,0,1617,0.000,2.665
3140,0,6,0,1636,0.000,2.665
3150,0,6,0,1655,0.000,2.665
3160,0,6,0,1674,0.000,2.665
3170,0,6,0,1693,0.000,2.665
3180,0,6,0,1712,0.000,2.665
3190,0,6,0,1731,0.000,2.665
3200,0,6,0,1750,0.000,2.665
3210,0,6,0,1769,0.000,2.665
3220,0,6,0,1788,0.000,2.665
3230,0,6,0,1808,0.000,2.805
3240,0,6,0,1827,0.000,2.665
3250,0,6,0,1846,0.000,2.665
3260,0,6,0,1865,0.000,2.665
3270,0,6,0,1885,0.000,2.805
3280,0,6,0,1904,0.000,2.665
3290,0,6,0,1923,0.000,2.665
3300,0,6,0,1943,0.000,2.805
3310,0,6,0,1962,0.000,2.665
3320,0,6,0,1982,0.000,2.805
3330,0,6,0,2001,0.000,2.665
3340,0,6,0,2021,0.000,2.805
3350,0,6,0,2040,0.000,2.665
3360,0,6,0,2060,0.000,2.805
3370,0,6,0,2080,0.000,2.805
3380,0,6,0,2100,0.000,2.805
3390,0,6,0,2120,0.000,2.805
3400,0,6,0,2140,0.000,2.805
3410,0,6,0,2160,0.000,2.805
3420,0,6,0,2180,0.000,2.805
3430,0,6,0,2200,0.000,2.805
3440,0,6,0,2220,0.000,2.805
3450,0,6,0,2240,0.000,2.805
3460,0,6,0,2260,0.000,2.805
3470,0,6,0,2281,0.000,2.945
3480,0,6,0,2301,0.000,2.805
3490,0,6,0,2323,0.000,3.085
3500,0,6,0,2344,0.000,2.945
3510,0,6,0,2365,0.000,2.945
3520,0,6,0,2387,0.000,3.085
3530,0,6,0,2408,0.000,2.945
3540,0,6,0,2429,0.000,2.945
3550,0,6,0,2450,0.000,2.945
3560,0,6,0,2470,0.000,2.805
3570,0,6,0,2491,0.000,2.945
3580,0,6,0,2511,0.000,2.805
3590,0,6,0,2532,0.000,2.945
3600,0,6,0,2552,0.000,2.805
3610,0,6,0,2573,0.000,2.945
3620,0,6,0,2594,0.000,2.945
3630,0,6,0,2615,0.000,2.945
3640,0,6,0,2636,0.000,2.945
3650,0,6,0,2656,0.000,2.805
3660,0,6,0,2677,0.000,2.945
3670,0,6,0,2697,0.000,2.805
3680,0,6,0,2717,0.000,2.805
3690,0,6,0,2738,0.000,2.945
3700,0,6,0,2759,0.000,2.945
3710,0,6,0,2779,0.000,2.805
3720,0,6,0,2800,0.000,2.945
3730,0,6,0,2821,0.000,2.945
3740,0,6,0,2843,0.000,3.085
3750,0,6,0,2864,0.000,2.945
3760,0,6,0,2886,0.000,3.085
3770,0,6,0,2907,0.000,2.945
3780,0,6,0,2928,0.000,2.945
3790,0,6,0,2949,0.000,2.945
3800,0,6,0,2970,0.000,2.945
3810,0,6,0,2992,0.000,3.085
3820,0,6,0,3013,0.000,2.945
3830,0,6,0,3035,0.000,3.085
3840,0,6,0,3057,0.000,3.085
3850,0,6,0,3080,0.000,3.226
3860,0,6,0,3102,0.000,3.085
3870,0,6,0,3125,0.000,3.226
3880,0,6,0,3147,0.000,3.085
3890,0,6,0,3169,0.000,3.085
3900,0,6,0,3191,0.000,3.085
3910,0,6,0,3213,0.000,3.085
3920,0,6,0,3235,0.000,3.085
3930,0,6,0,3256,0.000,2.945
3940,0,6,0,3277,0.000,2.945
3950,0,6,0,3299,0.000,3.085
3960,0,6,0,3319,0.000,2.805
3970,0,6,0,3340,0.000,2.945
3980,0,6,0,3361,0.000,2.945
3990,0,6,0,3381,0.000,2.805
4000,0,6,0,3401,0.000,2.805
4010,0,9,0,3422,0.000,2.945
4020,0,9,0,3443,0.000,2.945
4030,0,9,0,3463,0.000,2.805
4040,0,9,0,3485,0.000,3.085
4050,0,9,0,3508,0.000,3.226
4060,0,9,0,3533,0.000,3.506
4070,0,9,0,3560,0.000,3.787
4080,0,9,0,3587,0.000,3.787
4090,0,9,0,3616,0.000,4.067
4100,0,9,0,3645,0.000,4.067
4110,0,9,0,3675,0.000,4.207
4120,0,9,0,3705,0.000,4.207
4130,0,9,0,3735,0.000,4.207
4140,0,9,0,3766,0.000,4.348
4150,0,9,0,3797,0.000,4.348
4160,0,9,0,3827,0.000,4.207
4170,0,9,0,3858,0.000,4.348
4180,0,9,0,3889,0.000,4.348
4190,0,9,0,3919,0.000,4.207
4200,0,9,0,3949,0.000,4.207
4210,0,9,0,3980,0.000,4.348
4220,0,9,0,4011,0.000,4.348
4230,0,9,0,4041,0.000,4.207
4240,0,9,0,4071,0.000,4.207
4250,0,9,0,4101,0.000,4.207
4260,0,9,0,4130,0.000,4.067
4270,0,9,0,4160,0.000,4.207
4280,0,9,0,4189,0.000,4.067
4290,0,9,0,4219,0.000,4.207
4300,0,9,0,4248,0.000,4.067
4310,0,9,0,4277,0.000,4.067
4320,0,9,0,4306,0.000,4.067
4330,0,9,0,4335,0.000,4.067
4340,0,9,0,4363,0.000,3.927
4350,0,9,0,4392,0.000,4.067
4360,0,9,0,4420,0.000,3.927
4370,0,9,0,4449,0.000,4.067
4380,0,9,0,4477,0.000,3.927
4390,0,9,0,4506,0.000,4.067
4400,0,9,0,4535,0.000,4.067
4410,0,9,0,4563,0.000,3.927
4420,0,9,0,4591,0.000,3.927
4430,0,9,0,4619,0.000,3.927
4440,0,9,0,4647,0.000,3.927
4450,0,9,0,4674,0.000,3.787
4460,0,9,0,4702,0.000,3.927
4470,0,9,0,4729,0.000,3.787
4480,0,9,0,4758,0.000,4.067
4490,0,9,0,4786,0.000,3.927
4500,0,9,0,4815,0.000,4.067
4510,0,9,0,4844,0.000,4.067
4520,0,9,0,4872,0.000,3.927
4530,0,9,0,4901,0.000,4.067
4540,0,9,0,4930,0.000,4.067
4550,0,9,0,4958,0.000,3.927
4560,0,9,0,4986,0.000,3.927
4570,0,9,0,5015,0.000,4.067
4580,0,9,0,5043,0.000,3.927
4590,0,9,0,5071,0.000,3.927
4600,0,9,0,5100,0.000,4.067
4610,0,9,0,5129,0.000,4.067
4620,0,9,0,5157,0.000,3.927
4630,0,9,0,5186,0.000,4.067
4640,0,9,0,5214,0.000,3.927
4650,0,9,0,5243,0.000,4.067
4660,0,9,0,5271,0.000,3.927
4670,0,9,0,5299,0.000,3.927
4680,0,9,0,5327,0.000,3.927
4690,0,9,0,5355,0.000,3.927
4700,0,9,0,5382,0.000,3.787
4710,0,9,0,5410,0.000,3.927
4720,0,9,0,5437,0.000,3.787
4730,0,9,0,5465,0.000,3.927
4740,0,9,0,5492,0.000,3.787
4750,0,9,0,5520,0.000,3.927
4760,0,9,0,5548,0.000,3.927
4770,0,9,0,5576,0.000,3.927
4780,0,9,0,5604,0.000,3.927
4790,0,9,0,5631,0.000,3.787
4800,0,9,0,5659,0.000,3.927
4810,0,9,0,5688,0.000,4.067
4820,0,9,0,5716,0.000,3.927
4830,0,9,0,5745,0.000,4.067
4840,0,9,0,5773,0.000,3.927
4850,0,9,0,5803,0.000,4.207
4860,0,9,0,5831,0.000,3.927
4870,0,9,0,5860,0.000,4.067
4880,0,9,0,5889,0.000,4.067
4890,0,9,0,5917,0.000,3.927
4900,0,9,0,5946,0.000,4.067
4910,0,9,0,5974,0.000,3.927
4920,0,9,0,6003,0.000,4.067
4930,0,9,0,6032,0.000,4.067
4940,0,9,0,6062,0.000,4.207
4950,0,9,0,6091,0.000,4.067
4960,0,9,0,6121,0.000,4.207
4970,0,9,0,6151,0.000,4.207
4980,0,9,0,6181,0.000,4.207
4990,0,9,0,6211,0.000,4.207
5000,0,9,0,6242,0.000,4.348
5010,0,9,0,6272,0.000,4.207
5020,0,9,0,6303,0.000,4.348
5030,0,9,0,6334,0.000,4.348
5040,0,9,0,6366,0.000,4.488
5050,0,9,0,6397,0.000,4.348
5060,0,9,0,6429,0.000,4.488
5070,0,9,0,6461,0.000,4.488
5080,0,9,0,6493,0.000,4.488
5090,0,9,0,6524,0.000,4.348
5100,0,9,0,6556,0.000,4.488
5110,0,9,0,6588,0.000,4.488
5120,0,9,0,6619,0.000,4.348
5130,0,9,0,6650,0.000,4.348
5140,0,9,0,6682,0.000,4.488
5150,0,9,0,6713,0.000,4.348
5160,0,9,0,6745,0.000,4.488
5170,0,9,0,6777,0.000,4.488
5180,0,9,0,6810,0.000,4.628
5190,0,9,0,6844,0.000,4.768
5200,0,9,0,6879,0.000,4.909
5210,0,9,0,6914,0.000,4.909
5220,0,9,0,6949,0.000,4.909
5230,0,9,0,6983,0.000,4.768
5240,0,9,0,7017,0.000,4.768
5250,0,9,0,7051,0.000,4.768
5260,0,9,0,7084,0.000,4.628
5270,0,9,0,7118,0.000,4.768
5280,0,9,0,7152,0.000,4.768
5290,0,9,0,7185,0.000,4.628
5300,0,9,0,7219,0.000,4.768
5310,0,9,0,7252,0.000,4.628
5320,0,9,0,7285,0.000,4.628
5330,0,9,0,7319,0.000,4.768
5340,0,9,0,7352,0.000,4.628
5350,0,9,0,7386,0.000,4.768
5360,0,9,0,7419,0.000,4.628
5370,0,9,0,7452,0.000,4.628
5380,0,9,0,7486,0.000,4.768
5390,0,9,0,7520,0.000,4.768
5400,0,9,0,7553,0.000,4.628
5410,0,9,0,7588,0.000,4.909
5420,0,9,0,7622,0.000,4.768
5430,0,9,0,7655,0.000,4.628
5440,0,9,0,7689,0.000,4.768
5450,0,9,0,7724,0.000,4.909
5460,0,9,0,7757,0.000,4.628
5470,0,9,0,7790,0.000,4.628
5480,0,9,0,7824,0.000,4.768
5490,0,9,0,7857,0.000,4.628
5500,0,9,0,7890,0.000,4.628
5510,0,12,0,7923,0.000,4.628
5520,0,12,0,7955,0.000,4.488
5530,0,12,0,7987,0.000,4.488
5540,0,12,0,8021,0.000,4.768
5550,0,12,0,8055,0.000,4.768
5560,0,12,0,8091,0.000,5.049
5570,0,12,0,8129,0.000,5.329
5580,0,12,0,8168,0.000,5.470
5590,0,12,0,8207,0.000,5.470
5600,0,12,0,8247,0.000,5.610
5610,0,12,0,8288,0.000,5.750
5620,0,12,0,8328,0.000,5.610
5630,0,12,0,8370,0.000,5.890
5640,0,12,0,8411,0.000,5.750
5650,0,12,0,8451,0.000,5.610
5660,0,12,0,8493,0.000,5.890
5670,0,12,0,8532,0.000,5.470
5680,0,12,0,8573,0.000,5.750
5690,0,12,0,8613,0.000,5.610
5700,0,12,0,8653,0.000,5.610
5710,0,12,0,8693,0.000,5.610
5720,0,12,0,8734,0.000,5.750
5730,0,12,0,8773,0.000,5.470
5740,0,12,0,8813,0.000,5.610
5750,0,12,0,8852,0.000,5.470
5760,0,12,0,8890,0.000,5.329
5770,0,12,0,8930,0.000,5.610
5780,0,12,0,8968,0.000,5.329
5790,0,12,0,9007,0.000,5.470
5800,0,12,0,9047,0.000,5.610
5810,0,12,0,9086,0.000,5.470
5820,0,12,0,9125,0.000,5.470
5830,0,12,0,9165,0.000,5.610
5840,0,12,0,9204,0.000,5.470
5850,0,12,0,9244,0.000,5.610
5860,0,12,0,9284,0.000,5.610
5870,0,12,0,9323,0.000,5.470
5880,0,12,0,9363,0.000,5.610
5890,0,12,0,9404,0.000,5.750
5900,0,12,0,9443,0.000,5.470
5910,0,12,0,9484,0.000,5.750
5920,0,12,0,9524,0.000,5.610
5930,0,12,0,9564,0.000,5.610
5940,0,12,0,9605,0.000,5.750
5950,0,12,0,9645,0.000,5.610
5960,0,12,0,9686,0.000,5.750
5970,0,12,0,9727,0.000,5.750
5980,0,12,0,9767,0.000,5.610
5990,0,12,0,9808,0.000,5.750
6000,0,12,0,9849,0.000,5.750
6010,0,12,0,9889,0.000,5.610
6020,0,12,0,9930,0.000,5.750
6030,0,12,0,9971,0.000,5.750
6040,0,12,0,10011,0.000,5.610
6050,0,12,0,10053,0.000,5.890
6060,0,12,0,10093,0.000,5.610
6070,0,12,0,10134,0.000,5.750
6080,0,12,0,10175,0.000,5.750
6090,0,12,0,10216,0.000,5.750
6100,0,12,0,10257,0.000,5.750
6110,0,12,0,10298,0.000,5.750
6120,0,12,0,10339,0.000,5.750
6130,0,12,0,10381,0.000,5.890
6140,0,12,0,10422,0.000,5.750
6150,0,12,0,10463,0.000,5.750
6160,0,12,0,10505,0.000,5.890
6170,0,12,0,10546,0.000,5.750
6180,0,12,0,10588,0.000,5.890
6190,0,12,0,10630,0.000,5.890
6200,0,12,0,10672,0.000,5.890
6210,0,12,0,10714,0.000,5.890
6220,0,12,0,10756,0.000,5.890
6230,0,12,0,10798,0.000,5.890
6240,0,12,0,10841,0.000,6.031
6250,0,12,0,10883,0.000,5.890
6260,0,12,0,10925,0.000,5.890
6270,0,12,0,10968,0.000,6.031
6280,0,12,0,11010,0.000,5.890
6290,0,12,0,11052,0.000,5.890
6300,0,12,0,11096,0.000,6.171
6310,0,12,0,11138,0.000,5.890
6320,0,12,0,11181,0.000,6.031
6330,0,12,0,11225,0.000,6.171
6340,0,12,0,11268,0.000,6.031
6350,0,12,0,11312,0.000,6.171
6360,0,12,0,11356,0.000,6.171
6370,0,12,0,11400,0.000,6.171
6380,0,12,0,11445,0.000,6.311
6390,0,12,0,11489,0.000,6.171
6400,0,12,0,11534,0.000,6.311
6410,0,12,0,11579,0.000,6.311
6420,0,12,0,11624,0.000,6.311
6430,0,12,0,11669,0.000,6.311
6440,0,12,0,11713,0.000,6.171
6450,0,12,0,11759,0.000,6.451
6460,0,12,0,11804,0.000,6.311
6470,0,12,0,11849,0.000,6.311
6480,0,12,0,11895,0.000,6.451
6490,0,12,0,11940,0.000,6.311
6500,0,12,0,11986,0.000,6.451
6510,0,12,0,12031,0.000,6.311
6520,0,12,0,12077,0.000,6.451
6530,0,12,0,12123,0.000,6.451
6540,0,12,0,12167,0.000,6.171
6550,0,12,0,12213,0.000,6.451
6560,0,12,0,12258,0.000,6.311
6570,0,12,0,12303,0.000,6.311
6580,0,12,0,12348,0.000,6.311
6590,0,12,0,12392,0.000,6.171
6600,0,12,0,12437,0.000,6.311
6610,0,12,0,12480,0.000,6.031
6620,0,12,0,12524,0.000,6.171
6630,0,12,0,12568,0.000,6.171
6640,0,12,0,12610,0.000,5.890
6650,0,12,0,12654,0.000,6.171
6660,0,12,0,12694,0.000,5.610
6670,0,12,0,12733,0.000,5.470
6680,0,12,0,12772,0.000,5.470
6690,0,12,0,12807,0.000,4.909
6700,0,12,0,12843,0.000,5.049
6710,0,12,0,12877,0.000,4.768
6720,0,12,0,12911,0.000,4.768
6730,0,12,0,12945,0.000,4.768
6740,0,12,0,12978,0.000,4.628
6750,0,12,0,13011,0.000,4.628
6760,0,12,0,13044,0.000,4.628
6770,0,12,0,13076,0.000,4.488
6780,0,12,0,13109,0.000,4.628
6790,0,12,0,13141,0.000,4.488
6800,0,12,0,13173,0.000,4.488
6810,0,12,0,13205,0.000,4.488
6820,0,12,0,13237,0.000,4.488
6830,0,12,0,13269,0.000,4.488
6840,0,12,0,13301,0.000,4.488
6850,0,12,0,13333,0.000,4.488
6860,0,12,0,13364,0.000,4.348
6870,0,12,0,13395,0.000,4.348
6880,0,12,0,13426,0.000,4.348
6890,0,12,0,13457,0.000,4.348
6900,0,12,0,13487,0.000,4.207
6910,0,12,0,13518,0.000,4.348
6920,0,12,0,13549,0.000,4.348
6930,0,12,0,13580,0.000,4.348
6940,0,12,0,13610,0.000,4.207
6950,0,12,0,13641,0.000,4.348
6960,0,12,0,13671,0.000,4.207
6970,0,12,0,13701,0.000,4.207
6980,0,12,0,13731,0.000,4.207
6990,0,12,0,13762,0.000,4.348
7000,0,12,0,13793,0.000,4.348
7010,0,0,0,13826,0.000,4.628
7020,0,0,2,13860,0.280,4.768
7030,0,0,2,13894,0.000,4.768
7040,0,0,2,13924,0.000,4.207
7050,0,0,2,13951,0.000,3.787
7060,0,0,2,13970,0.000,2.665
7070,0,0,2,13983,0.000,1.823
7080,0,0,2,13991,0.000,1.122
7090,0,0,2,13996,0.000,0.701
7100,0,0,2,13997,0.000,0.140
7110,0,0,2,13997,0.000,0.000
7120,0,0,2,13997,0.000,0.000
7130,0,0,2,13997,0.000,0.000
7140,0,0,2,13997,0.000,0.000
7150,0,0,2,13997,0.000,0.000
7160,0,0,2,13997,0.000,0.000
7170,0,0,2,13997,0.000,0.000
7180,0,0,2,13997,0.000,0.000
7190,0,0,2,13997,0.000,0.000
7200,0,0,2,13997,0.000,0.000
7210,0,0,2,13997,0.000,0.000
7220,0,0,2,13997,0.000,0.000
7230,0,0,2,13997,0.000,0.000
7240,0,0,2,13997,0.000,0.000
7250,0,0,2,13997,0.000,0.000
7260,0,0,2,13997,0.000,0.000
7270,0,0,2,13997,0.000,0.000
7280,0,0,2,13997,0.000,0.000
7290,0,0,2,13997,0.000,0.000
7300,0,0,2,13997,0.000,0.000
7310,0,0,2,13997,0.000,0.000
7320,0,0,2,13997,0.000,0.000
7330,0,0,2,13997,0.000,0.000
7340,0,0,2,13997,0.000,0.000
7350,0,0,2,13997,0.000,0.000
7360,0,0,2,13997,0.000,0.000
7370,0,0,2,13997,0.000,0.000
7380,0,0,2,13997,0.000,0.000
7390,0,0,2,13997,0.000,0.000
7400,0,0,2,13997,0.000,0.000
7410,0,0,2,13997,0.000,0.000
7420,0,0,2,13997,0.000,0.000
7430,0,0,2,13997,0.000,0.000
7440,0,0,2,13997,0.000,0.000
7450,0,0,2,13997,0.000,0.000
7460,0,0,2,13997,0.000,0.000
7470,0,0,2,13997,0.000,0.000
7480,0,0,2,13997,0.000,0.000
7490,0,0,2,13997,0.000,0.000
7500,0,0,2,13997,0.000,0.000
7510,0,0,2,13997,0.000,0.000
7520,0,0,2,13997,0.000,0.000
7530,0,0,2,13997,0.000,0.000
7540,0,0,2,13997,0.000,0.000
7550,0,0,2,13997,0.000,0.000
7560,0,0,2,13997,0.000,0.000
7570,0,0,2,13997,0.000,0.000
7580,0,0,2,13997,0.000,0.000
7590,0,0,2,13997,0.000,0.000
7600,0,0,2,13997,0.000,0.000
7610,0,0,2,13997,0.000,0.000
7620,0,0,2,13997,0.000,0.000
7630,0,0,2,13997,0.000,0.000
7640,0,0,2,13997,0.000,0.000
7650,0,0,2,13997,0.000,0.000
7660,0,0,2,13997,0.000,0.000
7670,0,0,2,13997,0.000,0.000
7680,0,0,2,13997,0.000,0.000
7690,0,0,2,13997,0.000,0.000
7700,0,0,2,13997,0.000,0.000
7710,0,0,2,13997,0.000,0.000
7720,0,0,2,13997,0.000,0.000
7730,0,0,2,13997,0.000,0.000
7740,0,0,2,13997,0.000,0.000
7750,0,0,2,13997,0.000,0.000
7760,0,0,2,13997,0.000,0.000
7770,0,0,2,13997,0.000,0.000
7780,0,0,2,13997,0.000,0.000
7790,0,0,2,13997,0.000,0.000
7800,0,0,2,13997,0.000,0.000
7810,0,0,2,13997,0.000,0.000
7820,0,0,2,13997,0.000,0.000
7830,0,0,2,13997,0.000,0.000
7840,0,0,2,13997,0.000,0.000
7850,0,0,2,13997,0.000,0.000
7860,0,0,2,13997,0.000,0.000
7870,0,0,2,13997,0.000,0.000
7880,0,0,2,13997,0.000,0.000
7890,0,0,2,13997,0.000,0.000
7900,0,0,2,13997,0.000,0.000
7910,0,0,2,13997,0.000,0.000
7920,0,0,2,13997,0.000,0.000
7930,0,0,2,13997,0.000,0.000
7940,0,0,2,13997,0.000,0.000
7950,0,0,2,13997,0.000,0.000
7960,0,0,2,13997,0.000,0.000
7970,0,0,2,13997,0.000,0.000
7980,0,0,2,13997,0.000,0.000
7990,0,0,2,13997,0.000,0.000
8000,0,0,2,13997,0.000,0.000
8010,0,0,2,13997,0.000,0.000
8020,0,0,2,13997,0.000,0.000
8030,0,0,2,13997,0.000,0.000
8040,0,0,2,13997,0.000,0.000
8050,0,0,2,13997,0.000,0.000
8060,0,0,2,13997,0.000,0.000
8070,0,0,2,13997,0.000,0.000
8080,0,0,2,13997,0.000,0.000
8090,0,0,2,13997,0.000,0.000
8100,0,0,2,13997,0.000,0.000
8110,0,0,2,13997,0.000,0.000
8120,0,0,2,13997,0.000,0.000
8130,0,0,2,13997,0.000,0.000
8140,0,0,2,13997,0.000,0.000
8150,0,0,2,13997,0.000,0.000
8160,0,0,2,13997,0.000,0.000
8170,0,0,2,13997,0.000,0.000
8180,0,0,2,13997,0.000,0.000
8190,0,0,2,13997,0.000,0.000
8200,0,0,2,13997,0.000,0.000
8210,0,0,2,13997,0.000,0.000
8220,0,0,2,13997,0.000,0.000
8230,0,0,2,13997,0.000,0.000
8240,0,0,2,13997,0.000,0.000
8250,0,0,2,13997,0.000,0.000
8260,0,0,2,13997,0.000,0.000
8270,0,0,2,13997,0.000,0.000
8280,0,0,2,13997,0.000,0.000
8290,0,0,2,13997,0.000,0.000
8300,0,0,2,13997,0.000,0.000
8310,0,0,2,13997,0.000,0.000
8320,0,0,2,13997,0.000,0.000
8330,0,0,2,13997,0.000,0.000
8340,0,0,2,13997,0.000,0.000
8350,0,0,2,13997,0.000,0.000
8360,0,0,2,13997,0.000,0.000
8370,0,0,2,13997,0.000,0.000
8380,0,0,2,13997,0.000,0.000
8390,0,0,2,13997,0.000,0.000
8400,0,0,2,13997,0.000,0.000
8410,0,0,2,13997,0.000,0.000
8420,0,0,2,13997,0.000,0.000
8430,0,0,2,13997,0.000,0.000
8440,0,0,2,13997,0.000,0.000
8450,0,0,2,13997,0.000,0.000
8460,0,0,2,13997,0.000,0.000
8470,0,0,2,13997,0.000,0.000
8480,0,0,2,13997,0.000,0.000
8490,0,0,2,13997,0.000,0.000
8500,0,0,2,13997,0.000,0.000
8510,0,0,2,13997,0.000,0.000
8520,0,0,2,13997,0.000,0.000
8530,0,0,2,13997,0.000,0.000
8540,0,0,2,13997,0.000,0.000
8550,0,0,2,13997,0.000,0.000
8560,0,0,2,13997,0.000,0.000
8570,0,0,2,13997,0.000,0.000
8580,0,0,2,13997,0.000,0.000
8590,0,0,2,13997,0.000,0.000
8600,0,0,2,13997,0.000,0.000
8610,0,0,2,13997,0.000,0.000
8620,0,0,2,13997,0.000,0.000
8630,0,0,2,13997,0.000,0.000
8640,0,0,2,13997,0.000,0.000
8650,0,0,2,13997,0.000,0.000
8660,0,0,2,13997,0.000,0.000
8670,0,0,2,13997,0.000,0.000
8680,0,0,2,13997,0.000,0.000
8690,0,0,2,13997,0.000,0.000
8700,0,0,2,13997,0.000,0.000
8710,0,0,2,13997,0.000,0.000
8720,0,0,2,13997,0.000,0.000
8730,0,0,2,13997,0.000,0.000
8740,0,0,2,13997,0.000,0.000
8750,0,0,2,13997,0.000,0.000
8760,0,0,2,13997,0.000,0.000
8770,0,0,2,13997,0.000,0.000
8780,0,0,2,13997,0.000,0.000
8790,0,0,2,13997,0.000,0.000
8800,0,0,2,13997,0.000,0.000
8810,0,0,2,13997,0.000,0.000
8820,0,0,2,13997,0.000,0.000
8830,0,0,2,13997,0.000,0.000
8840,0,0,2,13997,0.000,0.000
8850,0,0,2,13997,0.000,0.000
8860,0,0,2,13997,0.000,0.000
8870,0,0,2,13997,0.000,0.000
8880,0,0,2,13997,0.000,0.000
8890,0,0,2,13997,0.000,0.000
8900,0,0,2,13997,0.000,0.000
8910,0,0,2,13997,0.000,0.000
8920,0,0,2,13997,0.000,0.000
8930,0,0,2,13997,0.000,0.000
8940,0,0,2,13997,0.000,0.000
8950,0,0,2,13997,0.000,0.000
8960,0,0,2,13997,0.000,0.000
8970,0,0,2,13997,0.000,0.000
8980,0,0,2,13997,0.000,0.000
8990,0,0,2,13997,0.000,0.000
9000,0,0,2,13997,0.000,0.000
9010,0,20,2,13997,0.000,0.000
9020,0,20,2,13997,0.000,0.000
9030,0,20,2,13998,0.000,0.140
9040,0,20,2,14004,0.000,0.841
9050,0,20,2,14015,0.000,1.543
9060,0,20,2,14033,0.000,2.524
9070,0,20,2,14056,0.000,3.226
9080,0,20,2,14081,0.000,3.506
9090,0,20,2,14111,0.000,4.207
9100,0,20,2,14143,0.000,4.488
9110,0,20,2,14180,0.000,5.189
9120,0,20,2,14220,0.000,5.610
9130,0,20,2,14263,0.000,6.031
9140,0,20,2,14309,0.000,6.451
9150,0,20,2,14356,0.000,6.592
9160,0,20,2,14405,0.000,6.872
9170,0,20,2,14456,0.000,7.153
9180,0,20,2,14507,0.000,7.153
9190,0,20,2,14560,0.000,7.433
9200,0,20,2,14612,0.000,7.293
9210,0,20,2,14666,0.000,7.573
9220,0,20,2,14720,0.000,7.573
9230,0,20,2,14775,0.000,7.714
9240,0,20,2,14830,0.000,7.714
9250,0,20,2,14885,0.000,7.714
9260,0,20,2,14940,0.000,7.714
9270,0,20,2,14995,0.000,7.714
9280,0,20,2,15051,0.000,7.854
9290,0,20,2,15106,0.000,7.714
9300,0,20,2,15162,0.000,7.854
9310,0,20,2,15217,0.000,7.714
9320,0,20,2,15274,0.000,7.994
9330,0,20,2,15330,0.000,7.854
9340,0,20,2,15387,0.000,7.994
9350,0,20,2,15443,0.000,7.854
9360,0,20,2,15500,0.000,7.994
9370,0,20,2,15557,0.000,7.994
9380,0,20,2,15615,0.000,8.134
9390,0,20,2,15673,0.000,8.134
9400,0,20,2,15731,0.000,8.134
9410,0,20,2,15789,0.000,8.134
9420,0,20,2,15847,0.000,8.134
9430,0,20,2,15906,0.000,8.275
9440,0,20,2,15964,0.000,8.134
9450,0,20,2,16023,0.000,8.275
9460,0,20,2,16082,0.000,8.275
9470,0,20,2,16141,0.000,8.275
9480,0,20,2,16200,0.000,8.275
9490,0,20,2,16260,0.000,8.415
9500,0,20,2,16320,0.000,8.415
9510,0,20,2,16380,0.000,8.415
9520,0,20,2,16439,0.000,8.275
9530,0,20,2,16500,0.000,8.555
9540,0,20,2,16560,0.000,8.415
9550,0,20,2,16621,0.000,8.555
9560,0,20,2,16681,0.000,8.415
9570,0,20,2,16741,0.000,8.415
9580,0,20,2,16801,0.000,8.415
9590,0,20,2,16860,0.000,8.275
9600,0,20,2,16920,0.000,8.415
9610,0,20,2,16980,0.000,8.415
9620,0,20,2,17039,0.000,8.275
9630,0,20,2,17097,0.000,8.134
9640,0,20,2,17156,0.000,8.275
9650,0,20,2,17214,0.000,8.134
9660,0,20,2,17273,0.000,8.275
9670,0,20,2,17330,0.000,7.994
9680,0,20,2,17388,0.000,8.134
9690,0,20,2,17445,0.000,7.994
9700,0,20,2,17503,0.000,8.134
9710,0,20,2,17560,0.000,7.994
9720,0,20,2,17617,0.000,7.994
9730,0,20,2,17673,0.000,7.854
9740,0,20,2,17730,0.000,7.994
9750,0,20,2,17786,0.000,7.854
9760,0,20,2,17843,0.000,7.994
9770,0,20,2,17898,0.000,7.714
9780,0,20,2,17955,0.000,7.994
9790,0,20,2,18010,0.000,7.714
9800,0,20,2,18066,0.000,7.854
9810,0,20,2,18121,0.000,7.714
9820,0,20,2,18177,0.000,7.854
9830,0,20,2,18232,0.000,7.714
9840,0,20,2,18287,0.000,7.714
9850,0,20,2,18341,0.000,7.573
9860,0,20,2,18396,0.000,7.714
9870,0,20,2,18449,0.000,7.433
9880,0,20,2,18505,0.000,7.854
9890,0,20,2,18559,0.000,7.573
9900,0,20,2,18614,0.000,7.714
9910,0,20,2,18668,0.000,7.573
9920,0,20,2,18723,0.000,7.714
9930,0,20,2,18777,0.000,7.573
9940,0,20,2,18833,0.000,7.854
9950,0,20,2,18887,0.000,7.573
9960,0,20,2,18943,0.000,7.854
9970,0,20,2,18997,0.000,7.573
9980,0,20,2,19053,0.000,7.854
9990,0,20,2,19108,0.000,7.714
10000,0,20,2,19163,0.000,7.714
10010,0,20,2,19218,0.000,7.714
10020,0,20,2,19274,0.000,7.854
10030,0,20,2,19329,0.000,7.714
10040,0,20,2,19385,0.000,7.854
10050,0,20,2,19441,0.000,7.854
10060,0,20,2,19497,0.000,7.854
10070,0,20,2,19552,0.000,7.714
10080,0,20,2,19609,0.000,7.994
10090,0,20,2,19665,0.000,7.854
10100,0,20,2,19721,0.000,7.854
10110,0,20,2,19778,0.000,7.994
10120,0,20,2,19836,0.000,8.134
10130,0,20,2,19893,0.000,7.994
10140,0,20,2,19951,0.000,8.134
10150,0,20,2,20008,0.000,7.994
10160,0,20,2,20067,0.000,8.275
10170,0,20,2,20125,0.000,8.134
10180,0,20,2,20183,0.000,8.134
10190,0,20,2,20241,0.000,8.134
10200,0,20,2,20300,0.000,8.275
10210,0,20,2,20359,0.000,8.275
10220,0,20,2,20418,0.000,8.275
10230,0,20,2,20477,0.000,8.275
10240,0,20,2,20536,0.000,8.275
10250,0,20,2,20596,0.000,8.415
10260,0,20,2,20655,0.000,8.275
10270,0,20,2,20715,0.000,8.415
10280,0,20,2,20775,0.000,8.415
10290,0,20,2,20835,0.000,8.415
10300,0,20,2,20894,0.000,8.275
10310,0,20,2,20954,0.000,8.415
10320,0,20,2,21015,0.000,8.555
10330,0,20,2,21075,0.000,8.415
10340,0,20,2,21135,0.000,8.415
10350,0,20,2,21195,0.000,8.415
10360,0,20,2,21256,0.000,8.555
10370,0,20,2,21316,0.000,8.415
10380,0,20,2,21375,0.000,8.275
10390,0,20,2,21435,0.000,8.415
10400,0,20,2,21494,0.000,8.275
10410,0,20,2,21553,0.000,8.275
10420,0,20,2,21612,0.000,8.275
10430,0,20,2,21670,0.000,8.134
10440,0,20,2,21729,0.000,8.275
10450,0,20,2,21787,0.000,8.134
10460,0,20,2,21845,0.000,8.134
10470,0,20,2,21902,0.000,7.994
10480,0,20,2,21960,0.000,8.134
10490,0,20,2,22017,0.000,7.994
10500,0,20,2,22074,0.000,7.994
10510,0,20,2,22131,0.000,7.994
10520,0,20,2,22188,0.000,7.994
10530,0,20,2,22244,0.000,7.854
10540,0,20,2,22301,0.000,7.994
10550,0,20,2,22356,0.000,7.714
10560,0,20,2,22412,0.000,7.854
10570,0,20,2,22466,0.000,7.573
10580,0,20,2,22521,0.000,7.714
10590,0,20,2,22576,0.000,7.714
10600,0,20,2,22631,0.000,7.714
10610,0,20,2,22685,0.000,7.573
10620,0,20,2,22740,0.000,7.714
10630,0,20,2,22794,0.000,7.573
10640,0,20,2,22850,0.000,7.854
10650,0,20,2,22906,0.000,7.854
10660,0,20,2,22962,0.000,7.854
10670,0,20,2,23019,0.000,7.994
10680,0,20,2,23075,0.000,7.854
10690,0,20,2,23131,0.000,7.854
10700,0,20,2,23186,0.000,7.714
10710,0,20,2,23242,0.000,7.854
10720,0,20,2,23297,0.000,7.714
10730,0,20,2,23353,0.000,7.854
10740,0,20,2,23408,0.000,7.714
10750,0,20,2,23464,0.000,7.854
10760,0,20,2,23520,0.000,7.854
10770,0,20,2,23575,0.000,7.714
10780,0,20,2,23631,0.000,7.854
10790,0,20,2,23686,0.000,7.714
10800,0,20,2,23742,0.000,7.854
10810,0,20,2,23798,0.000,7.854
10820,0,20,2,23854,0.000,7.854
10830,0,20,2,23910,0.000,7.854
10840,0,20,2,23966,0.000,7.854
10850,0,20,2,24021,0.000,7.714
10860,0,20,2,24078,0.000,7.994
10870,0,20,2,24134,0.000,7.854
10880,0,20,2,24190,0.000,7.854
10890,0,20,2,24247,0.000,7.994
10900,0,20,2,24304,0.000,7.994
10910,0,20,2,24361,0.000,7.994
10920,0,20,2,24418,0.000,7.994
10930,0,20,2,24476,0.000,8.134
10940,0,20,2,24533,0.000,7.994
10950,0,20,2,24591,0.000,8.134
10960,0,20,2,24649,0.000,8.134
10970,0,20,2,24707,0.000,8.134
10980,0,20,2,24766,0.000,8.275
10990,0,20,2,24825,0.000,8.275
11000,0,20,2,24884,0.000,8.275
11010,0,20,2,24943,0.000,8.275
11020,0,20,2,25002,0.000,8.275
11030,0,20,2,25061,0.000,8.275
11040,0,20,2,25121,0.000,8.415
11050,0,20,2,25181,0.000,8.415
11060,0,20,2,25241,0.000,8.415
11070,0,20,2,25301,0.000,8.415
11080,0,20,2,25361,0.000,8.415
11090,0,20,2,25421,0.000,8.415
11100,0,20,2,25482,0.000,8.555
11110,0,20,2,25543,0.000,8.555
11120,0,20,2,25603,0.000,8.415
11130,0,20,2,25664,0.000,8.555
11140,0,20,2,25724,0.000,8.415
11150,0,20,2,25784,0.000,8.415
11160,0,20,2,25844,0.000,8.415
11170,0,20,2,25904,0.000,8.415
11180,0,20,2,25963,0.000,8.275
11190,0,20,2,26022,0.000,8.275
11200,0,20,2,26081,0.000,8.275
11210,0,20,2,26140,0.000,8.275
11220,0,20,2,26198,0.000,8.134
11230,0,20,2,26256,0.000,8.134
11240,0,20,2,26313,0.000,7.994
11250,0,20,2,26371,0.000,8.134
11260,0,20,2,26428,0.000,7.994
11270,0,20,2,26485,0.000,7.994
11280,0,20,2,26542,0.000,7.994
11290,0,20,2,26599,0.000,7.994
11300,0,20,2,26656,0.000,7.994
11310,0,20,2,26712,0.000,7.854
11320,0,20,2,26769,0.000,7.994
11330,0,20,2,26825,0.000,7.854
11340,0,20,2,26881,0.000,7.854
11350,0,20,2,26937,0.000,7.854
11360,0,20,2,26993,0.000,7.854
11370,0,20,2,27049,0.000,7.854
11380,0,20,2,27104,0.000,7.714
11390,0,20,2,27160,0.000,7.854
11400,0,20,2,27215,0.000,7.714
11410,0,20,2,27270,0.000,7.714
11420,0,20,2,27325,0.000,7.714
11430,0,20,2,27381,0.000,7.854
11440,0,20,2,27436,0.000,7.714
11450,0,20,2,27491,0.000,7.714
11460,0,20,2,27547,0.000,7.854
11470,0,20,2,27602,0.000,7.714
11480,0,20,2,27657,0.000,7.714
11490,0,20,2,27713,0.000,7.854
11500,0,20,2,27768,0.000,7.714
11510,0,20,2,27824,0.000,7.854
11520,0,20,2,27879,0.000,7.714
11530,0,20,2,27935,0.000,7.854
11540,0,20,2,27990,0.000,7.714
11550,0,20,2,28046,0.000,7.854
11560,0,20,2,28101,0.000,7.714
11570,0,20,2,28157,0.000,7.854
11580,0,20,2,28213,0.000,7.854
11590,0,20,2,28268,0.000,7.714
11600,0,20,2,28324,0.000,7.854
11610,0,20,2,28380,0.000,7.854
11620,0,20,2,28436,0.000,7.854
11630,0,20,2,28493,0.000,7.994
11640,0,20,2,28549,0.000,7.854
11650,0,20,2,28605,0.000,7.854
11660,0,20,2,28662,0.000,7.994
11670,0,20,2,28719,0.000,7.994
11680,0,20,2,28776,0.000,7.994
11690,0,20,2,28833,0.000,7.994
11700,0,20,2,28890,0.000,7.994
11710,0,20,2,28948,0.000,8.134
11720,0,20,2,29005,0.000,7.994
11730,0,20,2,29064,0.000,8.275
11740,0,20,2,29122,0.000,8.134
11750,0,20,2,29180,0.000,8.134
11760,0,20,2,29239,0.000,8.275
11770,0,20,2,29297,0.000,8.134
11780,0,20,2,29356,0.000,8.275
11790,0,20,2,29415,0.000,8.275
11800,0,20,2,29475,0.000,8.415
11810,0,20,2,29534,0.000,8.275
11820,0,20,2,29594,0.000,8.415
11830,0,20,2,29653,0.000,8.275
11840,0,20,2,29714,0.000,8.555
11850,0,20,2,29774,0.000,8.415
11860,0,20,2,29834,0.000,8.415
11870,0,20,2,29894,0.000,8.415
11880,0,20,2,29955,0.000,8.555
11890,0,20,2,30016,0.000,8.555
11900,0,20,2,30076,0.000,8.415
11910,0,20,2,30137,0.000,8.555
11920,0,20,2,30198,0.000,8.555
11930,0,20,2,30258,0.000,8.415
11940,0,20,2,30317,0.000,8.275
11950,0,20,2,30377,0.000,8.415
11960,0,20,2,30437,0.000,8.415
11970,0,20,2,30496,0.000,8.275
11980,0,20,2,30555,0.000,8.275
11990,0,20,2,30614,0.000,8.275
12000,0,20,2,30672,0.000,8.134
12010,0,0,2,30731,0.000,8.275
12020,0,0,2,30789,0.000,8.134
12030,0,0,2,30845,0.000,7.854
12040,0,0,2,30897,0.000,7.293
12050,0,0,2,30942,0.000,6.311
12060,0,0,2,30978,0.000,5.049
12070,0,0,2,31006,0.000,3.927
12080,0,0,2,31027,0.000,2.945
12090,0,0,2,31043,0.000,2.244
12100,0,0,2,31054,0.000,1.543
12110,0,0,2,31061,0.000,0.982
12120,0,0,2,31066,0.000,0.701
12130,0,0,2,31068,0.000,0.280
12140,0,0,2,31068,0.000,0.000
12150,0,0,2,31068,0.000,0.000
12160,0,0,2,31068,0.000,0.000
12170,0,0,2,31068,0.000,0.000
12180,0,0,2,31068,0.000,0.000
12190,0,0,2,31068,0.000,0.000
12200,0,0,2,31068,0.000,0.000
12210,0,0,2,31068,0.000,0.000
12220,0,0,2,31068,0.000,0.000
12230,0,0,2,31068,0.000,0.000
12240,0,0,2,31068,0.000,0.000
12250,0,0,2,31068,0.000,0.000
12260,0,0,2,31068,0.000,0.000
12270,0,0,2,31068,0.000,0.000
12280,0,0,2,31068,0.000,0.000
12290,0,0,2,31068,0.000,0.000
12300,0,0,2,31068,0.000,0.000
12310,0,0,2,31068,0.000,0.000
12320,0,0,2,31068,0.000,0.000
12330,0,0,2,31068,0.000,0.000
12340,0,0,2,31068,0.000,0.000
12350,0,0,2,31068,0.000,0.000
12360,0,0,2,31068,0.000,0.000
12370,0,0,2,31068,0.000,0.000
12380,0,0,2,31068,0.000,0.000
12390,0,0,2,31068,0.000,0.000
12400,0,0,2,31068,0.000,0.000
12410,0,0,2,31068,0.000,0.000
12420,0,0,2,31068,0.000,0.000
12430,0,0,2,31068,0.000,0.000
12440,0,0,2,31068,0.000,0.000
12450,0,0,2,31068,0.000,0.000
12460,0,0,2,31068,0.000,0.000
12470,0,0,2,31068,0.000,0.000
12480,0,0,2,31068,0.000,0.000
12490,0,0,2,31068,0.000,0.000
12500,0,0,2,31068,0.000,0.000
12510,0,0,2,31068,0.000,0.000
12520,0,0,2,31068,0.000,0.000
12530,0,0,2,31068,0.000,0.000
12540,0,0,2,31068,0.000,0.000
12550,0,0,2,31068,0.000,0.000
12560,0,0,2,31068,0.000,0.000
12570,0,0,2,31068,0.000,0.000
12580,0,0,2,31068,0.000,0.000
12590,0,0,2,31068,0.000,0.000
12600,0,0,2,31068,0.000,0.000
12610,0,0,2,31068,0.000,0.000
12620,0,0,2,31068,0.000,0.000
12630,0,0,2,31068,0.000,0.000
12640,0,0,2,31068,0.000,0.000
12650,0,0,2,31068,0.000,0.000
12660,0,0,2,31068,0.000,0.000
12670,0,0,2,31068,0.000,0.000
12680,0,0,2,31068,0.000,0.000
12690,0,0,2,31068,0.000,0.000
12700,0,0,2,31068,0.000,0.000
12710,0,0,2,31068,0.000,0.000
12720,0,0,2,31068,0.000,0.000
12730,0,0,2,31068,0.000,0.000
12740,0,0,2,31068,0.000,0.000
12750,0,0,2,31068,0.000,0.000
12760,0,0,2,31068,0.000,0.000
12770,0,0,2,31068,0.000,0.000
12780,0,0,2,31068,0.000,0.000
12790,0,0,2,31068,0.000,0.000
12800,0,0,2,31068,0.000,0.000
12810,0,0,2,31068,0.000,0.000
12820,0,0,2,31068,0.000,0.000
12830,0,0,2,31068,0.000,0.000
12840,0,0,2,31068,0.000,0.000
12850,0,0,2,31068,0.000,0.000
12860,0,0,2,31068,0.000,0.000
12870,0,0,2,31068,0.000,0.000
12880,0,0,2,31068,0.000,0.000
12890,0,0,2,31068,0.000,0.000
12900,0,0,2,31068,0.000,0.000
12910,0,0,2,31068,0.000,0.000
12920,0,0,2,31068,0.000,0.000
12930,0,0,2,31068,0.000,0.000
12940,0,0,2,31068,0.000,0.000
12950,0,0,2,31068,0.000,0.000
12960,0,0,2,31068,0.000,0.000
12970,0,0,2,31068,0.000,0.000
12980,0,0,2,31068,0.000,0.000
12990,0,0,2,31068,0.000,0.000
13000,0,0,2,31068,0.000,0.000
13010,0,0,2,31068,0.000,0.000
13020,0,0,2,31068,0.000,0.000
13030,0,0,2,31068,0.000,0.000
13040,0,0,2,31068,0.000,0.000
13050,0,0,2,31068,0.000,0.000
13060,0,0,2,31068,0.000,0.000
13070,0,0,2,31068,0.000,0.000
13080,0,0,2,31068,0.000,0.000
13090,0,0,2,31068,0.000,0.000
13100,0,0,2,31068,0.000,0.000
13110,0,0,2,31068,0.000,0.000
13120,0,0,2,31068,0.000,0.000
13130,0,0,2,31068,0.000,0.000
13140,0,0,2,31068,0.000,0.000
13150,0,0,2,31068,0.000,0.000
13160,0,0,2,31068,0.000,0.000
13170,0,0,2,31068,0.000,0.000
13180,0,0,2,31068,0.000,0.000
13190,0,0,2,31068,0.000,0.000
13200,0,0,2,31068,0.000,0.000
13210,0,0,2,31068,0.000,0.000
13220,0,0,2,31068,0.000,0.000
13230,0,0,2,31068,0.000,0.000
13240,0,0,2,31068,0.000,0.000
13250,0,0,2,31068,0.000,0.000
13260,0,0,2,31068,0.000,0.000
13270,0,0,2,31068,0.000,0.000
13280,0,0,2,31068,0.000,0.000
13290,0,0,2,31068,0.000,0.000
13300,0,0,2,31068,0.000,0.000
13310,0,0,2,31068,0.000,0.000
13320,0,0,2,31068,0.000,0.000
13330,0,0,2,31068,0.000,0.000
13340,0,0,2,31068,0.000,0.000
13350,0,0,2,31068,0.000,0.000
13360,0,0,2,31068,0.000,0.000
13370,0,0,2,31068,0.000,0.000
13380,0,0,2,31068,0.000,0.000
13390,0,0,2,31068,0.000,0.000
13400,0,0,2,31068,0.000,0.000
13410,0,0,2,31068,0.000,0.000
13420,0,0,2,31068,0.000,0.000
13430,0,0,2,31068,0.000,0.000
13440,0,0,2,31068,0.000,0.000
13450,0,0,2,31068,0.000,0.000
13460,0,0,2,31068,0.000,0.000
13470,0,0,2,31068,0.000,0.000
13480,0,0,2,31068,0.000,0.000
13490,0,0,2,31068,0.000,0.000
13500,0,0,2,31068,0.000,0.000
13510,0,0,2,31068,0.000,0.000
13520,0,0,2,31068,0.000,0.000
13530,0,0,2,31068,0.000,0.000
13540,0,0,2,31068,0.000,0.000
13550,0,0,2,31068,0.000,0.000
13560,0,0,2,31068,0.000,0.000
13570,0,0,2,31068,0.000,0.000
13580,0,0,2,31068,0.000,0.000
13590,0,0,2,31068,0.000,0.000
13600,0,0,2,31068,0.000,0.000
13610,0,0,2,31068,0.000,0.000
13620,0,0,2,31068,0.000,0.000
13630,0,0,2,31068,0.000,0.000
13640,0,0,2,31068,0.000,0.000
13650,0,0,2,31068,0.000,0.000
13660,0,0,2,31068,0.000,0.000
13670,0,0,2,31068,0.000,0.000
13680,0,0,2,31068,0.000,0.000
13690,0,0,2,31068,0.000,0.000
13700,0,0,2,31068,0.000,0.000
13710,0,0,2,31068,0.000,0.000
13720,0,0,2,31068,0.000,0.000
13730,0,0,2,31068,0.000,0.000
13740,0,0,2,31068,0.000,0.000
13750,0,0,2,31068,0.000,0.000
13760,0,0,2,31068,0.000,0.000
13770,0,0,2,31068,0.000,0.000
13780,0,0,2,31068,0.000,0.000
13790,0,0,2,31068,0.000,0.000
13800,0,0,2,31068,0.000,0.000
13810,0,0,2,31068,0.000,0.000
13820,0,0,2,31068,0.000,0.000
13830,0,0,2,31068,0.000,0.000
13840,0,0,2,31068,0.000,0.000
13850,0,0,2,31068,0.000,0.000
13860,0,0,2,31068,0.000,0.000
13870,0,0,2,31068,0.000,0.000
13880,0,0,2,31068,0.000,0.000
13890,0,0,2,31068,0.000,0.000
13900,0,0,2,31068,0.000,0.000
13910,0,0,2,31068,0.000,0.000
13920,0,0,2,31068,0.000,0.000
13930,0,0,2,31068,0.000,0.000
13940,0,0,2,31068,0.000,0.000
13950,0,0,2,31068,0.000,0.000
13960,0,0,2,31068,0.000,0.000
13970,0,0,2,31068,0.000,0.000
13980,0,0,2,31068,0.000,0.000
13990,0,0,2,31068,0.000,0.000
14000,0,0,2,31068,0.000,0.000
14010,0,0,2,31068,0.000,0.000
14020,0,0,2,31068,0.000,0.000
14030,0,0,2,31068,0.000,0.000
14040,0,0,2,31068,0.000,0.000
14050,0,0,2,31068,0.000,0.000
14060,0,0,2,31068,0.000,0.000
14070,0,0,2,31068,0.000,0.000
14080,0,0,2,31068,0.000,0.000
14090,0,0,2,31068,0.000,0.000
14100,0,0,2,31068,0.000,0.000
14110,0,0,2,31068,0.000,0.000
14120,0,0,2,31068,0.000,0.000
14130,0,0,2,31068,0.000,0.000
14140,0,0,2,31068,0.000,0.000
14150,0,0,2,31068,0.000,0.000
14160,0,0,2,31068,0.000,0.000
14170,0,0,2,31068,0.000,0.000
14180,0,0,2,31068,0.000,0.000
14190,0,0,2,31068,0.000,0.000
14200,0,0,2,31068,0.000,0.000
14210,0,0,2,31068,0.000,0.000
14220,0,0,2,31068,0.000,0.000
14230,0,0,2,31068,0.000,0.000
14240,0,0,2,31068,0.000,0.000
14250,0,0,2,31068,0.000,0.000
14260,0,0,2,31068,0.000,0.000
14270,0,0,2,31068,0.000,0.000
14280,0,0,2,31068,0.000,0.000
14290,0,0,2,31068,0.000,0.000
14300,0,0,2,31068,0.000,0.000
14310,0,0,2,31068,0.000,0.000
14320,0,0,2,31068,0.000,0.000
14330,0,0,2,31068,0.000,0.000
14340,0,0,2,31068,0.000,0.000
14350,0,0,2,31068,0.000,0.000
14360,0,0,2,31068,0.000,0.000
14370,0,0,2,31068,0.000,0.000
14380,0,0,2,31068,0.000,0.000
14390,0,0,2,31068,0.000,0.000
14400,0,0,2,31068,0.000,0.000
14410,0,0,2,31068,0.000,0.000
14420,0,0,2,31068,0.000,0.000
14430,0,0,2,31068,0.000,0.000
14440,0,0,2,31068,0.000,0.000
14450,0,0,2,31068,0.000,0.000
14460,0,0,2,31068,0.000,0.000
14470,0,0,2,31068,0.000,0.000
14480,0,0,2,31068,0.000,0.000
14490,0,0,2,31068,0.000,0.000
14500,0,0,2,31068,0.000,0.000
14510,0,0,2,31068,0.000,0.000
14520,0,0,2,31068,0.000,0.000
14530,0,0,2,31068,0.000,0.000
14540,0,0,2,31068,0.000,0.000
14550,0,0,2,31068,0.000,0.000
14560,0,0,2,31068,0.000,0.000
14570,0,0,2,31068,0.000,0.000
14580,0,0,2,31068,0.000,0.000
14590,0,0,2,31068,0.000,0.000
14600,0,0,2,31068,0.000,0.000
14610,0,0,2,31068,0.000,0.000
14620,0,0,2,31068,0.000,0.000
14630,0,0,2,31068,0.000,0.000
14640,0,0,2,31068,0.000,0.000
14650,0,0,2,31068,0.000,0.000
14660,0,0,2,31068,0.000,0.000
14670,0,0,2,31068,0.000,0.000
14680,0,0,2,31068,0.000,0.000
14690,0,0,2,31068,0.000,0.000
14700,0,0,2,31068,0.000,0.000
14710,0,0,2,31068,0.000,0.000
14720,0,0,2,31068,0.000,0.000
14730,0,0,2,31068,0.000,0.000
14740,0,0,2,31068,0.000,0.000
14750,0,0,2,31068,0.000,0.000
14760,0,0,2,31068,0.000,0.000
14770,0,0,2,31068,0.000,0.000
14780,0,0,2,31068,0.000,0.000
14790,0,0,2,31068,0.000,0.000
14800,0,0,2,31068,0.000,0.000
14810,0,0,2,31068,0.000,0.000
14820,0,0,2,31068,0.000,0.000
14830,0,0,2,31068,0.000,0.000
14840,0,0,2,31068,0.000,0.000
14850,0,0,2,31068,0.000,0.000
14860,0,0,2,31068,0.000,0.000
14870,0,0,2,31068,0.000,0.000
14880,0,0,2,31068,0.000,0.000
14890,0,0,2,31068,0.000,0.000
14900,0,0,2,31068,0.000,0.000
14910,0,0,2,31068,0.000,0.000
14920,0,0,2,31068,0.000,0.000
14930,0,0,2,31068,0.000,0.000
14940,0,0,2,31068,0.000,0.000
14950,0,0,2,31068,0.000,0.000
14960,0,0,2,31068,0.000,0.000
14970,0,0,2,31068,0.000,0.000
14980,0,0,2,31068,0.000,0.000
14990,0,0,2,31068,0.000,0.000
15000,0,0,2,31068,0.000,0.000
15010,0,40,2,31068,0.000,0.000
15020,0,40,2,31068,0.000,0.000
15030,0,40,2,31069,0.000,0.140
15040,0,40,2,31077,0.000,1.122
15050,0,40,2,31092,0.000,2.104
15060,0,40,2,31109,0.000,2.384
15070,0,40,2,31124,0.000,2.104
15080,0,40,2,31137,0.000,1.823
15090,0,40,2,31147,0.000,1.402
15100,0,40,2,31156,0.000,1.262
15110,0,40,2,31161,0.000,0.701
15120,0,40,2,31165,0.000,0.561
15130,0,40,2,31166,0.000,0.140
15140,0,40,2,31166,0.000,0.000
15150,0,40,2,31166,0.000,0.000
15160,0,40,2,31166,0.000,0.000
15170,0,40,2,31166,0.000,0.000
15180,0,40,2,31166,0.000,0.000
15190,0,40,2,31166,0.000,0.000
15200,0,40,2,31166,0.000,0.000
15210,0,40,2,31166,0.000,0.000
15220,0,40,2,31166,0.000,0.000
15230,0,40,2,31166,0.000,0.000
15240,0,40,2,31166,0.000,0.000
15250,0,40,2,31166,0.000,0.000
15260,0,40,2,31166,0.000,0.000
15270,0,40,2,31166,0.000,0.000
15280,0,40,2,31166,0.000,0.000
15290,0,40,2,31166,0.000,0.000
15300,0,40,2,31166,0.000,0.000
15310,0,40,2,31166,0.000,0.000
15320,0,40,2,31166,0.000,0.000
15330,0,40,2,31166,0.000,0.000
15340,0,40,2,31166,0.000,0.000
15350,0,40,2,31166,0.000,0.000
15360,0,40,2,31166,0.000,0.000
15370,0,40,2,31166,0.000,0.000
15380,0,40,2,31166,0.000,0.000
15390,0,40,2,31166,0.000,0.000
15400,0,40,2,31166,0.000,0.000
15410,0,40,2,31166,0.000,0.000
15420,0,40,2,31166,0.000,0.000
15430,0,40,2,31166,0.000,0.000
15440,0,40,2,31166,0.000,0.000
15450,0,40,2,31166,0.000,0.000
15460,0,40,2,31166,0.000,0.000
15470,0,40,2,31166,0.000,0.000
15480,0,40,2,31166,0.000,0.000
15490,0,40,2,31166,0.000,0.000
15500,0,40,2,31166,0.000,0.000
15510,0,40,2,31166,0.000,0.000
15520,0,40,2,31166,0.000,0.000
15530,0,40,2,31166,0.000,0.000
15540,0,40,2,31166,0.000,0.000
15550,0,40,2,31166,0.000,0.000
15560,0,40,2,31166,0.000,0.000
15570,0,40,2,31166,0.000,0.000
15580,0,40,2,31166,0.000,0.000
15590,0,40,2,31166,0.000,0.000
15600,0,40,2,31166,0.000,0.000
15610,0,40,2,31166,0.000,0.000
15620,0,40,2,31166,0.000,0.000
15630,0,40,2,31166,0.000,0.000
15640,0,40,2,31166,0.000,0.000
15650,0,40,2,31166,0.000,0.000
15660,0,40,2,31166,0.000,0.000
15670,0,40,2,31166,0.000,0.000
15680,0,40,2,31166,0.000,0.000
15690,0,40,2,31166,0.000,0.000
15700,0,40,2,31166,0.000,0.000
15710,0,40,2,31166,0.000,0.000
15720,0,40,2,31166,0.000,0.000
15730,0,40,2,31166,0.000,0.000
15740,0,40,2,31166,0.000,0.000
15750,0,40,2,31166,0.000,0.000
15760,0,40,2,31166,0.000,0.000
15770,0,40,2,31166,0.000,0.000
15780,0,40,2,31166,0.000,0.000
15790,0,40,2,31166,0.000,0.000
15800,0,40,2,31166,0.000,0.000
15810,0,40,2,31166,0.000,0.000
15820,0,40,2,31166,0.000,0.000
15830,0,40,2,31166,0.000,0.000
15840,0,40,2,31166,0.000,0.000
15850,0,40,2,31166,0.000,0.000
15860,0,40,2,31166,0.000,0.000
15870,0,40,2,31166,0.000,0.000
15880,0,40,2,31166,0.000,0.000
15890,0,40,2,31166,0.000,0.000
15900,0,40,2,31166,0.000,0.000
15910,0,40,2,31166,0.000,0.000
15920,0,40,2,31166,0.000,0.000
15930,0,40,2,31166,0.000,0.000
15940,0,40,2,31166,0.000,0.000
15950,0,40,2,31166,0.000,0.000
15960,0,40,2,31166,0.000,0.000
15970,0,40,2,31166,0.000,0.000
15980,0,40,2,31166,0.000,0.000
15990,0,40,2,31166,0.000,0.000
16000,0,40,2,31166,0.000,0.000
16010,0,40,2,31166,0.000,0.000
16020,0,40,2,31166,0.000,0.000
16030,0,40,2,31166,0.000,0.000
16040,0,40,2,31166,0.000,0.000
16050,0,40,2,31166,0.000,0.000
16060,0,40,2,31166,0.000,0.000
16070,0,40,2,31166,0.000,0.000
16080,0,40,2,31166,0.000,0.000
16090,0,40,2,31166,0.000,0.000
16100,0,40,2,31166,0.000,0.000
16110,0,40,2,31166,0.000,0.000
16120,0,40,2,31166,0.000,0.000
16130,0,40,2,31166,0.000,0.000
16140,0,40,2,31166,0.000,0.000
16150,0,40,2,31166,0.000,0.000
16160,0,40,2,31166,0.000,0.000
16170,0,40,2,31166,0.000,0.000
16180,0,40,2,31166,0.000,0.000
16190,0,40,2,31166,0.000,0.000
16200,0,40,2,31166,0.000,0.000
16210,0,40,2,31166,0.000,0.000
16220,0,40,2,31166,0.000,0.000
16230,0,40,2,31166,0.000,0.000
16240,0,40,2,31166,0.000,0.000
16250,0,40,2,31166,0.000,0.000
16260,0,40,2,31166,0.000,0.000
16270,0,40,2,31166,0.000,0.000
16280,0,40,2,31166,0.000,0.000
16290,0,40,2,31166,0.000,0.000
16300,0,40,2,31166,0.000,0.000
16310,0,40,2,31166,0.000,0.000
16320,0,40,2,31166,0.000,0.000
16330,0,40,2,31166,0.000,0.000
16340,0,40,2,31166,0.000,0.000
16350,0,40,2,31166,0.000,0.000
16360,0,40,2,31166,0.000,0.000
16370,0,40,2,31166,0.000,0.000
16380,0,40,2,31166,0.000,0.000
16390,0,40,2,31166,0.000,0.000
16400,0,40,2,31166,0.000,0.000
16410,0,40,2,31166,0.000,0.000
16420,0,40,2,31166,0.000,0.000
16430,0,40,2,31166,0.000,0.000
16440,0,40,2,31166,0.000,0.000
16450,0,40,2,31166,0.000,0.000
16460,0,40,2,31166,0.000,0.000
16470,0,40,2,31166,0.000,0.000
16480,0,40,2,31166,0.000,0.000
16490,0,40,2,31166,0.000,0.000
16500,0,40,2,31166,0.000,0.000
16510,0,40,2,31166,0.000,0.000
16520,0,40,2,31166,0.000,0.000
16530,0,40,2,31166,0.000,0.000
16540,0,40,2,31166,0.000,0.000
16550,0,40,2,31166,0.000,0.000
16560,0,40,2,31166,0.000,0.000
16570,0,40,2,31166,0.000,0.000
16580,0,40,2,31166,0.000,0.000
16590,0,40,2,31166,0.000,0.000
16600,0,40,2,31166,0.000,0.000
16610,0,40,2,31166,0.000,0.000
16620,0,40,2,31166,0.000,0.000
16630,0,40,2,31166,0.000,0.000
16640,0,40,2,31166,0.000,0.000
16650,0,40,2,31166,0.000,0.000
16660,0,40,2,31166,0.000,0.000
16670,0,40,2,31166,0.000,0.000
16680,0,40,2,31166,0.000,0.000
16690,0,40,2,31166,0.000,0.000
16700,0,40,2,31166,0.000,0.000
16710,0,40,2,31166,0.000,0.000
16720,0,40,2,31166,0.000,0.000
16730,0,40,2,31166,0.000,0.000
16740,0,40,2,31166,0.000,0.000
16750,0,40,2,31166,0.000,0.000
16760,0,40,2,31166,0.000,0.000
16770,0,40,2,31166,0.000,0.000
16780,0,40,2,31166,0.000,0.000
16790,0,40,2,31166,0.000,0.000
16800,0,40,2,31166,0.000,0.000
16810,0,40,2,31166,0.000,0.000
16820,0,40,2,31166,0.000,0.000
16830,0,40,2,31166,0.000,0.000
16840,0,40,2,31166,0.000,0.000
16850,0,40,2,31166,0.000,0.000
16860,0,40,2,31166,0.000,0.000
16870,0,40,2,31166,0.000,0.000
16880,0,40,2,31166,0.000,0.000
16890,0,40,2,31166,0.000,0.000
16900,0,40,3,31166,0.140,0.000
16910,0,40,3,31166,0.000,0.000
16920,0,40,3,31166,0.000,0.000
16930,0,40,3,31166,0.000,0.000
16940,0,40,3,31166,0.000,0.000
16950,0,40,3,31166,0.000,0.000
16960,0,40,3,31166,0.000,0.000
16970,0,40,3,31166,0.000,0.000
16980,0,40,3,31166,0.000,0.000
16990,0,40,3,31166,0.000,0.000
17000,0,40,3,31166,0.000,0.000
17010,0,40,3,31166,0.000,0.000
17020,0,40,3,31166,0.000,0.000
17030,0,40,3,31166,0.000,0.000
17040,0,40,3,31166,0.000,0.000
17050,0,40,3,31166,0.000,0.000
17060,0,40,3,31166,0.000,0.000
17070,0,40,3,31166,0.000,0.000
17080,0,40,3,31166,0.000,0.000
17090,0,40,3,31166,0.000,0.000
17100,0,40,3,31166,0.000,0.000
17110,0,40,3,31166,0.000,0.000
17120,0,40,3,31166,0.000,0.000
17130,0,40,3,31166,0.000,0.000
17140,0,40,3,31166,0.000,0.000
17150,0,40,3,31166,0.000,0.000
17160,0,40,3,31166,0.000,0.000
17170,0,40,3,31166,0.000,0.000
17180,0,40,3,31166,0.000,0.000
17190,0,40,3,31166,0.000,0.000
17200,0,40,3,31166,0.000,0.000
17210,0,40,3,31166,0.000,0.000
17220,0,40,3,31166,0.000,0.000
17230,0,40,3,31166,0.000,0.000
17240,0,40,3,31166,0.000,0.000
17250,0,40,3,31166,0.000,0.000
17260,0,40,3,31166,0.000,0.000
17270,0,40,3,31166,0.000,0.000
17280,0,40,3,31166,0.000,0.000
17290,0,40,3,31166,0.000,0.000
17300,0,40,3,31166,0.000,0.000
17310,0,40,3,31166,0.000,0.000
17320,0,40,3,31166,0.000,0.000
17330,0,40,3,31166,0.000,0.000
17340,0,40,3,31166,0.000,0.000
17350,0,40,3,31166,0.000,0.000
17360,0,40,3,31166,0.000,0.000
17370,0,40,3,31166,0.000,0.000
17380,0,40,3,31166,0.000,0.000
17390,0,40,3,31166,0.000,0.000
17400,0,40,3,31166,0.000,0.000
17410,0,40,3,31166,0.000,0.000
17420,0,40,3,31166,0.000,0.000
17430,0,40,3,31166,0.000,0.000
17440,0,40,3,31166,0.000,0.000
17450,0,40,3,31166,0.000,0.000
17460,0,40,3,31166,0.000,0.000
17470,0,40,3,31166,0.000,0.000
17480,0,40,3,31166,0.000,0.000
17490,0,40,3,31166,0.000,0.000
17500,0,40,3,31166,0.000,0.000
17510,0,40,3,31166,0.000,0.000
17520,0,40,3,31166,0.000,0.000
17530,0,40,3,31166,0.000,0.000
17540,0,40,3,31166,0.000,0.000
17550,0,40,3,31166,0.000,0.000
17560,0,40,3,31166,0.000,0.000
17570,0,40,3,31166,0.000,0.000
17580,0,40,3,31166,0.000,0.000
17590,0,40,3,31166,0.000,0.000
17600,0,40,3,31166,0.000,0.000
17610,0,40,3,31166,0.000,0.000
17620,0,40,3,31166,0.000,0.000
17630,0,40,3,31166,0.000,0.000
17640,0,40,3,31166,0.000,0.000
17650,0,40,3,31166,0.000,0.000
17660,0,40,3,31166,0.000,0.000
17670,0,40,3,31166,0.000,0.000
17680,0,40,3,31166,0.000,0.000
17690,0,40,3,31166,0.000,0.000
17700,0,40,3,31166,0.000,0.000
17710,0,40,3,31166,0.000,0.000
17720,0,40,3,31166,0.000,0.000
17730,0,40,3,31166,0.000,0.000
17740,0,40,3,31166,0.000,0.000
17750,0,40,3,31166,0.000,0.000
17760,0,40,3,31166,0.000,0.000
17770,0,40,3,31166,0.000,0.000
17780,0,40,3,31166,0.000,0.000
17790,0,40,3,31166,0.000,0.000
17800,0,40,3,31166,0.000,0.000
17810,0,40,3,31166,0.000,0.000
17820,0,40,3,31166,0.000,0.000
17830,0,40,3,31166,0.000,0.000
17840,0,40,3,31166,0.000,0.000
17850,0,40,3,31166,0.000,0.000
17860,0,40,3,31166,0.000,0.000
17870,0,40,3,31166,0.000,0.000
17880,0,40,3,31166,0.000,0.000
17890,0,40,3,31166,0.000,0.000
17900,0,40,3,31166,0.000,0.000
17910,0,40,3,31166,0.000,0.000
17920,0,40,3,31166,0.000,0.000
17930,0,40,3,31166,0.000,0.000
17940,0,40,3,31166,0.000,0.000
17950,0,40,3,31166,0.000,0.000
17960,0,40,3,31166,0.000,0.000
17970,0,40,3,31166,0.000,0.000
17980,0,40,3,31166,0.000,0.000
17990,0,40,3,31166,0.000,0.000
18000,0,40,3,31166,0.000,0.000
18010,0,0,3,31166,0.000,0.000
18020,0,0,3,31166,0.000,0.000
18030,0,0,3,31165,0.000,-0.140
18040,0,0,3,31154,0.000,-1.543
18050,0,0,3,31135,0.000,-2.665
18060,0,0,3,31116,0.000,-2.665
18070,0,0,2,31099,-0.140,-2.384
18080,0,0,2,31083,0.000,-2.244
18090,0,0,2,31070,0.000,-1.823
18100,0,0,2,31059,0.000,-1.543
18110,0,0,2,31051,0.000,-1.122
18120,0,0,2,31045,0.000,-0.841
18130,0,0,2,31041,0.000,-0.561
18140,0,0,2,31041,0.000,0.000
18150,0,0,2,31041,0.000,0.000
18160,0,0,2,31041,0.000,0.000
18170,0,0,2,31041,0.000,0.000
18180,0,0,2,31041,0.000,0.000
18190,0,0,2,31041,0.000,0.000
18200,0,0,2,31041,0.000,0.000
18210,0,0,2,31041,0.000,0.000
18220,0,0,2,31041,0.000,0.000
18230,0,0,2,31041,0.000,0.000
18240,0,0,2,31041,0.000,0.000
18250,0,0,2,31041,0.000,0.000
18260,0,0,2,31041,0.000,0.000
18270,0,0,2,31041,0.000,0.000
18280,0,0,2,31041,0.000,0.000
18290,0,0,2,31041,0.000,0.000
18300,0,0,2,31041,0.000,0.000
18310,0,0,2,31041,0.000,0.000
18320,0,0,2,31041,0.000,0.000
18330,0,0,2,31041,0.000,0.000
18340,0,0,2,31041,0.000,0.000
18350,0,0,2,31041,0.000,0.000
18360,0,0,2,31041,0.000,0.000
18370,0,0,2,31041,0.000,0.000
18380,0,0,2,31041,0.000,0.000
18390,0,0,2,31041,0.000,0.000
18400,0,0,2,31041,0.000,0.000
18410,0,0,2,31041,0.000,0.000
18420,0,0,2,31041,0.000,0.000
18430,0,0,2,31041,0.000,0.000
18440,0,0,2,31041,0.000,0.000
18450,0,0,2,31041,0.000,0.000
18460,0,0,2,31041,0.000,0.000
18470,0,0,2,31041,0.000,0.000
18480,0,0,2,31041,0.000,0.000
18490,0,0,2,31041,0.000,0.000
18500,0,0,2,31041,0.000,0.000
18510,0,0,2,31041,0.000,0.000
18520,0,0,2,31041,0.000,0.000
18530,0,0,2,31041,0.000,0.000
18540,0,0,2,31041,0.000,0.000
18550,0,0,2,31041,0.000,0.000
18560,0,0,2,31041,0.000,0.000
18570,0,0,2,31041,0.000,0.000
18580,0,0,2,31041,0.000,0.000
18590,0,0,2,31041,0.000,0.000
18600,0,0,2,31041,0.000,0.000
18610,0,0,2,31041,0.000,0.000
18620,0,0,2,31041,0.000,0.000
18630,0,0,2,31041,0.000,0.000
18640,0,0,2,31041,0.000,0.000
18650,0,0,2,31041,0.000,0.000
18660,0,0,2,31041,0.000,0.000
18670,0,0,2,31041,0.000,0.000
18680,0,0,2,31041,0.000,0.000
18690,0,0,2,31041,0.000,0.000
18700,0,0,2,31041,0.000,0.000
18710,0,0,2,31041,0.000,0.000
18720,0,0,2,31041,0.000,0.000
18730,0,0,2,31041,0.000,0.000
18740,0,0,2,31041,0.000,0.000
18750,0,0,2,31041,0.000,0.000
18760,0,0,2,31041,0.000,0.000
18770,0,0,2,31041,0.000,0.000
18780,0,0,2,31041,0.000,0.000
18790,0,0,2,31041,0.000,0.000
18800,0,0,2,31041,0.000,0.000
18810,0,0,2,31041,0.000,0.000
18820,0,0,2,31041,0.000,0.000
18830,0,0,2,31041,0.000,0.000
18840,0,0,2,31041,0.000,0.000
18850,0,0,2,31041,0.000,0.000
18860,0,0,2,31041,0.000,0.000
18870,0,0,2,31041,0.000,0.000
18880,0,0,2,31041,0.000,0.000
18890,0,0,2,31041,0.000,0.000
18900,0,0,2,31041,0.000,0.000
18910,0,0,2,31041,0.000,0.000
18920,0,0,2,31041,0.000,0.000
18930,0,0,2,31041,0.000,0.000
18940,0,0,2,31041,0.000,0.000
18950,0,0,2,31041,0.000,0.000
18960,0,0,2,31041,0.000,0.000
18970,0,0,2,31041,0.000,0.000
18980,0,0,2,31041,0.000,0.000
18990,0,0,2,31041,0.000,0.000
19000,0,0,2,31041,0.000,0.000
19010,0,0,2,31041,0.000,0.000
19020,0,0,2,31041,0.000,0.000
19030,0,0,2,31041,0.000,0.000
19040,0,0,2,31041,0.000,0.000
19050,0,0,2,31041,0.000,0.000
19060,0,0,2,31041,0.000,0.000
19070,0,0,2,31041,0.000,0.000
19080,0,0,2,31041,0.000,0.000
19090,0,0,2,31041,0.000,0.000
19100,0,0,2,31041,0.000,0.000
19110,0,0,2,31041,0.000,0.000
19120,0,0,2,31041,0.000,0.000
19130,0,0,2,31041,0.000,0.000
19140,0,0,2,31041,0.000,0.000
19150,0,0,2,31041,0.000,0.000
19160,0,0,2,31041,0.000,0.000
19170,0,0,2,31041,0.000,0.000
19180,0,0,2,31041,0.000,0.000
19190,0,0,2,31041,0.000,0.000
19200,0,0,2,31041,0.000,0.000
19210,0,0,2,31041,0.000,0.000
19220,0,0,2,31041,0.000,0.000
19230,0,0,2,31041,0.000,0.000
19240,0,0,2,31041,0.000,0.000
19250,0,0,2,31041,0.000,0.000
19260,0,0,2,31041,0.000,0.000
19270,0,0,2,31041,0.000,0.000
19280,0,0,2,31041,0.000,0.000
19290,0,0,2,31041,0.000,0.000
19300,0,0,2,31041,0.000,0.000
19310,0,0,2,31041,0.000,0.000
19320,0,0,2,31041,0.000,0.000
19330,0,0,2,31041,0.000,0.000
19340,0,0,2,31041,0.000,0.000
19350,0,0,2,31041,0.000,0.000
19360,0,0,2,31041,0.000,0.000
19370,0,0,2,31041,0.000,0.000
19380,0,0,2,31041,0.000,0.000
19390,0,0,2,31041,0.000,0.000
19400,0,0,2,31041,0.000,0.000
19410,0,0,2,31041,0.000,0.000
19420,0,0,2,31041,0.000,0.000
19430,0,0,2,31041,0.000,0.000
19440,0,0,2,31041,0.000,0.000
19450,0,0,2,31041,0.000,0.000
19460,0,0,2,31041,0.000,0.000
19470,0,0,2,31041,0.000,0.000
19480,0,0,2,31041,0.000,0.000
19490,0,0,2,31041,0.000,0.000
19500,0,0,2,31041,0.000,0.000
19510,0,0,2,31041,0.000,0.000
19520,0,0,2,31041,0.000,0.000
19530,0,0,2,31041,0.000,0.000
19540,0,0,2,31041,0.000,0.000
19550,0,0,2,31041,0.000,0.000
19560,0,0,2,31041,0.000,0.000
19570,0,0,2,31041,0.000,0.000
19580,0,0,2,31041,0.000,0.000
19590,0,0,2,31041,0.000,0.000
19600,0,0,2,31041,0.000,0.000
19610,0,0,2,31041,0.000,0.000
19620,0,0,2,31041,0.000,0.000
19630,0,0,2,31041,0.000,0.000
19640,0,0,2,31041,0.000,0.000
19650,0,0,2,31041,0.000,0.000
19660,0,0,2,31041,0.000,0.000
19670,0,0,2,31041,0.000,0.000
19680,0,0,2,31041,0.000,0.000
19690,0,0,2,31041,0.000,0.000
19700,0,0,2,31041,0.000,0.000
19710,0,0,2,31041,0.000,0.000
19720,0,0,2,31041,0.000,0.000
19730,0,0,2,31041,0.000,0.000
19740,0,0,2,31041,0.000,0.000
19750,0,0,2,31041,0.000,0.000
19760,0,0,2,31041,0.000,0.000
19770,0,0,2,31041,0.000,0.000
19780,0,0,2,31041,0.000,0.000
19790,0,0,2,31041,0.000,0.000
19800,0,0,2,31041,0.000,0.000
19810,0,0,2,31041,0.000,0.000
19820,0,0,2,31041,0.000,0.000
19830,0,0,2,31041,0.000,0.000
19840,0,0,2,31041,0.000,0.000
19850,0,0,2,31041,0.000,0.000
19860,0,0,2,31041,0.000,0.000
19870,0,0,2,31041,0.000,0.000
19880,0,0,2,31041,0.000,0.000
19890,0,0,2,31041,0.000,0.000
19900,0,0,2,31041,0.000,0.000
19910,0,0,2,31041,0.000,0.000
19920,0,0,2,31041,0.000,0.000
19930,0,0,2,31041,0.000,0.000
19940,0,0,2,31041,0.000,0.000
19950,0,0,2,31041,0.000,0.000
19960,0,0,2,31041,0.000,0.000
19970,0,0,2,31041,0.000,0.000
19980,0,0,3,31042,0.140,0.140
19990,0,0,3,31044,0.000,0.280
20000,0,0,3,31046,0.000,0.280
20010,0,0,3,31049,0.000,0.421
20020,0,0,3,31052,0.000,0.421
20030,0,0,3,31053,0.000,0.140
20040,0,0,3,31053,0.000,0.000
20050,0,0,3,31053,0.000,0.000
20060,0,0,3,31053,0.000,0.000
20070,0,0,3,31053,0.000,0.000
20080,0,0,3,31053,0.000,0.000
20090,0,0,3,31053,0.000,0.000
20100,0,0,3,31053,0.000,0.000
20110,0,0,3,31053,0.000,0.000
20120,0,0,3,31053,0.000,0.000
20130,0,0,3,31053,0.000,0.000
20140,0,0,3,31053,0.000,0.000
20150,0,0,3,31053,0.000,0.000
20160,0,0,3,31053,0.000,0.000
20170,0,0,3,31053,0.000,0.000
20180,0,0,3,31053,0.000,0.000
20190,0,0,3,31053,0.000,0.000
20200,0,0,3,31053,0.000,0.000
20210,0,0,3,31053,0.000,0.000
20220,0,0,3,31053,0.000,0.000
20230,0,0,3,31053,0.000,0.000
20240,0,0,3,31053,0.000,0.000
20250,0,0,3,31053,0.000,0.000
20260,0,0,3,31053,0.000,0.000
20270,0,0,3,31053,0.000,0.000
20280,0,0,3,31053,0.000,0.000
20290,0,0,3,31053,0.000,0.000
20300,0,0,3,31053,0.000,0.000
20310,0,0,3,31053,0.000,0.000
20320,0,0,3,31053,0.000,0.000
20330,0,0,3,31053,0.000,0.000
20340,0,0,3,31053,0.000,0.000
20350,0,0,3,31053,0.000,0.000
20360,0,0,3,31053,0.000,0.000
20370,0,0,3,31053,0.000,0.000
20380,0,0,3,31053,0.000,0.000
20390,0,0,3,31053,0.000,0.000
20400,0,0,3,31053,0.000,0.000
20410,0,0,3,31053,0.000,0.000
20420,0,0,3,31053,0.000,0.000
20430,0,0,3,31053,0.000,0.000
20440,0,0,3,31053,0.000,0.000
20450,0,0,3,31053,0.000,0.000
20460,0,0,3,31053,0.000,0.000
20470,0,0,3,31053,0.000,0.000
20480,0,0,3,31053,0.000,0.000
20490,0,0,3,31053,0.000,0.000
20500,0,0,3,31053,0.000,0.000
20510,0,0,3,31053,0.000,0.000
20520,0,0,3,31053,0.000,0.000
20530,0,0,3,31053,0.000,0.000
20540,0,0,3,31053,0.000,0.000
20550,0,0,3,31053,0.000,0.000
20560,0,0,3,31053,0.000,0.000
20570,0,0,3,31053,0.000,0.000
20580,0,0,3,31053,0.000,0.000
20590,0,0,3,31053,0.000,0.000
20600,0,0,3,31053,0.000,0.000
20610,0,0,3,31053,0.000,0.000
20620,0,0,3,31053,0.000,0.000
20630,0,0,3,31053,0.000,0.000
20640,0,0,3,31053,0.000,0.000
20650,0,0,3,31053,0.000,0.000
20660,0,0,3,31053,0.000,0.000
20670,0,0,3,31053,0.000,0.000
20680,0,0,3,31053,0.000,0.000
20690,0,0,3,31053,0.000,0.000
20700,0,0,3,31053,0.000,0.000
20710,0,0,3,31053,0.000,0.000
20720,0,0,3,31053,0.000,0.000
20730,0,0,3,31053,0.000,0.000
20740,0,0,3,31053,0.000,0.000
20750,0,0,3,31053,0.000,0.000
20760,0,0,3,31053,0.000,0.000
20770,0,0,3,31053,0.000,0.000
20780,0,0,3,31053,0.000,0.000
20790,0,0,3,31053,0.000,0.000
20800,0,0,3,31053,0.000,0.000
20810,0,0,3,31053,0.000,0.000
20820,0,0,3,31053,0.000,0.000
20830,0,0,3,31053,0.000,0.000
20840,0,0,3,31053,0.000,0.000
20850,0,0,3,31053,0.000,0.000
20860,0,0,3,31053,0.000,0.000
20870,0,0,3,31053,0.000,0.000
20880,0,0,3,31053,0.000,0.000
20890,0,0,3,31053,0.000,0.000
20900,0,0,3,31053,0.000,0.000
20910,0,0,3,31053,0.000,0.000
20920,0,0,3,31053,0.000,0.000
20930,0,0,3,31053,0.000,0.000
20940,0,0,3,31053,0.000,0.000
20950,0,0,3,31053,0.000,0.000
20960,0,0,3,31053,0.000,0.000
20970,0,0,3,31053,0.000,0.000
20980,0,0,3,31053,0.000,0.000
20990,0,0,3,31053,0.000,0.000
21000,0,0,3,31053,0.000,0.000
21010,0,60,3,31053,0.000,0.000
21020,0,60,3,31053,0.000,0.000
21030,0,60,3,31054,0.000,0.140
21040,0,60,3,31063,0.000,1.262
21050,0,60,3,31080,0.000,2.384
21060,0,60,3,31095,0.000,2.104
21070,0,60,3,31109,0.000,1.963
21080,0,60,2,31120,-0.140,1.543
21090,0,60,2,31129,0.000,1.262
21100,0,60,2,31137,0.000,1.122
21110,0,60,2,31142,0.000,0.701
21120,0,60,2,31145,0.000,0.421
21130,0,60,2,31146,0.000,0.140
21140,0,60,2,31146,0.000,0.000
21150,0,60,2,31146,0.000,0.000
21160,0,60,2,31146,0.000,0.000
21170,0,60,2,31146,0.000,0.000
21180,0,60,2,31146,0.000,0.000
21190,0,60,2,31146,0.000,0.000
21200,0,60,2,31146,0.000,0.000
21210,0,60,2,31146,0.000,0.000
21220,0,60,2,31146,0.000,0.000
21230,0,60,2,31146,0.000,0.000
21240,0,60,2,31146,0.000,0.000
21250,0,60,2,31146,0.000,0.000
21260,0,60,2,31146,0.000,0.000
21270,0,60,2,31146,0.000,0.000
21280,0,60,2,31146,0.000,0.000
21290,0,60,2,31146,0.000,0.000
21300,0,60,2,31146,0.000,0.000
21310,0,60,2,31146,0.000,0.000
21320,0,60,2,31146,0.000,0.000
21330,0,60,2,31146,0.000,0.000
21340,0,60,2,31146,0.000,0.000
21350,0,60,2,31146,0.000,0.000
21360,0,60,2,31146,0.000,0.000
21370,0,60,2,31146,0.000,0.000
21380,0,60,2,31146,0.000,0.000
21390,0,60,2,31146,0.000,0.000
21400,0,60,2,31146,0.000,0.000
21410,0,60,2,31146,0.000,0.000
21420,0,60,2,31146,0.000,0.000
21430,0,60,2,31146,0.000,0.000
21440,0,60,2,31146,0.000,0.000
21450,0,60,2,31146,0.000,0.000
21460,0,60,2,31146,0.000,0.000
21470,0,60,2,31146,0.000,0.000
21480,0,60,2,31146,0.000,0.000
21490,0,60,2,31146,0.000,0.000
21500,0,60,2,31146,0.000,0.000
21510,0,60,2,31146,0.000,0.000
21520,0,60,2,31146,0.000,0.000
21530,0,60,2,31146,0.000,0.000
21540,0,60,2,31146,0.000,0.000
21550,0,60,2,31146,0.000,0.000
21560,0,60,2,31146,0.000,0.000
21570,0,60,2,31146,0.000,0.000
21580,0,60,2,31146,0.000,0.000
21590,0,60,2,31146,0.000,0.000
21600,0,60,2,31146,0.000,0.000
21610,0,60,2,31146,0.000,0.000
21620,0,60,2,31146,0.000,0.000
21630,0,60,2,31146,0.000,0.000
21640,0,60,2,31146,0.000,0.000
21650,0,60,2,31146,0.000,0.000
21660,0,60,2,31146,0.000,0.000
21670,0,60,2,31146,0.000,0.000
21680,0,60,2,31146,0.000,0.000
21690,0,60,2,31146,0.000,0.000
21700,0,60,2,31146,0.000,0.000
21710,0,60,2,31146,0.000,0.000
21720,0,60,2,31146,0.000,0.000
21730,0,60,2,31146,0.000,0.000
21740,0,60,2,31146,0.000,0.000
21750,0,60,2,31146,0.000,0.000
21760,0,60,2,31146,0.000,0.000
21770,0,60,2,31146,0.000,0.000
21780,0,60,2,31146,0.000,0.000
21790,0,60,2,31146,0.000,0.000
21800,0,60,2,31146,0.000,0.000
21810,0,60,2,31146,0.000,0.000
21820,0,60,2,31146,0.000,0.000
21830,0,60,2,31146,0.000,0.000
21840,0,60,2,31146,0.000,0.000
21850,0,60,2,31146,0.000,0.000
21860,0,60,2,31146,0.000,0.000
21870,0,60,2,31146,0.000,0.000
21880,0,60,2,31146,0.000,0.000
21890,0,60,2,31146,0.000,0.000
21900,0,60,2,31146,0.000,0.000
21910,0,60,2,31146,0.000,0.000
21920,0,60,2,31146,0.000,0.000
21930,0,60,2,31146,0.000,0.000
21940,0,60,2,31146,0.000,0.000
21950,0,60,2,31146,0.000,0.000
21960,0,60,2,31146,0.000,0.000
21970,0,60,2,31146,0.000,0.000
21980,0,60,2,31146,0.000,0.000
21990,0,60,2,31146,0.000,0.000
22000,0,60,2,31146,0.000,0.000
22010,0,60,2,31146,0.000,0.000
22020,0,60,2,31146,0.000,0.000
22030,0,60,2,31146,0.000,0.000
22040,0,60,2,31146,0.000,0.000
22050,0,60,2,31146,0.000,0.000
22060,0,60,2,31146,0.000,0.000
22070,0,60,2,31146,0.000,0.000
22080,0,60,2,31146,0.000,0.000
22090,0,60,2,31146,0.000,0.000
22100,0,60,2,31146,0.000,0.000
22110,0,60,2,31146,0.000,0.000
22120,0,60,2,31146,0.000,0.000
22130,0,60,2,31146,0.000,0.000
22140,0,60,2,31146,0.000,0.000
22150,0,60,2,31146,0.000,0.000
22160,0,60,2,31146,0.000,0.000
22170,0,60,2,31146,0.000,0.000
22180,0,60,2,31146,0.000,0.000
22190,0,60,2,31146,0.000,0.000
22200,0,60,2,31146,0.000,0.000
22210,0,60,2,31146,0.000,0.000
22220,0,60,2,31146,0.000,0.000
22230,0,60,2,31146,0.000,0.000
22240,0,60,2,31146,0.000,0.000
22250,0,60,2,31146,0.000,0.000
22260,0,60,2,31146,0.000,0.000
22270,0,60,2,31146,0.000,0.000
22280,0,60,2,31146,0.000,0.000
22290,0,60,2,31146,0.000,0.000
22300,0,60,2,31146,0.000,0.000
22310,0,60,2,31146,0.000,0.000
22320,0,60,2,31146,0.000,0.000
22330,0,60,2,31146,0.000,0.000
22340,0,60,2,31146,0.000,0.000
22350,0,60,2,31146,0.000,0.000
22360,0,60,2,31146,0.000,0.000
22370,0,60,2,31146,0.000,0.000
22380,0,60,2,31146,0.000,0.000
22390,0,60,2,31146,0.000,0.000
22400,0,60,2,31146,0.000,0.000
22410,0,60,2,31146,0.000,0.000
22420,0,60,2,31146,0.000,0.000
22430,0,60,2,31146,0.000,0.000
22440,0,60,2,31146,0.000,0.000
22450,0,60,2,31146,0.000,0.000
22460,0,60,2,31146,0.000,0.000
22470,0,60,2,31146,0.000,0.000
22480,0,60,2,31146,0.000,0.000
22490,0,60,2,31146,0.000,0.000
22500,0,60,2,31146,0.000,0.000
22510,0,60,2,31146,0.000,0.000
22520,0,60,2,31146,0.000,0.000
22530,0,60,2,31146,0.000,0.000
22540,0,60,2,31146,0.000,0.000
22550,0,60,2,31146,0.000,0.000
22560,0,60,2,31146,0.000,0.000
22570,0,60,2,31146,0.000,0.000
22580,0,60,2,31146,0.000,0.000
22590,0,60,2,31146,0.000,0.000
22600,0,60,2,31146,0.000,0.000
22610,0,60,2,31146,0.000,0.000
22620,0,60,2,31146,0.000,0.000
22630,0,60,2,31146,0.000,0.000
22640,0,60,2,31146,0.000,0.000
22650,0,60,2,31146,0.000,0.000
22660,0,60,2,31146,0.000,0.000
22670,0,60,2,31146,0.000,0.000
22680,0,60,2,31146,0.000,0.000
22690,0,60,2,31146,0.000,0.000
22700,0,60,2,31146,0.000,0.000
22710,0,60,2,31146,0.000,0.000
22720,0,60,2,31146,0.000,0.000
22730,0,60,2,31146,0.000,0.000
22740,0,60,2,31146,0.000,0.000
22750,0,60,2,31146,0.000,0.000
22760,0,60,2,31146,0.000,0.000
22770,0,60,2,31146,0.000,0.000
22780,0,60,2,31146,0.000,0.000
22790,0,60,2,31146,0.000,0.000
22800,0,60,2,31146,0.000,0.000
22810,0,60,2,31146,0.000,0.000
22820,0,60,2,31146,0.000,0.000
22830,0,60,2,31146,0.000,0.000
22840,0,60,2,31146,0.000,0.000
22850,0,60,2,31146,0.000,0.000
22860,0,60,2,31146,0.000,0.000
22870,0,60,2,31146,0.000,0.000
22880,0,60,2,31146,0.000,0.000
22890,0,60,2,31146,0.000,0.000
22900,0,60,2,31146,0.000,0.000
22910,0,60,2,31146,0.000,0.000
22920,0,60,2,31146,0.000,0.000
22930,0,60,2,31146,0.000,0.000
22940,0,60,2,31146,0.000,0.000
22950,0,60,2,31146,0.000,0.000
22960,0,60,2,31146,0.000,0.000
22970,0,60,2,31146,0.000,0.000
22980,0,60,2,31146,0.000,0.000
22990,0,60,2,31146,0.000,0.000
23000,0,60,2,31146,0.000,0.000
23010,0,60,2,31146,0.000,0.000
23020,0,60,2,31146,0.000,0.000
23030,0,60,2,31146,0.000,0.000
23040,0,60,2,31146,0.000,0.000
23050,0,60,2,31146,0.000,0.000
23060,0,60,2,31146,0.000,0.000
23070,0,60,2,31146,0.000,0.000
23080,0,60,2,31146,0.000,0.000
23090,0,60,2,31146,0.000,0.000
23100,0,60,2,31146,0.000,0.000
23110,0,60,2,31146,0.000,0.000
23120,0,60,2,31146,0.000,0.000
23130,0,60,2,31146,0.000,0.000
23140,0,60,2,31146,0.000,0.000
23150,0,60,2,31146,0.000,0.000
23160,0,60,2,31146,0.000,0.000
23170,0,60,2,31146,0.000,0.000
23180,0,60,2,31146,0.000,0.000
23190,0,60,2,31146,0.000,0.000
23200,0,60,2,31146,0.000,0.000
23210,0,60,2,31146,0.000,0.000
23220,0,60,2,31146,0.000,0.000
23230,0,60,2,31146,0.000,0.000
23240,0,60,2,31146,0.000,0.000
23250,0,60,2,31146,0.000,0.000
23260,0,60,2,31146,0.000,0.000
23270,0,60,2,31146,0.000,0.000
23280,0,60,2,31146,0.000,0.000
23290,0,60,2,31146,0.000,0.000
23300,0,60,2,31146,0.000,0.000
23310,0,60,2,31146,0.000,0.000
23320,0,60,2,31146,0.000,0.000
23330,0,60,2,31146,0.000,0.000
23340,0,60,2,31146,0.000,0.000
23350,0,60,2,31146,0.000,0.000
23360,0,60,2,31146,0.000,0.000
23370,0,60,2,31146,0.000,0.000
23380,0,60,2,31146,0.000,0.000
23390,0,60,2,31146,0.000,0.000
23400,0,60,2,31146,0.000,0.000
23410,0,60,2,31146,0.000,0.000
23420,0,60,2,31146,0.000,0.000
23430,0,60,2,31146,0.000,0.000
23440,0,60,2,31146,0.000,0.000
23450,0,60,2,31146,0.000,0.000
23460,0,60,2,31146,0.000,0.000
23470,0,60,2,31146,0.000,0.000
23480,0,60,2,31146,0.000,0.000
23490,0,60,2,31146,0.000,0.000
23500,0,60,2,31146,0.000,0.000
23510,0,60,2,31146,0.000,0.000
23520,0,60,2,31146,0.000,0.000
23530,0,60,2,31146,0.000,0.000
23540,0,60,2,31146,0.000,0.000
23550,0,60,2,31146,0.000,0.000
23560,0,60,2,31146,0.000,0.000
23570,0,60,2,31146,0.000,0.000
23580,0,60,2,31146,0.000,0.000
23590,0,60,2,31146,0.000,0.000
23600,0,60,2,31146,0.000,0.000
23610,0,60,2,31146,0.000,0.000
23620,0,60,2,31146,0.000,0.000
23630,0,60,2,31146,0.000,0.000
23640,0,60,2,31146,0.000,0.000
23650,0,60,2,31146,0.000,0.000
23660,0,60,2,31146,0.000,0.000
23670,0,60,2,31146,0.000,0.000
23680,0,60,2,31146,0.000,0.000
23690,0,60,2,31146,0.000,0.000
23700,0,60,2,31146,0.000,0.000
23710,0,60,2,31146,0.000,0.000
23720,0,60,2,31146,0.000,0.000
23730,0,60,2,31146,0.000,0.000
23740,0,60,2,31146,0.000,0.000
23750,0,60,2,31146,0.000,0.000
23760,0,60,2,31146,0.000,0.000
23770,0,60,2,31146,0.000,0.000
23780,0,60,2,31146,0.000,0.000
23790,0,60,2,31146,0.000,0.000
23800,0,60,2,31146,0.000,0.000
23810,0,60,2,31146,0.000,0.000
23820,0,60,2,31146,0.000,0.000
23830,0,60,2,31146,0.000,0.000
23840,0,60,2,31146,0.000,0.000
23850,0,60,2,31146,0.000,0.000
23860,0,60,2,31146,0.000,0.000
23870,0,60,2,31146,0.000,0.000
23880,0,60,2,31146,0.000,0.000
23890,0,60,2,31146,0.000,0.000
23900,0,60,2,31146,0.000,0.000
23910,0,60,2,31146,0.000,0.000
23920,0,60,2,31146,0.000,0.000
23930,0,60,2,31146,0.000,0.000
23940,0,60,2,31146,0.000,0.000
23950,0,60,2,31146,0.000,0.000
23960,0,60,2,31146,0.000,0.000
23970,0,60,2,31146,0.000,0.000
23980,0,60,2,31146,0.000,0.000
23990,0,60,2,31146,0.000,0.000
24000,0,60,2,31146,0.000,0.000
24010,0,0,2,31146,0.000,0.000
24020,0,0,2,31146,0.000,0.000
24030,0,0,2,31145,0.000,-0.140
24040,0,0,2,31135,0.000,-1.402
24050,0,0,2,31116,0.000,-2.665
24060,0,0,2,31099,0.000,-2.384
24070,0,0,2,31082,0.000,-2.384
24080,0,0,2,31067,0.000,-2.104
24090,0,0,2,31055,0.000,-1.683
24100,0,0,2,31045,0.000,-1.402
24110,0,0,2,31036,0.000,-1.262
24120,0,0,2,31030,0.000,-0.841
24130,0,0,2,31027,0.000,-0.421
24140,0,0,2,31026,0.000,-0.140
24150,0,0,2,31026,0.000,0.000
24160,0,0,2,31027,0.000,0.140
24170,0,0,2,31027,0.000,0.000
24180,0,0,2,31027,0.000,0.000
24190,0,0,2,31027,0.000,0.000
24200,0,0,2,31027,0.000,0.000
24210,0,0,2,31027,0.000,0.000
24220,0,0,2,31027,0.000,0.000
24230,0,0,2,31027,0.000,0.000
24240,0,0,2,31027,0.000,0.000
24250,0,0,2,31027,0.000,0.000
24260,0,0,2,31027,0.000,0.000
24270,0,0,2,31027,0.000,0.000
24280,0,0,2,31027,0.000,0.000
24290,0,0,2,31027,0.000,0.000
24300,0,0,2,31027,0.000,0.000
24310,0,0,2,31027,0.000,0.000
24320,0,0,2,31027,0.000,0.000
24330,0,0,2,31027,0.000,0.000
24340,0,0,2,31027,0.000,0.000
24350,0,0,2,31027,0.000,0.000
24360,0,0,2,31027,0.000,0.000
24370,0,0,2,31027,0.000,0.000
24380,0,0,2,31027,0.000,0.000
24390,0,0,2,31027,0.000,0.000
24400,0,0,2,31027,0.000,0.000
24410,0,0,2,31027,0.000,0.000
24420,0,0,2,31027,0.000,0.000
24430,0,0,2,31027,0.000,0.000
24440,0,0,2,31027,0.000,0.000
24450,0,0,2,31027,0.000,0.000
24460,0,0,2,31027,0.000,0.000
24470,0,0,2,31027,0.000,0.000
24480,0,0,2,31027,0.000,0.000
24490,0,0,2,31027,0.000,0.000
24500,0,0,2,31027,0.000,0.000
24510,0,0,2,31027,0.000,0.000
24520,0,0,2,31027,0.000,0.000
24530,0,0,2,31027,0.000,0.000
24540,0,0,2,31027,0.000,0.000
24550,0,0,2,31027,0.000,0.000
24560,0,0,2,31027,0.000,0.000
24570,0,0,2,31027,0.000,0.000
24580,0,0,2,31027,0.000,0.000
24590,0,0,2,31027,0.000,0.000
24600,0,0,2,31027,0.000,0.000
24610,0,0,2,31027,0.000,0.000
24620,0,0,2,31027,0.000,0.000
24630,0,0,2,31027,0.000,0.000
24640,0,0,2,31027,0.000,0.000
24650,0,0,2,31027,0.000,0.000
24660,0,0,2,31027,0.000,0.000
24670,0,0,2,31027,0.000,0.000
24680,0,0,2,31027,0.000,0.000
24690,0,0,2,31027,0.000,0.000
24700,0,0,2,31027,0.000,0.000
24710,0,0,2,31027,0.000,0.000
24720,0,0,2,31027,0.000,0.000
24730,0,0,2,31027,0.000,0.000
24740,0,0,2,31027,0.000,0.000
24750,0,0,2,31027,0.000,0.000
24760,0,0,2,31027,0.000,0.000
24770,0,0,2,31027,0.000,0.000
24780,0,0,2,31027,0.000,0.000
24790,0,0,2,31027,0.000,0.000
24800,0,0,2,31027,0.000,0.000
24810,0,0,2,31027,0.000,0.000
24820,0,0,2,31027,0.000,0.000
24830,0,0,2,31027,0.000,0.000
24840,0,0,2,31027,0.000,0.000
24850,0,0,2,31027,0.000,0.000
24860,0,0,2,31027,0.000,0.000
24870,0,0,2,31027,0.000,0.000
24880,0,0,2,31027,0.000,0.000
24890,0,0,2,31027,0.000,0.000
24900,0,0,2,31027,0.000,0.000
24910,0,0,2,31027,0.000,0.000
24920,0,0,2,31027,0.000,0.000
24930,0,0,2,31027,0.000,0.000
24940,0,0,2,31027,0.000,0.000
24950,0,0,2,31027,0.000,0.000
24960,0,0,2,31027,0.000,0.000
24970,0,0,2,31027,0.000,0.000
24980,0,0,2,31027,0.000,0.000
24990,0,0,2,31027,0.000,0.000
25000,0,0,2,31027,0.000,0.000
25010,0,0,2,31027,0.000,0.000
25020,0,0,3,31029,0.140,0.280
25030,0,0,3,31031,0.000,0.280
25040,0,0,3,31034,0.000,0.421
25050,0,0,3,31037,0.000,0.421
25060,0,0,2,31038,-0.140,0.140
25070,0,0,2,31039,0.000,0.140
25080,0,0,2,31039,0.000,0.000
25090,0,0,2,31039,0.000,0.000
25100,0,0,2,31039,0.000,0.000
25110,0,0,2,31039,0.000,0.000
25120,0,0,2,31039,0.000,0.000
25130,0,0,2,31039,0.000,0.000
25140,0,0,2,31039,0.000,0.000
25150,0,0,2,31039,0.000,0.000
25160,0,0,2,31039,0.000,0.000
25170,0,0,2,31039,0.000,0.000
25180,0,0,2,31039,0.000,0.000
25190,0,0,2,31039,0.000,0.000
25200,0,0,2,31039,0.000,0.000
25210,0,0,2,31039,0.000,0.000
25220,0,0,2,31039,0.000,0.000
25230,0,0,2,31039,0.000,0.000
25240,0,0,2,31039,0.000,0.000
25250,0,0,2,31039,0.000,0.000
25260,0,0,2,31039,0.000,0.000
25270,0,0,2,31039,0.000,0.000
25280,0,0,2,31039,0.000,0.000
25290,0,0,2,31039,0.000,0.000
25300,0,0,2,31039,0.000,0.000
25310,0,0,2,31039,0.000,0.000
25320,0,0,2,31039,0.000,0.000
25330,0,0,2,31039,0.000,0.000
25340,0,0,2,31039,0.000,0.000
25350,0,0,2,31039,0.000,0.000
25360,0,0,2,31039,0.000,0.000
25370,0,0,2,31039,0.000,0.000
25380,0,0,2,31039,0.000,0.000
25390,0,0,2,31039,0.000,0.000
25400,0,0,2,31039,0.000,0.000
25410,0,0,2,31039,0.000,0.000
25420,0,0,2,31039,0.000,0.000
25430,0,0,2,31039,0.000,0.000
25440,0,0,2,31039,0.000,0.000
25450,0,0,2,31039,0.000,0.000
25460,0,0,2,31039,0.000,0.000
25470,0,0,2,31039,0.000,0.000
25480,0,0,2,31039,0.000,0.000
25490,0,0,2,31039,0.000,0.000
25500,0,0,2,31039,0.000,0.000
25510,0,0,2,31039,0.000,0.000
25520,0,0,2,31039,0.000,0.000
25530,0,0,2,31039,0.000,0.000
25540,0,0,1,31039,-0.140,0.000
25550,0,0,1,31039,0.000,0.000
25560,0,0,0,31039,-0.140,0.000
25570,0,0,0,31039,0.000,0.000
25580,0,0,-1,31039,-0.140,0.000
25590,0,0,-1,31039,0.000,0.000
25600,0,0,-1,31039,0.000,0.000
25610,0,0,-1,31039,0.000,0.000
25620,0,0,-1,31039,0.000,0.000
25630,0,0,-1,31039,0.000,0.000
25640,0,0,-1,31039,0.000,0.000
25650,0,0,-1,31039,0.000,0.000
25660,0,0,-1,31039,0.000,0.000
25670,0,0,-1,31039,0.000,0.000
25680,0,0,-1,31039,0.000,0.000
25690,0,0,-1,31039,0.000,0.000
25700,0,0,-1,31039,0.000,0.000
25710,0,0,-1,31039,0.000,0.000
25720,0,0,-1,31039,0.000,0.000
25730,0,0,-1,31039,0.000,0.000
25740,0,0,-1,31039,0.000,0.000
25750,0,0,-1,31039,0.000,0.000
25760,0,0,-1,31039,0.000,0.000
25770,0,0,-1,31039,0.000,0.000
25780,0,0,-1,31039,0.000,0.000
25790,0,0,-1,31039,0.000,0.000
25800,0,0,-1,31039,0.000,0.000
25810,0,0,-1,31039,0.000,0.000
25820,0,0,-1,31039,0.000,0.000
25830,0,0,-1,31039,0.000,0.000
25840,0,0,-1,31039,0.000,0.000
25850,0,0,-1,31039,0.000,0.000
25860,0,0,-1,31039,0.000,0.000
25870,0,0,-1,31039,0.000,0.000
25880,0,0,-1,31039,0.000,0.000
25890,0,0,-1,31039,0.000,0.000
25900,0,0,-1,31039,0.000,0.000
25910,0,0,-1,31039,0.000,0.000
25920,0,0,-1,31039,0.000,0.000
25930,0,0,-1,31039,0.000,0.000
25940,0,0,-1,31039,0.000,0.000
25950,0,0,-1,31039,0.000,0.000
25960,0,0,-1,31039,0.000,0.000
25970,0,0,-1,31039,0.000,0.000
25980,0,0,-1,31039,0.000,0.000
25990,0,0,-1,31039,0.000,0.000
26000,0,0,-1,31039,0.000,0.000
26010,0,0,-1,31039,0.000,0.000
26020,0,0,-1,31039,0.000,0.000
26030,0,0,-1,31039,0.000,0.000
26040,0,0,-1,31039,0.000,0.000
26050,0,0,-1,31039,0.000,0.000
26060,0,0,-1,31039,0.000,0.000
26070,0,0,-1,31039,0.000,0.000
26080,0,0,-1,31039,0.000,0.000
26090,0,0,-1,31039,0.000,0.000
26100,0,0,-1,31039,0.000,0.000
26110,0,0,-1,31039,0.000,0.000
26120,0,0,-1,31039,0.000,0.000
26130,0,0,-1,31039,0.000,0.000
26140,0,0,-1,31039,0.000,0.000
26150,0,0,-1,31039,0.000,0.000
26160,0,0,-1,31039,0.000,0.000
26170,0,0,-1,31039,0.000,0.000
26180,0,0,-1,31039,0.000,0.000
26190,0,0,-1,31039,0.000,0.000
26200,0,0,-1,31039,0.000,0.000
26210,0,0,-1,31039,0.000,0.000
26220,0,0,-1,31039,0.000,0.000
26230,0,0,-1,31039,0.000,0.000
26240,0,0,-1,31039,0.000,0.000
26250,0,0,-1,31039,0.000,0.000
26260,0,0,-1,31039,0.000,0.000
26270,0,0,-1,31039,0.000,0.000
26280,0,0,-1,31039,0.000,0.000
26290,0,0,-1,31039,0.000,0.000
26300,0,0,-1,31039,0.000,0.000
26310,0,0,-1,31039,0.000,0.000
26320,0,0,-1,31039,0.000,0.000
26330,0,0,-1,31039,0.000,0.000
26340,0,0,-1,31039,0.000,0.000
26350,0,0,-1,31039,0.000,0.000
26360,0,0,-1,31039,0.000,0.000
26370,0,0,-1,31039,0.000,0.000
26380,0,0,-1,31039,0.000,0.000
26390,0,0,-1,31039,0.000,0.000
26400,0,0,-1,31039,0.000,0.000
26410,0,0,-1,31039,0.000,0.000
26420,0,0,-1,31039,0.000,0.000
26430,0,0,-1,31039,0.000,0.000
26440,0,0,-1,31039,0.000,0.000
26450,0,0,-1,31039,0.000,0.000
26460,0,0,-1,31039,0.000,0.000
26470,0,0,-1,31039,0.000,0.000
26480,0,0,-1,31039,0.000,0.000
26490,0,0,-1,31039,0.000,0.000
26500,0,0,-1,31039,0.000,0.000
26510,0,0,-1,31039,0.000,0.000
26520,0,0,-1,31039,0.000,0.000
26530,0,0,-1,31039,0.000,0.000
26540,0,0,-1,31039,0.000,0.000
26550,0,0,-1,31039,0.000,0.000
26560,0,0,-1,31039,0.000,0.000
26570,0,0,-1,31039,0.000,0.000
26580,0,0,-1,31039,0.000,0.000
26590,0,0,-1,31039,0.000,0.000
26600,0,0,-1,31039,0.000,0.000
26610,0,0,-1,31039,0.000,0.000
26620,0,0,-1,31039,0.000,0.000
26630,0,0,-1,31039,0.000,0.000
26640,0,0,-1,31039,0.000,0.000
26650,0,0,-1,31039,0.000,0.000
26660,0,0,-1,31039,0.000,0.000
26670,0,0,-1,31039,0.000,0.000
26680,0,0,-1,31039,0.000,0.000
26690,0,0,-1,31039,0.000,0.000
26700,0,0,-1,31039,0.000,0.000
26710,0,0,-1,31039,0.000,0.000
26720,0,0,-1,31039,0.000,0.000
26730,0,0,-1,31039,0.000,0.000
26740,0,0,-1,31039,0.000,0.000
26750,0,0,-1,31039,0.000,0.000
26760,0,0,-1,31039,0.000,0.000
26770,0,0,-1,31039,0.000,0.000
26780,0,0,-1,31039,0.000,0.000
26790,0,0,-1,31039,0.000,0.000
26800,0,0,-1,31039,0.000,0.000
26810,0,0,-1,31039,0.000,0.000
26820,0,0,-1,31039,0.000,0.000
26830,0,0,-1,31039,0.000,0.000
26840,0,0,-1,31039,0.000,0.000
26850,0,0,-1,31039,0.000,0.000
26860,0,0,-1,31039,0.000,0.000
26870,0,0,-1,31039,0.000,0.000
26880,0,0,-1,31039,0.000,0.000
26890,0,0,-1,31039,0.000,0.000
26900,0,0,-1,31039,0.000,0.000
26910,0,0,-1,31039,0.000,0.000
26920,0,0,-1,31039,0.000,0.000
26930,0,0,-1,31039,0.000,0.000
26940,0,0,-1,31039,0.000,0.000
26950,0,0,-1,31039,0.000,0.000
26960,0,0,-1,31039,0.000,0.000
26970,0,0,-1,31039,0.000,0.000
26980,0,0,-1,31039,0.000,0.000
26990,0,0,-1,31039,0.000,0.000
27000,0,0,-1,31039,0.000,0.000
27010,0,30,-1,31039,0.000,0.000
27020,0,30,-1,31039,0.000,0.000
27030,0,30,-1,31040,0.000,0.140
27040,0,30,-1,31048,0.000,1.122
27050,0,30,-1,31064,0.000,2.244
27060,0,30,-1,31083,0.000,2.665
27070,0,30,-1,31100,0.000,2.384
27080,0,30,-1,31114,0.000,1.963
27090,0,30,-1,31127,0.000,1.823
27100,0,30,-1,31137,0.000,1.402
27110,0,30,-1,31145,0.000,1.122
27120,0,30,-1,31151,0.000,0.841
27130,0,30,-1,31155,0.000,0.561
27140,0,30,-1,31156,0.000,0.140
27150,0,30,-1,31156,0.000,0.000
27160,0,30,-1,31156,0.000,0.000
27170,0,30,-1,31156,0.000,0.000
27180,0,30,-1,31156,0.000,0.000
27190,0,30,-1,31156,0.000,0.000
27200,0,30,-1,31156,0.000,0.000
27210,0,30,-1,31156,0.000,0.000
27220,0,30,-1,31156,0.000,0.000
27230,0,30,-1,31156,0.000,0.000
27240,0,30,-1,31156,0.000,0.000
27250,0,30,-1,31156,0.000,0.000
27260,0,30,-1,31156,0.000,0.000
27270,0,30,-1,31156,0.000,0.000
27280,0,30,-1,31156,0.000,0.000
27290,0,30,-1,31156,0.000,0.000
27300,0,30,-1,31156,0.000,0.000
27310,0,30,-1,31156,0.000,0.000
27320,0,30,-1,31156,0.000,0.000
27330,0,30,-1,31156,0.000,0.000
27340,0,30,-1,31156,0.000,0.000
27350,0,30,-1,31156,0.000,0.000
27360,0,30,-1,31156,0.000,0.000
27370,0,30,-1,31156,0.000,0.000
27380,0,30,-1,31156,0.000,0.000
27390,0,30,-1,31156,0.000,0.000
27400,0,30,-1,31156,0.000,0.000
27410,0,30,-1,31156,0.000,0.000
27420,0,30,-1,31156,0.000,0.000
27430,0,30,-1,31156,0.000,0.000
27440,0,30,-1,31156,0.000,0.000
27450,0,30,-1,31156,0.000,0.000
27460,0,30,-1,31156,0.000,0.000
27470,0,30,-1,31156,0.000,0.000
27480,0,30,-1,31156,0.000,0.000
27490,0,30,-1,31156,0.000,0.000
27500,0,30,-1,31156,0.000,0.000
27510,0,30,-1,31156,0.000,0.000
27520,0,30,-1,31156,0.000,0.000
27530,0,30,-1,31156,0.000,0.000
27540,0,30,-1,31156,0.000,0.000
27550,0,30,-1,31156,0.000,0.000
27560,0,30,-1,31156,0.000,0.000
27570,0,30,-1,31156,0.000,0.000
27580,0,30,0,31156,0.140,0.000
27590,0,30,0,31156,0.000,0.000
27600,0,30,0,31156,0.000,0.000
27610,0,30,1,31156,0.140,0.000
27620,0,30,1,31156,0.000,0.000
27630,0,30,1,31156,0.000,0.000
27640,0,30,1,31156,0.000,0.000
27650,0,30,1,31156,0.000,0.000
27660,0,30,1,31156,0.000,0.000
27670,0,30,1,31156,0.000,0.000
27680,0,30,1,31156,0.000,0.000
27690,0,30,1,31156,0.000,0.000
27700,0,30,1,31156,0.000,0.000
27710,0,30,1,31156,0.000,0.000
27720,0,30,1,31156,0.000,0.000
27730,0,30,1,31156,0.000,0.000
27740,0,30,1,31156,0.000,0.000
27750,0,30,1,31156,0.000,0.000
27760,0,30,1,31156,0.000,0.000
27770,0,30,1,31156,0.000,0.000
27780,0,30,1,31156,0.000,0.000
27790,0,30,1,31156,0.000,0.000
27800,0,30,1,31156,0.000,0.000
27810,0,30,1,31156,0.000,0.000
27820,0,30,1,31156,0.000,0.000
27830,0,30,1,31156,0.000,0.000
27840,0,30,1,31156,0.000,0.000
27850,0,30,1,31156,0.000,0.000
27860,0,30,1,31156,0.000,0.000
27870,0,30,1,31156,0.000,0.000
27880,0,30,1,31156,0.000,0.000
27890,0,30,1,31156,0.000,0.000
27900,0,30,1,31156,0.000,0.000
27910,0,30,1,31156,0.000,0.000
27920,0,30,1,31156,0.000,0.000
27930,0,30,1,31156,0.000,0.000
27940,0,30,1,31156,0.000,0.000
27950,0,30,1,31156,0.000,0.000
27960,0,30,1,31156,0.000,0.000
27970,0,30,1,31156,0.000,0.000
27980,0,30,1,31156,0.000,0.000
27990,0,30,1,31156,0.000,0.000
28000,0,30,1,31156,0.000,0.000
28010,0,30,1,31156,0.000,0.000
28020,0,30,1,31156,0.000,0.000
28030,0,30,1,31156,0.000,0.000
28040,0,30,1,31156,0.000,0.000
28050,0,30,1,31156,0.000,0.000
28060,0,30,1,31156,0.000,0.000
28070,0,30,1,31156,0.000,0.000
28080,0,30,1,31156,0.000,0.000
28090,0,30,1,31156,0.000,0.000
28100,0,30,1,31156,0.000,0.000
28110,0,30,1,31156,0.000,0.000
28120,0,30,1,31156,0.000,0.000
28130,0,30,1,31156,0.000,0.000
28140,0,30,1,31156,0.000,0.000
28150,0,30,1,31156,0.000,0.000
28160,0,30,1,31156,0.000,0.000
28170,0,30,1,31156,0.000,0.000
28180,0,30,1,31156,0.000,0.000
28190,0,30,1,31156,0.000,0.000
28200,0,30,1,31156,0.000,0.000
28210,0,30,1,31156,0.000,0.000
28220,0,30,1,31156,0.000,0.000
28230,0,30,1,31156,0.000,0.000
28240,0,30,1,31156,0.000,0.000
28250,0,30,1,31156,0.000,0.000
28260,0,30,1,31156,0.000,0.000
28270,0,30,1,31156,0.000,0.000
28280,0,30,1,31156,0.000,0.000
28290,0,30,1,31156,0.000,0.000
28300,0,30,1,31156,0.000,0.000
28310,0,30,1,31156,0.000,0.000
28320,0,30,1,31156,0.000,0.000
28330,0,30,1,31156,0.000,0.000
28340,0,30,1,31156,0.000,0.000
28350,0,30,1,31156,0.000,0.000
28360,0,30,1,31156,0.000,0.000
28370,0,30,1,31156,0.000,0.000
28380,0,30,1,31156,0.000,0.000
28390,0,30,1,31156,0.000,0.000
28400,0,30,1,31156,0.000,0.000
28410,0,30,1,31156,0.000,0.000
28420,0,30,1,31156,0.000,0.000
28430,0,30,1,31156,0.000,0.000
28440,0,30,1,31156,0.000,0.000
28450,0,30,1,31156,0.000,0.000
28460,0,30,1,31156,0.000,0.000
28470,0,30,1,31156,0.000,0.000
28480,0,30,1,31156,0.000,0.000
28490,0,30,1,31156,0.000,0.000
28500,0,30,1,31156,0.000,0.000
28510,0,30,1,31156,0.000,0.000
28520,0,30,1,31156,0.000,0.000
28530,0,30,1,31156,0.000,0.000
28540,0,30,1,31156,0.000,0.000
28550,0,30,1,31156,0.000,0.000
28560,0,30,1,31156,0.000,0.000
28570,0,30,1,31156,0.000,0.000
28580,0,30,1,31156,0.000,0.000
28590,0,30,1,31156,0.000,0.000
28600,0,30,1,31156,0.000,0.000
28610,0,30,1,31156,0.000,0.000
28620,0,30,1,31156,0.000,0.000
28630,0,30,1,31156,0.000,0.000
28640,0,30,1,31156,0.000,0.000
28650,0,30,1,31156,0.000,0.000
28660,0,30,1,31156,0.000,0.000
28670,0,30,1,31156,0.000,0.000
28680,0,30,1,31156,0.000,0.000
28690,0,30,1,31156,0.000,0.000
28700,0,30,1,31156,0.000,0.000
28710,0,30,1,31156,0.000,0.000
28720,0,30,1,31156,0.000,0.000
28730,0,30,1,31156,0.000,0.000
28740,0,30,1,31156,0.000,0.000
28750,0,30,1,31156,0.000,0.000
28760,0,30,1,31156,0.000,0.000
28770,0,30,1,31156,0.000,0.000
28780,0,30,1,31156,0.000,0.000
28790,0,30,1,31156,0.000,0.000
28800,0,30,1,31156,0.000,0.000
28810,0,30,1,31156,0.000,0.000
28820,0,30,1,31156,0.000,0.000
28830,0,30,1,31156,0.000,0.000
28840,0,30,1,31156,0.000,0.000
28850,0,30,1,31156,0.000,0.000
28860,0,30,1,31156,0.000,0.000
28870,0,30,1,31156,0.000,0.000
28880,0,30,1,31156,0.000,0.000
28890,0,30,1,31156,0.000,0.000
28900,0,30,1,31156,0.000,0.000
28910,0,30,1,31156,0.000,0.000
28920,0,30,1,31156,0.000,0.000
28930,0,30,1,31156,0.000,0.000
28940,0,30,1,31156,0.000,0.000
28950,0,30,1,31156,0.000,0.000
28960,0,30,1,31156,0.000,0.000
28970,0,30,1,31156,0.000,0.000
28980,0,30,1,31156,0.000,0.000
28990,0,30,1,31156,0.000,0.000
29000,0,30,1,31156,0.000,0.000
29010,0,30,1,31156,0.000,0.000
29020,0,30,1,31156,0.000,0.000
29030,0,30,1,31156,0.000,0.000
29040,0,30,1,31156,0.000,0.000
29050,0,30,1,31156,0.000,0.000
29060,0,30,1,31156,0.000,0.000
29070,0,30,1,31156,0.000,0.000
29080,0,30,1,31156,0.000,0.000
29090,0,30,1,31156,0.000,0.000
29100,0,30,1,31156,0.000,0.000
29110,0,30,1,31156,0.000,0.000
29120,0,30,1,31156,0.000,0.000
29130,0,30,1,31156,0.000,0.000
29140,0,30,1,31156,0.000,0.000
29150,0,30,1,31156,0.000,0.000
29160,0,30,1,31156,0.000,0.000
29170,0,30,1,31156,0.000,0.000
29180,0,30,1,31156,0.000,0.000
29190,0,30,1,31156,0.000,0.000
29200,0,30,1,31156,0.000,0.000
29210,0,30,1,31156,0.000,0.000
29220,0,30,1,31156,0.000,0.000
29230,0,30,1,31156,0.000,0.000
29240,0,30,1,31156,0.000,0.000
29250,0,30,1,31156,0.000,0.000
29260,0,30,1,31156,0.000,0.000
29270,0,30,1,31156,0.000,0.000
29280,0,30,1,31156,0.000,0.000
29290,0,30,1,31156,0.000,0.000
29300,0,30,1,31156,0.000,0.000
29310,0,30,1,31156,0.000,0.000
29320,0,30,1,31156,0.000,0.000
29330,0,30,1,31156,0.000,0.000
29340,0,30,1,31156,0.000,0.000
29350,0,30,1,31156,0.000,0.000
29360,0,30,1,31156,0.000,0.000
29370,0,30,1,31156,0.000,0.000
29380,0,30,1,31156,0.000,0.000
29390,0,30,1,31156,0.000,0.000
29400,0,30,1,31156,0.000,0.000
29410,0,30,1,31156,0.000,0.000
29420,0,30,1,31156,0.000,0.000
29430,0,30,1,31156,0.000,0.000
29440,0,30,1,31156,0.000,0.000
29450,0,30,1,31156,0.000,0.000
29460,0,30,1,31156,0.000,0.000
29470,0,30,2,31156,0.140,0.000
29480,0,30,2,31156,0.000,0.000
29490,0,30,3,31156,0.140,0.000
29500,0,30,3,31156,0.000,0.000
29510,0,30,3,31156,0.000,0.000
29520,0,30,3,31156,0.000,0.000
29530,0,30,3,31156,0.000,0.000
29540,0,30,3,31156,0.000,0.000
29550,0,30,3,31156,0.000,0.000
29560,0,30,3,31156,0.000,0.000
29570,0,30,3,31156,0.000,0.000
29580,0,30,3,31156,0.000,0.000
29590,0,30,3,31156,0.000,0.000
29600,0,30,3,31156,0.000,0.000
29610,0,30,3,31156,0.000,0.000
29620,0,30,3,31156,0.000,0.000
29630,0,30,3,31156,0.000,0.000
29640,0,30,3,31156,0.000,0.000
29650,0,30,3,31156,0.000,0.000
29660,0,30,3,31156,0.000,0.000
29670,0,30,3,31156,0.000,0.000
29680,0,30,3,31156,0.000,0.000
29690,0,30,3,31156,0.000,0.000
29700,0,30,3,31156,0.000,0.000
29710,0,30,3,31156,0.000,0.000
29720,0,30,3,31156,0.000,0.000
29730,0,30,3,31156,0.000,0.000
29740,0,30,3,31156,0.000,0.000
29750,0,30,3,31156,0.000,0.000
29760,0,30,3,31156,0.000,0.000
29770,0,30,3,31156,0.000,0.000
29780,0,30,3,31156,0.000,0.000
29790,0,30,3,31156,0.000,0.000
29800,0,30,3,31156,0.000,0.000
29810,0,30,3,31156,0.000,0.000
29820,0,30,3,31156,0.000,0.000
29830,0,30,3,31156,0.000,0.000
29840,0,30,3,31156,0.000,0.000
29850,0,30,3,31156,0.000,0.000
29860,0,30,3,31156,0.000,0.000
29870,0,30,3,31156,0.000,0.000
29880,0,30,3,31156,0.000,0.000
29890,0,30,3,31156,0.000,0.000
29900,0,30,3,31156,0.000,0.000
29910,0,30,3,31156,0.000,0.000
29920,0,30,3,31156,0.000,0.000
29930,0,30,3,31156,0.000,0.000
29940,0,30,3,31156,0.000,0.000
29950,0,30,3,31156,0.000,0.000
29960,0,30,3,31156,0.000,0.000
29970,0,30,3,31156,0.000,0.000
29980,0,30,3,31156,0.000,0.000
29990,0,30,3,31156,0.000,0.000
30000,0,30,3,31156,0.000,0.000
30010,0,50,3,31156,0.000,0.000
30020,0,50,3,31156,0.000,0.000
30030,0,50,3,31157,0.000,0.140
30040,0,50,3,31164,0.000,0.982
30050,0,50,3,31178,0.000,1.963
30060,0,50,3,31200,0.000,3.085
30070,0,50,3,31225,0.000,3.506
30080,0,50,3,31253,0.000,3.927
30090,0,50,3,31284,0.000,4.348
30100,0,50,3,31318,0.000,4.768
30110,0,50,3,31355,0.000,5.189
30120,0,50,3,31395,0.000,5.610
30130,0,50,3,31438,0.000,6.031
30140,0,50,3,31484,0.000,6.451
30150,0,50,3,31533,0.000,6.872
30160,0,50,3,31585,0.000,7.293
30170,0,50,3,31640,0.000,7.714
30180,0,50,3,31698,0.000,8.134
30190,0,50,3,31758,0.000,8.415
30200,0,50,3,31820,0.000,8.695
30210,0,50,3,31884,0.000,8.976
30220,0,50,3,31949,0.000,9.116
30230,0,50,3,32015,0.000,9.256
30240,0,50,3,32082,0.000,9.397
30250,0,50,3,32149,0.000,9.397
30260,0,50,3,32217,0.000,9.537
30270,0,50,3,32285,0.000,9.537
30280,0,50,3,32354,0.000,9.677
30290,0,50,3,32423,0.000,9.677
30300,0,50,3,32493,0.000,9.817
30310,0,50,3,32562,0.000,9.677
30320,0,50,3,32632,0.000,9.817
30330,0,50,3,32702,0.000,9.817
30340,0,50,3,32773,0.000,9.958
30350,0,50,3,32844,0.000,9.958
30360,0,50,3,32914,0.000,9.817
30370,0,50,3,32985,0.000,9.958
30380,0,50,3,33056,0.000,9.958
30390,0,50,3,33127,0.000,9.958
30400,0,50,3,33199,0.000,10.098
30410,0,50,3,33272,0.000,10.238
30420,0,50,3,33345,0.000,10.238
30430,0,50,3,33419,0.000,10.378
30440,0,50,3,33492,0.000,10.238
30450,0,50,3,33566,0.000,10.378
30460,0,50,3,33640,0.000,10.378
30470,0,50,3,33714,0.000,10.378
30480,0,50,3,33789,0.000,10.519
30490,0,50,3,33864,0.000,10.519
30500,0,50,3,33940,0.000,10.659
30510,0,50,3,34015,0.000,10.519
30520,0,50,3,34091,0.000,10.659
30530,0,50,3,34167,0.000,10.659
30540,0,50,3,34243,0.000,10.659
30550,0,50,3,34319,0.000,10.659
30560,0,50,3,34395,0.000,10.659
30570,0,50,3,34472,0.000,10.799
30580,0,50,3,34549,0.000,10.799
30590,0,50,3,34625,0.000,10.659
30600,0,50,3,34701,0.000,10.659
30610,0,50,3,34777,0.000,10.659
30620,0,50,3,34853,0.000,10.659
30630,0,50,3,34929,0.000,10.659
30640,0,50,3,35004,0.000,10.519
30650,0,50,3,35079,0.000,10.519
30660,0,50,3,35153,0.000,10.378
30670,0,50,3,35227,0.000,10.378
30680,0,50,3,35301,0.000,10.378
30690,0,50,3,35375,0.000,10.378
30700,0,50,3,35448,0.000,10.238
30710,0,50,3,35522,0.000,10.378
30720,0,50,3,35595,0.000,10.238
30730,0,50,3,35668,0.000,10.238
30740,0,50,3,35740,0.000,10.098
30750,0,50,3,35812,0.000,10.098
30760,0,50,3,35883,0.000,9.958
30770,0,50,3,35955,0.000,10.098
30780,0,50,3,36025,0.000,9.817
30790,0,50,3,36097,0.000,10.098
30800,0,50,3,36168,0.000,9.958
30810,0,50,3,36239,0.000,9.958
30820,0,50,3,36309,0.000,9.817
30830,0,50,3,36380,0.000,9.958
30840,0,50,3,36451,0.000,9.958
30850,0,50,3,36522,0.000,9.958
30860,0,50,3,36593,0.000,9.958
30870,0,50,3,36664,0.000,9.958
30880,0,50,3,36735,0.000,9.958
30890,0,50,3,36807,0.000,10.098
30900,0,50,3,36879,0.000,10.098
30910,0,50,3,36950,0.000,9.958
30920,0,50,3,37022,0.000,10.098
30930,0,50,3,37094,0.000,10.098
30940,0,50,3,37165,0.000,9.958
30950,0,50,3,37237,0.000,10.098
30960,0,50,3,37309,0.000,10.098
30970,0,50,3,37380,0.000,9.958
30980,0,50,3,37452,0.000,10.098
30990,0,50,3,37524,0.000,10.098
31000,0,50,3,37596,0.000,10.098
31010,0,50,3,37668,0.000,10.098
31020,0,50,3,37740,0.000,10.098
31030,0,50,3,37812,0.000,10.098
31040,0,50,3,37885,0.000,10.238
31050,0,50,3,37957,0.000,10.098
31060,0,50,3,38031,0.000,10.378
31070,0,50,3,38104,0.000,10.238
31080,0,50,3,38178,0.000,10.378
31090,0,50,3,38252,0.000,10.378
31100,0,50,3,38326,0.000,10.378
31110,0,50,3,38400,0.000,10.378
31120,0,50,3,38475,0.000,10.519
31130,0,50,3,38550,0.000,10.519
31140,0,50,3,38625,0.000,10.519
31150,0,50,3,38700,0.000,10.519
31160,0,50,3,38776,0.000,10.659
31170,0,50,3,38851,0.000,10.519
31180,0,50,3,38927,0.000,10.659
31190,0,50,3,39004,0.000,10.799
31200,0,50,3,39081,0.000,10.799
31210,0,50,3,39157,0.000,10.659
31220,0,50,3,39233,0.000,10.659
31230,0,50,3,39309,0.000,10.659
31240,0,50,3,39384,0.000,10.519
31250,0,50,3,39460,0.000,10.659
31260,0,50,3,39534,0.000,10.378
31270,0,50,3,39609,0.000,10.519
31280,0,50,3,39683,0.000,10.378
31290,0,50,3,39756,0.000,10.238
31300,0,50,3,39830,0.000,10.378
31310,0,50,3,39903,0.000,10.238
31320,0,50,3,39976,0.000,10.238
31330,0,50,3,40049,0.000,10.238
31340,0,50,3,40121,0.000,10.098
31350,0,50,2,40193,-0.140,10.098
31360,0,50,2,40264,0.000,9.958
31370,0,50,2,40334,0.000,9.817
31380,0,50,2,40405,0.000,9.958
31390,0,50,2,40475,0.000,9.817
31400,0,50,2,40544,0.000,9.677
31410,0,50,2,40613,0.000,9.677
31420,0,50,2,40683,0.000,9.817
31430,0,50,2,40751,0.000,9.537
31440,0,50,2,40820,0.000,9.677
31450,0,50,2,40889,0.000,9.677
31460,0,50,2,40958,0.000,9.677
31470,0,50,2,41027,0.000,9.677
31480,0,50,2,41096,0.000,9.677
31490,0,50,2,41165,0.000,9.677
31500,0,50,2,41234,0.000,9.677
31510,0,50,2,41303,0.000,9.677
31520,0,50,2,41372,0.000,9.677
31530,0,50,2,41441,0.000,9.677
31540,0,50,2,41510,0.000,9.677
31550,0,50,2,41579,0.000,9.677
31560,0,50,2,41647,0.000,9.537
31570,0,50,2,41716,0.000,9.677
31580,0,50,2,41785,0.000,9.677
31590,0,50,2,41855,0.000,9.817
31600,0,50,2,41925,0.000,9.817
31610,0,50,2,41996,0.000,9.958
31620,0,50,2,42066,0.000,9.817
31630,0,50,2,42137,0.000,9.958
31640,0,50,2,42208,0.000,9.958
31650,0,50,2,42280,0.000,10.098
31660,0,50,2,42351,0.000,9.958
31670,0,50,2,42423,0.000,10.098
31680,0,50,2,42496,0.000,10.238
31690,0,50,2,42569,0.000,10.238
31700,0,50,2,42642,0.000,10.238
31710,0,50,2,42716,0.000,10.378
31720,0,50,2,42790,0.000,10.378
31730,0,50,2,42865,0.000,10.519
31740,0,50,2,42940,0.000,10.519
31750,0,50,2,43015,0.000,10.519
31760,0,50,2,43089,0.000,10.378
31770,0,50,2,43165,0.000,10.659
31780,0,50,2,43240,0.000,10.519
31790,0,50,2,43315,0.000,10.519
31800,0,50,2,43391,0.000,10.659
31810,0,50,2,43467,0.000,10.659
31820,0,50,2,43543,0.000,10.659
31830,0,50,2,43619,0.000,10.659
31840,0,50,2,43695,0.000,10.659
31850,0,50,2,43770,0.000,10.519
31860,0,50,2,43846,0.000,10.659
31870,0,50,2,43922,0.000,10.659
31880,0,50,2,43997,0.000,10.519
31890,0,50,2,44072,0.000,10.519
31900,0,50,2,44146,0.000,10.378
31910,0,50,2,44220,0.000,10.378
31920,0,50,2,44294,0.000,10.378
31930,0,50,2,44367,0.000,10.238
31940,0,50,2,44440,0.000,10.238
31950,0,50,2,44513,0.000,10.238
31960,0,50,2,44585,0.000,10.098
31970,0,50,2,44657,0.000,10.098
31980,0,50,2,44728,0.000,9.958
31990,0,50,2,44799,0.000,9.958
32000,0,50,2,44870,0.000,9.958
32010,0,50,2,44941,0.000,9.958
32020,0,50,2,45011,0.000,9.817
32030,0,50,2,45081,0.000,9.817
32040,0,50,2,45152,0.000,9.958
32050,0,50,2,45222,0.000,9.817
32060,0,50,2,45292,0.000,9.817
32070,0,50,2,45363,0.000,9.958
32080,0,50,2,45433,0.000,9.817
32090,0,50,2,45503,0.000,9.817
32100,0,50,2,45573,0.000,9.817
32110,0,50,2,45644,0.000,9.958
32120,0,50,2,45714,0.000,9.817
32130,0,50,2,45784,0.000,9.817
32140,0,50,2,45855,0.000,9.958
32150,0,50,2,45925,0.000,9.817
32160,0,50,2,45996,0.000,9.958
32170,0,50,2,46067,0.000,9.958
32180,0,50,2,46138,0.000,9.958
32190,0,50,2,46209,0.000,9.958
32200,0,50,2,46280,0.000,9.958
32210,0,50,2,46352,0.000,10.098
32220,0,50,2,46424,0.000,10.098
32230,0,50,2,46495,0.000,9.958
32240,0,50,2,46567,0.000,10.098
32250,0,50,2,46640,0.000,10.238
32260,0,50,2,46712,0.000,10.098
32270,0,50,2,46784,0.000,10.098
32280,0,50,2,46857,0.000,10.238
32290,0,50,2,46930,0.000,10.238
32300,0,50,2,47004,0.000,10.378
32310,0,50,2,47078,0.000,10.378
32320,0,50,2,47152,0.000,10.378
32330,0,50,2,47226,0.000,10.378
32340,0,50,2,47301,0.000,10.519
32350,0,50,2,47376,0.000,10.519
32360,0,50,2,47451,0.000,10.519
32370,0,50,2,47527,0.000,10.659
32380,0,50,2,47602,0.000,10.519
32390,0,50,2,47678,0.000,10.659
32400,0,50,2,47754,0.000,10.659
32410,0,50,2,47830,0.000,10.659
32420,0,50,2,47907,0.000,10.799
32430,0,50,2,47984,0.000,10.799
32440,0,50,2,48060,0.000,10.659
32450,0,50,2,48137,0.000,10.799
32460,0,50,2,48213,0.000,10.659
32470,0,50,2,48289,0.000,10.659
32480,0,50,2,48365,0.000,10.659
32490,0,50,2,48440,0.000,10.519
32500,0,50,2,48514,0.000,10.378
32510,0,50,2,48589,0.000,10.519
32520,0,50,2,48663,0.000,10.378
32530,0,50,2,48737,0.000,10.378
32540,0,50,2,48810,0.000,10.238
32550,0,50,2,48882,0.000,10.098
32560,0,50,2,48954,0.000,10.098
32570,0,50,2,49026,0.000,10.098
32580,0,50,2,49097,0.000,9.958
32590,0,50,2,49168,0.000,9.958
32600,0,50,2,49239,0.000,9.958
32610,0,50,2,49309,0.000,9.817
32620,0,50,2,49380,0.000,9.958
32630,0,50,2,49450,0.000,9.817
32640,0,50,2,49519,0.000,9.677
32650,0,50,2,49589,0.000,9.817
32660,0,50,2,49658,0.000,9.677
32670,0,50,2,49727,0.000,9.677
32680,0,50,2,49795,0.000,9.537
32690,0,50,2,49864,0.000,9.677
32700,0,50,2,49933,0.000,9.677
32710,0,50,2,50001,0.000,9.537
32720,0,50,2,50070,0.000,9.677
32730,0,50,2,50139,0.000,9.677
32740,0,50,2,50209,0.000,9.817
32750,0,50,2,50277,0.000,9.537
32760,0,50,2,50347,0.000,9.817
32770,0,50,2,50416,0.000,9.677
32780,0,50,2,50484,0.000,9.537
32790,0,50,2,50553,0.000,9.677
32800,0,50,2,50622,0.000,9.677
32810,0,50,2,50691,0.000,9.677
32820,0,50,2,50760,0.000,9.677
32830,0,50,2,50829,0.000,9.677
32840,0,50,2,50899,0.000,9.817
32850,0,50,2,50969,0.000,9.817
32860,0,50,2,51039,0.000,9.817
32870,0,50,2,51109,0.000,9.817
32880,0,50,2,51180,0.000,9.958
32890,0,50,2,51251,0.000,9.958
32900,0,50,2,51322,0.000,9.958
32910,0,50,2,51393,0.000,9.958
32920,0,50,2,51465,0.000,10.098
32930,0,50,2,51538,0.000,10.238
32940,0,50,2,51610,0.000,10.098
32950,0,50,2,51683,0.000,10.238
32960,0,50,2,51756,0.000,10.238
32970,0,50,2,51828,0.000,10.098
32980,0,50,2,51902,0.000,10.378
32990,0,50,2,51975,0.000,10.238
33000,0,50,2,52049,0.000,10.378
33010,0,30,2,52124,0.000,10.519
33020,0,30,2,52198,0.000,10.378
33030,0,30,2,52270,0.000,10.098
33040,0,30,2,52337,0.000,9.397
33050,0,30,2,52398,0.000,8.555
33060,0,30,2,52447,0.000,6.872
33070,0,30,2,52486,0.000,5.470
33080,0,30,2,52515,0.000,4.067
33090,0,30,2,52537,0.000,3.085
33100,0,30,2,52553,0.000,2.244
33110,0,30,2,52565,0.000,1.683
33120,0,30,2,52573,0.000,1.122
33130,0,30,2,52577,0.000,0.561
33140,0,30,2,52580,0.000,0.421
33150,0,30,2,52583,0.000,0.421
33160,0,30,2,52583,0.000,0.000
33170,0,30,2,52584,0.000,0.140
33180,0,30,2,52584,0.000,0.000
33190,0,30,2,52584,0.000,0.000
33200,0,30,2,52584,0.000,0.000
33210,0,30,2,52584,0.000,0.000
33220,0,30,2,52584,0.000,0.000
33230,0,30,2,52584,0.000,0.000
33240,0,30,2,52584,0.000,0.000
33250,0,30,2,52584,0.000,0.000
33260,0,30,2,52584,0.000,0.000
33270,0,30,2,52584,0.000,0.000
33280,0,30,2,52584,0.000,0.000
33290,0,30,2,52584,0.000,0.000
33300,0,30,2,52584,0.000,0.000
33310,0,30,2,52584,0.000,0.000
33320,0,30,2,52584,0.000,0.000
33330,0,30,2,52584,0.000,0.000
33340,0,30,2,52584,0.000,0.000
33350,0,30,2,52584,0.000,0.000
33360,0,30,2,52584,0.000,0.000
33370,0,30,2,52584,0.000,0.000
33380,0,30,2,52584,0.000,0.000
33390,0,30,2,52584,0.000,0.000
33400,0,30,2,52584,0.000,0.000
33410,0,30,2,52584,0.000,0.000
33420,0,30,2,52584,0.000,0.000
33430,0,30,2,52584,0.000,0.000
33440,0,30,2,52584,0.000,0.000
33450,0,30,2,52584,0.000,0.000
33460,0,30,2,52584,0.000,0.000
33470,0,30,2,52584,0.000,0.000
33480,0,30,2,52584,0.000,0.000
33490,0,30,2,52584,0.000,0.000
33500,0,30,2,52584,0.000,0.000
33510,0,30,2,52584,0.000,0.000
33520,0,30,2,52584,0.000,0.000
33530,0,30,2,52584,0.000,0.000
33540,0,30,2,52584,0.000,0.000
33550,0,30,2,52584,0.000,0.000
33560,0,30,2,52584,0.000,0.000
33570,0,30,2,52584,0.000,0.000
33580,0,30,2,52584,0.000,0.000
33590,0,30,2,52584,0.000,0.000
33600,0,30,2,52584,0.000,0.000
33610,0,30,2,52584,0.000,0.000
33620,0,30,2,52584,0.000,0.000
33630,0,30,2,52584,0.000,0.000
33640,0,30,2,52584,0.000,0.000
33650,0,30,2,52584,0.000,0.000
33660,0,30,2,52584,0.000,0.000
33670,0,30,2,52584,0.000,0.000
33680,0,30,2,52584,0.000,0.000
33690,0,30,2,52584,0.000,0.000
33700,0,30,2,52584,0.000,0.000
33710,0,30,2,52584,0.000,0.000
33720,0,30,2,52584,0.000,0.000
33730,0,30,2,52584,0.000,0.000
33740,0,30,2,52584,0.000,0.000
33750,0,30,2,52584,0.000,0.000
33760,0,30,2,52584,0.000,0.000
33770,0,30,2,52584,0.000,0.000
33780,0,30,2,52584,0.000,0.000
33790,0,30,2,52584,0.000,0.000
33800,0,30,2,52584,0.000,0.000
33810,0,30,2,52584,0.000,0.000
33820,0,30,2,52584,0.000,0.000
33830,0,30,2,52584,0.000,0.000
33840,0,30,2,52584,0.000,0.000
33850,0,30,2,52584,0.000,0.000
33860,0,30,2,52584,0.000,0.000
33870,0,30,2,52584,0.000,0.000
33880,0,30,2,52584,0.000,0.000
33890,0,30,2,52584,0.000,0.000
33900,0,30,2,52584,0.000,0.000
33910,0,30,2,52584,0.000,0.000
33920,0,30,2,52584,0.000,0.000
33930,0,30,2,52584,0.000,0.000
33940,0,30,2,52584,0.000,0.000
33950,0,30,2,52584,0.000,0.000
33960,0,30,2,52584,0.000,0.000
33970,0,30,2,52584,0.000,0.000
33980,0,30,2,52584,0.000,0.000
33990,0,30,2,52584,0.000,0.000
34000,0,30,2,52584,0.000,0.000
34010,0,30,2,52584,0.000,0.000
34020,0,30,2,52584,0.000,0.000
34030,0,30,2,52584,0.000,0.000
34040,0,30,2,52584,0.000,0.000
34050,0,30,2,52584,0.000,0.000
34060,0,30,2,52584,0.000,0.000
34070,0,30,2,52584,0.000,0.000
34080,0,30,2,52584,0.000,0.000
34090,0,30,2,52584,0.000,0.000
34100,0,30,2,52584,0.000,0.000
34110,0,30,2,52584,0.000,0.000
34120,0,30,2,52584,0.000,0.000
34130,0,30,2,52584,0.000,0.000
34140,0,30,2,52584,0.000,0.000
34150,0,30,2,52584,0.000,0.000
34160,0,30,2,52584,0.000,0.000
34170,0,30,2,52584,0.000,0.000
34180,0,30,2,52584,0.000,0.000
34190,0,30,2,52584,0.000,0.000
34200,0,30,2,52584,0.000,0.000
34210,0,30,2,52584,0.000,0.000
34220,0,30,2,52584,0.000,0.000
34230,0,30,2,52584,0.000,0.000
34240,0,30,2,52584,0.000,0.000
34250,0,30,2,52584,0.000,0.000
34260,0,30,2,52584,0.000,0.000
34270,0,30,2,52584,0.000,0.000
34280,0,30,2,52584,0.000,0.000
34290,0,30,2,52584,0.000,0.000
34300,0,30,2,52584,0.000,0.000
34310,0,30,2,52584,0.000,0.000
34320,0,30,2,52584,0.000,0.000
34330,0,30,2,52584,0.000,0.000
34340,0,30,2,52584,0.000,0.000
34350,0,30,2,52584,0.000,0.000
34360,0,30,2,52584,0.000,0.000
34370,0,30,2,52584,0.000,0.000
34380,0,30,2,52584,0.000,0.000
34390,0,30,2,52584,0.000,0.000
34400,0,30,2,52584,0.000,0.000
34410,0,30,2,52584,0.000,0.000
34420,0,30,2,52584,0.000,0.000
34430,0,30,2,52584,0.000,0.000
34440,0,30,2,52584,0.000,0.000
34450,0,30,2,52584,0.000,0.000
34460,0,30,2,52584,0.000,0.000
34470,0,30,2,52584,0.000,0.000
34480,0,30,2,52584,0.000,0.000
34490,0,30,2,52584,0.000,0.000
34500,0,30,2,52584,0.000,0.000
34510,0,30,2,52584,0.000,0.000
34520,0,30,2,52584,0.000,0.000
34530,0,30,2,52584,0.000,0.000
34540,0,30,2,52584,0.000,0.000
34550,0,30,2,52584,0.000,0.000
34560,0,30,2,52584,0.000,0.000
34570,0,30,2,52584,0.000,0.000
34580,0,30,2,52584,0.000,0.000
34590,0,30,2,52584,0.000,0.000
34600,0,30,2,52584,0.000,0.000
34610,0,30,2,52584,0.000,0.000
34620,0,30,2,52584,0.000,0.000
34630,0,30,2,52584,0.000,0.000
34640,0,30,2,52584,0.000,0.000
34650,0,30,2,52584,0.000,0.000
34660,0,30,2,52584,0.000,0.000
34670,0,30,2,52584,0.000,0.000
34680,0,30,2,52584,0.000,0.000
34690,0,30,2,52584,0.000,0.000
34700,0,30,2,52584,0.000,0.000
34710,0,30,2,52584,0.000,0.000
34720,0,30,2,52584,0.000,0.000
34730,0,30,2,52584,0.000,0.000
34740,0,30,2,52584,0.000,0.000
34750,0,30,2,52584,0.000,0.000
34760,0,30,2,52584,0.000,0.000
34770,0,30,2,52584,0.000,0.000
34780,0,30,2,52584,0.000,0.000
34790,0,30,2,52584,0.000,0.000
34800,0,30,2,52584,0.000,0.000
34810,0,30,2,52584,0.000,0.000
34820,0,30,2,52584,0.000,0.000
34830,0,30,2,52584,0.000,0.000
34840,0,30,2,52584,0.000,0.000
34850,0,30,2,52584,0.000,0.000
34860,0,30,2,52584,0.000,0.000
34870,0,30,2,52584,0.000,0.000
34880,0,30,2,52584,0.000,0.000
34890,0,30,2,52584,0.000,0.000
34900,0,30,2,52584,0.000,0.000
34910,0,30,2,52584,0.000,0.000
34920,0,30,2,52584,0.000,0.000
34930,0,30,2,52584,0.000,0.000
34940,0,30,2,52584,0.000,0.000
34950,0,30,2,52584,0.000,0.000
34960,0,30,2,52584,0.000,0.000
34970,0,30,2,52584,0.000,0.000
34980,0,30,2,52584,0.000,0.000
34990,0,30,2,52584,0.000,0.000
35000,0,30,2,52584,0.000,0.000
35010,0,30,2,52584,0.000,0.000
35020,0,30,2,52584,0.000,0.000
35030,0,30,2,52584,0.000,0.000
35040,0,30,2,52584,0.000,0.000
35050,0,30,2,52584,0.000,0.000
35060,0,30,2,52584,0.000,0.000
35070,0,30,2,52584,0.000,0.000
35080,0,30,2,52584,0.000,0.000
35090,0,30,2,52584,0.000,0.000
35100,0,30,2,52584,0.000,0.000
35110,0,30,2,52584,0.000,0.000
35120,0,30,2,52584,0.000,0.000
35130,0,30,2,52584,0.000,0.000
35140,0,30,2,52584,0.000,0.000
35150,0,30,2,52584,0.000,0.000
35160,0,30,2,52584,0.000,0.000
35170,0,30,2,52584,0.000,0.000
35180,0,30,2,52584,0.000,0.000
35190,0,30,2,52584,0.000,0.000
35200,0,30,2,52584,0.000,0.000
35210,0,30,2,52584,0.000,0.000
35220,0,30,2,52584,0.000,0.000
35230,0,30,2,52584,0.000,0.000
35240,0,30,2,52584,0.000,0.000
35250,0,30,2,52584,0.000,0.000
35260,0,30,2,52584,0.000,0.000
35270,0,30,2,52584,0.000,0.000
35280,0,30,2,52584,0.000,0.000
35290,0,30,2,52584,0.000,0.000
35300,0,30,2,52584,0.000,0.000
35310,0,30,2,52584,0.000,0.000
35320,0,30,2,52584,0.000,0.000
35330,0,30,2,52584,0.000,0.000
35340,0,30,2,52584,0.000,0.000
35350,0,30,2,52584,0.000,0.000
35360,0,30,2,52584,0.000,0.000
35370,0,30,2,52584,0.000,0.000
35380,0,30,2,52584,0.000,0.000
35390,0,30,2,52584,0.000,0.000
35400,0,30,2,52584,0.000,0.000
35410,0,30,2,52584,0.000,0.000
35420,0,30,2,52584,0.000,0.000
35430,0,30,2,52584,0.000,0.000
35440,0,30,2,52584,0.000,0.000
35450,0,30,2,52584,0.000,0.000
35460,0,30,2,52584,0.000,0.000
35470,0,30,2,52584,0.000,0.000
35480,0,30,2,52584,0.000,0.000
35490,0,30,2,52584,0.000,0.000
35500,0,30,2,52584,0.000,0.000
35510,0,30,2,52584,0.000,0.000
35520,0,30,2,52584,0.000,0.000
35530,0,30,2,52584,0.000,0.000
35540,0,30,2,52584,0.000,0.000
35550,0,30,2,52584,0.000,0.000
35560,0,30,2,52584,0.000,0.000
35570,0,30,2,52584,0.000,0.000
35580,0,30,2,52584,0.000,0.000
35590,0,30,2,52584,0.000,0.000
35600,0,30,2,52584,0.000,0.000
35610,0,30,2,52584,0.000,0.000
35620,0,30,2,52584,0.000,0.000
35630,0,30,2,52584,0.000,0.000
35640,0,30,2,52584,0.000,0.000
35650,0,30,2,52584,0.000,0.000
35660,0,30,2,52584,0.000,0.000
35670,0,30,2,52584,0.000,0.000
35680,0,30,2,52584,0.000,0.000
35690,0,30,2,52584,0.000,0.000
35700,0,30,2,52584,0.000,0.000
35710,0,30,2,52584,0.000,0.000
35720,0,30,2,52584,0.000,0.000
35730,0,30,2,52584,0.000,0.000
35740,0,30,2,52584,0.000,0.000
35750,0,30,2,52584,0.000,0.000
35760,0,30,2,52584,0.000,0.000
35770,0,30,2,52584,0.000,0.000
35780,0,30,2,52584,0.000,0.000
35790,0,30,2,52584,0.000,0.000
35800,0,30,2,52584,0.000,0.000
35810,0,30,2,52584,0.000,0.000
35820,0,30,2,52584,0.000,0.000
35830,0,30,2,52584,0.000,0.000
35840,0,30,2,52584,0.000,0.000
35850,0,30,2,52584,0.000,0.000
35860,0,30,2,52584,0.000,0.000
35870,0,30,2,52584,0.000,0.000
35880,0,30,2,52584,0.000,0.000
35890,0,30,2,52584,0.000,0.000
35900,0,30,2,52584,0.000,0.000
35910,0,30,2,52584,0.000,0.000
35920,0,30,2,52584,0.000,0.000
35930,0,30,2,52584,0.000,0.000
35940,0,30,2,52584,0.000,0.000
35950,0,30,2,52584,0.000,0.000
35960,0,30,2,52584,0.000,0.000
35970,0,30,2,52584,0.000,0.000
35980,0,30,2,52584,0.000,0.000
35990,0,30,2,52584,0.000,0.000
36000,0,30,2,52584,0.000,0.000
36010,0,0,2,52584,0.000,0.000
36020,0,0,2,52584,0.000,0.000
36030,0,0,2,52583,0.000,-0.140
36040,0,0,2,52573,0.000,-1.402
36050,0,0,2,52555,0.000,-2.524
36060,0,0,2,52535,0.000,-2.805
36070,0,0,2,52515,0.000,-2.805
36080,0,0,2,52495,0.000,-2.805
36090,0,0,2,52477,0.000,-2.524
36100,0,0,2,52460,0.000,-2.384
36110,0,0,2,52445,0.000,-2.104
36120,0,0,2,52431,0.000,-1.963
36130,0,0,2,52418,0.000,-1.823
36140,0,0,2,52409,0.000,-1.262
36150,0,0,2,52404,0.000,-0.701
36160,0,0,2,52400,0.000,-0.561
36170,0,0,2,52398,0.000,-0.280
36180,0,0,2,52397,0.000,-0.140
36190,0,0,2,52397,0.000,0.000
36200,0,0,2,52397,0.000,0.000
36210,0,0,2,52397,0.000,0.000
36220,0,0,2,52397,0.000,0.000
36230,0,0,2,52397,0.000,0.000
36240,0,0,2,52397,0.000,0.000
36250,0,0,2,52397,0.000,0.000
36260,0,0,2,52397,0.000,0.000
36270,0,0,2,52397,0.000,0.000
36280,0,0,2,52397,0.000,0.000
36290,0,0,2,52397,0.000,0.000
36300,0,0,2,52397,0.000,0.000
36310,0,0,2,52397,0.000,0.000
36320,0,0,2,52397,0.000,0.000
36330,0,0,2,52397,0.000,0.000
36340,0,0,2,52397,0.000,0.000
36350,0,0,2,52397,0.000,0.000
36360,0,0,2,52397,0.000,0.000
36370,0,0,2,52397,0.000,0.000
36380,0,0,2,52397,0.000,0.000
36390,0,0,2,52397,0.000,0.000
36400,0,0,2,52397,0.000,0.000
36410,0,0,2,52397,0.000,0.000
36420,0,0,2,52397,0.000,0.000
36430,0,0,2,52397,0.000,0.000
36440,0,0,2,52397,0.000,0.000
36450,0,0,2,52397,0.000,0.000
36460,0,0,2,52397,0.000,0.000
36470,0,0,2,52397,0.000,0.000
36480,0,0,2,52397,0.000,0.000
36490,0,0,2,52397,0.000,0.000
36500,0,0,2,52397,0.000,0.000
36510,0,0,2,52397,0.000,0.000
36520,0,0,2,52397,0.000,0.000
36530,0,0,2,52397,0.000,0.000
36540,0,0,2,52397,0.000,0.000
36550,0,0,2,52397,0.000,0.000
36560,0,0,2,52397,0.000,0.000
36570,0,0,2,52397,0.000,0.000
36580,0,0,2,52397,0.000,0.000
36590,0,0,2,52397,0.000,0.000
36600,0,0,2,52397,0.000,0.000
36610,0,0,2,52397,0.000,0.000
36620,0,0,2,52397,0.000,0.000
36630,0,0,2,52397,0.000,0.000
36640,0,0,2,52397,0.000,0.000
36650,0,0,2,52397,0.000,0.000
36660,0,0,2,52397,0.000,0.000
36670,0,0,2,52397,0.000,0.000
36680,0,0,2,52397,0.000,0.000
36690,0,0,2,52397,0.000,0.000
36700,0,0,2,52397,0.000,0.000
36710,0,0,2,52397,0.000,0.000
36720,0,0,2,52397,0.000,0.000
36730,0,0,2,52397,0.000,0.000
36740,0,0,2,52397,0.000,0.000
36750,0,0,2,52397,0.000,0.000
36760,0,0,2,52397,0.000,0.000
36770,0,0,2,52397,0.000,0.000
36780,0,0,2,52397,0.000,0.000
36790,0,0,2,52397,0.000,0.000
36800,0,0,2,52397,0.000,0.000
36810,0,0,2,52397,0.000,0.000
36820,0,0,2,52397,0.000,0.000
36830,0,0,2,52397,0.000,0.000
36840,0,0,2,52397,0.000,0.000
36850,0,0,2,52397,0.000,0.000
36860,0,0,2,52397,0.000,0.000
36870,0,0,2,52397,0.000,0.000
36880,0,0,2,52397,0.000,0.000
36890,0,0,2,52397,0.000,0.000
36900,0,0,2,52397,0.000,0.000
36910,0,0,2,52397,0.000,0.000
36920,0,0,2,52397,0.000,0.000
36930,0,0,2,52397,0.000,0.000
36940,0,0,2,52397,0.000,0.000
36950,0,0,2,52397,0.000,0.000
36960,0,0,2,52397,0.000,0.000
36970,0,0,2,52397,0.000,0.000
36980,0,0,2,52397,0.000,0.000
36990,0,0,2,52397,0.000,0.000
37000,0,0,2,52397,0.000,0.000
37010,0,0,2,52397,0.000,0.000
37020,0,0,2,52397,0.000,0.000
37030,0,0,2,52397,0.000,0.000
37040,0,0,2,52397,0.000,0.000
37050,0,0,2,52397,0.000,0.000
37060,0,0,2,52397,0.000,0.000
37070,0,0,2,52397,0.000,0.000
37080,0,0,2,52397,0.000,0.000
37090,0,0,2,52397,0.000,0.000
37100,0,0,2,52397,0.000,0.000
37110,0,0,2,52397,0.000,0.000
37120,0,0,2,52397,0.000,0.000
37130,0,0,2,52397,0.000,0.000
37140,0,0,2,52397,0.000,0.000
37150,0,0,2,52397,0.000,0.000
37160,0,0,2,52397,0.000,0.000
37170,0,0,2,52397,0.000,0.000
37180,0,0,2,52397,0.000,0.000
37190,0,0,2,52397,0.000,0.000
37200,0,0,2,52397,0.000,0.000
37210,0,0,2,52397,0.000,0.000
37220,0,0,2,52397,0.000,0.000
37230,0,0,2,52397,0.000,0.000
37240,0,0,2,52397,0.000,0.000
37250,0,0,2,52397,0.000,0.000
37260,0,0,2,52397,0.000,0.000
37270,0,0,2,52397,0.000,0.000
37280,0,0,2,52397,0.000,0.000
37290,0,0,2,52397,0.000,0.000
37300,0,0,2,52397,0.000,0.000
37310,0,0,2,52397,0.000,0.000
37320,0,0,2,52397,0.000,0.000
37330,0,0,2,52397,0.000,0.000
37340,0,0,2,52397,0.000,0.000
37350,0,0,2,52397,0.000,0.000
37360,0,0,2,52397,0.000,0.000
37370,0,0,2,52397,0.000,0.000
37380,0,0,2,52397,0.000,0.000
37390,0,0,2,52397,0.000,0.000
37400,0,0,2,52397,0.000,0.000
37410,0,0,2,52397,0.000,0.000
37420,0,0,2,52397,0.000,0.000
37430,0,0,2,52397,0.000,0.000
37440,0,0,2,52397,0.000,0.000
37450,0,0,2,52397,0.000,0.000
37460,0,0,2,52397,0.000,0.000
37470,0,0,2,52397,0.000,0.000
37480,0,0,2,52397,0.000,0.000
37490,0,0,2,52397,0.000,0.000
37500,0,0,2,52397,0.000,0.000
37510,0,0,2,52397,0.000,0.000
37520,0,0,2,52397,0.000,0.000
37530,0,0,2,52397,0.000,0.000
37540,0,0,2,52397,0.000,0.000
37550,0,0,2,52397,0.000,0.000
37560,0,0,2,52397,0.000,0.000
37570,0,0,2,52397,0.000,0.000
37580,0,0,2,52397,0.000,0.000
37590,0,0,2,52397,0.000,0.000
37600,0,0,2,52397,0.000,0.000
37610,0,0,2,52397,0.000,0.000
37620,0,0,2,52397,0.000,0.000
37630,0,0,2,52397,0.000,0.000
37640,0,0,2,52397,0.000,0.000
37650,0,0,2,52397,0.000,0.000
37660,0,0,2,52397,0.000,0.000
37670,0,0,2,52397,0.000,0.000
37680,0,0,2,52397,0.000,0.000
37690,0,0,2,52397,0.000,0.000
37700,0,0,2,52397,0.000,0.000
37710,0,0,2,52397,0.000,0.000
37720,0,0,2,52397,0.000,0.000
37730,0,0,2,52397,0.000,0.000
37740,0,0,2,52397,0.000,0.000
37750,0,0,2,52397,0.000,0.000
37760,0,0,3,52398,0.140,0.140
37770,0,0,3,52400,0.000,0.280
37780,0,0,3,52403,0.000,0.421
37790,0,0,3,52405,0.000,0.280
37800,0,0,3,52406,0.000,0.140
37810,0,0,3,52406,0.000,0.000
37820,0,0,3,52406,0.000,0.000
37830,0,0,3,52406,0.000,0.000
37840,0,0,3,52406,0.000,0.000
37850,0,0,3,52406,0.000,0.000
37860,0,0,3,52406,0.000,0.000
37870,0,0,3,52406,0.000,0.000
37880,0,0,3,52406,0.000,0.000
37890,0,0,3,52406,0.000,0.000
37900,0,0,3,52406,0.000,0.000
37910,0,0,3,52406,0.000,0.000
37920,0,0,3,52406,0.000,0.000
37930,0,0,3,52406,0.000,0.000
37940,0,0,3,52406,0.000,0.000
37950,0,0,3,52406,0.000,0.000
37960,0,0,3,52406,0.000,0.000
37970,0,0,3,52406,0.000,0.000
37980,0,0,3,52406,0.000,0.000
37990,0,0,3,52406,0.000,0.000
38000,0,0,3,52406,0.000,0.000
38010,0,0,3,52406,0.000,0.000
38020,0,0,3,52406,0.000,0.000
38030,0,0,3,52406,0.000,0.000
38040,0,0,3,52406,0.000,0.000
38050,0,0,3,52406,0.000,0.000
38060,0,0,3,52406,0.000,0.000
38070,0,0,3,52406,0.000,0.000
38080,0,0,3,52406,0.000,0.000
38090,0,0,3,52406,0.000,0.000
38100,0,0,3,52406,0.000,0.000
38110,0,0,3,52406,0.000,0.000
38120,0,0,3,52406,0.000,0.000
38130,0,0,3,52406,0.000,0.000
38140,0,0,3,52406,0.000,0.000
38150,0,0,3,52405,0.000,-0.140
38160,0,0,3,52405,0.000,0.000
38170,0,0,3,52405,0.000,0.000
38180,0,0,3,52404,0.000,-0.140
38190,0,0,3,52404,0.000,0.000
38200,0,0,3,52404,0.000,0.000
38210,0,0,3,52404,0.000,0.000
38220,0,0,3,52404,0.000,0.000
38230,0,0,3,52404,0.000,0.000
38240,0,0,3,52404,0.000,0.000
38250,0,0,3,52404,0.000,0.000
38260,0,0,3,52404,0.000,0.000
38270,0,0,3,52404,0.000,0.000
38280,0,0,2,52404,-0.140,0.000
38290,0,0,2,52404,0.000,0.000
38300,0,0,2,52404,0.000,0.000
38310,0,0,2,52404,0.000,0.000
38320,0,0,2,52404,0.000,0.000
38330,0,0,2,52404,0.000,0.000
38340,0,0,2,52405,0.000,0.140
38350,0,0,3,52405,0.140,0.000
38360,0,0,3,52406,0.000,0.140
38370,0,0,3,52406,0.000,0.000
38380,0,0,3,52406,0.000,0.000
38390,0,0,3,52405,0.000,-0.140
38400,0,0,3,52405,0.000,0.000
38410,0,0,3,52405,0.000,0.000
38420,0,0,3,52405,0.000,0.000
38430,0,0,3,52405,0.000,0.000
38440,0,0,3,52405,0.000,0.000
38450,0,0,3,52405,0.000,0.000
38460,0,0,3,52405,0.000,0.000
38470,0,0,3,52405,0.000,0.000
38480,0,0,3,52405,0.000,0.000
38490,0,0,3,52405,0.000,0.000
38500,0,0,3,52405,0.000,0.000
38510,0,0,3,52405,0.000,0.000
38520,0,0,3,52405,0.000,0.000
38530,0,0,3,52405,0.000,0.000
38540,0,0,3,52405,0.000,0.000
38550,0,0,3,52405,0.000,0.000
38560,0,0,3,52405,0.000,0.000
38570,0,0,3,52405,0.000,0.000
38580,0,0,3,52405,0.000,0.000
38590,0,0,3,52405,0.000,0.000
38600,0,0,3,52405,0.000,0.000
38610,0,0,3,52405,0.000,0.000
38620,0,0,3,52405,0.000,0.000
38630,0,0,3,52405,0.000,0.000
38640,0,0,3,52405,0.000,0.000
38650,0,0,3,52405,0.000,0.000
38660,0,0,3,52405,0.000,0.000
38670,0,0,3,52405,0.000,0.000
38680,0,0,3,52405,0.000,0.000
38690,0,0,3,52405,0.000,0.000
38700,0,0,3,52405,0.000,0.000
38710,0,0,3,52405,0.000,0.000
38720,0,0,3,52405,0.000,0.000
38730,0,0,3,52405,0.000,0.000
38740,0,0,3,52405,0.000,0.000
38750,0,0,3,52405,0.000,0.000
38760,0,0,3,52405,0.000,0.000
38770,0,0,3,52405,0.000,0.000
38780,0,0,3,52405,0.000,0.000
38790,0,0,3,52405,0.000,0.000
38800,0,0,3,52405,0.000,0.000
38810,0,0,3,52405,0.000,0.000
38820,0,0,3,52405,0.000,0.000
38830,0,0,3,52405,0.000,0.000
38840,0,0,3,52405,0.000,0.000
38850,0,0,3,52407,0.000,0.280
38860,0,0,3,52408,0.000,0.140
38870,0,0,3,52409,0.000,0.140
38880,0,0,3,52409,0.000,0.000
38890,0,0,3,52409,0.000,0.000
38900,0,0,3,52409,0.000,0.000
38910,0,0,3,52409,0.000,0.000
38920,0,0,3,52409,0.000,0.000
38930,0,0,3,52409,0.000,0.000
38940,0,0,3,52409,0.000,0.000
38950,0,0,3,52409,0.000,0.000
38960,0,0,3,52409,0.000,0.000
38970,0,0,3,52409,0.000,0.000
38980,0,0,3,52409,0.000,0.000
38990,0,0,3,52409,0.000,0.000
39000,0,0,3,52409,0.000,0.000
39010,0,-3,3,52409,0.000,0.000
39020,0,-3,3,52409,0.000,0.000
39030,0,-3,3,52409,0.000,0.000
39040,0,-3,3,52408,0.000,-0.140
39050,0,-3,3,52407,0.000,-0.140
39060,0,-3,3,52404,0.000,-0.421
39070,0,-3,3,52399,0.000,-0.701
39080,0,-3,3,52393,0.000,-0.841
39090,0,-3,3,52388,0.000,-0.701
39100,0,-3,3,52382,0.000,-0.841
39110,0,-3,3,52375,0.000,-0.982
39120,0,-3,3,52369,0.000,-0.841
39130,0,-3,3,52363,0.000,-0.841
39140,0,-3,3,52357,0.000,-0.841
39150,0,-3,3,52351,0.000,-0.841
39160,0,-3,3,52345,0.000,-0.841
39170,0,-3,3,52339,0.000,-0.841
39180,0,-3,3,52333,0.000,-0.841
39190,0,-3,3,52326,0.000,-0.982
39200,0,-3,3,52320,0.000,-0.841
39210,0,-3,3,52313,0.000,-0.982
39220,0,-3,3,52307,0.000,-0.841
39230,0,-3,3,52300,0.000,-0.982
39240,0,-3,3,52293,0.000,-0.982
39250,0,-3,3,52286,0.000,-0.982
39260,0,-3,3,52279,0.000,-0.982
39270,0,-3,3,52272,0.000,-0.982
39280,0,-3,3,52264,0.000,-1.122
39290,0,-3,3,52257,0.000,-0.982
39300,0,-3,3,52250,0.000,-0.982
39310,0,-3,3,52243,0.000,-0.982
39320,0,-3,3,52236,0.000,-0.982
39330,0,-3,3,52229,0.000,-0.982
39340,0,-3,3,52222,0.000,-0.982
39350,0,-3,3,52216,0.000,-0.841
39360,0,-3,3,52209,0.000,-0.982
39370,0,-3,3,52203,0.000,-0.841
39380,0,-3,3,52197,0.000,-0.841
39390,0,-3,3,52192,0.000,-0.701
39400,0,-3,3,52186,0.000,-0.841
39410,0,-3,3,52180,0.000,-0.841
39420,0,-3,3,52175,0.000,-0.701
39430,0,-3,3,52169,0.000,-0.841
39440,0,-3,3,52163,0.000,-0.841
39450,0,-3,3,52157,0.000,-0.841
39460,0,-3,3,52152,0.000,-0.701
39470,0,-3,3,52146,0.000,-0.841
39480,0,-3,3,52140,0.000,-0.841
39490,0,-3,3,52135,0.000,-0.701
39500,0,-3,3,52129,0.000,-0.841
39510,0,-3,3,52123,0.000,-0.841
39520,0,-3,3,52118,0.000,-0.701
39530,0,-3,3,52112,0.000,-0.841
39540,0,-3,3,52106,0.000,-0.841
39550,0,-3,3,52099,0.000,-0.982
39560,0,-3,3,52093,0.000,-0.841
39570,0,-3,3,52087,0.000,-0.841
39580,0,-3,3,52080,0.000,-0.982
39590,0,-3,3,52074,0.000,-0.841
39600,0,-3,3,52067,0.000,-0.982
39610,0,-3,3,52061,0.000,-0.841
39620,0,-3,3,52054,0.000,-0.982
39630,0,-3,3,52047,0.000,-0.982
39640,0,-3,3,52041,0.000,-0.841
39650,0,-3,3,52034,0.000,-0.982
39660,0,-3,3,52028,0.000,-0.841
39670,0,-3,3,52021,0.000,-0.982
39680,0,-3,3,52015,0.000,-0.841
39690,0,-3,3,52008,0.000,-0.982
39700,0,-3,3,52002,0.000,-0.841
39710,0,-3,3,51996,0.000,-0.841
39720,0,-3,3,51990,0.000,-0.841
39730,0,-3,3,51984,0.000,-0.841
39740,0,-3,3,51979,0.000,-0.701
39750,0,-3,3,51973,0.000,-0.841
39760,0,-3,3,51968,0.000,-0.701
39770,0,-3,3,51963,0.000,-0.701
39780,0,-3,3,51958,0.000,-0.701
39790,0,-3,3,51952,0.000,-0.841
39800,0,-3,3,51947,0.000,-0.701
39810,0,-3,3,51942,0.000,-0.701
39820,0,-3,3,51936,0.000,-0.841
39830,0,-3,3,51930,0.000,-0.841
39840,0,-3,3,51925,0.000,-0.701
39850,0,-3,3,51919,0.000,-0.841
39860,0,-3,3,51913,0.000,-0.841
39870,0,-3,3,51907,0.000,-0.841
39880,0,-3,3,51901,0.000,-0.841
39890,0,-3,2,51896,-0.140,-0.701
39900,0,-3,2,51891,0.000,-0.701
39910,0,-3,2,51886,0.000,-0.701
39920,0,-3,2,51881,0.000,-0.701
39930,0,-3,2,51876,0.000,-0.701
39940,0,-3,2,51871,0.000,-0.701
39950,0,-3,2,51866,0.000,-0.701
39960,0,-3,2,51861,0.000,-0.701
39970,0,-3,2,51856,0.000,-0.701
39980,0,-3,2,51850,0.000,-0.841
39990,0,-3,2,51844,0.000,-0.841
40000,0,-3,2,51837,0.000,-0.982
40010,0,-3,2,51831,0.000,-0.841
40020,0,-3,2,51824,0.000,-0.982
40030,0,-3,2,51817,0.000,-0.982
40040,0,-3,2,51809,0.000,-1.122
40050,0,-3,2,51802,0.000,-0.982
40060,0,-3,2,51794,0.000,-1.122
40070,0,-3,2,51787,0.000,-0.982
40080,0,-3,2,51780,0.000,-0.982
40090,0,-3,2,51773,0.000,-0.982
40100,0,-3,2,51766,0.000,-0.982
40110,0,-3,2,51759,0.000,-0.982
40120,0,-3,2,51752,0.000,-0.982
40130,0,-3,2,51745,0.000,-0.982
40140,0,-3,2,51739,0.000,-0.841
40150,0,-3,2,51732,0.000,-0.982
40160,0,-3,2,51725,0.000,-0.982
40170,0,-3,2,51718,0.000,-0.982
40180,0,-3,2,51712,0.000,-0.841
40190,0,-3,2,51705,0.000,-0.982
40200,0,-3,2,51699,0.000,-0.841
40210,0,-3,2,51692,0.000,-0.982
40220,0,-3,2,51686,0.000,-0.841
40230,0,-3,2,51681,0.000,-0.701
40240,0,-3,2,51675,0.000,-0.841
40250,0,-3,2,51670,0.000,-0.701
40260,0,-3,2,51664,0.000,-0.841
40270,0,-3,2,51659,0.000,-0.701
40280,0,-3,2,51653,0.000,-0.841
40290,0,-3,2,51648,0.000,-0.701
40300,0,-3,2,51643,0.000,-0.701
40310,0,-3,2,51638,0.000,-0.701
40320,0,-3,2,51632,0.000,-0.841
40330,0,-3,2,51627,0.000,-0.701
40340,0,-3,2,51621,0.000,-0.841
40350,0,-3,2,51615,0.000,-0.841
40360,0,-3,2,51609,0.000,-0.841
40370,0,-3,2,51604,0.000,-0.701
40380,0,-3,2,51597,0.000,-0.982
40390,0,-3,2,51592,0.000,-0.701
40400,0,-3,2,51586,0.000,-0.841
40410,0,-3,2,51580,0.000,-0.841
40420,0,-3,2,51574,0.000,-0.841
40430,0,-3,2,51569,0.000,-0.701
40440,0,-3,2,51563,0.000,-0.841
40450,0,-3,2,51557,0.000,-0.841
40460,0,-3,2,51552,0.000,-0.701
40470,0,-3,2,51546,0.000,-0.841
40480,0,-3,2,51540,0.000,-0.841
40490,0,-3,2,51534,0.000,-0.841
40500,0,-3,2,51528,0.000,-0.841
40510,0,-6,2,51523,0.000,-0.701
40520,0,-6,2,51517,0.000,-0.841
40530,0,-6,2,51512,0.000,-0.701
40540,0,-6,2,51504,0.000,-1.122
40550,0,-6,2,51496,0.000,-1.122
40560,0,-6,2,51485,0.000,-1.543
40570,0,-6,2,51473,0.000,-1.683
40580,0,-6,2,51460,0.000,-1.823
40590,0,-6,2,51446,0.000,-1.963
40600,0,-6,2,51432,0.000,-1.963
40610,0,-6,2,51417,0.000,-2.104
40620,0,-6,2,51403,0.000,-1.963
40630,0,-6,2,51387,0.000,-2.244
40640,0,-6,2,51371,0.000,-2.244
40650,0,-6,2,51355,0.000,-2.244
40660,0,-6,2,51339,0.000,-2.244
40670,0,-6,2,51324,0.000,-2.104
40680,0,-6,2,51310,0.000,-1.963
40690,0,-6,2,51296,0.000,-1.963
40700,0,-6,2,51283,0.000,-1.823
40710,0,-6,2,51270,0.000,-1.823
40720,0,-6,2,51256,0.000,-1.963
40730,0,-6,2,51240,0.000,-2.244
40740,0,-6,2,51225,0.000,-2.104
40750,0,-6,2,51209,0.000,-2.244
40760,0,-6,2,51193,0.000,-2.244
40770,0,-6,2,51177,0.000,-2.244
40780,0,-6,2,51161,0.000,-2.244
40790,0,-6,2,51145,0.000,-2.244
40800,0,-6,2,51129,0.000,-2.244
40810,0,-6,2,51113,0.000,-2.244
40820,0,-6,2,51097,0.000,-2.244
40830,0,-6,2,51081,0.000,-2.244
40840,0,-6,2,51066,0.000,-2.104
40850,0,-6,2,51050,0.000,-2.244
40860,0,-6,2,51034,0.000,-2.244
40870,0,-6,2,51017,0.000,-2.384
40880,0,-6,2,51001,0.000,-2.244
40890,0,-6,2,50985,0.000,-2.244
40900,0,-6,2,50969,0.000,-2.244
40910,0,-6,2,50953,0.000,-2.244
40920,0,-6,2,50938,0.000,-2.104
40930,0,-6,2,50922,0.000,-2.244
40940,0,-6,2,50906,0.000,-2.244
40950,0,-6,2,50890,0.000,-2.244
40960,0,-6,2,50875,0.000,-2.104
40970,0,-6,2,50860,0.000,-2.104
40980,0,-6,2,50845,0.000,-2.104
40990,0,-6,2,50829,0.000,-2.244
41000,0,-6,2,50813,0.000,-2.244
41010,0,-6,2,50798,0.000,-2.104
41020,0,-6,2,50782,0.000,-2.244
41030,0,-6,2,50767,0.000,-2.104
41040,0,-6,2,50752,0.000,-2.104
41050,0,-6,2,50736,0.000,-2.244
41060,0,-6,2,50721,0.000,-2.104
41070,0,-6,2,50706,0.000,-2.104
41080,0,-6,2,50690,0.000,-2.244
41090,0,-6,2,50676,0.000,-1.963
41100,0,-6,2,50661,0.000,-2.104
41110,0,-6,2,50646,0.000,-2.104
41120,0,-6,2,50632,0.000,-1.963
41130,0,-6,2,50618,0.000,-1.963
41140,0,-6,2,50603,0.000,-2.104
41150,0,-6,2,50589,0.000,-1.963
41160,0,-6,2,50574,0.000,-2.104
41170,0,-6,2,50559,0.000,-2.104
41180,0,-6,2,50545,0.000,-1.963
41190,0,-6,2,50531,0.000,-1.963
41200,0,-6,2,50517,0.000,-1.963
41210,0,-6,2,50502,0.000,-2.104
41220,0,-6,2,50488,0.000,-1.963
41230,0,-6,2,50473,0.000,-2.104
41240,0,-6,2,50459,0.000,-1.963
41250,0,-6,2,50444,0.000,-2.104
41260,0,-6,2,50430,0.000,-1.963
41270,0,-6,2,50416,0.000,-1.963
41280,0,-6,2,50403,0.000,-1.823
41290,0,-6,2,50389,0.000,-1.963
41300,0,-6,2,50375,0.000,-1.963
41310,0,-6,2,50361,0.000,-1.963
41320,0,-6,2,50347,0.000,-1.963
41330,0,-6,2,50333,0.000,-1.963
41340,0,-6,2,50319,0.000,-1.963
41350,0,-6,2,50305,0.000,-1.963
41360,0,-6,2,50292,0.000,-1.823
41370,0,-6,2,50277,0.000,-2.104
41380,0,-6,2,50263,0.000,-1.963
41390,0,-6,2,50249,0.000,-1.963
41400,0,-6,2,50235,0.000,-1.963
41410,0,-6,2,50222,0.000,-1.823
41420,0,-6,2,50209,0.000,-1.823
41430,0,-6,2,50196,0.000,-1.823
41440,0,-6,2,50184,0.000,-1.683
41450,0,-6,2,50171,0.000,-1.823
41460,0,-6,2,50157,0.000,-1.963
41470,0,-6,2,50144,0.000,-1.823
41480,0,-6,2,50130,0.000,-1.963
41490,0,-6,2,50117,0.000,-1.823
41500,0,-6,2,50103,0.000,-1.963
41510,0,-6,2,50090,0.000,-1.823
41520,0,-6,2,50077,0.000,-1.823
41530,0,-6,2,50064,0.000,-1.823
41540,0,-6,2,50050,0.000,-1.963
41550,0,-6,2,50037,0.000,-1.823
41560,0,-6,2,50023,0.000,-1.963
41570,0,-6,2,50009,0.000,-1.963
41580,0,-6,2,49996,0.000,-1.823
41590,0,-6,2,49982,0.000,-1.963
41600,0,-6,2,49968,0.000,-1.963
41610,0,-6,2,49955,0.000,-1.823
41620,0,-6,2,49941,0.000,-1.963
41630,0,-6,2,49926,0.000,-2.104
41640,0,-6,2,49912,0.000,-1.963
41650,0,-6,2,49898,0.000,-1.963
41660,0,-6,2,49884,0.000,-1.963
41670,0,-6,2,49871,0.000,-1.823
41680,0,-6,2,49857,0.000,-1.963
41690,0,-6,2,49844,0.000,-1.823
41700,0,-6,2,49831,0.000,-1.823
41710,0,-6,2,49818,0.000,-1.823
41720,0,-6,2,49804,0.000,-1.963
41730,0,-6,2,49790,0.000,-1.963
41740,0,-6,2,49776,0.000,-1.963
41750,0,-6,2,49763,0.000,-1.823
41760,0,-6,2,49749,0.000,-1.963
41770,0,-6,2,49735,0.000,-1.963
41780,0,-6,2,49721,0.000,-1.963
41790,0,-6,2,49708,0.000,-1.823
41800,0,-6,2,49693,0.000,-2.104
41810,0,-6,2,49679,0.000,-1.963
41820,0,-6,2,49665,0.000,-1.963
41830,0,-6,2,49652,0.000,-1.823
41840,0,-6,2,49638,0.000,-1.963
41850,0,-6,2,49624,0.000,-1.963
41860,0,-6,2,49610,0.000,-1.963
41870,0,-6,2,49596,0.000,-1.963
41880,0,-6,2,49582,0.000,-1.963
41890,0,-6,2,49568,0.000,-1.963
41900,0,-6,2,49553,0.000,-2.104
41910,0,-6,2,49540,0.000,-1.823
41920,0,-6,2,49526,0.000,-1.963
41930,0,-6,2,49512,0.000,-1.963
41940,0,-6,2,49498,0.000,-1.963
41950,0,-6,2,49484,0.000,-1.963
41960,0,-6,2,49469,0.000,-2.104
41970,0,-6,2,49455,0.000,-1.963
41980,0,-6,2,49440,0.000,-2.104
41990,0,-6,2,49425,0.000,-2.104
42000,0,-6,2,49410,0.000,-2.104
42010,0,-9,2,49396,0.000,-1.963
42020,0,-9,2,49381,0.000,-2.104
42030,0,-9,2,49365,0.000,-2.244
42040,0,-9,2,49348,0.000,-2.384
42050,0,-9,2,49330,0.000,-2.524
42060,0,-9,2,49309,0.000,-2.945
42070,0,-9,2,49287,0.000,-3.085
42080,0,-9,2,49265,0.000,-3.085
42090,0,-9,2,49241,0.000,-3.366
42100,0,-9,2,49216,0.000,-3.506
42110,0,-9,2,49192,0.000,-3.366
42120,0,-9,2,49166,0.000,-3.646
42130,0,-9,2,49142,0.000,-3.366
42140,0,-9,2,49116,0.000,-3.646
42150,0,-9,2,49091,0.000,-3.506
42160,0,-9,2,49066,0.000,-3.506
42170,0,-9,2,49041,0.000,-3.506
42180,0,-9,2,49016,0.000,-3.506
42190,0,-9,2,48991,0.000,-3.506
42200,0,-9,2,48965,0.000,-3.646
42210,0,-9,2,48939,0.000,-3.646
42220,0,-9,2,48913,0.000,-3.646
42230,0,-9,2,48886,0.000,-3.787
42240,0,-9,2,48860,0.000,-3.646
42250,0,-9,2,48833,0.000,-3.787
42260,0,-9,2,48807,0.000,-3.646
42270,0,-9,2,48780,0.000,-3.787
42280,0,-9,2,48753,0.000,-3.787
42290,0,-9,2,48727,0.000,-3.646
42300,0,-9,2,48701,0.000,-3.646
42310,0,-9,2,48674,0.000,-3.787
42320,0,-9,2,48646,0.000,-3.927
42330,0,-9,2,48619,0.000,-3.787
42340,0,-9,2,48592,0.000,-3.787
42350,0,-9,2,48565,0.000,-3.787
42360,0,-9,2,48538,0.000,-3.787
42370,0,-9,2,48510,0.000,-3.927
42380,0,-9,2,48483,0.000,-3.787
42390,0,-9,2,48455,0.000,-3.927
42400,0,-9,2,48426,0.000,-4.067
42410,0,-9,2,48397,0.000,-4.067
42420,0,-9,2,48368,0.000,-4.067
42430,0,-9,2,48339,0.000,-4.067
42440,0,-9,2,48309,0.000,-4.207
42450,0,-9,2,48279,0.000,-4.207
42460,0,-9,2,48249,0.000,-4.207
42470,0,-9,2,48220,0.000,-4.067
42480,0,-9,2,48189,0.000,-4.348
42490,0,-9,2,48160,0.000,-4.067
42500,0,-9,2,48129,0.000,-4.348
42510,0,-9,2,48099,0.000,-4.207
42520,0,-9,2,48069,0.000,-4.207
42530,0,-9,2,48039,0.000,-4.207
42540,0,-9,2,48009,0.000,-4.207
42550,0,-9,2,47979,0.000,-4.207
42560,0,-9,2,47948,0.000,-4.348
42570,0,-9,2,47917,0.000,-4.348
42580,0,-9,2,47886,0.000,-4.348
42590,0,-9,2,47854,0.000,-4.488
42600,0,-9,2,47823,0.000,-4.348
42610,0,-9,2,47791,0.000,-4.488
42620,0,-9,2,47759,0.000,-4.488
42630,0,-9,2,47726,0.000,-4.628
42640,0,-9,2,47694,0.000,-4.488
42650,0,-9,2,47663,0.000,-4.348
42660,0,-9,2,47631,0.000,-4.488
42670,0,-9,2,47599,0.000,-4.488
42680,0,-9,2,47568,0.000,-4.348
42690,0,-9,2,47536,0.000,-4.488
42700,0,-9,2,47503,0.000,-4.628
42710,0,-9,2,47472,0.000,-4.348
42720,0,-9,2,47440,0.000,-4.488
42730,0,-9,2,47409,0.000,-4.348
42740,0,-9,2,47378,0.000,-4.348
42750,0,-9,2,47347,0.000,-4.348
42760,0,-9,2,47316,0.000,-4.348
42770,0,-9,2,47285,0.000,-4.348
42780,0,-9,2,47253,0.000,-4.488
42790,0,-9,2,47222,0.000,-4.348
42800,0,-9,2,47191,0.000,-4.348
42810,0,-9,2,47161,0.000,-4.207
42820,0,-9,2,47130,0.000,-4.348
42830,0,-9,2,47100,0.000,-4.207
42840,0,-9,2,47069,0.000,-4.348
42850,0,-9,2,47039,0.000,-4.207
42860,0,-9,2,47009,0.000,-4.207
42870,0,-9,2,46979,0.000,-4.207
42880,0,-9,2,46949,0.000,-4.207
42890,0,-9,2,46919,0.000,-4.207
42900,0,-9,2,46889,0.000,-4.207
42910,0,-9,2,46859,0.000,-4.207
42920,0,-9,2,46830,0.000,-4.067
42930,0,-9,2,46801,0.000,-4.067
42940,0,-9,2,46773,0.000,-3.927
42950,0,-9,2,46744,0.000,-4.067
42960,0,-9,2,46716,0.000,-3.927
42970,0,-9,2,46688,0.000,-3.927
42980,0,-9,2,46659,0.000,-4.067
42990,0,-9,2,46630,0.000,-4.067
43000,0,-9,2,46601,0.000,-4.067
43010,0,-9,2,46573,0.000,-3.927
43020,0,-9,2,46544,0.000,-4.067
43030,0,-9,2,46515,0.000,-4.067
43040,0,-9,2,46487,0.000,-3.927
43050,0,-9,2,46459,0.000,-3.927
43060,0,-9,2,46430,0.000,-4.067
43070,0,-9,2,46402,0.000,-3.927
43080,0,-9,2,46374,0.000,-3.927
43090,0,-9,2,46347,0.000,-3.787
43100,0,-9,2,46318,0.000,-4.067
43110,0,-9,2,46290,0.000,-3.927
43120,0,-9,2,46263,0.000,-3.787
43130,0,-9,2,46236,0.000,-3.787
43140,0,-9,2,46208,0.000,-3.927
43150,0,-9,2,46181,0.000,-3.787
43160,0,-9,2,46154,0.000,-3.787
43170,0,-9,2,46128,0.000,-3.646
43180,0,-9,2,46101,0.000,-3.787
43190,0,-9,2,46074,0.000,-3.787
43200,0,-9,2,46048,0.000,-3.646
43210,0,-9,2,46023,0.000,-3.506
43220,0,-9,2,45997,0.000,-3.646
43230,0,-9,2,45971,0.000,-3.646
43240,0,-9,2,45945,0.000,-3.646
43250,0,-9,2,45920,0.000,-3.506
43260,0,-9,2,45895,0.000,-3.506
43270,0,-9,2,45870,0.000,-3.506
43280,0,-9,2,45845,0.000,-3.506
43290,0,-9,2,45820,0.000,-3.506
43300,0,-9,2,45795,0.000,-3.506
43310,0,-9,2,45769,0.000,-3.646
43320,0,-9,2,45744,0.000,-3.506
43330,0,-9,2,45719,0.000,-3.506
43340,0,-9,2,45694,0.000,-3.506
43350,0,-9,2,45669,0.000,-3.506
43360,0,-9,2,45643,0.000,-3.646
43370,0,-9,2,45617,0.000,-3.646
43380,0,-9,2,45592,0.000,-3.506
43390,0,-9,2,45567,0.000,-3.506
43400,0,-9,2,45541,0.000,-3.646
43410,0,-9,2,45516,0.000,-3.506
43420,0,-9,2,45491,0.000,-3.506
43430,0,-9,2,45466,0.000,-3.506
43440,0,-9,2,45441,0.000,-3.506
43450,0,-9,2,45416,0.000,-3.506
43460,0,-9,2,45391,0.000,-3.506
43470,0,-9,2,45366,0.000,-3.506
43480,0,-9,2,45341,0.000,-3.506
43490,0,-9,2,45315,0.000,-3.646
43500,0,-9,2,45289,0.000,-3.646
43510,0,-12,2,45264,0.000,-3.506
43520,0,-12,2,45239,0.000,-3.506
43530,0,-12,2,45212,0.000,-3.787
43540,0,-12,2,45185,0.000,-3.787
43550,0,-12,2,45156,0.000,-4.067
43560,0,-12,2,45125,0.000,-4.348
43570,0,-12,2,45093,0.000,-4.488
43580,0,-12,2,45059,0.000,-4.768
43590,0,-12,2,45025,0.000,-4.768
43600,0,-12,2,44989,0.000,-5.049
43610,0,-12,2,44953,0.000,-5.049
43620,0,-12,2,44917,0.000,-5.049
43630,0,-12,2,44881,0.000,-5.049
43640,0,-12,2,44844,0.000,-5.189
43650,0,-12,2,44807,0.000,-5.189
43660,0,-12,2,44770,0.000,-5.189
43670,0,-12,2,44732,0.000,-5.329
43680,0,-12,2,44694,0.000,-5.329
43690,0,-12,2,44657,0.000,-5.189
43700,0,-12,2,44618,0.000,-5.470
43710,0,-12,2,44580,0.000,-5.329
43720,0,-12,2,44543,0.000,-5.189
43730,0,-12,2,44504,0.000,-5.470
43740,0,-12,2,44466,0.000,-5.329
43750,0,-12,2,44428,0.000,-5.329
43760,0,-12,2,44389,0.000,-5.470
43770,0,-12,2,44351,0.000,-5.329
43780,0,-12,2,44313,0.000,-5.329
43790,0,-12,2,44275,0.000,-5.329
43800,0,-12,2,44237,0.000,-5.329
43810,0,-12,2,44199,0.000,-5.329
43820,0,-12,2,44160,0.000,-5.470
43830,0,-12,2,44121,0.000,-5.470
43840,0,-12,2,44082,0.000,-5.470
43850,0,-12,2,44042,0.000,-5.610
43860,0,-12,2,44003,0.000,-5.470
43870,0,-12,2,43964,0.000,-5.470
43880,0,-12,2,43924,0.000,-5.610
43890,0,-12,2,43885,0.000,-5.470
43900,0,-12,2,43845,0.000,-5.610
43910,0,-12,2,43804,0.000,-5.750
43920,0,-12,2,43764,0.000,-5.610
43930,0,-12,2,43724,0.000,-5.610
43940,0,-12,2,43683,0.000,-5.750
43950,0,-12,2,43643,0.000,-5.610
43960,0,-12,2,43602,0.000,-5.750
43970,0,-12,2,43561,0.000,-5.750
43980,0,-12,2,43520,0.000,-5.750
43990,0,-12,2,43479,0.000,-5.750
44000,0,-12,2,43437,0.000,-5.890
44010,0,-12,2,43395,0.000,-5.890
44020,0,-12,2,43352,0.000,-6.031
44030,0,-12,2,43309,0.000,-6.031
44040,0,-12,2,43265,0.000,-6.171
44050,0,-12,2,43222,0.000,-6.031
44060,0,-12,2,43179,0.000,-6.031
44070,0,-12,2,43136,0.000,-6.031
44080,0,-12,2,43092,0.000,-6.171
44090,0,-12,2,43049,0.000,-6.031
44100,0,-12,2,43006,0.000,-6.031
44110,0,-12,2,42963,0.000,-6.031
44120,0,-12,2,42920,0.000,-6.031
44130,0,-12,2,42877,0.000,-6.031
44140,0,-12,2,42835,0.000,-5.890
44150,0,-12,2,42793,0.000,-5.890
44160,0,-12,2,42751,0.000,-5.890
44170,0,-12,2,42708,0.000,-6.031
44180,0,-12,2,42666,0.000,-5.890
44190,0,-12,2,42624,0.000,-5.890
44200,0,-12,2,42581,0.000,-6.031
44210,0,-12,2,42539,0.000,-5.890
44220,0,-12,2,42496,0.000,-6.031
44230,0,-12,2,42454,0.000,-5.890
44240,0,-12,2,42412,0.000,-5.890
44250,0,-12,2,42370,0.000,-5.890
44260,0,-12,2,42328,0.000,-5.890
44270,0,-12,2,42287,0.000,-5.750
44280,0,-12,2,42245,0.000,-5.890
44290,0,-12,2,42203,0.000,-5.890
44300,0,-12,2,42162,0.000,-5.750
44310,0,-12,2,42120,0.000,-5.890
44320,0,-12,2,42080,0.000,-5.610
44330,0,-12,2,42039,0.000,-5.750
44340,0,-12,2,41998,0.000,-5.750
44350,0,-12,2,41959,0.000,-5.470
44360,0,-12,2,41918,0.000,-5.750
44370,0,-12,2,41878,0.000,-5.610
44380,0,-12,2,41840,0.000,-5.329
44390,0,-12,2,41800,0.000,-5.610
44400,0,-12,2,41762,0.000,-5.329
44410,0,-12,2,41724,0.000,-5.329
44420,0,-12,2,41685,0.000,-5.470
44430,0,-12,2,41648,0.000,-5.189
44440,0,-12,2,41610,0.000,-5.329
44450,0,-12,2,41573,0.000,-5.189
44460,0,-12,2,41535,0.000,-5.329
44470,0,-12,2,41497,0.000,-5.329
44480,0,-12,2,41459,0.000,-5.329
44490,0,-12,2,41421,0.000,-5.329
44500,0,-12,2,41383,0.000,-5.329
44510,0,-12,2,41345,0.000,-5.329
44520,0,-12,2,41308,0.000,-5.189
44530,0,-12,2,41270,0.000,-5.329
44540,0,-12,2,41233,0.000,-5.189
44550,0,-12,2,41195,0.000,-5.329
44560,0,-12,2,41157,0.000,-5.329
44570,0,-12,2,41120,0.000,-5.189
44580,0,-12,2,41082,0.000,-5.329
44590,0,-12,2,41045,0.000,-5.189
44600,0,-12,2,41008,0.000,-5.189
44610,0,-12,2,40970,0.000,-5.329
44620,0,-12,2,40933,0.000,-5.189
44630,0,-12,2,40895,0.000,-5.329
44640,0,-12,2,40858,0.000,-5.189
44650,0,-12,2,40820,0.000,-5.329
44660,0,-12,2,40782,0.000,-5.329
44670,0,-12,2,40745,0.000,-5.189
44680,0,-12,2,40707,0.000,-5.329
44690,0,-12,2,40669,0.000,-5.329
44700,0,-12,2,40632,0.000,-5.189
44710,0,-12,2,40593,0.000,-5.470
44720,0,-12,2,40555,0.000,-5.329
44730,0,-12,2,40517,0.000,-5.329
44740,0,-12,2,40479,0.000,-5.329
44750,0,-12,2,40440,0.000,-5.470
44760,0,-12,2,40402,0.000,-5.329
44770,0,-12,2,40363,0.000,-5.470
44780,0,-12,2,40324,0.000,-5.470
44790,0,-12,2,40286,0.000,-5.329
44800,0,-12,2,40247,0.000,-5.470
44810,0,-12,2,40209,0.000,-5.329
44820,0,-12,2,40171,0.000,-5.329
44830,0,-12,2,40132,0.000,-5.470
44840,0,-12,2,40094,0.000,-5.329
44850,0,-12,2,40056,0.000,-5.329
44860,0,-12,2,40018,0.000,-5.329
44870,0,-12,2,39980,0.000,-5.329
44880,0,-12,2,39942,0.000,-5.329
44890,0,-12,2,39903,0.000,-5.470
44900,0,-12,2,39864,0.000,-5.470
44910,0,-12,2,39826,0.000,-5.329
44920,0,-12,2,39787,0.000,-5.470
44930,0,-12,2,39748,0.000,-5.470
44940,0,-12,2,39709,0.000,-5.470
44950,0,-12,2,39670,0.000,-5.470
44960,0,-12,2,39631,0.000,-5.470
44970,0,-12,2,39592,0.000,-5.470
44980,0,-12,2,39552,0.000,-5.610
44990,0,-12,2,39512,0.000,-5.610
45000,0,-12,2,39472,0.000,-5.610
45010,0,0,2,39432,0.000,-5.610
45020,0,0,2,39392,0.000,-5.610
45030,0,0,2,39353,0.000,-5.470
45040,0,0,2,39318,0.000,-4.909
45050,0,0,2,39289,0.000,-4.067
45060,0,0,2,39267,0.000,-3.085
45070,0,0,2,39252,0.000,-2.104
45080,0,0,2,39241,0.000,-1.543
45090,0,0,2,39234,0.000,-0.982
45100,0,0,2,39231,0.000,-0.421
45110,0,0,2,39229,0.000,-0.280
45120,0,0,2,39229,0.000,0.000
45130,0,0,2,39229,0.000,0.000
45140,0,0,2,39230,0.000,0.140
45150,0,0,2,39230,0.000,0.000
45160,0,0,2,39230,0.000,0.000
45170,0,0,2,39230,0.000,0.000
45180,0,0,2,39230,0.000,0.000
45190,0,0,2,39230,0.000,0.000
45200,0,0,2,39230,0.000,0.000
45210,0,0,2,39230,0.000,0.000
45220,0,0,2,39230,0.000,0.000
45230,0,0,2,39230,0.000,0.000
45240,0,0,2,39230,0.000,0.000
45250,0,0,2,39230,0.000,0.000
45260,0,0,2,39230,0.000,0.000
45270,0,0,2,39230,0.000,0.000
45280,0,0,2,39230,0.000,0.000
45290,0,0,2,39230,0.000,0.000
45300,0,0,2,39230,0.000,0.000
45310,0,0,2,39230,0.000,0.000
45320,0,0,2,39230,0.000,0.000
45330,0,0,2,39230,0.000,0.000
45340,0,0,2,39230,0.000,0.000
45350,0,0,2,39230,0.000,0.000
45360,0,0,2,39230,0.000,0.000
45370,0,0,2,39230,0.000,0.000
45380,0,0,2,39230,0.000,0.000
45390,0,0,2,39230,0.000,0.000
45400,0,0,2,39230,0.000,0.000
45410,0,0,2,39230,0.000,0.000
45420,0,0,2,39230,0.000,0.000
45430,0,0,2,39230,0.000,0.000
45440,0,0,2,39230,0.000,0.000
45450,0,0,2,39230,0.000,0.000
45460,0,0,2,39230,0.000,0.000
45470,0,0,2,39230,0.000,0.000
45480,0,0,2,39230,0.000,0.000
45490,0,0,2,39230,0.000,0.000
45500,0,0,2,39230,0.000,0.000
45510,0,0,2,39230,0.000,0.000
45520,0,0,2,39230,0.000,0.000
45530,0,0,2,39230,0.000,0.000
45540,0,0,2,39230,0.000,0.000
45550,0,0,2,39230,0.000,0.000
45560,0,0,2,39230,0.000,0.000
45570,0,0,2,39230,0.000,0.000
45580,0,0,2,39230,0.000,0.000
45590,0,0,2,39230,0.000,0.000
45600,0,0,2,39230,0.000,0.000
45610,0,0,2,39230,0.000,0.000
45620,0,0,2,39230,0.000,0.000
45630,0,0,2,39230,0.000,0.000
45640,0,0,2,39230,0.000,0.000
45650,0,0,2,39230,0.000,0.000
45660,0,0,2,39230,0.000,0.000
45670,0,0,2,39230,0.000,0.000
45680,0,0,2,39230,0.000,0.000
45690,0,0,2,39230,0.000,0.000
45700,0,0,2,39230,0.000,0.000
45710,0,0,2,39230,0.000,0.000
45720,0,0,2,39230,0.000,0.000
45730,0,0,2,39230,0.000,0.000
45740,0,0,2,39230,0.000,0.000
45750,0,0,2,39230,0.000,0.000
45760,0,0,2,39230,0.000,0.000
45770,0,0,2,39230,0.000,0.000
45780,0,0,2,39230,0.000,0.000
45790,0,0,2,39230,0.000,0.000
45800,0,0,2,39230,0.000,0.000
45810,0,0,2,39230,0.000,0.000
45820,0,0,2,39230,0.000,0.000
45830,0,0,2,39230,0.000,0.000
45840,0,0,2,39230,0.000,0.000
45850,0,0,2,39230,0.000,0.000
45860,0,0,2,39230,0.000,0.000
45870,0,0,2,39230,0.000,0.000
45880,0,0,2,39230,0.000,0.000
45890,0,0,2,39230,0.000,0.000
45900,0,0,2,39230,0.000,0.000
45910,0,0,2,39230,0.000,0.000
45920,0,0,2,39230,0.000,0.000
45930,0,0,2,39230,0.000,0.000
45940,0,0,2,39230,0.000,0.000
45950,0,0,2,39230,0.000,0.000
45960,0,0,2,39230,0.000,0.000
45970,0,0,2,39230,0.000,0.000
45980,0,0,2,39230,0.000,0.000
45990,0,0,2,39230,0.000,0.000
46000,0,0,2,39230,0.000,0.000
46010,0,0,2,39230,0.000,0.000
46020,0,0,2,39230,0.000,0.000
46030,0,0,2,39230,0.000,0.000
46040,0,0,2,39230,0.000,0.000
46050,0,0,2,39230,0.000,0.000
46060,0,0,2,39230,0.000,0.000
46070,0,0,2,39230,0.000,0.000
46080,0,0,2,39230,0.000,0.000
46090,0,0,2,39230,0.000,0.000
46100,0,0,2,39230,0.000,0.000
46110,0,0,2,39230,0.000,0.000
46120,0,0,2,39230,0.000,0.000
46130,0,0,2,39230,0.000,0.000
46140,0,0,2,39230,0.000,0.000
46150,0,0,2,39230,0.000,0.000
46160,0,0,2,39230,0.000,0.000
46170,0,0,2,39230,0.000,0.000
46180,0,0,2,39230,0.000,0.000
46190,0,0,2,39230,0.000,0.000
46200,0,0,2,39230,0.000,0.000
46210,0,0,2,39230,0.000,0.000
46220,0,0,2,39230,0.000,0.000
46230,0,0,2,39230,0.000,0.000
46240,0,0,2,39230,0.000,0.000
46250,0,0,2,39230,0.000,0.000
46260,0,0,2,39230,0.000,0.000
46270,0,0,2,39230,0.000,0.000
46280,0,0,2,39230,0.000,0.000
46290,0,0,2,39230,0.000,0.000
46300,0,0,2,39230,0.000,0.000
46310,0,0,2,39230,0.000,0.000
46320,0,0,2,39230,0.000,0.000
46330,0,0,2,39230,0.000,0.000
46340,0,0,2,39230,0.000,0.000
46350,0,0,2,39230,0.000,0.000
46360,0,0,2,39230,0.000,0.000
46370,0,0,2,39230,0.000,0.000
46380,0,0,2,39230,0.000,0.000
46390,0,0,2,39230,0.000,0.000
46400,0,0,2,39230,0.000,0.000
46410,0,0,2,39230,0.000,0.000
46420,0,0,2,39230,0.000,0.000
46430,0,0,2,39230,0.000,0.000
46440,0,0,2,39230,0.000,0.000
46450,0,0,2,39230,0.000,0.000
46460,0,0,2,39230,0.000,0.000
46470,0,0,2,39230,0.000,0.000
46480,0,0,2,39230,0.000,0.000
46490,0,0,2,39230,0.000,0.000
46500,0,0,2,39230,0.000,0.000
46510,0,0,2,39230,0.000,0.000
46520,0,0,2,39230,0.000,0.000
46530,0,0,2,39230,0.000,0.000
46540,0,0,2,39230,0.000,0.000
46550,0,0,2,39230,0.000,0.000
46560,0,0,2,39230,0.000,0.000
46570,0,0,2,39230,0.000,0.000
46580,0,0,2,39230,0.000,0.000
46590,0,0,2,39230,0.000,0.000
46600,0,0,2,39230,0.000,0.000
46610,0,0,2,39230,0.000,0.000
46620,0,0,2,39230,0.000,0.000
46630,0,0,2,39230,0.000,0.000
46640,0,0,2,39230,0.000,0.000
46650,0,0,2,39230,0.000,0.000
46660,0,0,2,39230,0.000,0.000
46670,0,0,2,39230,0.000,0.000
46680,0,0,2,39230,0.000,0.000
46690,0,0,2,39230,0.000,0.000
46700,0,0,2,39230,0.000,0.000
46710,0,0,2,39230,0.000,0.000
46720,0,0,2,39230,0.000,0.000
46730,0,0,2,39230,0.000,0.000
46740,0,0,2,39230,0.000,0.000
46750,0,0,2,39230,0.000,0.000
46760,0,0,2,39230,0.000,0.000
46770,0,0,2,39230,0.000,0.000
46780,0,0,2,39230,0.000,0.000
46790,0,0,2,39230,0.000,0.000
46800,0,0,2,39230,0.000,0.000
46810,0,0,2,39230,0.000,0.000
46820,0,0,2,39230,0.000,0.000
46830,0,0,2,39230,0.000,0.000
46840,0,0,2,39230,0.000,0.000
46850,0,0,2,39230,0.000,0.000
46860,0,0,2,39230,0.000,0.000
46870,0,0,2,39230,0.000,0.000
46880,0,0,2,39230,0.000,0.000
46890,0,0,2,39230,0.000,0.000
46900,0,0,2,39230,0.000,0.000
46910,0,0,2,39230,0.000,0.000
46920,0,0,2,39230,0.000,0.000
46930,0,0,2,39230,0.000,0.000
46940,0,0,2,39230,0.000,0.000
46950,0,0,2,39230,0.000,0.000
46960,0,0,2,39230,0.000,0.000
46970,0,0,2,39230,0.000,0.000
46980,0,0,2,39230,0.000,0.000
46990,0,0,2,39230,0.000,0.000
47000,0,0,2,39230,0.000,0.000
47010,0,-20,2,39230,0.000,0.000
47020,0,-20,2,39230,0.000,0.000
47030,0,-20,2,39229,0.000,-0.140
47040,0,-20,2,39221,0.000,-1.122
47050,0,-20,2,39206,0.000,-2.104
47060,0,-20,2,39184,0.000,-3.085
47070,0,-20,2,39157,0.000,-3.787
47080,0,-20,2,39128,0.000,-4.067
47090,0,-20,2,39095,0.000,-4.628
47100,0,-20,2,39059,0.000,-5.049
47110,0,-20,2,39019,0.000,-5.610
47120,0,-20,2,38975,0.000,-6.171
47130,0,-20,2,38928,0.000,-6.592
47140,0,-20,2,38876,0.000,-7.293
47150,0,-20,2,38820,0.000,-7.854
47160,0,-20,2,38761,0.000,-8.275
47170,0,-20,2,38699,0.000,-8.695
47180,0,-20,2,38635,0.000,-8.976
47190,0,-20,2,38570,0.000,-9.116
47200,0,-20,2,38503,0.000,-9.397
47210,0,-20,2,38435,0.000,-9.537
47220,0,-20,2,38366,0.000,-9.677
47230,0,-20,2,38297,0.000,-9.677
47240,0,-20,2,38227,0.000,-9.817
47250,0,-20,2,38156,0.000,-9.958
47260,0,-20,2,38085,0.000,-9.958
47270,0,-20,2,38014,0.000,-9.958
47280,0,-20,2,37943,0.000,-9.958
47290,0,-20,2,37872,0.000,-9.958
47300,0,-20,2,37800,0.000,-10.098
47310,0,-20,2,37729,0.000,-9.958
47320,0,-20,2,37657,0.000,-10.098
47330,0,-20,2,37586,0.000,-9.958
47340,0,-20,2,37515,0.000,-9.958
47350,0,-20,2,37444,0.000,-9.958
47360,0,-20,2,37374,0.000,-9.817
47370,0,-20,2,37304,0.000,-9.817
47380,0,-20,2,37235,0.000,-9.677
47390,0,-20,2,37165,0.000,-9.817
47400,0,-20,2,37096,0.000,-9.677
47410,0,-20,2,37027,0.000,-9.677
47420,0,-20,2,36958,0.000,-9.677
47430,0,-20,2,36890,0.000,-9.537
47440,0,-20,2,36822,0.000,-9.537
47450,0,-20,2,36753,0.000,-9.677
47460,0,-20,2,36685,0.000,-9.537
47470,0,-20,2,36617,0.000,-9.537
47480,0,-20,2,36549,0.000,-9.537
47490,0,-20,2,36481,0.000,-9.537
47500,0,-20,2,36413,0.000,-9.537
47510,0,-20,2,36346,0.000,-9.397
47520,0,-20,2,36278,0.000,-9.537
47530,0,-20,2,36211,0.000,-9.397
47540,0,-20,2,36143,0.000,-9.537
47550,0,-20,2,36075,0.000,-9.537
47560,0,-20,2,36008,0.000,-9.397
47570,0,-20,2,35940,0.000,-9.537
47580,0,-20,2,35872,0.000,-9.537
47590,0,-20,2,35804,0.000,-9.537
47600,0,-20,2,35736,0.000,-9.537
47610,0,-20,2,35668,0.000,-9.537
47620,0,-20,2,35600,0.000,-9.537
47630,0,-20,2,35532,0.000,-9.537
47640,0,-20,2,35463,0.000,-9.677
47650,0,-20,2,35395,0.000,-9.537
47660,0,-20,2,35326,0.000,-9.677
47670,0,-20,2,35257,0.000,-9.677
47680,0,-20,2,35188,0.000,-9.677
47690,0,-20,2,35119,0.000,-9.677
47700,0,-20,2,35050,0.000,-9.677
47710,0,-20,2,34981,0.000,-9.677
47720,0,-20,2,34911,0.000,-9.817
47730,0,-20,2,34841,0.000,-9.817
47740,0,-20,2,34770,0.000,-9.958
47750,0,-20,2,34700,0.000,-9.817
47760,0,-20,2,34629,0.000,-9.958
47770,0,-20,2,34557,0.000,-10.098
47780,0,-20,2,34486,0.000,-9.958
47790,0,-20,2,34415,0.000,-9.958
47800,0,-20,2,34343,0.000,-10.098
47810,0,-20,2,34270,0.000,-10.238
47820,0,-20,2,34198,0.000,-10.098
47830,0,-20,2,34126,0.000,-10.098
47840,0,-20,2,34053,0.000,-10.238
47850,0,-20,2,33981,0.000,-10.098
47860,0,-20,2,33909,0.000,-10.098
47870,0,-20,2,33836,0.000,-10.238
47880,0,-20,2,33764,0.000,-10.098
47890,0,-20,2,33692,0.000,-10.098
47900,0,-20,2,33619,0.000,-10.238
47910,0,-20,2,33547,0.000,-10.098
47920,0,-20,2,33475,0.000,-10.098
47930,0,-20,2,33403,0.000,-10.098
47940,0,-20,2,33332,0.000,-9.958
47950,0,-20,2,33260,0.000,-10.098
47960,0,-20,2,33189,0.000,-9.958
47970,0,-20,2,33119,0.000,-9.817
47980,0,-20,2,33048,0.000,-9.958
47990,0,-20,2,32978,0.000,-9.817
48000,0,-20,2,32908,0.000,-9.817
48010,0,-20,2,32838,0.000,-9.817
48020,0,-20,2,32768,0.000,-9.817
48030,0,-20,2,32699,0.000,-9.677
48040,0,-20,2,32630,0.000,-9.677
48050,0,-20,2,32561,0.000,-9.677
48060,0,-20,2,32492,0.000,-9.677
48070,0,-20,2,32424,0.000,-9.537
48080,0,-20,2,32356,0.000,-9.537
48090,0,-20,2,32287,0.000,-9.677
48100,0,-20,2,32219,0.000,-9.537
48110,0,-20,2,32151,0.000,-9.537
48120,0,-20,2,32083,0.000,-9.537
48130,0,-20,2,32015,0.000,-9.537
48140,0,-20,2,31947,0.000,-9.537
48150,0,-20,2,31879,0.000,-9.537
48160,0,-20,2,31811,0.000,-9.537
48170,0,-20,2,31744,0.000,-9.397
48180,0,-20,2,31676,0.000,-9.537
48190,0,-20,2,31609,0.000,-9.397
48200,0,-20,2,31541,0.000,-9.537
48210,0,-20,2,31473,0.000,-9.537
48220,0,-20,2,31405,0.000,-9.537
48230,0,-20,2,31337,0.000,-9.537
48240,0,-20,2,31269,0.000,-9.537
48250,0,-20,2,31201,0.000,-9.537
48260,0,-20,2,31133,0.000,-9.537
48270,0,-20,2,31065,0.000,-9.537
48280,0,-20,2,30996,0.000,-9.677
48290,0,-20,2,30928,0.000,-9.537
48300,0,-20,2,30859,0.000,-9.677
48310,0,-20,2,30790,0.000,-9.677
48320,0,-20,2,30720,0.000,-9.817
48330,0,-20,2,30651,0.000,-9.677
48340,0,-20,2,30581,0.000,-9.817
48350,0,-20,2,30512,0.000,-9.677
48360,0,-20,2,30441,0.000,-9.958
48370,0,-20,2,30371,0.000,-9.817
48380,0,-20,2,30301,0.000,-9.817
48390,0,-20,2,30230,0.000,-9.958
48400,0,-20,2,30160,0.000,-9.817
48410,0,-20,2,30089,0.000,-9.958
48420,0,-20,2,30018,0.000,-9.958
48430,0,-20,2,29947,0.000,-9.958
48440,0,-20,2,29875,0.000,-10.098
48450,0,-20,2,29803,0.000,-10.098
48460,0,-20,2,29730,0.000,-10.238
48470,0,-20,2,29658,0.000,-10.098
48480,0,-20,2,29585,0.000,-10.238
48490,0,-20,2,29513,0.000,-10.098
48500,0,-20,2,29440,0.000,-10.238
48510,0,-20,2,29368,0.000,-10.098
48520,0,-20,2,29295,0.000,-10.238
48530,0,-20,2,29222,0.000,-10.238
48540,0,-20,2,29150,0.000,-10.098
48550,0,-20,2,29077,0.000,-10.238
48560,0,-20,2,29005,0.000,-10.098
48570,0,-20,2,28933,0.000,-10.098
48580,0,-20,2,28861,0.000,-10.098
48590,0,-20,2,28790,0.000,-9.958
48600,0,-20,2,28718,0.000,-10.098
48610,0,-20,2,28647,0.000,-9.958
48620,0,-20,2,28576,0.000,-9.958
48630,0,-20,2,28505,0.000,-9.958
48640,0,-20,2,28434,0.000,-9.958
48650,0,-20,2,28364,0.000,-9.817
48660,0,-20,2,28294,0.000,-9.817
48670,0,-20,2,28224,0.000,-9.817
48680,0,-20,2,28155,0.000,-9.677
48690,0,-20,2,28085,0.000,-9.817
48700,0,-20,2,28016,0.000,-9.677
48710,0,-20,2,27947,0.000,-9.677
48720,0,-20,2,27879,0.000,-9.537
48730,0,-20,2,27810,0.000,-9.677
48740,0,-20,2,27741,0.000,-9.677
48750,0,-20,2,27673,0.000,-9.537
48760,0,-20,2,27605,0.000,-9.537
48770,0,-20,2,27537,0.000,-9.537
48780,0,-20,2,27469,0.000,-9.537
48790,0,-20,2,27402,0.000,-9.397
48800,0,-20,2,27334,0.000,-9.537
48810,0,-20,2,27266,0.000,-9.537
48820,0,-20,2,27199,0.000,-9.397
48830,0,-20,2,27131,0.000,-9.537
48840,0,-20,2,27063,0.000,-9.537
48850,0,-20,2,26995,0.000,-9.537
48860,0,-20,2,26927,0.000,-9.537
48870,0,-20,2,26859,0.000,-9.537
48880,0,-20,2,26791,0.000,-9.537
48890,0,-20,2,26722,0.000,-9.677
48900,0,-20,2,26653,0.000,-9.677
48910,0,-20,2,26585,0.000,-9.537
48920,0,-20,2,26516,0.000,-9.677
48930,0,-20,2,26447,0.000,-9.677
48940,0,-20,2,26379,0.000,-9.537
48950,0,-20,2,26310,0.000,-9.677
48960,0,-20,2,26241,0.000,-9.677
48970,0,-20,2,26172,0.000,-9.677
48980,0,-20,2,26103,0.000,-9.677
48990,0,-20,2,26034,0.000,-9.677
49000,0,-20,2,25965,0.000,-9.677
49010,0,-20,2,25895,0.000,-9.817
49020,0,-20,2,25825,0.000,-9.817
49030,0,-20,2,25755,0.000,-9.817
49040,0,-20,2,25685,0.000,-9.817
49050,0,-20,2,25614,0.000,-9.958
49060,0,-20,2,25543,0.000,-9.958
49070,0,-20,2,25471,0.000,-10.098
49080,0,-20,2,25400,0.000,-9.958
49090,0,-20,2,25327,0.000,-10.238
49100,0,-20,2,25255,0.000,-10.098
49110,0,-20,2,25182,0.000,-10.238
49120,0,-20,2,25109,0.000,-10.238
49130,0,-20,2,25036,0.000,-10.238
49140,0,-20,2,24964,0.000,-10.098
49150,0,-20,2,24891,0.000,-10.238
49160,0,-20,2,24818,0.000,-10.238
49170,0,-20,2,24746,0.000,-10.098
49180,0,-20,2,24673,0.000,-10.238
49190,0,-20,2,24600,0.000,-10.238
49200,0,-20,2,24527,0.000,-10.238
49210,0,-20,2,24455,0.000,-10.098
49220,0,-20,2,24382,0.000,-10.238
49230,0,-20,2,24310,0.000,-10.098
49240,0,-20,2,24238,0.000,-10.098
49250,0,-20,2,24166,0.000,-10.098
49260,0,-20,2,24095,0.000,-9.958
49270,0,-20,2,24023,0.000,-10.098
49280,0,-20,2,23952,0.000,-9.958
49290,0,-20,2,23881,0.000,-9.958
49300,0,-20,2,23811,0.000,-9.817
49310,0,-20,2,23740,0.000,-9.958
49320,0,-20,2,23671,0.000,-9.677
49330,0,-20,2,23601,0.000,-9.817
49340,0,-20,2,23533,0.000,-9.537
49350,0,-20,2,23464,0.000,-9.677
49360,0,-20,2,23396,0.000,-9.537
49370,0,-20,2,23328,0.000,-9.537
49380,0,-20,2,23260,0.000,-9.537
49390,0,-20,2,23192,0.000,-9.537
49400,0,-20,2,23124,0.000,-9.537
49410,0,-20,2,23056,0.000,-9.537
49420,0,-20,2,22988,0.000,-9.537
49430,0,-20,2,22920,0.000,-9.537
49440,0,-20,2,22852,0.000,-9.537
49450,0,-20,2,22784,0.000,-9.537
49460,0,-20,2,22715,0.000,-9.677
49470,0,-20,2,22646,0.000,-9.677
49480,0,-20,2,22577,0.000,-9.677
49490,0,-20,2,22508,0.000,-9.677
49500,0,-20,2,22439,0.000,-9.677
49510,0,-20,2,22370,0.000,-9.677
49520,0,-20,2,22301,0.000,-9.677
49530,0,-20,2,22233,0.000,-9.537
49540,0,-20,2,22164,0.000,-9.677
49550,0,-20,2,22096,0.000,-9.537
49560,0,-20,2,22027,0.000,-9.677
49570,0,-20,2,21958,0.000,-9.677
49580,0,-20,2,21890,0.000,-9.537
49590,0,-20,2,21821,0.000,-9.677
49600,0,-20,2,21752,0.000,-9.677
49610,0,-20,2,21684,0.000,-9.537
49620,0,-20,2,21615,0.000,-9.677
49630,0,-20,2,21546,0.000,-9.677
49640,0,-20,2,21477,0.000,-9.677
49650,0,-20,2,21408,0.000,-9.677
49660,0,-20,2,21338,0.000,-9.817
49670,0,-20,2,21268,0.000,-9.817
49680,0,-20,2,21197,0.000,-9.958
49690,0,-20,2,21127,0.000,-9.817
49700,0,-20,2,21055,0.000,-10.098
49710,0,-20,2,20984,0.000,-9.958
49720,0,-20,2,20912,0.000,-10.098
49730,0,-20,2,20839,0.000,-10.238
49740,0,-20,2,20766,0.000,-10.238
49750,0,-20,2,20693,0.000,-10.238
49760,0,-20,2,20621,0.000,-10.098
49770,0,-20,2,20548,0.000,-10.238
49780,0,-20,2,20475,0.000,-10.238
49790,0,-20,2,20402,0.000,-10.238
49800,0,-20,2,20329,0.000,-10.238
49810,0,-20,2,20257,0.000,-10.098
49820,0,-20,2,20184,0.000,-10.238
49830,0,-20,2,20112,0.000,-10.098
49840,0,-20,2,20039,0.000,-10.238
49850,0,-20,2,19967,0.000,-10.098
49860,0,-20,2,19896,0.000,-9.958
49870,0,-20,2,19824,0.000,-10.098
49880,0,-20,2,19752,0.000,-10.098
49890,0,-20,2,19681,0.000,-9.958
49900,0,-20,2,19611,0.000,-9.817
49910,0,-20,2,19540,0.000,-9.958
49920,0,-20,2,19469,0.000,-9.958
49930,0,-20,2,19399,0.000,-9.817
49940,0,-20,2,19329,0.000,-9.817
49950,0,-20,2,19259,0.000,-9.817
49960,0,-20,2,19190,0.000,-9.677
49970,0,-20,2,19120,0.000,-9.817
49980,0,-20,2,19051,0.000,-9.677
49990,0,-20,2,18982,0.000,-9.677
50000,0,-20,2,18914,0.000,-9.537
50010,0,0,2,18845,0.000,-9.677
50020,0,0,2,18777,0.000,-9.537
50030,0,0,2,18710,0.000,-9.397
50040,0,0,2,18648,0.000,-8.695
50050,0,0,2,18595,0.000,-7.433
50060,0,0,2,18553,0.000,-5.890
50070,0,0,2,18521,0.000,-4.488
50080,0,0,2,18499,0.000,-3.085
50090,0,0,2,18484,0.000,-2.104
50100,0,0,2,18475,0.000,-1.262
50110,0,0,2,18469,0.000,-0.841
50120,0,0,2,18468,0.000,-0.140
50130,0,0,2,18468,0.000,0.000
50140,0,0,2,18469,0.000,0.140
50150,0,0,2,18470,0.000,0.140
50160,0,0,2,18471,0.000,0.140
50170,0,0,2,18472,0.000,0.140
50180,0,0,2,18473,0.000,0.140
50190,0,0,2,18473,0.000,0.000
50200,0,0,2,18473,0.000,0.000
50210,0,0,2,18473,0.000,0.000
50220,0,0,2,18473,0.000,0.000
50230,0,0,2,18473,0.000,0.000
50240,0,0,2,18473,0.000,0.000
50250,0,0,2,18473,0.000,0.000
50260,0,0,2,18473,0.000,0.000
50270,0,0,2,18473,0.000,0.000
50280,0,0,2,18473,0.000,0.000
50290,0,0,2,18473,0.000,0.000
50300,0,0,2,18473,0.000,0.000
50310,0,0,2,18473,0.000,0.000
50320,0,0,2,18473,0.000,0.000
50330,0,0,2,18473,0.000,0.000
50340,0,0,2,18473,0.000,0.000
50350,0,0,2,18473,0.000,0.000
50360,0,0,2,18473,0.000,0.000
50370,0,0,2,18473,0.000,0.000
50380,0,0,2,18473,0.000,0.000
50390,0,0,2,18473,0.000,0.000
50400,0,0,2,18473,0.000,0.000
50410,0,0,2,18473,0.000,0.000
50420,0,0,2,18473,0.000,0.000
50430,0,0,2,18473,0.000,0.000
50440,0,0,2,18473,0.000,0.000
50450,0,0,2,18473,0.000,0.000
50460,0,0,2,18473,0.000,0.000
50470,0,0,2,18473,0.000,0.000
50480,0,0,2,18473,0.000,0.000
50490,0,0,2,18473,0.000,0.000
50500,0,0,2,18473,0.000,0.000
50510,0,0,2,18473,0.000,0.000
50520,0,0,2,18473,0.000,0.000
50530,0,0,2,18473,0.000,0.000
50540,0,0,2,18473,0.000,0.000
50550,0,0,2,18473,0.000,0.000
50560,0,0,2,18473,0.000,0.000
50570,0,0,2,18473,0.000,0.000
50580,0,0,2,18473,0.000,0.000
50590,0,0,2,18473,0.000,0.000
50600,0,0,2,18473,0.000,0.000
50610,0,0,2,18473,0.000,0.000
50620,0,0,2,18473,0.000,0.000
50630,0,0,2,18473,0.000,0.000
50640,0,0,2,18473,0.000,0.000
50650,0,0,2,18473,0.000,0.000
50660,0,0,2,18473,0.000,0.000
50670,0,0,2,18473,0.000,0.000
50680,0,0,2,18473,0.000,0.000
50690,0,0,2,18473,0.000,0.000
50700,0,0,2,18473,0.000,0.000
50710,0,0,2,18473,0.000,0.000
50720,0,0,2,18473,0.000,0.000
50730,0,0,2,18473,0.000,0.000
50740,0,0,2,18473,0.000,0.000
50750,0,0,2,18473,0.000,0.000
50760,0,0,2,18473,0.000,0.000
50770,0,0,2,18473,0.000,0.000
50780,0,0,2,18473,0.000,0.000
50790,0,0,2,18473,0.000,0.000
50800,0,0,2,18473,0.000,0.000
50810,0,0,2,18473,0.000,0.000
50820,0,0,2,18473,0.000,0.000
50830,0,0,2,18473,0.000,0.000
50840,0,0,2,18473,0.000,0.000
50850,0,0,2,18473,0.000,0.000
50860,0,0,2,18473,0.000,0.000
50870,0,0,2,18473,0.000,0.000
50880,0,0,2,18473,0.000,0.000
50890,0,0,2,18473,0.000,0.000
50900,0,0,2,18473,0.000,0.000
50910,0,0,2,18473,0.000,0.000
50920,0,0,2,18473,0.000,0.000
50930,0,0,2,18473,0.000,0.000
50940,0,0,2,18473,0.000,0.000
50950,0,0,2,18473,0.000,0.000
50960,0,0,2,18473,0.000,0.000
50970,0,0,2,18473,0.000,0.000
50980,0,0,2,18473,0.000,0.000
50990,0,0,2,18473,0.000,0.000
51000,0,0,2,18473,0.000,0.000
51010,0,0,2,18473,0.000,0.000
51020,0,0,2,18473,0.000,0.000
51030,0,0,2,18473,0.000,0.000
51040,0,0,2,18473,0.000,0.000
51050,0,0,2,18473,0.000,0.000
51060,0,0,2,18473,0.000,0.000
51070,0,0,2,18473,0.000,0.000
51080,0,0,2,18473,0.000,0.000
51090,0,0,2,18473,0.000,0.000
51100,0,0,2,18473,0.000,0.000
51110,0,0,2,18473,0.000,0.000
51120,0,0,2,18473,0.000,0.000
51130,0,0,2,18473,0.000,0.000
51140,0,0,2,18473,0.000,0.000
51150,0,0,2,18473,0.000,0.000
51160,0,0,2,18473,0.000,0.000
51170,0,0,2,18473,0.000,0.000
51180,0,0,2,18473,0.000,0.000
51190,0,0,2,18473,0.000,0.000
51200,0,0,2,18473,0.000,0.000
51210,0,0,2,18473,0.000,0.000
51220,0,0,2,18473,0.000,0.000
51230,0,0,2,18473,0.000,0.000
51240,0,0,2,18473,0.000,0.000
51250,0,0,2,18473,0.000,0.000
51260,0,0,2,18473,0.000,0.000
51270,0,0,2,18473,0.000,0.000
51280,0,0,2,18473,0.000,0.000
51290,0,0,2,18473,0.000,0.000
51300,0,0,2,18473,0.000,0.000
51310,0,0,2,18473,0.000,0.000
51320,0,0,2,18473,0.000,0.000
51330,0,0,2,18473,0.000,0.000
51340,0,0,2,18473,0.000,0.000
51350,0,0,2,18473,0.000,0.000
51360,0,0,2,18473,0.000,0.000
51370,0,0,2,18473,0.000,0.000
51380,0,0,2,18473,0.000,0.000
51390,0,0,2,18473,0.000,0.000
51400,0,0,2,18473,0.000,0.000
51410,0,0,2,18473,0.000,0.000
51420,0,0,2,18473,0.000,0.000
51430,0,0,2,18473,0.000,0.000
51440,0,0,2,18473,0.000,0.000
51450,0,0,2,18473,0.000,0.000
51460,0,0,2,18473,0.000,0.000
51470,0,0,2,18473,0.000,0.000
51480,0,0,2,18473,0.000,0.000
51490,0,0,2,18473,0.000,0.000
51500,0,0,2,18473,0.000,0.000
51510,0,0,2,18473,0.000,0.000
51520,0,0,2,18473,0.000,0.000
51530,0,0,2,18473,0.000,0.000
51540,0,0,2,18473,0.000,0.000
51550,0,0,2,18473,0.000,0.000
51560,0,0,2,18473,0.000,0.000
51570,0,0,2,18473,0.000,0.000
51580,0,0,2,18473,0.000,0.000
51590,0,0,2,18473,0.000,0.000
51600,0,0,2,18473,0.000,0.000
51610,0,0,2,18473,0.000,0.000
51620,0,0,2,18473,0.000,0.000
51630,0,0,2,18473,0.000,0.000
51640,0,0,2,18473,0.000,0.000
51650,0,0,2,18473,0.000,0.000
51660,0,0,2,18473,0.000,0.000
51670,0,0,2,18473,0.000,0.000
51680,0,0,2,18473,0.000,0.000
51690,0,0,2,18473,0.000,0.000
51700,0,0,2,18473,0.000,0.000
51710,0,0,2,18473,0.000,0.000
51720,0,0,2,18473,0.000,0.000
51730,0,0,2,18473,0.000,0.000
51740,0,0,2,18473,0.000,0.000
51750,0,0,2,18473,0.000,0.000
51760,0,0,2,18473,0.000,0.000
51770,0,0,2,18473,0.000,0.000
51780,0,0,2,18473,0.000,0.000
51790,0,0,2,18473,0.000,0.000
51800,0,0,2,18473,0.000,0.000
51810,0,0,2,18473,0.000,0.000
51820,0,0,2,18473,0.000,0.000
51830,0,0,2,18473,0.000,0.000
51840,0,0,2,18473,0.000,0.000
51850,0,0,2,18473,0.000,0.000
51860,0,0,2,18473,0.000,0.000
51870,0,0,2,18473,0.000,0.000
51880,0,0,2,18473,0.000,0.000
51890,0,0,2,18473,0.000,0.000
51900,0,0,2,18473,0.000,0.000
51910,0,0,2,18473,0.000,0.000
51920,0,0,2,18473,0.000,0.000
51930,0,0,2,18473,0.000,0.000
51940,0,0,2,18473,0.000,0.000
51950,0,0,2,18473,0.000,0.000
51960,0,0,2,18473,0.000,0.000
51970,0,0,2,18473,0.000,0.000
51980,0,0,2,18473,0.000,0.000
51990,0,0,2,18473,0.000,0.000
52000,0,0,2,18473,0.000,0.000
52010,0,0,2,18473,0.000,0.000
52020,0,0,2,18473,0.000,0.000
52030,0,0,2,18473,0.000,0.000
52040,0,0,2,18473,0.000,0.000
52050,0,0,2,18473,0.000,0.000
52060,0,0,2,18473,0.000,0.000
52070,0,0,2,18473,0.000,0.000
52080,0,0,2,18473,0.000,0.000
52090,0,0,2,18473,0.000,0.000
52100,0,0,2,18473,0.000,0.000
52110,0,0,2,18473,0.000,0.000
52120,0,0,2,18473,0.000,0.000
52130,0,0,2,18473,0.000,0.000
52140,0,0,2,18473,0.000,0.000
52150,0,0,2,18473,0.000,0.000
52160,0,0,2,18473,0.000,0.000
52170,0,0,2,18473,0.000,0.000
52180,0,0,2,18473,0.000,0.000
52190,0,0,2,18473,0.000,0.000
52200,0,0,2,18473,0.000,0.000
52210,0,0,2,18473,0.000,0.000
52220,0,0,2,18473,0.000,0.000
52230,0,0,2,18473,0.000,0.000
52240,0,0,2,18473,0.000,0.000
52250,0,0,2,18473,0.000,0.000
52260,0,0,2,18473,0.000,0.000
52270,0,0,2,18473,0.000,0.000
52280,0,0,2,18473,0.000,0.000
52290,0,0,2,18473,0.000,0.000
52300,0,0,2,18473,0.000,0.000
52310,0,0,2,18473,0.000,0.000
52320,0,0,2,18473,0.000,0.000
52330,0,0,2,18473,0.000,0.000
52340,0,0,2,18473,0.000,0.000
52350,0,0,2,18473,0.000,0.000
52360,0,0,2,18473,0.000,0.000
52370,0,0,2,18473,0.000,0.000
52380,0,0,2,18473,0.000,0.000
52390,0,0,2,18473,0.000,0.000
52400,0,0,2,18473,0.000,0.000
52410,0,0,2,18473,0.000,0.000
52420,0,0,2,18473,0.000,0.000
52430,0,0,2,18473,0.000,0.000
52440,0,0,2,18473,0.000,0.000
52450,0,0,2,18473,0.000,0.000
52460,0,0,2,18473,0.000,0.000
52470,0,0,2,18473,0.000,0.000
52480,0,0,2,18473,0.000,0.000
52490,0,0,2,18473,0.000,0.000
52500,0,0,2,18473,0.000,0.000
52510,0,0,2,18473,0.000,0.000
52520,0,0,2,18473,0.000,0.000
52530,0,0,2,18473,0.000,0.000
52540,0,0,2,18473,0.000,0.000
52550,0,0,2,18473,0.000,0.000
52560,0,0,2,18473,0.000,0.000
52570,0,0,2,18473,0.000,0.000
52580,0,0,2,18473,0.000,0.000
52590,0,0,2,18473,0.000,0.000
52600,0,0,2,18473,0.000,0.000
52610,0,0,2,18473,0.000,0.000
52620,0,0,2,18473,0.000,0.000
52630,0,0,2,18473,0.000,0.000
52640,0,0,2,18473,0.000,0.000
52650,0,0,2,18473,0.000,0.000
52660,0,0,2,18473,0.000,0.000
52670,0,0,2,18473,0.000,0.000
52680,0,0,2,18473,0.000,0.000
52690,0,0,2,18473,0.000,0.000
52700,0,0,2,18473,0.000,0.000
52710,0,0,2,18473,0.000,0.000
52720,0,0,2,18473,0.000,0.000
52730,0,0,2,18473,0.000,0.000
52740,0,0,2,18473,0.000,0.000
52750,0,0,2,18473,0.000,0.000
52760,0,0,2,18473,0.000,0.000
52770,0,0,2,18473,0.000,0.000
52780,0,0,2,18473,0.000,0.000
52790,0,0,2,18473,0.000,0.000
52800,0,0,2,18473,0.000,0.000
52810,0,0,2,18473,0.000,0.000
52820,0,0,2,18473,0.000,0.000
52830,0,0,2,18473,0.000,0.000
52840,0,0,2,18473,0.000,0.000
52850,0,0,2,18473,0.000,0.000
52860,0,0,2,18473,0.000,0.000
52870,0,0,2,18473,0.000,0.000
52880,0,0,2,18473,0.000,0.000
52890,0,0,2,18473,0.000,0.000
52900,0,0,2,18473,0.000,0.000
52910,0,0,2,18473,0.000,0.000
52920,0,0,2,18473,0.000,0.000
52930,0,0,2,18473,0.000,0.000
52940,0,0,2,18473,0.000,0.000
52950,0,0,2,18473,0.000,0.000
52960,0,0,2,18473,0.000,0.000
52970,0,0,2,18473,0.000,0.000
52980,0,0,2,18473,0.000,0.000
52990,0,0,2,18473,0.000,0.000
53000,0,0,2,18473,0.000,0.000
53010,0,-40,2,18473,0.000,0.000
53020,0,-40,2,18473,0.000,0.000
53030,0,-40,2,18472,0.000,-0.140
53040,0,-40,2,18462,0.000,-1.402
53050,0,-40,2,18448,0.000,-1.963
53060,0,-40,2,18433,0.000,-2.104
53070,0,-40,2,18421,0.000,-1.683
53080,0,-40,2,18411,0.000,-1.402
53090,0,-40,2,18404,0.000,-0.982
53100,0,-40,2,18398,0.000,-0.841
53110,0,-40,2,18396,0.000,-0.280
53120,0,-40,2,18396,0.000,0.000
53130,0,-40,2,18397,0.000,0.140
53140,0,-40,2,18397,0.000,0.000
53150,0,-40,2,18398,0.000,0.140
53160,0,-40,2,18398,0.000,0.000
53170,0,-40,2,18398,0.000,0.000
53180,0,-40,2,18398,0.000,0.000
53190,0,-40,2,18398,0.000,0.000
53200,0,-40,2,18398,0.000,0.000
53210,0,-40,2,18398,0.000,0.000
53220,0,-40,2,18398,0.000,0.000
53230,0,-40,2,18398,0.000,0.000
53240,0,-40,2,18398,0.000,0.000
53250,0,-40,2,18398,0.000,0.000
53260,0,-40,2,18398,0.000,0.000
53270,0,-40,2,18398,0.000,0.000
53280,0,-40,2,18398,0.000,0.000
53290,0,-40,2,18398,0.000,0.000
53300,0,-40,2,18398,0.000,0.000
53310,0,-40,2,18398,0.000,0.000
53320,0,-40,2,18398,0.000,0.000
53330,0,-40,2,18398,0.000,0.000
53340,0,-40,2,18398,0.000,0.000
53350,0,-40,2,18398,0.000,0.000
53360,0,-40,2,18398,0.000,0.000
53370,0,-40,2,18398,0.000,0.000
53380,0,-40,2,18398,0.000,0.000
53390,0,-40,2,18398,0.000,0.000
53400,0,-40,2,18398,0.000,0.000
53410,0,-40,2,18398,0.000,0.000
53420,0,-40,2,18398,0.000,0.000
53430,0,-40,2,18398,0.000,0.000
53440,0,-40,2,18398,0.000,0.000
53450,0,-40,2,18398,0.000,0.000
53460,0,-40,2,18398,0.000,0.000
53470,0,-40,2,18398,0.000,0.000
53480,0,-40,2,18398,0.000,0.000
53490,0,-40,2,18398,0.000,0.000
53500,0,-40,2,18398,0.000,0.000
53510,0,-40,2,18398,0.000,0.000
53520,0,-40,2,18398,0.000,0.000
53530,0,-40,2,18398,0.000,0.000
53540,0,-40,2,18398,0.000,0.000
53550,0,-40,2,18398,0.000,0.000
53560,0,-40,2,18398,0.000,0.000
53570,0,-40,2,18398,0.000,0.000
53580,0,-40,2,18398,0.000,0.000
53590,0,-40,2,18398,0.000,0.000
53600,0,-40,2,18398,0.000,0.000
53610,0,-40,2,18398,0.000,0.000
53620,0,-40,2,18398,0.000,0.000
53630,0,-40,2,18398,0.000,0.000
53640,0,-40,2,18398,0.000,0.000
53650,0,-40,2,18398,0.000,0.000
53660,0,-40,2,18398,0.000,0.000
53670,0,-40,2,18398,0.000,0.000
53680,0,-40,2,18398,0.000,0.000
53690,0,-40,2,18398,0.000,0.000
53700,0,-40,2,18398,0.000,0.000
53710,0,-40,2,18398,0.000,0.000
53720,0,-40,2,18398,0.000,0.000
53730,0,-40,2,18398,0.000,0.000
53740,0,-40,2,18398,0.000,0.000
53750,0,-40,2,18398,0.000,0.000
53760,0,-40,2,18398,0.000,0.000
53770,0,-40,2,18398,0.000,0.000
53780,0,-40,2,18398,0.000,0.000
53790,0,-40,2,18398,0.000,0.000
53800,0,-40,2,18398,0.000,0.000
53810,0,-40,2,18398,0.000,0.000
53820,0,-40,2,18398,0.000,0.000
53830,0,-40,2,18398,0.000,0.000
53840,0,-40,2,18398,0.000,0.000
53850,0,-40,2,18398,0.000,0.000
53860,0,-40,2,18398,0.000,0.000
53870,0,-40,2,18398,0.000,0.000
53880,0,-40,2,18398,0.000,0.000
53890,0,-40,2,18398,0.000,0.000
53900,0,-40,2,18398,0.000,0.000
53910,0,-40,2,18398,0.000,0.000
53920,0,-40,2,18398,0.000,0.000
53930,0,-40,2,18398,0.000,0.000
53940,0,-40,2,18398,0.000,0.000
53950,0,-40,2,18398,0.000,0.000
53960,0,-40,2,18398,0.000,0.000
53970,0,-40,2,18398,0.000,0.000
53980,0,-40,2,18398,0.000,0.000
53990,0,-40,2,18398,0.000,0.000
54000,0,-40,2,18398,0.000,0.000
54010,0,-40,2,18398,0.000,0.000
54020,0,-40,2,18398,0.000,0.000
54030,0,-40,2,18398,0.000,0.000
54040,0,-40,2,18398,0.000,0.000
54050,0,-40,2,18398,0.000,0.000
54060,0,-40,2,18398,0.000,0.000
54070,0,-40,2,18398,0.000,0.000
54080,0,-40,2,18398,0.000,0.000
54090,0,-40,2,18398,0.000,0.000
54100,0,-40,2,18398,0.000,0.000
54110,0,-40,2,18398,0.000,0.000
54120,0,-40,2,18398,0.000,0.000
54130,0,-40,2,18398,0.000,0.000
54140,0,-40,2,18398,0.000,0.000
54150,0,-40,2,18398,0.000,0.000
54160,0,-40,2,18398,0.000,0.000
54170,0,-40,2,18398,0.000,0.000
54180,0,-40,2,18398,0.000,0.000
54190,0,-40,2,18398,0.000,0.000
54200,0,-40,2,18398,0.000,0.000
54210,0,-40,2,18398,0.000,0.000
54220,0,-40,2,18398,0.000,0.000
54230,0,-40,2,18398,0.000,0.000
54240,0,-40,2,18398,0.000,0.000
54250,0,-40,2,18398,0.000,0.000
54260,0,-40,2,18398,0.000,0.000
54270,0,-40,2,18398,0.000,0.000
54280,0,-40,2,18398,0.000,0.000
54290,0,-40,2,18398,0.000,0.000
54300,0,-40,2,18398,0.000,0.000
54310,0,-40,2,18398,0.000,0.000
54320,0,-40,2,18398,0.000,0.000
54330,0,-40,2,18398,0.000,0.000
54340,0,-40,2,18398,0.000,0.000
54350,0,-40,2,18398,0.000,0.000
54360,0,-40,2,18398,0.000,0.000
54370,0,-40,2,18398,0.000,0.000
54380,0,-40,2,18398,0.000,0.000
54390,0,-40,2,18398,0.000,0.000
54400,0,-40,2,18398,0.000,0.000
54410,0,-40,2,18398,0.000,0.000
54420,0,-40,2,18398,0.000,0.000
54430,0,-40,2,18398,0.000,0.000
54440,0,-40,2,18398,0.000,0.000
54450,0,-40,2,18398,0.000,0.000
54460,0,-40,2,18398,0.000,0.000
54470,0,-40,2,18398,0.000,0.000
54480,0,-40,2,18398,0.000,0.000
54490,0,-40,2,18398,0.000,0.000
54500,0,-40,2,18398,0.000,0.000
54510,0,-40,2,18398,0.000,0.000
54520,0,-40,2,18398,0.000,0.000
54530,0,-40,2,18398,0.000,0.000
54540,0,-40,2,18398,0.000,0.000
54550,0,-40,2,18398,0.000,0.000
54560,0,-40,2,18398,0.000,0.000
54570,0,-40,2,18398,0.000,0.000
54580,0,-40,2,18398,0.000,0.000
54590,0,-40,2,18398,0.000,0.000
54600,0,-40,2,18398,0.000,0.000
54610,0,-40,2,18398,0.000,0.000
54620,0,-40,2,18398,0.000,0.000
54630,0,-40,2,18398,0.000,0.000
54640,0,-40,2,18398,0.000,0.000
54650,0,-40,2,18398,0.000,0.000
54660,0,-40,2,18398,0.000,0.000
54670,0,-40,2,18398,0.000,0.000
54680,0,-40,2,18398,0.000,0.000
54690,0,-40,2,18398,0.000,0.000
54700,0,-40,2,18398,0.000,0.000
54710,0,-40,2,18398,0.000,0.000
54720,0,-40,2,18398,0.000,0.000
54730,0,-40,2,18398,0.000,0.000
54740,0,-40,2,18398,0.000,0.000
54750,0,-40,2,18398,0.000,0.000
54760,0,-40,2,18398,0.000,0.000
54770,0,-40,2,18398,0.000,0.000
54780,0,-40,2,18398,0.000,0.000
54790,0,-40,2,18398,0.000,0.000
54800,0,-40,2,18398,0.000,0.000
54810,0,-40,2,18398,0.000,0.000
54820,0,-40,2,18398,0.000,0.000
54830,0,-40,2,18398,0.000,0.000
54840,0,-40,2,18398,0.000,0.000
54850,0,-40,2,18398,0.000,0.000
54860,0,-40,2,18398,0.000,0.000
54870,0,-40,2,18398,0.000,0.000
54880,0,-40,2,18398,0.000,0.000
54890,0,-40,2,18398,0.000,0.000
54900,0,-40,2,18398,0.000,0.000
54910,0,-40,2,18398,0.000,0.000
54920,0,-40,2,18398,0.000,0.000
54930,0,-40,2,18398,0.000,0.000
54940,0,-40,2,18398,0.000,0.000
54950,0,-40,2,18398,0.000,0.000
54960,0,-40,2,18398,0.000,0.000
54970,0,-40,2,18398,0.000,0.000
54980,0,-40,2,18398,0.000,0.000
54990,0,-40,2,18398,0.000,0.000
55000,0,-40,2,18398,0.000,0.000
55010,0,-40,2,18398,0.000,0.000
55020,0,-40,2,18398,0.000,0.000
55030,0,-40,2,18398,0.000,0.000
55040,0,-40,2,18398,0.000,0.000
55050,0,-40,2,18398,0.000,0.000
55060,0,-40,2,18398,0.000,0.000
55070,0,-40,2,18398,0.000,0.000
55080,0,-40,2,18398,0.000,0.000
55090,0,-40,2,18398,0.000,0.000
55100,0,-40,2,18398,0.000,0.000
55110,0,-40,2,18398,0.000,0.000
55120,0,-40,2,18398,0.000,0.000
55130,0,-40,2,18398,0.000,0.000
55140,0,-40,2,18398,0.000,0.000
55150,0,-40,2,18398,0.000,0.000
55160,0,-40,2,18398,0.000,0.000
55170,0,-40,2,18398,0.000,0.000
55180,0,-40,2,18398,0.000,0.000
55190,0,-40,2,18398,0.000,0.000
55200,0,-40,2,18398,0.000,0.000
55210,0,-40,2,18398,0.000,0.000
55220,0,-40,2,18398,0.000,0.000
55230,0,-40,2,18398,0.000,0.000
55240,0,-40,2,18398,0.000,0.000
55250,0,-40,2,18398,0.000,0.000
55260,0,-40,2,18398,0.000,0.000
55270,0,-40,2,18398,0.000,0.000
55280,0,-40,2,18398,0.000,0.000
55290,0,-40,2,18398,0.000,0.000
55300,0,-40,2,18398,0.000,0.000
55310,0,-40,2,18398,0.000,0.000
55320,0,-40,2,18398,0.000,0.000
55330,0,-40,2,18398,0.000,0.000
55340,0,-40,2,18398,0.000,0.000
55350,0,-40,2,18398,0.000,0.000
55360,0,-40,2,18398,0.000,0.000
55370,0,-40,2,18398,0.000,0.000
55380,0,-40,2,18398,0.000,0.000
55390,0,-40,2,18398,0.000,0.000
55400,0,-40,2,18398,0.000,0.000
55410,0,-40,2,18398,0.000,0.000
55420,0,-40,2,18398,0.000,0.000
55430,0,-40,2,18398,0.000,0.000
55440,0,-40,2,18398,0.000,0.000
55450,0,-40,2,18398,0.000,0.000
55460,0,-40,2,18398,0.000,0.000
55470,0,-40,2,18398,0.000,0.000
55480,0,-40,2,18398,0.000,0.000
55490,0,-40,2,18398,0.000,0.000
55500,0,-40,2,18398,0.000,0.000
55510,0,-40,2,18398,0.000,0.000
55520,0,-40,2,18398,0.000,0.000
55530,0,-40,2,18398,0.000,0.000
55540,0,-40,2,18398,0.000,0.000
55550,0,-40,2,18398,0.000,0.000
55560,0,-40,2,18398,0.000,0.000
55570,0,-40,2,18398,0.000,0.000
55580,0,-40,2,18398,0.000,0.000
55590,0,-40,2,18398,0.000,0.000
55600,0,-40,2,18398,0.000,0.000
55610,0,-40,2,18398,0.000,0.000
55620,0,-40,2,18398,0.000,0.000
55630,0,-40,2,18398,0.000,0.000
55640,0,-40,2,18398,0.000,0.000
55650,0,-40,2,18398,0.000,0.000
55660,0,-40,2,18398,0.000,0.000
55670,0,-40,2,18398,0.000,0.000
55680,0,-40,2,18398,0.000,0.000
55690,0,-40,2,18398,0.000,0.000
55700,0,-40,2,18398,0.000,0.000
55710,0,-40,2,18398,0.000,0.000
55720,0,-40,2,18398,0.000,0.000
55730,0,-40,2,18398,0.000,0.000
55740,0,-40,2,18398,0.000,0.000
55750,0,-40,2,18398,0.000,0.000
55760,0,-40,2,18398,0.000,0.000
55770,0,-40,2,18398,0.000,0.000
55780,0,-40,2,18398,0.000,0.000
55790,0,-40,2,18398,0.000,0.000
55800,0,-40,2,18398,0.000,0.000
55810,0,-40,2,18398,0.000,0.000
55820,0,-40,2,18398,0.000,0.000
55830,0,-40,2,18398,0.000,0.000
55840,0,-40,2,18398,0.000,0.000
55850,0,-40,2,18398,0.000,0.000
55860,0,-40,2,18398,0.000,0.000
55870,0,-40,2,18398,0.000,0.000
55880,0,-40,2,18398,0.000,0.000
55890,0,-40,2,18398,0.000,0.000
55900,0,-40,2,18398,0.000,0.000
55910,0,-40,2,18398,0.000,0.000
55920,0,-40,2,18398,0.000,0.000
55930,0,-40,2,18399,0.000,0.140
55940,0,-40,3,18400,0.140,0.140
55950,0,-40,3,18401,0.000,0.140
55960,0,-40,4,18403,0.140,0.280
55970,0,-40,4,18405,0.000,0.280
55980,0,-40,4,18407,0.000,0.280
55990,0,-40,4,18409,0.000,0.280
56000,0,-40,3,18409,-0.140,0.000
56010,0,0,3,18409,0.000,0.000
56020,0,0,3,18409,0.000,0.000
56030,0,0,3,18411,0.000,0.280
56040,0,0,3,18419,0.000,1.122
56050,0,0,3,18436,0.000,2.384
56060,0,0,3,18451,0.000,2.104
56070,0,0,3,18465,0.000,1.963
56080,0,0,3,18476,0.000,1.543
56090,0,0,2,18485,-0.140,1.262
56100,0,0,2,18491,0.000,0.841
56110,0,0,2,18496,0.000,0.701
56120,0,0,2,18497,0.000,0.140
56130,0,0,2,18497,0.000,0.000
56140,0,0,2,18496,0.000,-0.140
56150,0,0,2,18496,0.000,0.000
56160,0,0,2,18496,0.000,0.000
56170,0,0,2,18496,0.000,0.000
56180,0,0,2,18496,0.000,0.000
56190,0,0,2,18496,0.000,0.000
56200,0,0,2,18496,0.000,0.000
56210,0,0,2,18496,0.000,0.000
56220,0,0,2,18496,0.000,0.000
56230,0,0,2,18496,0.000,0.000
56240,0,0,2,18496,0.000,0.000
56250,0,0,2,18496,0.000,0.000
56260,0,0,2,18496,0.000,0.000
56270,0,0,2,18496,0.000,0.000
56280,0,0,2,18496,0.000,0.000
56290,0,0,2,18496,0.000,0.000
56300,0,0,2,18496,0.000,0.000
56310,0,0,2,18496,0.000,0.000
56320,0,0,2,18496,0.000,0.000
56330,0,0,2,18496,0.000,0.000
56340,0,0,2,18496,0.000,0.000
56350,0,0,2,18496,0.000,0.000
56360,0,0,2,18496,0.000,0.000
56370,0,0,2,18496,0.000,0.000
56380,0,0,2,18496,0.000,0.000
56390,0,0,2,18496,0.000,0.000
56400,0,0,2,18496,0.000,0.000
56410,0,0,2,18496,0.000,0.000
56420,0,0,2,18496,0.000,0.000
56430,0,0,2,18496,0.000,0.000
56440,0,0,2,18496,0.000,0.000
56450,0,0,2,18496,0.000,0.000
56460,0,0,2,18496,0.000,0.000
56470,0,0,2,18496,0.000,0.000
56480,0,0,2,18496,0.000,0.000
56490,0,0,2,18496,0.000,0.000
56500,0,0,2,18496,0.000,0.000
56510,0,0,2,18496,0.000,0.000
56520,0,0,2,18496,0.000,0.000
56530,0,0,2,18496,0.000,0.000
56540,0,0,2,18496,0.000,0.000
56550,0,0,2,18496,0.000,0.000
56560,0,0,2,18496,0.000,0.000
56570,0,0,2,18496,0.000,0.000
56580,0,0,2,18496,0.000,0.000
56590,0,0,2,18496,0.000,0.000
56600,0,0,2,18496,0.000,0.000
56610,0,0,2,18496,0.000,0.000
56620,0,0,2,18496,0.000,0.000
56630,0,0,2,18496,0.000,0.000
56640,0,0,2,18496,0.000,0.000
56650,0,0,2,18496,0.000,0.000
56660,0,0,2,18496,0.000,0.000
56670,0,0,2,18496,0.000,0.000
56680,0,0,2,18496,0.000,0.000
56690,0,0,2,18496,0.000,0.000
56700,0,0,2,18496,0.000,0.000
56710,0,0,2,18496,0.000,0.000
56720,0,0,2,18496,0.000,0.000
56730,0,0,2,18496,0.000,0.000
56740,0,0,2,18496,0.000,0.000
56750,0,0,2,18496,0.000,0.000
56760,0,0,2,18496,0.000,0.000
56770,0,0,2,18496,0.000,0.000
56780,0,0,2,18496,0.000,0.000
56790,0,0,2,18496,0.000,0.000
56800,0,0,2,18496,0.000,0.000
56810,0,0,2,18496,0.000,0.000
56820,0,0,2,18496,0.000,0.000
56830,0,0,2,18496,0.000,0.000
56840,0,0,2,18496,0.000,0.000
56850,0,0,2,18496,0.000,0.000
56860,0,0,2,18496,0.000,0.000
56870,0,0,2,18496,0.000,0.000
56880,0,0,2,18496,0.000,0.000
56890,0,0,2,18496,0.000,0.000
56900,0,0,2,18496,0.000,0.000
56910,0,0,2,18496,0.000,0.000
56920,0,0,2,18496,0.000,0.000
56930,0,0,2,18496,0.000,0.000
56940,0,0,2,18496,0.000,0.000
56950,0,0,2,18496,0.000,0.000
56960,0,0,2,18496,0.000,0.000
56970,0,0,2,18496,0.000,0.000
56980,0,0,2,18496,0.000,0.000
56990,0,0,2,18496,0.000,0.000
57000,0,0,2,18496,0.000,0.000
57010,0,0,2,18496,0.000,0.000
57020,0,0,2,18496,0.000,0.000
57030,0,0,2,18496,0.000,0.000
57040,0,0,2,18496,0.000,0.000
57050,0,0,2,18496,0.000,0.000
57060,0,0,2,18496,0.000,0.000
57070,0,0,2,18496,0.000,0.000
57080,0,0,2,18496,0.000,0.000
57090,0,0,2,18496,0.000,0.000
57100,0,0,2,18496,0.000,0.000
57110,0,0,2,18496,0.000,0.000
57120,0,0,2,18496,0.000,0.000
57130,0,0,2,18496,0.000,0.000
57140,0,0,2,18496,0.000,0.000
57150,0,0,2,18496,0.000,0.000
57160,0,0,2,18496,0.000,0.000
57170,0,0,2,18496,0.000,0.000
57180,0,0,2,18496,0.000,0.000
57190,0,0,2,18496,0.000,0.000
57200,0,0,2,18496,0.000,0.000
57210,0,0,2,18496,0.000,0.000
57220,0,0,2,18496,0.000,0.000
57230,0,0,2,18496,0.000,0.000
57240,0,0,2,18496,0.000,0.000
57250,0,0,2,18496,0.000,0.000
57260,0,0,2,18496,0.000,0.000
57270,0,0,2,18496,0.000,0.000
57280,0,0,2,18496,0.000,0.000
57290,0,0,2,18496,0.000,0.000
57300,0,0,3,18497,0.140,0.140
57310,0,0,4,18497,0.140,0.000
57320,0,0,4,18497,0.000,0.000
57330,0,0,4,18497,0.000,0.000
57340,0,0,4,18496,0.000,-0.140
57350,0,0,4,18496,0.000,0.000
57360,0,0,4,18496,0.000,0.000
57370,0,0,4,18496,0.000,0.000
57380,0,0,4,18496,0.000,0.000
57390,0,0,4,18496,0.000,0.000
57400,0,0,4,18496,0.000,0.000
57410,0,0,4,18496,0.000,0.000
57420,0,0,4,18496,0.000,0.000
57430,0,0,4,18496,0.000,0.000
57440,0,0,4,18496,0.000,0.000
57450,0,0,4,18496,0.000,0.000
57460,0,0,4,18496,0.000,0.000
57470,0,0,4,18496,0.000,0.000
57480,0,0,4,18496,0.000,0.000
57490,0,0,4,18496,0.000,0.000
57500,0,0,4,18496,0.000,0.000
57510,0,0,4,18496,0.000,0.000
57520,0,0,4,18496,0.000,0.000
57530,0,0,4,18496,0.000,0.000
57540,0,0,4,18496,0.000,0.000
57550,0,0,4,18496,0.000,0.000
57560,0,0,4,18496,0.000,0.000
57570,0,0,4,18496,0.000,0.000
57580,0,0,4,18496,0.000,0.000
57590,0,0,4,18496,0.000,0.000
57600,0,0,4,18496,0.000,0.000
57610,0,0,4,18496,0.000,0.000
57620,0,0,4,18496,0.000,0.000
57630,0,0,4,18496,0.000,0.000
57640,0,0,4,18496,0.000,0.000
57650,0,0,4,18496,0.000,0.000
57660,0,0,4,18496,0.000,0.000
57670,0,0,4,18496,0.000,0.000
57680,0,0,4,18496,0.000,0.000
57690,0,0,4,18496,0.000,0.000
57700,0,0,4,18496,0.000,0.000
57710,0,0,4,18496,0.000,0.000
57720,0,0,4,18496,0.000,0.000
57730,0,0,4,18496,0.000,0.000
57740,0,0,4,18496,0.000,0.000
57750,0,0,4,18496,0.000,0.000
57760,0,0,4,18496,0.000,0.000
57770,0,0,4,18496,0.000,0.000
57780,0,0,4,18496,0.000,0.000
57790,0,0,4,18496,0.000,0.000
57800,0,0,4,18496,0.000,0.000
57810,0,0,4,18496,0.000,0.000
57820,0,0,4,18496,0.000,0.000
57830,0,0,4,18496,0.000,0.000
57840,0,0,4,18496,0.000,0.000
57850,0,0,4,18496,0.000,0.000
57860,0,0,4,18496,0.000,0.000
57870,0,0,4,18496,0.000,0.000
57880,0,0,4,18496,0.000,0.000
57890,0,0,4,18496,0.000,0.000
57900,0,0,4,18496,0.000,0.000
57910,0,0,4,18496,0.000,0.000
57920,0,0,4,18496,0.000,0.000
57930,0,0,4,18496,0.000,0.000
57940,0,0,4,18496,0.000,0.000
57950,0,0,4,18496,0.000,0.000
57960,0,0,4,18496,0.000,0.000
57970,0,0,4,18496,0.000,0.000
57980,0,0,4,18496,0.000,0.000
57990,0,0,4,18496,0.000,0.000
58000,0,0,4,18496,0.000,0.000
58010,0,0,4,18496,0.000,0.000
58020,0,0,4,18496,0.000,0.000
58030,0,0,4,18496,0.000,0.000
58040,0,0,4,18496,0.000,0.000
58050,0,0,4,18496,0.000,0.000
58060,0,0,4,18496,0.000,0.000
58070,0,0,4,18496,0.000,0.000
58080,0,0,4,18496,0.000,0.000
58090,0,0,4,18496,0.000,0.000
58100,0,0,4,18496,0.000,0.000
58110,0,0,4,18496,0.000,0.000
58120,0,0,4,18496,0.000,0.000
58130,0,0,4,18496,0.000,0.000
58140,0,0,4,18496,0.000,0.000
58150,0,0,4,18496,0.000,0.000
58160,0,0,4,18496,0.000,0.000
58170,0,0,4,18496,0.000,0.000
58180,0,0,4,18496,0.000,0.000
58190,0,0,4,18496,0.000,0.000
58200,0,0,4,18496,0.000,0.000
58210,0,0,4,18496,0.000,0.000
58220,0,0,4,18496,0.000,0.000
58230,0,0,4,18496,0.000,0.000
58240,0,0,4,18496,0.000,0.000
58250,0,0,4,18496,0.000,0.000
58260,0,0,4,18496,0.000,0.000
58270,0,0,4,18496,0.000,0.000
58280,0,0,4,18496,0.000,0.000
58290,0,0,4,18496,0.000,0.000
58300,0,0,4,18496,0.000,0.000
58310,0,0,4,18496,0.000,0.000
58320,0,0,4,18496,0.000,0.000
58330,0,0,4,18496,0.000,0.000
58340,0,0,4,18496,0.000,0.000
58350,0,0,4,18496,0.000,0.000
58360,0,0,4,18496,0.000,0.000
58370,0,0,4,18496,0.000,0.000
58380,0,0,4,18496,0.000,0.000
58390,0,0,4,18496,0.000,0.000
58400,0,0,4,18496,0.000,0.000
58410,0,0,4,18496,0.000,0.000
58420,0,0,4,18496,0.000,0.000
58430,0,0,4,18496,0.000,0.000
58440,0,0,4,18496,0.000,0.000
58450,0,0,4,18496,0.000,0.000
58460,0,0,4,18496,0.000,0.000
58470,0,0,4,18496,0.000,0.000
58480,0,0,4,18496,0.000,0.000
58490,0,0,4,18496,0.000,0.000
58500,0,0,4,18496,0.000,0.000
58510,0,0,4,18496,0.000,0.000
58520,0,0,4,18496,0.000,0.000
58530,0,0,4,18496,0.000,0.000
58540,0,0,4,18496,0.000,0.000
58550,0,0,4,18496,0.000,0.000
58560,0,0,4,18496,0.000,0.000
58570,0,0,4,18496,0.000,0.000
58580,0,0,4,18496,0.000,0.000
58590,0,0,4,18496,0.000,0.000
58600,0,0,4,18496,0.000,0.000
58610,0,0,4,18496,0.000,0.000
58620,0,0,4,18496,0.000,0.000
58630,0,0,4,18496,0.000,0.000
58640,0,0,4,18496,0.000,0.000
58650,0,0,4,18496,0.000,0.000
58660,0,0,4,18496,0.000,0.000
58670,0,0,4,18496,0.000,0.000
58680,0,0,4,18496,0.000,0.000
58690,0,0,4,18496,0.000,0.000
58700,0,0,4,18496,0.000,0.000
58710,0,0,4,18496,0.000,0.000
58720,0,0,4,18496,0.000,0.000
58730,0,0,4,18496,0.000,0.000
58740,0,0,3,18496,-0.140,0.000
58750,0,0,3,18496,0.000,0.000
58760,0,0,3,18496,0.000,0.000
58770,0,0,3,18496,0.000,0.000
58780,0,0,3,18496,0.000,0.000
58790,0,0,3,18496,0.000,0.000
58800,0,0,3,18496,0.000,0.000
58810,0,0,3,18496,0.000,0.000
58820,0,0,3,18496,0.000,0.000
58830,0,0,3,18496,0.000,0.000
58840,0,0,3,18496,0.000,0.000
58850,0,0,3,18496,0.000,0.000
58860,0,0,3,18496,0.000,0.000
58870,0,0,3,18496,0.000,0.000
58880,0,0,3,18496,0.000,0.000
58890,0,0,3,18496,0.000,0.000
58900,0,0,3,18496,0.000,0.000
58910,0,0,3,18496,0.000,0.000
58920,0,0,3,18496,0.000,0.000
58930,0,0,3,18496,0.000,0.000
58940,0,0,3,18496,0.000,0.000
58950,0,0,3,18496,0.000,0.000
58960,0,0,3,18496,0.000,0.000
58970,0,0,3,18496,0.000,0.000
58980,0,0,3,18496,0.000,0.000
58990,0,0,3,18496,0.000,0.000
59000,0,0,3,18496,0.000,0.000
59010,0,-60,3,18496,0.000,0.000
59020,0,-60,3,18496,0.000,0.000
59030,0,-60,3,18494,0.000,-0.280
59040,0,-60,3,18483,0.000,-1.543
59050,0,-60,3,18464,0.000,-2.665
59060,0,-60,3,18447,0.000,-2.384
59070,0,-60,3,18430,0.000,-2.384
59080,0,-60,3,18415,0.000,-2.104
59090,0,-60,3,18404,0.000,-1.543
59100,0,-60,3,18394,0.000,-1.402
59110,0,-60,3,18386,0.000,-1.122
59120,0,-60,3,18381,0.000,-0.701
59130,0,-60,3,18379,0.000,-0.280
59140,0,-60,3,18379,0.000,0.000
59150,0,-60,3,18379,0.000,0.000
59160,0,-60,3,18379,0.000,0.000
59170,0,-60,3,18379,0.000,0.000
59180,0,-60,3,18379,0.000,0.000
59190,0,-60,3,18379,0.000,0.000
59200,0,-60,3,18379,0.000,0.000
59210,0,-60,3,18379,0.000,0.000
59220,0,-60,3,18379,0.000,0.000
59230,0,-60,3,18379,0.000,0.000
59240,0,-60,3,18379,0.000,0.000
59250,0,-60,3,18379,0.000,0.000
59260,0,-60,3,18379,0.000,0.000
59270,0,-60,3,18379,0.000,0.000
59280,0,-60,3,18379,0.000,0.000
59290,0,-60,3,18379,0.000,0.000
59300,0,-60,3,18379,0.000,0.000
59310,0,-60,3,18379,0.000,0.000
59320,0,-60,3,18379,0.000,0.000
59330,0,-60,3,18379,0.000,0.000
59340,0,-60,3,18379,0.000,0.000
59350,0,-60,3,18379,0.000,0.000
59360,0,-60,3,18379,0.000,0.000
59370,0,-60,3,18379,0.000,0.000
59380,0,-60,3,18379,0.000,0.000
59390,0,-60,3,18379,0.000,0.000
59400,0,-60,3,18379,0.000,0.000
59410,0,-60,3,18379,0.000,0.000
59420,0,-60,3,18379,0.000,0.000
59430,0,-60,3,18379,0.000,0.000
59440,0,-60,3,18379,0.000,0.000
59450,0,-60,3,18379,0.000,0.000
59460,0,-60,3,18379,0.000,0.000
59470,0,-60,3,18379,0.000,0.000
59480,0,-60,3,18379,0.000,0.000
59490,0,-60,3,18379,0.000,0.000
59500,0,-60,3,18379,0.000,0.000
59510,0,-60,3,18379,0.000,0.000
59520,0,-60,3,18379,0.000,0.000
59530,0,-60,3,18379,0.000,0.000
59540,0,-60,3,18379,0.000,0.000
59550,0,-60,3,18379,0.000,0.000
59560,0,-60,3,18379,0.000,0.000
59570,0,-60,3,18379,0.000,0.000
59580,0,-60,3,18379,0.000,0.000
59590,0,-60,3,18379,0.000,0.000
59600,0,-60,3,18379,0.000,0.000
59610,0,-60,3,18379,0.000,0.000
59620,0,-60,3,18379,0.000,0.000
59630,0,-60,3,18379,0.000,0.000
59640,0,-60,3,18379,0.000,0.000
59650,0,-60,3,18379,0.000,0.000
59660,0,-60,3,18379,0.000,0.000
59670,0,-60,3,18379,0.000,0.000
59680,0,-60,3,18379,0.000,0.000
59690,0,-60,3,18379,0.000,0.000
59700,0,-60,3,18379,0.000,0.000
59710,0,-60,3,18379,0.000,0.000
59720,0,-60,3,18379,0.000,0.000
59730,0,-60,3,18379,0.000,0.000
59740,0,-60,3,18379,0.000,0.000
59750,0,-60,3,18379,0.000,0.000
59760,0,-60,3,18379,0.000,0.000
59770,0,-60,3,18379,0.000,0.000
59780,0,-60,3,18379,0.000,0.000
59790,0,-60,3,18379,0.000,0.000
59800,0,-60,3,18379,0.000,0.000
59810,0,-60,3,18379,0.000,0.000
59820,0,-60,3,18379,0.000,0.000
59830,0,-60,3,18379,0.000,0.000
59840,0,-60,3,18379,0.000,0.000
59850,0,-60,3,18379,0.000,0.000
59860,0,-60,3,18379,0.000,0.000
59870,0,-60,3,18379,0.000,0.000
59880,0,-60,3,18379,0.000,0.000
59890,0,-60,3,18379,0.000,0.000
59900,0,-60,3,18379,0.000,0.000
59910,0,-60,3,18379,0.000,0.000
59920,0,-60,3,18379,0.000,0.000
59930,0,-60,3,18379,0.000,0.000
59940,0,-60,3,18379,0.000,0.000
59950,0,-60,3,18379,0.000,0.000
59960,0,-60,3,18379,0.000,0.000
59970,0,-60,3,18379,0.000,0.000
59980,0,-60,3,18379,0.000,0.000
59990,0,-60,3,18379,0.000,0.000
60000,0,-60,3,18379,0.000,0.000
60010,0,-60,3,18379,0.000,0.000
60020,0,-60,3,18379,0.000,0.000
60030,0,-60,3,18379,0.000,0.000
60040,0,-60,3,18379,0.000,0.000
60050,0,-60,3,18379,0.000,0.000
60060,0,-60,3,18379,0.000,0.000
60070,0,-60,3,18379,0.000,0.000
60080,0,-60,3,18379,0.000,0.000
60090,0,-60,3,18379,0.000,0.000
60100,0,-60,3,18379,0.000,0.000
60110,0,-60,3,18379,0.000,0.000
60120,0,-60,3,18379,0.000,0.000
60130,0,-60,3,18379,0.000,0.000
60140,0,-60,3,18379,0.000,0.000
60150,0,-60,3,18379,0.000,0.000
60160,0,-60,3,18379,0.000,0.000
60170,0,-60,3,18379,0.000,0.000
60180,0,-60,3,18379,0.000,0.000
60190,0,-60,3,18379,0.000,0.000
60200,0,-60,3,18379,0.000,0.000
60210,0,-60,3,18379,0.000,0.000
60220,0,-60,3,18379,0.000,0.000
60230,0,-60,3,18379,0.000,0.000
60240,0,-60,3,18379,0.000,0.000
60250,0,-60,3,18379,0.000,0.000
60260,0,-60,3,18379,0.000,0.000
60270,0,-60,3,18379,0.000,0.000
60280,0,-60,3,18379,0.000,0.000
60290,0,-60,3,18379,0.000,0.000
60300,0,-60,3,18379,0.000,0.000
60310,0,-60,3,18379,0.000,0.000
60320,0,-60,3,18379,0.000,0.000
60330,0,-60,3,18379,0.000,0.000
60340,0,-60,3,18379,0.000,0.000
60350,0,-60,3,18379,0.000,0.000
60360,0,-60,3,18379,0.000,0.000
60370,0,-60,3,18379,0.000,0.000
60380,0,-60,3,18379,0.000,0.000
60390,0,-60,3,18379,0.000,0.000
60400,0,-60,3,18379,0.000,0.000
60410,0,-60,3,18379,0.000,0.000
60420,0,-60,3,18379,0.000,0.000
60430,0,-60,3,18379,0.000,0.000
60440,0,-60,3,18379,0.000,0.000
60450,0,-60,3,18379,0.000,0.000
60460,0,-60,3,18379,0.000,0.000
60470,0,-60,3,18379,0.000,0.000
60480,0,-60,3,18379,0.000,0.000
60490,0,-60,3,18379,0.000,0.000
60500,0,-60,3,18379,0.000,0.000
60510,0,-60,3,18379,0.000,0.000
60520,0,-60,3,18379,0.000,0.000
60530,0,-60,3,18379,0.000,0.000
60540,0,-60,3,18379,0.000,0.000
60550,0,-60,3,18379,0.000,0.000
60560,0,-60,3,18379,0.000,0.000
60570,0,-60,3,18379,0.000,0.000
60580,0,-60,3,18379,0.000,0.000
60590,0,-60,3,18379,0.000,0.000
60600,0,-60,3,18379,0.000,0.000
60610,0,-60,3,18379,0.000,0.000
60620,0,-60,3,18379,0.000,0.000
60630,0,-60,3,18379,0.000,0.000
60640,0,-60,3,18379,0.000,0.000
60650,0,-60,3,18379,0.000,0.000
60660,0,-60,3,18379,0.000,0.000
60670,0,-60,3,18379,0.000,0.000
60680,0,-60,3,18379,0.000,0.000
60690,0,-60,3,18379,0.000,0.000
60700,0,-60,3,18379,0.000,0.000
60710,0,-60,3,18379,0.000,0.000
60720,0,-60,3,18379,0.000,0.000
60730,0,-60,3,18379,0.000,0.000
60740,0,-60,3,18379,0.000,0.000
60750,0,-60,3,18379,0.000,0.000
60760,0,-60,3,18379,0.000,0.000
60770,0,-60,3,18379,0.000,0.000
60780,0,-60,3,18379,0.000,0.000
60790,0,-60,3,18379,0.000,0.000
60800,0,-60,3,18379,0.000,0.000
60810,0,-60,3,18379,0.000,0.000
60820,0,-60,3,18379,0.000,0.000
60830,0,-60,3,18379,0.000,0.000
60840,0,-60,3,18379,0.000,0.000
60850,0,-60,3,18379,0.000,0.000
60860,0,-60,3,18379,0.000,0.000
60870,0,-60,3,18379,0.000,0.000
60880,0,-60,3,18379,0.000,0.000
60890,0,-60,3,18379,0.000,0.000
60900,0,-60,3,18379,0.000,0.000
60910,0,-60,3,18379,0.000,0.000
60920,0,-60,3,18379,0.000,0.000
60930,0,-60,3,18379,0.000,0.000
60940,0,-60,3,18379,0.000,0.000
60950,0,-60,3,18379,0.000,0.000
60960,0,-60,3,18379,0.000,0.000
60970,0,-60,3,18379,0.000,0.000
60980,0,-60,3,18379,0.000,0.000
60990,0,-60,3,18379,0.000,0.000
61000,0,-60,3,18379,0.000,0.000
61010,0,-60,3,18379,0.000,0.000
61020,0,-60,3,18379,0.000,0.000
61030,0,-60,3,18379,0.000,0.000
61040,0,-60,3,18379,0.000,0.000
61050,0,-60,3,18379,0.000,0.000
61060,0,-60,3,18379,0.000,0.000
61070,0,-60,3,18379,0.000,0.000
61080,0,-60,3,18379,0.000,0.000
61090,0,-60,3,18379,0.000,0.000
61100,0,-60,3,18379,0.000,0.000
61110,0,-60,3,18379,0.000,0.000
61120,0,-60,3,18379,0.000,0.000
61130,0,-60,3,18379,0.000,0.000
61140,0,-60,3,18379,0.000,0.000
61150,0,-60,3,18379,0.000,0.000
61160,0,-60,3,18379,0.000,0.000
61170,0,-60,3,18379,0.000,0.000
61180,0,-60,3,18379,0.000,0.000
61190,0,-60,3,18379,0.000,0.000
61200,0,-60,3,18379,0.000,0.000
61210,0,-60,3,18379,0.000,0.000
61220,0,-60,3,18379,0.000,0.000
61230,0,-60,3,18379,0.000,0.000
61240,0,-60,3,18379,0.000,0.000
61250,0,-60,3,18379,0.000,0.000
61260,0,-60,3,18379,0.000,0.000
61270,0,-60,3,18379,0.000,0.000
61280,0,-60,3,18379,0.000,0.000
61290,0,-60,3,18379,0.000,0.000
61300,0,-60,3,18379,0.000,0.000
61310,0,-60,3,18379,0.000,0.000
61320,0,-60,3,18379,0.000,0.000
61330,0,-60,3,18379,0.000,0.000
61340,0,-60,3,18379,0.000,0.000
61350,0,-60,3,18379,0.000,0.000
61360,0,-60,3,18379,0.000,0.000
61370,0,-60,3,18379,0.000,0.000
61380,0,-60,3,18379,0.000,0.000
61390,0,-60,3,18379,0.000,0.000
61400,0,-60,3,18379,0.000,0.000
61410,0,-60,3,18379,0.000,0.000
61420,0,-60,3,18379,0.000,0.000
61430,0,-60,3,18379,0.000,0.000
61440,0,-60,3,18379,0.000,0.000
61450,0,-60,3,18379,0.000,0.000
61460,0,-60,3,18379,0.000,0.000
61470,0,-60,3,18379,0.000,0.000
61480,0,-60,3,18379,0.000,0.000
61490,0,-60,3,18379,0.000,0.000
61500,0,-60,3,18379,0.000,0.000
61510,0,-60,3,18379,0.000,0.000
61520,0,-60,3,18379,0.000,0.000
61530,0,-60,3,18379,0.000,0.000
61540,0,-60,3,18379,0.000,0.000
61550,0,-60,3,18379,0.000,0.000
61560,0,-60,3,18379,0.000,0.000
61570,0,-60,3,18379,0.000,0.000
61580,0,-60,3,18379,0.000,0.000
61590,0,-60,3,18379,0.000,0.000
61600,0,-60,3,18379,0.000,0.000
61610,0,-60,3,18379,0.000,0.000
61620,0,-60,3,18379,0.000,0.000
61630,0,-60,3,18379,0.000,0.000
61640,0,-60,3,18379,0.000,0.000
61650,0,-60,3,18379,0.000,0.000
61660,0,-60,3,18379,0.000,0.000
61670,0,-60,3,18379,0.000,0.000
61680,0,-60,3,18379,0.000,0.000
61690,0,-60,3,18379,0.000,0.000
61700,0,-60,3,18379,0.000,0.000
61710,0,-60,3,18379,0.000,0.000
61720,0,-60,3,18379,0.000,0.000
61730,0,-60,3,18379,0.000,0.000
61740,0,-60,3,18379,0.000,0.000
61750,0,-60,3,18379,0.000,0.000
61760,0,-60,3,18379,0.000,0.000
61770,0,-60,3,18379,0.000,0.000
61780,0,-60,3,18379,0.000,0.000
61790,0,-60,3,18379,0.000,0.000
61800,0,-60,3,18379,0.000,0.000
61810,0,-60,3,18379,0.000,0.000
61820,0,-60,3,18379,0.000,0.000
61830,0,-60,3,18379,0.000,0.000
61840,0,-60,3,18379,0.000,0.000
61850,0,-60,3,18379,0.000,0.000
61860,0,-60,3,18379,0.000,0.000
61870,0,-60,3,18379,0.000,0.000
61880,0,-60,3,18379,0.000,0.000
61890,0,-60,3,18379,0.000,0.000
61900,0,-60,3,18379,0.000,0.000
61910,0,-60,3,18379,0.000,0.000
61920,0,-60,3,18379,0.000,0.000
61930,0,-60,3,18379,0.000,0.000
61940,0,-60,3,18379,0.000,0.000
61950,0,-60,3,18379,0.000,0.000
61960,0,-60,3,18379,0.000,0.000
61970,0,-60,3,18379,0.000,0.000
61980,0,-60,3,18379,0.000,0.000
61990,0,-60,3,18379,0.000,0.000
62000,0,-60,3,18379,0.000,0.000
62010,0,0,3,18379,0.000,0.000
62020,0,0,3,18379,0.000,0.000
62030,0,0,3,18381,0.000,0.280
62040,0,0,3,18392,0.000,1.543
62050,0,0,3,18411,0.000,2.665
62060,0,0,3,18428,0.000,2.384
62070,0,0,3,18444,0.000,2.244
62080,0,0,3,18456,0.000,1.683
62090,0,0,3,18467,0.000,1.543
62100,0,0,3,18476,0.000,1.262
62110,0,0,3,18482,0.000,0.841
62120,0,0,3,18486,0.000,0.561
62130,0,0,3,18487,0.000,0.140
62140,0,0,3,18487,0.000,0.000
62150,0,0,3,18487,0.000,0.000
62160,0,0,3,18486,0.000,-0.140
62170,0,0,3,18486,0.000,0.000
62180,0,0,3,18486,0.000,0.000
62190,0,0,3,18486,0.000,0.000
62200,0,0,3,18486,0.000,0.000
62210,0,0,3,18486,0.000,0.000
62220,0,0,3,18486,0.000,0.000
62230,0,0,3,18486,0.000,0.000
62240,0,0,3,18486,0.000,0.000
62250,0,0,3,18486,0.000,0.000
62260,0,0,3,18486,0.000,0.000
62270,0,0,3,18486,0.000,0.000
62280,0,0,3,18486,0.000,0.000
62290,0,0,3,18486,0.000,0.000
62300,0,0,3,18486,0.000,0.000
62310,0,0,3,18486,0.000,0.000
62320,0,0,3,18486,0.000,0.000
62330,0,0,3,18486,0.000,0.000
62340,0,0,3,18486,0.000,0.000
62350,0,0,3,18486,0.000,0.000
62360,0,0,3,18486,0.000,0.000
62370,0,0,3,18486,0.000,0.000
62380,0,0,3,18486,0.000,0.000
62390,0,0,3,18486,0.000,0.000
62400,0,0,3,18486,0.000,0.000
62410,0,0,3,18486,0.000,0.000
62420,0,0,3,18486,0.000,0.000
62430,0,0,3,18486,0.000,0.000
62440,0,0,3,18486,0.000,0.000
62450,0,0,3,18486,0.000,0.000
62460,0,0,3,18486,0.000,0.000
62470,0,0,3,18486,0.000,0.000
62480,0,0,3,18486,0.000,0.000
62490,0,0,3,18486,0.000,0.000
62500,0,0,3,18486,0.000,0.000
62510,0,0,3,18486,0.000,0.000
62520,0,0,3,18486,0.000,0.000
62530,0,0,3,18486,0.000,0.000
62540,0,0,3,18486,0.000,0.000
62550,0,0,3,18486,0.000,0.000
62560,0,0,3,18486,0.000,0.000
62570,0,0,3,18486,0.000,0.000
62580,0,0,3,18486,0.000,0.000
62590,0,0,3,18486,0.000,0.000
62600,0,0,3,18486,0.000,0.000
62610,0,0,3,18486,0.000,0.000
62620,0,0,3,18486,0.000,0.000
62630,0,0,3,18486,0.000,0.000
62640,0,0,3,18486,0.000,0.000
62650,0,0,3,18486,0.000,0.000
62660,0,0,3,18486,0.000,0.000
62670,0,0,3,18486,0.000,0.000
62680,0,0,3,18486,0.000,0.000
62690,0,0,3,18486,0.000,0.000
62700,0,0,3,18486,0.000,0.000
62710,0,0,3,18486,0.000,0.000
62720,0,0,3,18486,0.000,0.000
62730,0,0,3,18486,0.000,0.000
62740,0,0,3,18486,0.000,0.000
62750,0,0,3,18486,0.000,0.000
62760,0,0,3,18486,0.000,0.000
62770,0,0,3,18486,0.000,0.000
62780,0,0,3,18486,0.000,0.000
62790,0,0,3,18486,0.000,0.000
62800,0,0,3,18486,0.000,0.000
62810,0,0,3,18486,0.000,0.000
62820,0,0,3,18486,0.000,0.000
62830,0,0,3,18486,0.000,0.000
62840,0,0,3,18486,0.000,0.000
62850,0,0,3,18486,0.000,0.000
62860,0,0,3,18486,0.000,0.000
62870,0,0,3,18486,0.000,0.000
62880,0,0,3,18486,0.000,0.000
62890,0,0,3,18486,0.000,0.000
62900,0,0,3,18486,0.000,0.000
62910,0,0,3,18486,0.000,0.000
62920,0,0,3,18486,0.000,0.000
62930,0,0,3,18486,0.000,0.000
62940,0,0,3,18486,0.000,0.000
62950,0,0,3,18486,0.000,0.000
62960,0,0,3,18486,0.000,0.000
62970,0,0,3,18486,0.000,0.000
62980,0,0,3,18486,0.000,0.000
62990,0,0,3,18486,0.000,0.000
63000,0,0,3,18486,0.000,0.000
63010,0,0,3,18486,0.000,0.000
63020,0,0,3,18486,0.000,0.000
63030,0,0,3,18486,0.000,0.000
63040,0,0,3,18486,0.000,0.000
63050,0,0,3,18486,0.000,0.000
63060,0,0,3,18486,0.000,0.000
63070,0,0,3,18486,0.000,0.000
63080,0,0,3,18486,0.000,0.000
63090,0,0,3,18486,0.000,0.000
63100,0,0,3,18486,0.000,0.000
63110,0,0,3,18486,0.000,0.000
63120,0,0,3,18486,0.000,0.000
63130,0,0,3,18486,0.000,0.000
63140,0,0,3,18486,0.000,0.000
63150,0,0,3,18486,0.000,0.000
63160,0,0,3,18486,0.000,0.000
63170,0,0,3,18486,0.000,0.000
63180,0,0,3,18486,0.000,0.000
63190,0,0,3,18486,0.000,0.000
63200,0,0,3,18486,0.000,0.000
63210,0,0,3,18486,0.000,0.000
63220,0,0,3,18486,0.000,0.000
63230,0,0,3,18486,0.000,0.000
63240,0,0,3,18486,0.000,0.000
63250,0,0,3,18486,0.000,0.000
63260,0,0,3,18486,0.000,0.000
63270,0,0,3,18486,0.000,0.000
63280,0,0,3,18486,0.000,0.000
63290,0,0,3,18486,0.000,0.000
63300,0,0,3,18486,0.000,0.000
63310,0,0,3,18486,0.000,0.000
63320,0,0,3,18486,0.000,0.000
63330,0,0,3,18486,0.000,0.000
63340,0,0,3,18486,0.000,0.000
63350,0,0,3,18486,0.000,0.000
63360,0,0,3,18486,0.000,0.000
63370,0,0,3,18486,0.000,0.000
63380,0,0,3,18486,0.000,0.000
63390,0,0,3,18486,0.000,0.000
63400,0,0,3,18486,0.000,0.000
63410,0,0,3,18486,0.000,0.000
63420,0,0,3,18486,0.000,0.000
63430,0,0,3,18486,0.000,0.000
63440,0,0,3,18486,0.000,0.000
63450,0,0,3,18486,0.000,0.000
63460,0,0,3,18486,0.000,0.000
63470,0,0,3,18486,0.000,0.000
63480,0,0,3,18486,0.000,0.000
63490,0,0,3,18486,0.000,0.000
63500,0,0,3,18486,0.000,0.000
63510,0,0,3,18486,0.000,0.000
63520,0,0,3,18486,0.000,0.000
63530,0,0,3,18486,0.000,0.000
63540,0,0,3,18486,0.000,0.000
63550,0,0,3,18486,0.000,0.000
63560,0,0,3,18486,0.000,0.000
63570,0,0,3,18486,0.000,0.000
63580,0,0,3,18486,0.000,0.000
63590,0,0,3,18486,0.000,0.000
63600,0,0,3,18486,0.000,0.000
63610,0,0,3,18486,0.000,0.000
63620,0,0,3,18486,0.000,0.000
63630,0,0,3,18486,0.000,0.000
63640,0,0,3,18486,0.000,0.000
63650,0,0,3,18486,0.000,0.000
63660,0,0,3,18486,0.000,0.000
63670,0,0,3,18486,0.000,0.000
63680,0,0,3,18486,0.000,0.000
63690,0,0,3,18486,0.000,0.000
63700,0,0,3,18486,0.000,0.000
63710,0,0,3,18486,0.000,0.000
63720,0,0,3,18486,0.000,0.000
63730,0,0,3,18486,0.000,0.000
63740,0,0,3,18486,0.000,0.000
63750,0,0,3,18486,0.000,0.000
63760,0,0,3,18486,0.000,0.000
63770,0,0,3,18486,0.000,0.000
63780,0,0,3,18486,0.000,0.000
63790,0,0,3,18486,0.000,0.000
63800,0,0,3,18486,0.000,0.000
63810,0,0,3,18486,0.000,0.000
63820,0,0,3,18486,0.000,0.000
63830,0,0,3,18486,0.000,0.000
63840,0,0,3,18486,0.000,0.000
63850,0,0,3,18486,0.000,0.000
63860,0,0,3,18486,0.000,0.000
63870,0,0,3,18486,0.000,0.000
63880,0,0,3,18486,0.000,0.000
63890,0,0,3,18486,0.000,0.000
63900,0,0,3,18486,0.000,0.000
63910,0,0,3,18486,0.000,0.000
63920,0,0,3,18486,0.000,0.000
63930,0,0,3,18486,0.000,0.000
63940,0,0,3,18486,0.000,0.000
63950,0,0,3,18486,0.000,0.000
63960,0,0,3,18486,0.000,0.000
63970,0,0,3,18486,0.000,0.000
63980,0,0,3,18486,0.000,0.000
63990,0,0,3,18486,0.000,0.000
64000,0,0,3,18486,0.000,0.000
64010,0,0,3,18486,0.000,0.000
64020,0,0,3,18486,0.000,0.000
64030,0,0,3,18486,0.000,0.000
64040,0,0,3,18486,0.000,0.000
64050,0,0,3,18486,0.000,0.000
64060,0,0,3,18486,0.000,0.000
64070,0,0,3,18486,0.000,0.000
64080,0,0,3,18486,0.000,0.000
64090,0,0,3,18486,0.000,0.000
64100,0,0,3,18486,0.000,0.000
64110,0,0,3,18486,0.000,0.000
64120,0,0,3,18486,0.000,0.000
64130,0,0,3,18486,0.000,0.000
64140,0,0,3,18486,0.000,0.000
64150,0,0,3,18486,0.000,0.000
64160,0,0,3,18486,0.000,0.000
64170,0,0,3,18486,0.000,0.000
64180,0,0,3,18486,0.000,0.000
64190,0,0,3,18486,0.000,0.000
64200,0,0,3,18486,0.000,0.000
64210,0,0,3,18486,0.000,0.000
64220,0,0,3,18486,0.000,0.000
64230,0,0,3,18486,0.000,0.000
64240,0,0,3,18486,0.000,0.000
64250,0,0,3,18486,0.000,0.000
64260,0,0,3,18486,0.000,0.000
64270,0,0,3,18486,0.000,0.000
64280,0,0,3,18486,0.000,0.000
64290,0,0,3,18486,0.000,0.000
64300,0,0,3,18486,0.000,0.000
64310,0,0,3,18486,0.000,0.000
64320,0,0,3,18486,0.000,0.000
64330,0,0,3,18486,0.000,0.000
64340,0,0,3,18486,0.000,0.000
64350,0,0,3,18486,0.000,0.000
64360,0,0,3,18486,0.000,0.000
64370,0,0,3,18486,0.000,0.000
64380,0,0,3,18486,0.000,0.000
64390,0,0,3,18486,0.000,0.000
64400,0,0,3,18486,0.000,0.000
64410,0,0,2,18486,-0.140,0.000
64420,0,0,2,18486,0.000,0.000
64430,0,0,1,18486,-0.140,0.000
64440,0,0,1,18486,0.000,0.000
64450,0,0,1,18486,0.000,0.000
64460,0,0,1,18486,0.000,0.000
64470,0,0,1,18486,0.000,0.000
64480,0,0,1,18486,0.000,0.000
64490,0,0,1,18486,0.000,0.000
64500,0,0,1,18486,0.000,0.000
64510,0,0,1,18486,0.000,0.000
64520,0,0,1,18486,0.000,0.000
64530,0,0,1,18486,0.000,0.000
64540,0,0,1,18486,0.000,0.000
64550,0,0,1,18486,0.000,0.000
64560,0,0,1,18486,0.000,0.000
64570,0,0,1,18486,0.000,0.000
64580,0,0,1,18486,0.000,0.000
64590,0,0,1,18486,0.000,0.000
64600,0,0,1,18486,0.000,0.000
64610,0,0,1,18486,0.000,0.000
64620,0,0,1,18486,0.000,0.000
64630,0,0,1,18486,0.000,0.000
64640,0,0,1,18486,0.000,0.000
64650,0,0,1,18486,0.000,0.000
64660,0,0,1,18486,0.000,0.000
64670,0,0,1,18486,0.000,0.000
64680,0,0,1,18486,0.000,0.000
64690,0,0,1,18486,0.000,0.000
64700,0,0,1,18486,0.000,0.000
64710,0,0,1,18486,0.000,0.000
64720,0,0,1,18486,0.000,0.000
64730,0,0,1,18486,0.000,0.000
64740,0,0,1,18486,0.000,0.000
64750,0,0,1,18486,0.000,0.000
64760,0,0,1,18486,0.000,0.000
64770,0,0,1,18486,0.000,0.000
64780,0,0,1,18486,0.000,0.000
64790,0,0,1,18486,0.000,0.000
64800,0,0,1,18486,0.000,0.000
64810,0,0,1,18486,0.000,0.000
64820,0,0,1,18486,0.000,0.000
64830,0,0,1,18486,0.000,0.000
64840,0,0,1,18486,0.000,0.000
64850,0,0,1,18486,0.000,0.000
64860,0,0,1,18486,0.000,0.000
64870,0,0,1,18486,0.000,0.000
64880,0,0,1,18486,0.000,0.000
64890,0,0,1,18486,0.000,0.000
64900,0,0,1,18486,0.000,0.000
64910,0,0,1,18486,0.000,0.000
64920,0,0,1,18486,0.000,0.000
64930,0,0,1,18486,0.000,0.000
64940,0,0,1,18486,0.000,0.000
64950,0,0,1,18486,0.000,0.000
64960,0,0,1,18486,0.000,0.000
64970,0,0,1,18486,0.000,0.000
64980,0,0,1,18486,0.000,0.000
64990,0,0,1,18486,0.000,0.000
65000,0,0,1,18486,0.000,0.000
