t_ms,cmdL,cmdR,countL,countR,thdotL,thdotR
10,0,0,0,0,0.000,0.000
20,0,0,0,0,0.000,0.000
30,0,0,0,0,0.000,0.000
40,0,0,0,0,0.000,0.000
50,0,0,0,0,0.000,0.000
60,0,0,0,0,0.000,0.000
70,0,0,0,0,0.000,0.000
80,0,0,0,0,0.000,0.000
90,0,0,0,0,0.000,0.000
100,0,0,0,0,0.000,0.000
110,0,0,0,0,0.000,0.000
120,0,0,0,0,0.000,0.000
130,0,0,0,0,0.000,0.000
140,0,0,0,0,0.000,0.000
150,0,0,0,0,0.000,0.000
160,0,0,0,0,0.000,0.000
170,0,0,0,0,0.000,0.000
180,0,0,0,0,0.000,0.000
190,0,0,0,0,0.000,0.000
200,0,0,0,0,0.000,0.000
210,0,0,0,0,0.000,0.000
220,0,0,0,0,0.000,0.000
230,0,0,0,0,0.000,0.000
240,0,0,0,0,0.000,0.000
250,0,0,0,0,0.000,0.000
260,0,0,0,0,0.000,0.000
270,0,0,0,0,0.000,0.000
280,0,0,0,0,0.000,0.000
290,0,0,0,0,0.000,0.000
300,0,0,0,0,0.000,0.000
310,0,0,0,0,0.000,0.000
320,0,0,0,0,0.000,0.000
330,0,0,0,0,0.000,0.000
340,0,0,0,0,0.000,0.000
350,0,0,0,0,0.000,0.000
360,0,0,0,0,0.000,0.000
370,0,0,0,0,0.000,0.000
380,0,0,0,0,0.000,0.000
390,0,0,0,0,0.000,0.000
400,0,0,0,0,0.000,0.000
410,0,0,0,0,0.000,0.000
420,0,0,0,0,0.000,0.000
430,0,0,0,0,0.000,0.000
440,0,0,0,0,0.000,0.000
450,0,0,0,0,0.000,0.000
460,0,0,0,0,0.000,0.000
470,0,0,0,0,0.000,0.000
480,0,0,0,0,0.000,0.000
490,0,0,0,0,0.000,0.000
500,0,0,0,0,0.000,0.000
510,0,0,0,0,0.000,0.000
520,0,0,0,0,0.000,0.000
530,0,0,0,0,0.000,0.000
540,0,0,0,0,0.000,0.000
550,0,0,0,0,0.000,0.000
560,0,0,0,0,0.000,0.000
570,0,0,0,0,0.000,0.000
580,0,0,0,0,0.000,0.000
590,0,0,0,0,0.000,0.000
600,0,0,0,0,0.000,0.000
610,0,0,0,0,0.000,0.000
620,0,0,0,0,0.000,0.000
630,0,0,0,0,0.000,0.000
640,0,0,0,0,0.000,0.000
650,0,0,0,0,0.000,0.000
660,0,0,0,0,0.000,0.000
670,0,0,0,0,0.000,0.000
680,0,0,0,0,0.000,0.000
690,0,0,0,0,0.000,0.000
700,0,0,0,0,0.000,0.000
710,0,0,0,0,0.000,0.000
720,0,0,0,0,0.000,0.000
730,0,0,0,0,0.000,0.000
740,0,0,0,0,0.000,0.000
750,0,0,0,0,0.000,0.000
760,0,0,0,0,0.000,0.000
770,0,0,0,0,0.000,0.000
780,0,0,0,0,0.000,0.000
790,0,0,0,0,0.000,0.000
800,0,0,0,0,0.000,0.000
810,0,0,0,0,0.000,0.000
820,0,0,0,0,0.000,0.000
830,0,0,0,0,0.000,0.000
840,0,0,0,0,0.000,0.000
850,0,0,0,0,0.000,0.000
860,0,0,0,0,0.000,0.000
870,0,0,0,0,0.000,0.000
880,0,0,0,0,0.000,0.000
890,0,0,0,0,0.000,0.000
900,0,0,0,0,0.000,0.000
910,0,0,0,-1,0.000,-0.140
920,0,0,0,-1,0.000,0.000
930,0,0,0,-1,0.000,0.000
940,0,0,0,-1,0.000,0.000
950,0,0,0,-2,0.000,-0.140
960,0,0,0,-2,0.000,0.000
970,0,0,-1,-2,-0.140,0.000
980,0,0,-1,-2,0.000,0.000
990,0,0,-1,-2,0.000,0.000
1000,0,0,-1,-2,0.000,0.000
1010,3,0,-1,-2,0.000,0.000
1020,3,0,-1,-2,0.000,0.000
1030,3,0,-1,-2,0.000,0.000
1040,3,0,1,-2,0.280,0.000
1050,3,0,1,-2,0.000,0.000
1060,3,0,3,-2,0.280,0.000
1070,3,0,6,-2,0.421,0.000
1080,3,0,11,-2,0.701,0.000
1090,3,0,16,-2,0.701,0.000
1100,3,0,23,-2,0.982,0.000
1110,3,0,29,-2,0.841,0.000
1120,3,0,37,-2,1.122,0.000
1130,3,0,46,-2,1.262,0.000
1140,3,0,54,-2,1.122,0.000
1150,3,0,63,-2,1.262,0.000
1160,3,0,71,-2,1.122,0.000
1170,3,0,79,-2,1.122,0.000
1180,3,0,87,-2,1.122,0.000
1190,3,0,96,-2,1.262,0.000
1200,3,0,105,-1,1.262,0.140
1210,3,0,115,1,1.402,0.280
1220,3,0,126,3,1.543,0.280
1230,3,0,136,5,1.402,0.280
1240,3,0,147,7,1.543,0.280
1250,3,0,157,8,1.402,0.140
1260,3,0,166,9,1.262,0.140
1270,3,0,176,10,1.402,0.140
1280,3,0,185,10,1.262,0.000
1290,3,0,194,10,1.262,0.000
1300,3,0,202,10,1.122,0.000
1310,3,0,211,10,1.262,0.000
1320,3,0,219,10,1.122,0.000
1330,3,0,227,10,1.122,0.000
1340,3,0,235,10,1.122,0.000
1350,3,0,244,10,1.262,0.000
1360,3,0,252,10,1.122,0.000
1370,3,0,260,10,1.122,0.000
1380,3,0,268,10,1.122,0.000
1390,3,0,277,10,1.262,0.000
1400,3,0,285,10,1.122,0.000
1410,3,0,293,10,1.122,0.000
1420,3,0,301,10,1.122,0.000
1430,3,0,309,10,1.122,0.000
1440,3,0,316,10,0.982,0.000
1450,3,0,324,10,1.122,0.000
1460,3,0,331,10,0.982,0.000
1470,3,0,339,10,1.122,0.000
1480,3,0,347,10,1.122,0.000
1490,3,0,354,10,0.982,0.000
1500,3,0,362,10,1.122,0.000
1510,3,0,370,10,1.122,0.000
1520,3,0,378,10,1.122,0.000
1530,3,0,386,10,1.122,0.000
1540,3,0,393,10,0.982,0.000
1550,3,0,401,10,1.122,0.000
1560,3,0,409,10,1.122,0.000
1570,3,0,417,10,1.122,0.000
1580,3,0,425,10,1.122,0.000
1590,3,0,433,10,1.122,0.000
1600,3,0,441,10,1.122,0.000
1610,3,0,449,10,1.122,0.000
1620,3,0,457,10,1.122,0.000
1630,3,0,464,10,0.982,0.000
1640,3,0,472,10,1.122,0.000
1650,3,0,481,10,1.262,0.000
1660,3,0,490,10,1.262,0.000
1670,3,0,499,10,1.262,0.000
1680,3,0,508,10,1.262,0.000
1690,3,0,517,10,1.262,0.000
1700,3,0,526,10,1.262,0.000
1710,3,0,534,10,1.122,0.000
1720,3,0,542,10,1.122,0.000
1730,3,0,549,10,0.982,0.000
1740,3,0,557,10,1.122,0.000
1750,3,0,565,10,1.122,0.000
1760,3,0,573,10,1.122,0.000
1770,3,0,581,10,1.122,0.000
1780,3,0,590,10,1.262,0.000
1790,3,0,599,10,1.262,0.000
1800,3,0,609,10,1.402,0.000
1810,3,0,618,10,1.262,0.000
1820,3,0,626,10,1.122,0.000
1830,3,0,635,10,1.262,0.000
1840,3,0,643,10,1.122,0.000
1850,3,0,651,10,1.122,0.000
1860,3,0,659,10,1.122,0.000
1870,3,0,666,10,0.982,0.000
1880,3,0,674,10,1.122,0.000
1890,3,0,682,10,1.122,0.000
1900,3,0,691,10,1.262,0.000
1910,3,0,700,10,1.262,0.000
1920,3,0,710,10,1.402,0.000
1930,3,0,720,10,1.402,0.000
1940,3,0,729,10,1.262,0.000
1950,3,0,738,10,1.262,0.000
1960,3,0,747,10,1.262,0.000
1970,3,0,756,10,1.262,0.000
1980,3,0,765,10,1.262,0.000
1990,3,0,773,10,1.122,0.000
2000,3,0,782,10,1.262,0.000
2010,3,0,790,10,1.122,0.000
2020,3,0,798,10,1.122,0.000
2030,3,0,807,10,1.262,0.000
2040,3,0,817,10,1.402,0.000
2050,3,0,826,10,1.262,0.000
2060,3,0,835,10,1.262,0.000
2070,3,0,845,10,1.402,0.000
2080,3,0,854,10,1.262,0.000
2090,3,0,863,10,1.262,0.000
2100,3,0,872,10,1.262,0.000
2110,3,0,880,10,1.122,0.000
2120,3,0,889,10,1.262,0.000
2130,3,0,899,10,1.402,0.000
2140,3,0,908,10,1.262,0.000
2150,3,0,917,10,1.262,0.000
2160,3,0,926,10,1.262,0.000
2170,3,0,936,10,1.402,0.000
2180,3,0,945,10,1.262,0.000
2190,3,0,955,10,1.402,0.000
2200,3,0,964,10,1.262,0.000
2210,3,0,973,10,1.262,0.000
2220,3,0,982,10,1.262,0.000
2230,3,0,991,10,1.262,0.000
2240,3,0,999,10,1.122,0.000
2250,3,0,1007,10,1.122,0.000
2260,3,0,1015,10,1.122,0.000
2270,3,0,1023,10,1.122,0.000
2280,3,0,1031,10,1.122,0.000
2290,3,0,1039,10,1.122,0.000
2300,3,0,1048,10,1.262,0.000
2310,3,0,1056,10,1.122,0.000
2320,3,0,1065,10,1.262,0.000
2330,3,0,1074,10,1.262,0.000
2340,3,0,1083,10,1.262,0.000
2350,3,0,1091,10,1.122,0.000
2360,3,0,1099,10,1.122,0.000
2370,3,0,1107,10,1.122,0.000
2380,3,0,1115,10,1.122,0.000
2390,3,0,1123,10,1.122,0.000
2400,3,0,1130,10,0.982,0.000
2410,3,0,1138,10,1.122,0.000
2420,3,0,1145,10,0.982,0.000
2430,3,0,1154,10,1.262,0.000
2440,3,0,1162,10,1.122,0.000
2450,3,0,1171,10,1.262,0.000
2460,3,0,1179,10,1.122,0.000
2470,3,0,1188,10,1.262,0.000
2480,3,0,1196,10,1.122,0.000
2490,3,0,1205,10,1.262,0.000
2500,3,0,1213,10,1.122,0.000
2510,6,0,1221,10,1.122,0.000
2520,6,0,1229,10,1.122,0.000
2530,6,0,1238,10,1.262,0.000
2540,6,0,1248,10,1.402,0.000
2550,6,0,1260,10,1.683,0.000
2560,6,0,1274,10,1.963,0.000
2570,6,0,1290,10,2.244,0.000
2580,6,0,1307,10,2.384,0.000
2590,6,0,1325,10,2.524,0.000
2600,6,0,1343,10,2.524,0.000
2610,6,0,1361,10,2.524,0.000
2620,6,0,1380,10,2.665,0.000
2630,6,0,1399,10,2.665,0.000
2640,6,0,1419,10,2.805,0.000
2650,6,0,1438,10,2.665,0.000
2660,6,0,1457,10,2.665,0.000
2670,6,0,1476,10,2.665,0.000
2680,6,0,1496,10,2.805,0.000
2690,6,0,1516,10,2.805,0.000
2700,6,0,1535,10,2.665,0.000
2710,6,0,1555,10,2.805,0.000
2720,6,0,1575,10,2.805,0.000
2730,6,0,1595,10,2.805,0.000
2740,6,0,1615,10,2.805,0.000
2750,6,0,1636,10,2.945,0.000
2760,6,0,1656,10,2.805,0.000
2770,6,0,1677,10,2.945,0.000
2780,6,0,1697,10,2.805,0.000
2790,6,0,1717,10,2.805,0.000
2800,6,0,1737,10,2.805,0.000
2810,6,0,1757,10,2.805,0.000
2820,6,0,1776,10,2.665,0.000
2830,6,0,1795,10,2.665,0.000
2840,6,0,1815,10,2.805,0.000
2850,6,0,1834,10,2.665,0.000
2860,6,0,1854,10,2.805,0.000
2870,6,0,1874,10,2.805,0.000
2880,6,0,1893,10,2.665,0.000
2890,6,0,1913,10,2.805,0.000
2900,6,0,1932,10,2.665,0.000
2910,6,0,1952,10,2.805,0.000
2920,6,0,1972,10,2.805,0.000
2930,6,0,1992,10,2.805,0.000
2940,6,0,2012,10,2.805,0.000
2950,6,0,2032,10,2.805,0.000
2960,6,0,2053,10,2.945,0.000
2970,6,0,2073,10,2.805,0.000
2980,6,0,2094,10,2.945,0.000
2990,6,0,2114,10,2.805,0.000
3000,6,0,2134,10,2.805,0.000
3010,6,0,2154,10,2.805,0.000
3020,6,0,2174,10,2.805,0.000
3030,6,0,2193,10,2.665,0.000
3040,6,0,2213,10,2.805,0.000
3050,6,0,2233,10,2.805,0.000
3060,6,0,2252,10,2.665,0.000
3070,6,0,2272,10,2.805,0.000
3080,6,0,2292,10,2.805,0.000
3090,6,0,2313,10,2.945,0.000
3100,6,0,2333,10,2.805,0.000
3110,6,0,2353,10,2.805,0.000
3120,6,0,2373,10,2.805,0.000
3130,6,0,2393,10,2.805,0.000
3140,6,0,2414,10,2.945,0.000
3150,6,0,2435,10,2.945,0.000
3160,6,0,2455,10,2.805,0.000
3170,6,0,2476,10,2.945,0.000
3180,6,0,2497,10,2.945,0.000
3190,6,0,2518,10,2.945,0.000
3200,6,0,2540,10,3.085,0.000
3210,6,0,2561,10,2.945,0.000
3220,6,0,2581,10,2.805,0.000
3230,6,0,2602,10,2.945,0.000
3240,6,0,2623,10,2.945,0.000
3250,6,0,2643,10,2.805,0.000
3260,6,0,2664,10,2.945,0.000
3270,6,0,2683,10,2.665,0.000
3280,6,0,2703,10,2.805,0.000
3290,6,0,2722,10,2.665,0.000
3300,6,0,2742,10,2.805,0.000
3310,6,0,2761,10,2.665,0.000
3320,6,0,2781,10,2.805,0.000
3330,6,0,2800,10,2.665,0.000
3340,6,0,2820,10,2.805,0.000
3350,6,0,2839,10,2.665,0.000
3360,6,0,2859,10,2.805,0.000
3370,6,0,2879,10,2.805,0.000
3380,6,0,2899,10,2.805,0.000
3390,6,0,2918,10,2.665,0.000
3400,6,0,2938,10,2.805,0.000
3410,6,0,2958,10,2.805,0.000
3420,6,0,2978,10,2.805,0.000
3430,6,0,2998,10,2.805,0.000
3440,6,0,3018,10,2.805,0.000
3450,6,0,3038,10,2.805,0.000
3460,6,0,3059,10,2.945,0.000
3470,6,0,3079,10,2.805,0.000
3480,6,0,3101,10,3.085,0.000
3490,6,0,3122,10,2.945,0.000
3500,6,0,3143,10,2.945,0.000
3510,6,0,3165,10,3.085,0.000
3520,6,0,3186,10,2.945,0.000
3530,6,0,3208,10,3.085,0.000
3540,6,0,3229,10,2.945,0.000
3550,6,0,3250,10,2.945,0.000
3560,6,0,3271,10,2.945,0.000
3570,6,0,3292,10,2.945,0.000
3580,6,0,3313,10,2.945,0.000
3590,6,0,3334,10,2.945,0.000
3600,6,0,3354,10,2.805,0.000
3610,6,0,3375,10,2.945,0.000
3620,6,0,3395,10,2.805,0.000
3630,6,0,3416,10,2.945,0.000
3640,6,0,3437,10,2.945,0.000
3650,6,0,3458,10,2.945,0.000
3660,6,0,3479,10,2.945,0.000
3670,6,0,3500,10,2.945,0.000
3680,6,0,3521,10,2.945,0.000
3690,6,0,3542,10,2.945,0.000
3700,6,0,3563,10,2.945,0.000
3710,6,0,3584,10,2.945,0.000
3720,6,0,3605,10,2.945,0.000
3730,6,0,3627,10,3.085,0.000
3740,6,0,3648,10,2.945,0.000
3750,6,0,3669,10,2.945,0.000
3760,6,0,3690,10,2.945,0.000
3770,6,0,3710,10,2.805,0.000
3780,6,0,3730,10,2.805,0.000
3790,6,0,3751,10,2.945,0.000
3800,6,0,3771,10,2.805,0.000
3810,6,0,3791,10,2.805,0.000
3820,6,0,3811,10,2.805,0.000
3830,6,0,3830,10,2.665,0.000
3840,6,0,3851,10,2.945,0.000
3850,6,0,3872,10,2.945,0.000
3860,6,0,3893,10,2.945,0.000
3870,6,0,3913,10,2.805,0.000
3880,6,0,3933,10,2.805,0.000
3890,6,0,3953,10,2.805,0.000
3900,6,0,3974,10,2.945,0.000
3910,6,0,3995,10,2.945,0.000
3920,6,0,4015,10,2.805,0.000
3930,6,0,4035,10,2.805,0.000
3940,6,0,4056,10,2.945,0.000
3950,6,0,4076,10,2.805,0.000
3960,6,0,4097,10,2.945,0.000
3970,6,0,4118,10,2.945,0.000
3980,6,0,4138,10,2.805,0.000
3990,6,0,4158,9,2.805,-0.140
4000,6,0,4179,9,2.945,0.000
4010,9,0,4200,9,2.945,0.000
4020,9,0,4220,9,2.805,0.000
4030,9,0,4241,9,2.945,0.000
4040,9,0,4263,9,3.085,0.000
4050,9,0,4286,9,3.226,0.000
4060,9,0,4311,9,3.506,0.000
4070,9,0,4338,9,3.787,0.000
4080,9,0,4366,9,3.927,0.000
4090,9,0,4395,9,4.067,0.000
4100,9,0,4425,9,4.207,0.000
4110,9,0,4456,9,4.348,0.000
4120,9,0,4486,9,4.207,0.000
4130,9,0,4518,9,4.488,0.000
4140,9,0,4549,9,4.348,0.000
4150,9,0,4581,9,4.488,0.000
4160,9,0,4612,9,4.348,0.000
4170,9,0,4644,9,4.488,0.000
4180,9,0,4677,9,4.628,0.000
4190,9,0,4709,9,4.488,0.000
4200,9,0,4741,9,4.488,0.000
4210,9,0,4773,9,4.488,0.000
4220,9,0,4806,9,4.628,0.000
4230,9,0,4838,9,4.488,0.000
4240,9,0,4871,9,4.628,0.000
4250,9,0,4903,9,4.488,0.000
4260,9,0,4935,9,4.488,0.000
4270,9,0,4967,9,4.488,0.000
4280,9,0,4999,9,4.488,0.000
4290,9,0,5031,9,4.488,0.000
4300,9,0,5063,9,4.488,0.000
4310,9,0,5095,9,4.488,0.000
4320,9,0,5127,9,4.488,0.000
4330,9,0,5158,9,4.348,0.000
4340,9,0,5190,9,4.488,0.000
4350,9,0,5222,9,4.488,0.000
4360,9,0,5254,10,4.488,0.140
4370,9,0,5287,11,4.628,0.140
4380,9,0,5320,13,4.628,0.280
4390,9,0,5354,15,4.768,0.280
4400,9,0,5386,17,4.488,0.280
4410,9,0,5419,19,4.628,0.280
4420,9,0,5453,20,4.768,0.140
4430,9,0,5485,20,4.488,0.000
4440,9,0,5517,21,4.488,0.140
4450,9,0,5550,21,4.628,0.000
4460,9,0,5582,21,4.488,0.000
4470,9,0,5614,21,4.488,0.000
4480,9,0,5646,21,4.488,0.000
4490,9,0,5679,21,4.628,0.000
4500,9,0,5711,21,4.488,0.000
4510,9,0,5743,21,4.488,0.000
4520,9,0,5775,21,4.488,0.000
4530,9,0,5807,21,4.488,0.000
4540,9,0,5839,21,4.488,0.000
4550,9,0,5871,21,4.488,0.000
4560,9,0,5904,21,4.628,0.000
4570,9,0,5936,21,4.488,0.000
4580,9,0,5967,21,4.348,0.000
4590,9,0,5999,21,4.488,0.000
4600,9,0,6032,21,4.628,0.000
4610,9,0,6063,21,4.348,0.000
4620,9,0,6096,21,4.628,0.000
4630,9,0,6128,21,4.488,0.000
4640,9,0,6160,21,4.488,0.000
4650,9,0,6193,21,4.628,0.000
4660,9,0,6225,21,4.488,0.000
4670,9,0,6257,21,4.488,0.000
4680,9,0,6290,21,4.628,0.000
4690,9,0,6322,21,4.488,0.000
4700,9,0,6355,21,4.628,0.000
4710,9,0,6386,21,4.348,0.000
4720,9,0,6418,21,4.488,0.000
4730,9,0,6450,21,4.488,0.000
4740,9,0,6482,21,4.488,0.000
4750,9,0,6513,21,4.348,0.000
4760,9,0,6544,21,4.348,0.000
4770,9,0,6576,21,4.488,0.000
4780,9,0,6607,21,4.348,0.000
4790,9,0,6638,21,4.348,0.000
4800,9,0,6669,21,4.348,0.000
4810,9,0,6700,21,4.348,0.000
4820,9,0,6732,21,4.488,0.000
4830,9,0,6763,21,4.348,0.000
4840,9,0,6795,21,4.488,0.000
4850,9,0,6827,21,4.488,0.000
4860,9,0,6859,21,4.488,0.000
4870,9,0,6892,21,4.628,0.000
4880,9,0,6924,21,4.488,0.000
4890,9,0,6956,21,4.488,0.000
4900,9,0,6989,21,4.628,0.000
4910,9,0,7021,21,4.488,0.000
4920,9,0,7053,21,4.488,0.000
4930,9,0,7086,21,4.628,0.000
4940,9,0,7118,21,4.488,0.000
4950,9,0,7151,21,4.628,0.000
4960,9,0,7183,21,4.488,0.000
4970,9,0,7216,21,4.628,0.000
4980,9,0,7248,21,4.488,0.000
4990,9,0,7281,21,4.628,0.000
5000,9,0,7313,21,4.488,0.000
5010,9,0,7347,21,4.768,0.000
5020,9,0,7379,21,4.488,0.000
5030,9,0,7412,21,4.628,0.000
5040,9,0,7445,21,4.628,0.000
5050,9,0,7477,21,4.488,0.000
5060,9,0,7509,21,4.488,0.000
5070,9,0,7541,21,4.488,0.000
5080,9,0,7574,21,4.628,0.000
5090,9,0,7606,21,4.488,0.000
5100,9,0,7639,21,4.628,0.000
5110,9,0,7671,21,4.488,0.000
5120,9,0,7705,21,4.768,0.000
5130,9,0,7737,21,4.488,0.000
5140,9,0,7770,21,4.628,0.000
5150,9,0,7803,21,4.628,0.000
5160,9,0,7835,21,4.488,0.000
5170,9,0,7867,21,4.488,0.000
5180,9,0,7899,21,4.488,0.000
5190,9,0,7932,21,4.628,0.000
5200,9,0,7964,21,4.488,0.000
5210,9,0,7997,21,4.628,0.000
5220,9,0,8030,21,4.628,0.000
5230,9,0,8063,21,4.628,0.000
5240,9,0,8095,21,4.488,0.000
5250,9,0,8127,21,4.488,0.000
5260,9,0,8160,21,4.628,0.000
5270,9,0,8191,21,4.348,0.000
5280,9,0,8223,21,4.488,0.000
5290,9,0,8256,21,4.628,0.000
5300,9,0,8288,21,4.488,0.000
5310,9,0,8319,21,4.348,0.000
5320,9,0,8352,21,4.628,0.000
5330,9,0,8384,21,4.488,0.000
5340,9,0,8415,21,4.348,0.000
5350,9,0,8447,21,4.488,0.000
5360,9,0,8479,21,4.488,0.000
5370,9,0,8511,21,4.488,0.000
5380,9,0,8543,21,4.488,0.000
5390,9,0,8575,21,4.488,0.000
5400,9,0,8608,21,4.628,0.000
5410,9,0,8640,21,4.488,0.000
5420,9,0,8672,21,4.488,0.000
5430,9,0,8705,21,4.628,0.000
5440,9,0,8737,21,4.488,0.000
5450,9,0,8770,21,4.628,0.000
5460,9,0,8803,21,4.628,0.000
5470,9,0,8835,21,4.488,0.000
5480,9,0,8867,21,4.488,0.000
5490,9,0,8899,21,4.488,0.000
5500,9,0,8931,21,4.488,0.000
5510,12,0,8963,21,4.488,0.000
5520,12,0,8995,21,4.488,0.000
5530,12,0,9027,21,4.488,0.000
5540,12,0,9061,21,4.768,0.000
5550,12,0,9095,21,4.768,0.000
5560,12,0,9131,21,5.049,0.000
5570,12,0,9169,21,5.329,0.000
5580,12,0,9207,21,5.329,0.000
5590,12,0,9247,21,5.610,0.000
5600,12,0,9287,21,5.610,0.000
5610,12,0,9328,21,5.750,0.000
5620,12,0,9370,21,5.890,0.000
5630,12,0,9411,21,5.750,0.000
5640,12,0,9453,21,5.890,0.000
5650,12,0,9496,21,6.031,0.000
5660,12,0,9538,21,5.890,0.000
5670,12,0,9580,21,5.890,0.000
5680,12,0,9623,21,6.031,0.000
5690,12,0,9665,21,5.890,0.000
5700,12,0,9708,21,6.031,0.000
5710,12,0,9751,21,6.031,0.000
5720,12,0,9793,21,5.890,0.000
5730,12,0,9836,21,6.031,0.000
5740,12,0,9878,21,5.890,0.000
5750,12,0,9920,21,5.890,0.000
5760,12,0,9963,21,6.031,0.000
5770,12,0,10005,21,5.890,0.000
5780,12,0,10047,21,5.890,0.000
5790,12,0,10090,21,6.031,0.000
5800,12,0,10132,21,5.890,0.000
5810,12,0,10175,21,6.031,0.000
5820,12,0,10218,21,6.031,0.000
5830,12,0,10260,21,5.890,0.000
5840,12,0,10303,21,6.031,0.000
5850,12,0,10346,21,6.031,0.000
5860,12,0,10389,21,6.031,0.000
5870,12,0,10431,21,5.890,0.000
5880,12,0,10474,21,6.031,0.000
5890,12,0,10517,21,6.031,0.000
5900,12,0,10559,21,5.890,0.000
5910,12,0,10601,21,5.890,0.000
5920,12,0,10644,21,6.031,0.000
5930,12,0,10686,21,5.890,0.000
5940,12,0,10729,21,6.031,0.000
5950,12,0,10771,21,5.890,0.000
5960,12,0,10814,21,6.031,0.000
5970,12,0,10857,21,6.031,0.000
5980,12,0,10899,21,5.890,0.000
5990,12,0,10942,21,6.031,0.000
6000,12,0,10986,21,6.171,0.000
6010,12,0,11028,21,5.890,0.000
6020,12,0,11071,21,6.031,0.000
6030,12,0,11114,21,6.031,0.000
6040,12,0,11157,21,6.031,0.000
6050,12,0,11200,21,6.031,0.000
6060,12,0,11243,21,6.031,0.000
6070,12,0,11286,21,6.031,0.000
6080,12,0,11329,21,6.031,0.000
6090,12,0,11372,21,6.031,0.000
6100,12,0,11415,21,6.031,0.000
6110,12,0,11458,20,6.031,-0.140
6120,12,0,11500,20,5.890,0.000
6130,12,0,11543,20,6.031,0.000
6140,12,0,11586,20,6.031,0.000
6150,12,0,11629,20,6.031,0.000
6160,12,0,11671,20,5.890,0.000
6170,12,0,11714,20,6.031,0.000
6180,12,0,11757,20,6.031,0.000
6190,12,0,11800,20,6.031,0.000
6200,12,0,11843,20,6.031,0.000
6210,12,0,11886,20,6.031,0.000
6220,12,0,11929,20,6.031,0.000
6230,12,0,11972,20,6.031,0.000
6240,12,0,12015,20,6.031,0.000
6250,12,0,12059,20,6.171,0.000
6260,12,0,12102,20,6.031,0.000
6270,12,0,12145,20,6.031,0.000
6280,12,0,12189,20,6.171,0.000
6290,12,0,12233,20,6.171,0.000
6300,12,0,12277,20,6.171,0.000
6310,12,0,12321,20,6.171,0.000
6320,12,0,12365,20,6.171,0.000
6330,12,0,12409,20,6.171,0.000
6340,12,0,12453,20,6.171,0.000
6350,12,0,12496,20,6.031,0.000
6360,12,0,12541,20,6.311,0.000
6370,12,0,12585,20,6.171,0.000
6380,12,0,12628,20,6.031,0.000
6390,12,0,12672,20,6.171,0.000
6400,12,0,12716,20,6.171,0.000
6410,12,0,12760,20,6.171,0.000
6420,12,0,12804,20,6.171,0.000
6430,12,0,12848,20,6.171,0.000
6440,12,0,12893,20,6.311,0.000
6450,12,0,12936,20,6.031,0.000
6460,12,0,12981,20,6.311,0.000
6470,12,0,13025,20,6.171,0.000
6480,12,0,13069,20,6.171,0.000
6490,12,0,13113,20,6.171,0.000
6500,12,0,13157,20,6.171,0.000
6510,12,0,13201,20,6.171,0.000
6520,12,0,13245,20,6.171,0.000
6530,12,0,13289,20,6.171,0.000
6540,12,0,13333,20,6.171,0.000
6550,12,0,13376,20,6.031,0.000
6560,12,0,13419,20,6.031,0.000
6570,12,0,13463,20,6.171,0.000
6580,12,0,13506,20,6.031,0.000
6590,12,0,13551,20,6.311,0.000
6600,12,0,13594,20,6.031,0.000
6610,12,0,13637,20,6.031,0.000
6620,12,0,13681,20,6.171,0.000
6630,12,0,13724,20,6.031,0.000
6640,12,0,13768,20,6.171,0.000
6650,12,0,13812,20,6.171,0.000
6660,12,0,13856,20,6.171,0.000
6670,12,0,13899,20,6.031,0.000
6680,12,0,13942,20,6.031,0.000
6690,12,0,13985,20,6.031,0.000
6700,12,0,14028,20,6.031,0.000
6710,12,0,14071,20,6.031,0.000
6720,12,0,14114,20,6.031,0.000
6730,12,0,14157,20,6.031,0.000
6740,12,0,14200,20,6.031,0.000
6750,12,0,14243,20,6.031,0.000
6760,12,0,14285,20,5.890,0.000
6770,12,0,14329,20,6.171,0.000
6780,12,0,14371,20,5.890,0.000
6790,12,0,14415,20,6.171,0.000
6800,12,0,14458,20,6.031,0.000
6810,12,0,14500,20,5.890,0.000
6820,12,0,14543,20,6.031,0.000
6830,12,0,14585,20,5.890,0.000
6840,12,0,14627,20,5.890,0.000
6850,12,0,14670,20,6.031,0.000
6860,12,0,14711,20,5.750,0.000
6870,12,0,14753,20,5.890,0.000
6880,12,0,14795,20,5.890,0.000
6890,12,0,14837,20,5.890,0.000
6900,12,0,14879,20,5.890,0.000
6910,12,0,14920,20,5.750,0.000
6920,12,0,14961,20,5.750,0.000
6930,12,0,15003,20,5.890,0.000
6940,12,0,15044,20,5.750,0.000
6950,12,0,15086,20,5.890,0.000
6960,12,0,15128,20,5.890,0.000
6970,12,0,15169,20,5.750,0.000
6980,12,0,15211,20,5.890,0.000
6990,12,0,15253,20,5.890,0.000
7000,12,0,15295,20,5.890,0.000
7010,0,0,15338,20,6.031,0.000
7020,0,0,15380,20,5.890,0.000
7030,0,0,15422,20,5.890,0.000
7040,0,0,15460,20,5.329,0.000
7050,0,0,15493,20,4.628,0.000
7060,0,0,15518,20,3.506,0.000
7070,0,0,15536,20,2.524,0.000
7080,0,0,15549,20,1.823,0.000
7090,0,0,15558,20,1.262,0.000
7100,0,0,15562,20,0.561,0.000
7110,0,0,15565,20,0.421,0.000
7120,0,0,15566,20,0.140,0.000
7130,0,0,15566,20,0.000,0.000
7140,0,0,15566,20,0.000,0.000
7150,0,0,15566,20,0.000,0.000
7160,0,0,15566,20,0.000,0.000
7170,0,0,15566,20,0.000,0.000
7180,0,0,15566,20,0.000,0.000
7190,0,0,15566,21,0.000,0.140
7200,0,0,15566,22,0.000,0.140
7210,0,0,15566,22,0.000,0.000
7220,0,0,15566,23,0.000,0.140
7230,0,0,15566,23,0.000,0.000
7240,0,0,15566,23,0.000,0.000
7250,0,0,15566,23,0.000,0.000
7260,0,0,15566,23,0.000,0.000
7270,0,0,15566,23,0.000,0.000
7280,0,0,15566,23,0.000,0.000
7290,0,0,15566,23,0.000,0.000
7300,0,0,15566,23,0.000,0.000
7310,0,0,15566,23,0.000,0.000
7320,0,0,15566,23,0.000,0.000
7330,0,0,15566,23,0.000,0.000
7340,0,0,15566,23,0.000,0.000
7350,0,0,15566,23,0.000,0.000
7360,0,0,15566,23,0.000,0.000
7370,0,0,15566,23,0.000,0.000
7380,0,0,15566,23,0.000,0.000
7390,0,0,15566,23,0.000,0.000
7400,0,0,15566,23,0.000,0.000
7410,0,0,15566,23,0.000,0.000
7420,0,0,15566,23,0.000,0.000
7430,0,0,15566,23,0.000,0.000
7440,0,0,15566,23,0.000,0.000
7450,0,0,15566,23,0.000,0.000
7460,0,0,15566,23,0.000,0.000
7470,0,0,15566,23,0.000,0.000
7480,0,0,15566,23,0.000,0.000
7490,0,0,15566,23,0.000,0.000
7500,0,0,15566,23,0.000,0.000
7510,0,0,15566,23,0.000,0.000
7520,0,0,15566,23,0.000,0.000
7530,0,0,15566,23,0.000,0.000
7540,0,0,15566,23,0.000,0.000
7550,0,0,15566,23,0.000,0.000
7560,0,0,15566,23,0.000,0.000
7570,0,0,15566,23,0.000,0.000
7580,0,0,15566,23,0.000,0.000
7590,0,0,15566,23,0.000,0.000
7600,0,0,15566,23,0.000,0.000
7610,0,0,15566,23,0.000,0.000
7620,0,0,15566,23,0.000,0.000
7630,0,0,15566,23,0.000,0.000
7640,0,0,15566,23,0.000,0.000
7650,0,0,15566,23,0.000,0.000
7660,0,0,15566,23,0.000,0.000
7670,0,0,15566,23,0.000,0.000
7680,0,0,15566,23,0.000,0.000
7690,0,0,15566,23,0.000,0.000
7700,0,0,15566,23,0.000,0.000
7710,0,0,15566,23,0.000,0.000
7720,0,0,15566,23,0.000,0.000
7730,0,0,15566,23,0.000,0.000
7740,0,0,15566,23,0.000,0.000
7750,0,0,15566,23,0.000,0.000
7760,0,0,15566,23,0.000,0.000
7770,0,0,15566,23,0.000,0.000
7780,0,0,15566,23,0.000,0.000
7790,0,0,15566,23,0.000,0.000
7800,0,0,15566,23,0.000,0.000
7810,0,0,15566,23,0.000,0.000
7820,0,0,15566,23,0.000,0.000
7830,0,0,15566,23,0.000,0.000
7840,0,0,15566,23,0.000,0.000
7850,0,0,15566,23,0.000,0.000
7860,0,0,15566,23,0.000,0.000
7870,0,0,15566,23,0.000,0.000
7880,0,0,15566,23,0.000,0.000
7890,0,0,15566,23,0.000,0.000
7900,0,0,15566,23,0.000,0.000
7910,0,0,15566,23,0.000,0.000
7920,0,0,15566,23,0.000,0.000
7930,0,0,15566,23,0.000,0.000
7940,0,0,15566,23,0.000,0.000
7950,0,0,15566,23,0.000,0.000
7960,0,0,15566,23,0.000,0.000
7970,0,0,15566,23,0.000,0.000
7980,0,0,15566,23,0.000,0.000
7990,0,0,15566,23,0.000,0.000
8000,0,0,15566,23,0.000,0.000
8010,0,0,15566,23,0.000,0.000
8020,0,0,15566,23,0.000,0.000
8030,0,0,15566,23,0.000,0.000
8040,0,0,15566,23,0.000,0.000
8050,0,0,15566,23,0.000,0.000
8060,0,0,15566,23,0.000,0.000
8070,0,0,15566,23,0.000,0.000
8080,0,0,15566,23,0.000,0.000
8090,0,0,15566,23,0.000,0.000
8100,0,0,15566,23,0.000,0.000
8110,0,0,15566,23,0.000,0.000
8120,0,0,15566,23,0.000,0.000
8130,0,0,15566,23,0.000,0.000
8140,0,0,15566,23,0.000,0.000
8150,0,0,15566,23,0.000,0.000
8160,0,0,15566,23,0.000,0.000
8170,0,0,15566,23,0.000,0.000
8180,0,0,15566,23,0.000,0.000
8190,0,0,15566,23,0.000,0.000
8200,0,0,15566,23,0.000,0.000
8210,0,0,15566,23,0.000,0.000
8220,0,0,15566,23,0.000,0.000
8230,0,0,15566,23,0.000,0.000
8240,0,0,15566,23,0.000,0.000
8250,0,0,15566,23,0.000,0.000
8260,0,0,15566,23,0.000,0.000
8270,0,0,15566,23,0.000,0.000
8280,0,0,15566,23,0.000,0.000
8290,0,0,15566,23,0.000,0.000
8300,0,0,15566,23,0.000,0.000
8310,0,0,15566,23,0.000,0.000
8320,0,0,15566,23,0.000,0.000
8330,0,0,15566,23,0.000,0.000
8340,0,0,15566,23,0.000,0.000
8350,0,0,15566,23,0.000,0.000
8360,0,0,15566,23,0.000,0.000
8370,0,0,15566,23,0.000,0.000
8380,0,0,15566,23,0.000,0.000
8390,0,0,15566,23,0.000,0.000
8400,0,0,15566,23,0.000,0.000
8410,0,0,15566,23,0.000,0.000
8420,0,0,15566,23,0.000,0.000
8430,0,0,15566,23,0.000,0.000
8440,0,0,15566,23,0.000,0.000
8450,0,0,15566,23,0.000,0.000
8460,0,0,15566,23,0.000,0.000
8470,0,0,15566,23,0.000,0.000
8480,0,0,15566,23,0.000,0.000
8490,0,0,15566,23,0.000,0.000
8500,0,0,15567,23,0.140,0.000
8510,0,0,15567,25,0.000,0.280
8520,0,0,15567,27,0.000,0.280
8530,0,0,15567,29,0.000,0.280
8540,0,0,15567,30,0.000,0.140
8550,0,0,15567,30,0.000,0.000
8560,0,0,15567,30,0.000,0.000
8570,0,0,15567,30,0.000,0.000
8580,0,0,15567,30,0.000,0.000
8590,0,0,15567,30,0.000,0.000
8600,0,0,15567,30,0.000,0.000
8610,0,0,15567,30,0.000,0.000
8620,0,0,15567,30,0.000,0.000
8630,0,0,15567,30,0.000,0.000
8640,0,0,15567,30,0.000,0.000
8650,0,0,15567,30,0.000,0.000
8660,0,0,15567,30,0.000,0.000
8670,0,0,15567,30,0.000,0.000
8680,0,0,15567,30,0.000,0.000
8690,0,0,15567,30,0.000,0.000
8700,0,0,15567,30,0.000,0.000
8710,0,0,15567,30,0.000,0.000
8720,0,0,15567,30,0.000,0.000
8730,0,0,15567,30,0.000,0.000
8740,0,0,15567,30,0.000,0.000
8750,0,0,15567,30,0.000,0.000
8760,0,0,15567,30,0.000,0.000
8770,0,0,15567,30,0.000,0.000
8780,0,0,15567,30,0.000,0.000
8790,0,0,15567,30,0.000,0.000
8800,0,0,15567,30,0.000,0.000
8810,0,0,15567,30,0.000,0.000
8820,0,0,15567,30,0.000,0.000
8830,0,0,15567,30,0.000,0.000
8840,0,0,15567,30,0.000,0.000
8850,0,0,15567,30,0.000,0.000
8860,0,0,15567,30,0.000,0.000
8870,0,0,15567,30,0.000,0.000
8880,0,0,15567,30,0.000,0.000
8890,0,0,15567,30,0.000,0.000
8900,0,0,15567,30,0.000,0.000
8910,0,0,15567,30,0.000,0.000
8920,0,0,15567,30,0.000,0.000
8930,0,0,15567,30,0.000,0.000
8940,0,0,15567,30,0.000,0.000
8950,0,0,15567,30,0.000,0.000
8960,0,0,15567,30,0.000,0.000
8970,0,0,15567,30,0.000,0.000
8980,0,0,15567,30,0.000,0.000
8990,0,0,15567,30,0.000,0.000
9000,0,0,15567,30,0.000,0.000
9010,20,0,15567,30,0.000,0.000
9020,20,0,15567,30,0.000,0.000
9030,20,0,15568,30,0.140,0.000
9040,20,0,15574,30,0.841,0.000
9050,20,0,15587,30,1.823,0.000
9060,20,0,15611,30,3.366,0.000
9070,20,0,15640,30,4.067,0.000
9080,20,0,15675,30,4.909,0.000
9090,20,0,15713,30,5.329,0.000
9100,20,0,15759,30,6.451,0.000
9110,20,0,15809,30,7.012,0.000
9120,20,0,15865,30,7.854,0.000
9130,20,0,15925,30,8.415,0.000
9140,20,0,15986,30,8.555,0.000
9150,20,0,16051,30,9.116,0.000
9160,20,0,16117,30,9.256,0.000
9170,20,0,16185,30,9.537,0.000
9180,20,0,16254,30,9.677,0.000
9190,20,0,16323,30,9.677,0.000
9200,20,0,16394,30,9.958,0.000
9210,20,0,16465,30,9.958,0.000
9220,20,0,16536,30,9.958,0.000
9230,20,0,16608,30,10.098,0.000
9240,20,0,16680,30,10.098,0.000
9250,20,0,16753,30,10.238,0.000
9260,20,0,16827,30,10.378,0.000
9270,20,0,16900,30,10.238,0.000
9280,20,0,16974,30,10.378,0.000
9290,20,0,17047,30,10.238,0.000
9300,20,0,17121,30,10.378,0.000
9310,20,0,17195,30,10.378,0.000
9320,20,0,17269,30,10.378,0.000
9330,20,0,17342,30,10.238,0.000
9340,20,0,17417,30,10.519,0.000
9350,20,0,17491,30,10.378,0.000
9360,20,0,17565,30,10.378,0.000
9370,20,0,17639,30,10.378,0.000
9380,20,0,17714,30,10.519,0.000
9390,20,0,17788,30,10.378,0.000
9400,20,0,17862,30,10.378,0.000
9410,20,0,17936,30,10.378,0.000
9420,20,0,18009,30,10.238,0.000
9430,20,0,18083,30,10.378,0.000
9440,20,0,18156,30,10.238,0.000
9450,20,0,18230,30,10.378,0.000
9460,20,0,18303,30,10.238,0.000
9470,20,0,18377,30,10.378,0.000
9480,20,0,18450,30,10.238,0.000
9490,20,0,18523,30,10.238,0.000
9500,20,0,18597,30,10.378,0.000
9510,20,0,18670,30,10.238,0.000
9520,20,0,18743,30,10.238,0.000
9530,20,0,18816,30,10.238,0.000
9540,20,0,18889,30,10.238,0.000
9550,20,0,18962,30,10.238,0.000
9560,20,0,19035,30,10.238,0.000
9570,20,0,19108,30,10.238,0.000
9580,20,0,19181,30,10.238,0.000
9590,20,0,19255,30,10.378,0.000
9600,20,0,19328,30,10.238,0.000
9610,20,0,19401,30,10.238,0.000
9620,20,0,19474,30,10.238,0.000
9630,20,0,19548,30,10.378,0.000
9640,20,0,19621,30,10.238,0.000
9650,20,0,19694,30,10.238,0.000
9660,20,0,19767,30,10.238,0.000
9670,20,0,19840,30,10.238,0.000
9680,20,0,19913,30,10.238,0.000
9690,20,0,19987,30,10.378,0.000
9700,20,0,20060,30,10.238,0.000
9710,20,0,20132,30,10.098,0.000
9720,20,0,20205,30,10.238,0.000
9730,20,0,20278,30,10.238,0.000
9740,20,0,20351,30,10.238,0.000
9750,20,0,20423,30,10.098,0.000
9760,20,0,20496,30,10.238,0.000
9770,20,0,20569,30,10.238,0.000
9780,20,0,20642,30,10.238,0.000
9790,20,0,20714,30,10.098,0.000
9800,20,0,20787,30,10.238,0.000
9810,20,0,20860,30,10.238,0.000
9820,20,0,20933,30,10.238,0.000
9830,20,0,21006,30,10.238,0.000
9840,20,0,21079,30,10.238,0.000
9850,20,0,21152,30,10.238,0.000
9860,20,0,21226,30,10.378,0.000
9870,20,0,21299,30,10.238,0.000
9880,20,0,21372,30,10.238,0.000
9890,20,0,21445,30,10.238,0.000
9900,20,0,21519,30,10.378,0.000
9910,20,0,21592,30,10.238,0.000
9920,20,0,21666,30,10.378,0.000
9930,20,0,21740,30,10.378,0.000
9940,20,0,21814,30,10.378,0.000
9950,20,0,21889,30,10.519,0.000
9960,20,0,21964,30,10.519,0.000
9970,20,0,22039,30,10.519,0.000
9980,20,0,22114,30,10.519,0.000
9990,20,0,22189,30,10.519,0.000
10000,20,0,22263,30,10.378,0.000
10010,20,0,22338,30,10.519,0.000
10020,20,0,22413,30,10.519,0.000
10030,20,0,22487,30,10.378,0.000
10040,20,0,22562,30,10.519,0.000
10050,20,0,22636,30,10.378,0.000
10060,20,0,22710,30,10.378,0.000
10070,20,0,22784,30,10.378,0.000
10080,20,0,22858,30,10.378,0.000
10090,20,0,22932,30,10.378,0.000
10100,20,0,23006,30,10.378,0.000
10110,20,0,23080,30,10.378,0.000
10120,20,0,23154,30,10.378,0.000
10130,20,0,23228,30,10.378,0.000
10140,20,0,23301,30,10.238,0.000
10150,20,0,23375,30,10.378,0.000
10160,20,0,23448,30,10.238,0.000
10170,20,0,23521,30,10.238,0.000
10180,20,0,23595,30,10.378,0.000
10190,20,0,23668,30,10.238,0.000
10200,20,0,23741,30,10.238,0.000
10210,20,0,23815,30,10.378,0.000
10220,20,0,23887,30,10.098,0.000
10230,20,0,23960,30,10.238,0.000
10240,20,0,24033,30,10.238,0.000
10250,20,0,24106,30,10.238,0.000
10260,20,0,24179,30,10.238,0.000
10270,20,0,24252,30,10.238,0.000
10280,20,0,24325,30,10.238,0.000
10290,20,0,24398,30,10.238,0.000
10300,20,0,24471,30,10.238,0.000
10310,20,0,24543,30,10.098,0.000
10320,20,0,24616,30,10.238,0.000
10330,20,0,24689,30,10.238,0.000
10340,20,0,24761,30,10.098,0.000
10350,20,0,24834,30,10.238,0.000
10360,20,0,24907,30,10.238,0.000
10370,20,0,24980,30,10.238,0.000
10380,20,0,25053,30,10.238,0.000
10390,20,0,25126,30,10.238,0.000
10400,20,0,25199,30,10.238,0.000
10410,20,0,25273,30,10.378,0.000
10420,20,0,25346,30,10.238,0.000
10430,20,0,25419,30,10.238,0.000
10440,20,0,25492,30,10.238,0.000
10450,20,0,25566,30,10.378,0.000
10460,20,0,25640,30,10.378,0.000
10470,20,0,25714,31,10.378,0.140
10480,20,0,25789,31,10.519,0.000
10490,20,0,25865,32,10.659,0.140
10500,20,0,25941,33,10.659,0.140
10510,20,0,26018,34,10.799,0.140
10520,20,0,26094,34,10.659,0.000
10530,20,0,26170,35,10.659,0.140
10540,20,0,26245,35,10.519,0.000
10550,20,0,26321,35,10.659,0.000
10560,20,0,26396,35,10.519,0.000
10570,20,0,26471,35,10.519,0.000
10580,20,0,26546,35,10.519,0.000
10590,20,0,26621,35,10.519,0.000
10600,20,0,26695,35,10.378,0.000
10610,20,0,26769,35,10.378,0.000
10620,20,0,26843,35,10.378,0.000
10630,20,0,26917,35,10.378,0.000
10640,20,0,26990,35,10.238,0.000
10650,20,0,27064,35,10.378,0.000
10660,20,0,27137,35,10.238,0.000
10670,20,0,27211,35,10.378,0.000
10680,20,0,27284,35,10.238,0.000
10690,20,0,27358,35,10.378,0.000
10700,20,0,27431,36,10.238,0.140
10710,20,0,27504,36,10.238,0.000
10720,20,0,27577,36,10.238,0.000
10730,20,0,27650,37,10.238,0.140
10740,20,0,27723,37,10.238,0.000
10750,20,0,27796,37,10.238,0.000
10760,20,0,27869,37,10.238,0.000
10770,20,0,27941,37,10.098,0.000
10780,20,0,28014,37,10.238,0.000
10790,20,0,28087,38,10.238,0.140
10800,20,0,28159,38,10.098,0.000
10810,20,0,28232,38,10.238,0.000
10820,20,0,28305,38,10.238,0.000
10830,20,0,28377,38,10.098,0.000
10840,20,0,28449,38,10.098,0.000
10850,20,0,28521,38,10.098,0.000
10860,20,0,28593,38,10.098,0.000
10870,20,0,28664,38,9.958,0.000
10880,20,0,28736,38,10.098,0.000
10890,20,0,28808,38,10.098,0.000
10900,20,0,28880,38,10.098,0.000
10910,20,0,28952,38,10.098,0.000
10920,20,0,29024,38,10.098,0.000
10930,20,0,29096,38,10.098,0.000
10940,20,0,29168,38,10.098,0.000
10950,20,0,29240,38,10.098,0.000
10960,20,0,29312,38,10.098,0.000
10970,20,0,29384,38,10.098,0.000
10980,20,0,29456,38,10.098,0.000
10990,20,0,29528,38,10.098,0.000
11000,20,0,29601,38,10.238,0.000
11010,20,0,29673,38,10.098,0.000
11020,20,0,29745,38,10.098,0.000
11030,20,0,29817,38,10.098,0.000
11040,20,0,29890,38,10.238,0.000
11050,20,0,29962,38,10.098,0.000
11060,20,0,30034,38,10.098,0.000
11070,20,0,30107,38,10.238,0.000
11080,20,0,30179,38,10.098,0.000
11090,20,0,30252,38,10.238,0.000
11100,20,0,30325,38,10.238,0.000
11110,20,0,30398,38,10.238,0.000
11120,20,0,30470,38,10.098,0.000
11130,20,0,30543,38,10.238,0.000
11140,20,0,30615,38,10.098,0.000
11150,20,0,30688,38,10.238,0.000
11160,20,0,30761,38,10.238,0.000
11170,20,0,30834,38,10.238,0.000
11180,20,0,30907,38,10.238,0.000
11190,20,0,30981,38,10.378,0.000
11200,20,0,31054,38,10.238,0.000
11210,20,0,31128,38,10.378,0.000
11220,20,0,31201,38,10.238,0.000
11230,20,0,31275,38,10.378,0.000
11240,20,0,31348,39,10.238,0.140
11250,20,0,31422,39,10.378,0.000
11260,20,0,31497,39,10.519,0.000
11270,20,0,31571,39,10.378,0.000
11280,20,0,31645,39,10.378,0.000
11290,20,0,31719,39,10.378,0.000
11300,20,0,31793,39,10.378,0.000
11310,20,0,31866,39,10.238,0.000
11320,20,0,31939,39,10.238,0.000
11330,20,0,32013,39,10.378,0.000
11340,20,0,32085,39,10.098,0.000
11350,20,0,32159,39,10.378,0.000
11360,20,0,32231,39,10.098,0.000
11370,20,0,32304,39,10.238,0.000
11380,20,0,32377,39,10.238,0.000
11390,20,0,32450,39,10.238,0.000
11400,20,0,32523,39,10.238,0.000
11410,20,0,32596,39,10.238,0.000
11420,20,0,32669,39,10.238,0.000
11430,20,0,32742,39,10.238,0.000
11440,20,0,32815,39,10.238,0.000
11450,20,0,32887,39,10.098,0.000
11460,20,0,32961,39,10.378,0.000
11470,20,0,33034,39,10.238,0.000
11480,20,0,33107,39,10.238,0.000
11490,20,0,33179,39,10.098,0.000
11500,20,0,33252,39,10.238,0.000
11510,20,0,33325,39,10.238,0.000
11520,20,0,33398,39,10.238,0.000
11530,20,0,33472,39,10.378,0.000
11540,20,0,33545,39,10.238,0.000
11550,20,0,33619,39,10.378,0.000
11560,20,0,33692,39,10.238,0.000
11570,20,0,33766,39,10.378,0.000
11580,20,0,33839,39,10.238,0.000
11590,20,0,33912,39,10.238,0.000
11600,20,0,33985,39,10.238,0.000
11610,20,0,34058,39,10.238,0.000
11620,20,0,34130,39,10.098,0.000
11630,20,0,34203,39,10.238,0.000
11640,20,0,34276,39,10.238,0.000
11650,20,0,34349,39,10.238,0.000
11660,20,0,34422,39,10.238,0.000
11670,20,0,34495,39,10.238,0.000
11680,20,0,34568,39,10.238,0.000
11690,20,0,34641,39,10.238,0.000
11700,20,0,34715,39,10.378,0.000
11710,20,0,34788,39,10.238,0.000
11720,20,0,34862,39,10.378,0.000
11730,20,0,34935,39,10.238,0.000
11740,20,0,35009,39,10.378,0.000
11750,20,0,35082,39,10.238,0.000
11760,20,0,35156,39,10.378,0.000
11770,20,0,35230,39,10.378,0.000
11780,20,0,35304,39,10.378,0.000
11790,20,0,35379,39,10.519,0.000
11800,20,0,35453,39,10.378,0.000
11810,20,0,35528,39,10.519,0.000
11820,20,0,35602,39,10.378,0.000
11830,20,0,35676,39,10.378,0.000
11840,20,0,35750,39,10.378,0.000
11850,20,0,35824,39,10.378,0.000
11860,20,0,35898,39,10.378,0.000
11870,20,0,35972,39,10.378,0.000
11880,20,0,36046,39,10.378,0.000
11890,20,0,36120,39,10.378,0.000
11900,20,0,36194,39,10.378,0.000
11910,20,0,36268,39,10.378,0.000
11920,20,0,36342,39,10.378,0.000
11930,20,0,36417,39,10.519,0.000
11940,20,0,36491,39,10.378,0.000
11950,20,0,36565,39,10.378,0.000
11960,20,0,36639,39,10.378,0.000
11970,20,0,36713,39,10.378,0.000
11980,20,0,36787,39,10.378,0.000
11990,20,0,36860,39,10.238,0.000
12000,20,0,36933,39,10.238,0.000
12010,0,0,37006,39,10.238,0.000
12020,0,0,37079,39,10.238,0.000
12030,0,0,37151,39,10.098,0.000
12040,0,0,37218,39,9.397,0.000
12050,0,0,37278,39,8.415,0.000
12060,0,0,37327,39,6.872,0.000
12070,0,0,37364,39,5.189,0.000
12080,0,0,37392,39,3.927,0.000
12090,0,0,37412,39,2.805,0.000
12100,0,0,37427,39,2.104,0.000
12110,0,0,37437,39,1.402,0.000
12120,0,0,37443,39,0.841,0.000
12130,0,0,37448,39,0.701,0.000
12140,0,0,37451,39,0.421,0.000
12150,0,0,37452,39,0.140,0.000
12160,0,0,37452,39,0.000,0.000
12170,0,0,37452,39,0.000,0.000
12180,0,0,37452,39,0.000,0.000
12190,0,0,37452,39,0.000,0.000
12200,0,0,37452,39,0.000,0.000
12210,0,0,37452,39,0.000,0.000
12220,0,0,37452,39,0.000,0.000
12230,0,0,37452,39,0.000,0.000
12240,0,0,37452,39,0.000,0.000
12250,0,0,37452,39,0.000,0.000
12260,0,0,37452,39,0.000,0.000
12270,0,0,37452,39,0.000,0.000
12280,0,0,37452,39,0.000,0.000
12290,0,0,37452,39,0.000,0.000
12300,0,0,37452,39,0.000,0.000
12310,0,0,37452,39,0.000,0.000
12320,0,0,37452,39,0.000,0.000
12330,0,0,37452,39,0.000,0.000
12340,0,0,37452,39,0.000,0.000
12350,0,0,37452,39,0.000,0.000
12360,0,0,37452,39,0.000,0.000
12370,0,0,37452,39,0.000,0.000
12380,0,0,37452,39,0.000,0.000
12390,0,0,37452,39,0.000,0.000
12400,0,0,37452,39,0.000,0.000
12410,0,0,37452,39,0.000,0.000
12420,0,0,37452,39,0.000,0.000
12430,0,0,37452,39,0.000,0.000
12440,0,0,37452,39,0.000,0.000
12450,0,0,37452,39,0.000,0.000
12460,0,0,37452,39,0.000,0.000
12470,0,0,37452,39,0.000,0.000
12480,0,0,37452,39,0.000,0.000
12490,0,0,37452,39,0.000,0.000
12500,0,0,37452,39,0.000,0.000
12510,0,0,37452,39,0.000,0.000
12520,0,0,37452,39,0.000,0.000
12530,0,0,37452,39,0.000,0.000
12540,0,0,37452,39,0.000,0.000
12550,0,0,37452,39,0.000,0.000
12560,0,0,37452,39,0.000,0.000
12570,0,0,37452,39,0.000,0.000
12580,0,0,37452,39,0.000,0.000
12590,0,0,37452,39,0.000,0.000
12600,0,0,37452,39,0.000,0.000
12610,0,0,37452,39,0.000,0.000
12620,0,0,37452,39,0.000,0.000
12630,0,0,37452,39,0.000,0.000
12640,0,0,37452,39,0.000,0.000
12650,0,0,37452,39,0.000,0.000
12660,0,0,37452,39,0.000,0.000
12670,0,0,37452,39,0.000,0.000
12680,0,0,37452,39,0.000,0.000
12690,0,0,37452,39,0.000,0.000
12700,0,0,37452,39,0.000,0.000
12710,0,0,37452,39,0.000,0.000
12720,0,0,37452,39,0.000,0.000
12730,0,0,37452,39,0.000,0.000
12740,0,0,37452,39,0.000,0.000
12750,0,0,37452,39,0.000,0.000
12760,0,0,37452,39,0.000,0.000
12770,0,0,37452,39,0.000,0.000
12780,0,0,37452,39,0.000,0.000
12790,0,0,37452,39,0.000,0.000
12800,0,0,37452,39,0.000,0.000
12810,0,0,37452,39,0.000,0.000
12820,0,0,37452,39,0.000,0.000
12830,0,0,37452,39,0.000,0.000
12840,0,0,37452,39,0.000,0.000
12850,0,0,37452,39,0.000,0.000
12860,0,0,37452,39,0.000,0.000
12870,0,0,37452,39,0.000,0.000
12880,0,0,37452,39,0.000,0.000
12890,0,0,37452,39,0.000,0.000
12900,0,0,37452,39,0.000,0.000
12910,0,0,37452,39,0.000,0.000
12920,0,0,37452,39,0.000,0.000
12930,0,0,37452,39,0.000,0.000
12940,0,0,37452,39,0.000,0.000
12950,0,0,37452,39,0.000,0.000
12960,0,0,37452,39,0.000,0.000
12970,0,0,37452,39,0.000,0.000
12980,0,0,37452,39,0.000,0.000
12990,0,0,37452,39,0.000,0.000
13000,0,0,37452,39,0.000,0.000
13010,0,0,37452,39,0.000,0.000
13020,0,0,37452,39,0.000,0.000
13030,0,0,37452,39,0.000,0.000
13040,0,0,37452,39,0.000,0.000
13050,0,0,37452,39,0.000,0.000
13060,0,0,37452,39,0.000,0.000
13070,0,0,37452,39,0.000,0.000
13080,0,0,37452,39,0.000,0.000
13090,0,0,37452,39,0.000,0.000
13100,0,0,37452,39,0.000,0.000
13110,0,0,37452,39,0.000,0.000
13120,0,0,37452,39,0.000,0.000
13130,0,0,37452,39,0.000,0.000
13140,0,0,37452,39,0.000,0.000
13150,0,0,37452,39,0.000,0.000
13160,0,0,37452,39,0.000,0.000
13170,0,0,37452,39,0.000,0.000
13180,0,0,37452,39,0.000,0.000
13190,0,0,37452,39,0.000,0.000
13200,0,0,37452,39,0.000,0.000
13210,0,0,37452,39,0.000,0.000
13220,0,0,37452,39,0.000,0.000
13230,0,0,37452,39,0.000,0.000
13240,0,0,37452,39,0.000,0.000
13250,0,0,37452,39,0.000,0.000
13260,0,0,37452,39,0.000,0.000
13270,0,0,37452,39,0.000,0.000
13280,0,0,37452,39,0.000,0.000
13290,0,0,37452,39,0.000,0.000
13300,0,0,37452,39,0.000,0.000
13310,0,0,37452,39,0.000,0.000
13320,0,0,37452,39,0.000,0.000
13330,0,0,37452,39,0.000,0.000
13340,0,0,37452,39,0.000,0.000
13350,0,0,37452,39,0.000,0.000
13360,0,0,37452,39,0.000,0.000
13370,0,0,37452,39,0.000,0.000
13380,0,0,37452,39,0.000,0.000
13390,0,0,37452,39,0.000,0.000
13400,0,0,37452,39,0.000,0.000
13410,0,0,37452,39,0.000,0.000
13420,0,0,37452,39,0.000,0.000
13430,0,0,37452,39,0.000,0.000
13440,0,0,37452,39,0.000,0.000
13450,0,0,37452,39,0.000,0.000
13460,0,0,37452,39,0.000,0.000
13470,0,0,37452,39,0.000,0.000
13480,0,0,37452,39,0.000,0.000
13490,0,0,37452,39,0.000,0.000
13500,0,0,37452,39,0.000,0.000
13510,0,0,37452,39,0.000,0.000
13520,0,0,37452,39,0.000,0.000
13530,0,0,37452,39,0.000,0.000
13540,0,0,37452,39,0.000,0.000
13550,0,0,37452,39,0.000,0.000
13560,0,0,37452,39,0.000,0.000
13570,0,0,37452,39,0.000,0.000
13580,0,0,37452,39,0.000,0.000
13590,0,0,37452,39,0.000,0.000
13600,0,0,37452,39,0.000,0.000
13610,0,0,37452,39,0.000,0.000
13620,0,0,37452,39,0.000,0.000
13630,0,0,37452,39,0.000,0.000
13640,0,0,37452,39,0.000,0.000
13650,0,0,37452,39,0.000,0.000
13660,0,0,37452,39,0.000,0.000
13670,0,0,37452,39,0.000,0.000
13680,0,0,37452,39,0.000,0.000
13690,0,0,37452,39,0.000,0.000
13700,0,0,37452,39,0.000,0.000
13710,0,0,37452,39,0.000,0.000
13720,0,0,37452,39,0.000,0.000
13730,0,0,37452,39,0.000,0.000
13740,0,0,37452,39,0.000,0.000
13750,0,0,37452,39,0.000,0.000
13760,0,0,37452,39,0.000,0.000
13770,0,0,37452,39,0.000,0.000
13780,0,0,37452,39,0.000,0.000
13790,0,0,37452,39,0.000,0.000
13800,0,0,37452,39,0.000,0.000
13810,0,0,37452,39,0.000,0.000
13820,0,0,37452,39,0.000,0.000
13830,0,0,37452,39,0.000,0.000
13840,0,0,37452,39,0.000,0.000
13850,0,0,37452,39,0.000,0.000
13860,0,0,37452,39,0.000,0.000
13870,0,0,37452,39,0.000,0.000
13880,0,0,37452,39,0.000,0.000
13890,0,0,37452,39,0.000,0.000
13900,0,0,37452,39,0.000,0.000
13910,0,0,37452,39,0.000,0.000
13920,0,0,37452,39,0.000,0.000
13930,0,0,37452,39,0.000,0.000
13940,0,0,37452,39,0.000,0.000
13950,0,0,37452,39,0.000,0.000
13960,0,0,37452,39,0.000,0.000
13970,0,0,37452,39,0.000,0.000
13980,0,0,37452,39,0.000,0.000
13990,0,0,37452,39,0.000,0.000
14000,0,0,37452,39,0.000,0.000
14010,0,0,37452,39,0.000,0.000
14020,0,0,37452,39,0.000,0.000
14030,0,0,37452,39,0.000,0.000
14040,0,0,37452,39,0.000,0.000
14050,0,0,37452,39,0.000,0.000
14060,0,0,37452,39,0.000,0.000
14070,0,0,37452,39,0.000,0.000
14080,0,0,37452,39,0.000,0.000
14090,0,0,37452,39,0.000,0.000
14100,0,0,37452,39,0.000,0.000
14110,0,0,37452,39,0.000,0.000
14120,0,0,37452,39,0.000,0.000
14130,0,0,37452,39,0.000,0.000
14140,0,0,37452,39,0.000,0.000
14150,0,0,37452,39,0.000,0.000
14160,0,0,37452,39,0.000,0.000
14170,0,0,37452,39,0.000,0.000
14180,0,0,37452,39,0.000,0.000
14190,0,0,37452,39,0.000,0.000
14200,0,0,37452,39,0.000,0.000
14210,0,0,37452,39,0.000,0.000
14220,0,0,37452,39,0.000,0.000
14230,0,0,37452,39,0.000,0.000
14240,0,0,37452,39,0.000,0.000
14250,0,0,37452,39,0.000,0.000
14260,0,0,37452,39,0.000,0.000
14270,0,0,37452,39,0.000,0.000
14280,0,0,37452,39,0.000,0.000
14290,0,0,37452,39,0.000,0.000
14300,0,0,37452,39,0.000,0.000
14310,0,0,37452,39,0.000,0.000
14320,0,0,37452,39,0.000,0.000
14330,0,0,37452,39,0.000,0.000
14340,0,0,37452,39,0.000,0.000
14350,0,0,37452,39,0.000,0.000
14360,0,0,37452,39,0.000,0.000
14370,0,0,37452,39,0.000,0.000
14380,0,0,37452,39,0.000,0.000
14390,0,0,37452,39,0.000,0.000
14400,0,0,37452,39,0.000,0.000
14410,0,0,37452,39,0.000,0.000
14420,0,0,37452,39,0.000,0.000
14430,0,0,37452,39,0.000,0.000
14440,0,0,37452,39,0.000,0.000
14450,0,0,37452,39,0.000,0.000
14460,0,0,37452,39,0.000,0.000
14470,0,0,37452,39,0.000,0.000
14480,0,0,37452,39,0.000,0.000
14490,0,0,37452,39,0.000,0.000
14500,0,0,37452,39,0.000,0.000
14510,0,0,37452,39,0.000,0.000
14520,0,0,37452,39,0.000,0.000
14530,0,0,37452,39,0.000,0.000
14540,0,0,37452,39,0.000,0.000
14550,0,0,37452,39,0.000,0.000
14560,0,0,37452,39,0.000,0.000
14570,0,0,37452,39,0.000,0.000
14580,0,0,37452,39,0.000,0.000
14590,0,0,37452,39,0.000,0.000
14600,0,0,37452,39,0.000,0.000
14610,0,0,37452,39,0.000,0.000
14620,0,0,37452,39,0.000,0.000
14630,0,0,37452,39,0.000,0.000
14640,0,0,37452,39,0.000,0.000
14650,0,0,37452,39,0.000,0.000
14660,0,0,37452,39,0.000,0.000
14670,0,0,37452,39,0.000,0.000
14680,0,0,37452,39,0.000,0.000
14690,0,0,37452,39,0.000,0.000
14700,0,0,37452,39,0.000,0.000
14710,0,0,37452,39,0.000,0.000
14720,0,0,37452,39,0.000,0.000
14730,0,0,37452,39,0.000,0.000
14740,0,0,37452,39,0.000,0.000
14750,0,0,37452,39,0.000,0.000
14760,0,0,37452,39,0.000,0.000
14770,0,0,37452,39,0.000,0.000
14780,0,0,37452,39,0.000,0.000
14790,0,0,37452,39,0.000,0.000
14800,0,0,37452,39,0.000,0.000
14810,0,0,37452,39,0.000,0.000
14820,0,0,37452,39,0.000,0.000
14830,0,0,37452,39,0.000,0.000
14840,0,0,37452,39,0.000,0.000
14850,0,0,37452,39,0.000,0.000
14860,0,0,37452,39,0.000,0.000
14870,0,0,37452,39,0.000,0.000
14880,0,0,37452,39,0.000,0.000
14890,0,0,37452,39,0.000,0.000
14900,0,0,37452,39,0.000,0.000
14910,0,0,37452,39,0.000,0.000
14920,0,0,37452,39,0.000,0.000
14930,0,0,37452,39,0.000,0.000
14940,0,0,37452,39,0.000,0.000
14950,0,0,37452,39,0.000,0.000
14960,0,0,37452,39,0.000,0.000
14970,0,0,37452,39,0.000,0.000
14980,0,0,37452,39,0.000,0.000
14990,0,0,37452,39,0.000,0.000
15000,0,0,37452,39,0.000,0.000
15010,25,0,37452,39,0.000,0.000
15020,25,0,37452,39,0.000,0.000
15030,25,0,37453,39,0.140,0.000
15040,25,0,37460,39,0.982,0.000
15050,25,0,37476,39,2.244,0.000
15060,25,0,37503,39,3.787,0.000
15070,25,0,37533,39,4.207,0.000
15080,25,0,37567,39,4.768,0.000
15090,25,0,37607,39,5.610,0.000
15100,25,0,37651,39,6.171,0.000
15110,25,0,37701,39,7.012,0.000
15120,25,0,37757,39,7.854,0.000
15130,25,0,37817,39,8.415,0.000
15140,25,0,37884,39,9.397,0.000
15150,25,0,37954,39,9.817,0.000
15160,25,0,38029,39,10.519,0.000
15170,25,0,38107,39,10.939,0.000
15180,25,0,38187,39,11.220,0.000
15190,25,0,38269,39,11.500,0.000
15200,25,0,38353,39,11.781,0.000
15210,25,0,38438,39,11.921,0.000
15220,25,0,38525,39,12.202,0.000
15230,25,0,38612,39,12.202,0.000
15240,25,0,38701,39,12.482,0.000
15250,25,0,38789,39,12.342,0.000
15260,25,0,38879,39,12.622,0.000
15270,25,0,38969,39,12.622,0.000
15280,25,0,39060,39,12.763,0.000
15290,25,0,39151,39,12.763,0.000
15300,25,0,39243,39,12.903,0.000
15310,25,0,39334,39,12.763,0.000
15320,25,0,39426,39,12.903,0.000
15330,25,0,39519,39,13.043,0.000
15340,25,0,39611,39,12.903,0.000
15350,25,0,39704,39,13.043,0.000
15360,25,0,39798,39,13.183,0.000
15370,25,0,39891,39,13.043,0.000
15380,25,0,39984,39,13.043,0.000
15390,25,0,40077,39,13.043,0.000
15400,25,0,40170,39,13.043,0.000
15410,25,0,40263,39,13.043,0.000
15420,25,0,40356,39,13.043,0.000
15430,25,0,40449,39,13.043,0.000
15440,25,0,40542,39,13.043,0.000
15450,25,0,40635,39,13.043,0.000
15460,25,0,40729,39,13.183,0.000
15470,25,0,40822,39,13.043,0.000
15480,25,0,40915,39,13.043,0.000
15490,25,0,41008,39,13.043,0.000
15500,25,0,41101,39,13.043,0.000
15510,25,0,41194,39,13.043,0.000
15520,25,0,41286,39,12.903,0.000
15530,25,0,41379,39,13.043,0.000
15540,25,0,41471,39,12.903,0.000
15550,25,0,41564,39,13.043,0.000
15560,25,0,41656,39,12.903,0.000
15570,25,0,41749,39,13.043,0.000
15580,25,0,41841,39,12.903,0.000
15590,25,0,41934,39,13.043,0.000
15600,25,0,42026,39,12.903,0.000
15610,25,0,42119,39,13.043,0.000
15620,25,0,42211,39,12.903,0.000
15630,25,0,42303,39,12.903,0.000
15640,25,0,42395,39,12.903,0.000
15650,25,0,42487,39,12.903,0.000
15660,25,0,42579,39,12.903,0.000
15670,25,0,42671,39,12.903,0.000
15680,25,0,42762,39,12.763,0.000
15690,25,0,42854,39,12.903,0.000
15700,25,0,42946,39,12.903,0.000
15710,25,0,43037,39,12.763,0.000
15720,25,0,43129,39,12.903,0.000
15730,25,0,43221,39,12.903,0.000
15740,25,0,43312,39,12.763,0.000
15750,25,0,43404,39,12.903,0.000
15760,25,0,43496,39,12.903,0.000
15770,25,0,43588,39,12.903,0.000
15780,25,0,43679,39,12.763,0.000
15790,25,0,43771,39,12.903,0.000
15800,25,0,43863,39,12.903,0.000
15810,25,0,43956,39,13.043,0.000
15820,25,0,44048,39,12.903,0.000
15830,25,0,44140,39,12.903,0.000
15840,25,0,44233,39,13.043,0.000
15850,25,0,44325,39,12.903,0.000
15860,25,0,44418,39,13.043,0.000
15870,25,0,44510,39,12.903,0.000
15880,25,0,44602,39,12.903,0.000
15890,25,0,44694,39,12.903,0.000
15900,25,0,44786,39,12.903,0.000
15910,25,0,44878,39,12.903,0.000
15920,25,0,44970,39,12.903,0.000
15930,25,0,45061,39,12.763,0.000
15940,25,0,45153,39,12.903,0.000
15950,25,0,45244,39,12.763,0.000
15960,25,0,45336,39,12.903,0.000
15970,25,0,45427,39,12.763,0.000
15980,25,0,45518,39,12.763,0.000
15990,25,0,45610,39,12.903,0.000
16000,25,0,45701,39,12.763,0.000
16010,25,0,45792,39,12.763,0.000
16020,25,0,45883,39,12.763,0.000
16030,25,0,45973,39,12.622,0.000
16040,25,0,46064,39,12.763,0.000
16050,25,0,46155,39,12.763,0.000
16060,25,0,46245,39,12.622,0.000
16070,25,0,46336,39,12.763,0.000
16080,25,0,46426,39,12.622,0.000
16090,25,0,46517,39,12.763,0.000
16100,25,0,46608,39,12.763,0.000
16110,25,0,46699,39,12.763,0.000
16120,25,0,46790,39,12.763,0.000
16130,25,0,46882,39,12.903,0.000
16140,25,0,46974,39,12.903,0.000
16150,25,0,47066,39,12.903,0.000
16160,25,0,47158,39,12.903,0.000
16170,25,0,47249,39,12.763,0.000
16180,25,0,47341,39,12.903,0.000
16190,25,0,47432,39,12.763,0.000
16200,25,0,47523,39,12.763,0.000
16210,25,0,47614,39,12.763,0.000
16220,25,0,47705,39,12.763,0.000
16230,25,0,47797,39,12.903,0.000
16240,25,0,47888,39,12.763,0.000
16250,25,0,47980,39,12.903,0.000
16260,25,0,48072,39,12.903,0.000
16270,25,0,48164,39,12.903,0.000
16280,25,0,48257,39,13.043,0.000
16290,25,0,48349,39,12.903,0.000
16300,25,0,48441,39,12.903,0.000
16310,25,0,48534,39,13.043,0.000
16320,25,0,48626,39,12.903,0.000
16330,25,0,48719,39,13.043,0.000
16340,25,0,48812,39,13.043,0.000
16350,25,0,48904,39,12.903,0.000
16360,25,0,48997,39,13.043,0.000
16370,25,0,49089,39,12.903,0.000
16380,25,0,49182,39,13.043,0.000
16390,25,0,49275,39,13.043,0.000
16400,25,0,49367,39,12.903,0.000
16410,25,0,49460,39,13.043,0.000
16420,25,0,49552,39,12.903,0.000
16430,25,0,49644,39,12.903,0.000
16440,25,0,49736,39,12.903,0.000
16450,25,0,49827,39,12.763,0.000
16460,25,0,49919,39,12.903,0.000
16470,25,0,50010,39,12.763,0.000
16480,25,0,50101,39,12.763,0.000
16490,25,0,50193,39,12.903,0.000
16500,25,0,50284,39,12.763,0.000
16510,25,0,50376,39,12.903,0.000
16520,25,0,50467,39,12.763,0.000
16530,25,0,50559,39,12.903,0.000
16540,25,0,50652,39,13.043,0.000
16550,25,0,50744,39,12.903,0.000
16560,25,0,50837,39,13.043,0.000
16570,25,0,50929,39,12.903,0.000
16580,25,0,51021,39,12.903,0.000
16590,25,0,51114,39,13.043,0.000
16600,25,0,51206,39,12.903,0.000
16610,25,0,51298,39,12.903,0.000
16620,25,0,51391,39,13.043,0.000
16630,25,0,51483,39,12.903,0.000
16640,25,0,51575,39,12.903,0.000
16650,25,0,51667,39,12.903,0.000
16660,25,0,51759,39,12.903,0.000
16670,25,0,51851,39,12.903,0.000
16680,25,0,51943,39,12.903,0.000
16690,25,0,52035,39,12.903,0.000
16700,25,0,52127,39,12.903,0.000
16710,25,0,52219,39,12.903,0.000
16720,25,0,52311,39,12.903,0.000
16730,25,0,52402,39,12.763,0.000
16740,25,0,52495,39,13.043,0.000
16750,25,0,52587,39,12.903,0.000
16760,25,0,52679,39,12.903,0.000
16770,25,0,52772,39,13.043,0.000
16780,25,0,52864,39,12.903,0.000
16790,25,0,52956,39,12.903,0.000
16800,25,0,53049,39,13.043,0.000
16810,25,0,53142,39,13.043,0.000
16820,25,0,53235,39,13.043,0.000
16830,25,0,53329,39,13.183,0.000
16840,25,0,53422,39,13.043,0.000
16850,25,0,53516,39,13.183,0.000
16860,25,0,53610,39,13.183,0.000
16870,25,0,53703,39,13.043,0.000
16880,25,0,53797,39,13.183,0.000
16890,25,0,53890,39,13.043,0.000
16900,25,0,53983,39,13.043,0.000
16910,25,0,54075,39,12.903,0.000
16920,25,0,54167,39,12.903,0.000
16930,25,0,54259,39,12.903,0.000
16940,25,0,54350,39,12.763,0.000
16950,25,0,54442,39,12.903,0.000
16960,25,0,54533,39,12.763,0.000
16970,25,0,54623,39,12.622,0.000
16980,25,0,54714,39,12.763,0.000
16990,25,0,54805,39,12.763,0.000
17000,25,0,54895,39,12.622,0.000
17010,25,0,54986,39,12.763,0.000
17020,25,0,55077,39,12.763,0.000
17030,25,0,55168,39,12.763,0.000
17040,25,0,55258,39,12.622,0.000
17050,25,0,55349,39,12.763,0.000
17060,25,0,55440,39,12.763,0.000
17070,25,0,55531,39,12.763,0.000
17080,25,0,55623,39,12.903,0.000
17090,25,0,55714,39,12.763,0.000
17100,25,0,55806,39,12.903,0.000
17110,25,0,55898,39,12.903,0.000
17120,25,0,55990,39,12.903,0.000
17130,25,0,56082,39,12.903,0.000
17140,25,0,56174,39,12.903,0.000
17150,25,0,56266,39,12.903,0.000
17160,25,0,56358,39,12.903,0.000
17170,25,0,56450,39,12.903,0.000
17180,25,0,56542,39,12.903,0.000
17190,25,0,56633,39,12.763,0.000
17200,25,0,56725,39,12.903,0.000
17210,25,0,56817,39,12.903,0.000
17220,25,0,56909,39,12.903,0.000
17230,25,0,57001,39,12.903,0.000
17240,25,0,57093,39,12.903,0.000
17250,25,0,57185,39,12.903,0.000
17260,25,0,57277,39,12.903,0.000
17270,25,0,57369,39,12.903,0.000
17280,25,0,57462,39,13.043,0.000
17290,25,0,57555,39,13.043,0.000
17300,25,0,57648,39,13.043,0.000
17310,25,0,57741,39,13.043,0.000
17320,25,0,57834,39,13.043,0.000
17330,25,0,57927,39,13.043,0.000
17340,25,0,58020,39,13.043,0.000
17350,25,0,58113,39,13.043,0.000
17360,25,0,58205,39,12.903,0.000
17370,25,0,58299,39,13.183,0.000
17380,25,0,58392,39,13.043,0.000
17390,25,0,58485,39,13.043,0.000
17400,25,0,58579,39,13.183,0.000
17410,25,0,58672,39,13.043,0.000
17420,25,0,58765,39,13.043,0.000
17430,25,0,58858,39,13.043,0.000
17440,25,0,58950,39,12.903,0.000
17450,25,0,59043,39,13.043,0.000
17460,25,0,59135,39,12.903,0.000
17470,25,0,59227,39,12.903,0.000
17480,25,0,59319,39,12.903,0.000
17490,25,0,59410,39,12.763,0.000
17500,25,0,59502,39,12.903,0.000
17510,25,0,59594,39,12.903,0.000
17520,25,0,59686,39,12.903,0.000
17530,25,0,59778,39,12.903,0.000
17540,25,0,59871,39,13.043,0.000
17550,25,0,59963,39,12.903,0.000
17560,25,0,60054,39,12.763,0.000
17570,25,0,60146,39,12.903,0.000
17580,25,0,60238,39,12.903,0.000
17590,25,0,60330,39,12.903,0.000
17600,25,0,60422,39,12.903,0.000
17610,25,0,60514,39,12.903,0.000
17620,25,0,60606,39,12.903,0.000
17630,25,0,60698,39,12.903,0.000
17640,25,0,60790,39,12.903,0.000
17650,25,0,60882,39,12.903,0.000
17660,25,0,60974,39,12.903,0.000
17670,25,0,61066,39,12.903,0.000
17680,25,0,61158,39,12.903,0.000
17690,25,0,61251,39,13.043,0.000
17700,25,0,61343,39,12.903,0.000
17710,25,0,61435,39,12.903,0.000
17720,25,0,61527,39,12.903,0.000
17730,25,0,61620,39,13.043,0.000
17740,25,0,61712,39,12.903,0.000
17750,25,0,61805,39,13.043,0.000
17760,25,0,61897,39,12.903,0.000
17770,25,0,61990,39,13.043,0.000
17780,25,0,62083,39,13.043,0.000
17790,25,0,62176,39,13.043,0.000
17800,25,0,62270,39,13.183,0.000
17810,25,0,62364,39,13.183,0.000
17820,25,0,62457,39,13.043,0.000
17830,25,0,62550,39,13.043,0.000
17840,25,0,62643,39,13.043,0.000
17850,25,0,62737,39,13.183,0.000
17860,25,0,62829,39,12.903,0.000
17870,25,0,62922,39,13.043,0.000
17880,25,0,63015,39,13.043,0.000
17890,25,0,63107,39,12.903,0.000
17900,25,0,63199,39,12.903,0.000
17910,25,0,63290,39,12.763,0.000
17920,25,0,63382,39,12.903,0.000
17930,25,0,63473,39,12.763,0.000
17940,25,0,63565,39,12.903,0.000
17950,25,0,63657,39,12.903,0.000
17960,25,0,63749,39,12.903,0.000
17970,25,0,63841,39,12.903,0.000
17980,25,0,63933,39,12.903,0.000
17990,25,0,64026,39,13.043,0.000
18000,25,0,64118,39,12.903,0.000
18010,0,0,64210,39,12.903,0.000
18020,0,0,64303,39,13.043,0.000
18030,0,0,64394,39,12.763,0.000
18040,0,0,64481,39,12.202,0.000
18050,0,0,64560,39,11.080,0.000
18060,0,0,64627,39,9.397,0.000
18070,0,0,64680,39,7.433,0.000
18080,0,0,64720,39,5.610,0.000
18090,0,0,64751,39,4.348,0.000
18100,0,0,64774,39,3.226,0.000
18110,0,0,64791,39,2.384,0.000
18120,0,0,64803,39,1.683,0.000
18130,0,0,64810,39,0.982,0.000
18140,0,0,64813,39,0.421,0.000
18150,0,0,64816,39,0.421,0.000
18160,0,0,64818,39,0.280,0.000
18170,0,0,64819,39,0.140,0.000
18180,0,0,64819,39,0.000,0.000
18190,0,0,64819,39,0.000,0.000
18200,0,0,64819,39,0.000,0.000
18210,0,0,64819,39,0.000,0.000
18220,0,0,64819,39,0.000,0.000
18230,0,0,64819,39,0.000,0.000
18240,0,0,64819,39,0.000,0.000
18250,0,0,64819,39,0.000,0.000
18260,0,0,64819,39,0.000,0.000
18270,0,0,64819,39,0.000,0.000
18280,0,0,64819,39,0.000,0.000
18290,0,0,64819,39,0.000,0.000
18300,0,0,64819,39,0.000,0.000
18310,0,0,64819,39,0.000,0.000
18320,0,0,64819,39,0.000,0.000
18330,0,0,64819,39,0.000,0.000
18340,0,0,64819,39,0.000,0.000
18350,0,0,64819,39,0.000,0.000
18360,0,0,64819,39,0.000,0.000
18370,0,0,64819,39,0.000,0.000
18380,0,0,64819,39,0.000,0.000
18390,0,0,64819,39,0.000,0.000
18400,0,0,64819,39,0.000,0.000
18410,0,0,64819,39,0.000,0.000
18420,0,0,64819,39,0.000,0.000
18430,0,0,64819,39,0.000,0.000
18440,0,0,64819,39,0.000,0.000
18450,0,0,64819,39,0.000,0.000
18460,0,0,64819,39,0.000,0.000
18470,0,0,64819,39,0.000,0.000
18480,0,0,64819,39,0.000,0.000
18490,0,0,64819,39,0.000,0.000
18500,0,0,64819,39,0.000,0.000
18510,0,0,64819,39,0.000,0.000
18520,0,0,64819,39,0.000,0.000
18530,0,0,64819,39,0.000,0.000
18540,0,0,64819,39,0.000,0.000
18550,0,0,64819,39,0.000,0.000
18560,0,0,64819,39,0.000,0.000
18570,0,0,64819,39,0.000,0.000
18580,0,0,64819,39,0.000,0.000
18590,0,0,64819,39,0.000,0.000
18600,0,0,64819,39,0.000,0.000
18610,0,0,64819,39,0.000,0.000
18620,0,0,64819,39,0.000,0.000
18630,0,0,64819,39,0.000,0.000
18640,0,0,64819,39,0.000,0.000
18650,0,0,64819,39,0.000,0.000
18660,0,0,64819,39,0.000,0.000
18670,0,0,64819,39,0.000,0.000
18680,0,0,64819,39,0.000,0.000
18690,0,0,64819,39,0.000,0.000
18700,0,0,64819,39,0.000,0.000
18710,0,0,64819,39,0.000,0.000
18720,0,0,64819,39,0.000,0.000
18730,0,0,64819,39,0.000,0.000
18740,0,0,64819,39,0.000,0.000
18750,0,0,64819,39,0.000,0.000
18760,0,0,64819,39,0.000,0.000
18770,0,0,64819,39,0.000,0.000
18780,0,0,64819,39,0.000,0.000
18790,0,0,64819,39,0.000,0.000
18800,0,0,64819,39,0.000,0.000
18810,0,0,64819,39,0.000,0.000
18820,0,0,64819,39,0.000,0.000
18830,0,0,64819,39,0.000,0.000
18840,0,0,64819,39,0.000,0.000
18850,0,0,64819,39,0.000,0.000
18860,0,0,64819,39,0.000,0.000
18870,0,0,64819,39,0.000,0.000
18880,0,0,64819,39,0.000,0.000
18890,0,0,64819,39,0.000,0.000
18900,0,0,64819,39,0.000,0.000
18910,0,0,64819,39,0.000,0.000
18920,0,0,64819,39,0.000,0.000
18930,0,0,64819,39,0.000,0.000
18940,0,0,64819,39,0.000,0.000
18950,0,0,64819,39,0.000,0.000
18960,0,0,64819,39,0.000,0.000
18970,0,0,64819,39,0.000,0.000
18980,0,0,64819,39,0.000,0.000
18990,0,0,64819,39,0.000,0.000
19000,0,0,64819,39,0.000,0.000
19010,0,0,64819,39,0.000,0.000
19020,0,0,64819,39,0.000,0.000
19030,0,0,64819,39,0.000,0.000
19040,0,0,64819,39,0.000,0.000
19050,0,0,64819,39,0.000,0.000
19060,0,0,64819,39,0.000,0.000
19070,0,0,64819,39,0.000,0.000
19080,0,0,64819,39,0.000,0.000
19090,0,0,64819,39,0.000,0.000
19100,0,0,64819,39,0.000,0.000
19110,0,0,64819,39,0.000,0.000
19120,0,0,64819,39,0.000,0.000
19130,0,0,64819,39,0.000,0.000
19140,0,0,64819,39,0.000,0.000
19150,0,0,64819,39,0.000,0.000
19160,0,0,64819,39,0.000,0.000
19170,0,0,64819,39,0.000,0.000
19180,0,0,64819,40,0.000,0.140
19190,0,0,64819,41,0.000,0.140
19200,0,0,64819,43,0.000,0.280
19210,0,0,64819,44,0.000,0.140
19220,0,0,64819,45,0.000,0.140
19230,0,0,64819,45,0.000,0.000
19240,0,0,64819,45,0.000,0.000
19250,0,0,64819,45,0.000,0.000
19260,0,0,64819,45,0.000,0.000
19270,0,0,64819,45,0.000,0.000
19280,0,0,64819,45,0.000,0.000
19290,0,0,64819,45,0.000,0.000
19300,0,0,64819,45,0.000,0.000
19310,0,0,64819,45,0.000,0.000
19320,0,0,64819,45,0.000,0.000
19330,0,0,64819,45,0.000,0.000
19340,0,0,64819,45,0.000,0.000
19350,0,0,64819,45,0.000,0.000
19360,0,0,64819,45,0.000,0.000
19370,0,0,64819,45,0.000,0.000
19380,0,0,64819,45,0.000,0.000
19390,0,0,64819,45,0.000,0.000
19400,0,0,64819,45,0.000,0.000
19410,0,0,64819,45,0.000,0.000
19420,0,0,64819,45,0.000,0.000
19430,0,0,64819,45,0.000,0.000
19440,0,0,64819,45,0.000,0.000
19450,0,0,64819,45,0.000,0.000
19460,0,0,64819,45,0.000,0.000
19470,0,0,64819,45,0.000,0.000
19480,0,0,64819,45,0.000,0.000
19490,0,0,64819,45,0.000,0.000
19500,0,0,64819,45,0.000,0.000
19510,0,0,64819,45,0.000,0.000
19520,0,0,64819,45,0.000,0.000
19530,0,0,64819,45,0.000,0.000
19540,0,0,64819,45,0.000,0.000
19550,0,0,64819,46,0.000,0.140
19560,0,0,64819,46,0.000,0.000
19570,0,0,64819,47,0.000,0.140
19580,0,0,64819,48,0.000,0.140
19590,0,0,64819,49,0.000,0.140
19600,0,0,64819,49,0.000,0.000
19610,0,0,64819,50,0.000,0.140
19620,0,0,64819,50,0.000,0.000
19630,0,0,64819,50,0.000,0.000
19640,0,0,64819,50,0.000,0.000
19650,0,0,64819,50,0.000,0.000
19660,0,0,64819,50,0.000,0.000
19670,0,0,64819,50,0.000,0.000
19680,0,0,64819,50,0.000,0.000
19690,0,0,64819,51,0.000,0.140
19700,0,0,64819,51,0.000,0.000
19710,0,0,64819,51,0.000,0.000
19720,0,0,64819,51,0.000,0.000
19730,0,0,64819,51,0.000,0.000
19740,0,0,64819,51,0.000,0.000
19750,0,0,64819,51,0.000,0.000
19760,0,0,64819,51,0.000,0.000
19770,0,0,64819,51,0.000,0.000
19780,0,0,64819,51,0.000,0.000
19790,0,0,64819,51,0.000,0.000
19800,0,0,64819,51,0.000,0.000
19810,0,0,64819,51,0.000,0.000
19820,0,0,64819,51,0.000,0.000
19830,0,0,64819,51,0.000,0.000
19840,0,0,64819,51,0.000,0.000
19850,0,0,64819,51,0.000,0.000
19860,0,0,64819,51,0.000,0.000
19870,0,0,64819,51,0.000,0.000
19880,0,0,64819,51,0.000,0.000
19890,0,0,64819,51,0.000,0.000
19900,0,0,64819,51,0.000,0.000
19910,0,0,64819,51,0.000,0.000
19920,0,0,64819,51,0.000,0.000
19930,0,0,64819,51,0.000,0.000
19940,0,0,64819,51,0.000,0.000
19950,0,0,64819,51,0.000,0.000
19960,0,0,64819,51,0.000,0.000
19970,0,0,64819,51,0.000,0.000
19980,0,0,64819,51,0.000,0.000
19990,0,0,64819,51,0.000,0.000
20000,0,0,64819,51,0.000,0.000
20010,0,0,64819,51,0.000,0.000
20020,0,0,64819,51,0.000,0.000
20030,0,0,64819,51,0.000,0.000
20040,0,0,64819,51,0.000,0.000
20050,0,0,64819,51,0.000,0.000
20060,0,0,64819,51,0.000,0.000
20070,0,0,64819,51,0.000,0.000
20080,0,0,64819,51,0.000,0.000
20090,0,0,64819,51,0.000,0.000
20100,0,0,64819,51,0.000,0.000
20110,0,0,64819,51,0.000,0.000
20120,0,0,64819,51,0.000,0.000
20130,0,0,64819,51,0.000,0.000
20140,0,0,64819,51,0.000,0.000
20150,0,0,64819,51,0.000,0.000
20160,0,0,64819,51,0.000,0.000
20170,0,0,64819,51,0.000,0.000
20180,0,0,64819,51,0.000,0.000
20190,0,0,64819,51,0.000,0.000
20200,0,0,64819,51,0.000,0.000
20210,0,0,64819,51,0.000,0.000
20220,0,0,64819,51,0.000,0.000
20230,0,0,64819,51,0.000,0.000
20240,0,0,64819,51,0.000,0.000
20250,0,0,64819,51,0.000,0.000
20260,0,0,64819,51,0.000,0.000
20270,0,0,64819,51,0.000,0.000
20280,0,0,64819,51,0.000,0.000
20290,0,0,64819,51,0.000,0.000
20300,0,0,64819,51,0.000,0.000
20310,0,0,64819,51,0.000,0.000
20320,0,0,64819,51,0.000,0.000
20330,0,0,64819,51,0.000,0.000
20340,0,0,64819,51,0.000,0.000
20350,0,0,64819,51,0.000,0.000
20360,0,0,64819,51,0.000,0.000
20370,0,0,64819,51,0.000,0.000
20380,0,0,64819,51,0.000,0.000
20390,0,0,64819,51,0.000,0.000
20400,0,0,64819,51,0.000,0.000
20410,0,0,64819,51,0.000,0.000
20420,0,0,64819,51,0.000,0.000
20430,0,0,64819,51,0.000,0.000
20440,0,0,64819,51,0.000,0.000
20450,0,0,64819,51,0.000,0.000
20460,0,0,64819,51,0.000,0.000
20470,0,0,64819,51,0.000,0.000
20480,0,0,64819,51,0.000,0.000
20490,0,0,64819,51,0.000,0.000
20500,0,0,64819,51,0.000,0.000
20510,0,0,64819,51,0.000,0.000
20520,0,0,64819,51,0.000,0.000
20530,0,0,64819,51,0.000,0.000
20540,0,0,64819,51,0.000,0.000
20550,0,0,64819,51,0.000,0.000
20560,0,0,64819,51,0.000,0.000
20570,0,0,64819,51,0.000,0.000
20580,0,0,64819,51,0.000,0.000
20590,0,0,64819,51,0.000,0.000
20600,0,0,64819,51,0.000,0.000
20610,0,0,64819,51,0.000,0.000
20620,0,0,64819,51,0.000,0.000
20630,0,0,64819,51,0.000,0.000
20640,0,0,64819,51,0.000,0.000
20650,0,0,64819,51,0.000,0.000
20660,0,0,64819,51,0.000,0.000
20670,0,0,64819,51,0.000,0.000
20680,0,0,64819,51,0.000,0.000
20690,0,0,64819,51,0.000,0.000
20700,0,0,64819,51,0.000,0.000
20710,0,0,64819,51,0.000,0.000
20720,0,0,64819,51,0.000,0.000
20730,0,0,64819,51,0.000,0.000
20740,0,0,64819,51,0.000,0.000
20750,0,0,64819,51,0.000,0.000
20760,0,0,64819,51,0.000,0.000
20770,0,0,64819,51,0.000,0.000
20780,0,0,64819,51,0.000,0.000
20790,0,0,64819,51,0.000,0.000
20800,0,0,64819,51,0.000,0.000
20810,0,0,64819,51,0.000,0.000
20820,0,0,64819,51,0.000,0.000
20830,0,0,64819,51,0.000,0.000
20840,0,0,64819,51,0.000,0.000
20850,0,0,64819,51,0.000,0.000
20860,0,0,64819,51,0.000,0.000
20870,0,0,64819,51,0.000,0.000
20880,0,0,64819,51,0.000,0.000
20890,0,0,64819,51,0.000,0.000
20900,0,0,64819,51,0.000,0.000
20910,0,0,64819,51,0.000,0.000
20920,0,0,64819,51,0.000,0.000
20930,0,0,64819,51,0.000,0.000
20940,0,0,64819,51,0.000,0.000
20950,0,0,64819,51,0.000,0.000
20960,0,0,64819,51,0.000,0.000
20970,0,0,64819,51,0.000,0.000
20980,0,0,64819,51,0.000,0.000
20990,0,0,64819,51,0.000,0.000
21000,0,0,64819,51,0.000,0.000
21010,25,0,64819,51,0.000,0.000
21020,25,0,64819,51,0.000,0.000
21030,25,0,64820,51,0.140,0.000
21040,25,0,64826,51,0.841,0.000
21050,25,0,64841,51,2.104,0.000
21060,25,0,64865,51,3.366,0.000
21070,25,0,64895,51,4.207,0.000
21080,25,0,64932,51,5.189,0.000
21090,25,0,64974,51,5.890,0.000
21100,25,0,65024,51,7.012,0.000
21110,25,0,65080,51,7.854,0.000
21120,25,0,65142,51,8.695,0.000
21130,25,0,65211,51,9.677,0.000
21140,25,0,65283,51,10.098,0.000
21150,25,0,65359,51,10.659,0.000
21160,25,0,65439,51,11.220,0.000
21170,25,0,65522,53,11.641,0.280
21180,25,0,65607,54,11.921,0.140
21190,25,0,65694,55,12.202,0.140
21200,25,0,65783,55,12.482,0.000
21210,25,0,65872,55,12.482,0.000
21220,25,0,65962,55,12.622,0.000
21230,25,0,66053,55,12.763,0.000
21240,25,0,66144,56,12.763,0.140
21250,25,0,66237,58,13.043,0.280
21260,25,0,66330,60,13.043,0.280
21270,25,0,66424,62,13.183,0.280
21280,25,0,66518,63,13.183,0.140
21290,25,0,66612,64,13.183,0.140
21300,25,0,66706,64,13.183,0.000
21310,25,0,66800,64,13.183,0.000
21320,25,0,66894,64,13.183,0.000
21330,25,0,66988,64,13.183,0.000
21340,25,0,67082,64,13.183,0.000
21350,25,0,67175,64,13.043,0.000
21360,25,0,67269,64,13.183,0.000
21370,25,0,67362,64,13.043,0.000
21380,25,0,67456,64,13.183,0.000
21390,25,0,67549,64,13.043,0.000
21400,25,0,67643,64,13.183,0.000
21410,25,0,67736,64,13.043,0.000
21420,25,0,67829,64,13.043,0.000
21430,25,0,67923,64,13.183,0.000
21440,25,0,68016,64,13.043,0.000
21450,25,0,68108,64,12.903,0.000
21460,25,0,68201,64,13.043,0.000
21470,25,0,68294,64,13.043,0.000
21480,25,0,68387,64,13.043,0.000
21490,25,0,68480,64,13.043,0.000
21500,25,0,68573,64,13.043,0.000
21510,25,0,68665,64,12.903,0.000
21520,25,0,68757,64,12.903,0.000
21530,25,0,68850,64,13.043,0.000
21540,25,0,68942,64,12.903,0.000
21550,25,0,69035,64,13.043,0.000
21560,25,0,69127,64,12.903,0.000
21570,25,0,69220,64,13.043,0.000
21580,25,0,69313,64,13.043,0.000
21590,25,0,69406,64,13.043,0.000
21600,25,0,69499,64,13.043,0.000
21610,25,0,69591,64,12.903,0.000
21620,25,0,69684,64,13.043,0.000
21630,25,0,69777,64,13.043,0.000
21640,25,0,69869,64,12.903,0.000
21650,25,0,69962,64,13.043,0.000
21660,25,0,70054,64,12.903,0.000
21670,25,0,70146,64,12.903,0.000
21680,25,0,70238,64,12.903,0.000
21690,25,0,70331,64,13.043,0.000
21700,25,0,70424,64,13.043,0.000
21710,25,0,70517,64,13.043,0.000
21720,25,0,70610,64,13.043,0.000
21730,25,0,70703,64,13.043,0.000
21740,25,0,70797,64,13.183,0.000
21750,25,0,70891,64,13.183,0.000
21760,25,0,70985,64,13.183,0.000
21770,25,0,71079,64,13.183,0.000
21780,25,0,71173,64,13.183,0.000
21790,25,0,71267,64,13.183,0.000
21800,25,0,71361,64,13.183,0.000
21810,25,0,71455,64,13.183,0.000
21820,25,0,71549,64,13.183,0.000
21830,25,0,71642,64,13.043,0.000
21840,25,0,71735,64,13.043,0.000
21850,25,0,71829,64,13.183,0.000
21860,25,0,71922,64,13.043,0.000
21870,25,0,72015,64,13.043,0.000
21880,25,0,72108,64,13.043,0.000
21890,25,0,72201,64,13.043,0.000
21900,25,0,72293,64,12.903,0.000
21910,25,0,72385,64,12.903,0.000
21920,25,0,72478,64,13.043,0.000
21930,25,0,72570,64,12.903,0.000
21940,25,0,72662,64,12.903,0.000
21950,25,0,72754,64,12.903,0.000
21960,25,0,72846,64,12.903,0.000
21970,25,0,72938,64,12.903,0.000
21980,25,0,73031,65,13.043,0.140
21990,25,0,73124,66,13.043,0.140
22000,25,0,73218,67,13.183,0.140
22010,25,0,73311,69,13.043,0.280
22020,25,0,73405,70,13.183,0.140
22030,25,0,73498,71,13.043,0.140
22040,25,0,73591,72,13.043,0.140
22050,25,0,73684,72,13.043,0.000
22060,25,0,73778,72,13.183,0.000
22070,25,0,73871,72,13.043,0.000
22080,25,0,73964,72,13.043,0.000
22090,25,0,74058,72,13.183,0.000
22100,25,0,74151,72,13.043,0.000
22110,25,0,74244,72,13.043,0.000
22120,25,0,74337,72,13.043,0.000
22130,25,0,74429,72,12.903,0.000
22140,25,0,74522,72,13.043,0.000
22150,25,0,74614,72,12.903,0.000
22160,25,0,74707,72,13.043,0.000
22170,25,0,74799,72,12.903,0.000
22180,25,0,74891,72,12.903,0.000
22190,25,0,74984,72,13.043,0.000
22200,25,0,75076,72,12.903,0.000
22210,25,0,75169,72,13.043,0.000
22220,25,0,75262,72,13.043,0.000
22230,25,0,75355,72,13.043,0.000
22240,25,0,75448,72,13.043,0.000
22250,25,0,75542,72,13.183,0.000
22260,25,0,75635,72,13.043,0.000
22270,25,0,75728,72,13.043,0.000
22280,25,0,75822,72,13.183,0.000
22290,25,0,75915,72,13.043,0.000
22300,25,0,76008,72,13.043,0.000
22310,25,0,76101,72,13.043,0.000
22320,25,0,76194,72,13.043,0.000
22330,25,0,76287,72,13.043,0.000
22340,25,0,76380,72,13.043,0.000
22350,25,0,76472,72,12.903,0.000
22360,25,0,76565,72,13.043,0.000
22370,25,0,76657,72,12.903,0.000
22380,25,0,76749,72,12.903,0.000
22390,25,0,76841,72,12.903,0.000
22400,25,0,76933,72,12.903,0.000
22410,25,0,77026,72,13.043,0.000
22420,25,0,77118,72,12.903,0.000
22430,25,0,77210,72,12.903,0.000
22440,25,0,77301,72,12.763,0.000
22450,25,0,77393,72,12.903,0.000
22460,25,0,77485,72,12.903,0.000
22470,25,0,77577,72,12.903,0.000
22480,25,0,77669,72,12.903,0.000
22490,25,0,77762,72,13.043,0.000
22500,25,0,77854,72,12.903,0.000
22510,25,0,77946,72,12.903,0.000
22520,25,0,78038,72,12.903,0.000
22530,25,0,78130,72,12.903,0.000
22540,25,0,78222,72,12.903,0.000
22550,25,0,78314,72,12.903,0.000
22560,25,0,78406,72,12.903,0.000
22570,25,0,78498,72,12.903,0.000
22580,25,0,78591,72,13.043,0.000
22590,25,0,78683,72,12.903,0.000
22600,25,0,78775,72,12.903,0.000
22610,25,0,78868,72,13.043,0.000
22620,25,0,78960,72,12.903,0.000
22630,25,0,79052,72,12.903,0.000
22640,25,0,79144,72,12.903,0.000
22650,25,0,79236,72,12.903,0.000
22660,25,0,79328,72,12.903,0.000
22670,25,0,79420,72,12.903,0.000
22680,25,0,79512,72,12.903,0.000
22690,25,0,79604,72,12.903,0.000
22700,25,0,79696,72,12.903,0.000
22710,25,0,79789,72,13.043,0.000
22720,25,0,79881,72,12.903,0.000
22730,25,0,79975,72,13.183,0.000
22740,25,0,80068,72,13.043,0.000
22750,25,0,80161,72,13.043,0.000
22760,25,0,80254,72,13.043,0.000
22770,25,0,80348,72,13.183,0.000
22780,25,0,80441,72,13.043,0.000
22790,25,0,80534,72,13.043,0.000
22800,25,0,80628,72,13.183,0.000
22810,25,0,80721,72,13.043,0.000
22820,25,0,80814,72,13.043,0.000
22830,25,0,80906,72,12.903,0.000
22840,25,0,80999,72,13.043,0.000
22850,25,0,81091,72,12.903,0.000
22860,25,0,81183,72,12.903,0.000
22870,25,0,81275,72,12.903,0.000
22880,25,0,81367,72,12.903,0.000
22890,25,0,81459,72,12.903,0.000
22900,25,0,81550,72,12.763,0.000
22910,25,0,81642,72,12.903,0.000
22920,25,0,81733,72,12.763,0.000
22930,25,0,81824,72,12.763,0.000
22940,25,0,81915,72,12.763,0.000
22950,25,0,82007,72,12.903,0.000
22960,25,0,82098,72,12.763,0.000
22970,25,0,82190,73,12.903,0.140
22980,25,0,82282,73,12.903,0.000
22990,25,0,82374,73,12.903,0.000
23000,25,0,82466,73,12.903,0.000
23010,25,0,82558,73,12.903,0.000
23020,25,0,82650,73,12.903,0.000
23030,25,0,82742,73,12.903,0.000
23040,25,0,82834,73,12.903,0.000
23050,25,0,82927,73,13.043,0.000
23060,25,0,83019,73,12.903,0.000
23070,25,0,83112,73,13.043,0.000
23080,25,0,83204,73,12.903,0.000
23090,25,0,83296,73,12.903,0.000
23100,25,0,83388,73,12.903,0.000
23110,25,0,83480,73,12.903,0.000
23120,25,0,83573,73,13.043,0.000
23130,25,0,83665,73,12.903,0.000
23140,25,0,83756,73,12.763,0.000
23150,25,0,83848,73,12.903,0.000
23160,25,0,83940,73,12.903,0.000
23170,25,0,84032,73,12.903,0.000
23180,25,0,84125,73,13.043,0.000
23190,25,0,84217,73,12.903,0.000
23200,25,0,84310,73,13.043,0.000
23210,25,0,84403,73,13.043,0.000
23220,25,0,84495,73,12.903,0.000
23230,25,0,84588,73,13.043,0.000
23240,25,0,84681,73,13.043,0.000
23250,25,0,84773,73,12.903,0.000
23260,25,0,84866,73,13.043,0.000
23270,25,0,84959,73,13.043,0.000
23280,25,0,85051,73,12.903,0.000
23290,25,0,85144,73,13.043,0.000
23300,25,0,85237,73,13.043,0.000
23310,25,0,85330,73,13.043,0.000
23320,25,0,85423,73,13.043,0.000
23330,25,0,85515,73,12.903,0.000
23340,25,0,85608,73,13.043,0.000
23350,25,0,85701,73,13.043,0.000
23360,25,0,85794,73,13.043,0.000
23370,25,0,85886,73,12.903,0.000
23380,25,0,85979,73,13.043,0.000
23390,25,0,86071,73,12.903,0.000
23400,25,0,86163,73,12.903,0.000
23410,25,0,86254,73,12.763,0.000
23420,25,0,86346,73,12.903,0.000
23430,25,0,86438,73,12.903,0.000
23440,25,0,86530,73,12.903,0.000
23450,25,0,86623,73,13.043,0.000
23460,25,0,86715,73,12.903,0.000
23470,25,0,86808,73,13.043,0.000
23480,25,0,86901,73,13.043,0.000
23490,25,0,86993,73,12.903,0.000
23500,25,0,87086,73,13.043,0.000
23510,25,0,87178,73,12.903,0.000
23520,25,0,87271,73,13.043,0.000
23530,25,0,87363,73,12.903,0.000
23540,25,0,87455,73,12.903,0.000
23550,25,0,87547,73,12.903,0.000
23560,25,0,87640,73,13.043,0.000
23570,25,0,87732,73,12.903,0.000
23580,25,0,87824,73,12.903,0.000
23590,25,0,87916,73,12.903,0.000
23600,25,0,88008,73,12.903,0.000
23610,25,0,88100,73,12.903,0.000
23620,25,0,88192,73,12.903,0.000
23630,25,0,88284,73,12.903,0.000
23640,25,0,88377,73,13.043,0.000
23650,25,0,88469,73,12.903,0.000
23660,25,0,88562,73,13.043,0.000
23670,25,0,88655,73,13.043,0.000
23680,25,0,88747,73,12.903,0.000
23690,25,0,88840,73,13.043,0.000
23700,25,0,88933,73,13.043,0.000
23710,25,0,89026,73,13.043,0.000
23720,25,0,89119,73,13.043,0.000
23730,25,0,89213,73,13.183,0.000
23740,25,0,89307,73,13.183,0.000
23750,25,0,89401,73,13.183,0.000
23760,25,0,89495,73,13.183,0.000
23770,25,0,89588,73,13.043,0.000
23780,25,0,89681,73,13.043,0.000
23790,25,0,89775,73,13.183,0.000
23800,25,0,89868,73,13.043,0.000
23810,25,0,89961,73,13.043,0.000
23820,25,0,90053,73,12.903,0.000
23830,25,0,90146,73,13.043,0.000
23840,25,0,90239,73,13.043,0.000
23850,25,0,90331,73,12.903,0.000
23860,25,0,90423,73,12.903,0.000
23870,25,0,90515,73,12.903,0.000
23880,25,0,90607,73,12.903,0.000
23890,25,0,90699,73,12.903,0.000
23900,25,0,90791,73,12.903,0.000
23910,25,0,90883,73,12.903,0.000
23920,25,0,90975,73,12.903,0.000
23930,25,0,91067,73,12.903,0.000
23940,25,0,91159,73,12.903,0.000
23950,25,0,91252,73,13.043,0.000
23960,25,0,91344,73,12.903,0.000
23970,25,0,91436,73,12.903,0.000
23980,25,0,91528,73,12.903,0.000
23990,25,0,91621,73,13.043,0.000
24000,25,0,91713,73,12.903,0.000
24010,0,0,91805,73,12.903,0.000
24020,0,0,91898,73,13.043,0.000
24030,0,0,91990,73,12.903,0.000
24040,0,0,92077,73,12.202,0.000
24050,0,0,92157,73,11.220,0.000
24060,0,0,92225,73,9.537,0.000
24070,0,0,92279,73,7.573,0.000
24080,0,0,92321,73,5.890,0.000
24090,0,0,92353,73,4.488,0.000
24100,0,0,92377,73,3.366,0.000
24110,0,0,92395,73,2.524,0.000
24120,0,0,92405,73,1.402,0.000
24130,0,0,92411,73,0.841,0.000
24140,0,0,92416,73,0.701,0.000
24150,0,0,92419,73,0.421,0.000
24160,0,0,92421,73,0.280,0.000
24170,0,0,92423,73,0.280,0.000
24180,0,0,92424,73,0.140,0.000
24190,0,0,92425,73,0.140,0.000
24200,0,0,92425,73,0.000,0.000
24210,0,0,92425,73,0.000,0.000
24220,0,0,92425,73,0.000,0.000
24230,0,0,92425,73,0.000,0.000
24240,0,0,92425,73,0.000,0.000
24250,0,0,92425,73,0.000,0.000
24260,0,0,92425,73,0.000,0.000
24270,0,0,92425,73,0.000,0.000
24280,0,0,92425,73,0.000,0.000
24290,0,0,92425,73,0.000,0.000
24300,0,0,92425,73,0.000,0.000
24310,0,0,92425,73,0.000,0.000
24320,0,0,92425,73,0.000,0.000
24330,0,0,92425,73,0.000,0.000
24340,0,0,92425,73,0.000,0.000
24350,0,0,92425,73,0.000,0.000
24360,0,0,92425,73,0.000,0.000
24370,0,0,92425,73,0.000,0.000
24380,0,0,92425,73,0.000,0.000
24390,0,0,92425,73,0.000,0.000
24400,0,0,92426,74,0.140,0.140
24410,0,0,92427,75,0.140,0.140
24420,0,0,92428,77,0.140,0.280
24430,0,0,92429,79,0.140,0.280
24440,0,0,92429,81,0.000,0.280
24450,0,0,92429,82,0.000,0.140
24460,0,0,92429,83,0.000,0.140
24470,0,0,92429,84,0.000,0.140
24480,0,0,92429,84,0.000,0.000
24490,0,0,92429,84,0.000,0.000
24500,0,0,92429,84,0.000,0.000
24510,0,0,92429,84,0.000,0.000
24520,0,0,92429,84,0.000,0.000
24530,0,0,92429,84,0.000,0.000
24540,0,0,92429,84,0.000,0.000
24550,0,0,92429,84,0.000,0.000
24560,0,0,92429,84,0.000,0.000
24570,0,0,92429,84,0.000,0.000
24580,0,0,92429,84,0.000,0.000
24590,0,0,92429,84,0.000,0.000
24600,0,0,92429,84,0.000,0.000
24610,0,0,92429,84,0.000,0.000
24620,0,0,92429,84,0.000,0.000
24630,0,0,92429,84,0.000,0.000
24640,0,0,92429,84,0.000,0.000
24650,0,0,92429,84,0.000,0.000
24660,0,0,92429,84,0.000,0.000
24670,0,0,92429,84,0.000,0.000
24680,0,0,92429,84,0.000,0.000
24690,0,0,92429,84,0.000,0.000
24700,0,0,92429,84,0.000,0.000
24710,0,0,92429,84,0.000,0.000
24720,0,0,92429,84,0.000,0.000
24730,0,0,92429,84,0.000,0.000
24740,0,0,92429,84,0.000,0.000
24750,0,0,92429,84,0.000,0.000
24760,0,0,92429,84,0.000,0.000
24770,0,0,92429,84,0.000,0.000
24780,0,0,92429,84,0.000,0.000
24790,0,0,92429,84,0.000,0.000
24800,0,0,92429,84,0.000,0.000
24810,0,0,92429,84,0.000,0.000
24820,0,0,92429,84,0.000,0.000
24830,0,0,92429,84,0.000,0.000
24840,0,0,92429,84,0.000,0.000
24850,0,0,92429,84,0.000,0.000
24860,0,0,92429,84,0.000,0.000
24870,0,0,92429,84,0.000,0.000
24880,0,0,92429,84,0.000,0.000
24890,0,0,92429,84,0.000,0.000
24900,0,0,92429,84,0.000,0.000
24910,0,0,92429,84,0.000,0.000
24920,0,0,92429,84,0.000,0.000
24930,0,0,92429,84,0.000,0.000
24940,0,0,92429,84,0.000,0.000
24950,0,0,92429,84,0.000,0.000
24960,0,0,92429,84,0.000,0.000
24970,0,0,92429,84,0.000,0.000
24980,0,0,92429,84,0.000,0.000
24990,0,0,92429,84,0.000,0.000
25000,0,0,92429,84,0.000,0.000
25010,0,0,92429,84,0.000,0.000
25020,0,0,92429,84,0.000,0.000
25030,0,0,92429,84,0.000,0.000
25040,0,0,92429,84,0.000,0.000
25050,0,0,92429,84,0.000,0.000
25060,0,0,92429,84,0.000,0.000
25070,0,0,92429,84,0.000,0.000
25080,0,0,92429,84,0.000,0.000
25090,0,0,92429,84,0.000,0.000
25100,0,0,92429,84,0.000,0.000
25110,0,0,92429,84,0.000,0.000
25120,0,0,92429,84,0.000,0.000
25130,0,0,92429,84,0.000,0.000
25140,0,0,92429,84,0.000,0.000
25150,0,0,92429,84,0.000,0.000
25160,0,0,92429,84,0.000,0.000
25170,0,0,92429,84,0.000,0.000
25180,0,0,92429,84,0.000,0.000
25190,0,0,92429,84,0.000,0.000
25200,0,0,92429,84,0.000,0.000
25210,0,0,92429,84,0.000,0.000
25220,0,0,92429,84,0.000,0.000
25230,0,0,92429,84,0.000,0.000
25240,0,0,92429,84,0.000,0.000
25250,0,0,92429,84,0.000,0.000
25260,0,0,92429,84,0.000,0.000
25270,0,0,92429,84,0.000,0.000
25280,0,0,92429,84,0.000,0.000
25290,0,0,92429,84,0.000,0.000
25300,0,0,92429,84,0.000,0.000
25310,0,0,92429,84,0.000,0.000
25320,0,0,92429,84,0.000,0.000
25330,0,0,92429,84,0.000,0.000
25340,0,0,92429,84,0.000,0.000
25350,0,0,92429,84,0.000,0.000
25360,0,0,92429,84,0.000,0.000
25370,0,0,92429,84,0.000,0.000
25380,0,0,92429,84,0.000,0.000
25390,0,0,92429,84,0.000,0.000
25400,0,0,92429,84,0.000,0.000
25410,0,0,92429,84,0.000,0.000
25420,0,0,92429,84,0.000,0.000
25430,0,0,92429,84,0.000,0.000
25440,0,0,92429,84,0.000,0.000
25450,0,0,92429,84,0.000,0.000
25460,0,0,92429,84,0.000,0.000
25470,0,0,92429,84,0.000,0.000
25480,0,0,92429,84,0.000,0.000
25490,0,0,92429,84,0.000,0.000
25500,0,0,92429,84,0.000,0.000
25510,0,0,92429,84,0.000,0.000
25520,0,0,92429,84,0.000,0.000
25530,0,0,92429,84,0.000,0.000
25540,0,0,92429,84,0.000,0.000
25550,0,0,92429,84,0.000,0.000
25560,0,0,92429,84,0.000,0.000
25570,0,0,92429,84,0.000,0.000
25580,0,0,92429,84,0.000,0.000
25590,0,0,92429,84,0.000,0.000
25600,0,0,92429,84,0.000,0.000
25610,0,0,92429,84,0.000,0.000
25620,0,0,92429,84,0.000,0.000
25630,0,0,92429,84,0.000,0.000
25640,0,0,92429,84,0.000,0.000
25650,0,0,92429,84,0.000,0.000
25660,0,0,92429,84,0.000,0.000
25670,0,0,92429,84,0.000,0.000
25680,0,0,92429,84,0.000,0.000
25690,0,0,92429,84,0.000,0.000
25700,0,0,92429,84,0.000,0.000
25710,0,0,92429,84,0.000,0.000
25720,0,0,92429,84,0.000,0.000
25730,0,0,92429,84,0.000,0.000
25740,0,0,92429,84,0.000,0.000
25750,0,0,92429,84,0.000,0.000
25760,0,0,92429,84,0.000,0.000
25770,0,0,92429,84,0.000,0.000
25780,0,0,92429,84,0.000,0.000
25790,0,0,92429,84,0.000,0.000
25800,0,0,92429,84,0.000,0.000
25810,0,0,92429,84,0.000,0.000
25820,0,0,92429,84,0.000,0.000
25830,0,0,92429,84,0.000,0.000
25840,0,0,92429,84,0.000,0.000
25850,0,0,92429,84,0.000,0.000
25860,0,0,92429,84,0.000,0.000
25870,0,0,92429,84,0.000,0.000
25880,0,0,92429,84,0.000,0.000
25890,0,0,92429,84,0.000,0.000
25900,0,0,92429,84,0.000,0.000
25910,0,0,92429,84,0.000,0.000
25920,0,0,92429,84,0.000,0.000
25930,0,0,92429,84,0.000,0.000
25940,0,0,92429,84,0.000,0.000
25950,0,0,92429,84,0.000,0.000
25960,0,0,92429,84,0.000,0.000
25970,0,0,92429,84,0.000,0.000
25980,0,0,92429,84,0.000,0.000
25990,0,0,92429,84,0.000,0.000
26000,0,0,92429,84,0.000,0.000
26010,0,0,92429,84,0.000,0.000
26020,0,0,92429,84,0.000,0.000
26030,0,0,92429,84,0.000,0.000
26040,0,0,92429,84,0.000,0.000
26050,0,0,92429,84,0.000,0.000
26060,0,0,92429,84,0.000,0.000
26070,0,0,92429,84,0.000,0.000
26080,0,0,92429,84,0.000,0.000
26090,0,0,92429,84,0.000,0.000
26100,0,0,92429,84,0.000,0.000
26110,0,0,92429,84,0.000,0.000
26120,0,0,92429,84,0.000,0.000
26130,0,0,92429,84,0.000,0.000
26140,0,0,92429,84,0.000,0.000
26150,0,0,92429,84,0.000,0.000
26160,0,0,92429,84,0.000,0.000
26170,0,0,92429,84,0.000,0.000
26180,0,0,92429,84,0.000,0.000
26190,0,0,92429,84,0.000,0.000
26200,0,0,92429,84,0.000,0.000
26210,0,0,92429,84,0.000,0.000
26220,0,0,92429,84,0.000,0.000
26230,0,0,92429,84,0.000,0.000
26240,0,0,92429,84,0.000,0.000
26250,0,0,92429,84,0.000,0.000
26260,0,0,92429,84,0.000,0.000
26270,0,0,92429,84,0.000,0.000
26280,0,0,92429,84,0.000,0.000
26290,0,0,92429,84,0.000,0.000
26300,0,0,92429,84,0.000,0.000
26310,0,0,92429,84,0.000,0.000
26320,0,0,92429,84,0.000,0.000
26330,0,0,92429,84,0.000,0.000
26340,0,0,92429,84,0.000,0.000
26350,0,0,92429,84,0.000,0.000
26360,0,0,92429,84,0.000,0.000
26370,0,0,92429,84,0.000,0.000
26380,0,0,92429,84,0.000,0.000
26390,0,0,92429,84,0.000,0.000
26400,0,0,92429,84,0.000,0.000
26410,0,0,92429,86,0.000,0.280
26420,0,0,92429,87,0.000,0.140
26430,0,0,92429,89,0.000,0.280
26440,0,0,92429,91,0.000,0.280
26450,0,0,92429,93,0.000,0.280
26460,0,0,92429,94,0.000,0.140
26470,0,0,92429,94,0.000,0.000
26480,0,0,92429,94,0.000,0.000
26490,0,0,92429,94,0.000,0.000
26500,0,0,92429,94,0.000,0.000
26510,0,0,92429,94,0.000,0.000
26520,0,0,92429,94,0.000,0.000
26530,0,0,92429,94,0.000,0.000
26540,0,0,92429,94,0.000,0.000
26550,0,0,92429,94,0.000,0.000
26560,0,0,92429,94,0.000,0.000
26570,0,0,92429,94,0.000,0.000
26580,0,0,92429,94,0.000,0.000
26590,0,0,92429,94,0.000,0.000
26600,0,0,92429,94,0.000,0.000
26610,0,0,92429,94,0.000,0.000
26620,0,0,92429,94,0.000,0.000
26630,0,0,92429,94,0.000,0.000
26640,0,0,92429,94,0.000,0.000
26650,0,0,92429,94,0.000,0.000
26660,0,0,92429,94,0.000,0.000
26670,0,0,92429,94,0.000,0.000
26680,0,0,92429,94,0.000,0.000
26690,0,0,92429,94,0.000,0.000
26700,0,0,92429,94,0.000,0.000
26710,0,0,92429,94,0.000,0.000
26720,0,0,92429,94,0.000,0.000
26730,0,0,92429,94,0.000,0.000
26740,0,0,92429,94,0.000,0.000
26750,0,0,92429,94,0.000,0.000
26760,0,0,92429,94,0.000,0.000
26770,0,0,92429,94,0.000,0.000
26780,0,0,92429,94,0.000,0.000
26790,0,0,92429,94,0.000,0.000
26800,0,0,92429,94,0.000,0.000
26810,0,0,92429,94,0.000,0.000
26820,0,0,92429,94,0.000,0.000
26830,0,0,92429,94,0.000,0.000
26840,0,0,92429,94,0.000,0.000
26850,0,0,92429,94,0.000,0.000
26860,0,0,92429,94,0.000,0.000
26870,0,0,92429,94,0.000,0.000
26880,0,0,92429,94,0.000,0.000
26890,0,0,92429,94,0.000,0.000
26900,0,0,92429,94,0.000,0.000
26910,0,0,92429,94,0.000,0.000
26920,0,0,92429,94,0.000,0.000
26930,0,0,92429,94,0.000,0.000
26940,0,0,92429,94,0.000,0.000
26950,0,0,92429,94,0.000,0.000
26960,0,0,92429,94,0.000,0.000
26970,0,0,92429,94,0.000,0.000
26980,0,0,92429,94,0.000,0.000
26990,0,0,92429,94,0.000,0.000
27000,0,0,92429,94,0.000,0.000
27010,25,0,92429,94,0.000,0.000
27020,25,0,92429,94,0.000,0.000
27030,25,0,92430,94,0.140,0.000
27040,25,0,92436,94,0.841,0.000
27050,25,0,92454,94,2.524,0.000
27060,25,0,92481,94,3.787,0.000
27070,25,0,92514,94,4.628,0.000
27080,25,0,92553,94,5.470,0.000
27090,25,0,92598,94,6.311,0.000
27100,25,0,92648,94,7.012,0.000
27110,25,0,92704,94,7.854,0.000
27120,25,0,92765,94,8.555,0.000
27130,25,0,92832,94,9.397,0.000
27140,25,0,92904,94,10.098,0.000
27150,25,0,92979,94,10.519,0.000
27160,25,0,93058,94,11.080,0.000
27170,25,0,93139,94,11.360,0.000
27180,25,0,93221,94,11.500,0.000
27190,25,0,93305,94,11.781,0.000
27200,25,0,93391,94,12.061,0.000
27210,25,0,93479,94,12.342,0.000
27220,25,0,93567,94,12.342,0.000
27230,25,0,93656,94,12.482,0.000
27240,25,0,93746,94,12.622,0.000
27250,25,0,93836,94,12.622,0.000
27260,25,0,93927,94,12.763,0.000
27270,25,0,94019,94,12.903,0.000
27280,25,0,94110,94,12.763,0.000
27290,25,0,94202,94,12.903,0.000
27300,25,0,94294,94,12.903,0.000
27310,25,0,94385,94,12.763,0.000
27320,25,0,94477,94,12.903,0.000
27330,25,0,94569,94,12.903,0.000
27340,25,0,94660,94,12.763,0.000
27350,25,0,94752,94,12.903,0.000
27360,25,0,94843,94,12.763,0.000
27370,25,0,94935,94,12.903,0.000
27380,25,0,95027,94,12.903,0.000
27390,25,0,95118,94,12.763,0.000
27400,25,0,95210,94,12.903,0.000
27410,25,0,95302,94,12.903,0.000
27420,25,0,95394,94,12.903,0.000
27430,25,0,95486,94,12.903,0.000
27440,25,0,95578,94,12.903,0.000
27450,25,0,95670,94,12.903,0.000
27460,25,0,95762,94,12.903,0.000
27470,25,0,95853,94,12.763,0.000
27480,25,0,95945,94,12.903,0.000
27490,25,0,96037,94,12.903,0.000
27500,25,0,96129,94,12.903,0.000
27510,25,0,96221,94,12.903,0.000
27520,25,0,96313,94,12.903,0.000
27530,25,0,96406,94,13.043,0.000
27540,25,0,96498,94,12.903,0.000
27550,25,0,96591,94,13.043,0.000
27560,25,0,96683,94,12.903,0.000
27570,25,0,96776,94,13.043,0.000
27580,25,0,96868,94,12.903,0.000
27590,25,0,96960,94,12.903,0.000
27600,25,0,97053,94,13.043,0.000
27610,25,0,97145,94,12.903,0.000
27620,25,0,97238,94,13.043,0.000
27630,25,0,97331,94,13.043,0.000
27640,25,0,97424,94,13.043,0.000
27650,25,0,97517,94,13.043,0.000
27660,25,0,97611,94,13.183,0.000
27670,25,0,97704,94,13.043,0.000
27680,25,0,97797,94,13.043,0.000
27690,25,0,97890,94,13.043,0.000
27700,25,0,97983,94,13.043,0.000
27710,25,0,98076,94,13.043,0.000
27720,25,0,98169,94,13.043,0.000
27730,25,0,98262,94,13.043,0.000
27740,25,0,98356,94,13.183,0.000
27750,25,0,98449,94,13.043,0.000
27760,25,0,98542,94,13.043,0.000
27770,25,0,98635,94,13.043,0.000
27780,25,0,98728,94,13.043,0.000
27790,25,0,98820,94,12.903,0.000
27800,25,0,98912,94,12.903,0.000
27810,25,0,99005,94,13.043,0.000
27820,25,0,99097,94,12.903,0.000
27830,25,0,99188,94,12.763,0.000
27840,25,0,99280,94,12.903,0.000
27850,25,0,99372,94,12.903,0.000
27860,25,0,99463,94,12.763,0.000
27870,25,0,99555,94,12.903,0.000
27880,25,0,99646,94,12.763,0.000
27890,25,0,99738,94,12.903,0.000
27900,25,0,99829,94,12.763,0.000
27910,25,0,99921,94,12.903,0.000
27920,25,0,100013,94,12.903,0.000
27930,25,0,100105,94,12.903,0.000
27940,25,0,100197,94,12.903,0.000
27950,25,0,100288,94,12.763,0.000
27960,25,0,100380,94,12.903,0.000
27970,25,0,100472,94,12.903,0.000
27980,25,0,100564,94,12.903,0.000
27990,25,0,100656,94,12.903,0.000
28000,25,0,100747,94,12.763,0.000
28010,25,0,100839,94,12.903,0.000
28020,25,0,100931,94,12.903,0.000
28030,25,0,101023,94,12.903,0.000
28040,25,0,101115,94,12.903,0.000
28050,25,0,101207,94,12.903,0.000
28060,25,0,101299,94,12.903,0.000
28070,25,0,101391,94,12.903,0.000
28080,25,0,101483,94,12.903,0.000
28090,25,0,101575,94,12.903,0.000
28100,25,0,101667,94,12.903,0.000
28110,25,0,101759,94,12.903,0.000
28120,25,0,101851,94,12.903,0.000
28130,25,0,101943,94,12.903,0.000
28140,25,0,102035,94,12.903,0.000
28150,25,0,102128,94,13.043,0.000
28160,25,0,102220,94,12.903,0.000
28170,25,0,102312,94,12.903,0.000
28180,25,0,102405,94,13.043,0.000
28190,25,0,102498,94,13.043,0.000
28200,25,0,102590,94,12.903,0.000
28210,25,0,102683,94,13.043,0.000
28220,25,0,102776,94,13.043,0.000
28230,25,0,102869,94,13.043,0.000
28240,25,0,102962,94,13.043,0.000
28250,25,0,103055,94,13.043,0.000
28260,25,0,103148,94,13.043,0.000
28270,25,0,103241,94,13.043,0.000
28280,25,0,103333,94,12.903,0.000
28290,25,0,103425,94,12.903,0.000
28300,25,0,103517,94,12.903,0.000
28310,25,0,103609,94,12.903,0.000
28320,25,0,103701,94,12.903,0.000
28330,25,0,103793,94,12.903,0.000
28340,25,0,103884,94,12.763,0.000
28350,25,0,103977,94,13.043,0.000
28360,25,0,104069,94,12.903,0.000
28370,25,0,104161,94,12.903,0.000
28380,25,0,104253,94,12.903,0.000
28390,25,0,104345,94,12.903,0.000
28400,25,0,104438,94,13.043,0.000
28410,25,0,104530,94,12.903,0.000
28420,25,0,104622,94,12.903,0.000
28430,25,0,104713,94,12.763,0.000
28440,25,0,104805,94,12.903,0.000
28450,25,0,104897,94,12.903,0.000
28460,25,0,104989,94,12.903,0.000
28470,25,0,105081,94,12.903,0.000
28480,25,0,105173,94,12.903,0.000
28490,25,0,105266,94,13.043,0.000
28500,25,0,105359,94,13.043,0.000
28510,25,0,105451,94,12.903,0.000
28520,25,0,105544,94,13.043,0.000
28530,25,0,105637,94,13.043,0.000
28540,25,0,105729,94,12.903,0.000
28550,25,0,105822,94,13.043,0.000
28560,25,0,105914,94,12.903,0.000
28570,25,0,106007,94,13.043,0.000
28580,25,0,106099,94,12.903,0.000
28590,25,0,106192,94,13.043,0.000
28600,25,0,106284,94,12.903,0.000
28610,25,0,106377,94,13.043,0.000
28620,25,0,106470,94,13.043,0.000
28630,25,0,106563,94,13.043,0.000
28640,25,0,106656,94,13.043,0.000
28650,25,0,106749,94,13.043,0.000
28660,25,0,106841,94,12.903,0.000
28670,25,0,106934,94,13.043,0.000
28680,25,0,107027,94,13.043,0.000
28690,25,0,107119,94,12.903,0.000
28700,25,0,107211,94,12.903,0.000
28710,25,0,107303,94,12.903,0.000
28720,25,0,107395,94,12.903,0.000
28730,25,0,107486,94,12.763,0.000
28740,25,0,107578,94,12.903,0.000
28750,25,0,107669,94,12.763,0.000
28760,25,0,107761,94,12.903,0.000
28770,25,0,107853,94,12.903,0.000
28780,25,0,107945,94,12.903,0.000
28790,25,0,108036,94,12.763,0.000
28800,25,0,108128,94,12.903,0.000
28810,25,0,108219,94,12.763,0.000
28820,25,0,108310,94,12.763,0.000
28830,25,0,108401,94,12.763,0.000
28840,25,0,108493,94,12.903,0.000
28850,25,0,108583,94,12.622,0.000
28860,25,0,108674,94,12.763,0.000
28870,25,0,108765,94,12.763,0.000
28880,25,0,108855,94,12.622,0.000
28890,25,0,108946,94,12.763,0.000
28900,25,0,109036,94,12.622,0.000
28910,25,0,109127,94,12.763,0.000
28920,25,0,109218,94,12.763,0.000
28930,25,0,109309,94,12.763,0.000
28940,25,0,109401,94,12.903,0.000
28950,25,0,109493,94,12.903,0.000
28960,25,0,109585,94,12.903,0.000
28970,25,0,109677,94,12.903,0.000
28980,25,0,109769,94,12.903,0.000
28990,25,0,109862,94,13.043,0.000
29000,25,0,109954,94,12.903,0.000
29010,25,0,110046,94,12.903,0.000
29020,25,0,110138,94,12.903,0.000
29030,25,0,110230,94,12.903,0.000
29040,25,0,110322,94,12.903,0.000
29050,25,0,110414,94,12.903,0.000
29060,25,0,110506,94,12.903,0.000
29070,25,0,110598,94,12.903,0.000
29080,25,0,110690,94,12.903,0.000
29090,25,0,110782,94,12.903,0.000
29100,25,0,110874,94,12.903,0.000
29110,25,0,110967,94,13.043,0.000
29120,25,0,111059,94,12.903,0.000
29130,25,0,111152,94,13.043,0.000
29140,25,0,111245,94,13.043,0.000
29150,25,0,111339,94,13.183,0.000
29160,25,0,111432,94,13.043,0.000
29170,25,0,111526,94,13.183,0.000
29180,25,0,111619,94,13.043,0.000
29190,25,0,111713,94,13.183,0.000
29200,25,0,111806,94,13.043,0.000
29210,25,0,111899,94,13.043,0.000
29220,25,0,111992,94,13.043,0.000
29230,25,0,112085,94,13.043,0.000
29240,25,0,112179,94,13.183,0.000
29250,25,0,112271,94,12.903,0.000
29260,25,0,112364,94,13.043,0.000
29270,25,0,112457,94,13.043,0.000
29280,25,0,112550,94,13.043,0.000
29290,25,0,112643,94,13.043,0.000
29300,25,0,112735,94,12.903,0.000
29310,25,0,112828,94,13.043,0.000
29320,25,0,112920,94,12.903,0.000
29330,25,0,113013,94,13.043,0.000
29340,25,0,113105,94,12.903,0.000
29350,25,0,113197,94,12.903,0.000
29360,25,0,113289,94,12.903,0.000
29370,25,0,113381,94,12.903,0.000
29380,25,0,113474,94,13.043,0.000
29390,25,0,113567,94,13.043,0.000
29400,25,0,113659,94,12.903,0.000
29410,25,0,113752,94,13.043,0.000
29420,25,0,113844,94,12.903,0.000
29430,25,0,113936,94,12.903,0.000
29440,25,0,114028,94,12.903,0.000
29450,25,0,114120,94,12.903,0.000
29460,25,0,114212,94,12.903,0.000
29470,25,0,114304,94,12.903,0.000
29480,25,0,114396,94,12.903,0.000
29490,25,0,114488,94,12.903,0.000
29500,25,0,114580,94,12.903,0.000
29510,25,0,114672,94,12.903,0.000
29520,25,0,114763,94,12.763,0.000
29530,25,0,114855,94,12.903,0.000
29540,25,0,114947,94,12.903,0.000
29550,25,0,115039,94,12.903,0.000
29560,25,0,115131,94,12.903,0.000
29570,25,0,115223,94,12.903,0.000
29580,25,0,115316,94,13.043,0.000
29590,25,0,115409,94,13.043,0.000
29600,25,0,115502,94,13.043,0.000
29610,25,0,115595,94,13.043,0.000
29620,25,0,115688,94,13.043,0.000
29630,25,0,115781,94,13.043,0.000
29640,25,0,115874,94,13.043,0.000
29650,25,0,115967,94,13.043,0.000
29660,25,0,116060,94,13.043,0.000
29670,25,0,116153,94,13.043,0.000
29680,25,0,116246,94,13.043,0.000
29690,25,0,116339,94,13.043,0.000
29700,25,0,116431,94,12.903,0.000
29710,25,0,116524,94,13.043,0.000
29720,25,0,116617,94,13.043,0.000
29730,25,0,116710,94,13.043,0.000
29740,25,0,116802,94,12.903,0.000
29750,25,0,116895,94,13.043,0.000
29760,25,0,116988,94,13.043,0.000
29770,25,0,117080,94,12.903,0.000
29780,25,0,117173,94,13.043,0.000
29790,25,0,117265,94,12.903,0.000
29800,25,0,117358,94,13.043,0.000
29810,25,0,117451,94,13.043,0.000
29820,25,0,117543,94,12.903,0.000
29830,25,0,117635,94,12.903,0.000
29840,25,0,117728,94,13.043,0.000
29850,25,0,117820,94,12.903,0.000
29860,25,0,117912,94,12.903,0.000
29870,25,0,118004,94,12.903,0.000
29880,25,0,118096,94,12.903,0.000
29890,25,0,118188,94,12.903,0.000
29900,25,0,118281,94,13.043,0.000
29910,25,0,118373,94,12.903,0.000
29920,25,0,118465,94,12.903,0.000
29930,25,0,118558,94,13.043,0.000
29940,25,0,118650,94,12.903,0.000
29950,25,0,118742,94,12.903,0.000
29960,25,0,118835,94,13.043,0.000
29970,25,0,118927,94,12.903,0.000
29980,25,0,119019,94,12.903,0.000
29990,25,0,119111,94,12.903,0.000
30000,25,0,119203,94,12.903,0.000
30010,25,0,119295,94,12.903,0.000
30020,25,0,119387,94,12.903,0.000
30030,25,0,119479,94,12.903,0.000
30040,25,0,119571,94,12.903,0.000
30050,25,0,119664,94,13.043,0.000
30060,25,0,119757,94,13.043,0.000
30070,25,0,119850,94,13.043,0.000
30080,25,0,119943,94,13.043,0.000
30090,25,0,120036,94,13.043,0.000
30100,25,0,120129,94,13.043,0.000
30110,25,0,120223,94,13.183,0.000
30120,25,0,120316,94,13.043,0.000
30130,25,0,120410,94,13.183,0.000
30140,25,0,120503,94,13.043,0.000
30150,25,0,120596,94,13.043,0.000
30160,25,0,120689,94,13.043,0.000
30170,25,0,120782,94,13.043,0.000
30180,25,0,120875,94,13.043,0.000
30190,25,0,120968,94,13.043,0.000
30200,25,0,121061,94,13.043,0.000
30210,25,0,121154,94,13.043,0.000
30220,25,0,121247,94,13.043,0.000
30230,25,0,121340,94,13.043,0.000
30240,25,0,121433,94,13.043,0.000
30250,25,0,121526,94,13.043,0.000
30260,25,0,121619,94,13.043,0.000
30270,25,0,121712,94,13.043,0.000
30280,25,0,121805,94,13.043,0.000
30290,25,0,121898,94,13.043,0.000
30300,25,0,121992,94,13.183,0.000
30310,25,0,122085,94,13.043,0.000
30320,25,0,122178,94,13.043,0.000
30330,25,0,122271,94,13.043,0.000
30340,25,0,122363,94,12.903,0.000
30350,25,0,122456,94,13.043,0.000
30360,25,0,122549,94,13.043,0.000
30370,25,0,122642,94,13.043,0.000
30380,25,0,122735,94,13.043,0.000
30390,25,0,122827,94,12.903,0.000
30400,25,0,122919,94,12.903,0.000
30410,25,0,123012,94,13.043,0.000
30420,25,0,123104,94,12.903,0.000
30430,25,0,123197,94,13.043,0.000
30440,25,0,123289,94,12.903,0.000
30450,25,0,123382,94,13.043,0.000
30460,25,0,123474,94,12.903,0.000
30470,25,0,123566,94,12.903,0.000
30480,25,0,123658,94,12.903,0.000
30490,25,0,123751,94,13.043,0.000
30500,25,0,123842,94,12.763,0.000
30510,25,0,123934,94,12.903,0.000
30520,25,0,124025,94,12.763,0.000
30530,25,0,124117,94,12.903,0.000
30540,25,0,124209,94,12.903,0.000
30550,25,0,124300,94,12.763,0.000
30560,25,0,124392,94,12.903,0.000
30570,25,0,124484,94,12.903,0.000
30580,25,0,124576,94,12.903,0.000
30590,25,0,124668,94,12.903,0.000
30600,25,0,124760,94,12.903,0.000
30610,25,0,124853,94,13.043,0.000
30620,25,0,124945,94,12.903,0.000
30630,25,0,125038,94,13.043,0.000
30640,25,0,125130,94,12.903,0.000
30650,25,0,125223,94,13.043,0.000
30660,25,0,125315,94,12.903,0.000
30670,25,0,125408,94,13.043,0.000
30680,25,0,125500,94,12.903,0.000
30690,25,0,125592,94,12.903,0.000
30700,25,0,125684,94,12.903,0.000
30710,25,0,125776,94,12.903,0.000
30720,25,0,125868,94,12.903,0.000
30730,25,0,125959,94,12.763,0.000
30740,25,0,126051,94,12.903,0.000
30750,25,0,126142,94,12.763,0.000
30760,25,0,126233,94,12.763,0.000
30770,25,0,126324,94,12.763,0.000
30780,25,0,126416,94,12.903,0.000
30790,25,0,126507,94,12.763,0.000
30800,25,0,126598,94,12.763,0.000
30810,25,0,126688,94,12.622,0.000
30820,25,0,126779,94,12.763,0.000
30830,25,0,126869,94,12.622,0.000
30840,25,0,126960,94,12.763,0.000
30850,25,0,127050,94,12.622,0.000
30860,25,0,127141,94,12.763,0.000
30870,25,0,127231,94,12.622,0.000
30880,25,0,127321,94,12.622,0.000
30890,25,0,127412,94,12.763,0.000
30900,25,0,127502,94,12.622,0.000
30910,25,0,127592,94,12.622,0.000
30920,25,0,127682,94,12.622,0.000
30930,25,0,127772,94,12.622,0.000
30940,25,0,127862,94,12.622,0.000
30950,25,0,127952,94,12.622,0.000
30960,25,0,128042,94,12.622,0.000
30970,25,0,128132,94,12.622,0.000
30980,25,0,128222,94,12.622,0.000
30990,25,0,128312,94,12.622,0.000
31000,25,0,128403,94,12.763,0.000
31010,25,0,128493,94,12.622,0.000
31020,25,0,128583,94,12.622,0.000
31030,25,0,128674,94,12.763,0.000
31040,25,0,128764,94,12.622,0.000
31050,25,0,128855,94,12.763,0.000
31060,25,0,128946,94,12.763,0.000
31070,25,0,129037,94,12.763,0.000
31080,25,0,129128,94,12.763,0.000
31090,25,0,129219,94,12.763,0.000
31100,25,0,129310,94,12.763,0.000
31110,25,0,129402,94,12.903,0.000
31120,25,0,129493,94,12.763,0.000
31130,25,0,129585,94,12.903,0.000
31140,25,0,129676,94,12.763,0.000
31150,25,0,129767,94,12.763,0.000
31160,25,0,129858,94,12.763,0.000
31170,25,0,129949,94,12.763,0.000
31180,25,0,130040,94,12.763,0.000
31190,25,0,130130,94,12.622,0.000
31200,25,0,130221,94,12.763,0.000
31210,25,0,130311,94,12.622,0.000
31220,25,0,130402,94,12.763,0.000
31230,25,0,130493,94,12.763,0.000
31240,25,0,130583,94,12.622,0.000
31250,25,0,130674,94,12.763,0.000
31260,25,0,130765,94,12.763,0.000
31270,25,0,130855,94,12.622,0.000
31280,25,0,130946,94,12.763,0.000
31290,25,0,131037,94,12.763,0.000
31300,25,0,131127,94,12.622,0.000
31310,25,0,131218,94,12.763,0.000
31320,25,0,131308,94,12.622,0.000
31330,25,0,131399,94,12.763,0.000
31340,25,0,131489,94,12.622,0.000
31350,25,0,131580,94,12.763,0.000
31360,25,0,131670,94,12.622,0.000
31370,25,0,131760,94,12.622,0.000
31380,25,0,131850,94,12.622,0.000
31390,25,0,131941,94,12.763,0.000
31400,25,0,132031,94,12.622,0.000
31410,25,0,132121,94,12.622,0.000
31420,25,0,132211,94,12.622,0.000
31430,25,0,132301,94,12.622,0.000
31440,25,0,132392,94,12.763,0.000
31450,25,0,132482,94,12.622,0.000
31460,25,0,132573,94,12.763,0.000
31470,25,0,132664,94,12.763,0.000
31480,25,0,132755,94,12.763,0.000
31490,25,0,132846,94,12.763,0.000
31500,25,0,132937,94,12.763,0.000
31510,25,0,133028,94,12.763,0.000
31520,25,0,133120,94,12.903,0.000
31530,25,0,133211,94,12.763,0.000
31540,25,0,133302,94,12.763,0.000
31550,25,0,133394,94,12.903,0.000
31560,25,0,133486,94,12.903,0.000
31570,25,0,133577,94,12.763,0.000
31580,25,0,133669,94,12.903,0.000
31590,25,0,133761,94,12.903,0.000
31600,25,0,133853,94,12.903,0.000
31610,25,0,133944,94,12.763,0.000
31620,25,0,134036,94,12.903,0.000
31630,25,0,134128,94,12.903,0.000
31640,25,0,134220,94,12.903,0.000
31650,25,0,134312,94,12.903,0.000
31660,25,0,134405,94,13.043,0.000
31670,25,0,134497,94,12.903,0.000
31680,25,0,134589,94,12.903,0.000
31690,25,0,134681,94,12.903,0.000
31700,25,0,134773,94,12.903,0.000
31710,25,0,134864,94,12.763,0.000
31720,25,0,134956,94,12.903,0.000
31730,25,0,135048,94,12.903,0.000
31740,25,0,135140,94,12.903,0.000
31750,25,0,135231,94,12.763,0.000
31760,25,0,135323,94,12.903,0.000
31770,25,0,135415,94,12.903,0.000
31780,25,0,135507,94,12.903,0.000
31790,25,0,135599,94,12.903,0.000
31800,25,0,135691,94,12.903,0.000
31810,25,0,135783,94,12.903,0.000
31820,25,0,135875,94,12.903,0.000
31830,25,0,135966,94,12.763,0.000
31840,25,0,136058,94,12.903,0.000
31850,25,0,136150,94,12.903,0.000
31860,25,0,136243,94,13.043,0.000
31870,25,0,136335,94,12.903,0.000
31880,25,0,136427,94,12.903,0.000
31890,25,0,136519,94,12.903,0.000
31900,25,0,136611,94,12.903,0.000
31910,25,0,136703,94,12.903,0.000
31920,25,0,136795,94,12.903,0.000
31930,25,0,136886,94,12.763,0.000
31940,25,0,136978,94,12.903,0.000
31950,25,0,137070,94,12.903,0.000
31960,25,0,137162,94,12.903,0.000
31970,25,0,137254,94,12.903,0.000
31980,25,0,137345,94,12.763,0.000
31990,25,0,137437,94,12.903,0.000
32000,25,0,137529,94,12.903,0.000
32010,25,0,137621,94,12.903,0.000
32020,25,0,137713,94,12.903,0.000
32030,25,0,137805,94,12.903,0.000
32040,25,0,137897,94,12.903,0.000
32050,25,0,137989,94,12.903,0.000
32060,25,0,138082,94,13.043,0.000
32070,25,0,138174,94,12.903,0.000
32080,25,0,138266,94,12.903,0.000
32090,25,0,138359,94,13.043,0.000
32100,25,0,138451,94,12.903,0.000
32110,25,0,138544,94,13.043,0.000
32120,25,0,138636,94,12.903,0.000
32130,25,0,138728,94,12.903,0.000
32140,25,0,138820,94,12.903,0.000
32150,25,0,138912,94,12.903,0.000
32160,25,0,139004,94,12.903,0.000
32170,25,0,139096,94,12.903,0.000
32180,25,0,139188,94,12.903,0.000
32190,25,0,139280,94,12.903,0.000
32200,25,0,139371,94,12.763,0.000
32210,25,0,139462,94,12.763,0.000
32220,25,0,139553,94,12.763,0.000
32230,25,0,139645,94,12.903,0.000
32240,25,0,139736,94,12.763,0.000
32250,25,0,139827,94,12.763,0.000
32260,25,0,139919,94,12.903,0.000
32270,25,0,140010,94,12.763,0.000
32280,25,0,140102,94,12.903,0.000
32290,25,0,140193,94,12.763,0.000
32300,25,0,140285,94,12.903,0.000
32310,25,0,140377,94,12.903,0.000
32320,25,0,140469,94,12.903,0.000
32330,25,0,140560,94,12.763,0.000
32340,25,0,140652,94,12.903,0.000
32350,25,0,140744,94,12.903,0.000
32360,25,0,140835,94,12.763,0.000
32370,25,0,140927,94,12.903,0.000
32380,25,0,141019,94,12.903,0.000
32390,25,0,141112,94,13.043,0.000
32400,25,0,141204,94,12.903,0.000
32410,25,0,141296,94,12.903,0.000
32420,25,0,141389,94,13.043,0.000
32430,25,0,141481,94,12.903,0.000
32440,25,0,141573,94,12.903,0.000
32450,25,0,141666,94,13.043,0.000
32460,25,0,141758,94,12.903,0.000
32470,25,0,141850,94,12.903,0.000
32480,25,0,141942,94,12.903,0.000
32490,25,0,142034,94,12.903,0.000
32500,25,0,142126,94,12.903,0.000
32510,25,0,142218,94,12.903,0.000
32520,25,0,142310,94,12.903,0.000
32530,25,0,142402,94,12.903,0.000
32540,25,0,142495,94,13.043,0.000
32550,25,0,142587,94,12.903,0.000
32560,25,0,142680,94,13.043,0.000
32570,25,0,142773,94,13.043,0.000
32580,25,0,142866,94,13.043,0.000
32590,25,0,142960,94,13.183,0.000
32600,25,0,143054,94,13.183,0.000
32610,25,0,143148,94,13.183,0.000
32620,25,0,143242,94,13.183,0.000
32630,25,0,143335,94,13.043,0.000
32640,25,0,143429,94,13.183,0.000
32650,25,0,143522,94,13.043,0.000
32660,25,0,143615,94,13.043,0.000
32670,25,0,143708,94,13.043,0.000
32680,25,0,143801,94,13.043,0.000
32690,25,0,143893,94,12.903,0.000
32700,25,0,143986,94,13.043,0.000
32710,25,0,144078,94,12.903,0.000
32720,25,0,144171,94,13.043,0.000
32730,25,0,144263,94,12.903,0.000
32740,25,0,144355,94,12.903,0.000
32750,25,0,144447,94,12.903,0.000
32760,25,0,144538,94,12.763,0.000
32770,25,0,144630,94,12.903,0.000
32780,25,0,144722,94,12.903,0.000
32790,25,0,144814,94,12.903,0.000
32800,25,0,144905,94,12.763,0.000
32810,25,0,144997,94,12.903,0.000
32820,25,0,145089,94,12.903,0.000
32830,25,0,145181,94,12.903,0.000
32840,25,0,145273,94,12.903,0.000
32850,25,0,145364,94,12.763,0.000
32860,25,0,145456,94,12.903,0.000
32870,25,0,145547,94,12.763,0.000
32880,25,0,145639,94,12.903,0.000
32890,25,0,145730,94,12.763,0.000
32900,25,0,145822,94,12.903,0.000
32910,25,0,145913,94,12.763,0.000
32920,25,0,146004,94,12.763,0.000
32930,25,0,146096,94,12.903,0.000
32940,25,0,146187,94,12.763,0.000
32950,25,0,146279,94,12.903,0.000
32960,25,0,146371,94,12.903,0.000
32970,25,0,146463,94,12.903,0.000
32980,25,0,146555,94,12.903,0.000
32990,25,0,146647,94,12.903,0.000
33000,25,0,146740,94,13.043,0.000
33010,25,0,146832,94,12.903,0.000
33020,25,0,146925,94,13.043,0.000
33030,25,0,147017,94,12.903,0.000
33040,25,0,147109,94,12.903,0.000
33050,25,0,147202,94,13.043,0.000
33060,25,0,147295,94,13.043,0.000
33070,25,0,147387,94,12.903,0.000
33080,25,0,147480,94,13.043,0.000
33090,25,0,147574,94,13.183,0.000
33100,25,0,147667,94,13.043,0.000
33110,25,0,147760,94,13.043,0.000
33120,25,0,147854,94,13.183,0.000
33130,25,0,147948,94,13.183,0.000
33140,25,0,148041,94,13.043,0.000
33150,25,0,148134,94,13.043,0.000
33160,25,0,148227,94,13.043,0.000
33170,25,0,148320,94,13.043,0.000
33180,25,0,148413,94,13.043,0.000
33190,25,0,148505,94,12.903,0.000
33200,25,0,148598,94,13.043,0.000
33210,25,0,148690,94,12.903,0.000
33220,25,0,148782,94,12.903,0.000
33230,25,0,148875,94,13.043,0.000
33240,25,0,148967,94,12.903,0.000
33250,25,0,149059,94,12.903,0.000
33260,25,0,149151,94,12.903,0.000
33270,25,0,149243,94,12.903,0.000
33280,25,0,149335,94,12.903,0.000
33290,25,0,149428,94,13.043,0.000
33300,25,0,149520,94,12.903,0.000
33310,25,0,149611,94,12.763,0.000
33320,25,0,149703,94,12.903,0.000
33330,25,0,149795,94,12.903,0.000
33340,25,0,149886,94,12.763,0.000
33350,25,0,149977,94,12.763,0.000
33360,25,0,150068,94,12.763,0.000
33370,25,0,150159,94,12.763,0.000
33380,25,0,150250,94,12.763,0.000
33390,25,0,150341,94,12.763,0.000
33400,25,0,150432,94,12.763,0.000
33410,25,0,150524,94,12.903,0.000
33420,25,0,150615,94,12.763,0.000
33430,25,0,150706,94,12.763,0.000
33440,25,0,150797,94,12.763,0.000
33450,25,0,150888,94,12.763,0.000
33460,25,0,150980,94,12.903,0.000
33470,25,0,151071,94,12.763,0.000
33480,25,0,151163,94,12.903,0.000
33490,25,0,151255,94,12.903,0.000
33500,25,0,151347,94,12.903,0.000
33510,25,0,151440,94,13.043,0.000
33520,25,0,151533,94,13.043,0.000
33530,25,0,151626,94,13.043,0.000
33540,25,0,151720,94,13.183,0.000
33550,25,0,151813,94,13.043,0.000
33560,25,0,151907,94,13.183,0.000
33570,25,0,152001,94,13.183,0.000
33580,25,0,152094,94,13.043,0.000
33590,25,0,152187,94,13.043,0.000
33600,25,0,152279,94,12.903,0.000
33610,25,0,152372,94,13.043,0.000
33620,25,0,152465,94,13.043,0.000
33630,25,0,152557,94,12.903,0.000
33640,25,0,152650,94,13.043,0.000
33650,25,0,152743,94,13.043,0.000
33660,25,0,152836,94,13.043,0.000
33670,25,0,152929,94,13.043,0.000
33680,25,0,153023,94,13.183,0.000
33690,25,0,153115,94,12.903,0.000
33700,25,0,153208,94,13.043,0.000
33710,25,0,153300,94,12.903,0.000
33720,25,0,153393,94,13.043,0.000
33730,25,0,153485,94,12.903,0.000
33740,25,0,153577,94,12.903,0.000
33750,25,0,153668,94,12.763,0.000
33760,25,0,153760,94,12.903,0.000
33770,25,0,153852,94,12.903,0.000
33780,25,0,153943,94,12.763,0.000
33790,25,0,154035,94,12.903,0.000
33800,25,0,154126,94,12.763,0.000
33810,25,0,154218,94,12.903,0.000
33820,25,0,154309,94,12.763,0.000
33830,25,0,154401,94,12.903,0.000
33840,25,0,154492,94,12.763,0.000
33850,25,0,154583,94,12.763,0.000
33860,25,0,154674,94,12.763,0.000
33870,25,0,154765,94,12.763,0.000
33880,25,0,154856,94,12.763,0.000
33890,25,0,154947,94,12.763,0.000
33900,25,0,155037,94,12.622,0.000
33910,25,0,155128,94,12.763,0.000
33920,25,0,155218,94,12.622,0.000
33930,25,0,155309,94,12.763,0.000
33940,25,0,155400,94,12.763,0.000
33950,25,0,155490,94,12.622,0.000
33960,25,0,155582,94,12.903,0.000
33970,25,0,155673,94,12.763,0.000
33980,25,0,155765,94,12.903,0.000
33990,25,0,155857,94,12.903,0.000
34000,25,0,155949,94,12.903,0.000
34010,25,0,156041,94,12.903,0.000
34020,25,0,156133,94,12.903,0.000
34030,25,0,156226,94,13.043,0.000
34040,25,0,156318,94,12.903,0.000
34050,25,0,156411,94,13.043,0.000
34060,25,0,156503,94,12.903,0.000
34070,25,0,156596,94,13.043,0.000
34080,25,0,156689,94,13.043,0.000
34090,25,0,156782,94,13.043,0.000
34100,25,0,156874,94,12.903,0.000
34110,25,0,156967,94,13.043,0.000
34120,25,0,157060,94,13.043,0.000
34130,25,0,157152,94,12.903,0.000
34140,25,0,157244,94,12.903,0.000
34150,25,0,157336,94,12.903,0.000
34160,25,0,157428,94,12.903,0.000
34170,25,0,157520,94,12.903,0.000
34180,25,0,157612,94,12.903,0.000
34190,25,0,157704,94,12.903,0.000
34200,25,0,157796,94,12.903,0.000
34210,25,0,157887,94,12.763,0.000
34220,25,0,157979,94,12.903,0.000
34230,25,0,158070,94,12.763,0.000
34240,25,0,158162,94,12.903,0.000
34250,25,0,158254,94,12.903,0.000
34260,25,0,158345,94,12.763,0.000
34270,25,0,158437,94,12.903,0.000
34280,25,0,158529,94,12.903,0.000
34290,25,0,158621,94,12.903,0.000
34300,25,0,158713,94,12.903,0.000
34310,25,0,158805,94,12.903,0.000
34320,25,0,158897,94,12.903,0.000
34330,25,0,158989,94,12.903,0.000
34340,25,0,159081,94,12.903,0.000
34350,25,0,159173,94,12.903,0.000
34360,25,0,159265,94,12.903,0.000
34370,25,0,159357,94,12.903,0.000
34380,25,0,159449,94,12.903,0.000
34390,25,0,159541,94,12.903,0.000
34400,25,0,159634,94,13.043,0.000
34410,25,0,159726,94,12.903,0.000
34420,25,0,159819,94,13.043,0.000
34430,25,0,159911,94,12.903,0.000
34440,25,0,160004,94,13.043,0.000
34450,25,0,160097,94,13.043,0.000
34460,25,0,160190,94,13.043,0.000
34470,25,0,160283,94,13.043,0.000
34480,25,0,160375,94,12.903,0.000
34490,25,0,160468,94,13.043,0.000
34500,25,0,160560,94,12.903,0.000
34510,25,0,160653,94,13.043,0.000
34520,25,0,160746,94,13.043,0.000
34530,25,0,160839,94,13.043,0.000
34540,25,0,160932,94,13.043,0.000
34550,25,0,161025,94,13.043,0.000
34560,25,0,161118,94,13.043,0.000
34570,25,0,161211,94,13.043,0.000
34580,25,0,161304,94,13.043,0.000
34590,25,0,161397,94,13.043,0.000
34600,25,0,161491,94,13.183,0.000
34610,25,0,161584,94,13.043,0.000
34620,25,0,161677,94,13.043,0.000
34630,25,0,161770,94,13.043,0.000
34640,25,0,161863,94,13.043,0.000
34650,25,0,161956,94,13.043,0.000
34660,25,0,162049,94,13.043,0.000
34670,25,0,162141,94,12.903,0.000
34680,25,0,162234,94,13.043,0.000
34690,25,0,162326,94,12.903,0.000
34700,25,0,162419,94,13.043,0.000
34710,25,0,162511,94,12.903,0.000
34720,25,0,162603,94,12.903,0.000
34730,25,0,162696,94,13.043,0.000
34740,25,0,162788,94,12.903,0.000
34750,25,0,162881,94,13.043,0.000
34760,25,0,162973,94,12.903,0.000
34770,25,0,163066,94,13.043,0.000
34780,25,0,163158,94,12.903,0.000
34790,25,0,163250,94,12.903,0.000
34800,25,0,163343,94,13.043,0.000
34810,25,0,163435,94,12.903,0.000
34820,25,0,163527,94,12.903,0.000
34830,25,0,163619,94,12.903,0.000
34840,25,0,163711,94,12.903,0.000
34850,25,0,163803,94,12.903,0.000
34860,25,0,163895,94,12.903,0.000
34870,25,0,163987,94,12.903,0.000
34880,25,0,164079,94,12.903,0.000
34890,25,0,164171,94,12.903,0.000
34900,25,0,164263,94,12.903,0.000
34910,25,0,164355,94,12.903,0.000
34920,25,0,164446,94,12.763,0.000
34930,25,0,164538,94,12.903,0.000
34940,25,0,164630,94,12.903,0.000
34950,25,0,164722,94,12.903,0.000
34960,25,0,164814,94,12.903,0.000
34970,25,0,164906,94,12.903,0.000
34980,25,0,164998,94,12.903,0.000
34990,25,0,165090,94,12.903,0.000
35000,25,0,165183,94,13.043,0.000
35010,25,0,165275,94,12.903,0.000
35020,25,0,165368,94,13.043,0.000
35030,25,0,165461,94,13.043,0.000
35040,25,0,165554,94,13.043,0.000
35050,25,0,165647,94,13.043,0.000
35060,25,0,165739,94,12.903,0.000
35070,25,0,165832,94,13.043,0.000
35080,25,0,165925,94,13.043,0.000
35090,25,0,166017,94,12.903,0.000
35100,25,0,166109,94,12.903,0.000
35110,25,0,166202,94,13.043,0.000
35120,25,0,166294,94,12.903,0.000
35130,25,0,166386,94,12.903,0.000
35140,25,0,166478,94,12.903,0.000
35150,25,0,166571,94,13.043,0.000
35160,25,0,166663,94,12.903,0.000
35170,25,0,166755,94,12.903,0.000
35180,25,0,166847,94,12.903,0.000
35190,25,0,166939,94,12.903,0.000
35200,25,0,167031,94,12.903,0.000
35210,25,0,167122,94,12.763,0.000
35220,25,0,167214,94,12.903,0.000
35230,25,0,167306,94,12.903,0.000
35240,25,0,167398,94,12.903,0.000
35250,25,0,167489,94,12.763,0.000
35260,25,0,167580,94,12.763,0.000
35270,25,0,167672,94,12.903,0.000
35280,25,0,167763,94,12.763,0.000
35290,25,0,167855,94,12.903,0.000
35300,25,0,167947,94,12.903,0.000
35310,25,0,168040,94,13.043,0.000
35320,25,0,168132,94,12.903,0.000
35330,25,0,168224,94,12.903,0.000
35340,25,0,168317,94,13.043,0.000
35350,25,0,168409,94,12.903,0.000
35360,25,0,168501,94,12.903,0.000
35370,25,0,168592,94,12.763,0.000
35380,25,0,168684,94,12.903,0.000
35390,25,0,168776,94,12.903,0.000
35400,25,0,168868,94,12.903,0.000
35410,25,0,168960,94,12.903,0.000
35420,25,0,169053,94,13.043,0.000
35430,25,0,169145,94,12.903,0.000
35440,25,0,169238,94,13.043,0.000
35450,25,0,169331,94,13.043,0.000
35460,25,0,169424,94,13.043,0.000
35470,25,0,169517,94,13.043,0.000
35480,25,0,169610,94,13.043,0.000
35490,25,0,169703,94,13.043,0.000
35500,25,0,169796,94,13.043,0.000
35510,25,0,169889,94,13.043,0.000
35520,25,0,169981,94,12.903,0.000
35530,25,0,170074,94,13.043,0.000
35540,25,0,170167,94,13.043,0.000
35550,25,0,170260,94,13.043,0.000
35560,25,0,170352,94,12.903,0.000
35570,25,0,170445,94,13.043,0.000
35580,25,0,170537,94,12.903,0.000
35590,25,0,170630,94,13.043,0.000
35600,25,0,170723,94,13.043,0.000
35610,25,0,170816,94,13.043,0.000
35620,25,0,170909,94,13.043,0.000
35630,25,0,171001,94,12.903,0.000
35640,25,0,171094,94,13.043,0.000
35650,25,0,171186,94,12.903,0.000
35660,25,0,171279,94,13.043,0.000
35670,25,0,171371,94,12.903,0.000
35680,25,0,171463,94,12.903,0.000
35690,25,0,171555,94,12.903,0.000
35700,25,0,171647,94,12.903,0.000
35710,25,0,171739,94,12.903,0.000
35720,25,0,171831,94,12.903,0.000
35730,25,0,171923,94,12.903,0.000
35740,25,0,172015,94,12.903,0.000
35750,25,0,172107,94,12.903,0.000
35760,25,0,172199,94,12.903,0.000
35770,25,0,172291,94,12.903,0.000
35780,25,0,172384,94,13.043,0.000
35790,25,0,172476,94,12.903,0.000
35800,25,0,172568,94,12.903,0.000
35810,25,0,172661,94,13.043,0.000
35820,25,0,172753,94,12.903,0.000
35830,25,0,172845,94,12.903,0.000
35840,25,0,172936,94,12.763,0.000
35850,25,0,173028,94,12.903,0.000
35860,25,0,173120,94,12.903,0.000
35870,25,0,173211,94,12.763,0.000
35880,25,0,173303,94,12.903,0.000
35890,25,0,173394,94,12.763,0.000
35900,25,0,173487,94,13.043,0.000
35910,25,0,173579,94,12.903,0.000
35920,25,0,173671,94,12.903,0.000
35930,25,0,173762,94,12.763,0.000
35940,25,0,173854,94,12.903,0.000
35950,25,0,173946,94,12.903,0.000
35960,25,0,174038,94,12.903,0.000
35970,25,0,174130,94,12.903,0.000
35980,25,0,174222,94,12.903,0.000
35990,25,0,174314,94,12.903,0.000
36000,25,0,174406,94,12.903,0.000
36010,0,0,174498,94,12.903,0.000
36020,0,0,174590,94,12.903,0.000
36030,0,0,174682,94,12.903,0.000
36040,0,0,174768,94,12.061,0.000
36050,0,0,174847,94,11.080,0.000
36060,0,0,174914,94,9.397,0.000
36070,0,0,174967,94,7.433,0.000
36080,0,0,175008,94,5.750,0.000
36090,0,0,175040,94,4.488,0.000
36100,0,0,175064,94,3.366,0.000
36110,0,0,175079,94,2.104,0.000
36120,0,0,175090,94,1.543,0.000
36130,0,0,175097,94,0.982,0.000
36140,0,0,175103,94,0.841,0.000
36150,0,0,175107,94,0.561,0.000
36160,0,0,175109,94,0.280,0.000
36170,0,0,175111,94,0.280,0.000
36180,0,0,175111,94,0.000,0.000
36190,0,0,175111,94,0.000,0.000
36200,0,0,175111,94,0.000,0.000
36210,0,0,175111,94,0.000,0.000
36220,0,0,175111,94,0.000,0.000
36230,0,0,175111,94,0.000,0.000
36240,0,0,175111,94,0.000,0.000
36250,0,0,175111,94,0.000,0.000
36260,0,0,175111,94,0.000,0.000
36270,0,0,175111,94,0.000,0.000
36280,0,0,175111,94,0.000,0.000
36290,0,0,175111,94,0.000,0.000
36300,0,0,175111,94,0.000,0.000
36310,0,0,175111,94,0.000,0.000
36320,0,0,175111,94,0.000,0.000
36330,0,0,175111,94,0.000,0.000
36340,0,0,175111,94,0.000,0.000
36350,0,0,175111,94,0.000,0.000
36360,0,0,175111,94,0.000,0.000
36370,0,0,175111,94,0.000,0.000
36380,0,0,175111,94,0.000,0.000
36390,0,0,175111,94,0.000,0.000
36400,0,0,175111,94,0.000,0.000
36410,0,0,175111,94,0.000,0.000
36420,0,0,175111,94,0.000,0.000
36430,0,0,175111,94,0.000,0.000
36440,0,0,175111,94,0.000,0.000
36450,0,0,175111,94,0.000,0.000
36460,0,0,175111,94,0.000,0.000
36470,0,0,175111,94,0.000,0.000
36480,0,0,175111,94,0.000,0.000
36490,0,0,175111,94,0.000,0.000
36500,0,0,175111,94,0.000,0.000
36510,0,0,175111,94,0.000,0.000
36520,0,0,175111,94,0.000,0.000
36530,0,0,175111,94,0.000,0.000
36540,0,0,175111,94,0.000,0.000
36550,0,0,175111,94,0.000,0.000
36560,0,0,175111,94,0.000,0.000
36570,0,0,175111,94,0.000,0.000
36580,0,0,175111,94,0.000,0.000
36590,0,0,175111,94,0.000,0.000
36600,0,0,175111,94,0.000,0.000
36610,0,0,175111,94,0.000,0.000
36620,0,0,175111,94,0.000,0.000
36630,0,0,175111,94,0.000,0.000
36640,0,0,175111,94,0.000,0.000
36650,0,0,175111,94,0.000,0.000
36660,0,0,175111,94,0.000,0.000
36670,0,0,175111,94,0.000,0.000
36680,0,0,175111,94,0.000,0.000
36690,0,0,175111,94,0.000,0.000
36700,0,0,175111,94,0.000,0.000
36710,0,0,175111,94,0.000,0.000
36720,0,0,175111,94,0.000,0.000
36730,0,0,175111,94,0.000,0.000
36740,0,0,175111,94,0.000,0.000
36750,0,0,175111,94,0.000,0.000
36760,0,0,175111,94,0.000,0.000
36770,0,0,175111,94,0.000,0.000
36780,0,0,175111,94,0.000,0.000
36790,0,0,175111,94,0.000,0.000
36800,0,0,175111,94,0.000,0.000
36810,0,0,175111,94,0.000,0.000
36820,0,0,175111,94,0.000,0.000
36830,0,0,175111,94,0.000,0.000
36840,0,0,175111,94,0.000,0.000
36850,0,0,175111,94,0.000,0.000
36860,0,0,175111,94,0.000,0.000
36870,0,0,175111,94,0.000,0.000
36880,0,0,175111,94,0.000,0.000
36890,0,0,175111,94,0.000,0.000
36900,0,0,175111,94,0.000,0.000
36910,0,0,175111,94,0.000,0.000
36920,0,0,175111,94,0.000,0.000
36930,0,0,175111,94,0.000,0.000
36940,0,0,175111,94,0.000,0.000
36950,0,0,175111,94,0.000,0.000
36960,0,0,175111,94,0.000,0.000
36970,0,0,175111,94,0.000,0.000
36980,0,0,175111,94,0.000,0.000
36990,0,0,175111,94,0.000,0.000
37000,0,0,175111,94,0.000,0.000
37010,0,0,175111,94,0.000,0.000
37020,0,0,175111,94,0.000,0.000
37030,0,0,175111,94,0.000,0.000
37040,0,0,175111,94,0.000,0.000
37050,0,0,175111,94,0.000,0.000
37060,0,0,175111,94,0.000,0.000
37070,0,0,175111,94,0.000,0.000
37080,0,0,175111,94,0.000,0.000
37090,0,0,175111,94,0.000,0.000
37100,0,0,175111,94,0.000,0.000
37110,0,0,175111,94,0.000,0.000
37120,0,0,175111,94,0.000,0.000
37130,0,0,175111,94,0.000,0.000
37140,0,0,175111,94,0.000,0.000
37150,0,0,175111,94,0.000,0.000
37160,0,0,175111,94,0.000,0.000
37170,0,0,175111,94,0.000,0.000
37180,0,0,175111,94,0.000,0.000
37190,0,0,175111,94,0.000,0.000
37200,0,0,175111,94,0.000,0.000
37210,0,0,175111,94,0.000,0.000
37220,0,0,175111,94,0.000,0.000
37230,0,0,175111,94,0.000,0.000
37240,0,0,175111,94,0.000,0.000
37250,0,0,175111,94,0.000,0.000
37260,0,0,175111,94,0.000,0.000
37270,0,0,175111,94,0.000,0.000
37280,0,0,175111,94,0.000,0.000
37290,0,0,175111,94,0.000,0.000
37300,0,0,175111,94,0.000,0.000
37310,0,0,175111,94,0.000,0.000
37320,0,0,175111,94,0.000,0.000
37330,0,0,175111,94,0.000,0.000
37340,0,0,175111,94,0.000,0.000
37350,0,0,175111,94,0.000,0.000
37360,0,0,175111,94,0.000,0.000
37370,0,0,175111,94,0.000,0.000
37380,0,0,175111,94,0.000,0.000
37390,0,0,175111,94,0.000,0.000
37400,0,0,175111,94,0.000,0.000
37410,0,0,175111,94,0.000,0.000
37420,0,0,175111,94,0.000,0.000
37430,0,0,175111,94,0.000,0.000
37440,0,0,175111,94,0.000,0.000
37450,0,0,175111,94,0.000,0.000
37460,0,0,175111,94,0.000,0.000
37470,0,0,175111,94,0.000,0.000
37480,0,0,175111,94,0.000,0.000
37490,0,0,175111,94,0.000,0.000
37500,0,0,175111,94,0.000,0.000
37510,0,0,175111,94,0.000,0.000
37520,0,0,175111,94,0.000,0.000
37530,0,0,175111,94,0.000,0.000
37540,0,0,175111,94,0.000,0.000
37550,0,0,175111,94,0.000,0.000
37560,0,0,175111,94,0.000,0.000
37570,0,0,175111,94,0.000,0.000
37580,0,0,175111,94,0.000,0.000
37590,0,0,175111,94,0.000,0.000
37600,0,0,175111,94,0.000,0.000
37610,0,0,175111,94,0.000,0.000
37620,0,0,175111,94,0.000,0.000
37630,0,0,175111,94,0.000,0.000
37640,0,0,175111,94,0.000,0.000
37650,0,0,175111,94,0.000,0.000
37660,0,0,175111,94,0.000,0.000
37670,0,0,175111,94,0.000,0.000
37680,0,0,175111,94,0.000,0.000
37690,0,0,175111,94,0.000,0.000
37700,0,0,175111,94,0.000,0.000
37710,0,0,175111,94,0.000,0.000
37720,0,0,175111,94,0.000,0.000
37730,0,0,175111,94,0.000,0.000
37740,0,0,175111,94,0.000,0.000
37750,0,0,175111,94,0.000,0.000
37760,0,0,175111,94,0.000,0.000
37770,0,0,175111,94,0.000,0.000
37780,0,0,175111,94,0.000,0.000
37790,0,0,175111,94,0.000,0.000
37800,0,0,175111,94,0.000,0.000
37810,0,0,175111,94,0.000,0.000
37820,0,0,175111,94,0.000,0.000
37830,0,0,175111,94,0.000,0.000
37840,0,0,175111,94,0.000,0.000
37850,0,0,175111,94,0.000,0.000
37860,0,0,175111,94,0.000,0.000
37870,0,0,175111,94,0.000,0.000
37880,0,0,175111,94,0.000,0.000
37890,0,0,175111,94,0.000,0.000
37900,0,0,175111,94,0.000,0.000
37910,0,0,175111,94,0.000,0.000
37920,0,0,175111,94,0.000,0.000
37930,0,0,175111,94,0.000,0.000
37940,0,0,175111,94,0.000,0.000
37950,0,0,175111,94,0.000,0.000
37960,0,0,175111,94,0.000,0.000
37970,0,0,175111,94,0.000,0.000
37980,0,0,175111,94,0.000,0.000
37990,0,0,175111,94,0.000,0.000
38000,0,0,175111,94,0.000,0.000
38010,0,0,175111,94,0.000,0.000
38020,0,0,175111,94,0.000,0.000
38030,0,0,175111,94,0.000,0.000
38040,0,0,175111,94,0.000,0.000
38050,0,0,175111,94,0.000,0.000
38060,0,0,175111,94,0.000,0.000
38070,0,0,175111,94,0.000,0.000
38080,0,0,175111,94,0.000,0.000
38090,0,0,175111,94,0.000,0.000
38100,0,0,175111,94,0.000,0.000
38110,0,0,175111,94,0.000,0.000
38120,0,0,175111,94,0.000,0.000
38130,0,0,175111,94,0.000,0.000
38140,0,0,175111,94,0.000,0.000
38150,0,0,175111,94,0.000,0.000
38160,0,0,175111,94,0.000,0.000
38170,0,0,175111,94,0.000,0.000
38180,0,0,175111,94,0.000,0.000
38190,0,0,175111,94,0.000,0.000
38200,0,0,175111,94,0.000,0.000
38210,0,0,175111,94,0.000,0.000
38220,0,0,175111,94,0.000,0.000
38230,0,0,175111,94,0.000,0.000
38240,0,0,175111,94,0.000,0.000
38250,0,0,175111,94,0.000,0.000
38260,0,0,175111,94,0.000,0.000
38270,0,0,175111,94,0.000,0.000
38280,0,0,175111,94,0.000,0.000
38290,0,0,175111,94,0.000,0.000
38300,0,0,175111,94,0.000,0.000
38310,0,0,175111,94,0.000,0.000
38320,0,0,175111,94,0.000,0.000
38330,0,0,175111,94,0.000,0.000
38340,0,0,175111,94,0.000,0.000
38350,0,0,175111,94,0.000,0.000
38360,0,0,175111,94,0.000,0.000
38370,0,0,175111,94,0.000,0.000
38380,0,0,175111,94,0.000,0.000
38390,0,0,175111,94,0.000,0.000
38400,0,0,175111,94,0.000,0.000
38410,0,0,175111,94,0.000,0.000
38420,0,0,175111,94,0.000,0.000
38430,0,0,175111,94,0.000,0.000
38440,0,0,175111,94,0.000,0.000
38450,0,0,175111,94,0.000,0.000
38460,0,0,175111,94,0.000,0.000
38470,0,0,175111,94,0.000,0.000
38480,0,0,175111,94,0.000,0.000
38490,0,0,175111,94,0.000,0.000
38500,0,0,175111,94,0.000,0.000
38510,0,0,175111,94,0.000,0.000
38520,0,0,175111,94,0.000,0.000
38530,0,0,175111,94,0.000,0.000
38540,0,0,175111,94,0.000,0.000
38550,0,0,175111,94,0.000,0.000
38560,0,0,175111,94,0.000,0.000
38570,0,0,175111,94,0.000,0.000
38580,0,0,175111,94,0.000,0.000
38590,0,0,175111,94,0.000,0.000
38600,0,0,175111,94,0.000,0.000
38610,0,0,175111,94,0.000,0.000
38620,0,0,175111,94,0.000,0.000
38630,0,0,175111,94,0.000,0.000
38640,0,0,175111,94,0.000,0.000
38650,0,0,175111,94,0.000,0.000
38660,0,0,175111,94,0.000,0.000
38670,0,0,175111,94,0.000,0.000
38680,0,0,175111,94,0.000,0.000
38690,0,0,175111,94,0.000,0.000
38700,0,0,175111,94,0.000,0.000
38710,0,0,175111,94,0.000,0.000
38720,0,0,175111,94,0.000,0.000
38730,0,0,175111,94,0.000,0.000
38740,0,0,175111,94,0.000,0.000
38750,0,0,175111,94,0.000,0.000
38760,0,0,175111,94,0.000,0.000
38770,0,0,175111,94,0.000,0.000
38780,0,0,175111,94,0.000,0.000
38790,0,0,175111,94,0.000,0.000
38800,0,0,175111,94,0.000,0.000
38810,0,0,175111,94,0.000,0.000
38820,0,0,175111,94,0.000,0.000
38830,0,0,175111,94,0.000,0.000
38840,0,0,175111,94,0.000,0.000
38850,0,0,175111,94,0.000,0.000
38860,0,0,175111,94,0.000,0.000
38870,0,0,175111,94,0.000,0.000
38880,0,0,175111,94,0.000,0.000
38890,0,0,175111,94,0.000,0.000
38900,0,0,175111,94,0.000,0.000
38910,0,0,175111,94,0.000,0.000
38920,0,0,175111,94,0.000,0.000
38930,0,0,175111,94,0.000,0.000
38940,0,0,175111,94,0.000,0.000
38950,0,0,175111,94,0.000,0.000
38960,0,0,175111,94,0.000,0.000
38970,0,0,175111,94,0.000,0.000
38980,0,0,175111,94,0.000,0.000
38990,0,0,175111,94,0.000,0.000
39000,0,0,175111,94,0.000,0.000
39010,-3,0,175111,94,0.000,0.000
39020,-3,0,175111,94,0.000,0.000
39030,-3,0,175111,94,0.000,0.000
39040,-3,0,175110,94,-0.140,0.000
39050,-3,0,175109,94,-0.140,0.000
39060,-3,0,175107,94,-0.280,0.000
39070,-3,0,175104,94,-0.421,0.000
39080,-3,0,175099,94,-0.701,0.000
39090,-3,0,175093,94,-0.841,0.000
39100,-3,0,175089,94,-0.561,0.000
39110,-3,0,175084,94,-0.701,0.000
39120,-3,0,175079,94,-0.701,0.000
39130,-3,0,175075,94,-0.561,0.000
39140,-3,0,175070,94,-0.701,0.000
39150,-3,0,175066,94,-0.561,0.000
39160,-3,0,175061,94,-0.701,0.000
39170,-3,0,175057,94,-0.561,0.000
39180,-3,0,175053,94,-0.561,0.000
39190,-3,0,175049,94,-0.561,0.000
39200,-3,0,175046,94,-0.421,0.000
39210,-3,0,175043,94,-0.421,0.000
39220,-3,0,175039,94,-0.561,0.000
39230,-3,0,175035,94,-0.561,0.000
39240,-3,0,175032,94,-0.421,0.000
39250,-3,0,175029,94,-0.421,0.000
39260,-3,0,175025,94,-0.561,0.000
39270,-3,0,175022,94,-0.421,0.000
39280,-3,0,175019,94,-0.421,0.000
39290,-3,0,175015,94,-0.561,0.000
39300,-3,0,175012,94,-0.421,0.000
39310,-3,0,175009,94,-0.421,0.000
39320,-3,0,175006,94,-0.421,0.000
39330,-3,0,175002,94,-0.561,0.000
39340,-3,0,174999,94,-0.421,0.000
39350,-3,0,174995,94,-0.561,0.000
39360,-3,0,174992,94,-0.421,0.000
39370,-3,0,174988,94,-0.561,0.000
39380,-3,0,174984,94,-0.561,0.000
39390,-3,0,174980,94,-0.561,0.000
39400,-3,0,174975,94,-0.701,0.000
39410,-3,0,174971,94,-0.561,0.000
39420,-3,0,174966,94,-0.701,0.000
39430,-3,0,174961,94,-0.701,0.000
39440,-3,0,174956,94,-0.701,0.000
39450,-3,0,174951,94,-0.701,0.000
39460,-3,0,174947,94,-0.561,0.000
39470,-3,0,174942,94,-0.701,0.000
39480,-3,0,174938,94,-0.561,0.000
39490,-3,0,174934,94,-0.561,0.000
39500,-3,0,174930,94,-0.561,0.000
39510,-3,0,174925,94,-0.701,0.000
39520,-3,0,174921,94,-0.561,0.000
39530,-3,0,174917,94,-0.561,0.000
39540,-3,0,174913,94,-0.561,0.000
39550,-3,0,174909,94,-0.561,0.000
39560,-3,0,174905,94,-0.561,0.000
39570,-3,0,174902,94,-0.421,0.000
39580,-3,0,174898,94,-0.561,0.000
39590,-3,0,174895,94,-0.421,0.000
39600,-3,0,174892,94,-0.421,0.000
39610,-3,0,174889,94,-0.421,0.000
39620,-3,0,174886,94,-0.421,0.000
39630,-3,0,174883,94,-0.421,0.000
39640,-3,0,174880,94,-0.421,0.000
39650,-3,0,174877,94,-0.421,0.000
39660,-3,0,174873,94,-0.561,0.000
39670,-3,0,174870,94,-0.421,0.000
39680,-3,0,174865,94,-0.701,0.000
39690,-3,0,174861,94,-0.561,0.000
39700,-3,0,174857,94,-0.561,0.000
39710,-3,0,174853,94,-0.561,0.000
39720,-3,0,174848,94,-0.701,0.000
39730,-3,0,174843,94,-0.701,0.000
39740,-3,0,174839,94,-0.561,0.000
39750,-3,0,174834,94,-0.701,0.000
39760,-3,0,174829,94,-0.701,0.000
39770,-3,0,174825,94,-0.561,0.000
39780,-3,0,174821,94,-0.561,0.000
39790,-3,0,174817,94,-0.561,0.000
39800,-3,0,174813,94,-0.561,0.000
39810,-3,0,174810,94,-0.421,0.000
39820,-3,0,174806,94,-0.561,0.000
39830,-3,0,174802,94,-0.561,0.000
39840,-3,0,174799,94,-0.421,0.000
39850,-3,0,174795,94,-0.561,0.000
39860,-3,0,174792,94,-0.421,0.000
39870,-3,0,174789,94,-0.421,0.000
39880,-3,0,174786,94,-0.421,0.000
39890,-3,0,174782,94,-0.561,0.000
39900,-3,0,174779,94,-0.421,0.000
39910,-3,0,174775,94,-0.561,0.000
39920,-3,0,174771,94,-0.561,0.000
39930,-3,0,174767,94,-0.561,0.000
39940,-3,0,174764,94,-0.421,0.000
39950,-3,0,174760,94,-0.561,0.000
39960,-3,0,174756,94,-0.561,0.000
39970,-3,0,174752,94,-0.561,0.000
39980,-3,0,174748,94,-0.561,0.000
39990,-3,0,174744,94,-0.561,0.000
40000,-3,0,174740,94,-0.561,0.000
40010,-3,0,174735,94,-0.701,0.000
40020,-3,0,174731,94,-0.561,0.000
40030,-3,0,174726,94,-0.701,0.000
40040,-3,0,174721,94,-0.701,0.000
40050,-3,0,174716,94,-0.701,0.000
40060,-3,0,174711,94,-0.701,0.000
40070,-3,0,174707,94,-0.561,0.000
40080,-3,0,174703,94,-0.561,0.000
40090,-3,0,174700,94,-0.421,0.000
40100,-3,0,174696,94,-0.561,0.000
40110,-3,0,174692,94,-0.561,0.000
40120,-3,0,174689,94,-0.421,0.000
40130,-3,0,174685,94,-0.561,0.000
40140,-3,0,174682,94,-0.421,0.000
40150,-3,0,174679,94,-0.421,0.000
40160,-3,0,174676,94,-0.421,0.000
40170,-3,0,174673,94,-0.421,0.000
40180,-3,0,174670,94,-0.421,0.000
40190,-3,0,174667,94,-0.421,0.000
40200,-3,0,174663,94,-0.561,0.000
40210,-3,0,174660,94,-0.421,0.000
40220,-3,0,174656,94,-0.561,0.000
40230,-3,0,174652,94,-0.561,0.000
40240,-3,0,174648,94,-0.561,0.000
40250,-3,0,174644,94,-0.561,0.000
40260,-3,0,174639,94,-0.701,0.000
40270,-3,0,174634,94,-0.701,0.000
40280,-3,0,174629,94,-0.701,0.000
40290,-3,0,174624,94,-0.701,0.000
40300,-3,0,174619,94,-0.701,0.000
40310,-3,0,174614,94,-0.701,0.000
40320,-3,0,174610,94,-0.561,0.000
40330,-3,0,174605,94,-0.701,0.000
40340,-3,0,174602,94,-0.421,0.000
40350,-3,0,174598,94,-0.561,0.000
40360,-3,0,174594,94,-0.561,0.000
40370,-3,0,174590,94,-0.561,0.000
40380,-3,0,174587,94,-0.421,0.000
40390,-3,0,174583,94,-0.561,0.000
40400,-3,0,174580,94,-0.421,0.000
40410,-3,0,174576,94,-0.561,0.000
40420,-3,0,174573,94,-0.421,0.000
40430,-3,0,174569,94,-0.561,0.000
40440,-3,0,174566,94,-0.421,0.000
40450,-3,0,174562,94,-0.561,0.000
40460,-3,0,174558,94,-0.561,0.000
40470,-3,0,174554,94,-0.561,0.000
40480,-3,0,174550,94,-0.561,0.000
40490,-3,0,174546,94,-0.561,0.000
40500,-3,0,174542,94,-0.561,0.000
40510,-6,0,174538,94,-0.561,0.000
40520,-6,0,174533,94,-0.701,0.000
40530,-6,0,174529,94,-0.561,0.000
40540,-6,0,174522,94,-0.982,0.000
40550,-6,0,174514,94,-1.122,0.000
40560,-6,0,174505,94,-1.262,0.000
40570,-6,0,174493,94,-1.683,0.000
40580,-6,0,174481,94,-1.683,0.000
40590,-6,0,174468,94,-1.823,0.000
40600,-6,0,174455,94,-1.823,0.000
40610,-6,0,174441,94,-1.963,0.000
40620,-6,0,174426,94,-2.104,0.000
40630,-6,0,174411,94,-2.104,0.000
40640,-6,0,174396,94,-2.104,0.000
40650,-6,0,174380,94,-2.244,0.000
40660,-6,0,174364,94,-2.244,0.000
40670,-6,0,174349,94,-2.104,0.000
40680,-6,0,174333,94,-2.244,0.000
40690,-6,0,174318,94,-2.104,0.000
40700,-6,0,174302,94,-2.244,0.000
40710,-6,0,174287,94,-2.104,0.000
40720,-6,0,174271,94,-2.244,0.000
40730,-6,0,174255,94,-2.244,0.000
40740,-6,0,174239,94,-2.244,0.000
40750,-6,0,174224,94,-2.104,0.000
40760,-6,0,174208,94,-2.244,0.000
40770,-6,0,174192,94,-2.244,0.000
40780,-6,0,174176,94,-2.244,0.000
40790,-6,0,174160,94,-2.244,0.000
40800,-6,0,174145,94,-2.104,0.000
40810,-6,0,174129,94,-2.244,0.000
40820,-6,0,174113,94,-2.244,0.000
40830,-6,0,174098,94,-2.104,0.000
40840,-6,0,174082,94,-2.244,0.000
40850,-6,0,174066,94,-2.244,0.000
40860,-6,0,174050,94,-2.244,0.000
40870,-6,0,174034,94,-2.244,0.000
40880,-6,0,174018,94,-2.244,0.000
40890,-6,0,174002,94,-2.244,0.000
40900,-6,0,173985,94,-2.384,0.000
40910,-6,0,173969,94,-2.244,0.000
40920,-6,0,173953,94,-2.244,0.000
40930,-6,0,173937,94,-2.244,0.000
40940,-6,0,173921,94,-2.244,0.000
40950,-6,0,173905,94,-2.244,0.000
40960,-6,0,173890,95,-2.104,0.140
40970,-6,0,173875,96,-2.104,0.140
40980,-6,0,173861,97,-1.963,0.140
40990,-6,0,173848,98,-1.823,0.140
41000,-6,0,173833,98,-2.104,0.000
41010,-6,0,173818,98,-2.104,0.000
41020,-6,0,173803,98,-2.104,0.000
41030,-6,0,173788,98,-2.104,0.000
41040,-6,0,173773,98,-2.104,0.000
41050,-6,0,173758,98,-2.104,0.000
41060,-6,0,173743,98,-2.104,0.000
41070,-6,0,173727,98,-2.244,0.000
41080,-6,0,173712,98,-2.104,0.000
41090,-6,0,173696,98,-2.244,0.000
41100,-6,0,173680,98,-2.244,0.000
41110,-6,0,173664,98,-2.244,0.000
41120,-6,0,173649,98,-2.104,0.000
41130,-6,0,173633,98,-2.244,0.000
41140,-6,0,173617,98,-2.244,0.000
41150,-6,0,173601,98,-2.244,0.000
41160,-6,0,173585,98,-2.244,0.000
41170,-6,0,173569,98,-2.244,0.000
41180,-6,0,173554,98,-2.104,0.000
41190,-6,0,173539,98,-2.104,0.000
41200,-6,0,173523,98,-2.244,0.000
41210,-6,0,173508,98,-2.104,0.000
41220,-6,0,173492,98,-2.244,0.000
41230,-6,0,173477,98,-2.104,0.000
41240,-6,0,173461,98,-2.244,0.000
41250,-6,0,173446,98,-2.104,0.000
41260,-6,0,173430,98,-2.244,0.000
41270,-6,0,173414,98,-2.244,0.000
41280,-6,0,173398,98,-2.244,0.000
41290,-6,0,173383,98,-2.104,0.000
41300,-6,0,173366,98,-2.384,0.000
41310,-6,0,173350,98,-2.244,0.000
41320,-6,0,173334,98,-2.244,0.000
41330,-6,0,173319,98,-2.104,0.000
41340,-6,0,173303,98,-2.244,0.000
41350,-6,0,173288,98,-2.104,0.000
41360,-6,0,173272,98,-2.244,0.000
41370,-6,0,173257,98,-2.104,0.000
41380,-6,0,173242,98,-2.104,0.000
41390,-6,0,173227,98,-2.104,0.000
41400,-6,0,173211,98,-2.244,0.000
41410,-6,0,173196,98,-2.104,0.000
41420,-6,0,173181,98,-2.104,0.000
41430,-6,0,173165,98,-2.244,0.000
41440,-6,0,173149,98,-2.244,0.000
41450,-6,0,173134,98,-2.104,0.000
41460,-6,0,173119,98,-2.104,0.000
41470,-6,0,173103,98,-2.244,0.000
41480,-6,0,173088,98,-2.104,0.000
41490,-6,0,173073,98,-2.104,0.000
41500,-6,0,173057,98,-2.244,0.000
41510,-6,0,173042,98,-2.104,0.000
41520,-6,0,173026,98,-2.244,0.000
41530,-6,0,173011,98,-2.104,0.000
41540,-6,0,172996,98,-2.104,0.000
41550,-6,0,172981,98,-2.104,0.000
41560,-6,0,172966,98,-2.104,0.000
41570,-6,0,172951,98,-2.104,0.000
41580,-6,0,172935,98,-2.244,0.000
41590,-6,0,172919,98,-2.244,0.000
41600,-6,0,172904,98,-2.104,0.000
41610,-6,0,172888,98,-2.244,0.000
41620,-6,0,172873,98,-2.104,0.000
41630,-6,0,172857,98,-2.244,0.000
41640,-6,0,172842,98,-2.104,0.000
41650,-6,0,172826,98,-2.244,0.000
41660,-6,0,172811,98,-2.104,0.000
41670,-6,0,172796,98,-2.104,0.000
41680,-6,0,172780,98,-2.244,0.000
41690,-6,0,172765,98,-2.104,0.000
41700,-6,0,172749,98,-2.244,0.000
41710,-6,0,172734,98,-2.104,0.000
41720,-6,0,172718,98,-2.244,0.000
41730,-6,0,172702,98,-2.244,0.000
41740,-6,0,172687,98,-2.104,0.000
41750,-6,0,172672,98,-2.104,0.000
41760,-6,0,172657,98,-2.104,0.000
41770,-6,0,172642,98,-2.104,0.000
41780,-6,0,172626,98,-2.244,0.000
41790,-6,0,172611,98,-2.104,0.000
41800,-6,0,172596,98,-2.104,0.000
41810,-6,0,172581,98,-2.104,0.000
41820,-6,0,172566,98,-2.104,0.000
41830,-6,0,172551,98,-2.104,0.000
41840,-6,0,172536,98,-2.104,0.000
41850,-6,0,172521,98,-2.104,0.000
41860,-6,0,172506,98,-2.104,0.000
41870,-6,0,172491,98,-2.104,0.000
41880,-6,0,172477,98,-1.963,0.000
41890,-6,0,172462,98,-2.104,0.000
41900,-6,0,172447,98,-2.104,0.000
41910,-6,0,172432,98,-2.104,0.000
41920,-6,0,172417,98,-2.104,0.000
41930,-6,0,172403,99,-1.963,0.140
41940,-6,0,172389,99,-1.963,0.000
41950,-6,0,172377,102,-1.683,0.421
41960,-6,0,172365,105,-1.683,0.421
41970,-6,0,172353,108,-1.683,0.421
41980,-6,0,172341,110,-1.683,0.280
41990,-6,0,172328,112,-1.823,0.280
42000,-6,0,172315,113,-1.823,0.140
42010,-9,0,172301,114,-1.963,0.140
42020,-9,0,172287,114,-1.963,0.000
42030,-9,0,172273,115,-1.963,0.140
42040,-9,0,172256,115,-2.384,0.000
42050,-9,0,172239,115,-2.384,0.000
42060,-9,0,172220,115,-2.665,0.000
42070,-9,0,172199,115,-2.945,0.000
42080,-9,0,172177,115,-3.085,0.000
42090,-9,0,172155,115,-3.085,0.000
42100,-9,0,172131,115,-3.366,0.000
42110,-9,0,172106,115,-3.506,0.000
42120,-9,0,172082,115,-3.366,0.000
42130,-9,0,172056,115,-3.646,0.000
42140,-9,0,172031,115,-3.506,0.000
42150,-9,0,172006,115,-3.506,0.000
42160,-9,0,171980,115,-3.646,0.000
42170,-9,0,171954,115,-3.646,0.000
42180,-9,0,171927,115,-3.787,0.000
42190,-9,0,171901,115,-3.646,0.000
42200,-9,0,171875,115,-3.646,0.000
42210,-9,0,171848,115,-3.787,0.000
42220,-9,0,171821,115,-3.787,0.000
42230,-9,0,171794,115,-3.787,0.000
42240,-9,0,171766,115,-3.927,0.000
42250,-9,0,171739,115,-3.787,0.000
42260,-9,0,171711,115,-3.927,0.000
42270,-9,0,171684,115,-3.787,0.000
42280,-9,0,171656,115,-3.927,0.000
42290,-9,0,171628,115,-3.927,0.000
42300,-9,0,171600,115,-3.927,0.000
42310,-9,0,171572,115,-3.927,0.000
42320,-9,0,171544,115,-3.927,0.000
42330,-9,0,171516,115,-3.927,0.000
42340,-9,0,171489,115,-3.787,0.000
42350,-9,0,171461,115,-3.927,0.000
42360,-9,0,171433,115,-3.927,0.000
42370,-9,0,171405,115,-3.927,0.000
42380,-9,0,171377,115,-3.927,0.000
42390,-9,0,171349,115,-3.927,0.000
42400,-9,0,171321,115,-3.927,0.000
42410,-9,0,171293,115,-3.927,0.000
42420,-9,0,171266,115,-3.787,0.000
42430,-9,0,171238,115,-3.927,0.000
42440,-9,0,171210,115,-3.927,0.000
42450,-9,0,171183,115,-3.787,0.000
42460,-9,0,171155,115,-3.927,0.000
42470,-9,0,171127,115,-3.927,0.000
42480,-9,0,171100,115,-3.787,0.000
42490,-9,0,171072,115,-3.927,0.000
42500,-9,0,171044,115,-3.927,0.000
42510,-9,0,171016,115,-3.927,0.000
42520,-9,0,170989,115,-3.787,0.000
42530,-9,0,170960,115,-4.067,0.000
42540,-9,0,170933,115,-3.787,0.000
42550,-9,0,170905,115,-3.927,0.000
42560,-9,0,170877,115,-3.927,0.000
42570,-9,0,170850,115,-3.787,0.000
42580,-9,0,170822,115,-3.927,0.000
42590,-9,0,170794,115,-3.927,0.000
42600,-9,0,170766,115,-3.927,0.000
42610,-9,0,170739,115,-3.787,0.000
42620,-9,0,170710,115,-4.067,0.000
42630,-9,0,170682,115,-3.927,0.000
42640,-9,0,170654,115,-3.927,0.000
42650,-9,0,170625,115,-4.067,0.000
42660,-9,0,170597,115,-3.927,0.000
42670,-9,0,170569,115,-3.927,0.000
42680,-9,0,170542,115,-3.787,0.000
42690,-9,0,170513,115,-4.067,0.000
42700,-9,0,170486,115,-3.787,0.000
42710,-9,0,170457,115,-4.067,0.000
42720,-9,0,170430,115,-3.787,0.000
42730,-9,0,170401,115,-4.067,0.000
42740,-9,0,170373,115,-3.927,0.000
42750,-9,0,170345,115,-3.927,0.000
42760,-9,0,170317,115,-3.927,0.000
42770,-9,0,170288,115,-4.067,0.000
42780,-9,0,170260,115,-3.927,0.000
42790,-9,0,170231,115,-4.067,0.000
42800,-9,0,170202,115,-4.067,0.000
42810,-9,0,170174,115,-3.927,0.000
42820,-9,0,170145,115,-4.067,0.000
42830,-9,0,170116,115,-4.067,0.000
42840,-9,0,170088,115,-3.927,0.000
42850,-9,0,170060,115,-3.927,0.000
42860,-9,0,170031,115,-4.067,0.000
42870,-9,0,170003,115,-3.927,0.000
42880,-9,0,169975,115,-3.927,0.000
42890,-9,0,169946,115,-4.067,0.000
42900,-9,0,169918,115,-3.927,0.000
42910,-9,0,169889,115,-4.067,0.000
42920,-9,0,169861,115,-3.927,0.000
42930,-9,0,169833,115,-3.927,0.000
42940,-9,0,169804,115,-4.067,0.000
42950,-9,0,169775,115,-4.067,0.000
42960,-9,0,169747,115,-3.927,0.000
42970,-9,0,169719,115,-3.927,0.000
42980,-9,0,169690,115,-4.067,0.000
42990,-9,0,169662,115,-3.927,0.000
43000,-9,0,169634,115,-3.927,0.000
43010,-9,0,169606,115,-3.927,0.000
43020,-9,0,169578,115,-3.927,0.000
43030,-9,0,169550,115,-3.927,0.000
43040,-9,0,169522,115,-3.927,0.000
43050,-9,0,169493,115,-4.067,0.000
43060,-9,0,169465,115,-3.927,0.000
43070,-9,0,169436,115,-4.067,0.000
43080,-9,0,169407,115,-4.067,0.000
43090,-9,0,169378,115,-4.067,0.000
43100,-9,0,169349,115,-4.067,0.000
43110,-9,0,169320,115,-4.067,0.000
43120,-9,0,169291,115,-4.067,0.000
43130,-9,0,169261,115,-4.207,0.000
43140,-9,0,169232,115,-4.067,0.000
43150,-9,0,169203,115,-4.067,0.000
43160,-9,0,169173,115,-4.207,0.000
43170,-9,0,169144,115,-4.067,0.000
43180,-9,0,169115,115,-4.067,0.000
43190,-9,0,169086,115,-4.067,0.000
43200,-9,0,169057,115,-4.067,0.000
43210,-9,0,169027,115,-4.207,0.000
43220,-9,0,168998,115,-4.067,0.000
43230,-9,0,168969,115,-4.067,0.000
43240,-9,0,168940,115,-4.067,0.000
43250,-9,0,168911,115,-4.067,0.000
43260,-9,0,168882,115,-4.067,0.000
43270,-9,0,168854,115,-3.927,0.000
43280,-9,0,168825,115,-4.067,0.000
43290,-9,0,168797,115,-3.927,0.000
43300,-9,0,168769,115,-3.927,0.000
43310,-9,0,168742,115,-3.787,0.000
43320,-9,0,168714,115,-3.927,0.000
43330,-9,0,168686,115,-3.927,0.000
43340,-9,0,168659,115,-3.787,0.000
43350,-9,0,168632,115,-3.787,0.000
43360,-9,0,168605,115,-3.787,0.000
43370,-9,0,168577,115,-3.927,0.000
43380,-9,0,168551,115,-3.646,0.000
43390,-9,0,168524,115,-3.787,0.000
43400,-9,0,168497,115,-3.787,0.000
43410,-9,0,168470,115,-3.787,0.000
43420,-9,0,168443,115,-3.787,0.000
43430,-9,0,168417,115,-3.646,0.000
43440,-9,0,168390,115,-3.787,0.000
43450,-9,0,168363,115,-3.787,0.000
43460,-9,0,168335,115,-3.927,0.000
43470,-9,0,168308,115,-3.787,0.000
43480,-9,0,168281,115,-3.787,0.000
43490,-9,0,168254,115,-3.787,0.000
43500,-9,0,168227,115,-3.787,0.000
43510,-12,0,168200,115,-3.787,0.000
43520,-12,0,168173,115,-3.787,0.000
43530,-12,0,168146,115,-3.787,0.000
43540,-12,0,168118,115,-3.927,0.000
43550,-12,0,168089,115,-4.067,0.000
43560,-12,0,168057,115,-4.488,0.000
43570,-12,0,168024,115,-4.628,0.000
43580,-12,0,167990,115,-4.768,0.000
43590,-12,0,167956,115,-4.768,0.000
43600,-12,0,167920,115,-5.049,0.000
43610,-12,0,167884,115,-5.049,0.000
43620,-12,0,167848,115,-5.049,0.000
43630,-12,0,167811,115,-5.189,0.000
43640,-12,0,167774,115,-5.189,0.000
43650,-12,0,167737,115,-5.189,0.000
43660,-12,0,167699,115,-5.329,0.000
43670,-12,0,167661,115,-5.329,0.000
43680,-12,0,167623,115,-5.329,0.000
43690,-12,0,167584,115,-5.470,0.000
43700,-12,0,167545,115,-5.470,0.000
43710,-12,0,167507,115,-5.329,0.000
43720,-12,0,167468,115,-5.470,0.000
43730,-12,0,167429,115,-5.470,0.000
43740,-12,0,167390,115,-5.470,0.000
43750,-12,0,167350,115,-5.610,0.000
43760,-12,0,167311,115,-5.470,0.000
43770,-12,0,167272,115,-5.470,0.000
43780,-12,0,167233,115,-5.470,0.000
43790,-12,0,167194,115,-5.470,0.000
43800,-12,0,167155,115,-5.470,0.000
43810,-12,0,167115,115,-5.610,0.000
43820,-12,0,167077,115,-5.329,0.000
43830,-12,0,167038,115,-5.470,0.000
43840,-12,0,166999,115,-5.470,0.000
43850,-12,0,166961,115,-5.329,0.000
43860,-12,0,166923,115,-5.329,0.000
43870,-12,0,166885,115,-5.329,0.000
43880,-12,0,166847,115,-5.329,0.000
43890,-12,0,166808,115,-5.470,0.000
43900,-12,0,166769,115,-5.470,0.000
43910,-12,0,166731,115,-5.329,0.000
43920,-12,0,166692,115,-5.470,0.000
43930,-12,0,166654,115,-5.329,0.000
43940,-12,0,166615,115,-5.470,0.000
43950,-12,0,166577,115,-5.329,0.000
43960,-12,0,166538,115,-5.470,0.000
43970,-12,0,166499,115,-5.470,0.000
43980,-12,0,166459,115,-5.610,0.000
43990,-12,0,166420,115,-5.470,0.000
44000,-12,0,166381,115,-5.470,0.000
44010,-12,0,166341,115,-5.610,0.000
44020,-12,0,166301,115,-5.610,0.000
44030,-12,0,166262,115,-5.470,0.000
44040,-12,0,166222,115,-5.610,0.000
44050,-12,0,166182,115,-5.610,0.000
44060,-12,0,166142,115,-5.610,0.000
44070,-12,0,166102,115,-5.610,0.000
44080,-12,0,166062,115,-5.610,0.000
44090,-12,0,166022,115,-5.610,0.000
44100,-12,0,165982,115,-5.610,0.000
44110,-12,0,165943,115,-5.470,0.000
44120,-12,0,165903,115,-5.610,0.000
44130,-12,0,165863,115,-5.610,0.000
44140,-12,0,165824,115,-5.470,0.000
44150,-12,0,165784,115,-5.610,0.000
44160,-12,0,165745,115,-5.470,0.000
44170,-12,0,165706,115,-5.470,0.000
44180,-12,0,165666,115,-5.610,0.000
44190,-12,0,165627,115,-5.470,0.000
44200,-12,0,165587,115,-5.610,0.000
44210,-12,0,165547,115,-5.610,0.000
44220,-12,0,165507,115,-5.610,0.000
44230,-12,0,165467,115,-5.610,0.000
44240,-12,0,165428,115,-5.470,0.000
44250,-12,0,165388,115,-5.610,0.000
44260,-12,0,165348,115,-5.610,0.000
44270,-12,0,165308,115,-5.610,0.000
44280,-12,0,165269,115,-5.470,0.000
44290,-12,0,165229,115,-5.610,0.000
44300,-12,0,165189,115,-5.610,0.000
44310,-12,0,165149,115,-5.610,0.000
44320,-12,0,165108,115,-5.750,0.000
44330,-12,0,165068,115,-5.610,0.000
44340,-12,0,165029,115,-5.470,0.000
44350,-12,0,164988,115,-5.750,0.000
44360,-12,0,164948,115,-5.610,0.000
44370,-12,0,164908,115,-5.610,0.000
44380,-12,0,164867,115,-5.750,0.000
44390,-12,0,164828,115,-5.470,0.000
44400,-12,0,164789,115,-5.470,0.000
44410,-12,0,164749,115,-5.610,0.000
44420,-12,0,164710,115,-5.470,0.000
44430,-12,0,164671,115,-5.470,0.000
44440,-12,0,164631,115,-5.610,0.000
44450,-12,0,164592,115,-5.470,0.000
44460,-12,0,164552,115,-5.610,0.000
44470,-12,0,164511,115,-5.750,0.000
44480,-12,0,164472,115,-5.470,0.000
44490,-12,0,164432,115,-5.610,0.000
44500,-12,0,164392,115,-5.610,0.000
44510,-12,0,164353,115,-5.470,0.000
44520,-12,0,164312,115,-5.750,0.000
44530,-12,0,164273,115,-5.470,0.000
44540,-12,0,164234,115,-5.470,0.000
44550,-12,0,164194,115,-5.610,0.000
44560,-12,0,164156,115,-5.329,0.000
44570,-12,0,164117,115,-5.470,0.000
44580,-12,0,164077,115,-5.610,0.000
44590,-12,0,164039,115,-5.329,0.000
44600,-12,0,163999,115,-5.610,0.000
44610,-12,0,163959,115,-5.610,0.000
44620,-12,0,163919,115,-5.610,0.000
44630,-12,0,163879,115,-5.610,0.000
44640,-12,0,163839,115,-5.610,0.000
44650,-12,0,163800,115,-5.470,0.000
44660,-12,0,163760,115,-5.610,0.000
44670,-12,0,163721,115,-5.470,0.000
44680,-12,0,163682,115,-5.470,0.000
44690,-12,0,163643,115,-5.470,0.000
44700,-12,0,163604,115,-5.470,0.000
44710,-12,0,163565,115,-5.470,0.000
44720,-12,0,163525,115,-5.610,0.000
44730,-12,0,163486,115,-5.470,0.000
44740,-12,0,163447,115,-5.470,0.000
44750,-12,0,163407,115,-5.610,0.000
44760,-12,0,163368,115,-5.470,0.000
44770,-12,0,163329,115,-5.470,0.000
44780,-12,0,163289,115,-5.610,0.000
44790,-12,0,163251,115,-5.329,0.000
44800,-12,0,163211,115,-5.610,0.000
44810,-12,0,163172,115,-5.470,0.000
44820,-12,0,163133,115,-5.470,0.000
44830,-12,0,163093,115,-5.610,0.000
44840,-12,0,163054,115,-5.470,0.000
44850,-12,0,163015,115,-5.470,0.000
44860,-12,0,162975,115,-5.610,0.000
44870,-12,0,162936,115,-5.470,0.000
44880,-12,0,162896,115,-5.610,0.000
44890,-12,0,162857,115,-5.470,0.000
44900,-12,0,162819,115,-5.329,0.000
44910,-12,0,162780,115,-5.470,0.000
44920,-12,0,162742,115,-5.329,0.000
44930,-12,0,162704,115,-5.329,0.000
44940,-12,0,162666,115,-5.329,0.000
44950,-12,0,162627,115,-5.470,0.000
44960,-12,0,162589,115,-5.329,0.000
44970,-12,0,162551,115,-5.329,0.000
44980,-12,0,162512,115,-5.470,0.000
44990,-12,0,162473,115,-5.470,0.000
45000,-12,0,162434,115,-5.470,0.000
45010,0,0,162394,115,-5.610,0.000
45020,0,0,162355,115,-5.470,0.000
45030,0,0,162316,115,-5.470,0.000
45040,0,0,162282,115,-4.768,0.000
45050,0,0,162252,115,-4.207,0.000
45060,0,0,162229,115,-3.226,0.000
45070,0,0,162213,115,-2.244,0.000
45080,0,0,162203,115,-1.402,0.000
45090,0,0,162196,115,-0.982,0.000
45100,0,0,162193,115,-0.421,0.000
45110,0,0,162192,115,-0.140,0.000
45120,0,0,162193,115,0.140,0.000
45130,0,0,162194,115,0.140,0.000
45140,0,0,162195,115,0.140,0.000
45150,0,0,162196,115,0.140,0.000
45160,0,0,162196,115,0.000,0.000
45170,0,0,162196,115,0.000,0.000
45180,0,0,162196,115,0.000,0.000
45190,0,0,162196,115,0.000,0.000
45200,0,0,162196,115,0.000,0.000
45210,0,0,162196,115,0.000,0.000
45220,0,0,162196,115,0.000,0.000
45230,0,0,162196,115,0.000,0.000
45240,0,0,162196,115,0.000,0.000
45250,0,0,162196,115,0.000,0.000
45260,0,0,162196,115,0.000,0.000
45270,0,0,162196,115,0.000,0.000
45280,0,0,162196,115,0.000,0.000
45290,0,0,162196,115,0.000,0.000
45300,0,0,162196,115,0.000,0.000
45310,0,0,162196,115,0.000,0.000
45320,0,0,162196,115,0.000,0.000
45330,0,0,162196,115,0.000,0.000
45340,0,0,162196,115,0.000,0.000
45350,0,0,162196,115,0.000,0.000
45360,0,0,162196,115,0.000,0.000
45370,0,0,162196,115,0.000,0.000
45380,0,0,162196,115,0.000,0.000
45390,0,0,162196,115,0.000,0.000
45400,0,0,162196,115,0.000,0.000
45410,0,0,162196,115,0.000,0.000
45420,0,0,162196,115,0.000,0.000
45430,0,0,162196,115,0.000,0.000
45440,0,0,162196,115,0.000,0.000
45450,0,0,162196,115,0.000,0.000
45460,0,0,162196,115,0.000,0.000
45470,0,0,162196,115,0.000,0.000
45480,0,0,162196,115,0.000,0.000
45490,0,0,162196,115,0.000,0.000
45500,0,0,162197,115,0.140,0.000
45510,0,0,162197,115,0.000,0.000
45520,0,0,162197,115,0.000,0.000
45530,0,0,162197,115,0.000,0.000
45540,0,0,162197,115,0.000,0.000
45550,0,0,162197,115,0.000,0.000
45560,0,0,162197,115,0.000,0.000
45570,0,0,162197,115,0.000,0.000
45580,0,0,162197,115,0.000,0.000
45590,0,0,162197,115,0.000,0.000
45600,0,0,162197,115,0.000,0.000
45610,0,0,162197,115,0.000,0.000
45620,0,0,162197,115,0.000,0.000
45630,0,0,162197,115,0.000,0.000
45640,0,0,162197,115,0.000,0.000
45650,0,0,162197,115,0.000,0.000
45660,0,0,162197,115,0.000,0.000
45670,0,0,162197,115,0.000,0.000
45680,0,0,162197,115,0.000,0.000
45690,0,0,162197,115,0.000,0.000
45700,0,0,162197,115,0.000,0.000
45710,0,0,162197,115,0.000,0.000
45720,0,0,162197,115,0.000,0.000
45730,0,0,162197,115,0.000,0.000
45740,0,0,162197,115,0.000,0.000
45750,0,0,162197,115,0.000,0.000
45760,0,0,162197,115,0.000,0.000
45770,0,0,162197,115,0.000,0.000
45780,0,0,162197,115,0.000,0.000
45790,0,0,162197,115,0.000,0.000
45800,0,0,162197,115,0.000,0.000
45810,0,0,162197,115,0.000,0.000
45820,0,0,162197,115,0.000,0.000
45830,0,0,162197,115,0.000,0.000
45840,0,0,162197,115,0.000,0.000
45850,0,0,162197,115,0.000,0.000
45860,0,0,162197,115,0.000,0.000
45870,0,0,162197,115,0.000,0.000
45880,0,0,162197,115,0.000,0.000
45890,0,0,162197,115,0.000,0.000
45900,0,0,162197,115,0.000,0.000
45910,0,0,162197,115,0.000,0.000
45920,0,0,162197,115,0.000,0.000
45930,0,0,162197,115,0.000,0.000
45940,0,0,162197,115,0.000,0.000
45950,0,0,162197,115,0.000,0.000
45960,0,0,162197,115,0.000,0.000
45970,0,0,162197,115,0.000,0.000
45980,0,0,162197,115,0.000,0.000
45990,0,0,162197,115,0.000,0.000
46000,0,0,162197,115,0.000,0.000
46010,0,0,162197,115,0.000,0.000
46020,0,0,162197,115,0.000,0.000
46030,0,0,162197,115,0.000,0.000
46040,0,0,162197,115,0.000,0.000
46050,0,0,162197,115,0.000,0.000
46060,0,0,162197,115,0.000,0.000
46070,0,0,162197,115,0.000,0.000
46080,0,0,162197,115,0.000,0.000
46090,0,0,162197,115,0.000,0.000
46100,0,0,162197,115,0.000,0.000
46110,0,0,162197,115,0.000,0.000
46120,0,0,162197,115,0.000,0.000
46130,0,0,162197,115,0.000,0.000
46140,0,0,162197,115,0.000,0.000
46150,0,0,162197,115,0.000,0.000
46160,0,0,162197,115,0.000,0.000
46170,0,0,162197,115,0.000,0.000
46180,0,0,162197,115,0.000,0.000
46190,0,0,162197,115,0.000,0.000
46200,0,0,162197,115,0.000,0.000
46210,0,0,162197,115,0.000,0.000
46220,0,0,162197,115,0.000,0.000
46230,0,0,162197,115,0.000,0.000
46240,0,0,162197,115,0.000,0.000
46250,0,0,162197,115,0.000,0.000
46260,0,0,162197,115,0.000,0.000
46270,0,0,162197,115,0.000,0.000
46280,0,0,162197,115,0.000,0.000
46290,0,0,162197,115,0.000,0.000
46300,0,0,162197,115,0.000,0.000
46310,0,0,162197,115,0.000,0.000
46320,0,0,162197,115,0.000,0.000
46330,0,0,162197,115,0.000,0.000
46340,0,0,162197,115,0.000,0.000
46350,0,0,162197,115,0.000,0.000
46360,0,0,162197,115,0.000,0.000
46370,0,0,162197,115,0.000,0.000
46380,0,0,162197,115,0.000,0.000
46390,0,0,162197,115,0.000,0.000
46400,0,0,162197,115,0.000,0.000
46410,0,0,162197,115,0.000,0.000
46420,0,0,162197,115,0.000,0.000
46430,0,0,162197,115,0.000,0.000
46440,0,0,162197,115,0.000,0.000
46450,0,0,162197,115,0.000,0.000
46460,0,0,162197,115,0.000,0.000
46470,0,0,162197,115,0.000,0.000
46480,0,0,162197,115,0.000,0.000
46490,0,0,162197,115,0.000,0.000
46500,0,0,162197,115,0.000,0.000
46510,0,0,162197,115,0.000,0.000
46520,0,0,162197,115,0.000,0.000
46530,0,0,162197,115,0.000,0.000
46540,0,0,162197,115,0.000,0.000
46550,0,0,162197,115,0.000,0.000
46560,0,0,162197,115,0.000,0.000
46570,0,0,162197,115,0.000,0.000
46580,0,0,162197,115,0.000,0.000
46590,0,0,162197,115,0.000,0.000
46600,0,0,162197,115,0.000,0.000
46610,0,0,162197,115,0.000,0.000
46620,0,0,162197,115,0.000,0.000
46630,0,0,162197,115,0.000,0.000
46640,0,0,162197,115,0.000,0.000
46650,0,0,162197,115,0.000,0.000
46660,0,0,162197,115,0.000,0.000
46670,0,0,162197,115,0.000,0.000
46680,0,0,162197,115,0.000,0.000
46690,0,0,162197,115,0.000,0.000
46700,0,0,162197,115,0.000,0.000
46710,0,0,162197,115,0.000,0.000
46720,0,0,162197,115,0.000,0.000
46730,0,0,162197,115,0.000,0.000
46740,0,0,162197,115,0.000,0.000
46750,0,0,162197,115,0.000,0.000
46760,0,0,162197,115,0.000,0.000
46770,0,0,162197,115,0.000,0.000
46780,0,0,162197,115,0.000,0.000
46790,0,0,162197,115,0.000,0.000
46800,0,0,162197,115,0.000,0.000
46810,0,0,162197,115,0.000,0.000
46820,0,0,162197,115,0.000,0.000
46830,0,0,162197,115,0.000,0.000
46840,0,0,162197,115,0.000,0.000
46850,0,0,162197,115,0.000,0.000
46860,0,0,162197,115,0.000,0.000
46870,0,0,162197,115,0.000,0.000
46880,0,0,162197,115,0.000,0.000
46890,0,0,162197,115,0.000,0.000
46900,0,0,162197,115,0.000,0.000
46910,0,0,162197,115,0.000,0.000
46920,0,0,162197,115,0.000,0.000
46930,0,0,162197,115,0.000,0.000
46940,0,0,162197,115,0.000,0.000
46950,0,0,162197,115,0.000,0.000
46960,0,0,162197,115,0.000,0.000
46970,0,0,162197,115,0.000,0.000
46980,0,0,162197,115,0.000,0.000
46990,0,0,162197,115,0.000,0.000
47000,0,0,162197,115,0.000,0.000
47010,-20,0,162197,115,0.000,0.000
47020,-20,0,162197,115,0.000,0.000
47030,-20,0,162196,115,-0.140,0.000
47040,-20,0,162188,115,-1.122,0.000
47050,-20,0,162175,115,-1.823,0.000
47060,-20,0,162151,115,-3.366,0.000
47070,-20,0,162120,115,-4.348,0.000
47080,-20,0,162081,115,-5.470,0.000
47090,-20,0,162036,115,-6.311,0.000
47100,-20,0,161986,115,-7.012,0.000
47110,-20,0,161931,115,-7.714,0.000
47120,-20,0,161875,115,-7.854,0.000
47130,-20,0,161815,115,-8.415,0.000
47140,-20,0,161753,115,-8.695,0.000
47150,-20,0,161690,115,-8.836,0.000
47160,-20,0,161625,115,-9.116,0.000
47170,-20,0,161559,115,-9.256,0.000
47180,-20,0,161493,115,-9.256,0.000
47190,-20,0,161425,115,-9.537,0.000
47200,-20,0,161357,115,-9.537,0.000
47210,-20,0,161288,115,-9.677,0.000
47220,-20,0,161219,115,-9.677,0.000
47230,-20,0,161150,115,-9.677,0.000
47240,-20,0,161080,115,-9.817,0.000
47250,-20,0,161011,115,-9.677,0.000
47260,-20,0,160942,115,-9.677,0.000
47270,-20,0,160872,115,-9.817,0.000
47280,-20,0,160802,115,-9.817,0.000
47290,-20,0,160733,115,-9.677,0.000
47300,-20,0,160663,115,-9.817,0.000
47310,-20,0,160593,115,-9.817,0.000
47320,-20,0,160523,115,-9.817,0.000
47330,-20,0,160454,115,-9.677,0.000
47340,-20,0,160384,115,-9.817,0.000
47350,-20,0,160314,115,-9.817,0.000
47360,-20,0,160243,115,-9.958,0.000
47370,-20,0,160173,115,-9.817,0.000
47380,-20,0,160103,115,-9.817,0.000
47390,-20,0,160033,115,-9.817,0.000
47400,-20,0,159963,115,-9.817,0.000
47410,-20,0,159892,115,-9.958,0.000
47420,-20,0,159822,115,-9.817,0.000
47430,-20,0,159752,115,-9.817,0.000
47440,-20,0,159682,115,-9.817,0.000
47450,-20,0,159612,115,-9.817,0.000
47460,-20,0,159542,115,-9.817,0.000
47470,-20,0,159472,115,-9.817,0.000
47480,-20,0,159402,115,-9.817,0.000
47490,-20,0,159331,115,-9.958,0.000
47500,-20,0,159261,115,-9.817,0.000
47510,-20,0,159190,115,-9.958,0.000
47520,-20,0,159118,115,-10.098,0.000
47530,-20,0,159047,115,-9.958,0.000
47540,-20,0,158977,115,-9.817,0.000
47550,-20,0,158906,115,-9.958,0.000
47560,-20,0,158835,115,-9.958,0.000
47570,-20,0,158765,115,-9.817,0.000
47580,-20,0,158695,115,-9.817,0.000
47590,-20,0,158624,115,-9.958,0.000
47600,-20,0,158554,115,-9.817,0.000
47610,-20,0,158484,115,-9.817,0.000
47620,-20,0,158414,115,-9.817,0.000
47630,-20,0,158343,115,-9.958,0.000
47640,-20,0,158274,115,-9.677,0.000
47650,-20,0,158203,115,-9.958,0.000
47660,-20,0,158133,115,-9.817,0.000
47670,-20,0,158063,115,-9.817,0.000
47680,-20,0,157993,115,-9.817,0.000
47690,-20,0,157923,115,-9.817,0.000
47700,-20,0,157853,115,-9.817,0.000
47710,-20,0,157783,115,-9.817,0.000
47720,-20,0,157713,115,-9.817,0.000
47730,-20,0,157643,115,-9.817,0.000
47740,-20,0,157573,115,-9.817,0.000
47750,-20,0,157503,115,-9.817,0.000
47760,-20,0,157432,115,-9.958,0.000
47770,-20,0,157362,115,-9.817,0.000
47780,-20,0,157292,115,-9.817,0.000
47790,-20,0,157222,115,-9.817,0.000
47800,-20,0,157151,115,-9.958,0.000
47810,-20,0,157081,115,-9.817,0.000
47820,-20,0,157010,115,-9.958,0.000
47830,-20,0,156940,115,-9.817,0.000
47840,-20,0,156869,115,-9.958,0.000
47850,-20,0,156799,115,-9.817,0.000
47860,-20,0,156728,115,-9.958,0.000
47870,-20,0,156658,115,-9.817,0.000
47880,-20,0,156587,115,-9.958,0.000
47890,-20,0,156517,115,-9.817,0.000
47900,-20,0,156446,115,-9.958,0.000
47910,-20,0,156376,115,-9.817,0.000
47920,-20,0,156304,115,-10.098,0.000
47930,-20,0,156233,115,-9.958,0.000
47940,-20,0,156162,115,-9.958,0.000
47950,-20,0,156090,115,-10.098,0.000
47960,-20,0,156019,115,-9.958,0.000
47970,-20,0,155947,115,-10.098,0.000
47980,-20,0,155876,115,-9.958,0.000
47990,-20,0,155805,115,-9.958,0.000
48000,-20,0,155733,115,-10.098,0.000
48010,-20,0,155662,115,-9.958,0.000
48020,-20,0,155591,115,-9.958,0.000
48030,-20,0,155519,115,-10.098,0.000
48040,-20,0,155448,115,-9.958,0.000
48050,-20,0,155377,115,-9.958,0.000
48060,-20,0,155305,115,-10.098,0.000
48070,-20,0,155234,115,-9.958,0.000
48080,-20,0,155163,115,-9.958,0.000
48090,-20,0,155092,115,-9.958,0.000
48100,-20,0,155021,115,-9.958,0.000
48110,-20,0,154950,115,-9.958,0.000
48120,-20,0,154879,115,-9.958,0.000
48130,-20,0,154808,115,-9.958,0.000
48140,-20,0,154736,115,-10.098,0.000
48150,-20,0,154665,115,-9.958,0.000
48160,-20,0,154594,115,-9.958,0.000
48170,-20,0,154522,115,-10.098,0.000
48180,-20,0,154451,115,-9.958,0.000
48190,-20,0,154380,115,-9.958,0.000
48200,-20,0,154308,115,-10.098,0.000
48210,-20,0,154237,115,-9.958,0.000
48220,-20,0,154166,115,-9.958,0.000
48230,-20,0,154095,115,-9.958,0.000
48240,-20,0,154024,115,-9.958,0.000
48250,-20,0,153953,115,-9.958,0.000
48260,-20,0,153882,115,-9.958,0.000
48270,-20,0,153811,115,-9.958,0.000
48280,-20,0,153741,115,-9.817,0.000
48290,-20,0,153670,115,-9.958,0.000
48300,-20,0,153600,115,-9.817,0.000
48310,-20,0,153529,115,-9.958,0.000
48320,-20,0,153459,115,-9.817,0.000
48330,-20,0,153388,115,-9.958,0.000
48340,-20,0,153318,115,-9.817,0.000
48350,-20,0,153248,115,-9.817,0.000
48360,-20,0,153177,115,-9.958,0.000
48370,-20,0,153107,115,-9.817,0.000
48380,-20,0,153037,115,-9.817,0.000
48390,-20,0,152967,115,-9.817,0.000
48400,-20,0,152897,115,-9.817,0.000
48410,-20,0,152827,115,-9.817,0.000
48420,-20,0,152757,115,-9.817,0.000
48430,-20,0,152687,115,-9.817,0.000
48440,-20,0,152617,115,-9.817,0.000
48450,-20,0,152547,115,-9.817,0.000
48460,-20,0,152477,115,-9.817,0.000
48470,-20,0,152406,115,-9.958,0.000
48480,-20,0,152336,115,-9.817,0.000
48490,-20,0,152266,115,-9.817,0.000
48500,-20,0,152195,115,-9.958,0.000
48510,-20,0,152125,115,-9.817,0.000
48520,-20,0,152055,115,-9.817,0.000
48530,-20,0,151985,115,-9.817,0.000
48540,-20,0,151914,115,-9.958,0.000
48550,-20,0,151843,115,-9.958,0.000
48560,-20,0,151773,115,-9.817,0.000
48570,-20,0,151702,115,-9.958,0.000
48580,-20,0,151632,115,-9.817,0.000
48590,-20,0,151561,115,-9.958,0.000
48600,-20,0,151490,115,-9.958,0.000
48610,-20,0,151420,115,-9.817,0.000
48620,-20,0,151349,115,-9.958,0.000
48630,-20,0,151277,115,-10.098,0.000
48640,-20,0,151207,115,-9.817,0.000
48650,-20,0,151135,115,-10.098,0.000
48660,-20,0,151064,115,-9.958,0.000
48670,-20,0,150993,115,-9.958,0.000
48680,-20,0,150921,115,-10.098,0.000
48690,-20,0,150850,115,-9.958,0.000
48700,-20,0,150779,115,-9.958,0.000
48710,-20,0,150707,115,-10.098,0.000
48720,-20,0,150635,115,-10.098,0.000
48730,-20,0,150563,115,-10.098,0.000
48740,-20,0,150491,115,-10.098,0.000
48750,-20,0,150419,115,-10.098,0.000
48760,-20,0,150347,115,-10.098,0.000
48770,-20,0,150274,115,-10.238,0.000
48780,-20,0,150202,115,-10.098,0.000
48790,-20,0,150130,115,-10.098,0.000
48800,-20,0,150058,115,-10.098,0.000
48810,-20,0,149986,115,-10.098,0.000
48820,-20,0,149914,115,-10.098,0.000
48830,-20,0,149843,115,-9.958,0.000
48840,-20,0,149771,115,-10.098,0.000
48850,-20,0,149700,115,-9.958,0.000
48860,-20,0,149629,115,-9.958,0.000
48870,-20,0,149557,115,-10.098,0.000
48880,-20,0,149486,115,-9.958,0.000
48890,-20,0,149414,115,-10.098,0.000
48900,-20,0,149343,115,-9.958,0.000
48910,-20,0,149271,115,-10.098,0.000
48920,-20,0,149199,115,-10.098,0.000
48930,-20,0,149128,115,-9.958,0.000
48940,-20,0,149056,115,-10.098,0.000
48950,-20,0,148985,115,-9.958,0.000
48960,-20,0,148913,115,-10.098,0.000
48970,-20,0,148842,115,-9.958,0.000
48980,-20,0,148771,115,-9.958,0.000
48990,-20,0,148700,115,-9.958,0.000
49000,-20,0,148629,115,-9.958,0.000
49010,-20,0,148558,115,-9.958,0.000
49020,-20,0,148487,115,-9.958,0.000
49030,-20,0,148416,115,-9.958,0.000
49040,-20,0,148345,115,-9.958,0.000
49050,-20,0,148273,115,-10.098,0.000
49060,-20,0,148202,115,-9.958,0.000
49070,-20,0,148130,115,-10.098,0.000
49080,-20,0,148059,115,-9.958,0.000
49090,-20,0,147987,115,-10.098,0.000
49100,-20,0,147915,115,-10.098,0.000
49110,-20,0,147842,115,-10.238,0.000
49120,-20,0,147770,115,-10.098,0.000
49130,-20,0,147697,115,-10.238,0.000
49140,-20,0,147625,115,-10.098,0.000
49150,-20,0,147552,115,-10.238,0.000
49160,-20,0,147479,115,-10.238,0.000
49170,-20,0,147406,115,-10.238,0.000
49180,-20,0,147333,115,-10.238,0.000
49190,-20,0,147261,115,-10.098,0.000
49200,-20,0,147188,115,-10.238,0.000
49210,-20,0,147115,115,-10.238,0.000
49220,-20,0,147042,115,-10.238,0.000
49230,-20,0,146970,115,-10.098,0.000
49240,-20,0,146897,115,-10.238,0.000
49250,-20,0,146824,115,-10.238,0.000
49260,-20,0,146752,115,-10.098,0.000
49270,-20,0,146679,115,-10.238,0.000
49280,-20,0,146606,115,-10.238,0.000
49290,-20,0,146533,115,-10.238,0.000
49300,-20,0,146460,115,-10.238,0.000
49310,-20,0,146387,115,-10.238,0.000
49320,-20,0,146314,115,-10.238,0.000
49330,-20,0,146241,115,-10.238,0.000
49340,-20,0,146167,115,-10.378,0.000
49350,-20,0,146094,115,-10.238,0.000
49360,-20,0,146021,115,-10.238,0.000
49370,-20,0,145949,115,-10.098,0.000
49380,-20,0,145876,115,-10.238,0.000
49390,-20,0,145804,115,-10.098,0.000
49400,-20,0,145731,115,-10.238,0.000
49410,-20,0,145659,115,-10.098,0.000
49420,-20,0,145587,115,-10.098,0.000
49430,-20,0,145516,115,-9.958,0.000
49440,-20,0,145444,115,-10.098,0.000
49450,-20,0,145372,115,-10.098,0.000
49460,-20,0,145301,115,-9.958,0.000
49470,-20,0,145229,115,-10.098,0.000
49480,-20,0,145157,115,-10.098,0.000
49490,-20,0,145086,115,-9.958,0.000
49500,-20,0,145014,115,-10.098,0.000
49510,-20,0,144943,115,-9.958,0.000
49520,-20,0,144871,115,-10.098,0.000
49530,-20,0,144800,115,-9.958,0.000
49540,-20,0,144728,115,-10.098,0.000
49550,-20,0,144656,115,-10.098,0.000
49560,-20,0,144585,115,-9.958,0.000
49570,-20,0,144513,115,-10.098,0.000
49580,-20,0,144441,115,-10.098,0.000
49590,-20,0,144369,115,-10.098,0.000
49600,-20,0,144297,115,-10.098,0.000
49610,-20,0,144224,115,-10.238,0.000
49620,-20,0,144152,115,-10.098,0.000
49630,-20,0,144081,115,-9.958,0.000
49640,-20,0,144009,115,-10.098,0.000
49650,-20,0,143937,115,-10.098,0.000
49660,-20,0,143865,115,-10.098,0.000
49670,-20,0,143794,115,-9.958,0.000
49680,-20,0,143723,115,-9.958,0.000
49690,-20,0,143651,115,-10.098,0.000
49700,-20,0,143580,115,-9.958,0.000
49710,-20,0,143509,115,-9.958,0.000
49720,-20,0,143437,115,-10.098,0.000
49730,-20,0,143366,115,-9.958,0.000
49740,-20,0,143295,115,-9.958,0.000
49750,-20,0,143224,115,-9.958,0.000
49760,-20,0,143153,115,-9.958,0.000
49770,-20,0,143081,115,-10.098,0.000
49780,-20,0,143010,115,-9.958,0.000
49790,-20,0,142938,115,-10.098,0.000
49800,-20,0,142867,115,-9.958,0.000
49810,-20,0,142796,115,-9.958,0.000
49820,-20,0,142724,115,-10.098,0.000
49830,-20,0,142653,115,-9.958,0.000
49840,-20,0,142581,115,-10.098,0.000
49850,-20,0,142510,115,-9.958,0.000
49860,-20,0,142438,115,-10.098,0.000
49870,-20,0,142367,115,-9.958,0.000
49880,-20,0,142297,117,-9.817,0.280
49890,-20,0,142227,119,-9.817,0.280
49900,-20,0,142157,121,-9.817,0.280
49910,-20,0,142088,123,-9.677,0.280
49920,-20,0,142018,125,-9.817,0.280
49930,-20,0,141948,126,-9.817,0.140
49940,-20,0,141878,126,-9.817,0.000
49950,-20,0,141808,126,-9.817,0.000
49960,-20,0,141737,126,-9.958,0.000
49970,-20,0,141666,126,-9.958,0.000
49980,-20,0,141595,126,-9.958,0.000
49990,-20,0,141524,126,-9.958,0.000
50000,-20,0,141453,126,-9.958,0.000
50010,0,0,141382,126,-9.958,0.000
50020,0,0,141311,126,-9.958,0.000
50030,0,0,141241,126,-9.817,0.000
50040,0,0,141175,126,-9.256,0.000
50050,0,0,141117,126,-8.134,0.000
50060,0,0,141070,126,-6.592,0.000
50070,0,0,141034,126,-5.049,0.000
50080,0,0,141009,126,-3.506,0.000
50090,0,0,140991,126,-2.524,0.000
50100,0,0,140978,126,-1.823,0.000
50110,0,0,140970,126,-1.122,0.000
50120,0,0,140965,126,-0.701,0.000
50130,0,0,140964,126,-0.140,0.000
50140,0,0,140964,126,0.000,0.000
50150,0,0,140964,126,0.000,0.000
50160,0,0,140965,126,0.140,0.000
50170,0,0,140966,126,0.140,0.000
50180,0,0,140967,126,0.140,0.000
50190,0,0,140969,126,0.280,0.000
50200,0,0,140970,126,0.140,0.000
50210,0,0,140971,126,0.140,0.000
50220,0,0,140971,126,0.000,0.000
50230,0,0,140971,126,0.000,0.000
50240,0,0,140971,126,0.000,0.000
50250,0,0,140971,126,0.000,0.000
50260,0,0,140971,126,0.000,0.000
50270,0,0,140971,126,0.000,0.000
50280,0,0,140971,126,0.000,0.000
50290,0,0,140971,126,0.000,0.000
50300,0,0,140971,126,0.000,0.000
50310,0,0,140971,126,0.000,0.000
50320,0,0,140971,126,0.000,0.000
50330,0,0,140971,126,0.000,0.000
50340,0,0,140971,126,0.000,0.000
50350,0,0,140971,126,0.000,0.000
50360,0,0,140971,126,0.000,0.000
50370,0,0,140971,126,0.000,0.000
50380,0,0,140971,126,0.000,0.000
50390,0,0,140971,126,0.000,0.000
50400,0,0,140971,126,0.000,0.000
50410,0,0,140971,126,0.000,0.000
50420,0,0,140971,126,0.000,0.000
50430,0,0,140971,126,0.000,0.000
50440,0,0,140971,126,0.000,0.000
50450,0,0,140971,126,0.000,0.000
50460,0,0,140971,126,0.000,0.000
50470,0,0,140971,126,0.000,0.000
50480,0,0,140971,126,0.000,0.000
50490,0,0,140971,126,0.000,0.000
50500,0,0,140971,126,0.000,0.000
50510,0,0,140971,126,0.000,0.000
50520,0,0,140971,126,0.000,0.000
50530,0,0,140971,126,0.000,0.000
50540,0,0,140971,126,0.000,0.000
50550,0,0,140971,126,0.000,0.000
50560,0,0,140971,126,0.000,0.000
50570,0,0,140971,126,0.000,0.000
50580,0,0,140971,126,0.000,0.000
50590,0,0,140971,126,0.000,0.000
50600,0,0,140971,126,0.000,0.000
50610,0,0,140971,126,0.000,0.000
50620,0,0,140971,126,0.000,0.000
50630,0,0,140971,126,0.000,0.000
50640,0,0,140971,126,0.000,0.000
50650,0,0,140971,126,0.000,0.000
50660,0,0,140971,126,0.000,0.000
50670,0,0,140971,126,0.000,0.000
50680,0,0,140971,126,0.000,0.000
50690,0,0,140971,126,0.000,0.000
50700,0,0,140971,126,0.000,0.000
50710,0,0,140971,126,0.000,0.000
50720,0,0,140971,126,0.000,0.000
50730,0,0,140971,126,0.000,0.000
50740,0,0,140971,126,0.000,0.000
50750,0,0,140971,126,0.000,0.000
50760,0,0,140971,126,0.000,0.000
50770,0,0,140971,126,0.000,0.000
50780,0,0,140971,126,0.000,0.000
50790,0,0,140971,126,0.000,0.000
50800,0,0,140971,126,0.000,0.000
50810,0,0,140971,126,0.000,0.000
50820,0,0,140971,126,0.000,0.000
50830,0,0,140971,126,0.000,0.000
50840,0,0,140971,126,0.000,0.000
50850,0,0,140971,126,0.000,0.000
50860,0,0,140971,126,0.000,0.000
50870,0,0,140971,126,0.000,0.000
50880,0,0,140971,126,0.000,0.000
50890,0,0,140971,126,0.000,0.000
50900,0,0,140971,126,0.000,0.000
50910,0,0,140971,126,0.000,0.000
50920,0,0,140971,126,0.000,0.000
50930,0,0,140971,126,0.000,0.000
50940,0,0,140971,126,0.000,0.000
50950,0,0,140971,126,0.000,0.000
50960,0,0,140971,126,0.000,0.000
50970,0,0,140971,126,0.000,0.000
50980,0,0,140971,126,0.000,0.000
50990,0,0,140971,126,0.000,0.000
51000,0,0,140971,126,0.000,0.000
51010,0,0,140971,126,0.000,0.000
51020,0,0,140971,126,0.000,0.000
51030,0,0,140971,126,0.000,0.000
51040,0,0,140971,126,0.000,0.000
51050,0,0,140971,126,0.000,0.000
51060,0,0,140971,126,0.000,0.000
51070,0,0,140971,126,0.000,0.000
51080,0,0,140971,126,0.000,0.000
51090,0,0,140971,126,0.000,0.000
51100,0,0,140971,126,0.000,0.000
51110,0,0,140971,126,0.000,0.000
51120,0,0,140971,126,0.000,0.000
51130,0,0,140972,127,0.140,0.140
51140,0,0,140972,127,0.000,0.000
51150,0,0,140974,128,0.280,0.140
51160,0,0,140976,129,0.280,0.140
51170,0,0,140980,129,0.561,0.000
51180,0,0,140982,130,0.280,0.140
51190,0,0,140982,130,0.000,0.000
51200,0,0,140982,130,0.000,0.000
51210,0,0,140982,130,0.000,0.000
51220,0,0,140982,130,0.000,0.000
51230,0,0,140982,130,0.000,0.000
51240,0,0,140982,130,0.000,0.000
51250,0,0,140982,130,0.000,0.000
51260,0,0,140982,130,0.000,0.000
51270,0,0,140982,130,0.000,0.000
51280,0,0,140982,130,0.000,0.000
51290,0,0,140982,130,0.000,0.000
51300,0,0,140982,130,0.000,0.000
51310,0,0,140982,130,0.000,0.000
51320,0,0,140982,130,0.000,0.000
51330,0,0,140982,130,0.000,0.000
51340,0,0,140982,130,0.000,0.000
51350,0,0,140982,130,0.000,0.000
51360,0,0,140982,130,0.000,0.000
51370,0,0,140982,130,0.000,0.000
51380,0,0,140982,130,0.000,0.000
51390,0,0,140982,130,0.000,0.000
51400,0,0,140982,130,0.000,0.000
51410,0,0,140982,130,0.000,0.000
51420,0,0,140982,130,0.000,0.000
51430,0,0,140982,130,0.000,0.000
51440,0,0,140982,130,0.000,0.000
51450,0,0,140982,130,0.000,0.000
51460,0,0,140982,130,0.000,0.000
51470,0,0,140982,130,0.000,0.000
51480,0,0,140982,130,0.000,0.000
51490,0,0,140982,130,0.000,0.000
51500,0,0,140982,130,0.000,0.000
51510,0,0,140982,130,0.000,0.000
51520,0,0,140982,130,0.000,0.000
51530,0,0,140982,130,0.000,0.000
51540,0,0,140982,130,0.000,0.000
51550,0,0,140982,130,0.000,0.000
51560,0,0,140982,130,0.000,0.000
51570,0,0,140982,130,0.000,0.000
51580,0,0,140982,130,0.000,0.000
51590,0,0,140982,130,0.000,0.000
51600,0,0,140982,130,0.000,0.000
51610,0,0,140982,130,0.000,0.000
51620,0,0,140982,130,0.000,0.000
51630,0,0,140982,130,0.000,0.000
51640,0,0,140982,130,0.000,0.000
51650,0,0,140982,130,0.000,0.000
51660,0,0,140982,130,0.000,0.000
51670,0,0,140982,130,0.000,0.000
51680,0,0,140982,130,0.000,0.000
51690,0,0,140982,130,0.000,0.000
51700,0,0,140982,130,0.000,0.000
51710,0,0,140982,130,0.000,0.000
51720,0,0,140982,130,0.000,0.000
51730,0,0,140982,130,0.000,0.000
51740,0,0,140982,130,0.000,0.000
51750,0,0,140982,130,0.000,0.000
51760,0,0,140982,130,0.000,0.000
51770,0,0,140982,130,0.000,0.000
51780,0,0,140982,130,0.000,0.000
51790,0,0,140982,130,0.000,0.000
51800,0,0,140982,130,0.000,0.000
51810,0,0,140982,130,0.000,0.000
51820,0,0,140982,130,0.000,0.000
51830,0,0,140982,130,0.000,0.000
51840,0,0,140982,130,0.000,0.000
51850,0,0,140982,130,0.000,0.000
51860,0,0,140982,130,0.000,0.000
51870,0,0,140982,130,0.000,0.000
51880,0,0,140982,130,0.000,0.000
51890,0,0,140982,130,0.000,0.000
51900,0,0,140982,130,0.000,0.000
51910,0,0,140982,130,0.000,0.000
51920,0,0,140982,130,0.000,0.000
51930,0,0,140982,130,0.000,0.000
51940,0,0,140982,130,0.000,0.000
51950,0,0,140982,130,0.000,0.000
51960,0,0,140982,130,0.000,0.000
51970,0,0,140982,130,0.000,0.000
51980,0,0,140982,130,0.000,0.000
51990,0,0,140982,130,0.000,0.000
52000,0,0,140982,130,0.000,0.000
52010,0,0,140982,130,0.000,0.000
52020,0,0,140982,130,0.000,0.000
52030,0,0,140982,130,0.000,0.000
52040,0,0,140982,130,0.000,0.000
52050,0,0,140982,130,0.000,0.000
52060,0,0,140982,130,0.000,0.000
52070,0,0,140982,130,0.000,0.000
52080,0,0,140982,130,0.000,0.000
52090,0,0,140982,130,0.000,0.000
52100,0,0,140982,130,0.000,0.000
52110,0,0,140982,130,0.000,0.000
52120,0,0,140982,130,0.000,0.000
52130,0,0,140982,130,0.000,0.000
52140,0,0,140982,130,0.000,0.000
52150,0,0,140982,130,0.000,0.000
52160,0,0,140982,130,0.000,0.000
52170,0,0,140982,130,0.000,0.000
52180,0,0,140982,130,0.000,0.000
52190,0,0,140982,130,0.000,0.000
52200,0,0,140982,130,0.000,0.000
52210,0,0,140982,130,0.000,0.000
52220,0,0,140982,130,0.000,0.000
52230,0,0,140982,130,0.000,0.000
52240,0,0,140982,130,0.000,0.000
52250,0,0,140982,130,0.000,0.000
52260,0,0,140982,130,0.000,0.000
52270,0,0,140982,130,0.000,0.000
52280,0,0,140982,130,0.000,0.000
52290,0,0,140982,130,0.000,0.000
52300,0,0,140982,130,0.000,0.000
52310,0,0,140982,130,0.000,0.000
52320,0,0,140982,130,0.000,0.000
52330,0,0,140982,130,0.000,0.000
52340,0,0,140982,130,0.000,0.000
52350,0,0,140982,130,0.000,0.000
52360,0,0,140982,130,0.000,0.000
52370,0,0,140982,130,0.000,0.000
52380,0,0,140982,130,0.000,0.000
52390,0,0,140982,130,0.000,0.000
52400,0,0,140982,130,0.000,0.000
52410,0,0,140982,130,0.000,0.000
52420,0,0,140982,130,0.000,0.000
52430,0,0,140982,130,0.000,0.000
52440,0,0,140982,130,0.000,0.000
52450,0,0,140982,130,0.000,0.000
52460,0,0,140982,130,0.000,0.000
52470,0,0,140982,130,0.000,0.000
52480,0,0,140982,130,0.000,0.000
52490,0,0,140982,130,0.000,0.000
52500,0,0,140982,130,0.000,0.000
52510,0,0,140982,130,0.000,0.000
52520,0,0,140982,130,0.000,0.000
52530,0,0,140982,130,0.000,0.000
52540,0,0,140982,130,0.000,0.000
52550,0,0,140982,130,0.000,0.000
52560,0,0,140982,130,0.000,0.000
52570,0,0,140982,130,0.000,0.000
52580,0,0,140982,130,0.000,0.000
52590,0,0,140982,130,0.000,0.000
52600,0,0,140982,130,0.000,0.000
52610,0,0,140982,130,0.000,0.000
52620,0,0,140982,130,0.000,0.000
52630,0,0,140982,130,0.000,0.000
52640,0,0,140982,130,0.000,0.000
52650,0,0,140982,130,0.000,0.000
52660,0,0,140982,130,0.000,0.000
52670,0,0,140982,130,0.000,0.000
52680,0,0,140982,130,0.000,0.000
52690,0,0,140982,130,0.000,0.000
52700,0,0,140982,130,0.000,0.000
52710,0,0,140982,130,0.000,0.000
52720,0,0,140982,130,0.000,0.000
52730,0,0,140982,130,0.000,0.000
52740,0,0,140982,130,0.000,0.000
52750,0,0,140982,130,0.000,0.000
52760,0,0,140982,130,0.000,0.000
52770,0,0,140982,130,0.000,0.000
52780,0,0,140982,130,0.000,0.000
52790,0,0,140982,130,0.000,0.000
52800,0,0,140982,130,0.000,0.000
52810,0,0,140982,130,0.000,0.000
52820,0,0,140982,130,0.000,0.000
52830,0,0,140982,130,0.000,0.000
52840,0,0,140982,130,0.000,0.000
52850,0,0,140982,130,0.000,0.000
52860,0,0,140982,130,0.000,0.000
52870,0,0,140982,130,0.000,0.000
52880,0,0,140982,130,0.000,0.000
52890,0,0,140982,130,0.000,0.000
52900,0,0,140982,130,0.000,0.000
52910,0,0,140982,130,0.000,0.000
52920,0,0,140982,130,0.000,0.000
52930,0,0,140982,130,0.000,0.000
52940,0,0,140982,130,0.000,0.000
52950,0,0,140982,130,0.000,0.000
52960,0,0,140982,130,0.000,0.000
52970,0,0,140982,130,0.000,0.000
52980,0,0,140982,130,0.000,0.000
52990,0,0,140982,130,0.000,0.000
53000,0,0,140982,130,0.000,0.000
53010,-25,0,140982,130,0.000,0.000
53020,-25,0,140982,130,0.000,0.000
53030,-25,0,140981,130,-0.140,0.000
53040,-25,0,140973,130,-1.122,0.000
53050,-25,0,140955,130,-2.524,0.000
53060,-25,0,140929,130,-3.646,0.000
53070,-25,0,140899,130,-4.207,0.000
53080,-25,0,140865,130,-4.768,0.000
53090,-25,0,140827,130,-5.329,0.000
53100,-25,0,140783,130,-6.171,0.000
53110,-25,0,140736,130,-6.592,0.000
53120,-25,0,140682,130,-7.573,0.000
53130,-25,0,140623,130,-8.275,0.000
53140,-25,0,140559,130,-8.976,0.000
53150,-25,0,140491,130,-9.537,0.000
53160,-25,0,140418,131,-10.238,0.140
53170,-25,0,140343,131,-10.519,0.000
53180,-25,0,140265,131,-10.939,0.000
53190,-25,0,140185,131,-11.220,0.000
53200,-25,0,140103,132,-11.500,0.140
53210,-25,0,140021,133,-11.500,0.140
53220,-25,0,139937,134,-11.781,0.140
53230,-25,0,139853,135,-11.781,0.140
53240,-25,0,139768,135,-11.921,0.000
53250,-25,0,139682,135,-12.061,0.000
53260,-25,0,139596,135,-12.061,0.000
53270,-25,0,139509,135,-12.202,0.000
53280,-25,0,139422,135,-12.202,0.000
53290,-25,0,139334,135,-12.342,0.000
53300,-25,0,139247,135,-12.202,0.000
53310,-25,0,139159,135,-12.342,0.000
53320,-25,0,139070,135,-12.482,0.000
53330,-25,0,138981,135,-12.482,0.000
53340,-25,0,138893,135,-12.342,0.000
53350,-25,0,138804,135,-12.482,0.000
53360,-25,0,138715,135,-12.482,0.000
53370,-25,0,138626,135,-12.482,0.000
53380,-25,0,138536,135,-12.622,0.000
53390,-25,0,138446,135,-12.622,0.000
53400,-25,0,138357,135,-12.482,0.000
53410,-25,0,138267,135,-12.622,0.000
53420,-25,0,138178,136,-12.482,0.140
53430,-25,0,138088,136,-12.622,0.000
53440,-25,0,137999,136,-12.482,0.000
53450,-25,0,137909,136,-12.622,0.000
53460,-25,0,137819,136,-12.622,0.000
53470,-25,0,137730,136,-12.482,0.000
53480,-25,0,137640,136,-12.622,0.000
53490,-25,0,137550,136,-12.622,0.000
53500,-25,0,137460,136,-12.622,0.000
53510,-25,0,137370,136,-12.622,0.000
53520,-25,0,137280,136,-12.622,0.000
53530,-25,0,137190,136,-12.622,0.000
53540,-25,0,137100,136,-12.622,0.000
53550,-25,0,137010,136,-12.622,0.000
53560,-25,0,136920,136,-12.622,0.000
53570,-25,0,136830,136,-12.622,0.000
53580,-25,0,136740,136,-12.622,0.000
53590,-25,0,136650,136,-12.622,0.000
53600,-25,0,136560,136,-12.622,0.000
53610,-25,0,136470,136,-12.622,0.000
53620,-25,0,136381,136,-12.482,0.000
53630,-25,0,136291,136,-12.622,0.000
53640,-25,0,136201,136,-12.622,0.000
53650,-25,0,136111,136,-12.622,0.000
53660,-25,0,136021,136,-12.622,0.000
53670,-25,0,135931,136,-12.622,0.000
53680,-25,0,135841,136,-12.622,0.000
53690,-25,0,135752,136,-12.482,0.000
53700,-25,0,135663,136,-12.482,0.000
53710,-25,0,135573,136,-12.622,0.000
53720,-25,0,135484,136,-12.482,0.000
53730,-25,0,135394,136,-12.622,0.000
53740,-25,0,135305,136,-12.482,0.000
53750,-25,0,135215,136,-12.622,0.000
53760,-25,0,135125,136,-12.622,0.000
53770,-25,0,135036,136,-12.482,0.000
53780,-25,0,134946,136,-12.622,0.000
53790,-25,0,134857,136,-12.482,0.000
53800,-25,0,134767,136,-12.622,0.000
53810,-25,0,134677,136,-12.622,0.000
53820,-25,0,134587,136,-12.622,0.000
53830,-25,0,134497,136,-12.622,0.000
53840,-25,0,134407,136,-12.622,0.000
53850,-25,0,134317,136,-12.622,0.000
53860,-25,0,134227,136,-12.622,0.000
53870,-25,0,134137,136,-12.622,0.000
53880,-25,0,134047,136,-12.622,0.000
53890,-25,0,133957,136,-12.622,0.000
53900,-25,0,133866,136,-12.763,0.000
53910,-25,0,133776,136,-12.622,0.000
53920,-25,0,133685,136,-12.763,0.000
53930,-25,0,133594,136,-12.763,0.000
53940,-25,0,133503,136,-12.763,0.000
53950,-25,0,133412,136,-12.763,0.000
53960,-25,0,133321,136,-12.763,0.000
53970,-25,0,133231,136,-12.622,0.000
53980,-25,0,133139,136,-12.903,0.000
53990,-25,0,133048,136,-12.763,0.000
54000,-25,0,132957,136,-12.763,0.000
54010,-25,0,132866,136,-12.763,0.000
54020,-25,0,132775,136,-12.763,0.000
54030,-25,0,132684,136,-12.763,0.000
54040,-25,0,132594,136,-12.622,0.000
54050,-25,0,132503,136,-12.763,0.000
54060,-25,0,132413,136,-12.622,0.000
54070,-25,0,132322,136,-12.763,0.000
54080,-25,0,132231,136,-12.763,0.000
54090,-25,0,132141,136,-12.622,0.000
54100,-25,0,132050,136,-12.763,0.000
54110,-25,0,131960,136,-12.622,0.000
54120,-25,0,131869,136,-12.763,0.000
54130,-25,0,131779,136,-12.622,0.000
54140,-25,0,131689,136,-12.622,0.000
54150,-25,0,131598,136,-12.763,0.000
54160,-25,0,131508,136,-12.622,0.000
54170,-25,0,131418,136,-12.622,0.000
54180,-25,0,131328,136,-12.622,0.000
54190,-25,0,131237,136,-12.763,0.000
54200,-25,0,131147,136,-12.622,0.000
54210,-25,0,131057,136,-12.622,0.000
54220,-25,0,130967,136,-12.622,0.000
54230,-25,0,130877,136,-12.622,0.000
54240,-25,0,130787,136,-12.622,0.000
54250,-25,0,130696,136,-12.763,0.000
54260,-25,0,130606,136,-12.622,0.000
54270,-25,0,130516,136,-12.622,0.000
54280,-25,0,130426,136,-12.622,0.000
54290,-25,0,130335,136,-12.763,0.000
54300,-25,0,130245,136,-12.622,0.000
54310,-25,0,130155,136,-12.622,0.000
54320,-25,0,130064,136,-12.763,0.000
54330,-25,0,129974,136,-12.622,0.000
54340,-25,0,129883,136,-12.763,0.000
54350,-25,0,129793,136,-12.622,0.000
54360,-25,0,129702,136,-12.763,0.000
54370,-25,0,129611,136,-12.763,0.000
54380,-25,0,129520,136,-12.763,0.000
54390,-25,0,129429,136,-12.763,0.000
54400,-25,0,129339,137,-12.622,0.140
54410,-25,0,129249,139,-12.622,0.280
54420,-25,0,129160,140,-12.482,0.140
54430,-25,0,129071,142,-12.482,0.280
54440,-25,0,128982,143,-12.482,0.140
54450,-25,0,128892,144,-12.622,0.140
54460,-25,0,128802,145,-12.622,0.140
54470,-25,0,128712,145,-12.622,0.000
54480,-25,0,128622,146,-12.622,0.140
54490,-25,0,128531,146,-12.763,0.000
54500,-25,0,128440,146,-12.763,0.000
54510,-25,0,128350,146,-12.622,0.000
54520,-25,0,128259,146,-12.763,0.000
54530,-25,0,128169,146,-12.622,0.000
54540,-25,0,128078,146,-12.763,0.000
54550,-25,0,127988,146,-12.622,0.000
54560,-25,0,127897,146,-12.763,0.000
54570,-25,0,127806,146,-12.763,0.000
54580,-25,0,127716,146,-12.622,0.000
54590,-25,0,127625,146,-12.763,0.000
54600,-25,0,127535,146,-12.622,0.000
54610,-25,0,127444,146,-12.763,0.000
54620,-25,0,127354,146,-12.622,0.000
54630,-25,0,127263,146,-12.763,0.000
54640,-25,0,127173,146,-12.622,0.000
54650,-25,0,127082,146,-12.763,0.000
54660,-25,0,126991,146,-12.763,0.000
54670,-25,0,126901,146,-12.622,0.000
54680,-25,0,126810,146,-12.763,0.000
54690,-25,0,126719,146,-12.763,0.000
54700,-25,0,126628,146,-12.763,0.000
54710,-25,0,126537,146,-12.763,0.000
54720,-25,0,126446,146,-12.763,0.000
54730,-25,0,126356,146,-12.622,0.000
54740,-25,0,126265,146,-12.763,0.000
54750,-25,0,126174,146,-12.763,0.000
54760,-25,0,126083,146,-12.763,0.000
54770,-25,0,125992,146,-12.763,0.000
54780,-25,0,125902,146,-12.622,0.000
54790,-25,0,125811,146,-12.763,0.000
54800,-25,0,125721,146,-12.622,0.000
54810,-25,0,125630,146,-12.763,0.000
54820,-25,0,125539,146,-12.763,0.000
54830,-25,0,125449,146,-12.622,0.000
54840,-25,0,125358,146,-12.763,0.000
54850,-25,0,125267,146,-12.763,0.000
54860,-25,0,125176,146,-12.763,0.000
54870,-25,0,125085,146,-12.763,0.000
54880,-25,0,124994,146,-12.763,0.000
54890,-25,0,124903,146,-12.763,0.000
54900,-25,0,124812,146,-12.763,0.000
54910,-25,0,124722,146,-12.622,0.000
54920,-25,0,124630,146,-12.903,0.000
54930,-25,0,124539,146,-12.763,0.000
54940,-25,0,124448,146,-12.763,0.000
54950,-25,0,124357,146,-12.763,0.000
54960,-25,0,124266,146,-12.763,0.000
54970,-25,0,124174,146,-12.903,0.000
54980,-25,0,124083,146,-12.763,0.000
54990,-25,0,123991,146,-12.903,0.000
55000,-25,0,123901,146,-12.622,0.000
55010,-25,0,123809,146,-12.903,0.000
55020,-25,0,123718,146,-12.763,0.000
55030,-25,0,123628,146,-12.622,0.000
55040,-25,0,123537,146,-12.763,0.000
55050,-25,0,123447,146,-12.622,0.000
55060,-25,0,123356,146,-12.763,0.000
55070,-25,0,123265,147,-12.763,0.140
55080,-25,0,123175,147,-12.622,0.000
55090,-25,0,123085,147,-12.622,0.000
55100,-25,0,122995,147,-12.622,0.000
55110,-25,0,122905,147,-12.622,0.000
55120,-25,0,122815,147,-12.622,0.000
55130,-25,0,122726,147,-12.482,0.000
55140,-25,0,122635,147,-12.763,0.000
55150,-25,0,122546,147,-12.482,0.000
55160,-25,0,122456,147,-12.622,0.000
55170,-25,0,122366,147,-12.622,0.000
55180,-25,0,122276,147,-12.622,0.000
55190,-25,0,122186,147,-12.622,0.000
55200,-25,0,122097,147,-12.482,0.000
55210,-25,0,122007,147,-12.622,0.000
55220,-25,0,121918,147,-12.482,0.000
55230,-25,0,121829,147,-12.482,0.000
55240,-25,0,121739,147,-12.622,0.000
55250,-25,0,121649,147,-12.622,0.000
55260,-25,0,121559,147,-12.622,0.000
55270,-25,0,121469,147,-12.622,0.000
55280,-25,0,121379,147,-12.622,0.000
55290,-25,0,121289,147,-12.622,0.000
55300,-25,0,121199,147,-12.622,0.000
55310,-25,0,121108,147,-12.763,0.000
55320,-25,0,121018,147,-12.622,0.000
55330,-25,0,120927,147,-12.763,0.000
55340,-25,0,120836,147,-12.763,0.000
55350,-25,0,120746,147,-12.622,0.000
55360,-25,0,120655,147,-12.763,0.000
55370,-25,0,120563,147,-12.903,0.000
55380,-25,0,120472,147,-12.763,0.000
55390,-25,0,120381,147,-12.763,0.000
55400,-25,0,120289,147,-12.903,0.000
55410,-25,0,120197,147,-12.903,0.000
55420,-25,0,120105,147,-12.903,0.000
55430,-25,0,120014,147,-12.763,0.000
55440,-25,0,119922,147,-12.903,0.000
55450,-25,0,119830,147,-12.903,0.000
55460,-25,0,119738,147,-12.903,0.000
55470,-25,0,119647,147,-12.763,0.000
55480,-25,0,119555,147,-12.903,0.000
55490,-25,0,119463,147,-12.903,0.000
55500,-25,0,119372,147,-12.763,0.000
55510,-25,0,119280,147,-12.903,0.000
55520,-25,0,119189,147,-12.763,0.000
55530,-25,0,119098,147,-12.763,0.000
55540,-25,0,119007,147,-12.763,0.000
55550,-25,0,118916,147,-12.763,0.000
55560,-25,0,118825,147,-12.763,0.000
55570,-25,0,118735,147,-12.622,0.000
55580,-25,0,118644,147,-12.763,0.000
55590,-25,0,118553,147,-12.763,0.000
55600,-25,0,118463,147,-12.622,0.000
55610,-25,0,118372,147,-12.763,0.000
55620,-25,0,118281,147,-12.763,0.000
55630,-25,0,118191,147,-12.622,0.000
55640,-25,0,118100,147,-12.763,0.000
55650,-25,0,118010,147,-12.622,0.000
55660,-25,0,117919,148,-12.763,0.140
55670,-25,0,117828,148,-12.763,0.000
55680,-25,0,117738,148,-12.622,0.000
55690,-25,0,117647,148,-12.763,0.000
55700,-25,0,117557,148,-12.622,0.000
55710,-25,0,117466,148,-12.763,0.000
55720,-25,0,117376,148,-12.622,0.000
55730,-25,0,117285,148,-12.763,0.000
55740,-25,0,117195,148,-12.622,0.000
55750,-25,0,117105,148,-12.622,0.000
55760,-25,0,117015,148,-12.622,0.000
55770,-25,0,116925,148,-12.622,0.000
55780,-25,0,116835,148,-12.622,0.000
55790,-25,0,116745,148,-12.622,0.000
55800,-25,0,116655,148,-12.622,0.000
55810,-25,0,116565,148,-12.622,0.000
55820,-25,0,116475,148,-12.622,0.000
55830,-25,0,116384,148,-12.763,0.000
55840,-25,0,116293,148,-12.763,0.000
55850,-25,0,116202,148,-12.763,0.000
55860,-25,0,116111,148,-12.763,0.000
55870,-25,0,116021,148,-12.622,0.000
55880,-25,0,115929,148,-12.903,0.000
55890,-25,0,115839,148,-12.622,0.000
55900,-25,0,115748,148,-12.763,0.000
55910,-25,0,115656,148,-12.903,0.000
55920,-25,0,115566,148,-12.622,0.000
55930,-25,0,115475,148,-12.763,0.000
55940,-25,0,115384,148,-12.763,0.000
55950,-25,0,115293,148,-12.763,0.000
55960,-25,0,115202,148,-12.763,0.000
55970,-25,0,115112,148,-12.622,0.000
55980,-25,0,115021,148,-12.763,0.000
55990,-25,0,114930,148,-12.763,0.000
56000,-25,0,114840,148,-12.622,0.000
56010,0,0,114750,148,-12.622,0.000
56020,0,0,114660,148,-12.622,0.000
56030,0,0,114570,148,-12.622,0.000
56040,0,0,114485,148,-11.921,0.000
56050,0,0,114408,148,-10.799,0.000
56060,0,0,114344,148,-8.976,0.000
56070,0,0,114293,148,-7.153,0.000
56080,0,0,114253,148,-5.610,0.000
56090,0,0,114224,148,-4.067,0.000
56100,0,0,114203,148,-2.945,0.000
56110,0,0,114190,148,-1.823,0.000
56120,0,0,114181,148,-1.262,0.000
56130,0,0,114176,148,-0.701,0.000
56140,0,0,114174,148,-0.280,0.000
56150,0,0,114174,148,0.000,0.000
56160,0,0,114174,148,0.000,0.000
56170,0,0,114175,148,0.140,0.000
56180,0,0,114175,148,0.000,0.000
56190,0,0,114175,148,0.000,0.000
56200,0,0,114175,148,0.000,0.000
56210,0,0,114175,148,0.000,0.000
56220,0,0,114175,148,0.000,0.000
56230,0,0,114175,148,0.000,0.000
56240,0,0,114175,148,0.000,0.000
56250,0,0,114175,148,0.000,0.000
56260,0,0,114175,148,0.000,0.000
56270,0,0,114175,148,0.000,0.000
56280,0,0,114175,148,0.000,0.000
56290,0,0,114175,148,0.000,0.000
56300,0,0,114175,148,0.000,0.000
56310,0,0,114175,148,0.000,0.000
56320,0,0,114175,148,0.000,0.000
56330,0,0,114176,148,0.140,0.000
56340,0,0,114176,148,0.000,0.000
56350,0,0,114176,148,0.000,0.000
56360,0,0,114176,148,0.000,0.000
56370,0,0,114176,148,0.000,0.000
56380,0,0,114176,148,0.000,0.000
56390,0,0,114176,148,0.000,0.000
56400,0,0,114176,148,0.000,0.000
56410,0,0,114176,148,0.000,0.000
56420,0,0,114176,148,0.000,0.000
56430,0,0,114176,148,0.000,0.000
56440,0,0,114176,148,0.000,0.000
56450,0,0,114176,148,0.000,0.000
56460,0,0,114176,148,0.000,0.000
56470,0,0,114176,148,0.000,0.000
56480,0,0,114176,148,0.000,0.000
56490,0,0,114176,148,0.000,0.000
56500,0,0,114176,148,0.000,0.000
56510,0,0,114176,148,0.000,0.000
56520,0,0,114176,148,0.000,0.000
56530,0,0,114176,148,0.000,0.000
56540,0,0,114176,148,0.000,0.000
56550,0,0,114176,148,0.000,0.000
56560,0,0,114176,148,0.000,0.000
56570,0,0,114176,148,0.000,0.000
56580,0,0,114176,148,0.000,0.000
56590,0,0,114176,148,0.000,0.000
56600,0,0,114176,148,0.000,0.000
56610,0,0,114176,148,0.000,0.000
56620,0,0,114176,148,0.000,0.000
56630,0,0,114176,148,0.000,0.000
56640,0,0,114176,148,0.000,0.000
56650,0,0,114176,148,0.000,0.000
56660,0,0,114176,148,0.000,0.000
56670,0,0,114176,148,0.000,0.000
56680,0,0,114176,148,0.000,0.000
56690,0,0,114176,148,0.000,0.000
56700,0,0,114176,148,0.000,0.000
56710,0,0,114176,148,0.000,0.000
56720,0,0,114176,148,0.000,0.000
56730,0,0,114176,148,0.000,0.000
56740,0,0,114176,148,0.000,0.000
56750,0,0,114176,148,0.000,0.000
56760,0,0,114176,148,0.000,0.000
56770,0,0,114176,148,0.000,0.000
56780,0,0,114176,148,0.000,0.000
56790,0,0,114176,148,0.000,0.000
56800,0,0,114176,148,0.000,0.000
56810,0,0,114176,148,0.000,0.000
56820,0,0,114176,148,0.000,0.000
56830,0,0,114176,148,0.000,0.000
56840,0,0,114176,148,0.000,0.000
56850,0,0,114176,148,0.000,0.000
56860,0,0,114176,148,0.000,0.000
56870,0,0,114176,148,0.000,0.000
56880,0,0,114176,148,0.000,0.000
56890,0,0,114176,148,0.000,0.000
56900,0,0,114176,148,0.000,0.000
56910,0,0,114176,148,0.000,0.000
56920,0,0,114176,148,0.000,0.000
56930,0,0,114176,148,0.000,0.000
56940,0,0,114176,148,0.000,0.000
56950,0,0,114176,148,0.000,0.000
56960,0,0,114176,148,0.000,0.000
56970,0,0,114176,148,0.000,0.000
56980,0,0,114176,148,0.000,0.000
56990,0,0,114176,148,0.000,0.000
57000,0,0,114176,148,0.000,0.000
57010,0,0,114176,148,0.000,0.000
57020,0,0,114176,148,0.000,0.000
57030,0,0,114176,148,0.000,0.000
57040,0,0,114176,148,0.000,0.000
57050,0,0,114176,148,0.000,0.000
57060,0,0,114176,148,0.000,0.000
57070,0,0,114176,148,0.000,0.000
57080,0,0,114176,148,0.000,0.000
57090,0,0,114176,148,0.000,0.000
57100,0,0,114176,148,0.000,0.000
57110,0,0,114176,148,0.000,0.000
57120,0,0,114176,148,0.000,0.000
57130,0,0,114176,148,0.000,0.000
57140,0,0,114176,148,0.000,0.000
57150,0,0,114176,148,0.000,0.000
57160,0,0,114176,148,0.000,0.000
57170,0,0,114176,148,0.000,0.000
57180,0,0,114176,148,0.000,0.000
57190,0,0,114176,148,0.000,0.000
57200,0,0,114176,148,0.000,0.000
57210,0,0,114176,148,0.000,0.000
57220,0,0,114176,148,0.000,0.000
57230,0,0,114176,148,0.000,0.000
57240,0,0,114176,148,0.000,0.000
57250,0,0,114176,148,0.000,0.000
57260,0,0,114176,148,0.000,0.000
57270,0,0,114177,148,0.140,0.000
57280,0,0,114177,148,0.000,0.000
57290,0,0,114177,148,0.000,0.000
57300,0,0,114177,148,0.000,0.000
57310,0,0,114177,148,0.000,0.000
57320,0,0,114177,148,0.000,0.000
57330,0,0,114177,148,0.000,0.000
57340,0,0,114177,148,0.000,0.000
57350,0,0,114177,148,0.000,0.000
57360,0,0,114177,148,0.000,0.000
57370,0,0,114177,148,0.000,0.000
57380,0,0,114177,148,0.000,0.000
57390,0,0,114177,148,0.000,0.000
57400,0,0,114177,148,0.000,0.000
57410,0,0,114177,148,0.000,0.000
57420,0,0,114177,148,0.000,0.000
57430,0,0,114177,148,0.000,0.000
57440,0,0,114177,148,0.000,0.000
57450,0,0,114177,148,0.000,0.000
57460,0,0,114177,148,0.000,0.000
57470,0,0,114177,148,0.000,0.000
57480,0,0,114177,148,0.000,0.000
57490,0,0,114177,148,0.000,0.000
57500,0,0,114177,148,0.000,0.000
57510,0,0,114177,148,0.000,0.000
57520,0,0,114177,148,0.000,0.000
57530,0,0,114177,148,0.000,0.000
57540,0,0,114177,148,0.000,0.000
57550,0,0,114177,148,0.000,0.000
57560,0,0,114177,148,0.000,0.000
57570,0,0,114177,148,0.000,0.000
57580,0,0,114177,148,0.000,0.000
57590,0,0,114177,148,0.000,0.000
57600,0,0,114177,148,0.000,0.000
57610,0,0,114177,148,0.000,0.000
57620,0,0,114177,148,0.000,0.000
57630,0,0,114177,148,0.000,0.000
57640,0,0,114177,148,0.000,0.000
57650,0,0,114177,148,0.000,0.000
57660,0,0,114177,148,0.000,0.000
57670,0,0,114177,148,0.000,0.000
57680,0,0,114177,148,0.000,0.000
57690,0,0,114177,148,0.000,0.000
57700,0,0,114177,148,0.000,0.000
57710,0,0,114177,148,0.000,0.000
57720,0,0,114177,148,0.000,0.000
57730,0,0,114177,148,0.000,0.000
57740,0,0,114177,148,0.000,0.000
57750,0,0,114177,148,0.000,0.000
57760,0,0,114177,148,0.000,0.000
57770,0,0,114177,148,0.000,0.000
57780,0,0,114177,148,0.000,0.000
57790,0,0,114177,148,0.000,0.000
57800,0,0,114177,148,0.000,0.000
57810,0,0,114177,148,0.000,0.000
57820,0,0,114177,148,0.000,0.000
57830,0,0,114177,148,0.000,0.000
57840,0,0,114177,148,0.000,0.000
57850,0,0,114177,148,0.000,0.000
57860,0,0,114177,148,0.000,0.000
57870,0,0,114177,148,0.000,0.000
57880,0,0,114177,148,0.000,0.000
57890,0,0,114177,148,0.000,0.000
57900,0,0,114177,148,0.000,0.000
57910,0,0,114177,148,0.000,0.000
57920,0,0,114177,148,0.000,0.000
57930,0,0,114177,148,0.000,0.000
57940,0,0,114177,148,0.000,0.000
57950,0,0,114177,148,0.000,0.000
57960,0,0,114177,148,0.000,0.000
57970,0,0,114177,148,0.000,0.000
57980,0,0,114177,148,0.000,0.000
57990,0,0,114177,148,0.000,0.000
58000,0,0,114177,148,0.000,0.000
58010,0,0,114177,148,0.000,0.000
58020,0,0,114177,148,0.000,0.000
58030,0,0,114177,148,0.000,0.000
58040,0,0,114177,148,0.000,0.000
58050,0,0,114177,148,0.000,0.000
58060,0,0,114177,148,0.000,0.000
58070,0,0,114177,148,0.000,0.000
58080,0,0,114177,148,0.000,0.000
58090,0,0,114177,148,0.000,0.000
58100,0,0,114177,148,0.000,0.000
58110,0,0,114177,148,0.000,0.000
58120,0,0,114177,148,0.000,0.000
58130,0,0,114177,148,0.000,0.000
58140,0,0,114177,148,0.000,0.000
58150,0,0,114177,148,0.000,0.000
58160,0,0,114177,148,0.000,0.000
58170,0,0,114177,148,0.000,0.000
58180,0,0,114177,148,0.000,0.000
58190,0,0,114177,148,0.000,0.000
58200,0,0,114177,148,0.000,0.000
58210,0,0,114177,148,0.000,0.000
58220,0,0,114177,148,0.000,0.000
58230,0,0,114177,148,0.000,0.000
58240,0,0,114177,148,0.000,0.000
58250,0,0,114177,148,0.000,0.000
58260,0,0,114177,148,0.000,0.000
58270,0,0,114177,148,0.000,0.000
58280,0,0,114177,148,0.000,0.000
58290,0,0,114177,148,0.000,0.000
58300,0,0,114177,148,0.000,0.000
58310,0,0,114177,148,0.000,0.000
58320,0,0,114177,148,0.000,0.000
58330,0,0,114177,148,0.000,0.000
58340,0,0,114177,148,0.000,0.000
58350,0,0,114177,148,0.000,0.000
58360,0,0,114177,148,0.000,0.000
58370,0,0,114177,148,0.000,0.000
58380,0,0,114177,148,0.000,0.000
58390,0,0,114177,148,0.000,0.000
58400,0,0,114177,148,0.000,0.000
58410,0,0,114177,148,0.000,0.000
58420,0,0,114177,148,0.000,0.000
58430,0,0,114177,148,0.000,0.000
58440,0,0,114177,148,0.000,0.000
58450,0,0,114177,148,0.000,0.000
58460,0,0,114177,148,0.000,0.000
58470,0,0,114177,148,0.000,0.000
58480,0,0,114177,148,0.000,0.000
58490,0,0,114177,148,0.000,0.000
58500,0,0,114177,148,0.000,0.000
58510,0,0,114177,148,0.000,0.000
58520,0,0,114177,148,0.000,0.000
58530,0,0,114177,148,0.000,0.000
58540,0,0,114177,148,0.000,0.000
58550,0,0,114177,148,0.000,0.000
58560,0,0,114177,148,0.000,0.000
58570,0,0,114177,148,0.000,0.000
58580,0,0,114177,148,0.000,0.000
58590,0,0,114177,148,0.000,0.000
58600,0,0,114177,148,0.000,0.000
58610,0,0,114177,148,0.000,0.000
58620,0,0,114177,148,0.000,0.000
58630,0,0,114177,148,0.000,0.000
58640,0,0,114177,148,0.000,0.000
58650,0,0,114177,148,0.000,0.000
58660,0,0,114177,148,0.000,0.000
58670,0,0,114177,148,0.000,0.000
58680,0,0,114177,148,0.000,0.000
58690,0,0,114177,148,0.000,0.000
58700,0,0,114177,148,0.000,0.000
58710,0,0,114177,148,0.000,0.000
58720,0,0,114177,148,0.000,0.000
58730,0,0,114177,148,0.000,0.000
58740,0,0,114177,148,0.000,0.000
58750,0,0,114177,148,0.000,0.000
58760,0,0,114177,148,0.000,0.000
58770,0,0,114177,148,0.000,0.000
58780,0,0,114177,148,0.000,0.000
58790,0,0,114177,148,0.000,0.000
58800,0,0,114177,148,0.000,0.000
58810,0,0,114177,148,0.000,0.000
58820,0,0,114177,148,0.000,0.000
58830,0,0,114177,148,0.000,0.000
58840,0,0,114177,148,0.000,0.000
58850,0,0,114177,148,0.000,0.000
58860,0,0,114177,148,0.000,0.000
58870,0,0,114177,148,0.000,0.000
58880,0,0,114177,148,0.000,0.000
58890,0,0,114177,148,0.000,0.000
58900,0,0,114177,148,0.000,0.000
58910,0,0,114177,148,0.000,0.000
58920,0,0,114177,148,0.000,0.000
58930,0,0,114177,148,0.000,0.000
58940,0,0,114177,148,0.000,0.000
58950,0,0,114177,148,0.000,0.000
58960,0,0,114177,148,0.000,0.000
58970,0,0,114177,148,0.000,0.000
58980,0,0,114177,148,0.000,0.000
58990,0,0,114177,148,0.000,0.000
59000,0,0,114177,148,0.000,0.000
59010,-25,0,114177,148,0.000,0.000
59020,-25,0,114177,148,0.000,0.000
59030,-25,0,114176,148,-0.140,0.000
59040,-25,0,114168,148,-1.122,0.000
59050,-25,0,114151,148,-2.384,0.000
59060,-25,0,114125,148,-3.646,0.000
59070,-25,0,114095,148,-4.207,0.000
59080,-25,0,114061,148,-4.768,0.000
59090,-25,0,114024,148,-5.189,0.000
59100,-25,0,113982,148,-5.890,0.000
59110,-25,0,113936,148,-6.451,0.000
59120,-25,0,113884,148,-7.293,0.000
59130,-25,0,113829,148,-7.714,0.000
59140,-25,0,113768,148,-8.555,0.000
59150,-25,0,113702,148,-9.256,0.000
59160,-25,0,113631,148,-9.958,0.000
59170,-25,0,113557,148,-10.378,0.000
59180,-25,0,113481,148,-10.659,0.000
59190,-25,0,113401,148,-11.220,0.000
59200,-25,0,113320,148,-11.360,0.000
59210,-25,0,113237,148,-11.641,0.000
59220,-25,0,113154,148,-11.641,0.000
59230,-25,0,113069,148,-11.921,0.000
59240,-25,0,112983,148,-12.061,0.000
59250,-25,0,112897,148,-12.061,0.000
59260,-25,0,112810,148,-12.202,0.000
59270,-25,0,112723,148,-12.202,0.000
59280,-25,0,112635,148,-12.342,0.000
59290,-25,0,112546,148,-12.482,0.000
59300,-25,0,112457,148,-12.482,0.000
59310,-25,0,112368,148,-12.482,0.000
59320,-25,0,112278,148,-12.622,0.000
59330,-25,0,112189,148,-12.482,0.000
59340,-25,0,112099,148,-12.622,0.000
59350,-25,0,112009,148,-12.622,0.000
59360,-25,0,111918,148,-12.763,0.000
59370,-25,0,111828,148,-12.622,0.000
59380,-25,0,111738,148,-12.622,0.000
59390,-25,0,111647,148,-12.763,0.000
59400,-25,0,111557,148,-12.622,0.000
59410,-25,0,111466,148,-12.763,0.000
59420,-25,0,111376,148,-12.622,0.000
59430,-25,0,111285,148,-12.763,0.000
59440,-25,0,111194,148,-12.763,0.000
59450,-25,0,111104,148,-12.622,0.000
59460,-25,0,111013,148,-12.763,0.000
59470,-25,0,110922,148,-12.763,0.000
59480,-25,0,110831,148,-12.763,0.000
59490,-25,0,110739,148,-12.903,0.000
59500,-25,0,110649,148,-12.622,0.000
59510,-25,0,110557,148,-12.903,0.000
59520,-25,0,110467,148,-12.622,0.000
59530,-25,0,110376,148,-12.763,0.000
59540,-25,0,110285,148,-12.763,0.000
59550,-25,0,110195,148,-12.622,0.000
59560,-25,0,110105,148,-12.622,0.000
59570,-25,0,110014,148,-12.763,0.000
59580,-25,0,109924,148,-12.622,0.000
59590,-25,0,109833,148,-12.763,0.000
59600,-25,0,109743,147,-12.622,-0.140
59610,-25,0,109652,147,-12.763,0.000
59620,-25,0,109562,147,-12.622,0.000
59630,-25,0,109471,147,-12.763,0.000
59640,-25,0,109381,147,-12.622,0.000
59650,-25,0,109291,147,-12.622,0.000
59660,-25,0,109201,147,-12.622,0.000
59670,-25,0,109111,147,-12.622,0.000
59680,-25,0,109021,147,-12.622,0.000
59690,-25,0,108931,147,-12.622,0.000
59700,-25,0,108842,147,-12.482,0.000
59710,-25,0,108752,147,-12.622,0.000
59720,-25,0,108663,147,-12.482,0.000
59730,-25,0,108573,147,-12.622,0.000
59740,-25,0,108483,147,-12.622,0.000
59750,-25,0,108394,147,-12.482,0.000
59760,-25,0,108304,147,-12.622,0.000
59770,-25,0,108214,147,-12.622,0.000
59780,-25,0,108124,147,-12.622,0.000
59790,-25,0,108034,147,-12.622,0.000
59800,-25,0,107943,147,-12.763,0.000
59810,-25,0,107853,147,-12.622,0.000
59820,-25,0,107763,147,-12.622,0.000
59830,-25,0,107673,147,-12.622,0.000
59840,-25,0,107582,147,-12.763,0.000
59850,-25,0,107492,147,-12.622,0.000
59860,-25,0,107401,147,-12.763,0.000
59870,-25,0,107310,147,-12.763,0.000
59880,-25,0,107219,147,-12.763,0.000
59890,-25,0,107128,147,-12.763,0.000
59900,-25,0,107037,147,-12.763,0.000
59910,-25,0,106946,147,-12.763,0.000
59920,-25,0,106856,147,-12.622,0.000
59930,-25,0,106764,147,-12.903,0.000
59940,-25,0,106673,147,-12.763,0.000
59950,-25,0,106582,147,-12.763,0.000
59960,-25,0,106491,147,-12.763,0.000
59970,-25,0,106400,147,-12.763,0.000
59980,-25,0,106308,147,-12.903,0.000
59990,-25,0,106217,147,-12.763,0.000
60000,-25,0,106125,147,-12.903,0.000
60010,-25,0,106033,147,-12.903,0.000
60020,-25,0,105942,147,-12.763,0.000
60030,-25,0,105851,147,-12.763,0.000
60040,-25,0,105760,147,-12.763,0.000
60050,-25,0,105668,147,-12.903,0.000
60060,-25,0,105577,147,-12.763,0.000
60070,-25,0,105487,147,-12.622,0.000
60080,-25,0,105396,147,-12.763,0.000
60090,-25,0,105306,147,-12.622,0.000
60100,-25,0,105216,147,-12.622,0.000
60110,-25,0,105125,147,-12.763,0.000
60120,-25,0,105036,147,-12.482,0.000
60130,-25,0,104946,147,-12.622,0.000
60140,-25,0,104856,147,-12.622,0.000
60150,-25,0,104766,147,-12.622,0.000
60160,-25,0,104676,147,-12.622,0.000
60170,-25,0,104586,147,-12.622,0.000
60180,-25,0,104496,147,-12.622,0.000
60190,-25,0,104406,147,-12.622,0.000
60200,-25,0,104316,147,-12.622,0.000
60210,-25,0,104225,147,-12.763,0.000
60220,-25,0,104135,147,-12.622,0.000
60230,-25,0,104045,147,-12.622,0.000
60240,-25,0,103955,147,-12.622,0.000
60250,-25,0,103864,147,-12.763,0.000
60260,-25,0,103774,147,-12.622,0.000
60270,-25,0,103683,147,-12.763,0.000
60280,-25,0,103593,147,-12.622,0.000
60290,-25,0,103504,147,-12.482,0.000
60300,-25,0,103413,147,-12.763,0.000
60310,-25,0,103323,147,-12.622,0.000
60320,-25,0,103233,147,-12.622,0.000
60330,-25,0,103143,147,-12.622,0.000
60340,-25,0,103053,147,-12.622,0.000
60350,-25,0,102963,147,-12.622,0.000
60360,-25,0,102872,147,-12.763,0.000
60370,-25,0,102782,147,-12.622,0.000
60380,-25,0,102691,147,-12.763,0.000
60390,-25,0,102601,147,-12.622,0.000
60400,-25,0,102509,147,-12.903,0.000
60410,-25,0,102418,147,-12.763,0.000
60420,-25,0,102327,147,-12.763,0.000
60430,-25,0,102235,147,-12.903,0.000
60440,-25,0,102144,147,-12.763,0.000
60450,-25,0,102052,147,-12.903,0.000
60460,-25,0,101960,147,-12.903,0.000
60470,-25,0,101869,147,-12.763,0.000
60480,-25,0,101776,147,-13.043,0.000
60490,-25,0,101685,147,-12.763,0.000
60500,-25,0,101592,147,-13.043,0.000
60510,-25,0,101500,147,-12.903,0.000
60520,-25,0,101408,147,-12.903,0.000
60530,-25,0,101316,147,-12.903,0.000
60540,-25,0,101225,147,-12.763,0.000
60550,-25,0,101133,147,-12.903,0.000
60560,-25,0,101041,147,-12.903,0.000
60570,-25,0,100950,147,-12.763,0.000
60580,-25,0,100858,147,-12.903,0.000
60590,-25,0,100767,147,-12.763,0.000
60600,-25,0,100676,147,-12.763,0.000
60610,-25,0,100585,147,-12.763,0.000
60620,-25,0,100494,147,-12.763,0.000
60630,-25,0,100403,147,-12.763,0.000
60640,-25,0,100312,147,-12.763,0.000
60650,-25,0,100221,147,-12.763,0.000
60660,-25,0,100131,149,-12.622,0.280
60670,-25,0,100041,151,-12.622,0.280
60680,-25,0,99952,153,-12.482,0.280
60690,-25,0,99864,156,-12.342,0.421
60700,-25,0,99775,159,-12.482,0.421
60710,-25,0,99685,160,-12.622,0.140
60720,-25,0,99596,160,-12.482,0.000
60730,-25,0,99506,160,-12.622,0.000
60740,-25,0,99417,159,-12.482,-0.140
60750,-25,0,99327,159,-12.622,0.000
60760,-25,0,99237,159,-12.622,0.000
60770,-25,0,99147,159,-12.622,0.000
60780,-25,0,99057,159,-12.622,0.000
60790,-25,0,98967,159,-12.622,0.000
60800,-25,0,98876,159,-12.763,0.000
60810,-25,0,98786,159,-12.622,0.000
60820,-25,0,98695,159,-12.763,0.000
60830,-25,0,98605,159,-12.622,0.000
60840,-25,0,98514,159,-12.763,0.000
60850,-25,0,98423,159,-12.763,0.000
60860,-25,0,98332,159,-12.763,0.000
60870,-25,0,98241,159,-12.763,0.000
60880,-25,0,98150,159,-12.763,0.000
60890,-25,0,98059,159,-12.763,0.000
60900,-25,0,97967,159,-12.903,0.000
60910,-25,0,97877,159,-12.622,0.000
60920,-25,0,97785,159,-12.903,0.000
60930,-25,0,97693,159,-12.903,0.000
60940,-25,0,97602,159,-12.763,0.000
60950,-25,0,97510,159,-12.903,0.000
60960,-25,0,97419,159,-12.763,0.000
60970,-25,0,97327,159,-12.903,0.000
60980,-25,0,97236,159,-12.763,0.000
60990,-25,0,97144,159,-12.903,0.000
61000,-25,0,97053,159,-12.763,0.000
61010,-25,0,96962,159,-12.763,0.000
61020,-25,0,96870,159,-12.903,0.000
61030,-25,0,96779,159,-12.763,0.000
61040,-25,0,96687,159,-12.903,0.000
61050,-25,0,96596,159,-12.763,0.000
61060,-25,0,96505,159,-12.763,0.000
61070,-25,0,96414,159,-12.763,0.000
61080,-25,0,96323,159,-12.763,0.000
61090,-25,0,96232,159,-12.763,0.000
61100,-25,0,96141,159,-12.763,0.000
61110,-25,0,96051,159,-12.622,0.000
61120,-25,0,95959,159,-12.903,0.000
61130,-25,0,95869,159,-12.622,0.000
61140,-25,0,95778,159,-12.763,0.000
61150,-25,0,95687,159,-12.763,0.000
61160,-25,0,95597,159,-12.622,0.000
61170,-25,0,95506,159,-12.763,0.000
61180,-25,0,95415,159,-12.763,0.000
61190,-25,0,95324,159,-12.763,0.000
61200,-25,0,95234,159,-12.622,0.000
61210,-25,0,95143,159,-12.763,0.000
61220,-25,0,95053,159,-12.622,0.000
61230,-25,0,94962,159,-12.763,0.000
61240,-25,0,94871,159,-12.763,0.000
61250,-25,0,94781,159,-12.622,0.000
61260,-25,0,94690,159,-12.763,0.000
61270,-25,0,94599,159,-12.763,0.000
61280,-25,0,94509,159,-12.622,0.000
61290,-25,0,94418,159,-12.763,0.000
61300,-25,0,94328,159,-12.622,0.000
61310,-25,0,94238,159,-12.622,0.000
61320,-25,0,94148,159,-12.622,0.000
61330,-25,0,94058,159,-12.622,0.000
61340,-25,0,93967,159,-12.763,0.000
61350,-25,0,93877,159,-12.622,0.000
61360,-25,0,93786,159,-12.763,0.000
61370,-25,0,93695,159,-12.763,0.000
61380,-25,0,93604,159,-12.763,0.000
61390,-25,0,93513,159,-12.763,0.000
61400,-25,0,93422,159,-12.763,0.000
61410,-25,0,93330,159,-12.903,0.000
61420,-25,0,93239,159,-12.763,0.000
61430,-25,0,93147,159,-12.903,0.000
61440,-25,0,93056,159,-12.763,0.000
61450,-25,0,92964,159,-12.903,0.000
61460,-25,0,92873,159,-12.763,0.000
61470,-25,0,92781,159,-12.903,0.000
61480,-25,0,92689,159,-12.903,0.000
61490,-25,0,92598,159,-12.763,0.000
61500,-25,0,92506,159,-12.903,0.000
61510,-25,0,92415,159,-12.763,0.000
61520,-25,0,92323,159,-12.903,0.000
61530,-25,0,92232,159,-12.763,0.000
61540,-25,0,92141,159,-12.763,0.000
61550,-25,0,92050,159,-12.763,0.000
61560,-25,0,91959,159,-12.763,0.000
61570,-25,0,91868,159,-12.763,0.000
61580,-25,0,91777,159,-12.763,0.000
61590,-25,0,91686,159,-12.763,0.000
61600,-25,0,91595,159,-12.763,0.000
61610,-25,0,91504,159,-12.763,0.000
61620,-25,0,91414,159,-12.622,0.000
61630,-25,0,91323,159,-12.763,0.000
61640,-25,0,91233,159,-12.622,0.000
61650,-25,0,91143,159,-12.622,0.000
61660,-25,0,91052,159,-12.763,0.000
61670,-25,0,90962,159,-12.622,0.000
61680,-25,0,90872,159,-12.622,0.000
61690,-25,0,90781,159,-12.763,0.000
61700,-25,0,90691,159,-12.622,0.000
61710,-25,0,90601,159,-12.622,0.000
61720,-25,0,90511,159,-12.622,0.000
61730,-25,0,90421,159,-12.622,0.000
61740,-25,0,90330,159,-12.763,0.000
61750,-25,0,90240,159,-12.622,0.000
61760,-25,0,90150,159,-12.622,0.000
61770,-25,0,90059,159,-12.763,0.000
61780,-25,0,89969,159,-12.622,0.000
61790,-25,0,89878,159,-12.763,0.000
61800,-25,0,89788,159,-12.622,0.000
61810,-25,0,89697,159,-12.763,0.000
61820,-25,0,89607,159,-12.622,0.000
61830,-25,0,89516,159,-12.763,0.000
61840,-25,0,89426,159,-12.622,0.000
61850,-25,0,89335,159,-12.763,0.000
61860,-25,0,89244,159,-12.763,0.000
61870,-25,0,89154,159,-12.622,0.000
61880,-25,0,89063,159,-12.763,0.000
61890,-25,0,88972,159,-12.763,0.000
61900,-25,0,88882,159,-12.622,0.000
61910,-25,0,88790,159,-12.903,0.000
61920,-25,0,88700,159,-12.622,0.000
61930,-25,0,88609,159,-12.763,0.000
61940,-25,0,88519,159,-12.622,0.000
61950,-25,0,88429,159,-12.622,0.000
61960,-25,0,88338,159,-12.763,0.000
61970,-25,0,88248,159,-12.622,0.000
61980,-25,0,88157,159,-12.763,0.000
61990,-25,0,88067,159,-12.622,0.000
62000,-25,0,87977,159,-12.622,0.000
62010,0,0,87886,159,-12.763,0.000
62020,0,0,87796,159,-12.622,0.000
62030,0,0,87707,159,-12.482,0.000
62040,0,0,87622,159,-11.921,0.000
62050,0,0,87546,159,-10.659,0.000
62060,0,0,87482,159,-8.976,0.000
62070,0,0,87432,159,-7.012,0.000
62080,0,0,87393,159,-5.470,0.000
62090,0,0,87364,159,-4.067,0.000
62100,0,0,87343,159,-2.945,0.000
62110,0,0,87330,159,-1.823,0.000
62120,0,0,87321,159,-1.262,0.000
62130,0,0,87316,159,-0.701,0.000
62140,0,0,87313,159,-0.421,0.000
62150,0,0,87314,159,0.140,0.000
62160,0,0,87314,159,0.000,0.000
62170,0,0,87315,159,0.140,0.000
62180,0,0,87316,159,0.140,0.000
62190,0,0,87316,159,0.000,0.000
62200,0,0,87316,158,0.000,-0.140
62210,0,0,87316,158,0.000,0.000
62220,0,0,87316,158,0.000,0.000
62230,0,0,87316,158,0.000,0.000
62240,0,0,87316,158,0.000,0.000
62250,0,0,87317,158,0.140,0.000
62260,0,0,87317,158,0.000,0.000
62270,0,0,87318,158,0.140,0.000
62280,0,0,87318,158,0.000,0.000
62290,0,0,87318,158,0.000,0.000
62300,0,0,87318,158,0.000,0.000
62310,0,0,87318,158,0.000,0.000
62320,0,0,87318,158,0.000,0.000
62330,0,0,87318,158,0.000,0.000
62340,0,0,87318,158,0.000,0.000
62350,0,0,87318,158,0.000,0.000
62360,0,0,87318,158,0.000,0.000
62370,0,0,87318,158,0.000,0.000
62380,0,0,87318,158,0.000,0.000
62390,0,0,87318,158,0.000,0.000
62400,0,0,87318,158,0.000,0.000
62410,0,0,87318,158,0.000,0.000
62420,0,0,87318,158,0.000,0.000
62430,0,0,87318,158,0.000,0.000
62440,0,0,87318,158,0.000,0.000
62450,0,0,87318,158,0.000,0.000
62460,0,0,87318,158,0.000,0.000
62470,0,0,87318,158,0.000,0.000
62480,0,0,87318,158,0.000,0.000
62490,0,0,87318,158,0.000,0.000
62500,0,0,87318,158,0.000,0.000
62510,0,0,87318,158,0.000,0.000
62520,0,0,87318,158,0.000,0.000
62530,0,0,87318,158,0.000,0.000
62540,0,0,87318,158,0.000,0.000
62550,0,0,87318,158,0.000,0.000
62560,0,0,87318,159,0.000,0.140
62570,0,0,87319,161,0.140,0.280
62580,0,0,87321,163,0.280,0.280
62590,0,0,87322,167,0.140,0.561
62600,0,0,87325,169,0.421,0.280
62610,0,0,87327,171,0.280,0.280
62620,0,0,87328,173,0.140,0.280
62630,0,0,87329,175,0.140,0.280
62640,0,0,87329,176,0.000,0.140
62650,0,0,87329,178,0.000,0.280
62660,0,0,87329,180,0.000,0.280
62670,0,0,87329,181,0.000,0.140
62680,0,0,87329,182,0.000,0.140
62690,0,0,87329,182,0.000,0.000
62700,0,0,87329,182,0.000,0.000
62710,0,0,87329,183,0.000,0.140
62720,0,0,87330,183,0.140,0.000
62730,0,0,87330,183,0.000,0.000
62740,0,0,87330,183,0.000,0.000
62750,0,0,87330,183,0.000,0.000
62760,0,0,87330,183,0.000,0.000
62770,0,0,87330,183,0.000,0.000
62780,0,0,87330,183,0.000,0.000
62790,0,0,87330,183,0.000,0.000
62800,0,0,87330,183,0.000,0.000
62810,0,0,87330,183,0.000,0.000
62820,0,0,87330,183,0.000,0.000
62830,0,0,87330,183,0.000,0.000
62840,0,0,87330,183,0.000,0.000
62850,0,0,87330,183,0.000,0.000
62860,0,0,87330,183,0.000,0.000
62870,0,0,87330,184,0.000,0.140
62880,0,0,87330,185,0.000,0.140
62890,0,0,87330,186,0.000,0.140
62900,0,0,87330,187,0.000,0.140
62910,0,0,87330,189,0.000,0.280
62920,0,0,87330,190,0.000,0.140
62930,0,0,87330,190,0.000,0.000
62940,0,0,87330,191,0.000,0.140
62950,0,0,87330,191,0.000,0.000
62960,0,0,87330,191,0.000,0.000
62970,0,0,87330,191,0.000,0.000
62980,0,0,87330,191,0.000,0.000
62990,0,0,87330,191,0.000,0.000
63000,0,0,87330,191,0.000,0.000
63010,0,0,87330,191,0.000,0.000
63020,0,0,87330,191,0.000,0.000
63030,0,0,87330,191,0.000,0.000
63040,0,0,87330,191,0.000,0.000
63050,0,0,87330,191,0.000,0.000
63060,0,0,87330,191,0.000,0.000
63070,0,0,87330,191,0.000,0.000
63080,0,0,87330,191,0.000,0.000
63090,0,0,87330,191,0.000,0.000
63100,0,0,87330,191,0.000,0.000
63110,0,0,87330,191,0.000,0.000
63120,0,0,87330,191,0.000,0.000
63130,0,0,87330,191,0.000,0.000
63140,0,0,87330,191,0.000,0.000
63150,0,0,87330,191,0.000,0.000
63160,0,0,87330,191,0.000,0.000
63170,0,0,87330,191,0.000,0.000
63180,0,0,87330,191,0.000,0.000
63190,0,0,87330,191,0.000,0.000
63200,0,0,87330,191,0.000,0.000
63210,0,0,87330,191,0.000,0.000
63220,0,0,87330,191,0.000,0.000
63230,0,0,87330,191,0.000,0.000
63240,0,0,87330,191,0.000,0.000
63250,0,0,87330,191,0.000,0.000
63260,0,0,87330,191,0.000,0.000
63270,0,0,87330,191,0.000,0.000
63280,0,0,87330,191,0.000,0.000
63290,0,0,87330,191,0.000,0.000
63300,0,0,87330,191,0.000,0.000
63310,0,0,87330,191,0.000,0.000
63320,0,0,87330,191,0.000,0.000
63330,0,0,87330,191,0.000,0.000
63340,0,0,87330,191,0.000,0.000
63350,0,0,87330,191,0.000,0.000
63360,0,0,87330,191,0.000,0.000
63370,0,0,87330,191,0.000,0.000
63380,0,0,87330,191,0.000,0.000
63390,0,0,87330,191,0.000,0.000
63400,0,0,87330,191,0.000,0.000
63410,0,0,87330,191,0.000,0.000
63420,0,0,87330,191,0.000,0.000
63430,0,0,87330,191,0.000,0.000
63440,0,0,87330,191,0.000,0.000
63450,0,0,87330,191,0.000,0.000
63460,0,0,87330,191,0.000,0.000
63470,0,0,87330,191,0.000,0.000
63480,0,0,87330,191,0.000,0.000
63490,0,0,87330,191,0.000,0.000
63500,0,0,87330,191,0.000,0.000
63510,0,0,87330,191,0.000,0.000
63520,0,0,87330,191,0.000,0.000
63530,0,0,87330,191,0.000,0.000
63540,0,0,87330,191,0.000,0.000
63550,0,0,87330,191,0.000,0.000
63560,0,0,87330,191,0.000,0.000
63570,0,0,87330,191,0.000,0.000
63580,0,0,87330,191,0.000,0.000
63590,0,0,87330,191,0.000,0.000
63600,0,0,87330,191,0.000,0.000
63610,0,0,87330,191,0.000,0.000
63620,0,0,87330,191,0.000,0.000
63630,0,0,87330,191,0.000,0.000
63640,0,0,87330,191,0.000,0.000
63650,0,0,87330,191,0.000,0.000
63660,0,0,87330,191,0.000,0.000
63670,0,0,87330,191,0.000,0.000
63680,0,0,87330,191,0.000,0.000
63690,0,0,87330,191,0.000,0.000
63700,0,0,87330,192,0.000,0.140
63710,0,0,87331,193,0.140,0.140
63720,0,0,87331,195,0.000,0.280
63730,0,0,87331,197,0.000,0.280
63740,0,0,87331,199,0.000,0.280
63750,0,0,87331,202,0.000,0.421
63760,0,0,87331,203,0.000,0.140
63770,0,0,87331,203,0.000,0.000
63780,0,0,87331,203,0.000,0.000
63790,0,0,87331,203,0.000,0.000
63800,0,0,87331,203,0.000,0.000
63810,0,0,87331,203,0.000,0.000
63820,0,0,87331,203,0.000,0.000
63830,0,0,87331,203,0.000,0.000
63840,0,0,87331,203,0.000,0.000
63850,0,0,87331,203,0.000,0.000
63860,0,0,87331,203,0.000,0.000
63870,0,0,87331,203,0.000,0.000
63880,0,0,87331,203,0.000,0.000
63890,0,0,87331,203,0.000,0.000
63900,0,0,87331,203,0.000,0.000
63910,0,0,87331,203,0.000,0.000
63920,0,0,87331,203,0.000,0.000
63930,0,0,87331,203,0.000,0.000
63940,0,0,87331,203,0.000,0.000
63950,0,0,87331,203,0.000,0.000
63960,0,0,87331,203,0.000,0.000
63970,0,0,87331,203,0.000,0.000
63980,0,0,87331,203,0.000,0.000
63990,0,0,87331,203,0.000,0.000
64000,0,0,87331,203,0.000,0.000
64010,0,0,87331,203,0.000,0.000
64020,0,0,87331,203,0.000,0.000
64030,0,0,87331,202,0.000,-0.140
64040,0,0,87331,202,0.000,0.000
64050,0,0,87331,202,0.000,0.000
64060,0,0,87331,202,0.000,0.000
64070,0,0,87331,202,0.000,0.000
64080,0,0,87331,202,0.000,0.000
64090,0,0,87331,202,0.000,0.000
64100,0,0,87331,202,0.000,0.000
64110,0,0,87331,202,0.000,0.000
64120,0,0,87331,202,0.000,0.000
64130,0,0,87331,202,0.000,0.000
64140,0,0,87331,202,0.000,0.000
64150,0,0,87331,202,0.000,0.000
64160,0,0,87331,202,0.000,0.000
64170,0,0,87331,202,0.000,0.000
64180,0,0,87331,202,0.000,0.000
64190,0,0,87331,202,0.000,0.000
64200,0,0,87331,202,0.000,0.000
64210,0,0,87331,202,0.000,0.000
64220,0,0,87331,202,0.000,0.000
64230,0,0,87331,202,0.000,0.000
64240,0,0,87331,202,0.000,0.000
64250,0,0,87331,202,0.000,0.000
64260,0,0,87331,202,0.000,0.000
64270,0,0,87331,202,0.000,0.000
64280,0,0,87331,202,0.000,0.000
64290,0,0,87331,202,0.000,0.000
64300,0,0,87331,202,0.000,0.000
64310,0,0,87331,202,0.000,0.000
64320,0,0,87331,202,0.000,0.000
64330,0,0,87331,202,0.000,0.000
64340,0,0,87331,202,0.000,0.000
64350,0,0,87331,202,0.000,0.000
64360,0,0,87331,202,0.000,0.000
64370,0,0,87331,202,0.000,0.000
64380,0,0,87331,202,0.000,0.000
64390,0,0,87331,202,0.000,0.000
64400,0,0,87331,202,0.000,0.000
64410,0,0,87331,202,0.000,0.000
64420,0,0,87331,202,0.000,0.000
64430,0,0,87331,202,0.000,0.000
64440,0,0,87331,202,0.000,0.000
64450,0,0,87331,202,0.000,0.000
64460,0,0,87331,202,0.000,0.000
64470,0,0,87331,202,0.000,0.000
64480,0,0,87331,202,0.000,0.000
64490,0,0,87331,202,0.000,0.000
64500,0,0,87331,202,0.000,0.000
64510,0,0,87331,202,0.000,0.000
64520,0,0,87331,202,0.000,0.000
64530,0,0,87331,202,0.000,0.000
64540,0,0,87331,202,0.000,0.000
64550,0,0,87331,202,0.000,0.000
64560,0,0,87331,202,0.000,0.000
64570,0,0,87331,202,0.000,0.000
64580,0,0,87331,202,0.000,0.000
64590,0,0,87331,202,0.000,0.000
64600,0,0,87331,202,0.000,0.000
64610,0,0,87331,202,0.000,0.000
64620,0,0,87331,202,0.000,0.000
64630,0,0,87331,202,0.000,0.000
64640,0,0,87331,202,0.000,0.000
64650,0,0,87331,202,0.000,0.000
64660,0,0,87331,202,0.000,0.000
64670,0,0,87331,202,0.000,0.000
64680,0,0,87331,202,0.000,0.000
64690,0,0,87331,202,0.000,0.000
64700,0,0,87331,202,0.000,0.000
64710,0,0,87331,202,0.000,0.000
64720,0,0,87331,202,0.000,0.000
64730,0,0,87331,202,0.000,0.000
64740,0,0,87331,202,0.000,0.000
64750,0,0,87331,202,0.000,0.000
64760,0,0,87331,202,0.000,0.000
64770,0,0,87331,202,0.000,0.000
64780,0,0,87331,202,0.000,0.000
64790,0,0,87331,202,0.000,0.000
64800,0,0,87331,202,0.000,0.000
64810,0,0,87331,202,0.000,0.000
64820,0,0,87331,202,0.000,0.000
64830,0,0,87331,202,0.000,0.000
64840,0,0,87331,202,0.000,0.000
64850,0,0,87331,202,0.000,0.000
64860,0,0,87331,202,0.000,0.000
64870,0,0,87331,202,0.000,0.000
64880,0,0,87331,202,0.000,0.000
64890,0,0,87331,203,0.000,0.140
64900,0,0,87331,203,0.000,0.000
64910,0,0,87331,203,0.000,0.000
64920,0,0,87331,203,0.000,0.000
64930,0,0,87331,203,0.000,0.000
64940,0,0,87331,203,0.000,0.000
64950,0,0,87331,203,0.000,0.000
64960,0,0,87331,203,0.000,0.000
64970,0,0,87331,203,0.000,0.000
64980,0,0,87331,203,0.000,0.000
64990,0,0,87331,203,0.000,0.000
65000,0,0,87331,203,0.000,0.000
