240,0,0,0,8,0.000,0.000
900,0,0,0,8,0.000,0.000
1420,0,3,0,349,0.000,1.402
1440,0,3,0,368,0.000,1.402
1530,0,3,0,459,0.000,1.402
1570,0,3,0,500,0.000,1.543
1790,0,3,0,739,0.000,1.543
2430,0,3,0,1417,0.000,1.262
2690,0,6,0,1798,0.000,2.805
3450,0,6,0,3250,0.000,2.384
4520,0,9,0,5991,0.000,4.488
4570,0,9,0,6148,0.000,4.348
5170,0,9,0,7977,0.000,4.348
5360,0,9,0,8568,0.000,4.488
5520,0,12,0,9084,0.000,4.628
5570,0,12,0,9269,0.000,5.610
5620,0,12,0,9481,0.000,6.171
5880,0,12,0,10653,0.000,6.031
6110,0,12,0,11616,0.000,5.750
6190,0,12,0,11941,0.000,5.750
6320,0,12,0,12472,0.000,5.890
6340,0,12,0,12554,0.000,5.750
6370,0,12,0,12679,0.000,5.890
6710,0,12,0,14160,0.000,6.451
6770,0,12,0,14439,0.000,6.451
7070,0,0,0,15681,0.000,2.244
7230,0,0,0,15707,0.000,0.000
7360,0,0,0,15707,0.000,0.000
8240,0,0,0,15707,0.000,0.000
8860,0,0,0,15707,0.000,0.000
8970,0,0,0,15707,0.000,0.000
9070,0,20,0,15786,0.000,4.348
9360,0,20,0,17737,0.000,10.519
9370,0,20,0,17812,0.000,10.519
9910,0,20,0,21889,0.000,10.378
10020,0,20,0,22714,0.000,10.799
10120,0,20,0,23493,0.000,11.080
10310,0,20,0,24948,0.000,10.519
10340,0,20,0,25169,0.000,10.238
10420,0,20,0,25758,0.000,10.378
10670,0,20,0,27661,0.000,11.080
10930,0,20,0,29623,0.000,10.098
10970,0,20,0,29910,0.000,10.098
10990,0,20,0,30054,0.000,10.098
11200,0,20,0,31583,0.000,10.519
11530,0,20,0,34084,0.000,10.238
11760,0,20,0,35776,0.000,10.519
11770,0,20,0,35852,0.000,10.659
11790,0,20,0,36004,0.000,10.659
11880,0,20,0,36704,0.000,11.080
11990,0,20,0,37566,0.000,10.799
12010,0,0,0,37720,0.000,10.799
12020,0,0,0,37795,0.000,10.519
12030,0,0,0,37870,0.000,10.519
12040,0,0,0,37939,0.000,9.677
12050,0,0,0,38000,0.000,8.555
12060,0,0,0,38049,0.000,6.872
12070,0,0,0,38087,0.000,5.329
12080,0,0,0,38116,0.000,4.067
12090,0,0,0,38137,0.000,2.945
12100,0,0,0,38152,0.000,2.104
12110,0,0,0,38163,0.000,1.543
12120,0,0,0,38169,0.000,0.841
12130,0,0,0,38173,0.000,0.561
12140,0,0,0,38175,0.000,0.280
12150,0,0,0,38175,0.000,0.000
12160,0,0,0,38175,0.000,0.000
12170,0,0,0,38175,0.000,0.000
12180,0,0,0,38175,0.000,0.000
12190,0,0,0,38175,0.000,0.000
12200,0,0,0,38175,0.000,0.000
12210,0,0,0,38175,0.000,0.000
12220,0,0,0,38175,0.000,0.000
12230,0,0,0,38175,0.000,0.000
12240,0,0,0,38175,0.000,0.000
12250,0,0,0,38175,0.000,0.000
12260,0,0,0,38175,0.000,0.000
12270,0,0,0,38175,0.000,0.000
12280,0,0,0,38175,0.000,0.000
12290,0,0,0,38175,0.000,0.000
12300,0,0,0,38175,0.000,0.000
12310,0,0,0,38175,0.000,0.000
12320,0,0,0,38175,0.000,0.000
12330,0,0,0,38175,0.000,0.000
12340,0,0,0,38175,0.000,0.000
12350,0,0,0,38175,0.000,0.000
12360,0,0,0,38175,0.000,0.000
12370,0,0,0,38175,0.000,0.000
12380,0,0,0,38175,0.000,0.000
12390,0,0,0,38175,0.000,0.000
12400,0,0,0,38175,0.000,0.000
12410,0,0,0,38175,0.000,0.000
12420,0,0,0,38175,0.000,0.000
12430,0,0,0,38175,0.000,0.000
12440,0,0,0,38175,0.000,0.000
12450,0,0,0,38175,0.000,0.000
12460,0,0,0,38175,0.000,0.000
12470,0,0,0,38175,0.000,0.000
12480,0,0,0,38175,0.000,0.000
12490,0,0,0,38175,0.000,0.000
12500,0,0,0,38175,0.000,0.000
12510,0,0,0,38175,0.000,0.000
12520,0,0,0,38175,0.000,0.000
12530,0,0,0,38175,0.000,0.000
12540,0,0,0,38175,0.000,0.000
12550,0,0,0,38175,0.000,0.000
12560,0,0,0,38175,0.000,0.000
12570,0,0,0,38175,0.000,0.000
12580,0,0,0,38175,0.000,0.000
12590,0,0,0,38175,0.000,0.000
12600,0,0,0,38175,0.000,0.000
12610,0,0,0,38175,0.000,0.000
12620,0,0,0,38175,0.000,0.000
12630,0,0,0,38175,0.000,0.000
12640,0,0,0,38175,0.000,0.000
12650,0,0,0,38175,0.000,0.000
12660,0,0,0,38175,0.000,0.000
12670,0,0,0,38175,0.000,0.000
12680,0,0,0,38175,0.000,0.000
12690,0,0,0,38175,0.000,0.000
12700,0,0,0,38175,0.000,0.000
12710,0,0,0,38175,0.000,0.000
12720,0,0,0,38175,0.000,0.000
12730,0,0,0,38175,0.000,0.000
12740,0,0,0,38175,0.000,0.000
12750,0,0,0,38175,0.000,0.000
12760,0,0,0,38175,0.000,0.000
12770,0,0,0,38175,0.000,0.000
12780,0,0,0,38175,0.000,0.000
12790,0,0,0,38175,0.000,0.000
12800,0,0,0,38175,0.000,0.000
12810,0,0,0,38175,0.000,0.000
12820,0,0,0,38175,0.000,0.000
12830,0,0,0,38175,0.000,0.000
12840,0,0,0,38175,0.000,0.000
12850,0,0,0,38175,0.000,0.000
12860,0,0,0,38175,0.000,0.000
12870,0,0,0,38175,0.000,0.000
12880,0,0,0,38175,0.000,0.000
12890,0,0,0,38175,0.000,0.000
12900,0,0,0,38175,0.000,0.000
12910,0,0,0,38175,0.000,0.000
12920,0,0,0,38175,0.000,0.000
12930,0,0,0,38175,0.000,0.000
12940,0,0,0,38175,0.000,0.000
12950,0,0,0,38175,0.000,0.000
12960,0,0,0,38175,0.000,0.000
12970,0,0,0,38175,0.000,0.000
12980,0,0,0,38175,0.000,0.000
12990,0,0,0,38175,0.000,0.000
13000,0,0,0,38175,0.000,0.000
13010,0,0,0,38175,0.000,0.000
13020,0,0,0,38175,0.000,0.000
13030,0,0,0,38175,0.000,0.000
13040,0,0,0,38175,0.000,0.000
13050,0,0,0,38175,0.000,0.000
13060,0,0,0,38175,0.000,0.000
13070,0,0,0,38175,0.000,0.000
13080,0,0,0,38175,0.000,0.000
13090,0,0,0,38175,0.000,0.000
13100,0,0,0,38175,0.000,0.000
13110,0,0,0,38175,0.000,0.000
13120,0,0,0,38175,0.000,0.000
13130,0,0,0,38175,0.000,0.000
13140,0,0,0,38175,0.000,0.000
13150,0,0,0,38175,0.000,0.000
13160,0,0,0,38175,0.000,0.000
13170,0,0,0,38175,0.000,0.000
13180,0,0,0,38175,0.000,0.000
13190,0,0,0,38175,0.000,0.000
13200,0,0,0,38175,0.000,0.000
13210,0,0,0,38175,0.000,0.000
13220,0,0,0,38175,0.000,0.000
13230,0,0,0,38175,0.000,0.000
13240,0,0,0,38175,0.000,0.000
13250,0,0,0,38175,0.000,0.000
13260,0,0,0,38175,0.000,0.000
13270,0,0,0,38175,0.000,0.000
13280,0,0,0,38175,0.000,0.000
13290,0,0,0,38175,0.000,0.000
13300,0,0,0,38175,0.000,0.000
13310,0,0,0,38175,0.000,0.000
13320,0,0,0,38175,0.000,0.000
13330,0,0,0,38175,0.000,0.000
13340,0,0,0,38175,0.000,0.000
13350,0,0,0,38175,0.000,0.000
13360,0,0,0,38175,0.000,0.000
13370,0,0,0,38175,0.000,0.000
13380,0,0,0,38175,0.000,0.000
13390,0,0,0,38175,0.000,0.000
13400,0,0,0,38175,0.000,0.000
13410,0,0,0,38175,0.000,0.000
13420,0,0,0,38175,0.000,0.000
13430,0,0,0,38175,0.000,0.000
13440,0,0,0,38175,0.000,0.000
13450,0,0,0,38175,0.000,0.000
13460,0,0,0,38175,0.000,0.000
13470,0,0,0,38175,0.000,0.000
13480,0,0,0,38175,0.000,0.000
13490,0,0,0,38175,0.000,0.000
13500,0,0,0,38175,0.000,0.000
13510,0,0,0,38175,0.000,0.000
13520,0,0,0,38175,0.000,0.000
13530,0,0,0,38175,0.000,0.000
13540,0,0,0,38175,0.000,0.000
13550,0,0,0,38175,0.000,0.000
13560,0,0,0,38175,0.000,0.000
13570,0,0,0,38175,0.000,0.000
13580,0,0,0,38175,0.000,0.000
13590,0,0,0,38175,0.000,0.000
13600,0,0,0,38175,0.000,0.000
13610,0,0,0,38175,0.000,0.000
13620,0,0,0,38175,0.000,0.000
13630,0,0,0,38175,0.000,0.000
13640,0,0,0,38175,0.000,0.000
13650,0,0,0,38175,0.000,0.000
13660,0,0,0,38176,0.000,0.140
13670,0,0,0,38176,0.000,0.000
13680,0,0,0,38176,0.000,0.000
13690,0,0,0,38176,0.000,0.000
13700,0,0,0,38176,0.000,0.000
13710,0,0,0,38176,0.000,0.000
13720,0,0,0,38176,0.000,0.000
13730,0,0,0,38176,0.000,0.000
13740,0,0,0,38176,0.000,0.000
13750,0,0,0,38176,0.000,0.000
13760,0,0,0,38176,0.000,0.000
13770,0,0,0,38176,0.000,0.000
13780,0,0,0,38176,0.000,0.000
13790,0,0,0,38176,0.000,0.000
13800,0,0,0,38176,0.000,0.000
13810,0,0,0,38176,0.000,0.000
13820,0,0,0,38176,0.000,0.000
13830,0,0,0,38176,0.000,0.000
13840,0,0,0,38176,0.000,0.000
13850,0,0,0,38176,0.000,0.000
13860,0,0,0,38176,0.000,0.000
13870,0,0,0,38176,0.000,0.000
13880,0,0,0,38176,0.000,0.000
13890,0,0,0,38176,0.000,0.000
13900,0,0,0,38176,0.000,0.000
13910,0,0,0,38176,0.000,0.000
13920,0,0,0,38176,0.000,0.000
13930,0,0,0,38176,0.000,0.000
13940,0,0,0,38176,0.000,0.000
13950,0,0,0,38176,0.000,0.000
13960,0,0,0,38176,0.000,0.000
13970,0,0,0,38176,0.000,0.000
13980,0,0,0,38176,0.000,0.000
13990,0,0,0,38176,0.000,0.000
14000,0,0,0,38176,0.000,0.000
14010,0,0,0,38176,0.000,0.000
14020,0,0,0,38176,0.000,0.000
14030,0,0,0,38176,0.000,0.000
14040,0,0,0,38176,0.000,0.000
14050,0,0,0,38176,0.000,0.000
14060,0,0,0,38176,0.000,0.000
14070,0,0,0,38176,0.000,0.000
14080,0,0,0,38176,0.000,0.000
14090,0,0,0,38176,0.000,0.000
14100,0,0,0,38176,0.000,0.000
14110,0,0,0,38176,0.000,0.000
14120,0,0,0,38176,0.000,0.000
14130,0,0,0,38176,0.000,0.000
14140,0,0,0,38176,0.000,0.000
14150,0,0,0,38176,0.000,0.000
14160,0,0,0,38176,0.000,0.000
14170,0,0,0,38176,0.000,0.000
14180,0,0,0,38176,0.000,0.000
14190,0,0,0,38176,0.000,0.000
14200,0,0,0,38176,0.000,0.000
14210,0,0,0,38176,0.000,0.000
14220,0,0,0,38176,0.000,0.000
14230,0,0,0,38176,0.000,0.000
14240,0,0,0,38176,0.000,0.000
14250,0,0,0,38176,0.000,0.000
14260,0,0,0,38176,0.000,0.000
14270,0,0,0,38176,0.000,0.000
14280,0,0,0,38176,0.000,0.000
14290,0,0,0,38176,0.000,0.000
14300,0,0,0,38176,0.000,0.000
14310,0,0,0,38176,0.000,0.000
14320,0,0,0,38176,0.000,0.000
14330,0,0,0,38176,0.000,0.000
14340,0,0,0,38176,0.000,0.000
14350,0,0,0,38176,0.000,0.000
14360,0,0,0,38176,0.000,0.000
14370,0,0,0,38176,0.000,0.000
14380,0,0,0,38176,0.000,0.000
14390,0,0,0,38176,0.000,0.000
14400,0,0,0,38176,0.000,0.000
14410,0,0,0,38176,0.000,0.000
14420,0,0,0,38176,0.000,0.000
14430,0,0,0,38176,0.000,0.000
14440,0,0,0,38176,0.000,0.000
14450,0,0,0,38176,0.000,0.000
14460,0,0,0,38176,0.000,0.000
14470,0,0,0,38176,0.000,0.000
14480,0,0,0,38176,0.000,0.000
14490,0,0,0,38176,0.000,0.000
14500,0,0,0,38176,0.000,0.000
14510,0,0,0,38176,0.000,0.000
14520,0,0,0,38176,0.000,0.000
14530,0,0,0,38176,0.000,0.000
14540,0,0,0,38176,0.000,0.000
14550,0,0,0,38176,0.000,0.000
14560,0,0,0,38176,0.000,0.000
14570,0,0,0,38176,0.000,0.000
14580,0,0,0,38176,0.000,0.000
14590,0,0,0,38176,0.000,0.000
14600,0,0,0,38176,0.000,0.000
14610,0,0,0,38176,0.000,0.000
14620,0,0,0,38176,0.000,0.000
14630,0,0,0,38176,0.000,0.000
14640,0,0,0,38176,0.000,0.000
14650,0,0,0,38176,0.000,0.000
14660,0,0,0,38176,0.000,0.000
14670,0,0,0,38176,0.000,0.000
14680,0,0,0,38176,0.000,0.000
14690,0,0,0,38176,0.000,0.000
14700,0,0,0,38176,0.000,0.000
14710,0,0,0,38176,0.000,0.000
14720,0,0,0,38176,0.000,0.000
14730,0,0,0,38176,0.000,0.000
14740,0,0,0,38176,0.000,0.000
14750,0,0,0,38176,0.000,0.000
14760,0,0,0,38176,0.000,0.000
14770,0,0,0,38176,0.000,0.000
14780,0,0,0,38176,0.000,0.000
14790,0,0,0,38176,0.000,0.000
14800,0,0,0,38176,0.000,0.000
14810,0,0,0,38176,0.000,0.000
14820,0,0,0,38176,0.000,0.000
14830,0,0,0,38176,0.000,0.000
14840,0,0,0,38176,0.000,0.000
14850,0,0,0,38176,0.000,0.000
14860,0,0,0,38176,0.000,0.000
14870,0,0,0,38176,0.000,0.000
14880,0,0,0,38176,0.000,0.000
14890,0,0,0,38176,0.000,0.000
14900,0,0,0,38176,0.000,0.000
14910,0,0,0,38176,0.000,0.000
14920,0,0,0,38176,0.000,0.000
14930,0,0,0,38176,0.000,0.000
14940,0,0,0,38176,0.000,0.000
14950,0,0,0,38176,0.000,0.000
14960,0,0,0,38176,0.000,0.000
14970,0,0,0,38176,0.000,0.000
14980,0,0,0,38176,0.000,0.000
14990,0,0,0,38176,0.000,0.000
15000,0,0,0,38176,0.000,0.000
15010,0,25,0,38176,0.000,0.000
15020,0,25,0,38176,0.000,0.000
15030,0,25,0,38177,0.000,0.140
15040,0,25,0,38185,0.000,1.122
15050,0,25,0,38202,0.000,2.384
15060,0,25,0,38229,0.000,3.787
15070,0,25,0,38260,0.000,4.348
15080,0,25,0,38295,0.000,4.909
15090,0,25,0,38336,0.000,5.750
15100,0,25,0,38381,0.000,6.311
15110,0,25,0,38431,0.000,7.012
15120,0,25,0,38487,0.000,7.854
15130,0,25,0,38546,0.000,8.275
15140,0,25,0,38613,0.000,9.397
15150,0,25,0,38683,0.000,9.817
15160,0,25,0,38757,0.000,10.378
15170,0,25,0,38834,0.000,10.799
15180,0,25,0,38914,0.000,11.220
15190,0,25,0,38996,0.000,11.500
15200,0,25,0,39080,0.000,11.781
15210,0,25,0,39165,0.000,11.921
15220,0,25,0,39252,0.000,12.202
15230,0,25,0,39339,0.000,12.202
15240,0,25,0,39427,0.000,12.342
15250,0,25,0,39516,0.000,12.482
15260,0,25,0,39605,0.000,12.482
15270,0,25,0,39696,0.000,12.763
15280,0,25,0,39786,0.000,12.622
15290,0,25,0,39877,0.000,12.763
15300,0,25,0,39969,0.000,12.903
15310,0,25,0,40061,0.000,12.903
15320,0,25,0,40154,0.000,13.043
15330,0,25,0,40247,0.000,13.043
15340,0,25,0,40341,0.000,13.183
15350,0,25,0,40436,0.000,13.324
15360,0,25,0,40529,0.000,13.043
15370,0,25,0,40625,0.000,13.464
15380,0,25,0,40720,0.000,13.324
15390,0,25,0,40815,0.000,13.324
15400,0,25,0,40911,0.000,13.464
15410,0,25,0,41007,0.000,13.464
15420,0,25,0,41103,0.000,13.464
15430,0,25,0,41200,0.000,13.604
15440,0,25,0,41297,0.000,13.604
15450,0,25,0,41395,0.000,13.744
15460,0,25,0,41492,0.000,13.604
15470,0,25,0,41589,0.000,13.604
15480,0,25,0,41685,0.000,13.464
15490,0,25,0,41782,0.000,13.604
15500,0,25,0,41879,0.000,13.604
15510,0,25,0,41975,0.000,13.464
15520,0,25,0,42071,0.000,13.464
15530,0,25,0,42167,0.000,13.464
15540,0,25,0,42261,0.000,13.183
15550,0,25,0,42357,0.000,13.464
15560,0,25,0,42451,0.000,13.183
15570,0,25,0,42545,0.000,13.183
15580,0,25,0,42640,0.000,13.324
15590,0,25,0,42733,0.000,13.043
15600,0,25,0,42827,0.000,13.183
15610,0,25,0,42921,0.000,13.183
15620,0,25,0,43014,0.000,13.043
15630,0,25,0,43107,0.000,13.043
15640,0,25,0,43200,0.000,13.043
15650,0,25,0,43293,0.000,13.043
15660,0,25,0,43385,0.000,12.903
15670,0,25,0,43478,0.000,13.043
15680,0,25,0,43571,0.000,13.043
15690,0,25,0,43664,0.000,13.043
15700,0,25,0,43757,0.000,13.043
15710,0,25,0,43849,0.000,12.903
15720,0,25,0,43942,0.000,13.043
15730,0,25,0,44035,0.000,13.043
15740,0,25,0,44127,0.000,12.903
15750,0,25,0,44220,0.000,13.043
15760,0,25,0,44313,0.000,13.043
15770,0,25,0,44405,0.000,12.903
15780,0,25,0,44499,0.000,13.183
15790,0,25,0,44593,0.000,13.183
15800,0,25,0,44686,0.000,13.043
15810,0,25,0,44781,0.000,13.324
15820,0,25,0,44875,0.000,13.183
15830,0,25,0,44970,0.000,13.324
15840,0,25,0,45065,0.000,13.324
15850,0,25,0,45161,0.000,13.464
15860,0,25,0,45257,0.000,13.464
15870,0,25,0,45353,0.000,13.464
15880,0,25,0,45449,0.000,13.464
15890,0,25,0,45546,0.000,13.604
15900,0,25,0,45643,0.000,13.604
15910,0,25,0,45741,0.000,13.744
15920,0,25,0,45838,0.000,13.604
15930,0,25,0,45936,0.000,13.744
15940,0,25,0,46033,0.000,13.604
15950,0,25,0,46131,0.000,13.744
15960,0,25,0,46228,0.000,13.604
15970,0,25,0,46325,0.000,13.604
15980,0,25,0,46422,0.000,13.604
15990,0,25,0,46519,0.000,13.604
16000,0,25,0,46616,0.000,13.604
16010,0,25,0,46712,0.000,13.464
16020,0,25,0,46808,0.000,13.464
16030,0,25,0,46904,0.000,13.464
16040,0,25,0,46999,0.000,13.324
16050,0,25,0,47094,0.000,13.324
16060,0,25,0,47188,0.000,13.183
16070,0,25,0,47283,0.000,13.324
16080,0,25,0,47376,0.000,13.043
16090,0,25,0,47470,0.000,13.183
16100,0,25,0,47563,0.000,13.043
16110,0,25,0,47657,0.000,13.183
16120,0,25,0,47749,0.000,12.903
16130,0,25,0,47843,0.000,13.183
16140,0,25,0,47936,0.000,13.043
16150,0,25,0,48028,0.000,12.903
16160,0,25,0,48121,0.000,13.043
16170,0,25,0,48214,0.000,13.043
16180,0,25,0,48307,0.000,13.043
16190,0,25,0,48400,0.000,13.043
16200,0,25,0,48493,0.000,13.043
16210,0,25,0,48586,0.000,13.043
16220,0,25,0,48679,0.000,13.043
16230,0,25,0,48772,0.000,13.043
16240,0,25,0,48865,0.000,13.043
16250,0,25,0,48959,0.000,13.183
16260,0,25,0,49053,0.000,13.183
16270,0,25,0,49147,0.000,13.183
16280,0,25,0,49241,0.000,13.183
16290,0,25,0,49336,0.000,13.324
16300,0,25,0,49431,0.000,13.324
16310,0,25,0,49526,0.000,13.324
16320,0,25,0,49621,0.000,13.324
16330,0,25,0,49717,0.000,13.464
16340,0,25,0,49813,0.000,13.464
16350,0,25,0,49909,0.000,13.464
16360,0,25,0,50005,0.000,13.464
16370,0,25,0,50102,0.000,13.604
16380,0,25,0,50199,0.000,13.604
16390,0,25,0,50297,0.000,13.744
16400,0,25,0,50394,0.000,13.604
16410,0,25,0,50492,0.000,13.744
16420,0,25,0,50589,0.000,13.604
16430,0,25,0,50686,0.000,13.604
16440,0,25,0,50784,0.000,13.744
16450,0,25,0,50881,0.000,13.604
16460,0,25,0,50978,0.000,13.604
16470,0,25,0,51075,0.000,13.604
16480,0,25,0,51171,0.000,13.464
16490,0,25,0,51267,0.000,13.464
16500,0,25,0,51362,0.000,13.324
16510,0,25,0,51457,0.000,13.324
16520,0,25,0,51553,0.000,13.464
16530,0,25,0,51647,0.000,13.183
16540,0,25,0,51741,0.000,13.183
16550,0,25,0,51836,0.000,13.324
16560,0,25,0,51929,0.000,13.043
16570,0,25,0,52023,0.000,13.183
16580,0,25,0,52116,0.000,13.043
16590,0,25,0,52209,0.000,13.043
16600,0,25,0,52302,0.000,13.043
16610,0,25,0,52395,0.000,13.043
16620,0,25,0,52488,0.000,13.043
16630,0,25,0,52581,0.000,13.043
16640,0,25,0,52675,0.000,13.183
16650,0,25,0,52768,0.000,13.043
16660,0,25,0,52862,0.000,13.183
16670,0,25,0,52956,0.000,13.183
16680,0,25,0,53049,0.000,13.043
16690,0,25,0,53142,0.000,13.043
16700,0,25,0,53235,0.000,13.043
16710,0,25,0,53329,0.000,13.183
16720,0,25,0,53423,0.000,13.183
16730,0,25,0,53516,0.000,13.043
16740,0,25,0,53611,0.000,13.324
16750,0,25,0,53705,0.000,13.183
16760,0,25,0,53800,0.000,13.324
16770,0,25,0,53895,0.000,13.324
16780,0,25,0,53990,0.000,13.324
16790,0,25,0,54085,0.000,13.324
16800,0,25,0,54181,0.000,13.464
16810,0,25,0,54277,0.000,13.464
16820,0,25,0,54373,0.000,13.464
16830,0,25,0,54470,0.000,13.604
16840,0,25,0,54568,0.000,13.744
16850,0,25,0,54665,0.000,13.604
16860,0,25,0,54762,0.000,13.604
16870,0,25,0,54860,0.000,13.744
16880,0,25,0,54958,0.000,13.744
16890,0,25,0,55055,0.000,13.604
16900,0,25,0,55152,0.000,13.604
16910,0,25,0,55249,0.000,13.604
16920,0,25,0,55346,0.000,13.604
16930,0,25,0,55443,0.000,13.604
16940,0,25,0,55539,0.000,13.464
16950,0,25,0,55635,0.000,13.464
16960,0,25,0,55731,0.000,13.464
16970,0,25,0,55826,0.000,13.324
16980,0,25,0,55921,0.000,13.324
16990,0,25,0,56016,0.000,13.324
17000,0,25,0,56111,0.000,13.324
17010,0,25,0,56206,0.000,13.324
17020,0,25,0,56300,0.000,13.183
17030,0,25,0,56394,0.000,13.183
17040,0,25,0,56488,0.000,13.183
17050,0,25,0,56581,0.000,13.043
17060,0,25,0,56675,0.000,13.183
17070,0,25,0,56768,0.000,13.043
17080,0,25,0,56861,0.000,13.043
17090,0,25,0,56954,0.000,13.043
17100,0,25,0,57047,0.000,13.043
17110,0,25,0,57140,0.000,13.043
17120,0,25,0,57234,0.000,13.183
17130,0,25,0,57327,0.000,13.043
17140,0,25,0,57420,0.000,13.043
17150,0,25,0,57513,0.000,13.043
17160,0,25,0,57607,0.000,13.183
17170,0,25,0,57700,0.000,13.043
17180,0,25,0,57793,0.000,13.043
17190,0,25,0,57886,0.000,13.043
17200,0,25,0,57980,0.000,13.183
17210,0,25,0,58074,0.000,13.183
17220,0,25,0,58169,0.000,13.324
17230,0,25,0,58264,0.000,13.324
17240,0,25,0,58360,0.000,13.464
17250,0,25,0,58456,0.000,13.464
17260,0,25,0,58553,0.000,13.604
17270,0,25,0,58649,0.000,13.464
17280,0,25,0,58746,0.000,13.604
17290,0,25,0,58843,0.000,13.604
17300,0,25,0,58941,0.000,13.744
17310,0,25,0,59038,0.000,13.604
17320,0,25,0,59136,0.000,13.744
17330,0,25,0,59235,0.000,13.885
17340,0,25,0,59334,0.000,13.885
17350,0,25,0,59433,0.000,13.885
17360,0,25,0,59531,0.000,13.744
17370,0,25,0,59629,0.000,13.744
17380,0,25,0,59728,0.000,13.885
17390,0,25,0,59825,0.000,13.604
17400,0,25,0,59923,0.000,13.744
17410,0,25,0,60020,0.000,13.604
17420,0,25,0,60117,0.000,13.604
17430,0,25,0,60213,0.000,13.464
17440,0,25,0,60309,0.000,13.464
17450,0,25,0,60404,0.000,13.324
17460,0,25,0,60499,0.000,13.324
17470,0,25,0,60594,0.000,13.324
17480,0,25,0,60688,0.000,13.183
17490,0,25,0,60783,0.000,13.324
17500,0,25,0,60877,0.000,13.183
17510,0,25,0,60971,0.000,13.183
17520,0,25,0,61064,0.000,13.043
17530,0,25,0,61158,0.000,13.183
17540,0,25,0,61252,0.000,13.183
17550,0,25,0,61345,0.000,13.043
17560,0,25,0,61439,0.000,13.183
17570,0,25,0,61532,0.000,13.043
17580,0,25,0,61625,0.000,13.043
17590,0,25,0,61719,0.000,13.183
17600,0,25,0,61812,0.000,13.043
17610,0,25,0,61904,0.000,12.903
17620,0,25,0,61997,0.000,13.043
17630,0,25,0,62090,0.000,13.043
17640,0,25,0,62183,0.000,13.043
17650,0,25,0,62276,0.000,13.043
17660,0,25,0,62368,0.000,12.903
17670,0,25,0,62461,0.000,13.043
17680,0,25,0,62555,0.000,13.183
17690,0,25,0,62649,0.000,13.183
17700,0,25,0,62743,0.000,13.183
17710,0,25,0,62837,0.000,13.183
17720,0,25,0,62932,0.000,13.324
17730,0,25,0,63027,0.000,13.324
17740,0,25,0,63122,0.000,13.324
17750,0,25,0,63218,0.000,13.464
17760,0,25,0,63313,0.000,13.324
17770,0,25,0,63410,0.000,13.604
17780,0,25,0,63506,0.000,13.464
17790,0,25,0,63603,0.000,13.604
17800,0,25,0,63700,0.000,13.604
17810,0,25,0,63797,0.000,13.604
17820,0,25,0,63894,0.000,13.604
17830,0,25,0,63991,0.000,13.604
17840,0,25,0,64087,0.000,13.464
17850,0,25,0,64184,0.000,13.604
17860,0,25,0,64280,0.000,13.464
17870,0,25,0,64376,0.000,13.464
17880,0,25,0,64471,0.000,13.324
17890,0,25,0,64567,0.000,13.464
17900,0,25,0,64662,0.000,13.324
17910,0,25,0,64757,0.000,13.324
17920,0,25,0,64852,0.000,13.324
17930,0,25,0,64947,0.000,13.324
17940,0,25,0,65041,0.000,13.183
17950,0,25,0,65135,0.000,13.183
17960,0,25,0,65228,0.000,13.043
17970,0,25,0,65321,0.000,13.043
17980,0,25,0,65414,0.000,13.043
17990,0,25,0,65507,0.000,13.043
18000,0,25,0,65599,0.000,12.903
18010,0,0,0,65692,0.000,13.043
18020,0,0,0,65784,0.000,12.903
18030,0,0,0,65876,0.000,12.903
18040,0,0,0,65962,0.000,12.061
18050,0,0,0,66041,0.000,11.080
18060,0,0,0,66107,0.000,9.256
18070,0,0,0,66159,0.000,7.293
18080,0,0,0,66199,0.000,5.610
18090,0,0,0,66231,0.000,4.488
18100,0,0,0,66253,0.000,3.085
18110,0,0,0,66268,0.000,2.104
18120,0,0,0,66279,0.000,1.543
18130,0,0,0,66286,0.000,0.982
18140,0,0,0,66290,0.000,0.561
18150,0,0,0,66293,0.000,0.421
18160,0,0,0,66293,0.000,0.000
18170,0,0,0,66293,0.000,0.000
18180,0,0,0,66293,0.000,0.000
18190,0,0,0,66293,0.000,0.000
18200,0,0,0,66293,0.000,0.000
18210,0,0,0,66293,0.000,0.000
18220,0,0,0,66293,0.000,0.000
18230,0,0,0,66293,0.000,0.000
18240,0,0,0,66293,0.000,0.000
18250,0,0,0,66293,0.000,0.000
18260,0,0,0,66293,0.000,0.000
18270,0,0,0,66293,0.000,0.000
18280,0,0,0,66293,0.000,0.000
18290,0,0,0,66293,0.000,0.000
18300,0,0,0,66293,0.000,0.000
18310,0,0,0,66293,0.000,0.000
18320,0,0,0,66293,0.000,0.000
18330,0,0,0,66293,0.000,0.000
18340,0,0,0,66293,0.000,0.000
18350,0,0,0,66293,0.000,0.000
18360,0,0,0,66293,0.000,0.000
18370,0,0,0,66293,0.000,0.000
18380,0,0,0,66293,0.000,0.000
18390,0,0,0,66293,0.000,0.000
18400,0,0,0,66293,0.000,0.000
18410,0,0,0,66293,0.000,0.000
18420,0,0,0,66293,0.000,0.000
18430,0,0,0,66293,0.000,0.000
18440,0,0,0,66293,0.000,0.000
18450,0,0,0,66293,0.000,0.000
18460,0,0,0,66293,0.000,0.000
18470,0,0,0,66293,0.000,0.000
18480,0,0,0,66293,0.000,0.000
18490,0,0,0,66293,0.000,0.000
18500,0,0,0,66293,0.000,0.000
18510,0,0,0,66293,0.000,0.000
18520,0,0,0,66293,0.000,0.000
18530,0,0,0,66293,0.000,0.000
18540,0,0,0,66293,0.000,0.000
18550,0,0,0,66293,0.000,0.000
18560,0,0,0,66293,0.000,0.000
18570,0,0,0,66293,0.000,0.000
18580,0,0,0,66293,0.000,0.000
18590,0,0,0,66293,0.000,0.000
18600,0,0,0,66293,0.000,0.000
18610,0,0,0,66293,0.000,0.000
18620,0,0,0,66293,0.000,0.000
18630,0,0,0,66293,0.000,0.000
18640,0,0,0,66293,0.000,0.000
18650,0,0,0,66293,0.000,0.000
18660,0,0,0,66293,0.000,0.000
18670,0,0,0,66293,0.000,0.000
18680,0,0,0,66293,0.000,0.000
18690,0,0,0,66293,0.000,0.000
18700,0,0,0,66293,0.000,0.000
18710,0,0,0,66293,0.000,0.000
18720,0,0,0,66293,0.000,0.000
18730,0,0,0,66293,0.000,0.000
18740,0,0,0,66293,0.000,0.000
18750,0,0,0,66293,0.000,0.000
18760,0,0,0,66293,0.000,0.000
18770,0,0,0,66293,0.000,0.000
18780,0,0,0,66293,0.000,0.000
18790,0,0,0,66293,0.000,0.000
18800,0,0,0,66293,0.000,0.000
18810,0,0,0,66293,0.000,0.000
18820,0,0,0,66293,0.000,0.000
18830,0,0,0,66293,0.000,0.000
18840,0,0,0,66293,0.000,0.000
18850,0,0,0,66293,0.000,0.000
18860,0,0,0,66293,0.000,0.000
18870,0,0,0,66293,0.000,0.000
18880,0,0,0,66293,0.000,0.000
18890,0,0,0,66293,0.000,0.000
18900,0,0,0,66293,0.000,0.000
18910,0,0,0,66293,0.000,0.000
18920,0,0,0,66293,0.000,0.000
18930,0,0,0,66293,0.000,0.000
18940,0,0,0,66293,0.000,0.000
18950,0,0,0,66293,0.000,0.000
18960,0,0,0,66293,0.000,0.000
18970,0,0,0,66293,0.000,0.000
18980,0,0,0,66293,0.000,0.000
18990,0,0,0,66293,0.000,0.000
19000,0,0,0,66293,0.000,0.000
19010,0,0,0,66293,0.000,0.000
19020,0,0,0,66293,0.000,0.000
19030,0,0,0,66293,0.000,0.000
19040,0,0,0,66293,0.000,0.000
19050,0,0,0,66293,0.000,0.000
19060,0,0,0,66293,0.000,0.000
19070,0,0,0,66293,0.000,0.000
19080,0,0,0,66293,0.000,0.000
19090,0,0,0,66293,0.000,0.000
19100,0,0,0,66293,0.000,0.000
19110,0,0,0,66293,0.000,0.000
19120,0,0,0,66293,0.000,0.000
19130,0,0,0,66293,0.000,0.000
19140,0,0,0,66293,0.000,0.000
19150,0,0,0,66293,0.000,0.000
19160,0,0,0,66293,0.000,0.000
19170,0,0,0,66293,0.000,0.000
19180,0,0,0,66293,0.000,0.000
19190,0,0,0,66293,0.000,0.000
19200,0,0,0,66293,0.000,0.000
19210,0,0,0,66293,0.000,0.000
19220,0,0,0,66293,0.000,0.000
19230,0,0,0,66293,0.000,0.000
19240,0,0,0,66293,0.000,0.000
19250,0,0,0,66293,0.000,0.000
19260,0,0,0,66293,0.000,0.000
19270,0,0,0,66293,0.000,0.000
19280,0,0,0,66293,0.000,0.000
19290,0,0,0,66293,0.000,0.000
19300,0,0,0,66293,0.000,0.000
19310,0,0,0,66293,0.000,0.000
19320,0,0,0,66293,0.000,0.000
19330,0,0,0,66293,0.000,0.000
19340,0,0,0,66293,0.000,0.000
19350,0,0,0,66293,0.000,0.000
19360,0,0,0,66293,0.000,0.000
19370,0,0,0,66293,0.000,0.000
19380,0,0,0,66293,0.000,0.000
19390,0,0,0,66293,0.000,0.000
19400,0,0,0,66293,0.000,0.000
19410,0,0,0,66293,0.000,0.000
19420,0,0,0,66293,0.000,0.000
19430,0,0,0,66293,0.000,0.000
19440,0,0,0,66293,0.000,0.000
19450,0,0,0,66293,0.000,0.000
19460,0,0,0,66293,0.000,0.000
19470,0,0,0,66293,0.000,0.000
19480,0,0,0,66293,0.000,0.000
19490,0,0,0,66293,0.000,0.000
19500,0,0,0,66293,0.000,0.000
19510,0,0,0,66293,0.000,0.000
19520,0,0,0,66293,0.000,0.000
19530,0,0,0,66293,0.000,0.000
19540,0,0,0,66293,0.000,0.000
19550,0,0,0,66293,0.000,0.000
19560,0,0,0,66293,0.000,0.000
19570,0,0,0,66293,0.000,0.000
19580,0,0,0,66293,0.000,0.000
19590,0,0,0,66293,0.000,0.000
19600,0,0,0,66293,0.000,0.000
19610,0,0,0,66293,0.000,0.000
19620,0,0,0,66293,0.000,0.000
19630,0,0,0,66293,0.000,0.000
19640,0,0,0,66293,0.000,0.000
19650,0,0,0,66293,0.000,0.000
19660,0,0,0,66293,0.000,0.000
19670,0,0,0,66293,0.000,0.000
19680,0,0,0,66293,0.000,0.000
19690,0,0,0,66293,0.000,0.000
19700,0,0,0,66293,0.000,0.000
19710,0,0,0,66293,0.000,0.000
19720,0,0,0,66293,0.000,0.000
19730,0,0,0,66293,0.000,0.000
19740,0,0,0,66293,0.000,0.000
19750,0,0,0,66293,0.000,0.000
19760,0,0,0,66293,0.000,0.000
19770,0,0,0,66293,0.000,0.000
19780,0,0,0,66293,0.000,0.000
19790,0,0,0,66293,0.000,0.000
19800,0,0,0,66293,0.000,0.000
19810,0,0,0,66293,0.000,0.000
19820,0,0,0,66293,0.000,0.000
19830,0,0,0,66293,0.000,0.000
19840,0,0,0,66293,0.000,0.000
19850,0,0,0,66293,0.000,0.000
19860,0,0,0,66293,0.000,0.000
19870,0,0,0,66293,0.000,0.000
19880,0,0,0,66293,0.000,0.000
19890,0,0,0,66293,0.000,0.000
19900,0,0,0,66293,0.000,0.000
19910,0,0,0,66293,0.000,0.000
19920,0,0,0,66293,0.000,0.000
19930,0,0,0,66293,0.000,0.000
19940,0,0,0,66293,0.000,0.000
19950,0,0,0,66293,0.000,0.000
19960,0,0,0,66293,0.000,0.000
19970,0,0,0,66293,0.000,0.000
19980,0,0,0,66293,0.000,0.000
19990,0,0,0,66293,0.000,0.000
20000,0,0,0,66293,0.000,0.000
20010,0,0,0,66293,0.000,0.000
20020,0,0,0,66293,0.000,0.000
20030,0,0,0,66293,0.000,0.000
20040,0,0,0,66293,0.000,0.000
20050,0,0,0,66293,0.000,0.000
20060,0,0,0,66293,0.000,0.000
20070,0,0,0,66293,0.000,0.000
20080,0,0,0,66293,0.000,0.000
20090,0,0,0,66293,0.000,0.000
20100,0,0,0,66293,0.000,0.000
20110,0,0,0,66293,0.000,0.000
20120,0,0,0,66293,0.000,0.000
20130,0,0,0,66293,0.000,0.000
20140,0,0,0,66293,0.000,0.000
20150,0,0,0,66293,0.000,0.000
20160,0,0,0,66293,0.000,0.000
20170,0,0,0,66293,0.000,0.000
20180,0,0,0,66293,0.000,0.000
20190,0,0,0,66293,0.000,0.000
20200,0,0,0,66293,0.000,0.000
20210,0,0,0,66293,0.000,0.000
20220,0,0,0,66293,0.000,0.000
20230,0,0,0,66293,0.000,0.000
20240,0,0,0,66293,0.000,0.000
20250,0,0,0,66293,0.000,0.000
20260,0,0,0,66293,0.000,0.000
20270,0,0,0,66293,0.000,0.000
20280,0,0,0,66293,0.000,0.000
20290,0,0,0,66293,0.000,0.000
20300,0,0,0,66293,0.000,0.000
20310,0,0,0,66293,0.000,0.000
20320,0,0,0,66293,0.000,0.000
20330,0,0,0,66293,0.000,0.000
20340,0,0,0,66293,0.000,0.000
20350,0,0,0,66293,0.000,0.000
20360,0,0,0,66293,0.000,0.000
20370,0,0,0,66293,0.000,0.000
20380,0,0,0,66293,0.000,0.000
20390,0,0,0,66293,0.000,0.000
20400,0,0,0,66293,0.000,0.000
20410,0,0,0,66293,0.000,0.000
20420,0,0,0,66293,0.000,0.000
20430,0,0,0,66293,0.000,0.000
20440,0,0,0,66293,0.000,0.000
20450,0,0,0,66293,0.000,0.000
20460,0,0,0,66293,0.000,0.000
20470,0,0,0,66293,0.000,0.000
20480,0,0,0,66293,0.000,0.000
20490,0,0,0,66293,0.000,0.000
20500,0,0,0,66293,0.000,0.000
20510,0,0,0,66293,0.000,0.000
20520,0,0,0,66293,0.000,0.000
20530,0,0,0,66293,0.000,0.000
20540,0,0,0,66293,0.000,0.000
20550,0,0,0,66293,0.000,0.000
20560,0,0,0,66293,0.000,0.000
20570,0,0,0,66293,0.000,0.000
20580,0,0,0,66293,0.000,0.000
20590,0,0,0,66293,0.000,0.000
20600,0,0,0,66293,0.000,0.000
20610,0,0,0,66293,0.000,0.000
20620,0,0,0,66293,0.000,0.000
20630,0,0,0,66293,0.000,0.000
20640,0,0,0,66293,0.000,0.000
20650,0,0,0,66293,0.000,0.000
20660,0,0,0,66293,0.000,0.000
20670,0,0,0,66293,0.000,0.000
20680,0,0,0,66293,0.000,0.000
20690,0,0,0,66293,0.000,0.000
20700,0,0,0,66293,0.000,0.000
20710,0,0,0,66293,0.000,0.000
20720,0,0,0,66293,0.000,0.000
20730,0,0,0,66293,0.000,0.000
20740,0,0,0,66293,0.000,0.000
20750,0,0,0,66293,0.000,0.000
20760,0,0,0,66293,0.000,0.000
20770,0,0,0,66293,0.000,0.000
20780,0,0,0,66293,0.000,0.000
20790,0,0,0,66293,0.000,0.000
20800,0,0,0,66293,0.000,0.000
20810,0,0,0,66293,0.000,0.000
20820,0,0,0,66293,0.000,0.000
20830,0,0,0,66293,0.000,0.000
20840,0,0,0,66293,0.000,0.000
20850,0,0,0,66293,0.000,0.000
20860,0,0,0,66293,0.000,0.000
20870,0,0,0,66293,0.000,0.000
20880,0,0,0,66293,0.000,0.000
20890,0,0,0,66293,0.000,0.000
20900,0,0,0,66293,0.000,0.000
20910,0,0,0,66293,0.000,0.000
20920,0,0,0,66293,0.000,0.000
20930,0,0,0,66293,0.000,0.000
20940,0,0,0,66293,0.000,0.000
20950,0,0,0,66293,0.000,0.000
20960,0,0,0,66293,0.000,0.000
20970,0,0,0,66293,0.000,0.000
20980,0,0,0,66293,0.000,0.000
20990,0,0,0,66293,0.000,0.000
21000,0,0,0,66293,0.000,0.000
21010,0,25,0,66293,0.000,0.000
21020,0,25,0,66293,0.000,0.000
21030,0,25,0,66294,0.000,0.140
21040,0,25,0,66302,0.000,1.122
21050,0,25,0,66319,0.000,2.384
21060,0,25,0,66346,0.000,3.787
21070,0,25,0,66378,0.000,4.488
21080,0,25,0,66416,0.000,5.329
21090,0,25,0,66459,0.000,6.031
21100,0,25,0,66507,0.000,6.732
21110,0,25,0,66561,0.000,7.573
21120,0,25,0,66621,0.000,8.415
21130,0,25,0,66685,0.000,8.976
21140,0,25,0,66756,0.000,9.958
21150,0,25,0,66830,0.000,10.378
21160,0,25,0,66908,0.000,10.939
21170,0,25,0,66989,0.000,11.360
21180,0,25,0,67072,0.000,11.641
21190,0,25,0,67157,0.000,11.921
21200,0,25,0,67245,0.000,12.342
21210,0,25,0,67334,0.000,12.482
21220,0,25,0,67424,0.000,12.622
21230,0,25,0,67515,0.000,12.763
21240,0,25,0,67607,0.000,12.903
21250,0,25,0,67700,0.000,13.043
21260,0,25,0,67793,0.000,13.043
21270,0,25,0,67888,0.000,13.324
21280,0,25,0,67983,0.000,13.324
21290,0,25,0,68079,0.000,13.464
21300,0,25,0,68175,0.000,13.464
21310,0,25,0,68273,0.000,13.744
21320,0,25,0,68370,0.000,13.604
21330,0,25,0,68467,0.000,13.604
21340,0,25,0,68565,0.000,13.744
21350,0,25,0,68662,0.000,13.604
21360,0,25,0,68759,0.000,13.604
21370,0,25,0,68856,0.000,13.604
21380,0,25,0,68952,0.000,13.464
21390,0,25,0,69048,0.000,13.464
21400,0,25,0,69143,0.000,13.324
21410,0,25,0,69239,0.000,13.464
21420,0,25,0,69334,0.000,13.324
21430,0,25,0,69429,0.000,13.324
21440,0,25,0,69523,0.000,13.183
21450,0,25,0,69617,0.000,13.183
21460,0,25,0,69711,0.000,13.183
21470,0,25,0,69805,0.000,13.183
21480,0,25,0,69899,0.000,13.183
21490,0,25,0,69993,0.000,13.183
21500,0,25,0,70086,0.000,13.043
21510,0,25,0,70180,0.000,13.183
21520,0,25,0,70273,0.000,13.043
21530,0,25,0,70367,0.000,13.183
21540,0,25,0,70460,0.000,13.043
21550,0,25,0,70553,0.000,13.043
21560,0,25,0,70647,0.000,13.183
21570,0,25,0,70740,0.000,13.043
21580,0,25,0,70834,0.000,13.183
21590,0,25,0,70928,0.000,13.183
21600,0,25,0,71021,0.000,13.043
21610,0,25,0,71115,0.000,13.183
21620,0,25,0,71209,0.000,13.183
21630,0,25,0,71302,0.000,13.043
21640,0,25,0,71396,0.000,13.183
21650,0,25,0,71490,0.000,13.183
21660,0,25,0,71585,0.000,13.324
21670,0,25,0,71679,0.000,13.183
21680,0,25,0,71775,0.000,13.464
21690,0,25,0,71870,0.000,13.324
21700,0,25,0,71966,0.000,13.464
21710,0,25,0,72063,0.000,13.604
21720,0,25,0,72159,0.000,13.464
21730,0,25,0,72256,0.000,13.604
21740,0,25,0,72352,0.000,13.464
21750,0,25,0,72449,0.000,13.604
21760,0,25,0,72546,0.000,13.604
21770,0,25,0,72644,0.000,13.744
21780,0,25,0,72742,0.000,13.744
21790,0,25,0,72840,0.000,13.744
21800,0,25,0,72938,0.000,13.744
21810,0,25,0,73037,0.000,13.885
21820,0,25,0,73135,0.000,13.744
21830,0,25,0,73233,0.000,13.744
21840,0,25,0,73330,0.000,13.604
21850,0,25,0,73427,0.000,13.604
21860,0,25,0,73524,0.000,13.604
21870,0,25,0,73620,0.000,13.464
21880,0,25,0,73716,0.000,13.464
21890,0,25,0,73812,0.000,13.464
21900,0,25,0,73907,0.000,13.324
21910,0,25,0,74002,0.000,13.324
21920,0,25,0,74097,0.000,13.324
21930,0,25,0,74191,0.000,13.183
21940,0,25,0,74286,0.000,13.324
21950,0,25,0,74380,0.000,13.183
21960,0,25,0,74474,0.000,13.183
21970,0,25,0,74567,0.000,13.043
21980,0,25,0,74661,0.000,13.183
21990,0,25,0,74755,0.000,13.183
22000,0,25,0,74848,0.000,13.043
22010,0,25,0,74941,0.000,13.043
22020,0,25,0,75035,0.000,13.183
22030,0,25,0,75128,0.000,13.043
22040,0,25,0,75221,0.000,13.043
22050,0,25,0,75315,0.000,13.183
22060,0,25,0,75409,0.000,13.183
22070,0,25,0,75502,0.000,13.043
22080,0,25,0,75596,0.000,13.183
22090,0,25,0,75690,0.000,13.183
22100,0,25,0,75785,0.000,13.324
22110,0,25,0,75879,0.000,13.183
22120,0,25,0,75973,0.000,13.183
22130,0,25,0,76068,0.000,13.324
22140,0,25,0,76163,0.000,13.324
22150,0,25,0,76259,0.000,13.464
22160,0,25,0,76355,0.000,13.464
22170,0,25,0,76451,0.000,13.464
22180,0,25,0,76547,0.000,13.464
22190,0,25,0,76643,0.000,13.464
22200,0,25,0,76740,0.000,13.604
22210,0,25,0,76837,0.000,13.604
22220,0,25,0,76934,0.000,13.604
22230,0,25,0,77031,0.000,13.604
22240,0,25,0,77129,0.000,13.744
22250,0,25,0,77226,0.000,13.604
22260,0,25,0,77324,0.000,13.744
22270,0,25,0,77421,0.000,13.604
22280,0,25,0,77519,0.000,13.744
22290,0,25,0,77616,0.000,13.604
22300,0,25,0,77713,0.000,13.604
22310,0,25,0,77810,0.000,13.604
22320,0,25,0,77907,0.000,13.604
22330,0,25,0,78003,0.000,13.464
22340,0,25,0,78100,0.000,13.604
22350,0,25,0,78196,0.000,13.464
22360,0,25,0,78292,0.000,13.464
22370,0,25,0,78387,0.000,13.324
22380,0,25,0,78483,0.000,13.464
22390,0,25,0,78578,0.000,13.324
22400,0,25,0,78673,0.000,13.324
22410,0,25,0,78768,0.000,13.324
22420,0,25,0,78862,0.000,13.183
22430,0,25,0,78957,0.000,13.324
22440,0,25,0,79051,0.000,13.183
22450,0,25,0,79145,0.000,13.183
22460,0,25,0,79239,0.000,13.183
22470,0,25,0,79333,0.000,13.183
22480,0,25,0,79428,0.000,13.324
22490,0,25,0,79522,0.000,13.183
22500,0,25,0,79616,0.000,13.183
22510,0,25,0,79710,0.000,13.183
22520,0,25,0,79804,0.000,13.183
22530,0,25,0,79898,0.000,13.183
22540,0,25,0,79992,0.000,13.183
22550,0,25,0,80085,0.000,13.043
22560,0,25,0,80179,0.000,13.183
22570,0,25,0,80273,0.000,13.183
22580,0,25,0,80366,0.000,13.043
22590,0,25,0,80460,0.000,13.183
22600,0,25,0,80554,0.000,13.183
22610,0,25,0,80648,0.000,13.183
22620,0,25,0,80743,0.000,13.324
22630,0,25,0,80837,0.000,13.183
22640,0,25,0,80933,0.000,13.464
22650,0,25,0,81028,0.000,13.324
22660,0,25,0,81124,0.000,13.464
22670,0,25,0,81220,0.000,13.464
22680,0,25,0,81317,0.000,13.604
22690,0,25,0,81414,0.000,13.604
22700,0,25,0,81511,0.000,13.604
22710,0,25,0,81609,0.000,13.744
22720,0,25,0,81707,0.000,13.744
22730,0,25,0,81804,0.000,13.604
22740,0,25,0,81902,0.000,13.744
22750,0,25,0,81999,0.000,13.604
22760,0,25,0,82096,0.000,13.604
22770,0,25,0,82193,0.000,13.604
22780,0,25,0,82290,0.000,13.604
22790,0,25,0,82387,0.000,13.604
22800,0,25,0,82484,0.000,13.604
22810,0,25,0,82580,0.000,13.464
22820,0,25,0,82676,0.000,13.464
22830,0,25,0,82771,0.000,13.324
22840,0,25,0,82866,0.000,13.324
22850,0,25,0,82961,0.000,13.324
22860,0,25,0,83055,0.000,13.183
22870,0,25,0,83148,0.000,13.043
22880,0,25,0,83241,0.000,13.043
22890,0,25,0,83335,0.000,13.183
22900,0,25,0,83427,0.000,12.903
22910,0,25,0,83520,0.000,13.043
22920,0,25,0,83613,0.000,13.043
22930,0,25,0,83705,0.000,12.903
22940,0,25,0,83798,0.000,13.043
22950,0,25,0,83891,0.000,13.043
22960,0,25,0,83984,0.000,13.043
22970,0,25,0,84077,0.000,13.043
22980,0,25,0,84170,0.000,13.043
22990,0,25,0,84263,0.000,13.043
23000,0,25,0,84356,0.000,13.043
23010,0,25,0,84449,0.000,13.043
23020,0,25,0,84542,0.000,13.043
23030,0,25,0,84635,0.000,13.043
23040,0,25,0,84729,0.000,13.183
23050,0,25,0,84822,0.000,13.043
23060,0,25,0,84917,0.000,13.324
23070,0,25,0,85011,0.000,13.183
23080,0,25,0,85106,0.000,13.324
23090,0,25,0,85201,0.000,13.324
23100,0,25,0,85296,0.000,13.324
23110,0,25,0,85392,0.000,13.464
23120,0,25,0,85488,0.000,13.464
23130,0,25,0,85584,0.000,13.464
23140,0,25,0,85681,0.000,13.604
23150,0,25,0,85778,0.000,13.604
23160,0,25,0,85875,0.000,13.604
23170,0,25,0,85973,0.000,13.744
23180,0,25,0,86072,0.000,13.885
23190,0,25,0,86170,0.000,13.744
23200,0,25,0,86269,0.000,13.885
23210,0,25,0,86367,0.000,13.744
23220,0,25,0,86465,0.000,13.744
23230,0,25,0,86562,0.000,13.604
23240,0,25,0,86659,0.000,13.604
23250,0,25,0,86756,0.000,13.604
23260,0,25,0,86852,0.000,13.464
23270,0,25,0,86948,0.000,13.464
23280,0,25,0,87043,0.000,13.324
23290,0,25,0,87138,0.000,13.324
23300,0,25,0,87233,0.000,13.324
23310,0,25,0,87327,0.000,13.183
23320,0,25,0,87422,0.000,13.324
23330,0,25,0,87517,0.000,13.324
23340,0,25,0,87611,0.000,13.183
23350,0,25,0,87704,0.000,13.043
23360,0,25,0,87797,0.000,13.043
23370,0,25,0,87890,0.000,13.043
23380,0,25,0,87983,0.000,13.043
23390,0,25,0,88076,0.000,13.043
23400,0,25,0,88169,0.000,13.043
23410,0,25,0,88261,0.000,12.903
23420,0,25,0,88353,0.000,12.903
23430,0,25,0,88445,0.000,12.903
23440,0,25,0,88537,0.000,12.903
23450,0,25,0,88629,0.000,12.903
23460,0,25,0,88720,0.000,12.763
23470,0,25,0,88812,0.000,12.903
23480,0,25,0,88904,0.000,12.903
23490,0,25,0,88996,0.000,12.903
23500,0,25,0,89088,0.000,12.903
23510,0,25,0,89180,0.000,12.903
23520,0,25,0,89272,0.000,12.903
23530,0,25,0,89364,0.000,12.903
23540,0,25,0,89457,0.000,13.043
23550,0,25,0,89550,0.000,13.043
23560,0,25,0,89643,0.000,13.043
23570,0,25,0,89737,0.000,13.183
23580,0,25,0,89832,0.000,13.324
23590,0,25,0,89926,0.000,13.183
23600,0,25,0,90021,0.000,13.324
23610,0,25,0,90116,0.000,13.324
23620,0,25,0,90211,0.000,13.324
23630,0,25,0,90307,0.000,13.464
23640,0,25,0,90403,0.000,13.464
23650,0,25,0,90499,0.000,13.464
23660,0,25,0,90595,0.000,13.464
23670,0,25,0,90692,0.000,13.604
23680,0,25,0,90788,0.000,13.464
23690,0,25,0,90884,0.000,13.464
23700,0,25,0,90979,0.000,13.324
23710,0,25,0,91074,0.000,13.324
23720,0,25,0,91169,0.000,13.324
23730,0,25,0,91264,0.000,13.324
23740,0,25,0,91359,0.000,13.324
23750,0,25,0,91453,0.000,13.183
23760,0,25,0,91547,0.000,13.183
23770,0,25,0,91641,0.000,13.183
23780,0,25,0,91735,0.000,13.183
23790,0,25,0,91828,0.000,13.043
23800,0,25,0,91921,0.000,13.043
23810,0,25,0,92013,0.000,12.903
23820,0,25,0,92105,0.000,12.903
23830,0,25,0,92198,0.000,13.043
23840,0,25,0,92290,0.000,12.903
23850,0,25,0,92382,0.000,12.903
23860,0,25,0,92474,0.000,12.903
23870,0,25,0,92567,0.000,13.043
23880,0,25,0,92659,0.000,12.903
23890,0,25,0,92752,0.000,13.043
23900,0,25,0,92845,0.000,13.043
23910,0,25,0,92938,0.000,13.043
23920,0,25,0,93031,0.000,13.043
23930,0,25,0,93124,0.000,13.043
23940,0,25,0,93218,0.000,13.183
23950,0,25,0,93311,0.000,13.043
23960,0,25,0,93404,0.000,13.043
23970,0,25,0,93497,0.000,13.043
23980,0,25,0,93589,0.000,12.903
23990,0,25,0,93682,0.000,13.043
24000,0,25,0,93775,0.000,13.043
24010,0,0,0,93868,0.000,13.043
24020,0,0,0,93962,0.000,13.183
24030,0,0,0,94054,0.000,12.903
24040,0,0,0,94141,0.000,12.202
24050,0,0,0,94221,0.000,11.220
24060,0,0,0,94289,0.000,9.537
24070,0,0,0,94343,0.000,7.573
24080,0,0,0,94386,0.000,6.031
24090,0,0,0,94419,0.000,4.628
24100,0,0,0,94444,0.000,3.506
24110,0,0,0,94463,0.000,2.665
24120,0,0,0,94477,0.000,1.963
24130,0,0,0,94487,0.000,1.402
24140,0,0,0,94495,0.000,1.122
24150,0,0,0,94501,0.000,0.841
24160,0,0,0,94505,0.000,0.561
24170,0,0,0,94508,0.000,0.421
24180,0,0,0,94510,0.000,0.280
24190,0,0,0,94511,0.000,0.140
24200,0,0,0,94512,0.000,0.140
24210,0,0,0,94512,0.000,0.000
24220,0,0,0,94513,0.000,0.140
24230,0,0,0,94513,0.000,0.000
24240,0,0,0,94514,0.000,0.140
24250,0,0,0,94514,0.000,0.000
24260,0,0,0,94514,0.000,0.000
24270,0,0,0,94515,0.000,0.140
24280,0,0,0,94515,0.000,0.000
24290,0,0,0,94516,0.000,0.140
24300,0,0,0,94516,0.000,0.000
24310,0,0,0,94516,0.000,0.000
24320,0,0,0,94516,0.000,0.000
24330,0,0,0,94516,0.000,0.000
24340,0,0,0,94516,0.000,0.000
24350,0,0,0,94516,0.000,0.000
24360,0,0,0,94516,0.000,0.000
24370,0,0,0,94516,0.000,0.000
24380,0,0,0,94516,0.000,0.000
24390,0,0,0,94516,0.000,0.000
24400,0,0,0,94516,0.000,0.000
24410,0,0,0,94516,0.000,0.000
24420,0,0,0,94516,0.000,0.000
24430,0,0,0,94516,0.000,0.000
24440,0,0,0,94516,0.000,0.000
24450,0,0,0,94516,0.000,0.000
24460,0,0,0,94516,0.000,0.000
24470,0,0,0,94516,0.000,0.000
24480,0,0,0,94516,0.000,0.000
24490,0,0,0,94516,0.000,0.000
24500,0,0,0,94516,0.000,0.000
24510,0,0,0,94516,0.000,0.000
24520,0,0,0,94516,0.000,0.000
24530,0,0,0,94516,0.000,0.000
24540,0,0,0,94516,0.000,0.000
24550,0,0,0,94516,0.000,0.000
24560,0,0,0,94516,0.000,0.000
24570,0,0,0,94516,0.000,0.000
24580,0,0,0,94516,0.000,0.000
24590,0,0,0,94516,0.000,0.000
24600,0,0,0,94516,0.000,0.000
24610,0,0,0,94516,0.000,0.000
24620,0,0,0,94516,0.000,0.000
24630,0,0,0,94516,0.000,0.000
24640,0,0,0,94516,0.000,0.000
24650,0,0,0,94516,0.000,0.000
24660,0,0,0,94516,0.000,0.000
24670,0,0,0,94516,0.000,0.000
24680,0,0,0,94516,0.000,0.000
24690,0,0,0,94516,0.000,0.000
24700,0,0,0,94516,0.000,0.000
24710,0,0,0,94516,0.000,0.000
24720,0,0,0,94516,0.000,0.000
24730,0,0,0,94516,0.000,0.000
24740,0,0,0,94516,0.000,0.000
24750,0,0,0,94516,0.000,0.000
24760,0,0,0,94516,0.000,0.000
24770,0,0,0,94516,0.000,0.000
24780,0,0,0,94516,0.000,0.000
24790,0,0,0,94516,0.000,0.000
24800,0,0,0,94516,0.000,0.000
24810,0,0,0,94516,0.000,0.000
24820,0,0,0,94516,0.000,0.000
24830,0,0,0,94516,0.000,0.000
24840,0,0,0,94516,0.000,0.000
24850,0,0,0,94516,0.000,0.000
24860,0,0,0,94516,0.000,0.000
24870,0,0,0,94516,0.000,0.000
24880,0,0,0,94516,0.000,0.000
24890,0,0,0,94516,0.000,0.000
24900,0,0,0,94516,0.000,0.000
24910,0,0,0,94516,0.000,0.000
24920,0,0,0,94516,0.000,0.000
24930,0,0,0,94516,0.000,0.000
24940,0,0,0,94516,0.000,0.000
24950,0,0,0,94516,0.000,0.000
24960,0,0,0,94516,0.000,0.000
24970,0,0,0,94516,0.000,0.000
24980,0,0,0,94516,0.000,0.000
24990,0,0,0,94516,0.000,0.000
25000,0,0,0,94516,0.000,0.000
25010,0,0,0,94516,0.000,0.000
25020,0,0,0,94516,0.000,0.000
25030,0,0,0,94516,0.000,0.000
25040,0,0,0,94516,0.000,0.000
25050,0,0,0,94516,0.000,0.000
25060,0,0,0,94516,0.000,0.000
25070,0,0,0,94516,0.000,0.000
25080,0,0,0,94516,0.000,0.000
25090,0,0,0,94516,0.000,0.000
25100,0,0,0,94516,0.000,0.000
25110,0,0,0,94516,0.000,0.000
25120,0,0,0,94516,0.000,0.000
25130,0,0,0,94516,0.000,0.000
25140,0,0,0,94516,0.000,0.000
25150,0,0,0,94516,0.000,0.000
25160,0,0,0,94516,0.000,0.000
25170,0,0,0,94516,0.000,0.000
25180,0,0,0,94516,0.000,0.000
25190,0,0,0,94516,0.000,0.000
25200,0,0,0,94516,0.000,0.000
25210,0,0,0,94516,0.000,0.000
25220,0,0,0,94516,0.000,0.000
25230,0,0,0,94516,0.000,0.000
25240,0,0,0,94516,0.000,0.000
25250,0,0,0,94516,0.000,0.000
25260,0,0,0,94516,0.000,0.000
25270,0,0,0,94516,0.000,0.000
25280,0,0,0,94516,0.000,0.000
25290,0,0,0,94516,0.000,0.000
25300,0,0,0,94516,0.000,0.000
25310,0,0,0,94516,0.000,0.000
25320,0,0,0,94516,0.000,0.000
25330,0,0,0,94516,0.000,0.000
25340,0,0,0,94516,0.000,0.000
25350,0,0,0,94516,0.000,0.000
25360,0,0,0,94516,0.000,0.000
25370,0,0,0,94516,0.000,0.000
25380,0,0,0,94516,0.000,0.000
25390,0,0,0,94516,0.000,0.000
25400,0,0,0,94516,0.000,0.000
25410,0,0,0,94516,0.000,0.000
25420,0,0,0,94516,0.000,0.000
25430,0,0,0,94516,0.000,0.000
25440,0,0,0,94516,0.000,0.000
25450,0,0,0,94516,0.000,0.000
25460,0,0,0,94516,0.000,0.000
25470,0,0,0,94516,0.000,0.000
25480,0,0,0,94516,0.000,0.000
25490,0,0,0,94516,0.000,0.000
25500,0,0,0,94516,0.000,0.000
25510,0,0,0,94516,0.000,0.000
25520,0,0,0,94516,0.000,0.000
25530,0,0,0,94516,0.000,0.000
25540,0,0,0,94516,0.000,0.000
25550,0,0,0,94516,0.000,0.000
25560,0,0,0,94516,0.000,0.000
25570,0,0,0,94516,0.000,0.000
25580,0,0,0,94516,0.000,0.000
25590,0,0,0,94516,0.000,0.000
25600,0,0,0,94516,0.000,0.000
25610,0,0,0,94516,0.000,0.000
25620,0,0,0,94516,0.000,0.000
25630,0,0,0,94516,0.000,0.000
25640,0,0,0,94516,0.000,0.000
25650,0,0,0,94516,0.000,0.000
25660,0,0,0,94516,0.000,0.000
25670,0,0,0,94516,0.000,0.000
25680,0,0,0,94516,0.000,0.000
25690,0,0,0,94516,0.000,0.000
25700,0,0,0,94516,0.000,0.000
25710,0,0,0,94516,0.000,0.000
25720,0,0,0,94516,0.000,0.000
25730,0,0,0,94516,0.000,0.000
25740,0,0,0,94516,0.000,0.000
25750,0,0,0,94516,0.000,0.000
25760,0,0,0,94516,0.000,0.000
25770,0,0,0,94516,0.000,0.000
25780,0,0,0,94516,0.000,0.000
25790,0,0,0,94516,0.000,0.000
25800,0,0,0,94516,0.000,0.000
25810,0,0,0,94516,0.000,0.000
25820,0,0,0,94516,0.000,0.000
25830,0,0,0,94516,0.000,0.000
25840,0,0,0,94516,0.000,0.000
25850,0,0,0,94516,0.000,0.000
25860,0,0,0,94516,0.000,0.000
25870,0,0,0,94516,0.000,0.000
25880,0,0,0,94516,0.000,0.000
25890,0,0,0,94516,0.000,0.000
25900,0,0,0,94516,0.000,0.000
25910,0,0,0,94516,0.000,0.000
25920,0,0,0,94516,0.000,0.000
25930,0,0,0,94516,0.000,0.000
25940,0,0,0,94516,0.000,0.000
25950,0,0,0,94516,0.000,0.000
25960,0,0,0,94516,0.000,0.000
25970,0,0,0,94516,0.000,0.000
25980,0,0,0,94516,0.000,0.000
25990,0,0,0,94516,0.000,0.000
26000,0,0,0,94516,0.000,0.000
26010,0,0,0,94516,0.000,0.000
26020,0,0,0,94516,0.000,0.000
26030,0,0,0,94516,0.000,0.000
26040,0,0,0,94516,0.000,0.000
26050,0,0,0,94516,0.000,0.000
26060,0,0,0,94516,0.000,0.000
26070,0,0,0,94516,0.000,0.000
26080,0,0,0,94516,0.000,0.000
26090,0,0,0,94516,0.000,0.000
26100,0,0,0,94516,0.000,0.000
26110,0,0,0,94516,0.000,0.000
26120,0,0,0,94516,0.000,0.000
26130,0,0,0,94516,0.000,0.000
26140,0,0,0,94516,0.000,0.000
26150,0,0,0,94516,0.000,0.000
26160,0,0,0,94516,0.000,0.000
26170,0,0,0,94516,0.000,0.000
26180,0,0,0,94516,0.000,0.000
26190,0,0,0,94516,0.000,0.000
26200,0,0,0,94516,0.000,0.000
26210,0,0,0,94516,0.000,0.000
26220,0,0,0,94516,0.000,0.000
26230,0,0,0,94516,0.000,0.000
26240,0,0,0,94516,0.000,0.000
26250,0,0,0,94516,0.000,0.000
26260,0,0,0,94516,0.000,0.000
26270,0,0,0,94516,0.000,0.000
26280,0,0,0,94516,0.000,0.000
26290,0,0,0,94516,0.000,0.000
26300,0,0,0,94516,0.000,0.000
26310,0,0,0,94516,0.000,0.000
26320,0,0,0,94516,0.000,0.000
26330,0,0,0,94516,0.000,0.000
26340,0,0,0,94516,0.000,0.000
26350,0,0,0,94516,0.000,0.000
26360,0,0,0,94516,0.000,0.000
26370,0,0,0,94516,0.000,0.000
26380,0,0,0,94516,0.000,0.000
26390,0,0,0,94516,0.000,0.000
26400,0,0,0,94516,0.000,0.000
26410,0,0,0,94516,0.000,0.000
26420,0,0,0,94516,0.000,0.000
26430,0,0,0,94516,0.000,0.000
26440,0,0,0,94516,0.000,0.000
26450,0,0,0,94516,0.000,0.000
26460,0,0,0,94516,0.000,0.000
26470,0,0,0,94516,0.000,0.000
26480,0,0,0,94516,0.000,0.000
26490,0,0,0,94516,0.000,0.000
26500,0,0,0,94516,0.000,0.000
26510,0,0,0,94516,0.000,0.000
26520,0,0,0,94516,0.000,0.000
26530,0,0,0,94516,0.000,0.000
26540,0,0,0,94516,0.000,0.000
26550,0,0,0,94516,0.000,0.000
26560,0,0,0,94516,0.000,0.000
26570,0,0,0,94516,0.000,0.000
26580,0,0,0,94516,0.000,0.000
26590,0,0,0,94516,0.000,0.000
26600,0,0,0,94516,0.000,0.000
26610,0,0,0,94516,0.000,0.000
26620,0,0,0,94516,0.000,0.000
26630,0,0,0,94516,0.000,0.000
26640,0,0,0,94516,0.000,0.000
26650,0,0,0,94516,0.000,0.000
26660,0,0,0,94516,0.000,0.000
26670,0,0,0,94516,0.000,0.000
26680,0,0,0,94516,0.000,0.000
26690,0,0,0,94516,0.000,0.000
26700,0,0,0,94516,0.000,0.000
26710,0,0,0,94516,0.000,0.000
26720,0,0,0,94516,0.000,0.000
26730,0,0,0,94516,0.000,0.000
26740,0,0,0,94516,0.000,0.000
26750,0,0,0,94516,0.000,0.000
26760,0,0,0,94516,0.000,0.000
26770,0,0,0,94516,0.000,0.000
26780,0,0,0,94516,0.000,0.000
26790,0,0,0,94516,0.000,0.000
26800,0,0,0,94516,0.000,0.000
26810,0,0,0,94516,0.000,0.000
26820,0,0,0,94516,0.000,0.000
26830,0,0,0,94516,0.000,0.000
26840,0,0,0,94516,0.000,0.000
26850,0,0,0,94516,0.000,0.000
26860,0,0,0,94516,0.000,0.000
26870,0,0,0,94516,0.000,0.000
26880,0,0,0,94516,0.000,0.000
26890,0,0,0,94516,0.000,0.000
26900,0,0,0,94516,0.000,0.000
26910,0,0,0,94516,0.000,0.000
26920,0,0,0,94516,0.000,0.000
26930,0,0,0,94516,0.000,0.000
26940,0,0,0,94516,0.000,0.000
26950,0,0,0,94516,0.000,0.000
26960,0,0,0,94516,0.000,0.000
26970,0,0,0,94516,0.000,0.000
26980,0,0,0,94516,0.000,0.000
26990,0,0,0,94516,0.000,0.000
27000,0,0,0,94516,0.000,0.000
27010,0,25,0,94516,0.000,0.000
27020,0,25,0,94516,0.000,0.000
27030,0,25,0,94518,0.000,0.280
27040,0,25,0,94527,0.000,1.262
27050,0,25,0,94546,0.000,2.665
27060,0,25,0,94576,0.000,4.207
27070,0,25,0,94611,0.000,4.909
27080,0,25,0,94653,0.000,5.890
27090,0,25,0,94701,0.000,6.732
27100,0,25,0,94754,0.000,7.433
27110,0,25,0,94814,0.000,8.415
27120,0,25,0,94880,0.000,9.256
27130,0,25,0,94952,0.000,10.098
27140,0,25,0,95028,0.000,10.659
27150,0,25,0,95109,0.000,11.360
27160,0,25,0,95191,0.000,11.500
27170,0,25,0,95277,0.000,12.061
27180,0,25,0,95363,0.000,12.061
27190,0,25,0,95451,0.000,12.342
27200,0,25,0,95541,0.000,12.622
27210,0,25,0,95632,0.000,12.763
27220,0,25,0,95723,0.000,12.763
27230,0,25,0,95815,0.000,12.903
27240,0,25,0,95907,0.000,12.903
27250,0,25,0,96000,0.000,13.043
27260,0,25,0,96092,0.000,12.903
27270,0,25,0,96185,0.000,13.043
27280,0,25,0,96278,0.000,13.043
27290,0,25,0,96371,0.000,13.043
27300,0,25,0,96464,0.000,13.043
27310,0,25,0,96557,0.000,13.043
27320,0,25,0,96650,0.000,13.043
27330,0,25,0,96743,0.000,13.043
27340,0,25,0,96836,0.000,13.043
27350,0,25,0,96929,0.000,13.043
27360,0,25,0,97022,0.000,13.043
27370,0,25,0,97115,0.000,13.043
27380,0,25,0,97208,0.000,13.043
27390,0,25,0,97301,0.000,13.043
27400,0,25,0,97395,0.000,13.183
27410,0,25,0,97488,0.000,13.043
27420,0,25,0,97582,0.000,13.183
27430,0,25,0,97676,0.000,13.183
27440,0,25,0,97770,0.000,13.183
27450,0,25,0,97863,0.000,13.043
27460,0,25,0,97957,0.000,13.183
27470,0,25,0,98051,0.000,13.183
27480,0,25,0,98145,0.000,13.183
27490,0,25,0,98240,0.000,13.324
27500,0,25,0,98334,0.000,13.183
27510,0,25,0,98428,0.000,13.183
27520,0,25,0,98523,0.000,13.324
27530,0,25,0,98618,0.000,13.324
27540,0,25,0,98713,0.000,13.324
27550,0,25,0,98809,0.000,13.464
27560,0,25,0,98904,0.000,13.324
27570,0,25,0,99000,0.000,13.464
27580,0,25,0,99096,0.000,13.464
27590,0,25,0,99192,0.000,13.464
27600,0,25,0,99289,0.000,13.604
27610,0,25,0,99385,0.000,13.464
27620,0,25,0,99483,0.000,13.744
27630,0,25,0,99581,0.000,13.744
27640,0,25,0,99678,0.000,13.604
27650,0,25,0,99776,0.000,13.744
27660,0,25,0,99873,0.000,13.604
27670,0,25,0,99971,0.000,13.744
27680,0,25,0,100068,0.000,13.604
27690,0,25,0,100165,0.000,13.604
27700,0,25,0,100262,0.000,13.604
27710,0,25,0,100359,0.000,13.604
27720,0,25,0,100455,0.000,13.464
27730,0,25,0,100551,0.000,13.464
27740,0,25,0,100647,0.000,13.464
27750,0,25,0,100741,0.000,13.183
27760,0,25,0,100836,0.000,13.324
27770,0,25,0,100931,0.000,13.324
27780,0,25,0,101024,0.000,13.043
27790,0,25,0,101117,0.000,13.043
27800,0,25,0,101210,0.000,13.043
27810,0,25,0,101303,0.000,13.043
27820,0,25,0,101395,0.000,12.903
27830,0,25,0,101487,0.000,12.903
27840,0,25,0,101579,0.000,12.903
27850,0,25,0,101672,0.000,13.043
27860,0,25,0,101764,0.000,12.903
27870,0,25,0,101856,0.000,12.903
27880,0,25,0,101948,0.000,12.903
27890,0,25,0,102040,0.000,12.903
27900,0,25,0,102132,0.000,12.903
27910,0,25,0,102224,0.000,12.903
27920,0,25,0,102316,0.000,12.903
27930,0,25,0,102408,0.000,12.903
27940,0,25,0,102501,0.000,13.043
27950,0,25,0,102593,0.000,12.903
27960,0,25,0,102686,0.000,13.043
27970,0,25,0,102779,0.000,13.043
27980,0,25,0,102872,0.000,13.043
27990,0,25,0,102965,0.000,13.043
28000,0,25,0,103059,0.000,13.183
28010,0,25,0,103153,0.000,13.183
28020,0,25,0,103248,0.000,13.324
28030,0,25,0,103343,0.000,13.324
28040,0,25,0,103437,0.000,13.183
28050,0,25,0,103533,0.000,13.464
28060,0,25,0,103629,0.000,13.464
28070,0,25,0,103725,0.000,13.464
28080,0,25,0,103823,0.000,13.744
28090,0,25,0,103920,0.000,13.604
28100,0,25,0,104017,0.000,13.604
28110,0,25,0,104116,0.000,13.885
28120,0,25,0,104214,0.000,13.744
28130,0,25,0,104312,0.000,13.744
28140,0,25,0,104410,0.000,13.744
28150,0,25,0,104508,0.000,13.744
28160,0,25,0,104605,0.000,13.604
28170,0,25,0,104703,0.000,13.744
28180,0,25,0,104800,0.000,13.604
28190,0,25,0,104897,0.000,13.604
28200,0,25,0,104994,0.000,13.604
28210,0,25,0,105090,0.000,13.464
28220,0,25,0,105186,0.000,13.464
28230,0,25,0,105282,0.000,13.464
28240,0,25,0,105378,0.000,13.464
28250,0,25,0,105473,0.000,13.324
28260,0,25,0,105568,0.000,13.324
28270,0,25,0,105662,0.000,13.183
28280,0,25,0,105756,0.000,13.183
28290,0,25,0,105849,0.000,13.043
28300,0,25,0,105942,0.000,13.043
28310,0,25,0,106035,0.000,13.043
28320,0,25,0,106128,0.000,13.043
28330,0,25,0,106221,0.000,13.043
28340,0,25,0,106314,0.000,13.043
28350,0,25,0,106407,0.000,13.043
28360,0,25,0,106500,0.000,13.043
28370,0,25,0,106594,0.000,13.183
28380,0,25,0,106688,0.000,13.183
28390,0,25,0,106781,0.000,13.043
28400,0,25,0,106875,0.000,13.183
28410,0,25,0,106969,0.000,13.183
28420,0,25,0,107064,0.000,13.324
28430,0,25,0,107158,0.000,13.183
28440,0,25,0,107252,0.000,13.183
28450,0,25,0,107347,0.000,13.324
28460,0,25,0,107441,0.000,13.183
28470,0,25,0,107536,0.000,13.324
28480,0,25,0,107632,0.000,13.464
28490,0,25,0,107727,0.000,13.324
28500,0,25,0,107823,0.000,13.464
28510,0,25,0,107919,0.000,13.464
28520,0,25,0,108016,0.000,13.604
28530,0,25,0,108112,0.000,13.464
28540,0,25,0,108209,0.000,13.604
28550,0,25,0,108306,0.000,13.604
28560,0,25,0,108404,0.000,13.744
28570,0,25,0,108501,0.000,13.604
28580,0,25,0,108599,0.000,13.744
28590,0,25,0,108697,0.000,13.744
28600,0,25,0,108794,0.000,13.604
28610,0,25,0,108891,0.000,13.604
28620,0,25,0,108989,0.000,13.744
28630,0,25,0,109086,0.000,13.604
28640,0,25,0,109182,0.000,13.464
28650,0,25,0,109279,0.000,13.604
28660,0,25,0,109375,0.000,13.464
28670,0,25,0,109471,0.000,13.464
28680,0,25,0,109567,0.000,13.464
28690,0,25,0,109663,0.000,13.464
28700,0,25,0,109759,0.000,13.464
28710,0,25,0,109856,0.000,13.604
28720,0,25,0,109952,0.000,13.464
28730,0,25,0,110049,0.000,13.604
28740,0,25,0,110145,0.000,13.464
28750,0,25,0,110240,0.000,13.324
28760,0,25,0,110335,0.000,13.324
28770,0,25,0,110429,0.000,13.183
28780,0,25,0,110523,0.000,13.183
28790,0,25,0,110617,0.000,13.183
28800,0,25,0,110710,0.000,13.043
28810,0,25,0,110804,0.000,13.183
28820,0,25,0,110897,0.000,13.043
28830,0,25,0,110991,0.000,13.183
28840,0,25,0,111084,0.000,13.043
28850,0,25,0,111177,0.000,13.043
28860,0,25,0,111270,0.000,13.043
28870,0,25,0,111364,0.000,13.183
28880,0,25,0,111457,0.000,13.043
28890,0,25,0,111550,0.000,13.043
28900,0,25,0,111643,0.000,13.043
28910,0,25,0,111737,0.000,13.183
28920,0,25,0,111831,0.000,13.183
28930,0,25,0,111925,0.000,13.183
28940,0,25,0,112020,0.000,13.324
28950,0,25,0,112116,0.000,13.464
28960,0,25,0,112211,0.000,13.324
28970,0,25,0,112307,0.000,13.464
28980,0,25,0,112404,0.000,13.604
28990,0,25,0,112500,0.000,13.464
29000,0,25,0,112597,0.000,13.604
29010,0,25,0,112695,0.000,13.744
29020,0,25,0,112792,0.000,13.604
29030,0,25,0,112890,0.000,13.744
29040,0,25,0,112988,0.000,13.744
29050,0,25,0,113087,0.000,13.885
29060,0,25,0,113184,0.000,13.604
29070,0,25,0,113282,0.000,13.744
29080,0,25,0,113380,0.000,13.744
29090,0,25,0,113478,0.000,13.744
29100,0,25,0,113575,0.000,13.604
29110,0,25,0,113672,0.000,13.604
29120,0,25,0,113769,0.000,13.604
29130,0,25,0,113866,0.000,13.604
29140,0,25,0,113962,0.000,13.464
29150,0,25,0,114058,0.000,13.464
29160,0,25,0,114153,0.000,13.324
29170,0,25,0,114249,0.000,13.464
29180,0,25,0,114344,0.000,13.324
29190,0,25,0,114438,0.000,13.183
29200,0,25,0,114532,0.000,13.183
29210,0,25,0,114625,0.000,13.043
29220,0,25,0,114719,0.000,13.183
29230,0,25,0,114812,0.000,13.043
29240,0,25,0,114905,0.000,13.043
29250,0,25,0,114998,0.000,13.043
29260,0,25,0,115091,0.000,13.043
29270,0,25,0,115184,0.000,13.043
29280,0,25,0,115277,0.000,13.043
29290,0,25,0,115370,0.000,13.043
29300,0,25,0,115462,0.000,12.903
29310,0,25,0,115555,0.000,13.043
29320,0,25,0,115648,0.000,13.043
29330,0,25,0,115740,0.000,12.903
29340,0,25,0,115833,0.000,13.043
29350,0,25,0,115926,0.000,13.043
29360,0,25,0,116019,0.000,13.043
29370,0,25,0,116112,0.000,13.043
29380,0,25,0,116205,0.000,13.043
29390,0,25,0,116299,0.000,13.183
29400,0,25,0,116392,0.000,13.043
29410,0,25,0,116487,0.000,13.324
29420,0,25,0,116581,0.000,13.183
29430,0,25,0,116677,0.000,13.464
29440,0,25,0,116772,0.000,13.324
29450,0,25,0,116868,0.000,13.464
29460,0,25,0,116965,0.000,13.604
29470,0,25,0,117061,0.000,13.464
29480,0,25,0,117158,0.000,13.604
29490,0,25,0,117256,0.000,13.744
29500,0,25,0,117354,0.000,13.744
29510,0,25,0,117452,0.000,13.744
29520,0,25,0,117551,0.000,13.885
29530,0,25,0,117650,0.000,13.885
29540,0,25,0,117748,0.000,13.744
29550,0,25,0,117847,0.000,13.885
29560,0,25,0,117945,0.000,13.744
29570,0,25,0,118043,0.000,13.744
29580,0,25,0,118140,0.000,13.604
29590,0,25,0,118237,0.000,13.604
29600,0,25,0,118334,0.000,13.604
29610,0,25,0,118430,0.000,13.464
29620,0,25,0,118526,0.000,13.464
29630,0,25,0,118622,0.000,13.464
29640,0,25,0,118717,0.000,13.324
29650,0,25,0,118812,0.000,13.324
29660,0,25,0,118907,0.000,13.324
29670,0,25,0,119001,0.000,13.183
29680,0,25,0,119094,0.000,13.043
29690,0,25,0,119188,0.000,13.183
29700,0,25,0,119281,0.000,13.043
29710,0,25,0,119374,0.000,13.043
29720,0,25,0,119468,0.000,13.183
29730,0,25,0,119560,0.000,12.903
29740,0,25,0,119653,0.000,13.043
29750,0,25,0,119746,0.000,13.043
29760,0,25,0,119838,0.000,12.903
29770,0,25,0,119931,0.000,13.043
29780,0,25,0,120024,0.000,13.043
29790,0,25,0,120116,0.000,12.903
29800,0,25,0,120209,0.000,13.043
29810,0,25,0,120302,0.000,13.043
29820,0,25,0,120395,0.000,13.043
29830,0,25,0,120489,0.000,13.183
29840,0,25,0,120582,0.000,13.043
29850,0,25,0,120676,0.000,13.183
29860,0,25,0,120769,0.000,13.043
29870,0,25,0,120864,0.000,13.324
29880,0,25,0,120957,0.000,13.043
29890,0,25,0,121053,0.000,13.464
29900,0,25,0,121148,0.000,13.324
29910,0,25,0,121243,0.000,13.324
29920,0,25,0,121338,0.000,13.324
29930,0,25,0,121434,0.000,13.464
29940,0,25,0,121531,0.000,13.604
29950,0,25,0,121627,0.000,13.464
29960,0,25,0,121725,0.000,13.744
29970,0,25,0,121822,0.000,13.604
29980,0,25,0,121920,0.000,13.744
29990,0,25,0,122019,0.000,13.885
30000,0,25,0,122117,0.000,13.744
30010,0,25,0,122215,0.000,13.744
30020,0,25,0,122313,0.000,13.744
30030,0,25,0,122410,0.000,13.604
30040,0,25,0,122507,0.000,13.604
30050,0,25,0,122604,0.000,13.604
30060,0,25,0,122701,0.000,13.604
30070,0,25,0,122797,0.000,13.464
30080,0,25,0,122893,0.000,13.464
30090,0,25,0,122989,0.000,13.464
30100,0,25,0,123085,0.000,13.464
30110,0,25,0,123180,0.000,13.324
30120,0,25,0,123275,0.000,13.324
30130,0,25,0,123369,0.000,13.183
30140,0,25,0,123463,0.000,13.183
30150,0,25,0,123557,0.000,13.183
30160,0,25,0,123650,0.000,13.043
30170,0,25,0,123743,0.000,13.043
30180,0,25,0,123835,0.000,12.903
30190,0,25,0,123928,0.000,13.043
30200,0,25,0,124020,0.000,12.903
30210,0,25,0,124112,0.000,12.903
30220,0,25,0,124205,0.000,13.043
30230,0,25,0,124297,0.000,12.903
30240,0,25,0,124391,0.000,13.183
30250,0,25,0,124483,0.000,12.903
30260,0,25,0,124577,0.000,13.183
30270,0,25,0,124669,0.000,12.903
30280,0,25,0,124763,0.000,13.183
30290,0,25,0,124856,0.000,13.043
30300,0,25,0,124949,0.000,13.043
30310,0,25,0,125043,0.000,13.183
30320,0,25,0,125136,0.000,13.043
30330,0,25,0,125231,0.000,13.324
30340,0,25,0,125325,0.000,13.183
30350,0,25,0,125419,0.000,13.183
30360,0,25,0,125514,0.000,13.324
30370,0,25,0,125609,0.000,13.324
30380,0,25,0,125705,0.000,13.464
30390,0,25,0,125801,0.000,13.464
30400,0,25,0,125897,0.000,13.464
30410,0,25,0,125994,0.000,13.604
30420,0,25,0,126091,0.000,13.604
30430,0,25,0,126188,0.000,13.604
30440,0,25,0,126286,0.000,13.744
30450,0,25,0,126384,0.000,13.744
30460,0,25,0,126482,0.000,13.744
30470,0,25,0,126580,0.000,13.744
30480,0,25,0,126678,0.000,13.744
30490,0,25,0,126776,0.000,13.744
30500,0,25,0,126874,0.000,13.744
30510,0,25,0,126972,0.000,13.744
30520,0,25,0,127069,0.000,13.604
30530,0,25,0,127165,0.000,13.464
30540,0,25,0,127262,0.000,13.604
30550,0,25,0,127359,0.000,13.604
30560,0,25,0,127455,0.000,13.464
30570,0,25,0,127551,0.000,13.464
30580,0,25,0,127647,0.000,13.464
30590,0,25,0,127743,0.000,13.464
30600,0,25,0,127838,0.000,13.324
30610,0,25,0,127933,0.000,13.324
30620,0,25,0,128028,0.000,13.324
30630,0,25,0,128122,0.000,13.183
30640,0,25,0,128216,0.000,13.183
30650,0,25,0,128309,0.000,13.043
30660,0,25,0,128402,0.000,13.043
30670,0,25,0,128495,0.000,13.043
30680,0,25,0,128587,0.000,12.903
30690,0,25,0,128680,0.000,13.043
30700,0,25,0,128772,0.000,12.903
30710,0,25,0,128865,0.000,13.043
30720,0,25,0,128957,0.000,12.903
30730,0,25,0,129049,0.000,12.903
30740,0,25,0,129143,0.000,13.183
30750,0,25,0,129235,0.000,12.903
30760,0,25,0,129328,0.000,13.043
30770,0,25,0,129421,0.000,13.043
30780,0,25,0,129515,0.000,13.183
30790,0,25,0,129608,0.000,13.043
30800,0,25,0,129702,0.000,13.183
30810,0,25,0,129796,0.000,13.183
30820,0,25,0,129891,0.000,13.324
30830,0,25,0,129986,0.000,13.324
30840,0,25,0,130081,0.000,13.324
30850,0,25,0,130177,0.000,13.464
30860,0,25,0,130273,0.000,13.464
30870,0,25,0,130369,0.000,13.464
30880,0,25,0,130465,0.000,13.464
30890,0,25,0,130561,0.000,13.464
30900,0,25,0,130658,0.000,13.604
30910,0,25,0,130755,0.000,13.604
30920,0,25,0,130852,0.000,13.604
30930,0,25,0,130950,0.000,13.744
30940,0,25,0,131048,0.000,13.744
30950,0,25,0,131145,0.000,13.604
30960,0,25,0,131243,0.000,13.744
30970,0,25,0,131340,0.000,13.604
30980,0,25,0,131437,0.000,13.604
30990,0,25,0,131534,0.000,13.604
31000,0,25,0,131630,0.000,13.464
31010,0,25,0,131726,0.000,13.464
31020,0,25,0,131822,0.000,13.464
31030,0,25,0,131918,0.000,13.464
31040,0,25,0,132013,0.000,13.324
31050,0,25,0,132109,0.000,13.464
31060,0,25,0,132204,0.000,13.324
31070,0,25,0,132299,0.000,13.324
31080,0,25,0,132393,0.000,13.183
31090,0,25,0,132487,0.000,13.183
31100,0,25,0,132581,0.000,13.183
31110,0,25,0,132675,0.000,13.183
31120,0,25,0,132768,0.000,13.043
31130,0,25,0,132860,0.000,12.903
31140,0,25,0,132953,0.000,13.043
31150,0,25,0,133045,0.000,12.903
31160,0,25,0,133138,0.000,13.043
31170,0,25,0,133231,0.000,13.043
31180,0,25,0,133323,0.000,12.903
31190,0,25,0,133416,0.000,13.043
31200,0,25,0,133508,0.000,12.903
31210,0,25,0,133600,0.000,12.903
31220,0,25,0,133693,0.000,13.043
31230,0,25,0,133785,0.000,12.903
31240,0,25,0,133878,0.000,13.043
31250,0,25,0,133972,0.000,13.183
31260,0,25,0,134065,0.000,13.043
31270,0,25,0,134159,0.000,13.183
31280,0,25,0,134254,0.000,13.324
31290,0,25,0,134348,0.000,13.183
31300,0,25,0,134444,0.000,13.464
31310,0,25,0,134540,0.000,13.464
31320,0,25,0,134636,0.000,13.464
31330,0,25,0,134732,0.000,13.464
31340,0,25,0,134828,0.000,13.464
31350,0,25,0,134924,0.000,13.464
31360,0,25,0,135021,0.000,13.604
31370,0,25,0,135119,0.000,13.744
31380,0,25,0,135216,0.000,13.604
31390,0,25,0,135314,0.000,13.744
31400,0,25,0,135412,0.000,13.744
31410,0,25,0,135511,0.000,13.885
31420,0,25,0,135609,0.000,13.744
31430,0,25,0,135707,0.000,13.744
31440,0,25,0,135805,0.000,13.744
31450,0,25,0,135903,0.000,13.744
31460,0,25,0,136001,0.000,13.744
31470,0,25,0,136098,0.000,13.604
31480,0,25,0,136195,0.000,13.604
31490,0,25,0,136292,0.000,13.604
31500,0,25,0,136388,0.000,13.464
31510,0,25,0,136484,0.000,13.464
31520,0,25,0,136579,0.000,13.324
31530,0,25,0,136674,0.000,13.324
31540,0,25,0,136769,0.000,13.324
31550,0,25,0,136864,0.000,13.324
31560,0,25,0,136958,0.000,13.183
31570,0,25,0,137052,0.000,13.183
31580,0,25,0,137145,0.000,13.043
31590,0,25,0,137238,0.000,13.043
31600,0,25,0,137332,0.000,13.183
31610,0,25,0,137425,0.000,13.043
31620,0,25,0,137518,0.000,13.043
31630,0,25,0,137611,0.000,13.043
31640,0,25,0,137705,0.000,13.183
31650,0,25,0,137798,0.000,13.043
31660,0,25,0,137892,0.000,13.183
31670,0,25,0,137985,0.000,13.043
31680,0,25,0,138079,0.000,13.183
31690,0,25,0,138173,0.000,13.183
31700,0,25,0,138266,0.000,13.043
31710,0,25,0,138360,0.000,13.183
31720,0,25,0,138453,0.000,13.043
31730,0,25,0,138547,0.000,13.183
31740,0,25,0,138641,0.000,13.183
31750,0,25,0,138736,0.000,13.324
31760,0,25,0,138830,0.000,13.183
31770,0,25,0,138926,0.000,13.464
31780,0,25,0,139021,0.000,13.324
31790,0,25,0,139117,0.000,13.464
31800,0,25,0,139214,0.000,13.604
31810,0,25,0,139310,0.000,13.464
31820,0,25,0,139406,0.000,13.464
31830,0,25,0,139503,0.000,13.604
31840,0,25,0,139600,0.000,13.604
31850,0,25,0,139697,0.000,13.604
31860,0,25,0,139794,0.000,13.604
31870,0,25,0,139892,0.000,13.744
31880,0,25,0,139990,0.000,13.744
31890,0,25,0,140088,0.000,13.744
31900,0,25,0,140185,0.000,13.604
31910,0,25,0,140281,0.000,13.464
31920,0,25,0,140377,0.000,13.464
31930,0,25,0,140473,0.000,13.464
31940,0,25,0,140569,0.000,13.464
31950,0,25,0,140664,0.000,13.324
31960,0,25,0,140759,0.000,13.324
31970,0,25,0,140853,0.000,13.183
31980,0,25,0,140948,0.000,13.324
31990,0,25,0,141041,0.000,13.043
32000,0,25,0,141134,0.000,13.043
32010,0,25,0,141227,0.000,13.043
32020,0,25,0,141319,0.000,12.903
32030,0,25,0,141411,0.000,12.903
32040,0,25,0,141503,0.000,12.903
32050,0,25,0,141595,0.000,12.903
32060,0,25,0,141687,0.000,12.903
32070,0,25,0,141779,0.000,12.903
32080,0,25,0,141871,0.000,12.903
32090,0,25,0,141964,0.000,13.043
32100,0,25,0,142056,0.000,12.903
32110,0,25,0,142149,0.000,13.043
32120,0,25,0,142242,0.000,13.043
32130,0,25,0,142335,0.000,13.043
32140,0,25,0,142428,0.000,13.043
32150,0,25,0,142521,0.000,13.043
32160,0,25,0,142614,0.000,13.043
32170,0,25,0,142707,0.000,13.043
32180,0,25,0,142800,0.000,13.043
32190,0,25,0,142894,0.000,13.183
32200,0,25,0,142987,0.000,13.043
32210,0,25,0,143081,0.000,13.183
32220,0,25,0,143175,0.000,13.183
32230,0,25,0,143269,0.000,13.183
32240,0,25,0,143364,0.000,13.324
32250,0,25,0,143459,0.000,13.324
32260,0,25,0,143554,0.000,13.324
32270,0,25,0,143649,0.000,13.324
32280,0,25,0,143745,0.000,13.464
32290,0,25,0,143841,0.000,13.464
32300,0,25,0,143937,0.000,13.464
32310,0,25,0,144033,0.000,13.464
32320,0,25,0,144130,0.000,13.604
32330,0,25,0,144227,0.000,13.604
32340,0,25,0,144324,0.000,13.604
32350,0,25,0,144422,0.000,13.744
32360,0,25,0,144520,0.000,13.744
32370,0,25,0,144618,0.000,13.744
32380,0,25,0,144716,0.000,13.744
32390,0,25,0,144814,0.000,13.744
32400,0,25,0,144911,0.000,13.604
32410,0,25,0,145008,0.000,13.604
32420,0,25,0,145105,0.000,13.604
32430,0,25,0,145201,0.000,13.464
32440,0,25,0,145296,0.000,13.324
32450,0,25,0,145392,0.000,13.464
32460,0,25,0,145487,0.000,13.324
32470,0,25,0,145581,0.000,13.183
32480,0,25,0,145675,0.000,13.183
32490,0,25,0,145769,0.000,13.183
32500,0,25,0,145862,0.000,13.043
32510,0,25,0,145955,0.000,13.043
32520,0,25,0,146048,0.000,13.043
32530,0,25,0,146141,0.000,13.043
32540,0,25,0,146233,0.000,12.903
32550,0,25,0,146326,0.000,13.043
32560,0,25,0,146418,0.000,12.903
32570,0,25,0,146511,0.000,13.043
32580,0,25,0,146604,0.000,13.043
32590,0,25,0,146696,0.000,12.903
32600,0,25,0,146789,0.000,13.043
32610,0,25,0,146881,0.000,12.903
32620,0,25,0,146974,0.000,13.043
32630,0,25,0,147067,0.000,13.043
32640,0,25,0,147159,0.000,12.903
32650,0,25,0,147252,0.000,13.043
32660,0,25,0,147345,0.000,13.043
32670,0,25,0,147438,0.000,13.043
32680,0,25,0,147531,0.000,13.043
32690,0,25,0,147625,0.000,13.183
32700,0,25,0,147719,0.000,13.183
32710,0,25,0,147813,0.000,13.183
32720,0,25,0,147908,0.000,13.324
32730,0,25,0,148003,0.000,13.324
32740,0,25,0,148098,0.000,13.324
32750,0,25,0,148194,0.000,13.464
32760,0,25,0,148290,0.000,13.464
32770,0,25,0,148386,0.000,13.464
32780,0,25,0,148483,0.000,13.604
32790,0,25,0,148580,0.000,13.604
32800,0,25,0,148677,0.000,13.604
32810,0,25,0,148776,0.000,13.885
32820,0,25,0,148874,0.000,13.744
32830,0,25,0,148973,0.000,13.885
32840,0,25,0,149071,0.000,13.744
32850,0,25,0,149169,0.000,13.744
32860,0,25,0,149266,0.000,13.604
32870,0,25,0,149364,0.000,13.744
32880,0,25,0,149460,0.000,13.464
32890,0,25,0,149557,0.000,13.604
32900,0,25,0,149653,0.000,13.464
32910,0,25,0,149749,0.000,13.464
32920,0,25,0,149844,0.000,13.324
32930,0,25,0,149939,0.000,13.324
32940,0,25,0,150034,0.000,13.324
32950,0,25,0,150129,0.000,13.324
32960,0,25,0,150223,0.000,13.183
32970,0,25,0,150318,0.000,13.324
32980,0,25,0,150412,0.000,13.183
32990,0,25,0,150505,0.000,13.043
33000,0,25,0,150598,0.000,13.043
33010,0,25,0,150691,0.000,13.043
33020,0,25,0,150785,0.000,13.183
33030,0,25,0,150877,0.000,12.903
33040,0,25,0,150970,0.000,13.043
33050,0,25,0,151063,0.000,13.043
33060,0,25,0,151156,0.000,13.043
33070,0,25,0,151249,0.000,13.043
33080,0,25,0,151342,0.000,13.043
33090,0,25,0,151435,0.000,13.043
33100,0,25,0,151529,0.000,13.183
33110,0,25,0,151621,0.000,12.903
33120,0,25,0,151715,0.000,13.183
33130,0,25,0,151808,0.000,13.043
33140,0,25,0,151901,0.000,13.043
33150,0,25,0,151994,0.000,13.043
33160,0,25,0,152088,0.000,13.183
33170,0,25,0,152181,0.000,13.043
33180,0,25,0,152275,0.000,13.183
33190,0,25,0,152369,0.000,13.183
33200,0,25,0,152464,0.000,13.324
33210,0,25,0,152559,0.000,13.324
33220,0,25,0,152654,0.000,13.324
33230,0,25,0,152749,0.000,13.324
33240,0,25,0,152845,0.000,13.464
33250,0,25,0,152941,0.000,13.464
33260,0,25,0,153038,0.000,13.604
33270,0,25,0,153135,0.000,13.604
33280,0,25,0,153233,0.000,13.744
33290,0,25,0,153331,0.000,13.744
33300,0,25,0,153429,0.000,13.744
33310,0,25,0,153528,0.000,13.885
33320,0,25,0,153626,0.000,13.744
33330,0,25,0,153724,0.000,13.744
33340,0,25,0,153822,0.000,13.744
33350,0,25,0,153919,0.000,13.604
33360,0,25,0,154016,0.000,13.604
33370,0,25,0,154113,0.000,13.604
33380,0,25,0,154209,0.000,13.464
33390,0,25,0,154306,0.000,13.604
33400,0,25,0,154402,0.000,13.464
33410,0,25,0,154497,0.000,13.324
33420,0,25,0,154593,0.000,13.464
33430,0,25,0,154688,0.000,13.324
33440,0,25,0,154782,0.000,13.183
33450,0,25,0,154877,0.000,13.324
33460,0,25,0,154970,0.000,13.043
33470,0,25,0,155064,0.000,13.183
33480,0,25,0,155157,0.000,13.043
33490,0,25,0,155251,0.000,13.183
33500,0,25,0,155344,0.000,13.043
33510,0,25,0,155438,0.000,13.183
33520,0,25,0,155531,0.000,13.043
33530,0,25,0,155625,0.000,13.183
33540,0,25,0,155718,0.000,13.043
33550,0,25,0,155811,0.000,13.043
33560,0,25,0,155904,0.000,13.043
33570,0,25,0,155998,0.000,13.183
33580,0,25,0,156091,0.000,13.043
33590,0,25,0,156184,0.000,13.043
33600,0,25,0,156278,0.000,13.183
33610,0,25,0,156372,0.000,13.183
33620,0,25,0,156466,0.000,13.183
33630,0,25,0,156560,0.000,13.183
33640,0,25,0,156655,0.000,13.324
33650,0,25,0,156749,0.000,13.183
33660,0,25,0,156845,0.000,13.464
33670,0,25,0,156940,0.000,13.324
33680,0,25,0,157036,0.000,13.464
33690,0,25,0,157132,0.000,13.464
33700,0,25,0,157228,0.000,13.464
33710,0,25,0,157325,0.000,13.604
33720,0,25,0,157421,0.000,13.464
33730,0,25,0,157518,0.000,13.604
33740,0,25,0,157615,0.000,13.604
33750,0,25,0,157712,0.000,13.604
33760,0,25,0,157810,0.000,13.744
33770,0,25,0,157908,0.000,13.744
33780,0,25,0,158006,0.000,13.744
33790,0,25,0,158104,0.000,13.744
33800,0,25,0,158202,0.000,13.744
33810,0,25,0,158300,0.000,13.744
33820,0,25,0,158397,0.000,13.604
33830,0,25,0,158495,0.000,13.744
33840,0,25,0,158592,0.000,13.604
33850,0,25,0,158689,0.000,13.604
33860,0,25,0,158785,0.000,13.464
33870,0,25,0,158881,0.000,13.464
33880,0,25,0,158977,0.000,13.464
33890,0,25,0,159073,0.000,13.464
33900,0,25,0,159169,0.000,13.464
33910,0,25,0,159263,0.000,13.183
33920,0,25,0,159358,0.000,13.324
33930,0,25,0,159453,0.000,13.324
33940,0,25,0,159547,0.000,13.183
33950,0,25,0,159641,0.000,13.183
33960,0,25,0,159734,0.000,13.043
33970,0,25,0,159828,0.000,13.183
33980,0,25,0,159921,0.000,13.043
33990,0,25,0,160015,0.000,13.183
34000,0,25,0,160108,0.000,13.043
34010,0,25,0,160201,0.000,13.043
34020,0,25,0,160295,0.000,13.183
34030,0,25,0,160389,0.000,13.183
34040,0,25,0,160482,0.000,13.043
34050,0,25,0,160576,0.000,13.183
34060,0,25,0,160669,0.000,13.043
34070,0,25,0,160763,0.000,13.183
34080,0,25,0,160857,0.000,13.183
34090,0,25,0,160952,0.000,13.324
34100,0,25,0,161046,0.000,13.183
34110,0,25,0,161141,0.000,13.324
34120,0,25,0,161236,0.000,13.324
34130,0,25,0,161331,0.000,13.324
34140,0,25,0,161427,0.000,13.464
34150,0,25,0,161523,0.000,13.464
34160,0,25,0,161619,0.000,13.464
34170,0,25,0,161715,0.000,13.464
34180,0,25,0,161812,0.000,13.604
34190,0,25,0,161908,0.000,13.464
34200,0,25,0,162005,0.000,13.604
34210,0,25,0,162103,0.000,13.744
34220,0,25,0,162200,0.000,13.604
34230,0,25,0,162298,0.000,13.744
34240,0,25,0,162396,0.000,13.744
34250,0,25,0,162494,0.000,13.744
34260,0,25,0,162592,0.000,13.744
34270,0,25,0,162689,0.000,13.604
34280,0,25,0,162787,0.000,13.744
34290,0,25,0,162884,0.000,13.604
34300,0,25,0,162980,0.000,13.464
34310,0,25,0,163077,0.000,13.604
34320,0,25,0,163173,0.000,13.464
34330,0,25,0,163268,0.000,13.324
34340,0,25,0,163364,0.000,13.464
34350,0,25,0,163459,0.000,13.324
34360,0,25,0,163554,0.000,13.324
34370,0,25,0,163648,0.000,13.183
34380,0,25,0,163743,0.000,13.324
34390,0,25,0,163837,0.000,13.183
34400,0,25,0,163931,0.000,13.183
34410,0,25,0,164025,0.000,13.183
34420,0,25,0,164118,0.000,13.043
34430,0,25,0,164212,0.000,13.183
34440,0,25,0,164306,0.000,13.183
34450,0,25,0,164400,0.000,13.183
34460,0,25,0,164493,0.000,13.043
34470,0,25,0,164587,0.000,13.183
34480,0,25,0,164681,0.000,13.183
34490,0,25,0,164775,0.000,13.183
34500,0,25,0,164869,0.000,13.183
34510,0,25,0,164963,0.000,13.183
34520,0,25,0,165057,0.000,13.183
34530,0,25,0,165152,0.000,13.324
34540,0,25,0,165247,0.000,13.324
34550,0,25,0,165342,0.000,13.324
34560,0,25,0,165437,0.000,13.324
34570,0,25,0,165533,0.000,13.464
34580,0,25,0,165628,0.000,13.324
34590,0,25,0,165723,0.000,13.324
34600,0,25,0,165819,0.000,13.464
34610,0,25,0,165915,0.000,13.464
34620,0,25,0,166010,0.000,13.324
34630,0,25,0,166106,0.000,13.464
34640,0,25,0,166203,0.000,13.604
34650,0,25,0,166299,0.000,13.464
34660,0,25,0,166396,0.000,13.604
34670,0,25,0,166493,0.000,13.604
34680,0,25,0,166590,0.000,13.604
34690,0,25,0,166688,0.000,13.744
34700,0,25,0,166786,0.000,13.744
34710,0,25,0,166885,0.000,13.885
34720,0,25,0,166982,0.000,13.604
34730,0,25,0,167080,0.000,13.744
34740,0,25,0,167178,0.000,13.744
34750,0,25,0,167276,0.000,13.744
34760,0,25,0,167373,0.000,13.604
34770,0,25,0,167469,0.000,13.464
34780,0,25,0,167565,0.000,13.464
34790,0,25,0,167661,0.000,13.464
34800,0,25,0,167757,0.000,13.464
34810,0,25,0,167852,0.000,13.324
34820,0,25,0,167947,0.000,13.324
34830,0,25,0,168043,0.000,13.464
34840,0,25,0,168138,0.000,13.324
34850,0,25,0,168232,0.000,13.183
34860,0,25,0,168327,0.000,13.324
34870,0,25,0,168421,0.000,13.183
34880,0,25,0,168515,0.000,13.183
34890,0,25,0,168609,0.000,13.183
34900,0,25,0,168702,0.000,13.043
34910,0,25,0,168796,0.000,13.183
34920,0,25,0,168889,0.000,13.043
34930,0,25,0,168983,0.000,13.183
34940,0,25,0,169076,0.000,13.043
34950,0,25,0,169170,0.000,13.183
34960,0,25,0,169263,0.000,13.043
34970,0,25,0,169357,0.000,13.183
34980,0,25,0,169450,0.000,13.043
34990,0,25,0,169544,0.000,13.183
35000,0,25,0,169637,0.000,13.043
35010,0,25,0,169731,0.000,13.183
35020,0,25,0,169824,0.000,13.043
35030,0,25,0,169918,0.000,13.183
35040,0,25,0,170013,0.000,13.324
35050,0,25,0,170107,0.000,13.183
35060,0,25,0,170202,0.000,13.324
35070,0,25,0,170297,0.000,13.324
35080,0,25,0,170392,0.000,13.324
35090,0,25,0,170488,0.000,13.464
35100,0,25,0,170584,0.000,13.464
35110,0,25,0,170681,0.000,13.604
35120,0,25,0,170777,0.000,13.464
35130,0,25,0,170875,0.000,13.744
35140,0,25,0,170972,0.000,13.604
35150,0,25,0,171069,0.000,13.604
35160,0,25,0,171167,0.000,13.744
35170,0,25,0,171265,0.000,13.744
35180,0,25,0,171364,0.000,13.885
35190,0,25,0,171462,0.000,13.744
35200,0,25,0,171560,0.000,13.744
35210,0,25,0,171657,0.000,13.604
35220,0,25,0,171755,0.000,13.744
35230,0,25,0,171852,0.000,13.604
35240,0,25,0,171949,0.000,13.604
35250,0,25,0,172045,0.000,13.464
35260,0,25,0,172142,0.000,13.604
35270,0,25,0,172237,0.000,13.324
35280,0,25,0,172334,0.000,13.604
35290,0,25,0,172429,0.000,13.324
35300,0,25,0,172526,0.000,13.604
35310,0,25,0,172622,0.000,13.464
35320,0,25,0,172719,0.000,13.604
35330,0,25,0,172815,0.000,13.464
35340,0,25,0,172911,0.000,13.464
35350,0,25,0,173005,0.000,13.183
35360,0,25,0,173100,0.000,13.324
35370,0,25,0,173195,0.000,13.324
35380,0,25,0,173289,0.000,13.183
35390,0,25,0,173383,0.000,13.183
35400,0,25,0,173477,0.000,13.183
35410,0,25,0,173572,0.000,13.324
35420,0,25,0,173666,0.000,13.183
35430,0,25,0,173760,0.000,13.183
35440,0,25,0,173855,0.000,13.324
35450,0,25,0,173949,0.000,13.183
35460,0,25,0,174043,0.000,13.183
35470,0,25,0,174138,0.000,13.324
35480,0,25,0,174232,0.000,13.183
35490,0,25,0,174327,0.000,13.324
35500,0,25,0,174422,0.000,13.324
35510,0,25,0,174518,0.000,13.464
35520,0,25,0,174613,0.000,13.324
35530,0,25,0,174709,0.000,13.464
35540,0,25,0,174805,0.000,13.464
35550,0,25,0,174901,0.000,13.464
35560,0,25,0,174996,0.000,13.324
35570,0,25,0,175092,0.000,13.464
35580,0,25,0,175189,0.000,13.604
35590,0,25,0,175285,0.000,13.464
35600,0,25,0,175383,0.000,13.744
35610,0,25,0,175480,0.000,13.604
35620,0,25,0,175577,0.000,13.604
35630,0,25,0,175675,0.000,13.744
35640,0,25,0,175772,0.000,13.604
35650,0,25,0,175869,0.000,13.604
35660,0,25,0,175966,0.000,13.604
35670,0,25,0,176063,0.000,13.604
35680,0,25,0,176160,0.000,13.604
35690,0,25,0,176256,0.000,13.464
35700,0,25,0,176352,0.000,13.464
35710,0,25,0,176448,0.000,13.464
35720,0,25,0,176543,0.000,13.324
35730,0,25,0,176638,0.000,13.324
35740,0,25,0,176732,0.000,13.183
35750,0,25,0,176826,0.000,13.183
35760,0,25,0,176920,0.000,13.183
35770,0,25,0,177013,0.000,13.043
35780,0,25,0,177107,0.000,13.183
35790,0,25,0,177200,0.000,13.043
35800,0,25,0,177293,0.000,13.043
35810,0,25,0,177385,0.000,12.903
35820,0,25,0,177477,0.000,12.903
35830,0,25,0,177569,0.000,12.903
35840,0,25,0,177661,0.000,12.903
35850,0,25,0,177753,0.000,12.903
35860,0,25,0,177845,0.000,12.903
35870,0,25,0,177936,0.000,12.763
35880,0,25,0,178028,0.000,12.903
35890,0,25,0,178120,0.000,12.903
35900,0,25,0,178212,0.000,12.903
35910,0,25,0,178304,0.000,12.903
35920,0,25,0,178396,0.000,12.903
35930,0,25,0,178488,0.000,12.903
35940,0,25,0,178581,0.000,13.043
35950,0,25,0,178673,0.000,12.903
35960,0,25,0,178766,0.000,13.043
35970,0,25,0,178859,0.000,13.043
35980,0,25,0,178952,0.000,13.043
35990,0,25,0,179045,0.000,13.043
36000,0,25,0,179138,0.000,13.043
36010,0,0,0,179232,0.000,13.183
36020,0,0,0,179326,0.000,13.183
36030,0,0,0,179419,0.000,13.043
36040,0,0,0,179507,0.000,12.342
36050,0,0,0,179587,0.000,11.220
36060,0,0,0,179654,0.000,9.397
36070,0,0,0,179709,0.000,7.714
36080,0,0,0,179752,0.000,6.031
36090,0,0,0,179785,0.000,4.628
36100,0,0,0,179810,0.000,3.506
36110,0,0,0,179829,0.000,2.665
36120,0,0,0,179843,0.000,1.963
36130,0,0,0,179853,0.000,1.402
36140,0,0,0,179861,0.000,1.122
36150,0,0,0,179867,0.000,0.841
36160,0,0,0,179870,0.000,0.421
36170,0,0,0,179873,0.000,0.421
36180,0,0,0,179874,0.000,0.140
36190,0,0,0,179873,0.000,-0.140
36200,0,0,0,179873,0.000,0.000
36210,0,0,0,179873,0.000,0.000
36220,0,0,0,179873,0.000,0.000
36230,0,0,0,179873,0.000,0.000
36240,0,0,0,179873,0.000,0.000
36250,0,0,0,179873,0.000,0.000
36260,0,0,0,179873,0.000,0.000
36270,0,0,0,179873,0.000,0.000
36280,0,0,0,179873,0.000,0.000
36290,0,0,0,179873,0.000,0.000
36300,0,0,0,179873,0.000,0.000
36310,0,0,0,179873,0.000,0.000
36320,0,0,0,179873,0.000,0.000
36330,0,0,0,179873,0.000,0.000
36340,0,0,0,179873,0.000,0.000
36350,0,0,0,179873,0.000,0.000
36360,0,0,0,179873,0.000,0.000
36370,0,0,0,179873,0.000,0.000
36380,0,0,0,179873,0.000,0.000
36390,0,0,0,179873,0.000,0.000
36400,0,0,0,179873,0.000,0.000
36410,0,0,0,179873,0.000,0.000
36420,0,0,0,179873,0.000,0.000
36430,0,0,0,179873,0.000,0.000
36440,0,0,0,179873,0.000,0.000
36450,0,0,0,179873,0.000,0.000
36460,0,0,0,179873,0.000,0.000
36470,0,0,0,179873,0.000,0.000
36480,0,0,0,179873,0.000,0.000
36490,0,0,0,179873,0.000,0.000
36500,0,0,0,179873,0.000,0.000
36510,0,0,0,179873,0.000,0.000
36520,0,0,0,179873,0.000,0.000
36530,0,0,0,179873,0.000,0.000
36540,0,0,0,179873,0.000,0.000
36550,0,0,0,179873,0.000,0.000
36560,0,0,0,179873,0.000,0.000
36570,0,0,0,179873,0.000,0.000
36580,0,0,0,179873,0.000,0.000
36590,0,0,0,179873,0.000,0.000
36600,0,0,0,179873,0.000,0.000
36610,0,0,0,179873,0.000,0.000
36620,0,0,0,179873,0.000,0.000
36630,0,0,0,179873,0.000,0.000
36640,0,0,0,179873,0.000,0.000
36650,0,0,0,179873,0.000,0.000
36660,0,0,0,179873,0.000,0.000
36670,0,0,0,179873,0.000,0.000
36680,0,0,0,179873,0.000,0.000
36690,0,0,0,179873,0.000,0.000
36700,0,0,0,179873,0.000,0.000
36710,0,0,0,179873,0.000,0.000
36720,0,0,0,179873,0.000,0.000
36730,0,0,0,179873,0.000,0.000
36740,0,0,0,179873,0.000,0.000
36750,0,0,0,179873,0.000,0.000
36760,0,0,0,179873,0.000,0.000
36770,0,0,0,179873,0.000,0.000
36780,0,0,0,179873,0.000,0.000
36790,0,0,0,179873,0.000,0.000
36800,0,0,0,179873,0.000,0.000
36810,0,0,0,179873,0.000,0.000
36820,0,0,0,179873,0.000,0.000
36830,0,0,0,179873,0.000,0.000
36840,0,0,0,179873,0.000,0.000
36850,0,0,0,179873,0.000,0.000
36860,0,0,0,179873,0.000,0.000
36870,0,0,0,179873,0.000,0.000
36880,0,0,0,179873,0.000,0.000
36890,0,0,0,179873,0.000,0.000
36900,0,0,0,179873,0.000,0.000
36910,0,0,0,179873,0.000,0.000
36920,0,0,0,179873,0.000,0.000
36930,0,0,0,179873,0.000,0.000
36940,0,0,0,179873,0.000,0.000
36950,0,0,0,179873,0.000,0.000
36960,0,0,0,179873,0.000,0.000
36970,0,0,0,179873,0.000,0.000
36980,0,0,0,179873,0.000,0.000
36990,0,0,0,179873,0.000,0.000
37000,0,0,0,179873,0.000,0.000
37010,0,0,0,179873,0.000,0.000
37020,0,0,0,179873,0.000,0.000
37030,0,0,0,179873,0.000,0.000
37040,0,0,0,179873,0.000,0.000
37050,0,0,0,179873,0.000,0.000
37060,0,0,0,179873,0.000,0.000
37070,0,0,0,179873,0.000,0.000
37080,0,0,0,179873,0.000,0.000
37090,0,0,0,179873,0.000,0.000
37100,0,0,0,179873,0.000,0.000
37110,0,0,0,179873,0.000,0.000
37120,0,0,0,179873,0.000,0.000
37130,0,0,0,179873,0.000,0.000
37140,0,0,0,179873,0.000,0.000
37150,0,0,0,179873,0.000,0.000
37160,0,0,0,179873,0.000,0.000
37170,0,0,0,179873,0.000,0.000
37180,0,0,0,179873,0.000,0.000
37190,0,0,0,179873,0.000,0.000
37200,0,0,0,179873,0.000,0.000
37210,0,0,0,179873,0.000,0.000
37220,0,0,0,179873,0.000,0.000
37230,0,0,0,179873,0.000,0.000
37240,0,0,0,179873,0.000,0.000
37250,0,0,0,179873,0.000,0.000
37260,0,0,0,179873,0.000,0.000
37270,0,0,0,179873,0.000,0.000
37280,0,0,0,179873,0.000,0.000
37290,0,0,0,179873,0.000,0.000
37300,0,0,0,179873,0.000,0.000
37310,0,0,0,179873,0.000,0.000
37320,0,0,0,179873,0.000,0.000
37330,0,0,0,179873,0.000,0.000
37340,0,0,0,179873,0.000,0.000
37350,0,0,0,179873,0.000,0.000
37360,0,0,0,179873,0.000,0.000
37370,0,0,0,179873,0.000,0.000
37380,0,0,0,179873,0.000,0.000
37390,0,0,0,179873,0.000,0.000
37400,0,0,0,179873,0.000,0.000
37410,0,0,0,179873,0.000,0.000
37420,0,0,0,179873,0.000,0.000
37430,0,0,0,179873,0.000,0.000
37440,0,0,0,179873,0.000,0.000
37450,0,0,0,179873,0.000,0.000
37460,0,0,0,179873,0.000,0.000
37470,0,0,0,179873,0.000,0.000
37480,0,0,0,179873,0.000,0.000
37490,0,0,0,179873,0.000,0.000
37500,0,0,0,179873,0.000,0.000
37510,0,0,0,179873,0.000,0.000
37520,0,0,0,179873,0.000,0.000
37530,0,0,0,179873,0.000,0.000
37540,0,0,0,179873,0.000,0.000
37550,0,0,0,179873,0.000,0.000
37560,0,0,0,179873,0.000,0.000
37570,0,0,0,179873,0.000,0.000
37580,0,0,0,179873,0.000,0.000
37590,0,0,0,179873,0.000,0.000
37600,0,0,0,179873,0.000,0.000
37610,0,0,0,179873,0.000,0.000
37620,0,0,0,179873,0.000,0.000
37630,0,0,0,179873,0.000,0.000
37640,0,0,0,179873,0.000,0.000
37650,0,0,0,179873,0.000,0.000
37660,0,0,0,179873,0.000,0.000
37670,0,0,0,179873,0.000,0.000
37680,0,0,0,179873,0.000,0.000
37690,0,0,0,179873,0.000,0.000
37700,0,0,0,179873,0.000,0.000
37710,0,0,0,179873,0.000,0.000
37720,0,0,0,179873,0.000,0.000
37730,0,0,0,179873,0.000,0.000
37740,0,0,0,179873,0.000,0.000
37750,0,0,0,179873,0.000,0.000
37760,0,0,0,179873,0.000,0.000
37770,0,0,0,179873,0.000,0.000
37780,0,0,0,179873,0.000,0.000
37790,0,0,0,179873,0.000,0.000
37800,0,0,0,179873,0.000,0.000
37810,0,0,0,179873,0.000,0.000
37820,0,0,0,179873,0.000,0.000
37830,0,0,0,179873,0.000,0.000
37840,0,0,0,179873,0.000,0.000
37850,0,0,0,179873,0.000,0.000
37860,0,0,0,179873,0.000,0.000
37870,0,0,0,179873,0.000,0.000
37880,0,0,0,179873,0.000,0.000
37890,0,0,0,179873,0.000,0.000
37900,0,0,0,179873,0.000,0.000
37910,0,0,0,179873,0.000,0.000
37920,0,0,0,179873,0.000,0.000
37930,0,0,0,179873,0.000,0.000
37940,0,0,0,179873,0.000,0.000
37950,0,0,0,179873,0.000,0.000
37960,0,0,0,179873,0.000,0.000
37970,0,0,0,179873,0.000,0.000
37980,0,0,0,179873,0.000,0.000
37990,0,0,0,179873,0.000,0.000
38000,0,0,0,179873,0.000,0.000
38010,0,0,0,179873,0.000,0.000
38020,0,0,0,179873,0.000,0.000
38030,0,0,0,179873,0.000,0.000
38040,0,0,0,179873,0.000,0.000
38050,0,0,0,179873,0.000,0.000
38060,0,0,0,179873,0.000,0.000
38070,0,0,0,179873,0.000,0.000
38080,0,0,0,179873,0.000,0.000
38090,0,0,0,179873,0.000,0.000
38100,0,0,0,179873,0.000,0.000
38110,0,0,0,179873,0.000,0.000
38120,0,0,0,179873,0.000,0.000
38130,0,0,0,179873,0.000,0.000
38140,0,0,0,179873,0.000,0.000
38150,0,0,0,179873,0.000,0.000
38160,0,0,0,179873,0.000,0.000
38170,0,0,0,179873,0.000,0.000
38180,0,0,0,179873,0.000,0.000
38190,0,0,0,179873,0.000,0.000
38200,0,0,0,179873,0.000,0.000
38210,0,0,0,179873,0.000,0.000
38220,0,0,0,179873,0.000,0.000
38230,0,0,0,179873,0.000,0.000
38240,0,0,0,179873,0.000,0.000
38250,0,0,0,179873,0.000,0.000
38260,0,0,0,179873,0.000,0.000
38270,0,0,0,179873,0.000,0.000
38280,0,0,0,179873,0.000,0.000
38290,0,0,0,179873,0.000,0.000
38300,0,0,0,179873,0.000,0.000
38310,0,0,0,179873,0.000,0.000
38320,0,0,0,179873,0.000,0.000
38330,0,0,0,179873,0.000,0.000
38340,0,0,0,179873,0.000,0.000
38350,0,0,0,179873,0.000,0.000
38360,0,0,0,179873,0.000,0.000
38370,0,0,0,179873,0.000,0.000
38380,0,0,0,179873,0.000,0.000
38390,0,0,0,179873,0.000,0.000
38400,0,0,0,179873,0.000,0.000
38410,0,0,0,179873,0.000,0.000
38420,0,0,0,179873,0.000,0.000
38430,0,0,0,179873,0.000,0.000
38440,0,0,0,179873,0.000,0.000
38450,0,0,0,179873,0.000,0.000
38460,0,0,0,179873,0.000,0.000
38470,0,0,0,179873,0.000,0.000
38480,0,0,0,179873,0.000,0.000
38490,0,0,0,179873,0.000,0.000
38500,0,0,0,179873,0.000,0.000
38510,0,0,0,179873,0.000,0.000
38520,0,0,0,179873,0.000,0.000
38530,0,0,0,179873,0.000,0.000
38540,0,0,0,179873,0.000,0.000
38550,0,0,0,179873,0.000,0.000
38560,0,0,0,179873,0.000,0.000
38570,0,0,0,179873,0.000,0.000
38580,0,0,0,179873,0.000,0.000
38590,0,0,0,179873,0.000,0.000
38600,0,0,0,179873,0.000,0.000
38610,0,0,0,179873,0.000,0.000
38620,0,0,0,179873,0.000,0.000
38630,0,0,0,179873,0.000,0.000
38640,0,0,0,179873,0.000,0.000
38650,0,0,0,179873,0.000,0.000
38660,0,0,0,179873,0.000,0.000
38670,0,0,0,179873,0.000,0.000
38680,0,0,0,179873,0.000,0.000
38690,0,0,0,179873,0.000,0.000
38700,0,0,0,179873,0.000,0.000
38710,0,0,0,179873,0.000,0.000
38720,0,0,0,179873,0.000,0.000
38730,0,0,0,179873,0.000,0.000
38740,0,0,0,179873,0.000,0.000
38750,0,0,0,179873,0.000,0.000
38760,0,0,0,179873,0.000,0.000
38770,0,0,0,179873,0.000,0.000
38780,0,0,0,179873,0.000,0.000
38790,0,0,0,179873,0.000,0.000
38800,0,0,0,179873,0.000,0.000
38810,0,0,0,179873,0.000,0.000
38820,0,0,0,179873,0.000,0.000
38830,0,0,0,179873,0.000,0.000
38840,0,0,0,179873,0.000,0.000
38850,0,0,0,179873,0.000,0.000
38860,0,0,0,179873,0.000,0.000
38870,0,0,0,179873,0.000,0.000
38880,0,0,0,179873,0.000,0.000
38890,0,0,0,179873,0.000,0.000
38900,0,0,0,179873,0.000,0.000
38910,0,0,0,179873,0.000,0.000
38920,0,0,0,179873,0.000,0.000
38930,0,0,0,179873,0.000,0.000
38940,0,0,0,179873,0.000,0.000
38950,0,0,0,179873,0.000,0.000
38960,0,0,0,179873,0.000,0.000
38970,0,0,0,179873,0.000,0.000
38980,0,0,0,179873,0.000,0.000
38990,0,0,0,179873,0.000,0.000
39000,0,0,0,179873,0.000,0.000
39010,0,-3,0,179873,0.000,0.000
39020,0,-3,0,179873,0.000,0.000
39030,0,-3,0,179873,0.000,0.000
39040,0,-3,0,179872,0.000,-0.140
39050,0,-3,0,179870,0.000,-0.280
39060,0,-3,0,179867,0.000,-0.421
39070,0,-3,0,179863,0.000,-0.561
39080,0,-3,0,179858,0.000,-0.701
39090,0,-3,0,179853,0.000,-0.701
39100,0,-3,0,179848,0.000,-0.701
39110,0,-3,0,179843,0.000,-0.701
39120,0,-3,0,179837,0.000,-0.841
39130,0,-3,0,179832,0.000,-0.701
39140,0,-3,0,179826,0.000,-0.841
39150,0,-3,0,179820,0.000,-0.841
39160,0,-3,0,179814,0.000,-0.841
39170,0,-3,0,179809,0.000,-0.701
39180,0,-3,0,179803,0.000,-0.841
39190,0,-3,0,179797,0.000,-0.841
39200,0,-3,0,179791,0.000,-0.841
39210,0,-3,0,179786,0.000,-0.701
39220,0,-3,0,179780,0.000,-0.841
39230,0,-3,0,179775,0.000,-0.701
39240,0,-3,0,179769,0.000,-0.841
39250,0,-3,0,179764,0.000,-0.701
39260,0,-3,0,179758,0.000,-0.841
39270,0,-3,0,179753,0.000,-0.701
39280,0,-3,0,179748,0.000,-0.701
39290,0,-3,0,179743,0.000,-0.701
39300,0,-3,0,179738,0.000,-0.701
39310,0,-3,0,179733,0.000,-0.701
39320,0,-3,0,179728,0.000,-0.701
39330,0,-3,0,179724,0.000,-0.561
39340,0,-3,0,179719,0.000,-0.701
39350,0,-3,0,179714,0.000,-0.701
39360,0,-3,0,179709,0.000,-0.701
39370,0,-3,0,179704,0.000,-0.701
39380,0,-3,0,179698,0.000,-0.841
39390,0,-3,0,179693,0.000,-0.701
39400,0,-3,0,179687,0.000,-0.841
39410,0,-3,0,179682,0.000,-0.701
39420,0,-3,0,179676,0.000,-0.841
39430,0,-3,0,179671,0.000,-0.701
39440,0,-3,0,179666,0.000,-0.701
39450,0,-3,0,179662,0.000,-0.561
39460,0,-3,0,179657,0.000,-0.701
39470,0,-3,0,179652,0.000,-0.701
39480,0,-3,0,179648,0.000,-0.561
39490,0,-3,0,179643,0.000,-0.701
39500,0,-3,0,179638,0.000,-0.701
39510,0,-3,0,179633,0.000,-0.701
39520,0,-3,0,179629,0.000,-0.561
39530,0,-3,0,179624,0.000,-0.701
39540,0,-3,0,179619,0.000,-0.701
39550,0,-3,0,179614,0.000,-0.701
39560,0,-3,0,179609,0.000,-0.701
39570,0,-3,0,179604,0.000,-0.701
39580,0,-3,0,179599,0.000,-0.701
39590,0,-3,0,179594,0.000,-0.701
39600,0,-3,0,179589,0.000,-0.701
39610,0,-3,0,179585,0.000,-0.561
39620,0,-3,0,179580,0.000,-0.701
39630,0,-3,0,179576,0.000,-0.561
39640,0,-3,0,179571,0.000,-0.701
39650,0,-3,0,179566,0.000,-0.701
39660,0,-3,0,179562,0.000,-0.561
39670,0,-3,0,179557,0.000,-0.701
39680,0,-3,0,179553,0.000,-0.561
39690,0,-3,0,179548,0.000,-0.701
39700,0,-3,0,179544,0.000,-0.561
39710,0,-3,0,179539,0.000,-0.701
39720,0,-3,0,179535,0.000,-0.561
39730,0,-3,0,179531,0.000,-0.561
39740,0,-3,0,179527,0.000,-0.561
39750,0,-3,0,179523,0.000,-0.561
39760,0,-3,0,179518,0.000,-0.701
39770,0,-3,0,179513,0.000,-0.701
39780,0,-3,0,179508,0.000,-0.701
39790,0,-3,0,179503,0.000,-0.701
39800,0,-3,0,179498,0.000,-0.701
39810,0,-3,0,179492,0.000,-0.841
39820,0,-3,0,179487,0.000,-0.701
39830,0,-3,0,179482,0.000,-0.701
39840,0,-3,0,179476,0.000,-0.841
39850,0,-3,0,179471,0.000,-0.701
39860,0,-3,0,179466,0.000,-0.701
39870,0,-3,0,179460,0.000,-0.841
39880,0,-3,0,179455,0.000,-0.701
39890,0,-3,0,179449,0.000,-0.841
39900,0,-3,0,179444,0.000,-0.701
39910,0,-3,0,179439,0.000,-0.701
39920,0,-3,0,179435,0.000,-0.561
39930,0,-3,0,179430,0.000,-0.701
39940,0,-3,0,179425,0.000,-0.701
39950,0,-3,0,179420,0.000,-0.701
39960,0,-3,0,179416,0.000,-0.561
39970,0,-3,0,179411,0.000,-0.701
39980,0,-3,0,179406,0.000,-0.701
39990,0,-3,0,179402,0.000,-0.561
40000,0,-3,0,179397,0.000,-0.701
40010,0,-3,0,179393,0.000,-0.561
40020,0,-3,0,179388,0.000,-0.701
40030,0,-3,0,179384,0.000,-0.561
40040,0,-3,0,179379,0.000,-0.701
40050,0,-3,0,179374,0.000,-0.701
40060,0,-3,0,179369,0.000,-0.701
40070,0,-3,0,179365,0.000,-0.561
40080,0,-3,0,179361,0.000,-0.561
40090,0,-3,0,179356,0.000,-0.701
40100,0,-3,0,179352,0.000,-0.561
40110,0,-3,0,179347,0.000,-0.701
40120,0,-3,0,179343,0.000,-0.561
40130,0,-3,0,179339,0.000,-0.561
40140,0,-3,0,179335,0.000,-0.561
40150,0,-3,0,179330,0.000,-0.701
40160,0,-3,0,179326,0.000,-0.561
40170,0,-3,0,179322,0.000,-0.561
40180,0,-3,0,179317,0.000,-0.701
40190,0,-3,0,179313,0.000,-0.561
40200,0,-3,0,179309,0.000,-0.561
40210,0,-3,0,179305,0.000,-0.561
40220,0,-3,0,179301,0.000,-0.561
40230,0,-3,0,179297,0.000,-0.561
40240,0,-3,0,179293,0.000,-0.561
40250,0,-3,0,179289,0.000,-0.561
40260,0,-3,0,179285,0.000,-0.561
40270,0,-3,0,179281,0.000,-0.561
40280,0,-3,0,179278,0.000,-0.421
40290,0,-3,0,179274,0.000,-0.561
40300,0,-3,0,179270,0.000,-0.561
40310,0,-3,0,179266,0.000,-0.561
40320,0,-3,0,179262,0.000,-0.561
40330,0,-3,0,179257,0.000,-0.701
40340,0,-3,0,179253,0.000,-0.561
40350,0,-3,0,179248,0.000,-0.701
40360,0,-3,0,179244,0.000,-0.561
40370,0,-3,0,179239,0.000,-0.701
40380,0,-3,0,179234,0.000,-0.701
40390,0,-3,0,179229,0.000,-0.701
40400,0,-3,0,179225,0.000,-0.561
40410,0,-3,0,179220,0.000,-0.701
40420,0,-3,0,179216,0.000,-0.561
40430,0,-3,0,179213,0.000,-0.421
40440,0,-3,0,179209,0.000,-0.561
40450,0,-3,0,179206,0.000,-0.421
40460,0,-3,0,179204,0.000,-0.280
40470,0,-3,0,179201,0.000,-0.421
40480,0,-3,0,179198,0.000,-0.421
40490,0,-3,0,179196,0.000,-0.280
40500,0,-3,0,179193,0.000,-0.421
40510,0,-6,0,179190,0.000,-0.421
40520,0,-6,0,179187,0.000,-0.421
40530,0,-6,0,179184,0.000,-0.421
40540,0,-6,0,179180,0.000,-0.561
40550,0,-6,0,179173,0.000,-0.982
40560,0,-6,0,179164,0.000,-1.262
40570,0,-6,0,179153,0.000,-1.543
40580,0,-6,0,179142,0.000,-1.543
40590,0,-6,0,179129,0.000,-1.823
40600,0,-6,0,179115,0.000,-1.963
40610,0,-6,0,179101,0.000,-1.963
40620,0,-6,0,179087,0.000,-1.963
40630,0,-6,0,179072,0.000,-2.104
40640,0,-6,0,179057,0.000,-2.104
40650,0,-6,0,179043,0.000,-1.963
40660,0,-6,0,179027,0.000,-2.244
40670,0,-6,0,179012,0.000,-2.104
40680,0,-6,0,178996,0.000,-2.244
40690,0,-6,0,178980,0.000,-2.244
40700,0,-6,0,178963,0.000,-2.384
40710,0,-6,0,178948,0.000,-2.104
40720,0,-6,0,178932,0.000,-2.244
40730,0,-6,0,178915,0.000,-2.384
40740,0,-6,0,178899,0.000,-2.244
40750,0,-6,0,178883,0.000,-2.244
40760,0,-6,0,178868,0.000,-2.104
40770,0,-6,0,178852,0.000,-2.244
40780,0,-6,0,178837,0.000,-2.104
40790,0,-6,0,178822,0.000,-2.104
40800,0,-6,0,178807,0.000,-2.104
40810,0,-6,0,178792,0.000,-2.104
40820,0,-6,0,178776,0.000,-2.244
40830,0,-6,0,178760,0.000,-2.244
40840,0,-6,0,178745,0.000,-2.104
40850,0,-6,0,178730,0.000,-2.104
40860,0,-6,0,178715,0.000,-2.104
40870,0,-6,0,178700,0.000,-2.104
40880,0,-6,0,178685,0.000,-2.104
40890,0,-6,0,178670,0.000,-2.104
40900,0,-6,0,178655,0.000,-2.104
40910,0,-6,0,178640,0.000,-2.104
40920,0,-6,0,178625,0.000,-2.104
40930,0,-6,0,178611,0.000,-1.963
40940,0,-6,0,178596,0.000,-2.104
40950,0,-6,0,178581,0.000,-2.104
40960,0,-6,0,178566,0.000,-2.104
40970,0,-6,0,178551,0.000,-2.104
40980,0,-6,0,178536,0.000,-2.104
40990,0,-6,0,178522,0.000,-1.963
41000,0,-6,0,178508,0.000,-1.963
41010,0,-6,0,178494,0.000,-1.963
41020,0,-6,0,178480,0.000,-1.963
41030,0,-6,0,178465,0.000,-2.104
41040,0,-6,0,178451,0.000,-1.963
41050,0,-6,0,178436,0.000,-2.104
41060,0,-6,0,178423,0.000,-1.823
41070,0,-6,0,178409,0.000,-1.963
41080,0,-6,0,178396,0.000,-1.823
41090,0,-6,0,178382,0.000,-1.963
41100,0,-6,0,178369,0.000,-1.823
41110,0,-6,0,178355,0.000,-1.963
41120,0,-6,0,178341,0.000,-1.963
41130,0,-6,0,178326,0.000,-2.104
41140,0,-6,0,178313,0.000,-1.823
41150,0,-6,0,178299,0.000,-1.963
41160,0,-6,0,178285,0.000,-1.963
41170,0,-6,0,178272,0.000,-1.823
41180,0,-6,0,178258,0.000,-1.963
41190,0,-6,0,178245,0.000,-1.823
41200,0,-6,0,178232,0.000,-1.823
41210,0,-6,0,178218,0.000,-1.963
41220,0,-6,0,178205,0.000,-1.823
41230,0,-6,0,178192,0.000,-1.823
41240,0,-6,0,178179,0.000,-1.823
41250,0,-6,0,178166,0.000,-1.823
41260,0,-6,0,178154,0.000,-1.683
41270,0,-6,0,178141,0.000,-1.823
41280,0,-6,0,178128,0.000,-1.823
41290,0,-6,0,178115,0.000,-1.823
41300,0,-6,0,178102,0.000,-1.823
41310,0,-6,0,178089,0.000,-1.823
41320,0,-6,0,178077,0.000,-1.683
41330,0,-6,0,178064,0.000,-1.823
41340,0,-6,0,178052,0.000,-1.683
41350,0,-6,0,178040,0.000,-1.683
41360,0,-6,0,178027,0.000,-1.823
41370,0,-6,0,178014,0.000,-1.823
41380,0,-6,0,178001,0.000,-1.823
41390,0,-6,0,177988,0.000,-1.823
41400,0,-6,0,177976,0.000,-1.683
41410,0,-6,0,177963,0.000,-1.823
41420,0,-6,0,177951,0.000,-1.683
41430,0,-6,0,177938,0.000,-1.823
41440,0,-6,0,177925,0.000,-1.823
41450,0,-6,0,177913,0.000,-1.683
41460,0,-6,0,177900,0.000,-1.823
41470,0,-6,0,177887,0.000,-1.823
41480,0,-6,0,177874,0.000,-1.823
41490,0,-6,0,177861,0.000,-1.823
41500,0,-6,0,177849,0.000,-1.683
41510,0,-6,0,177837,0.000,-1.683
41520,0,-6,0,177825,0.000,-1.683
41530,0,-6,0,177812,0.000,-1.823
41540,0,-6,0,177800,0.000,-1.683
41550,0,-6,0,177787,0.000,-1.823
41560,0,-6,0,177774,0.000,-1.823
41570,0,-6,0,177761,0.000,-1.823
41580,0,-6,0,177749,0.000,-1.683
41590,0,-6,0,177737,0.000,-1.683
41600,0,-6,0,177724,0.000,-1.823
41610,0,-6,0,177712,0.000,-1.683
41620,0,-6,0,177700,0.000,-1.683
41630,0,-6,0,177687,0.000,-1.823
41640,0,-6,0,177674,0.000,-1.823
41650,0,-6,0,177662,0.000,-1.683
41660,0,-6,0,177649,0.000,-1.823
41670,0,-6,0,177637,0.000,-1.683
41680,0,-6,0,177625,0.000,-1.683
41690,0,-6,0,177613,0.000,-1.683
41700,0,-6,0,177602,0.000,-1.543
41710,0,-6,0,177590,0.000,-1.683
41720,0,-6,0,177577,0.000,-1.823
41730,0,-6,0,177565,0.000,-1.683
41740,0,-6,0,177552,0.000,-1.823
41750,0,-6,0,177539,0.000,-1.823
41760,0,-6,0,177527,0.000,-1.683
41770,0,-6,0,177514,0.000,-1.823
41780,0,-6,0,177502,0.000,-1.683
41790,0,-6,0,177489,0.000,-1.823
41800,0,-6,0,177477,0.000,-1.683
41810,0,-6,0,177464,0.000,-1.823
41820,0,-6,0,177452,0.000,-1.683
41830,0,-6,0,177439,0.000,-1.823
41840,0,-6,0,177426,0.000,-1.823
41850,0,-6,0,177413,0.000,-1.823
41860,0,-6,0,177401,0.000,-1.683
41870,0,-6,0,177389,0.000,-1.683
41880,0,-6,0,177376,0.000,-1.823
41890,0,-6,0,177363,0.000,-1.823
41900,0,-6,0,177350,0.000,-1.823
41910,0,-6,0,177336,0.000,-1.963
41920,0,-6,0,177323,0.000,-1.823
41930,0,-6,0,177309,0.000,-1.963
41940,0,-6,0,177296,0.000,-1.823
41950,0,-6,0,177283,0.000,-1.823
41960,0,-6,0,177270,0.000,-1.823
41970,0,-6,0,177257,0.000,-1.823
41980,0,-6,0,177244,0.000,-1.823
41990,0,-6,0,177231,0.000,-1.823
42000,0,-6,0,177217,0.000,-1.963
42010,0,-9,0,177204,0.000,-1.823
42020,0,-9,0,177191,0.000,-1.823
42030,0,-9,0,177177,0.000,-1.963
42040,0,-9,0,177163,0.000,-1.963
42050,0,-9,0,177147,0.000,-2.244
42060,0,-9,0,177128,0.000,-2.665
42070,0,-9,0,177108,0.000,-2.805
42080,0,-9,0,177087,0.000,-2.945
42090,0,-9,0,177064,0.000,-3.226
42100,0,-9,0,177041,0.000,-3.226
42110,0,-9,0,177018,0.000,-3.226
42120,0,-9,0,176995,0.000,-3.226
42130,0,-9,0,176971,0.000,-3.366
42140,0,-9,0,176949,0.000,-3.085
42150,0,-9,0,176927,0.000,-3.085
42160,0,-9,0,176906,0.000,-2.945
42170,0,-9,0,176885,0.000,-2.945
42180,0,-9,0,176863,0.000,-3.085
42190,0,-9,0,176840,0.000,-3.226
42200,0,-9,0,176817,0.000,-3.226
42210,0,-9,0,176793,0.000,-3.366
42220,0,-9,0,176769,0.000,-3.366
42230,0,-9,0,176745,0.000,-3.366
42240,0,-9,0,176720,0.000,-3.506
42250,0,-9,0,176696,0.000,-3.366
42260,0,-9,0,176670,0.000,-3.646
42270,0,-9,0,176645,0.000,-3.506
42280,0,-9,0,176619,0.000,-3.646
42290,0,-9,0,176593,0.000,-3.646
42300,0,-9,0,176568,0.000,-3.506
42310,0,-9,0,176542,0.000,-3.646
42320,0,-9,0,176516,0.000,-3.646
42330,0,-9,0,176490,0.000,-3.646
42340,0,-9,0,176464,0.000,-3.646
42350,0,-9,0,176438,0.000,-3.646
42360,0,-9,0,176411,0.000,-3.787
42370,0,-9,0,176385,0.000,-3.646
42380,0,-9,0,176358,0.000,-3.787
42390,0,-9,0,176331,0.000,-3.787
42400,0,-9,0,176304,0.000,-3.787
42410,0,-9,0,176277,0.000,-3.787
42420,0,-9,0,176250,0.000,-3.787
42430,0,-9,0,176223,0.000,-3.787
42440,0,-9,0,176196,0.000,-3.787
42450,0,-9,0,176168,0.000,-3.927
42460,0,-9,0,176141,0.000,-3.787
42470,0,-9,0,176114,0.000,-3.787
42480,0,-9,0,176087,0.000,-3.787
42490,0,-9,0,176059,0.000,-3.927
42500,0,-9,0,176032,0.000,-3.787
42510,0,-9,0,176004,0.000,-3.927
42520,0,-9,0,175976,0.000,-3.927
42530,0,-9,0,175948,0.000,-3.927
42540,0,-9,0,175920,0.000,-3.927
42550,0,-9,0,175892,0.000,-3.927
42560,0,-9,0,175864,0.000,-3.927
42570,0,-9,0,175836,0.000,-3.927
42580,0,-9,0,175807,0.000,-4.067
42590,0,-9,0,175779,0.000,-3.927
42600,0,-9,0,175750,0.000,-4.067
42610,0,-9,0,175722,0.000,-3.927
42620,0,-9,0,175693,0.000,-4.067
42630,0,-9,0,175665,0.000,-3.927
42640,0,-9,0,175636,0.000,-4.067
42650,0,-9,0,175606,0.000,-4.207
42660,0,-9,0,175577,0.000,-4.067
42670,0,-9,0,175548,0.000,-4.067
42680,0,-9,0,175517,0.000,-4.348
42690,0,-9,0,175488,0.000,-4.067
42700,0,-9,0,175458,0.000,-4.207
42710,0,-9,0,175429,0.000,-4.067
42720,0,-9,0,175400,0.000,-4.067
42730,0,-9,0,175371,0.000,-4.067
42740,0,-9,0,175342,0.000,-4.067
42750,0,-9,0,175313,0.000,-4.067
42760,0,-9,0,175284,0.000,-4.067
42770,0,-9,0,175255,0.000,-4.067
42780,0,-9,0,175227,0.000,-3.927
42790,0,-9,0,175197,0.000,-4.207
42800,0,-9,0,175168,0.000,-4.067
42810,0,-9,0,175139,0.000,-4.067
42820,0,-9,0,175111,0.000,-3.927
42830,0,-9,0,175081,0.000,-4.207
42840,0,-9,0,175052,0.000,-4.067
42850,0,-9,0,175024,0.000,-3.927
42860,0,-9,0,174995,0.000,-4.067
42870,0,-9,0,174966,0.000,-4.067
42880,0,-9,0,174937,0.000,-4.067
42890,0,-9,0,174909,0.000,-3.927
42900,0,-9,0,174881,0.000,-3.927
42910,0,-9,0,174853,0.000,-3.927
42920,0,-9,0,174825,0.000,-3.927
42930,0,-9,0,174797,0.000,-3.927
42940,0,-9,0,174770,0.000,-3.787
42950,0,-9,0,174742,0.000,-3.927
42960,0,-9,0,174714,0.000,-3.927
42970,0,-9,0,174687,0.000,-3.787
42980,0,-9,0,174660,0.000,-3.787
42990,0,-9,0,174632,0.000,-3.927
43000,0,-9,0,174605,0.000,-3.787
43010,0,-9,0,174578,0.000,-3.787
43020,0,-9,0,174552,0.000,-3.646
43030,0,-9,0,174525,0.000,-3.787
43040,0,-9,0,174498,0.000,-3.787
43050,0,-9,0,174471,0.000,-3.787
43060,0,-9,0,174445,0.000,-3.646
43070,0,-9,0,174417,0.000,-3.927
43080,0,-9,0,174391,0.000,-3.646
43090,0,-9,0,174365,0.000,-3.646
43100,0,-9,0,174339,0.000,-3.646
43110,0,-9,0,174313,0.000,-3.646
43120,0,-9,0,174287,0.000,-3.646
43130,0,-9,0,174261,0.000,-3.646
43140,0,-9,0,174235,0.000,-3.646
43150,0,-9,0,174209,0.000,-3.646
43160,0,-9,0,174183,0.000,-3.646
43170,0,-9,0,174157,0.000,-3.646
43180,0,-9,0,174131,0.000,-3.646
43190,0,-9,0,174106,0.000,-3.506
43200,0,-9,0,174080,0.000,-3.646
43210,0,-9,0,174055,0.000,-3.506
43220,0,-9,0,174030,0.000,-3.506
43230,0,-9,0,174005,0.000,-3.506
43240,0,-9,0,173980,0.000,-3.506
43250,0,-9,0,173955,0.000,-3.506
43260,0,-9,0,173930,0.000,-3.506
43270,0,-9,0,173905,0.000,-3.506
43280,0,-9,0,173880,0.000,-3.506
43290,0,-9,0,173855,0.000,-3.506
43300,0,-9,0,173830,0.000,-3.506
43310,0,-9,0,173805,0.000,-3.506
43320,0,-9,0,173781,0.000,-3.366
43330,0,-9,0,173756,0.000,-3.506
43340,0,-9,0,173731,0.000,-3.506
43350,0,-9,0,173707,0.000,-3.366
43360,0,-9,0,173683,0.000,-3.366
43370,0,-9,0,173659,0.000,-3.366
43380,0,-9,0,173634,0.000,-3.506
43390,0,-9,0,173609,0.000,-3.506
43400,0,-9,0,173585,0.000,-3.366
43410,0,-9,0,173561,0.000,-3.366
43420,0,-9,0,173536,0.000,-3.506
43430,0,-9,0,173511,0.000,-3.506
43440,0,-9,0,173486,0.000,-3.506
43450,0,-9,0,173461,0.000,-3.506
43460,0,-9,0,173437,0.000,-3.366
43470,0,-9,0,173412,0.000,-3.506
43480,0,-9,0,173387,0.000,-3.506
43490,0,-9,0,173363,0.000,-3.366
43500,0,-9,0,173339,0.000,-3.366
43510,0,-12,0,173315,0.000,-3.366
43520,0,-12,0,173292,0.000,-3.226
43530,0,-12,0,173267,0.000,-3.506
43540,0,-12,0,173242,0.000,-3.506
43550,0,-12,0,173216,0.000,-3.646
43560,0,-12,0,173187,0.000,-4.067
43570,0,-12,0,173157,0.000,-4.207
43580,0,-12,0,173125,0.000,-4.488
43590,0,-12,0,173093,0.000,-4.488
43600,0,-12,0,173059,0.000,-4.768
43610,0,-12,0,173025,0.000,-4.768
43620,0,-12,0,172991,0.000,-4.768
43630,0,-12,0,172956,0.000,-4.909
43640,0,-12,0,172921,0.000,-4.909
43650,0,-12,0,172886,0.000,-4.909
43660,0,-12,0,172851,0.000,-4.909
43670,0,-12,0,172816,0.000,-4.909
43680,0,-12,0,172781,0.000,-4.909
43690,0,-12,0,172746,0.000,-4.909
43700,0,-12,0,172710,0.000,-5.049
43710,0,-12,0,172675,0.000,-4.909
43720,0,-12,0,172639,0.000,-5.049
43730,0,-12,0,172603,0.000,-5.049
43740,0,-12,0,172567,0.000,-5.049
43750,0,-12,0,172531,0.000,-5.049
43760,0,-12,0,172494,0.000,-5.189
43770,0,-12,0,172457,0.000,-5.189
43780,0,-12,0,172421,0.000,-5.049
43790,0,-12,0,172383,0.000,-5.329
43800,0,-12,0,172346,0.000,-5.189
43810,0,-12,0,172309,0.000,-5.189
43820,0,-12,0,172271,0.000,-5.329
43830,0,-12,0,172234,0.000,-5.189
43840,0,-12,0,172197,0.000,-5.189
43850,0,-12,0,172159,0.000,-5.329
43860,0,-12,0,172122,0.000,-5.189
43870,0,-12,0,172085,0.000,-5.189
43880,0,-12,0,172047,0.000,-5.329
43890,0,-12,0,172010,0.000,-5.189
43900,0,-12,0,171972,0.000,-5.329
43910,0,-12,0,171934,0.000,-5.329
43920,0,-12,0,171896,0.000,-5.329
43930,0,-12,0,171858,0.000,-5.329
43940,0,-12,0,171820,0.000,-5.329
43950,0,-12,0,171781,0.000,-5.470
43960,0,-12,0,171743,0.000,-5.329
43970,0,-12,0,171705,0.000,-5.329
43980,0,-12,0,171666,0.000,-5.470
43990,0,-12,0,171628,0.000,-5.329
44000,0,-12,0,171589,0.000,-5.470
44010,0,-12,0,171551,0.000,-5.329
44020,0,-12,0,171512,0.000,-5.470
44030,0,-12,0,171473,0.000,-5.470
44040,0,-12,0,171435,0.000,-5.329
44050,0,-12,0,171396,0.000,-5.470
44060,0,-12,0,171356,0.000,-5.610
44070,0,-12,0,171317,0.000,-5.470
44080,0,-12,0,171278,0.000,-5.470
44090,0,-12,0,171238,0.000,-5.610
44100,0,-12,0,171198,0.000,-5.610
44110,0,-12,0,171158,0.000,-5.610
44120,0,-12,0,171117,0.000,-5.750
44130,0,-12,0,171076,0.000,-5.750
44140,0,-12,0,171034,0.000,-5.890
44150,0,-12,0,170992,0.000,-5.890
44160,0,-12,0,170950,0.000,-5.890
44170,0,-12,0,170909,0.000,-5.750
44180,0,-12,0,170867,0.000,-5.890
44190,0,-12,0,170826,0.000,-5.750
44200,0,-12,0,170785,0.000,-5.750
44210,0,-12,0,170744,0.000,-5.750
44220,0,-12,0,170703,0.000,-5.750
44230,0,-12,0,170662,0.000,-5.750
44240,0,-12,0,170622,0.000,-5.610
44250,0,-12,0,170581,0.000,-5.750
44260,0,-12,0,170541,0.000,-5.610
44270,0,-12,0,170501,0.000,-5.610
44280,0,-12,0,170461,0.000,-5.610
44290,0,-12,0,170421,0.000,-5.610
44300,0,-12,0,170382,0.000,-5.470
44310,0,-12,0,170342,0.000,-5.610
44320,0,-12,0,170303,0.000,-5.470
44330,0,-12,0,170264,0.000,-5.470
44340,0,-12,0,170224,0.000,-5.610
44350,0,-12,0,170185,0.000,-5.470
44360,0,-12,0,170146,0.000,-5.470
44370,0,-12,0,170107,0.000,-5.470
44380,0,-12,0,170069,0.000,-5.329
44390,0,-12,0,170030,0.000,-5.470
44400,0,-12,0,169991,0.000,-5.470
44410,0,-12,0,169952,0.000,-5.470
44420,0,-12,0,169914,0.000,-5.329
44430,0,-12,0,169874,0.000,-5.610
44440,0,-12,0,169836,0.000,-5.329
44450,0,-12,0,169797,0.000,-5.470
44460,0,-12,0,169757,0.000,-5.610
44470,0,-12,0,169720,0.000,-5.189
44480,0,-12,0,169680,0.000,-5.610
44490,0,-12,0,169643,0.000,-5.189
44500,0,-12,0,169605,0.000,-5.329
44510,0,-12,0,169566,0.000,-5.470
44520,0,-12,0,169528,0.000,-5.329
44530,0,-12,0,169490,0.000,-5.329
44540,0,-12,0,169452,0.000,-5.329
44550,0,-12,0,169415,0.000,-5.189
44560,0,-12,0,169377,0.000,-5.329
44570,0,-12,0,169339,0.000,-5.329
44580,0,-12,0,169301,0.000,-5.329
44590,0,-12,0,169264,0.000,-5.189
44600,0,-12,0,169227,0.000,-5.189
44610,0,-12,0,169190,0.000,-5.189
44620,0,-12,0,169154,0.000,-5.049
44630,0,-12,0,169117,0.000,-5.189
44640,0,-12,0,169080,0.000,-5.189
44650,0,-12,0,169044,0.000,-5.049
44660,0,-12,0,169007,0.000,-5.189
44670,0,-12,0,168972,0.000,-4.909
44680,0,-12,0,168936,0.000,-5.049
44690,0,-12,0,168900,0.000,-5.049
44700,0,-12,0,168864,0.000,-5.049
44710,0,-12,0,168829,0.000,-4.909
44720,0,-12,0,168792,0.000,-5.189
44730,0,-12,0,168756,0.000,-5.049
44740,0,-12,0,168720,0.000,-5.049
44750,0,-12,0,168683,0.000,-5.189
44760,0,-12,0,168646,0.000,-5.189
44770,0,-12,0,168609,0.000,-5.189
44780,0,-12,0,168572,0.000,-5.189
44790,0,-12,0,168535,0.000,-5.189
44800,0,-12,0,168497,0.000,-5.329
44810,0,-12,0,168460,0.000,-5.189
44820,0,-12,0,168422,0.000,-5.329
44830,0,-12,0,168385,0.000,-5.189
44840,0,-12,0,168348,0.000,-5.189
44850,0,-12,0,168311,0.000,-5.189
44860,0,-12,0,168274,0.000,-5.189
44870,0,-12,0,168237,0.000,-5.189
44880,0,-12,0,168200,0.000,-5.189
44890,0,-12,0,168163,0.000,-5.189
44900,0,-12,0,168126,0.000,-5.189
44910,0,-12,0,168089,0.000,-5.189
44920,0,-12,0,168052,0.000,-5.189
44930,0,-12,0,168015,0.000,-5.189
44940,0,-12,0,167978,0.000,-5.189
44950,0,-12,0,167941,0.000,-5.189
44960,0,-12,0,167903,0.000,-5.329
44970,0,-12,0,167866,0.000,-5.189
44980,0,-12,0,167828,0.000,-5.329
44990,0,-12,0,167791,0.000,-5.189
45000,0,-12,0,167753,0.000,-5.329
45010,0,0,0,167715,0.000,-5.329
45020,0,0,0,167677,0.000,-5.329
45030,0,0,0,167640,0.000,-5.189
45040,0,0,0,167607,0.000,-4.628
45050,0,0,0,167579,0.000,-3.927
45060,0,0,0,167558,0.000,-2.945
45070,0,0,0,167544,0.000,-1.963
45080,0,0,0,167534,0.000,-1.402
45090,0,0,0,167528,0.000,-0.841
45100,0,0,0,167526,0.000,-0.280
45110,0,0,0,167526,0.000,0.000
45120,0,0,0,167528,0.000,0.280
45130,0,0,0,167529,0.000,0.140
45140,0,0,0,167530,0.000,0.140
45150,0,0,0,167531,0.000,0.140
45160,0,0,0,167532,0.000,0.140
45170,0,0,0,167532,0.000,0.000
45180,0,0,0,167532,0.000,0.000
45190,0,0,0,167532,0.000,0.000
45200,0,0,0,167532,0.000,0.000
45210,0,0,0,167532,0.000,0.000
45220,0,0,0,167532,0.000,0.000
45230,0,0,0,167532,0.000,0.000
45240,0,0,0,167532,0.000,0.000
45250,0,0,0,167532,0.000,0.000
45260,0,0,0,167532,0.000,0.000
45270,0,0,0,167532,0.000,0.000
45280,0,0,0,167532,0.000,0.000
45290,0,0,0,167532,0.000,0.000
45300,0,0,0,167532,0.000,0.000
45310,0,0,0,167532,0.000,0.000
45320,0,0,0,167532,0.000,0.000
45330,0,0,0,167532,0.000,0.000
45340,0,0,0,167532,0.000,0.000
45350,0,0,0,167532,0.000,0.000
45360,0,0,0,167532,0.000,0.000
45370,0,0,0,167532,0.000,0.000
45380,0,0,0,167532,0.000,0.000
45390,0,0,0,167532,0.000,0.000
45400,0,0,0,167532,0.000,0.000
45410,0,0,0,167532,0.000,0.000
45420,0,0,0,167532,0.000,0.000
45430,0,0,0,167532,0.000,0.000
45440,0,0,0,167532,0.000,0.000
45450,0,0,0,167532,0.000,0.000
45460,0,0,0,167532,0.000,0.000
45470,0,0,0,167532,0.000,0.000
45480,0,0,0,167532,0.000,0.000
45490,0,0,0,167532,0.000,0.000
45500,0,0,0,167532,0.000,0.000
45510,0,0,0,167532,0.000,0.000
45520,0,0,0,167532,0.000,0.000
45530,0,0,0,167532,0.000,0.000
45540,0,0,0,167532,0.000,0.000
45550,0,0,0,167532,0.000,0.000
45560,0,0,0,167532,0.000,0.000
45570,0,0,0,167532,0.000,0.000
45580,0,0,0,167532,0.000,0.000
45590,0,0,0,167532,0.000,0.000
45600,0,0,0,167532,0.000,0.000
45610,0,0,0,167532,0.000,0.000
45620,0,0,0,167532,0.000,0.000
45630,0,0,0,167532,0.000,0.000
45640,0,0,0,167532,0.000,0.000
45650,0,0,0,167532,0.000,0.000
45660,0,0,0,167532,0.000,0.000
45670,0,0,0,167532,0.000,0.000
45680,0,0,0,167532,0.000,0.000
45690,0,0,0,167532,0.000,0.000
45700,0,0,0,167532,0.000,0.000
45710,0,0,0,167532,0.000,0.000
45720,0,0,0,167532,0.000,0.000
45730,0,0,0,167532,0.000,0.000
45740,0,0,0,167532,0.000,0.000
45750,0,0,0,167532,0.000,0.000
45760,0,0,0,167532,0.000,0.000
45770,0,0,0,167532,0.000,0.000
45780,0,0,0,167532,0.000,0.000
45790,0,0,0,167532,0.000,0.000
45800,0,0,0,167532,0.000,0.000
45810,0,0,0,167532,0.000,0.000
45820,0,0,0,167532,0.000,0.000
45830,0,0,0,167532,0.000,0.000
45840,0,0,0,167532,0.000,0.000
45850,0,0,0,167532,0.000,0.000
45860,0,0,0,167532,0.000,0.000
45870,0,0,0,167532,0.000,0.000
45880,0,0,0,167532,0.000,0.000
45890,0,0,0,167532,0.000,0.000
45900,0,0,0,167532,0.000,0.000
45910,0,0,0,167532,0.000,0.000
45920,0,0,0,167532,0.000,0.000
45930,0,0,0,167532,0.000,0.000
45940,0,0,0,167532,0.000,0.000
45950,0,0,0,167532,0.000,0.000
45960,0,0,0,167532,0.000,0.000
45970,0,0,0,167532,0.000,0.000
45980,0,0,0,167532,0.000,0.000
45990,0,0,0,167532,0.000,0.000
46000,0,0,0,167532,0.000,0.000
46010,0,0,0,167532,0.000,0.000
46020,0,0,0,167532,0.000,0.000
46030,0,0,0,167532,0.000,0.000
46040,0,0,0,167532,0.000,0.000
46050,0,0,0,167532,0.000,0.000
46060,0,0,0,167532,0.000,0.000
46070,0,0,0,167532,0.000,0.000
46080,0,0,0,167532,0.000,0.000
46090,0,0,0,167532,0.000,0.000
46100,0,0,0,167532,0.000,0.000
46110,0,0,0,167532,0.000,0.000
46120,0,0,0,167532,0.000,0.000
46130,0,0,0,167532,0.000,0.000
46140,0,0,0,167532,0.000,0.000
46150,0,0,0,167532,0.000,0.000
46160,0,0,0,167532,0.000,0.000
46170,0,0,0,167532,0.000,0.000
46180,0,0,0,167532,0.000,0.000
46190,0,0,0,167532,0.000,0.000
46200,0,0,0,167532,0.000,0.000
46210,0,0,0,167532,0.000,0.000
46220,0,0,0,167532,0.000,0.000
46230,0,0,0,167532,0.000,0.000
46240,0,0,0,167532,0.000,0.000
46250,0,0,0,167532,0.000,0.000
46260,0,0,0,167532,0.000,0.000
46270,0,0,0,167532,0.000,0.000
46280,0,0,0,167532,0.000,0.000
46290,0,0,0,167532,0.000,0.000
46300,0,0,0,167532,0.000,0.000
46310,0,0,0,167532,0.000,0.000
46320,0,0,0,167532,0.000,0.000
46330,0,0,0,167532,0.000,0.000
46340,0,0,0,167532,0.000,0.000
46350,0,0,0,167532,0.000,0.000
46360,0,0,0,167532,0.000,0.000
46370,0,0,0,167532,0.000,0.000
46380,0,0,0,167532,0.000,0.000
46390,0,0,0,167532,0.000,0.000
46400,0,0,0,167532,0.000,0.000
46410,0,0,0,167532,0.000,0.000
46420,0,0,0,167532,0.000,0.000
46430,0,0,0,167532,0.000,0.000
46440,0,0,0,167532,0.000,0.000
46450,0,0,0,167532,0.000,0.000
46460,0,0,0,167532,0.000,0.000
46470,0,0,0,167532,0.000,0.000
46480,0,0,0,167532,0.000,0.000
46490,0,0,0,167532,0.000,0.000
46500,0,0,0,167532,0.000,0.000
46510,0,0,0,167532,0.000,0.000
46520,0,0,0,167532,0.000,0.000
46530,0,0,0,167532,0.000,0.000
46540,0,0,0,167532,0.000,0.000
46550,0,0,0,167532,0.000,0.000
46560,0,0,0,167532,0.000,0.000
46570,0,0,0,167532,0.000,0.000
46580,0,0,0,167532,0.000,0.000
46590,0,0,0,167532,0.000,0.000
46600,0,0,0,167532,0.000,0.000
46610,0,0,0,167532,0.000,0.000
46620,0,0,0,167532,0.000,0.000
46630,0,0,0,167532,0.000,0.000
46640,0,0,0,167532,0.000,0.000
46650,0,0,0,167532,0.000,0.000
46660,0,0,0,167532,0.000,0.000
46670,0,0,0,167532,0.000,0.000
46680,0,0,0,167532,0.000,0.000
46690,0,0,0,167532,0.000,0.000
46700,0,0,0,167532,0.000,0.000
46710,0,0,0,167532,0.000,0.000
46720,0,0,0,167532,0.000,0.000
46730,0,0,0,167532,0.000,0.000
46740,0,0,0,167532,0.000,0.000
46750,0,0,0,167532,0.000,0.000
46760,0,0,0,167532,0.000,0.000
46770,0,0,0,167532,0.000,0.000
46780,0,0,0,167532,0.000,0.000
46790,0,0,0,167532,0.000,0.000
46800,0,0,0,167532,0.000,0.000
46810,0,0,0,167532,0.000,0.000
46820,0,0,0,167532,0.000,0.000
46830,0,0,0,167532,0.000,0.000
46840,0,0,0,167532,0.000,0.000
46850,0,0,0,167532,0.000,0.000
46860,0,0,0,167532,0.000,0.000
46870,0,0,0,167532,0.000,0.000
46880,0,0,0,167532,0.000,0.000
46890,0,0,0,167532,0.000,0.000
46900,0,0,0,167532,0.000,0.000
46910,0,0,0,167532,0.000,0.000
46920,0,0,0,167532,0.000,0.000
46930,0,0,0,167532,0.000,0.000
46940,0,0,0,167532,0.000,0.000
46950,0,0,0,167532,0.000,0.000
46960,0,0,0,167532,0.000,0.000
46970,0,0,0,167532,0.000,0.000
46980,0,0,0,167532,0.000,0.000
46990,0,0,0,167532,0.000,0.000
47000,0,0,0,167532,0.000,0.000
47010,0,-20,0,167532,0.000,0.000
47020,0,-20,0,167532,0.000,0.000
47030,0,-20,0,167531,0.000,-0.140
47040,0,-20,0,167522,0.000,-1.262
47050,0,-20,0,167508,0.000,-1.963
47060,0,-20,0,167483,0.000,-3.506
47070,0,-20,0,167450,0.000,-4.628
47080,0,-20,0,167409,0.000,-5.750
47090,0,-20,0,167363,0.000,-6.451
47100,0,-20,0,167311,0.000,-7.293
47110,0,-20,0,167256,0.000,-7.714
47120,0,-20,0,167198,0.000,-8.134
47130,0,-20,0,167138,0.000,-8.415
47140,0,-20,0,167075,0.000,-8.836
47150,0,-20,0,167011,0.000,-8.976
47160,0,-20,0,166946,0.000,-9.116
47170,0,-20,0,166879,0.000,-9.397
47180,0,-20,0,166812,0.000,-9.397
47190,0,-20,0,166744,0.000,-9.537
47200,0,-20,0,166675,0.000,-9.677
47210,0,-20,0,166605,0.000,-9.817
47220,0,-20,0,166535,0.000,-9.817
47230,0,-20,0,166465,0.000,-9.817
47240,0,-20,0,166394,0.000,-9.958
47250,0,-20,0,166323,0.000,-9.958
47260,0,-20,0,166253,0.000,-9.817
47270,0,-20,0,166183,0.000,-9.817
47280,0,-20,0,166113,0.000,-9.817
47290,0,-20,0,166044,0.000,-9.677
47300,0,-20,0,165974,0.000,-9.817
47310,0,-20,0,165904,0.000,-9.817
47320,0,-20,0,165833,0.000,-9.958
47330,0,-20,0,165763,0.000,-9.817
47340,0,-20,0,165692,0.000,-9.958
47350,0,-20,0,165622,0.000,-9.817
47360,0,-20,0,165552,0.000,-9.817
47370,0,-20,0,165481,0.000,-9.958
47380,0,-20,0,165411,0.000,-9.817
47390,0,-20,0,165341,0.000,-9.817
47400,0,-20,0,165271,0.000,-9.817
47410,0,-20,0,165201,0.000,-9.817
47420,0,-20,0,165131,0.000,-9.817
47430,0,-20,0,165062,0.000,-9.677
47440,0,-20,0,164993,0.000,-9.677
47450,0,-20,0,164924,0.000,-9.677
47460,0,-20,0,164854,0.000,-9.817
47470,0,-20,0,164785,0.000,-9.677
47480,0,-20,0,164717,0.000,-9.537
47490,0,-20,0,164648,0.000,-9.677
47500,0,-20,0,164581,0.000,-9.397
47510,0,-20,0,164513,0.000,-9.537
47520,0,-20,0,164446,0.000,-9.397
47530,0,-20,0,164378,0.000,-9.537
47540,0,-20,0,164311,0.000,-9.397
47550,0,-20,0,164244,0.000,-9.397
47560,0,-20,0,164177,0.000,-9.397
47570,0,-20,0,164111,0.000,-9.256
47580,0,-20,0,164044,0.000,-9.397
47590,0,-20,0,163977,0.000,-9.397
47600,0,-20,0,163911,0.000,-9.256
47610,0,-20,0,163844,0.000,-9.397
47620,0,-20,0,163777,0.000,-9.397
47630,0,-20,0,163710,0.000,-9.397
47640,0,-20,0,163644,0.000,-9.256
47650,0,-20,0,163577,0.000,-9.397
47660,0,-20,0,163510,0.000,-9.397
47670,0,-20,0,163443,0.000,-9.397
47680,0,-20,0,163377,0.000,-9.256
47690,0,-20,0,163309,0.000,-9.537
47700,0,-20,0,163242,0.000,-9.397
47710,0,-20,0,163174,0.000,-9.537
47720,0,-20,0,163106,0.000,-9.537
47730,0,-20,0,163038,0.000,-9.537
47740,0,-20,0,162969,0.000,-9.677
47750,0,-20,0,162899,0.000,-9.817
47760,0,-20,0,162829,0.000,-9.817
47770,0,-20,0,162760,0.000,-9.677
47780,0,-20,0,162690,0.000,-9.817
47790,0,-20,0,162620,0.000,-9.817
47800,0,-20,0,162550,0.000,-9.817
47810,0,-20,0,162480,0.000,-9.817
47820,0,-20,0,162409,0.000,-9.958
47830,0,-20,0,162338,0.000,-9.958
47840,0,-20,0,162266,0.000,-10.098
47850,0,-20,0,162195,0.000,-9.958
47860,0,-20,0,162123,0.000,-10.098
47870,0,-20,0,162051,0.000,-10.098
47880,0,-20,0,161979,0.000,-10.098
47890,0,-20,0,161907,0.000,-10.098
47900,0,-20,0,161834,0.000,-10.238
47910,0,-20,0,161761,0.000,-10.238
47920,0,-20,0,161688,0.000,-10.238
47930,0,-20,0,161615,0.000,-10.238
47940,0,-20,0,161542,0.000,-10.238
47950,0,-20,0,161470,0.000,-10.098
47960,0,-20,0,161398,0.000,-10.098
47970,0,-20,0,161326,0.000,-10.098
47980,0,-20,0,161253,0.000,-10.238
47990,0,-20,0,161181,0.000,-10.098
48000,0,-20,0,161109,0.000,-10.098
48010,0,-20,0,161038,0.000,-9.958
48020,0,-20,0,160966,0.000,-10.098
48030,0,-20,0,160895,0.000,-9.958
48040,0,-20,0,160824,0.000,-9.958
48050,0,-20,0,160753,0.000,-9.958
48060,0,-20,0,160683,0.000,-9.817
48070,0,-20,0,160612,0.000,-9.958
48080,0,-20,0,160542,0.000,-9.817
48090,0,-20,0,160473,0.000,-9.677
48100,0,-20,0,160404,0.000,-9.677
48110,0,-20,0,160336,0.000,-9.537
48120,0,-20,0,160270,0.000,-9.256
48130,0,-20,0,160203,0.000,-9.397
48140,0,-20,0,160137,0.000,-9.256
48150,0,-20,0,160070,0.000,-9.397
48160,0,-20,0,160004,0.000,-9.256
48170,0,-20,0,159937,0.000,-9.397
48180,0,-20,0,159869,0.000,-9.537
48190,0,-20,0,159803,0.000,-9.256
48200,0,-20,0,159735,0.000,-9.537
48210,0,-20,0,159668,0.000,-9.397
48220,0,-20,0,159600,0.000,-9.537
48230,0,-20,0,159533,0.000,-9.397
48240,0,-20,0,159465,0.000,-9.537
48250,0,-20,0,159398,0.000,-9.397
48260,0,-20,0,159330,0.000,-9.537
48270,0,-20,0,159263,0.000,-9.397
48280,0,-20,0,159195,0.000,-9.537
48290,0,-20,0,159128,0.000,-9.397
48300,0,-20,0,159060,0.000,-9.537
48310,0,-20,0,158992,0.000,-9.537
48320,0,-20,0,158923,0.000,-9.677
48330,0,-20,0,158855,0.000,-9.537
48340,0,-20,0,158787,0.000,-9.537
48350,0,-20,0,158719,0.000,-9.537
48360,0,-20,0,158650,0.000,-9.677
48370,0,-20,0,158582,0.000,-9.537
48380,0,-20,0,158513,0.000,-9.677
48390,0,-20,0,158444,0.000,-9.677
48400,0,-20,0,158375,0.000,-9.677
48410,0,-20,0,158305,0.000,-9.817
48420,0,-20,0,158236,0.000,-9.677
48430,0,-20,0,158167,0.000,-9.677
48440,0,-20,0,158096,0.000,-9.958
48450,0,-20,0,158026,0.000,-9.817
48460,0,-20,0,157955,0.000,-9.958
48470,0,-20,0,157884,0.000,-9.958
48480,0,-20,0,157813,0.000,-9.958
48490,0,-20,0,157742,0.000,-9.958
48500,0,-20,0,157671,0.000,-9.958
48510,0,-20,0,157598,0.000,-10.238
48520,0,-20,0,157526,0.000,-10.098
48530,0,-20,0,157453,0.000,-10.238
48540,0,-20,0,157380,0.000,-10.238
48550,0,-20,0,157308,0.000,-10.098
48560,0,-20,0,157235,0.000,-10.238
48570,0,-20,0,157162,0.000,-10.238
48580,0,-20,0,157090,0.000,-10.098
48590,0,-20,0,157017,0.000,-10.238
48600,0,-20,0,156945,0.000,-10.098
48610,0,-20,0,156872,0.000,-10.238
48620,0,-20,0,156800,0.000,-10.098
48630,0,-20,0,156727,0.000,-10.238
48640,0,-20,0,156655,0.000,-10.098
48650,0,-20,0,156584,0.000,-9.958
48660,0,-20,0,156512,0.000,-10.098
48670,0,-20,0,156441,0.000,-9.958
48680,0,-20,0,156371,0.000,-9.817
48690,0,-20,0,156301,0.000,-9.817
48700,0,-20,0,156231,0.000,-9.817
48710,0,-20,0,156161,0.000,-9.817
48720,0,-20,0,156092,0.000,-9.677
48730,0,-20,0,156023,0.000,-9.677
48740,0,-20,0,155954,0.000,-9.677
48750,0,-20,0,155885,0.000,-9.677
48760,0,-20,0,155817,0.000,-9.537
48770,0,-20,0,155749,0.000,-9.537
48780,0,-20,0,155681,0.000,-9.537
48790,0,-20,0,155613,0.000,-9.537
48800,0,-20,0,155546,0.000,-9.397
48810,0,-20,0,155478,0.000,-9.537
48820,0,-20,0,155411,0.000,-9.397
48830,0,-20,0,155343,0.000,-9.537
48840,0,-20,0,155276,0.000,-9.397
48850,0,-20,0,155209,0.000,-9.397
48860,0,-20,0,155142,0.000,-9.397
48870,0,-20,0,155075,0.000,-9.397
48880,0,-20,0,155009,0.000,-9.256
48890,0,-20,0,154943,0.000,-9.256
48900,0,-20,0,154876,0.000,-9.397
48910,0,-20,0,154810,0.000,-9.256
48920,0,-20,0,154744,0.000,-9.256
48930,0,-20,0,154677,0.000,-9.397
48940,0,-20,0,154611,0.000,-9.256
48950,0,-20,0,154545,0.000,-9.256
48960,0,-20,0,154478,0.000,-9.397
48970,0,-20,0,154411,0.000,-9.397
48980,0,-20,0,154345,0.000,-9.256
48990,0,-20,0,154278,0.000,-9.397
49000,0,-20,0,154211,0.000,-9.397
49010,0,-20,0,154143,0.000,-9.537
49020,0,-20,0,154076,0.000,-9.397
49030,0,-20,0,154008,0.000,-9.537
49040,0,-20,0,153941,0.000,-9.397
49050,0,-20,0,153873,0.000,-9.537
49060,0,-20,0,153805,0.000,-9.537
49070,0,-20,0,153737,0.000,-9.537
49080,0,-20,0,153668,0.000,-9.677
49090,0,-20,0,153599,0.000,-9.677
49100,0,-20,0,153529,0.000,-9.817
49110,0,-20,0,153460,0.000,-9.677
49120,0,-20,0,153390,0.000,-9.817
49130,0,-20,0,153321,0.000,-9.677
49140,0,-20,0,153251,0.000,-9.817
49150,0,-20,0,153180,0.000,-9.958
49160,0,-20,0,153110,0.000,-9.817
49170,0,-20,0,153039,0.000,-9.958
49180,0,-20,0,152968,0.000,-9.958
49190,0,-20,0,152897,0.000,-9.958
49200,0,-20,0,152825,0.000,-10.098
49210,0,-20,0,152754,0.000,-9.958
49220,0,-20,0,152683,0.000,-9.958
49230,0,-20,0,152611,0.000,-10.098
49240,0,-20,0,152540,0.000,-9.958
49250,0,-20,0,152469,0.000,-9.958
49260,0,-20,0,152399,0.000,-9.817
49270,0,-20,0,152328,0.000,-9.958
49280,0,-20,0,152257,0.000,-9.958
49290,0,-20,0,152187,0.000,-9.817
49300,0,-20,0,152117,0.000,-9.817
49310,0,-20,0,152047,0.000,-9.817
49320,0,-20,0,151977,0.000,-9.817
49330,0,-20,0,151907,0.000,-9.817
49340,0,-20,0,151837,0.000,-9.817
49350,0,-20,0,151768,0.000,-9.677
49360,0,-20,0,151699,0.000,-9.677
49370,0,-20,0,151631,0.000,-9.537
49380,0,-20,0,151562,0.000,-9.677
49390,0,-20,0,151494,0.000,-9.537
49400,0,-20,0,151426,0.000,-9.537
49410,0,-20,0,151358,0.000,-9.537
49420,0,-20,0,151290,0.000,-9.537
49430,0,-20,0,151223,0.000,-9.397
49440,0,-20,0,151156,0.000,-9.397
49450,0,-20,0,151088,0.000,-9.537
49460,0,-20,0,151021,0.000,-9.397
49470,0,-20,0,150954,0.000,-9.397
49480,0,-20,0,150888,0.000,-9.256
49490,0,-20,0,150821,0.000,-9.397
49500,0,-20,0,150754,0.000,-9.397
49510,0,-20,0,150687,0.000,-9.397
49520,0,-20,0,150620,0.000,-9.397
49530,0,-20,0,150554,0.000,-9.256
49540,0,-20,0,150487,0.000,-9.397
49550,0,-20,0,150420,0.000,-9.397
49560,0,-20,0,150353,0.000,-9.397
49570,0,-20,0,150286,0.000,-9.397
49580,0,-20,0,150219,0.000,-9.397
49590,0,-20,0,150152,0.000,-9.397
49600,0,-20,0,150085,0.000,-9.397
49610,0,-20,0,150018,0.000,-9.397
49620,0,-20,0,149951,0.000,-9.397
49630,0,-20,0,149884,0.000,-9.397
49640,0,-20,0,149816,0.000,-9.537
49650,0,-20,0,149749,0.000,-9.397
49660,0,-20,0,149681,0.000,-9.537
49670,0,-20,0,149614,0.000,-9.397
49680,0,-20,0,149546,0.000,-9.537
49690,0,-20,0,149478,0.000,-9.537
49700,0,-20,0,149410,0.000,-9.537
49710,0,-20,0,149341,0.000,-9.677
49720,0,-20,0,149273,0.000,-9.537
49730,0,-20,0,149204,0.000,-9.677
49740,0,-20,0,149135,0.000,-9.677
49750,0,-20,0,149066,0.000,-9.677
49760,0,-20,0,148996,0.000,-9.817
49770,0,-20,0,148927,0.000,-9.677
49780,0,-20,0,148857,0.000,-9.817
49790,0,-20,0,148786,0.000,-9.958
49800,0,-20,0,148716,0.000,-9.817
49810,0,-20,0,148644,0.000,-10.098
49820,0,-20,0,148573,0.000,-9.958
49830,0,-20,0,148501,0.000,-10.098
49840,0,-20,0,148429,0.000,-10.098
49850,0,-20,0,148357,0.000,-10.098
49860,0,-20,0,148286,0.000,-9.958
49870,0,-20,0,148214,0.000,-10.098
49880,0,-20,0,148144,0.000,-9.817
49890,0,-20,0,148074,0.000,-9.817
49900,0,-20,0,148005,0.000,-9.677
49910,0,-20,0,147936,0.000,-9.677
49920,0,-20,0,147867,0.000,-9.677
49930,0,-20,0,147798,0.000,-9.677
49940,0,-20,0,147729,0.000,-9.677
49950,0,-20,0,147660,0.000,-9.677
49960,0,-20,0,147591,0.000,-9.677
49970,0,-20,0,147522,0.000,-9.677
49980,0,-20,0,147453,0.000,-9.677
49990,0,-20,0,147384,0.000,-9.677
50000,0,-20,0,147316,0.000,-9.537
50010,0,0,0,147247,0.000,-9.677
50020,0,0,0,147179,0.000,-9.537
50030,0,0,0,147111,0.000,-9.537
50040,0,0,0,147049,0.000,-8.695
50050,0,0,0,146994,0.000,-7.714
50060,0,0,0,146951,0.000,-6.031
50070,0,0,0,146919,0.000,-4.488
50080,0,0,0,146896,0.000,-3.226
50090,0,0,0,146882,0.000,-1.963
50100,0,0,0,146872,0.000,-1.402
50110,0,0,0,146867,0.000,-0.701
50120,0,0,0,146865,0.000,-0.280
50130,0,0,0,146866,0.000,0.140
50140,0,0,0,146867,0.000,0.140
50150,0,0,0,146869,0.000,0.280
50160,0,0,0,146870,0.000,0.140
50170,0,0,0,146871,0.000,0.140
50180,0,0,0,146871,0.000,0.000
50190,0,0,0,146871,0.000,0.000
50200,0,0,0,146871,0.000,0.000
50210,0,0,0,146871,0.000,0.000
50220,0,0,0,146871,0.000,0.000
50230,0,0,0,146871,0.000,0.000
50240,0,0,0,146871,0.000,0.000
50250,0,0,0,146871,0.000,0.000
50260,0,0,0,146871,0.000,0.000
50270,0,0,0,146871,0.000,0.000
50280,0,0,0,146871,0.000,0.000
50290,0,0,0,146871,0.000,0.000
50300,0,0,0,146871,0.000,0.000
50310,0,0,0,146871,0.000,0.000
50320,0,0,0,146871,0.000,0.000
50330,0,0,0,146871,0.000,0.000
50340,0,0,0,146871,0.000,0.000
50350,0,0,0,146871,0.000,0.000
50360,0,0,0,146871,0.000,0.000
50370,0,0,0,146871,0.000,0.000
50380,0,0,0,146871,0.000,0.000
50390,0,0,0,146871,0.000,0.000
50400,0,0,0,146871,0.000,0.000
50410,0,0,0,146871,0.000,0.000
50420,0,0,0,146871,0.000,0.000
50430,0,0,0,146871,0.000,0.000
50440,0,0,0,146871,0.000,0.000
50450,0,0,0,146871,0.000,0.000
50460,0,0,0,146871,0.000,0.000
50470,0,0,0,146871,0.000,0.000
50480,0,0,0,146871,0.000,0.000
50490,0,0,0,146871,0.000,0.000
50500,0,0,0,146871,0.000,0.000
50510,0,0,0,146871,0.000,0.000
50520,0,0,0,146871,0.000,0.000
50530,0,0,0,146871,0.000,0.000
50540,0,0,0,146871,0.000,0.000
50550,0,0,0,146871,0.000,0.000
50560,0,0,0,146871,0.000,0.000
50570,0,0,0,146871,0.000,0.000
50580,0,0,0,146871,0.000,0.000
50590,0,0,0,146871,0.000,0.000
50600,0,0,0,146871,0.000,0.000
50610,0,0,0,146871,0.000,0.000
50620,0,0,0,146871,0.000,0.000
50630,0,0,0,146871,0.000,0.000
50640,0,0,0,146871,0.000,0.000
50650,0,0,0,146871,0.000,0.000
50660,0,0,0,146871,0.000,0.000
50670,0,0,0,146871,0.000,0.000
50680,0,0,0,146871,0.000,0.000
50690,0,0,0,146871,0.000,0.000
50700,0,0,0,146871,0.000,0.000
50710,0,0,0,146871,0.000,0.000
50720,0,0,0,146871,0.000,0.000
50730,0,0,0,146871,0.000,0.000
50740,0,0,0,146871,0.000,0.000
50750,0,0,0,146871,0.000,0.000
50760,0,0,0,146871,0.000,0.000
50770,0,0,0,146871,0.000,0.000
50780,0,0,0,146871,0.000,0.000
50790,0,0,0,146871,0.000,0.000
50800,0,0,0,146871,0.000,0.000
50810,0,0,0,146871,0.000,0.000
50820,0,0,0,146871,0.000,0.000
50830,0,0,0,146871,0.000,0.000
50840,0,0,0,146871,0.000,0.000
50850,0,0,0,146871,0.000,0.000
50860,0,0,0,146871,0.000,0.000
50870,0,0,0,146871,0.000,0.000
50880,0,0,0,146871,0.000,0.000
50890,0,0,0,146871,0.000,0.000
50900,0,0,0,146871,0.000,0.000
50910,0,0,0,146871,0.000,0.000
50920,0,0,0,146871,0.000,0.000
50930,0,0,0,146871,0.000,0.000
50940,0,0,0,146871,0.000,0.000
50950,0,0,0,146871,0.000,0.000
50960,0,0,0,146871,0.000,0.000
50970,0,0,0,146871,0.000,0.000
50980,0,0,0,146871,0.000,0.000
50990,0,0,0,146871,0.000,0.000
51000,0,0,0,146871,0.000,0.000
51010,0,0,0,146871,0.000,0.000
51020,0,0,0,146871,0.000,0.000
51030,0,0,0,146871,0.000,0.000
51040,0,0,0,146871,0.000,0.000
51050,0,0,0,146871,0.000,0.000
51060,0,0,0,146871,0.000,0.000
51070,0,0,0,146871,0.000,0.000
51080,0,0,0,146871,0.000,0.000
51090,0,0,0,146871,0.000,0.000
51100,0,0,0,146871,0.000,0.000
51110,0,0,0,146871,0.000,0.000
51120,0,0,0,146871,0.000,0.000
51130,0,0,0,146871,0.000,0.000
51140,0,0,0,146871,0.000,0.000
51150,0,0,0,146871,0.000,0.000
51160,0,0,0,146871,0.000,0.000
51170,0,0,0,146871,0.000,0.000
51180,0,0,0,146871,0.000,0.000
51190,0,0,0,146871,0.000,0.000
51200,0,0,0,146871,0.000,0.000
51210,0,0,0,146871,0.000,0.000
51220,0,0,0,146871,0.000,0.000
51230,0,0,0,146871,0.000,0.000
51240,0,0,0,146871,0.000,0.000
51250,0,0,0,146871,0.000,0.000
51260,0,0,0,146871,0.000,0.000
51270,0,0,0,146871,0.000,0.000
51280,0,0,0,146871,0.000,0.000
51290,0,0,0,146871,0.000,0.000
51300,0,0,0,146871,0.000,0.000
51310,0,0,0,146871,0.000,0.000
51320,0,0,0,146871,0.000,0.000
51330,0,0,0,146871,0.000,0.000
51340,0,0,0,146871,0.000,0.000
51350,0,0,0,146871,0.000,0.000
51360,0,0,0,146871,0.000,0.000
51370,0,0,0,146871,0.000,0.000
51380,0,0,0,146871,0.000,0.000
51390,0,0,0,146871,0.000,0.000
51400,0,0,0,146871,0.000,0.000
51410,0,0,0,146871,0.000,0.000
51420,0,0,0,146871,0.000,0.000
51430,0,0,0,146871,0.000,0.000
51440,0,0,0,146872,0.000,0.140
51450,0,0,0,146874,0.000,0.280
51460,0,0,0,146878,0.000,0.561
51470,0,0,0,146882,0.000,0.561
51480,0,0,0,146884,0.000,0.280
51490,0,0,0,146886,0.000,0.280
51500,0,0,0,146887,0.000,0.140
51510,0,0,0,146887,0.000,0.000
51520,0,0,0,146887,0.000,0.000
51530,0,0,0,146887,0.000,0.000
51540,0,0,0,146887,0.000,0.000
51550,0,0,0,146887,0.000,0.000
51560,0,0,0,146887,0.000,0.000
51570,0,0,0,146887,0.000,0.000
51580,0,0,0,146887,0.000,0.000
51590,0,0,0,146887,0.000,0.000
51600,0,0,0,146887,0.000,0.000
51610,0,0,0,146887,0.000,0.000
51620,0,0,0,146887,0.000,0.000
51630,0,0,0,146887,0.000,0.000
51640,0,0,0,146887,0.000,0.000
51650,0,0,0,146887,0.000,0.000
51660,0,0,0,146887,0.000,0.000
51670,0,0,0,146887,0.000,0.000
51680,0,0,0,146887,0.000,0.000
51690,0,0,0,146887,0.000,0.000
51700,0,0,0,146887,0.000,0.000
51710,0,0,0,146887,0.000,0.000
51720,0,0,0,146887,0.000,0.000
51730,0,0,0,146887,0.000,0.000
51740,0,0,0,146887,0.000,0.000
51750,0,0,0,146887,0.000,0.000
51760,0,0,0,146887,0.000,0.000
51770,0,0,0,146887,0.000,0.000
51780,0,0,0,146887,0.000,0.000
51790,0,0,0,146887,0.000,0.000
51800,0,0,0,146887,0.000,0.000
51810,0,0,0,146887,0.000,0.000
51820,0,0,0,146887,0.000,0.000
51830,0,0,0,146887,0.000,0.000
51840,0,0,0,146887,0.000,0.000
51850,0,0,0,146887,0.000,0.000
51860,0,0,0,146887,0.000,0.000
51870,0,0,0,146887,0.000,0.000
51880,0,0,0,146887,0.000,0.000
51890,0,0,0,146887,0.000,0.000
51900,0,0,0,146887,0.000,0.000
51910,0,0,0,146887,0.000,0.000
51920,0,0,0,146887,0.000,0.000
51930,0,0,0,146887,0.000,0.000
51940,0,0,0,146887,0.000,0.000
51950,0,0,0,146887,0.000,0.000
51960,0,0,0,146887,0.000,0.000
51970,0,0,0,146887,0.000,0.000
51980,0,0,0,146887,0.000,0.000
51990,0,0,0,146887,0.000,0.000
52000,0,0,0,146887,0.000,0.000
52010,0,0,0,146887,0.000,0.000
52020,0,0,0,146887,0.000,0.000
52030,0,0,0,146887,0.000,0.000
52040,0,0,0,146887,0.000,0.000
52050,0,0,0,146887,0.000,0.000
52060,0,0,0,146887,0.000,0.000
52070,0,0,0,146887,0.000,0.000
52080,0,0,0,146887,0.000,0.000
52090,0,0,0,146887,0.000,0.000
52100,0,0,0,146887,0.000,0.000
52110,0,0,0,146887,0.000,0.000
52120,0,0,0,146887,0.000,0.000
52130,0,0,0,146887,0.000,0.000
52140,0,0,0,146887,0.000,0.000
52150,0,0,0,146887,0.000,0.000
52160,0,0,0,146887,0.000,0.000
52170,0,0,0,146887,0.000,0.000
52180,0,0,0,146887,0.000,0.000
52190,0,0,0,146887,0.000,0.000
52200,0,0,0,146887,0.000,0.000
52210,0,0,0,146887,0.000,0.000
52220,0,0,0,146887,0.000,0.000
52230,0,0,0,146887,0.000,0.000
52240,0,0,0,146887,0.000,0.000
52250,0,0,0,146887,0.000,0.000
52260,0,0,0,146887,0.000,0.000
52270,0,0,0,146887,0.000,0.000
52280,0,0,0,146887,0.000,0.000
52290,0,0,0,146887,0.000,0.000
52300,0,0,0,146887,0.000,0.000
52310,0,0,0,146887,0.000,0.000
52320,0,0,0,146887,0.000,0.000
52330,0,0,0,146887,0.000,0.000
52340,0,0,0,146887,0.000,0.000
52350,0,0,0,146887,0.000,0.000
52360,0,0,0,146887,0.000,0.000
52370,0,0,0,146887,0.000,0.000
52380,0,0,0,146887,0.000,0.000
52390,0,0,0,146887,0.000,0.000
52400,0,0,0,146887,0.000,0.000
52410,0,0,0,146887,0.000,0.000
52420,0,0,0,146887,0.000,0.000
52430,0,0,0,146887,0.000,0.000
52440,0,0,0,146887,0.000,0.000
52450,0,0,0,146887,0.000,0.000
52460,0,0,0,146887,0.000,0.000
52470,0,0,0,146887,0.000,0.000
52480,0,0,0,146887,0.000,0.000
52490,0,0,0,146887,0.000,0.000
52500,0,0,0,146887,0.000,0.000
52510,0,0,0,146887,0.000,0.000
52520,0,0,0,146887,0.000,0.000
52530,0,0,0,146887,0.000,0.000
52540,0,0,0,146887,0.000,0.000
52550,0,0,0,146887,0.000,0.000
52560,0,0,0,146887,0.000,0.000
52570,0,0,0,146887,0.000,0.000
52580,0,0,0,146887,0.000,0.000
52590,0,0,0,146887,0.000,0.000
52600,0,0,0,146887,0.000,0.000
52610,0,0,0,146887,0.000,0.000
52620,0,0,0,146887,0.000,0.000
52630,0,0,0,146887,0.000,0.000
52640,0,0,0,146887,0.000,0.000
52650,0,0,0,146887,0.000,0.000
52660,0,0,0,146887,0.000,0.000
52670,0,0,0,146887,0.000,0.000
52680,0,0,0,146887,0.000,0.000
52690,0,0,0,146887,0.000,0.000
52700,0,0,0,146887,0.000,0.000
52710,0,0,0,146887,0.000,0.000
52720,0,0,0,146887,0.000,0.000
52730,0,0,0,146887,0.000,0.000
52740,0,0,0,146887,0.000,0.000
52750,0,0,0,146887,0.000,0.000
52760,0,0,0,146887,0.000,0.000
52770,0,0,0,146887,0.000,0.000
52780,0,0,0,146887,0.000,0.000
52790,0,0,0,146887,0.000,0.000
52800,0,0,0,146887,0.000,0.000
52810,0,0,0,146887,0.000,0.000
52820,0,0,0,146887,0.000,0.000
52830,0,0,0,146887,0.000,0.000
52840,0,0,0,146887,0.000,0.000
52850,0,0,0,146887,0.000,0.000
52860,0,0,0,146887,0.000,0.000
52870,0,0,0,146887,0.000,0.000
52880,0,0,0,146887,0.000,0.000
52890,0,0,0,146887,0.000,0.000
52900,0,0,0,146887,0.000,0.000
52910,0,0,0,146887,0.000,0.000
52920,0,0,0,146887,0.000,0.000
52930,0,0,0,146887,0.000,0.000
52940,0,0,0,146887,0.000,0.000
52950,0,0,0,146887,0.000,0.000
52960,0,0,0,146887,0.000,0.000
52970,0,0,0,146887,0.000,0.000
52980,0,0,0,146887,0.000,0.000
52990,0,0,0,146887,0.000,0.000
53000,0,0,0,146887,0.000,0.000
53010,0,-25,0,146887,0.000,0.000
53020,0,-25,0,146887,0.000,0.000
53030,0,-25,0,146886,0.000,-0.140
53040,0,-25,0,146877,0.000,-1.262
53050,0,-25,0,146857,0.000,-2.805
53060,0,-25,0,146831,0.000,-3.646
53070,0,-25,0,146798,0.000,-4.628
53080,0,-25,0,146759,0.000,-5.470
53090,0,-25,0,146716,0.000,-6.031
53100,0,-25,0,146668,0.000,-6.732
53110,0,-25,0,146614,0.000,-7.573
53120,0,-25,0,146555,0.000,-8.275
53130,0,-25,0,146491,0.000,-8.976
53140,0,-25,0,146423,0.000,-9.537
53150,0,-25,0,146352,0.000,-9.958
53160,0,-25,0,146277,0.000,-10.519
53170,0,-25,0,146201,0.000,-10.659
53180,0,-25,0,146123,0.000,-10.939
53190,0,-25,0,146044,0.000,-11.080
53200,0,-25,0,145963,0.000,-11.360
53210,0,-25,0,145881,0.000,-11.500
53220,0,-25,0,145799,0.000,-11.500
53230,0,-25,0,145716,0.000,-11.641
53240,0,-25,0,145632,0.000,-11.781
53250,0,-25,0,145547,0.000,-11.921
53260,0,-25,0,145463,0.000,-11.781
53270,0,-25,0,145377,0.000,-12.061
53280,0,-25,0,145292,0.000,-11.921
53290,0,-25,0,145206,0.000,-12.061
53300,0,-25,0,145119,0.000,-12.202
53310,0,-25,0,145033,0.000,-12.061
53320,0,-25,0,144945,0.000,-12.342
53330,0,-25,0,144858,0.000,-12.202
53340,0,-25,0,144770,0.000,-12.342
53350,0,-25,0,144682,0.000,-12.342
53360,0,-25,0,144593,0.000,-12.482
53370,0,-25,0,144505,0.000,-12.342
53380,0,-25,0,144415,0.000,-12.622
53390,0,-25,0,144326,0.000,-12.482
53400,0,-25,0,144236,0.000,-12.622
53410,0,-25,0,144146,0.000,-12.622
53420,0,-25,0,144055,0.000,-12.763
53430,0,-25,0,143964,0.000,-12.763
53440,0,-25,0,143873,0.000,-12.763
53450,0,-25,0,143782,0.000,-12.763
53460,0,-25,0,143690,0.000,-12.903
53470,0,-25,0,143599,0.000,-12.763
53480,0,-25,0,143507,0.000,-12.903
53490,0,-25,0,143416,0.000,-12.763
53500,0,-25,0,143325,0.000,-12.763
53510,0,-25,0,143234,0.000,-12.763
53520,0,-25,0,143143,0.000,-12.763
53530,0,-25,0,143052,0.000,-12.763
53540,0,-25,0,142961,0.000,-12.763
53550,0,-25,0,142871,0.000,-12.622
53560,0,-25,0,142781,0.000,-12.622
53570,0,-25,0,142692,0.000,-12.482
53580,0,-25,0,142603,0.000,-12.482
53590,0,-25,0,142513,0.000,-12.622
53600,0,-25,0,142425,0.000,-12.342
53610,0,-25,0,142337,0.000,-12.342
53620,0,-25,0,142249,0.000,-12.342
53630,0,-25,0,142160,0.000,-12.482
53640,0,-25,0,142073,0.000,-12.202
53650,0,-25,0,141985,0.000,-12.342
53660,0,-25,0,141898,0.000,-12.202
53670,0,-25,0,141811,0.000,-12.202
53680,0,-25,0,141724,0.000,-12.202
53690,0,-25,0,141637,0.000,-12.202
53700,0,-25,0,141551,0.000,-12.061
53710,0,-25,0,141465,0.000,-12.061
53720,0,-25,0,141378,0.000,-12.202
53730,0,-25,0,141292,0.000,-12.061
53740,0,-25,0,141206,0.000,-12.061
53750,0,-25,0,141120,0.000,-12.061
53760,0,-25,0,141033,0.000,-12.202
53770,0,-25,0,140946,0.000,-12.202
53780,0,-25,0,140860,0.000,-12.061
53790,0,-25,0,140773,0.000,-12.202
53800,0,-25,0,140686,0.000,-12.202
53810,0,-25,0,140598,0.000,-12.342
53820,0,-25,0,140511,0.000,-12.202
53830,0,-25,0,140423,0.000,-12.342
53840,0,-25,0,140335,0.000,-12.342
53850,0,-25,0,140246,0.000,-12.482
53860,0,-25,0,140157,0.000,-12.482
53870,0,-25,0,140068,0.000,-12.482
53880,0,-25,0,139979,0.000,-12.482
53890,0,-25,0,139890,0.000,-12.482
53900,0,-25,0,139800,0.000,-12.622
53910,0,-25,0,139710,0.000,-12.622
53920,0,-25,0,139619,0.000,-12.763
53930,0,-25,0,139528,0.000,-12.763
53940,0,-25,0,139437,0.000,-12.763
53950,0,-25,0,139346,0.000,-12.763
53960,0,-25,0,139255,0.000,-12.763
53970,0,-25,0,139163,0.000,-12.903
53980,0,-25,0,139072,0.000,-12.763
53990,0,-25,0,138981,0.000,-12.763
54000,0,-25,0,138889,0.000,-12.903
54010,0,-25,0,138798,0.000,-12.763
54020,0,-25,0,138708,0.000,-12.622
54030,0,-25,0,138617,0.000,-12.763
54040,0,-25,0,138527,0.000,-12.622
54050,0,-25,0,138437,0.000,-12.622
54060,0,-25,0,138347,0.000,-12.622
54070,0,-25,0,138258,0.000,-12.482
54080,0,-25,0,138169,0.000,-12.482
54090,0,-25,0,138081,0.000,-12.342
54100,0,-25,0,137993,0.000,-12.342
54110,0,-25,0,137905,0.000,-12.342
54120,0,-25,0,137817,0.000,-12.342
54130,0,-25,0,137729,0.000,-12.342
54140,0,-25,0,137642,0.000,-12.202
54150,0,-25,0,137555,0.000,-12.202
54160,0,-25,0,137468,0.000,-12.202
54170,0,-25,0,137380,0.000,-12.342
54180,0,-25,0,137293,0.000,-12.202
54190,0,-25,0,137207,0.000,-12.061
54200,0,-25,0,137120,0.000,-12.202
54210,0,-25,0,137033,0.000,-12.202
54220,0,-25,0,136946,0.000,-12.202
54230,0,-25,0,136859,0.000,-12.202
54240,0,-25,0,136772,0.000,-12.202
54250,0,-25,0,136685,0.000,-12.202
54260,0,-25,0,136598,0.000,-12.202
54270,0,-25,0,136511,0.000,-12.202
54280,0,-25,0,136424,0.000,-12.202
54290,0,-25,0,136336,0.000,-12.342
54300,0,-25,0,136249,0.000,-12.202
54310,0,-25,0,136162,0.000,-12.202
54320,0,-25,0,136075,0.000,-12.202
54330,0,-25,0,135987,0.000,-12.342
54340,0,-25,0,135899,0.000,-12.342
54350,0,-25,0,135810,0.000,-12.482
54360,0,-25,0,135722,0.000,-12.342
54370,0,-25,0,135633,0.000,-12.482
54380,0,-25,0,135544,0.000,-12.482
54390,0,-25,0,135454,0.000,-12.622
54400,0,-25,0,135364,0.000,-12.622
54410,0,-25,0,135273,0.000,-12.763
54420,0,-25,0,135183,0.000,-12.622
54430,0,-25,0,135092,0.000,-12.763
54440,0,-25,0,135000,0.000,-12.903
54450,0,-25,0,134908,0.000,-12.903
54460,0,-25,0,134817,0.000,-12.763
54470,0,-25,0,134725,0.000,-12.903
54480,0,-25,0,134633,0.000,-12.903
54490,0,-25,0,134541,0.000,-12.903
54500,0,-25,0,134450,0.000,-12.763
54510,0,-25,0,134358,0.000,-12.903
54520,0,-25,0,134268,0.000,-12.622
54530,0,-25,0,134177,0.000,-12.763
54540,0,-25,0,134086,0.000,-12.763
54550,0,-25,0,133996,0.000,-12.622
54560,0,-25,0,133905,0.000,-12.763
54570,0,-25,0,133816,0.000,-12.482
54580,0,-25,0,133727,0.000,-12.482
54590,0,-25,0,133638,0.000,-12.482
54600,0,-25,0,133549,0.000,-12.482
54610,0,-25,0,133461,0.000,-12.342
54620,0,-25,0,133373,0.000,-12.342
54630,0,-25,0,133285,0.000,-12.342
54640,0,-25,0,133197,0.000,-12.342
54650,0,-25,0,133110,0.000,-12.202
54660,0,-25,0,133022,0.000,-12.342
54670,0,-25,0,132935,0.000,-12.202
54680,0,-25,0,132848,0.000,-12.202
54690,0,-25,0,132761,0.000,-12.202
54700,0,-25,0,132674,0.000,-12.202
54710,0,-25,0,132587,0.000,-12.202
54720,0,-25,0,132500,0.000,-12.202
54730,0,-25,0,132413,0.000,-12.202
54740,0,-25,0,132326,0.000,-12.202
54750,0,-25,0,132239,0.000,-12.202
54760,0,-25,0,132152,0.000,-12.202
54770,0,-25,0,132065,0.000,-12.202
54780,0,-25,0,131978,0.000,-12.202
54790,0,-25,0,131891,0.000,-12.202
54800,0,-25,0,131804,0.000,-12.202
54810,0,-25,0,131716,0.000,-12.342
54820,0,-25,0,131628,0.000,-12.342
54830,0,-25,0,131540,0.000,-12.342
54840,0,-25,0,131452,0.000,-12.342
54850,0,-25,0,131364,0.000,-12.342
54860,0,-25,0,131276,0.000,-12.342
54870,0,-25,0,131187,0.000,-12.482
54880,0,-25,0,131097,0.000,-12.622
54890,0,-25,0,131008,0.000,-12.482
54900,0,-25,0,130918,0.000,-12.622
54910,0,-25,0,130828,0.000,-12.622
54920,0,-25,0,130737,0.000,-12.763
54930,0,-25,0,130646,0.000,-12.763
54940,0,-25,0,130555,0.000,-12.763
54950,0,-25,0,130463,0.000,-12.903
54960,0,-25,0,130372,0.000,-12.763
54970,0,-25,0,130280,0.000,-12.903
54980,0,-25,0,130188,0.000,-12.903
54990,0,-25,0,130096,0.000,-12.903
55000,0,-25,0,130005,0.000,-12.763
55010,0,-25,0,129913,0.000,-12.903
55020,0,-25,0,129822,0.000,-12.763
55030,0,-25,0,129732,0.000,-12.622
55040,0,-25,0,129641,0.000,-12.763
55050,0,-25,0,129550,0.000,-12.763
55060,0,-25,0,129460,0.000,-12.622
55070,0,-25,0,129370,0.000,-12.622
55080,0,-25,0,129281,0.000,-12.482
55090,0,-25,0,129192,0.000,-12.482
55100,0,-25,0,129104,0.000,-12.342
55110,0,-25,0,129017,0.000,-12.202
55120,0,-25,0,128932,0.000,-11.921
55130,0,-25,0,128846,0.000,-12.061
55140,0,-25,0,128761,0.000,-11.921
55150,0,-25,0,128675,0.000,-12.061
55160,0,-25,0,128589,0.000,-12.061
55170,0,-25,0,128504,0.000,-11.921
55180,0,-25,0,128418,0.000,-12.061
55190,0,-25,0,128332,0.000,-12.061
55200,0,-25,0,128247,0.000,-11.921
55210,0,-25,0,128161,0.000,-12.061
55220,0,-25,0,128075,0.000,-12.061
55230,0,-25,0,127989,0.000,-12.061
55240,0,-25,0,127903,0.000,-12.061
55250,0,-25,0,127817,0.000,-12.061
55260,0,-25,0,127732,0.000,-11.921
55270,0,-25,0,127646,0.000,-12.061
55280,0,-25,0,127560,0.000,-12.061
55290,0,-25,0,127474,0.000,-12.061
55300,0,-25,0,127388,0.000,-12.061
55310,0,-25,0,127302,0.000,-12.061
55320,0,-25,0,127216,0.000,-12.061
55330,0,-25,0,127129,0.000,-12.202
55340,0,-25,0,127042,0.000,-12.202
55350,0,-25,0,126955,0.000,-12.202
55360,0,-25,0,126867,0.000,-12.342
55370,0,-25,0,126778,0.000,-12.482
55380,0,-25,0,126690,0.000,-12.342
55390,0,-25,0,126601,0.000,-12.482
55400,0,-25,0,126512,0.000,-12.482
55410,0,-25,0,126422,0.000,-12.622
55420,0,-25,0,126333,0.000,-12.482
55430,0,-25,0,126242,0.000,-12.763
55440,0,-25,0,126152,0.000,-12.622
55450,0,-25,0,126061,0.000,-12.763
55460,0,-25,0,125971,0.000,-12.622
55470,0,-25,0,125880,0.000,-12.763
55480,0,-25,0,125788,0.000,-12.903
55490,0,-25,0,125697,0.000,-12.763
55500,0,-25,0,125606,0.000,-12.763
55510,0,-25,0,125515,0.000,-12.763
55520,0,-25,0,125425,0.000,-12.622
55530,0,-25,0,125334,0.000,-12.763
55540,0,-25,0,125243,0.000,-12.763
55550,0,-25,0,125153,0.000,-12.622
55560,0,-25,0,125063,0.000,-12.622
55570,0,-25,0,124973,0.000,-12.622
55580,0,-25,0,124883,0.000,-12.622
55590,0,-25,0,124794,0.000,-12.482
55600,0,-25,0,124705,0.000,-12.482
55610,0,-25,0,124617,0.000,-12.342
55620,0,-25,0,124529,0.000,-12.342
55630,0,-25,0,124441,0.000,-12.342
55640,0,-25,0,124353,0.000,-12.342
55650,0,-25,0,124266,0.000,-12.202
55660,0,-25,0,124179,0.000,-12.202
55670,0,-25,0,124093,0.000,-12.061
55680,0,-25,0,124006,0.000,-12.202
55690,0,-25,0,123919,0.000,-12.202
55700,0,-25,0,123832,0.000,-12.202
55710,0,-25,0,123746,0.000,-12.061
55720,0,-25,0,123659,0.000,-12.202
55730,0,-25,0,123572,0.000,-12.202
55740,0,-25,0,123485,0.000,-12.202
55750,0,-25,0,123399,0.000,-12.061
55760,0,-25,0,123312,0.000,-12.202
55770,0,-25,0,123225,0.000,-12.202
55780,0,-25,0,123138,0.000,-12.202
55790,0,-25,0,123051,0.000,-12.202
55800,0,-25,0,122965,0.000,-12.061
55810,0,-25,0,122878,0.000,-12.202
55820,0,-25,0,122791,0.000,-12.202
55830,0,-25,0,122705,0.000,-12.061
55840,0,-25,0,122617,0.000,-12.342
55850,0,-25,0,122530,0.000,-12.202
55860,0,-25,0,122443,0.000,-12.202
55870,0,-25,0,122355,0.000,-12.342
55880,0,-25,0,122266,0.000,-12.482
55890,0,-25,0,122177,0.000,-12.482
55900,0,-25,0,122088,0.000,-12.482
55910,0,-25,0,121999,0.000,-12.482
55920,0,-25,0,121910,0.000,-12.482
55930,0,-25,0,121820,0.000,-12.622
55940,0,-25,0,121730,0.000,-12.622
55950,0,-25,0,121639,0.000,-12.763
55960,0,-25,0,121549,0.000,-12.622
55970,0,-25,0,121458,0.000,-12.763
55980,0,-25,0,121367,0.000,-12.763
55990,0,-25,0,121277,0.000,-12.622
56000,0,-25,0,121186,0.000,-12.763
56010,0,0,0,121095,0.000,-12.763
56020,0,0,0,121005,0.000,-12.622
56030,0,0,0,120915,0.000,-12.622
56040,0,0,0,120832,0.000,-11.641
56050,0,0,0,120757,0.000,-10.519
56060,0,0,0,120695,0.000,-8.695
56070,0,0,0,120647,0.000,-6.732
56080,0,0,0,120610,0.000,-5.189
56090,0,0,0,120583,0.000,-3.787
56100,0,0,0,120565,0.000,-2.524
56110,0,0,0,120554,0.000,-1.543
56120,0,0,0,120547,0.000,-0.982
56130,0,0,0,120543,0.000,-0.561
56140,0,0,0,120542,0.000,-0.140
56150,0,0,0,120542,0.000,0.000
56160,0,0,0,120542,0.000,0.000
56170,0,0,0,120543,0.000,0.140
56180,0,0,0,120544,0.000,0.140
56190,0,0,0,120545,0.000,0.140
56200,0,0,0,120545,0.000,0.000
56210,0,0,0,120545,0.000,0.000
56220,0,0,0,120545,0.000,0.000
56230,0,0,0,120545,0.000,0.000
56240,0,0,0,120545,0.000,0.000
56250,0,0,0,120545,0.000,0.000
56260,0,0,0,120545,0.000,0.000
56270,0,0,0,120545,0.000,0.000
56280,0,0,0,120545,0.000,0.000
56290,0,0,0,120545,0.000,0.000
56300,0,0,0,120545,0.000,0.000
56310,0,0,0,120545,0.000,0.000
56320,0,0,0,120545,0.000,0.000
56330,0,0,0,120545,0.000,0.000
56340,0,0,0,120545,0.000,0.000
56350,0,0,0,120545,0.000,0.000
56360,0,0,0,120545,0.000,0.000
56370,0,0,0,120545,0.000,0.000
56380,0,0,0,120545,0.000,0.000
56390,0,0,0,120545,0.000,0.000
56400,0,0,0,120545,0.000,0.000
56410,0,0,0,120545,0.000,0.000
56420,0,0,0,120545,0.000,0.000
56430,0,0,0,120545,0.000,0.000
56440,0,0,0,120545,0.000,0.000
56450,0,0,0,120545,0.000,0.000
56460,0,0,0,120545,0.000,0.000
56470,0,0,0,120545,0.000,0.000
56480,0,0,0,120545,0.000,0.000
56490,0,0,0,120545,0.000,0.000
56500,0,0,0,120545,0.000,0.000
56510,0,0,0,120545,0.000,0.000
56520,0,0,0,120545,0.000,0.000
56530,0,0,0,120545,0.000,0.000
56540,0,0,0,120545,0.000,0.000
56550,0,0,0,120545,0.000,0.000
56560,0,0,0,120545,0.000,0.000
56570,0,0,0,120545,0.000,0.000
56580,0,0,0,120545,0.000,0.000
56590,0,0,0,120545,0.000,0.000
56600,0,0,0,120545,0.000,0.000
56610,0,0,0,120545,0.000,0.000
56620,0,0,0,120545,0.000,0.000
56630,0,0,0,120545,0.000,0.000
56640,0,0,0,120545,0.000,0.000
56650,0,0,0,120545,0.000,0.000
56660,0,0,0,120545,0.000,0.000
56670,0,0,0,120545,0.000,0.000
56680,0,0,0,120545,0.000,0.000
56690,0,0,0,120545,0.000,0.000
56700,0,0,0,120545,0.000,0.000
56710,0,0,0,120545,0.000,0.000
56720,0,0,0,120545,0.000,0.000
56730,0,0,0,120545,0.000,0.000
56740,0,0,0,120545,0.000,0.000
56750,0,0,0,120545,0.000,0.000
56760,0,0,0,120545,0.000,0.000
56770,0,0,0,120545,0.000,0.000
56780,0,0,0,120545,0.000,0.000
56790,0,0,0,120545,0.000,0.000
56800,0,0,0,120545,0.000,0.000
56810,0,0,0,120545,0.000,0.000
56820,0,0,0,120545,0.000,0.000
56830,0,0,0,120545,0.000,0.000
56840,0,0,0,120545,0.000,0.000
56850,0,0,0,120545,0.000,0.000
56860,0,0,0,120545,0.000,0.000
56870,0,0,0,120545,0.000,0.000
56880,0,0,0,120545,0.000,0.000
56890,0,0,0,120545,0.000,0.000
56900,0,0,0,120545,0.000,0.000
56910,0,0,0,120545,0.000,0.000
56920,0,0,0,120545,0.000,0.000
56930,0,0,0,120545,0.000,0.000
56940,0,0,0,120545,0.000,0.000
56950,0,0,0,120545,0.000,0.000
56960,0,0,0,120545,0.000,0.000
56970,0,0,0,120545,0.000,0.000
56980,0,0,0,120545,0.000,0.000
56990,0,0,0,120545,0.000,0.000
57000,0,0,0,120545,0.000,0.000
57010,0,0,0,120545,0.000,0.000
57020,0,0,0,120545,0.000,0.000
57030,0,0,0,120545,0.000,0.000
57040,0,0,0,120545,0.000,0.000
57050,0,0,0,120545,0.000,0.000
57060,0,0,0,120545,0.000,0.000
57070,0,0,0,120545,0.000,0.000
57080,0,0,0,120545,0.000,0.000
57090,0,0,0,120545,0.000,0.000
57100,0,0,0,120545,0.000,0.000
57110,0,0,0,120545,0.000,0.000
57120,0,0,0,120545,0.000,0.000
57130,0,0,0,120545,0.000,0.000
57140,0,0,0,120545,0.000,0.000
57150,0,0,0,120545,0.000,0.000
57160,0,0,0,120545,0.000,0.000
57170,0,0,0,120545,0.000,0.000
57180,0,0,0,120545,0.000,0.000
57190,0,0,0,120545,0.000,0.000
57200,0,0,0,120545,0.000,0.000
57210,0,0,0,120545,0.000,0.000
57220,0,0,0,120545,0.000,0.000
57230,0,0,0,120545,0.000,0.000
57240,0,0,0,120545,0.000,0.000
57250,0,0,0,120545,0.000,0.000
57260,0,0,0,120545,0.000,0.000
57270,0,0,0,120545,0.000,0.000
57280,0,0,0,120545,0.000,0.000
57290,0,0,0,120545,0.000,0.000
57300,0,0,0,120545,0.000,0.000
57310,0,0,0,120545,0.000,0.000
57320,0,0,0,120545,0.000,0.000
57330,0,0,0,120545,0.000,0.000
57340,0,0,0,120545,0.000,0.000
57350,0,0,0,120545,0.000,0.000
57360,0,0,0,120545,0.000,0.000
57370,0,0,0,120545,0.000,0.000
57380,0,0,0,120545,0.000,0.000
57390,0,0,0,120545,0.000,0.000
57400,0,0,0,120545,0.000,0.000
57410,0,0,0,120545,0.000,0.000
57420,0,0,0,120545,0.000,0.000
57430,0,0,0,120545,0.000,0.000
57440,0,0,0,120545,0.000,0.000
57450,0,0,0,120545,0.000,0.000
57460,0,0,0,120545,0.000,0.000
57470,0,0,0,120545,0.000,0.000
57480,0,0,0,120545,0.000,0.000
57490,0,0,0,120545,0.000,0.000
57500,0,0,0,120545,0.000,0.000
57510,0,0,0,120545,0.000,0.000
57520,0,0,0,120545,0.000,0.000
57530,0,0,0,120545,0.000,0.000
57540,0,0,0,120545,0.000,0.000
57550,0,0,0,120545,0.000,0.000
57560,0,0,0,120545,0.000,0.000
57570,0,0,0,120545,0.000,0.000
57580,0,0,0,120545,0.000,0.000
57590,0,0,0,120545,0.000,0.000
57600,0,0,0,120545,0.000,0.000
57610,0,0,0,120545,0.000,0.000
57620,0,0,0,120545,0.000,0.000
57630,0,0,0,120545,0.000,0.000
57640,0,0,0,120545,0.000,0.000
57650,0,0,0,120545,0.000,0.000
57660,0,0,0,120545,0.000,0.000
57670,0,0,0,120545,0.000,0.000
57680,0,0,0,120545,0.000,0.000
57690,0,0,0,120545,0.000,0.000
57700,0,0,0,120545,0.000,0.000
57710,0,0,0,120545,0.000,0.000
57720,0,0,0,120545,0.000,0.000
57730,0,0,0,120545,0.000,0.000
57740,0,0,0,120545,0.000,0.000
57750,0,0,0,120545,0.000,0.000
57760,0,0,0,120545,0.000,0.000
57770,0,0,0,120545,0.000,0.000
57780,0,0,0,120545,0.000,0.000
57790,0,0,0,120545,0.000,0.000
57800,0,0,0,120545,0.000,0.000
57810,0,0,0,120545,0.000,0.000
57820,0,0,0,120545,0.000,0.000
57830,0,0,0,120545,0.000,0.000
57840,0,0,0,120545,0.000,0.000
57850,0,0,0,120545,0.000,0.000
57860,0,0,0,120545,0.000,0.000
57870,0,0,0,120545,0.000,0.000
57880,0,0,0,120545,0.000,0.000
57890,0,0,0,120545,0.000,0.000
57900,0,0,0,120545,0.000,0.000
57910,0,0,0,120545,0.000,0.000
57920,0,0,0,120545,0.000,0.000
57930,0,0,0,120545,0.000,0.000
57940,0,0,0,120545,0.000,0.000
57950,0,0,0,120545,0.000,0.000
57960,0,0,0,120545,0.000,0.000
57970,0,0,0,120545,0.000,0.000
57980,0,0,0,120545,0.000,0.000
57990,0,0,0,120545,0.000,0.000
58000,0,0,0,120545,0.000,0.000
58010,0,0,0,120545,0.000,0.000
58020,0,0,0,120545,0.000,0.000
58030,0,0,0,120545,0.000,0.000
58040,0,0,0,120545,0.000,0.000
58050,0,0,0,120545,0.000,0.000
58060,0,0,0,120545,0.000,0.000
58070,0,0,0,120545,0.000,0.000
58080,0,0,0,120545,0.000,0.000
58090,0,0,0,120545,0.000,0.000
58100,0,0,0,120545,0.000,0.000
58110,0,0,0,120545,0.000,0.000
58120,0,0,0,120545,0.000,0.000
58130,0,0,0,120545,0.000,0.000
58140,0,0,0,120545,0.000,0.000
58150,0,0,0,120545,0.000,0.000
58160,0,0,0,120545,0.000,0.000
58170,0,0,0,120545,0.000,0.000
58180,0,0,0,120545,0.000,0.000
58190,0,0,0,120545,0.000,0.000
58200,0,0,0,120545,0.000,0.000
58210,0,0,0,120545,0.000,0.000
58220,0,0,0,120545,0.000,0.000
58230,0,0,0,120545,0.000,0.000
58240,0,0,0,120545,0.000,0.000
58250,0,0,0,120545,0.000,0.000
58260,0,0,0,120545,0.000,0.000
58270,0,0,0,120545,0.000,0.000
58280,0,0,0,120545,0.000,0.000
58290,0,0,0,120545,0.000,0.000
58300,0,0,0,120545,0.000,0.000
58310,0,0,0,120545,0.000,0.000
58320,0,0,0,120545,0.000,0.000
58330,0,0,0,120545,0.000,0.000
58340,0,0,0,120545,0.000,0.000
58350,0,0,0,120545,0.000,0.000
58360,0,0,0,120545,0.000,0.000
58370,0,0,0,120545,0.000,0.000
58380,0,0,0,120545,0.000,0.000
58390,0,0,0,120545,0.000,0.000
58400,0,0,0,120545,0.000,0.000
58410,0,0,0,120545,0.000,0.000
58420,0,0,0,120545,0.000,0.000
58430,0,0,0,120545,0.000,0.000
58440,0,0,0,120545,0.000,0.000
58450,0,0,0,120545,0.000,0.000
58460,0,0,0,120545,0.000,0.000
58470,0,0,0,120545,0.000,0.000
58480,0,0,0,120545,0.000,0.000
58490,0,0,0,120545,0.000,0.000
58500,0,0,0,120545,0.000,0.000
58510,0,0,0,120545,0.000,0.000
58520,0,0,0,120545,0.000,0.000
58530,0,0,0,120545,0.000,0.000
58540,0,0,0,120545,0.000,0.000
58550,0,0,0,120545,0.000,0.000
58560,0,0,0,120545,0.000,0.000
58570,0,0,0,120545,0.000,0.000
58580,0,0,0,120545,0.000,0.000
58590,0,0,0,120545,0.000,0.000
58600,0,0,0,120545,0.000,0.000
58610,0,0,0,120545,0.000,0.000
58620,0,0,0,120545,0.000,0.000
58630,0,0,0,120545,0.000,0.000
58640,0,0,0,120545,0.000,0.000
58650,0,0,0,120545,0.000,0.000
58660,0,0,0,120545,0.000,0.000
58670,0,0,0,120545,0.000,0.000
58680,0,0,0,120545,0.000,0.000
58690,0,0,0,120545,0.000,0.000
58700,0,0,0,120545,0.000,0.000
58710,0,0,0,120545,0.000,0.000
58720,0,0,0,120545,0.000,0.000
58730,0,0,0,120545,0.000,0.000
58740,0,0,0,120545,0.000,0.000
58750,0,0,0,120545,0.000,0.000
58760,0,0,0,120545,0.000,0.000
58770,0,0,0,120545,0.000,0.000
58780,0,0,0,120545,0.000,0.000
58790,0,0,0,120545,0.000,0.000
58800,0,0,0,120545,0.000,0.000
58810,0,0,0,120545,0.000,0.000
58820,0,0,0,120545,0.000,0.000
58830,0,0,0,120545,0.000,0.000
58840,0,0,0,120545,0.000,0.000
58850,0,0,0,120545,0.000,0.000
58860,0,0,0,120545,0.000,0.000
58870,0,0,0,120545,0.000,0.000
58880,0,0,0,120545,0.000,0.000
58890,0,0,0,120545,0.000,0.000
58900,0,0,0,120545,0.000,0.000
58910,0,0,0,120545,0.000,0.000
58920,0,0,0,120545,0.000,0.000
58930,0,0,0,120545,0.000,0.000
58940,0,0,0,120545,0.000,0.000
58950,0,0,0,120545,0.000,0.000
58960,0,0,0,120545,0.000,0.000
58970,0,0,0,120545,0.000,0.000
58980,0,0,0,120545,0.000,0.000
58990,0,0,0,120545,0.000,0.000
59000,0,0,0,120545,0.000,0.000
59010,0,-25,0,120545,0.000,0.000
59020,0,-25,0,120545,0.000,0.000
59030,0,-25,0,120544,0.000,-0.140
59040,0,-25,0,120534,0.000,-1.402
59050,0,-25,0,120517,0.000,-2.384
59060,0,-25,0,120489,0.000,-3.927
59070,0,-25,0,120456,0.000,-4.628
59080,0,-25,0,120417,0.000,-5.470
59090,0,-25,0,120372,0.000,-6.311
59100,0,-25,0,120321,0.000,-7.153
59110,0,-25,0,120264,0.000,-7.994
59120,0,-25,0,120202,0.000,-8.695
59130,0,-25,0,120135,0.000,-9.397
59140,0,-25,0,120064,0.000,-9.958
59150,0,-25,0,119990,0.000,-10.378
59160,0,-25,0,119914,0.000,-10.659
59170,0,-25,0,119836,0.000,-10.939
59180,0,-25,0,119756,0.000,-11.220
59190,0,-25,0,119675,0.000,-11.360
59200,0,-25,0,119593,0.000,-11.500
59210,0,-25,0,119510,0.000,-11.641
59220,0,-25,0,119426,0.000,-11.781
59230,0,-25,0,119343,0.000,-11.641
59240,0,-25,0,119258,0.000,-11.921
59250,0,-25,0,119173,0.000,-11.921
59260,0,-25,0,119088,0.000,-11.921
59270,0,-25,0,119002,0.000,-12.061
59280,0,-25,0,118917,0.000,-11.921
59290,0,-25,0,118831,0.000,-12.061
59300,0,-25,0,118744,0.000,-12.202
59310,0,-25,0,118658,0.000,-12.061
59320,0,-25,0,118571,0.000,-12.202
59330,0,-25,0,118484,0.000,-12.202
59340,0,-25,0,118396,0.000,-12.342
59350,0,-25,0,118308,0.000,-12.342
59360,0,-25,0,118221,0.000,-12.202
59370,0,-25,0,118133,0.000,-12.342
59380,0,-25,0,118045,0.000,-12.342
59390,0,-25,0,117956,0.000,-12.482
59400,0,-25,0,117867,0.000,-12.482
59410,0,-25,0,117778,0.000,-12.482
59420,0,-25,0,117689,0.000,-12.482
59430,0,-25,0,117600,0.000,-12.482
59440,0,-25,0,117510,0.000,-12.622
59450,0,-25,0,117420,0.000,-12.622
59460,0,-25,0,117329,0.000,-12.763
59470,0,-25,0,117238,0.000,-12.763
59480,0,-25,0,117147,0.000,-12.763
59490,0,-25,0,117056,0.000,-12.763
59500,0,-25,0,116964,0.000,-12.903
59510,0,-25,0,116872,0.000,-12.903
59520,0,-25,0,116780,0.000,-12.903
59530,0,-25,0,116689,0.000,-12.763
59540,0,-25,0,116597,0.000,-12.903
59550,0,-25,0,116505,0.000,-12.903
59560,0,-25,0,116413,0.000,-12.903
59570,0,-25,0,116322,0.000,-12.763
59580,0,-25,0,116231,0.000,-12.763
59590,0,-25,0,116139,0.000,-12.903
59600,0,-25,0,116048,0.000,-12.763
59610,0,-25,0,115958,0.000,-12.622
59620,0,-25,0,115868,0.000,-12.622
59630,0,-25,0,115778,0.000,-12.622
59640,0,-25,0,115688,0.000,-12.622
59650,0,-25,0,115599,0.000,-12.482
59660,0,-25,0,115510,0.000,-12.482
59670,0,-25,0,115421,0.000,-12.482
59680,0,-25,0,115333,0.000,-12.342
59690,0,-25,0,115245,0.000,-12.342
59700,0,-25,0,115157,0.000,-12.342
59710,0,-25,0,115069,0.000,-12.342
59720,0,-25,0,114982,0.000,-12.202
59730,0,-25,0,114895,0.000,-12.202
59740,0,-25,0,114807,0.000,-12.342
59750,0,-25,0,114720,0.000,-12.202
59760,0,-25,0,114633,0.000,-12.202
59770,0,-25,0,114546,0.000,-12.202
59780,0,-25,0,114458,0.000,-12.342
59790,0,-25,0,114371,0.000,-12.202
59800,0,-25,0,114284,0.000,-12.202
59810,0,-25,0,114196,0.000,-12.342
59820,0,-25,0,114109,0.000,-12.202
59830,0,-25,0,114021,0.000,-12.342
59840,0,-25,0,113933,0.000,-12.342
59850,0,-25,0,113846,0.000,-12.202
59860,0,-25,0,113758,0.000,-12.342
59870,0,-25,0,113670,0.000,-12.342
59880,0,-25,0,113581,0.000,-12.482
59890,0,-25,0,113493,0.000,-12.342
59900,0,-25,0,113404,0.000,-12.482
59910,0,-25,0,113315,0.000,-12.482
59920,0,-25,0,113226,0.000,-12.482
59930,0,-25,0,113136,0.000,-12.622
59940,0,-25,0,113046,0.000,-12.622
59950,0,-25,0,112956,0.000,-12.622
59960,0,-25,0,112865,0.000,-12.763
59970,0,-25,0,112774,0.000,-12.763
59980,0,-25,0,112683,0.000,-12.763
59990,0,-25,0,112591,0.000,-12.903
60000,0,-25,0,112500,0.000,-12.763
60010,0,-25,0,112408,0.000,-12.903
60020,0,-25,0,112316,0.000,-12.903
60030,0,-25,0,112224,0.000,-12.903
60040,0,-25,0,112132,0.000,-12.903
60050,0,-25,0,112040,0.000,-12.903
60060,0,-25,0,111948,0.000,-12.903
60070,0,-25,0,111856,0.000,-12.903
60080,0,-25,0,111765,0.000,-12.763
60090,0,-25,0,111673,0.000,-12.903
60100,0,-25,0,111583,0.000,-12.622
60110,0,-25,0,111492,0.000,-12.763
60120,0,-25,0,111401,0.000,-12.763
60130,0,-25,0,111312,0.000,-12.482
60140,0,-25,0,111222,0.000,-12.622
60150,0,-25,0,111133,0.000,-12.482
60160,0,-25,0,111044,0.000,-12.482
60170,0,-25,0,110955,0.000,-12.482
60180,0,-25,0,110867,0.000,-12.342
60190,0,-25,0,110779,0.000,-12.342
60200,0,-25,0,110691,0.000,-12.342
60210,0,-25,0,110604,0.000,-12.202
60220,0,-25,0,110517,0.000,-12.202
60230,0,-25,0,110430,0.000,-12.202
60240,0,-25,0,110343,0.000,-12.202
60250,0,-25,0,110256,0.000,-12.202
60260,0,-25,0,110169,0.000,-12.202
60270,0,-25,0,110083,0.000,-12.061
60280,0,-25,0,109996,0.000,-12.202
60290,0,-25,0,109910,0.000,-12.061
60300,0,-25,0,109823,0.000,-12.202
60310,0,-25,0,109737,0.000,-12.061
60320,0,-25,0,109649,0.000,-12.342
60330,0,-25,0,109563,0.000,-12.061
60340,0,-25,0,109475,0.000,-12.342
60350,0,-25,0,109388,0.000,-12.202
60360,0,-25,0,109300,0.000,-12.342
60370,0,-25,0,109212,0.000,-12.342
60380,0,-25,0,109124,0.000,-12.342
60390,0,-25,0,109036,0.000,-12.342
60400,0,-25,0,108947,0.000,-12.482
60410,0,-25,0,108858,0.000,-12.482
60420,0,-25,0,108769,0.000,-12.482
60430,0,-25,0,108679,0.000,-12.622
60440,0,-25,0,108590,0.000,-12.482
60450,0,-25,0,108500,0.000,-12.622
60460,0,-25,0,108409,0.000,-12.763
60470,0,-25,0,108318,0.000,-12.763
60480,0,-25,0,108227,0.000,-12.763
60490,0,-25,0,108135,0.000,-12.903
60500,0,-25,0,108043,0.000,-12.903
60510,0,-25,0,107951,0.000,-12.903
60520,0,-25,0,107860,0.000,-12.763
60530,0,-25,0,107768,0.000,-12.903
60540,0,-25,0,107676,0.000,-12.903
60550,0,-25,0,107585,0.000,-12.763
60560,0,-25,0,107493,0.000,-12.903
60570,0,-25,0,107402,0.000,-12.763
60580,0,-25,0,107311,0.000,-12.763
60590,0,-25,0,107220,0.000,-12.763
60600,0,-25,0,107129,0.000,-12.763
60610,0,-25,0,107039,0.000,-12.622
60620,0,-25,0,106949,0.000,-12.622
60630,0,-25,0,106860,0.000,-12.482
60640,0,-25,0,106772,0.000,-12.342
60650,0,-25,0,106683,0.000,-12.482
60660,0,-25,0,106594,0.000,-12.482
60670,0,-25,0,106506,0.000,-12.342
60680,0,-25,0,106419,0.000,-12.202
60690,0,-25,0,106331,0.000,-12.342
60700,0,-25,0,106244,0.000,-12.202
60710,0,-25,0,106157,0.000,-12.202
60720,0,-25,0,106070,0.000,-12.202
60730,0,-25,0,105984,0.000,-12.061
60740,0,-25,0,105897,0.000,-12.202
60750,0,-25,0,105810,0.000,-12.202
60760,0,-25,0,105724,0.000,-12.061
60770,0,-25,0,105637,0.000,-12.202
60780,0,-25,0,105550,0.000,-12.202
60790,0,-25,0,105464,0.000,-12.061
60800,0,-25,0,105377,0.000,-12.202
60810,0,-25,0,105290,0.000,-12.202
60820,0,-25,0,105204,0.000,-12.061
60830,0,-25,0,105117,0.000,-12.202
60840,0,-25,0,105030,0.000,-12.202
60850,0,-25,0,104943,0.000,-12.202
60860,0,-25,0,104856,0.000,-12.202
60870,0,-25,0,104769,0.000,-12.202
60880,0,-25,0,104681,0.000,-12.342
60890,0,-25,0,104594,0.000,-12.202
60900,0,-25,0,104506,0.000,-12.342
60910,0,-25,0,104418,0.000,-12.342
60920,0,-25,0,104330,0.000,-12.342
60930,0,-25,0,104241,0.000,-12.482
60940,0,-25,0,104152,0.000,-12.482
60950,0,-25,0,104063,0.000,-12.482
60960,0,-25,0,103973,0.000,-12.622
60970,0,-25,0,103883,0.000,-12.622
60980,0,-25,0,103792,0.000,-12.763
60990,0,-25,0,103701,0.000,-12.763
61000,0,-25,0,103610,0.000,-12.763
61010,0,-25,0,103519,0.000,-12.763
61020,0,-25,0,103428,0.000,-12.763
61030,0,-25,0,103337,0.000,-12.763
61040,0,-25,0,103245,0.000,-12.903
61050,0,-25,0,103154,0.000,-12.763
61060,0,-25,0,103063,0.000,-12.763
61070,0,-25,0,102972,0.000,-12.763
61080,0,-25,0,102881,0.000,-12.763
61090,0,-25,0,102791,0.000,-12.622
61100,0,-25,0,102701,0.000,-12.622
61110,0,-25,0,102611,0.000,-12.622
61120,0,-25,0,102521,0.000,-12.622
61130,0,-25,0,102432,0.000,-12.482
61140,0,-25,0,102343,0.000,-12.482
61150,0,-25,0,102254,0.000,-12.482
61160,0,-25,0,102165,0.000,-12.482
61170,0,-25,0,102077,0.000,-12.342
61180,0,-25,0,101989,0.000,-12.342
61190,0,-25,0,101902,0.000,-12.202
61200,0,-25,0,101814,0.000,-12.342
61210,0,-25,0,101727,0.000,-12.202
61220,0,-25,0,101639,0.000,-12.342
61230,0,-25,0,101552,0.000,-12.202
61240,0,-25,0,101465,0.000,-12.202
61250,0,-25,0,101378,0.000,-12.202
61260,0,-25,0,101291,0.000,-12.202
61270,0,-25,0,101204,0.000,-12.202
61280,0,-25,0,101117,0.000,-12.202
61290,0,-25,0,101031,0.000,-12.061
61300,0,-25,0,100944,0.000,-12.202
61310,0,-25,0,100857,0.000,-12.202
61320,0,-25,0,100770,0.000,-12.202
61330,0,-25,0,100683,0.000,-12.202
61340,0,-25,0,100596,0.000,-12.202
61350,0,-25,0,100509,0.000,-12.202
61360,0,-25,0,100422,0.000,-12.202
61370,0,-25,0,100335,0.000,-12.202
61380,0,-25,0,100248,0.000,-12.202
61390,0,-25,0,100160,0.000,-12.342
61400,0,-25,0,100072,0.000,-12.342
61410,0,-25,0,99984,0.000,-12.342
61420,0,-25,0,99895,0.000,-12.482
61430,0,-25,0,99806,0.000,-12.482
61440,0,-25,0,99717,0.000,-12.482
61450,0,-25,0,99628,0.000,-12.482
61460,0,-25,0,99538,0.000,-12.622
61470,0,-25,0,99449,0.000,-12.482
61480,0,-25,0,99358,0.000,-12.763
61490,0,-25,0,99268,0.000,-12.622
61500,0,-25,0,99177,0.000,-12.763
61510,0,-25,0,99086,0.000,-12.763
61520,0,-25,0,98995,0.000,-12.763
61530,0,-25,0,98904,0.000,-12.763
61540,0,-25,0,98813,0.000,-12.763
61550,0,-25,0,98722,0.000,-12.763
61560,0,-25,0,98631,0.000,-12.763
61570,0,-25,0,98540,0.000,-12.763
61580,0,-25,0,98449,0.000,-12.763
61590,0,-25,0,98359,0.000,-12.622
61600,0,-25,0,98268,0.000,-12.763
61610,0,-25,0,98178,0.000,-12.622
61620,0,-25,0,98088,0.000,-12.622
61630,0,-25,0,97997,0.000,-12.763
61640,0,-25,0,97908,0.000,-12.482
61650,0,-25,0,97819,0.000,-12.482
61660,0,-25,0,97729,0.000,-12.622
61670,0,-25,0,97641,0.000,-12.342
61680,0,-25,0,97552,0.000,-12.482
61690,0,-25,0,97464,0.000,-12.342
61700,0,-25,0,97376,0.000,-12.342
61710,0,-25,0,97288,0.000,-12.342
61720,0,-25,0,97201,0.000,-12.202
61730,0,-25,0,97113,0.000,-12.342
61740,0,-25,0,97026,0.000,-12.202
61750,0,-25,0,96939,0.000,-12.202
61760,0,-25,0,96852,0.000,-12.202
61770,0,-25,0,96766,0.000,-12.061
61780,0,-25,0,96679,0.000,-12.202
61790,0,-25,0,96592,0.000,-12.202
61800,0,-25,0,96506,0.000,-12.061
61810,0,-25,0,96419,0.000,-12.202
61820,0,-25,0,96333,0.000,-12.061
61830,0,-25,0,96246,0.000,-12.202
61840,0,-25,0,96159,0.000,-12.202
61850,0,-25,0,96073,0.000,-12.061
61860,0,-25,0,95986,0.000,-12.202
61870,0,-25,0,95899,0.000,-12.202
61880,0,-25,0,95812,0.000,-12.202
61890,0,-25,0,95724,0.000,-12.342
61900,0,-25,0,95637,0.000,-12.202
61910,0,-25,0,95549,0.000,-12.342
61920,0,-25,0,95461,0.000,-12.342
61930,0,-25,0,95372,0.000,-12.482
61940,0,-25,0,95284,0.000,-12.342
61950,0,-25,0,95194,0.000,-12.622
61960,0,-25,0,95105,0.000,-12.482
61970,0,-25,0,95015,0.000,-12.622
61980,0,-25,0,94925,0.000,-12.622
61990,0,-25,0,94834,0.000,-12.763
62000,0,-25,0,94742,0.000,-12.903
62010,0,0,0,94651,0.000,-12.763
62020,0,0,0,94559,0.000,-12.903
62030,0,0,0,94468,0.000,-12.763
62040,0,0,0,94383,0.000,-11.921
62050,0,0,0,94305,0.000,-10.939
62060,0,0,0,94241,0.000,-8.976
62070,0,0,0,94190,0.000,-7.153
62080,0,0,0,94151,0.000,-5.470
62090,0,0,0,94122,0.000,-4.067
62100,0,0,0,94102,0.000,-2.805
62110,0,0,0,94088,0.000,-1.963
62120,0,0,0,94079,0.000,-1.262
62130,0,0,0,94074,0.000,-0.701
62140,0,0,0,94073,0.000,-0.140
62150,0,0,0,94073,0.000,0.000
62160,0,0,0,94073,0.000,0.000
62170,0,0,0,94074,0.000,0.140
62180,0,0,0,94075,0.000,0.140
62190,0,0,0,94076,0.000,0.140
62200,0,0,0,94078,0.000,0.280
62210,0,0,0,94079,0.000,0.140
62220,0,0,0,94080,0.000,0.140
62230,0,0,0,94081,0.000,0.140
62240,0,0,0,94081,0.000,0.000
62250,0,0,0,94081,0.000,0.000
62260,0,0,0,94081,0.000,0.000
62270,0,0,0,94081,0.000,0.000
62280,0,0,0,94081,0.000,0.000
62290,0,0,0,94081,0.000,0.000
62300,0,0,0,94081,0.000,0.000
62310,0,0,0,94081,0.000,0.000
62320,0,0,0,94081,0.000,0.000
62330,0,0,0,94081,0.000,0.000
62340,0,0,0,94081,0.000,0.000
62350,0,0,0,94081,0.000,0.000
62360,0,0,0,94081,0.000,0.000
62370,0,0,0,94081,0.000,0.000
62380,0,0,0,94081,0.000,0.000
62390,0,0,0,94081,0.000,0.000
62400,0,0,0,94081,0.000,0.000
62410,0,0,0,94081,0.000,0.000
62420,0,0,0,94081,0.000,0.000
62430,0,0,0,94081,0.000,0.000
62440,0,0,0,94081,0.000,0.000
62450,0,0,0,94081,0.000,0.000
62460,0,0,0,94081,0.000,0.000
62470,0,0,0,94081,0.000,0.000
62480,0,0,0,94081,0.000,0.000
62490,0,0,0,94081,0.000,0.000
62500,0,0,0,94081,0.000,0.000
62510,0,0,0,94081,0.000,0.000
62520,0,0,0,94081,0.000,0.000
62530,0,0,0,94081,0.000,0.000
62540,0,0,0,94081,0.000,0.000
62550,0,0,0,94081,0.000,0.000
62560,0,0,0,94081,0.000,0.000
62570,0,0,0,94081,0.000,0.000
62580,0,0,0,94081,0.000,0.000
62590,0,0,0,94081,0.000,0.000
62600,0,0,0,94081,0.000,0.000
62610,0,0,0,94081,0.000,0.000
62620,0,0,0,94081,0.000,0.000
62630,0,0,0,94081,0.000,0.000
62640,0,0,0,94081,0.000,0.000
62650,0,0,0,94081,0.000,0.000
62660,0,0,0,94081,0.000,0.000
62670,0,0,0,94081,0.000,0.000
62680,0,0,0,94081,0.000,0.000
62690,0,0,0,94081,0.000,0.000
62700,0,0,0,94081,0.000,0.000
62710,0,0,0,94081,0.000,0.000
62720,0,0,0,94081,0.000,0.000
62730,0,0,0,94081,0.000,0.000
62740,0,0,0,94081,0.000,0.000
62750,0,0,0,94081,0.000,0.000
62760,0,0,0,94081,0.000,0.000
62770,0,0,0,94081,0.000,0.000
62780,0,0,0,94081,0.000,0.000
62790,0,0,0,94081,0.000,0.000
62800,0,0,0,94081,0.000,0.000
62810,0,0,0,94081,0.000,0.000
62820,0,0,0,94081,0.000,0.000
62830,0,0,0,94081,0.000,0.000
62840,0,0,0,94081,0.000,0.000
62850,0,0,0,94081,0.000,0.000
62860,0,0,0,94081,0.000,0.000
62870,0,0,0,94081,0.000,0.000
62880,0,0,0,94081,0.000,0.000
62890,0,0,0,94081,0.000,0.000
62900,0,0,0,94081,0.000,0.000
62910,0,0,0,94081,0.000,0.000
62920,0,0,0,94081,0.000,0.000
62930,0,0,0,94081,0.000,0.000
62940,0,0,0,94081,0.000,0.000
62950,0,0,0,94081,0.000,0.000
62960,0,0,0,94081,0.000,0.000
62970,0,0,0,94081,0.000,0.000
62980,0,0,0,94081,0.000,0.000
62990,0,0,0,94081,0.000,0.000
63000,0,0,0,94081,0.000,0.000
63010,0,0,0,94081,0.000,0.000
63020,0,0,0,94081,0.000,0.000
63030,0,0,0,94081,0.000,0.000
63040,0,0,0,94081,0.000,0.000
63050,0,0,0,94081,0.000,0.000
63060,0,0,0,94081,0.000,0.000
63070,0,0,0,94081,0.000,0.000
63080,0,0,0,94081,0.000,0.000
63090,0,0,0,94081,0.000,0.000
63100,0,0,0,94081,0.000,0.000
63110,0,0,0,94081,0.000,0.000
63120,0,0,0,94081,0.000,0.000
63130,0,0,0,94081,0.000,0.000
63140,0,0,0,94081,0.000,0.000
63150,0,0,0,94081,0.000,0.000
63160,0,0,0,94081,0.000,0.000
63170,0,0,0,94081,0.000,0.000
63180,0,0,0,94081,0.000,0.000
63190,0,0,0,94081,0.000,0.000
63200,0,0,0,94081,0.000,0.000
63210,0,0,0,94081,0.000,0.000
63220,0,0,0,94081,0.000,0.000
63230,0,0,0,94081,0.000,0.000
63240,0,0,0,94081,0.000,0.000
63250,0,0,0,94081,0.000,0.000
63260,0,0,0,94081,0.000,0.000
63270,0,0,0,94081,0.000,0.000
63280,0,0,0,94081,0.000,0.000
63290,0,0,0,94081,0.000,0.000
63300,0,0,0,94081,0.000,0.000
63310,0,0,0,94081,0.000,0.000
63320,0,0,0,94081,0.000,0.000
63330,0,0,0,94081,0.000,0.000
63340,0,0,0,94081,0.000,0.000
63350,0,0,0,94081,0.000,0.000
63360,0,0,0,94081,0.000,0.000
63370,0,0,0,94081,0.000,0.000
63380,0,0,0,94081,0.000,0.000
63390,0,0,0,94081,0.000,0.000
63400,0,0,0,94081,0.000,0.000
63410,0,0,0,94081,0.000,0.000
63420,0,0,0,94081,0.000,0.000
63430,0,0,0,94081,0.000,0.000
63440,0,0,0,94081,0.000,0.000
63450,0,0,0,94081,0.000,0.000
63460,0,0,0,94081,0.000,0.000
63470,0,0,0,94081,0.000,0.000
63480,0,0,0,94081,0.000,0.000
63490,0,0,0,94081,0.000,0.000
63500,0,0,0,94081,0.000,0.000
63510,0,0,0,94081,0.000,0.000
63520,0,0,0,94081,0.000,0.000
63530,0,0,0,94081,0.000,0.000
63540,0,0,0,94081,0.000,0.000
63550,0,0,0,94081,0.000,0.000
63560,0,0,0,94081,0.000,0.000
63570,0,0,0,94081,0.000,0.000
63580,0,0,0,94081,0.000,0.000
63590,0,0,0,94081,0.000,0.000
63600,0,0,0,94081,0.000,0.000
63610,0,0,0,94081,0.000,0.000
63620,0,0,0,94081,0.000,0.000
63630,0,0,0,94081,0.000,0.000
63640,0,0,0,94081,0.000,0.000
63650,0,0,0,94081,0.000,0.000
63660,0,0,0,94081,0.000,0.000
63670,0,0,0,94081,0.000,0.000
63680,0,0,0,94081,0.000,0.000
63690,0,0,0,94081,0.000,0.000
63700,0,0,0,94081,0.000,0.000
63710,0,0,0,94081,0.000,0.000
63720,0,0,0,94081,0.000,0.000
63730,0,0,0,94081,0.000,0.000
63740,0,0,0,94081,0.000,0.000
63750,0,0,0,94081,0.000,0.000
63760,0,0,0,94081,0.000,0.000
63770,0,0,0,94081,0.000,0.000
63780,0,0,0,94081,0.000,0.000
63790,0,0,0,94081,0.000,0.000
63800,0,0,0,94081,0.000,0.000
63810,0,0,0,94081,0.000,0.000
63820,0,0,0,94081,0.000,0.000
63830,0,0,0,94081,0.000,0.000
63840,0,0,0,94081,0.000,0.000
63850,0,0,0,94081,0.000,0.000
63860,0,0,0,94081,0.000,0.000
63870,0,0,0,94081,0.000,0.000
63880,0,0,0,94081,0.000,0.000
63890,0,0,0,94081,0.000,0.000
63900,0,0,0,94081,0.000,0.000
63910,0,0,0,94081,0.000,0.000
63920,0,0,0,94081,0.000,0.000
63930,0,0,0,94081,0.000,0.000
63940,0,0,0,94081,0.000,0.000
63950,0,0,0,94081,0.000,0.000
63960,0,0,0,94081,0.000,0.000
63970,0,0,0,94081,0.000,0.000
63980,0,0,0,94081,0.000,0.000
63990,0,0,0,94081,0.000,0.000
64000,0,0,0,94081,0.000,0.000
64010,0,0,0,94081,0.000,0.000
64020,0,0,0,94081,0.000,0.000
64030,0,0,0,94081,0.000,0.000
64040,0,0,0,94081,0.000,0.000
64050,0,0,0,94081,0.000,0.000
64060,0,0,0,94081,0.000,0.000
64070,0,0,0,94081,0.000,0.000
64080,0,0,0,94081,0.000,0.000
64090,0,0,0,94081,0.000,0.000
64100,0,0,0,94081,0.000,0.000
64110,0,0,0,94081,0.000,0.000
64120,0,0,0,94081,0.000,0.000
64130,0,0,0,94081,0.000,0.000
64140,0,0,0,94081,0.000,0.000
64150,0,0,0,94081,0.000,0.000
64160,0,0,0,94081,0.000,0.000
64170,0,0,0,94081,0.000,0.000
64180,0,0,0,94081,0.000,0.000
64190,0,0,0,94081,0.000,0.000
64200,0,0,0,94081,0.000,0.000
64210,0,0,0,94081,0.000,0.000
64220,0,0,0,94081,0.000,0.000
64230,0,0,0,94081,0.000,0.000
64240,0,0,0,94081,0.000,0.000
64250,0,0,0,94081,0.000,0.000
64260,0,0,0,94081,0.000,0.000
64270,0,0,0,94081,0.000,0.000
64280,0,0,0,94081,0.000,0.000
64290,0,0,0,94081,0.000,0.000
64300,0,0,0,94081,0.000,0.000
64310,0,0,0,94081,0.000,0.000
64320,0,0,0,94081,0.000,0.000
64330,0,0,0,94081,0.000,0.000
64340,0,0,0,94081,0.000,0.000
64350,0,0,0,94081,0.000,0.000
64360,0,0,0,94081,0.000,0.000
64370,0,0,0,94081,0.000,0.000
64380,0,0,0,94081,0.000,0.000
64390,0,0,0,94081,0.000,0.000
64400,0,0,0,94081,0.000,0.000
64410,0,0,0,94081,0.000,0.000
64420,0,0,0,94081,0.000,0.000
64430,0,0,0,94081,0.000,0.000
64440,0,0,0,94081,0.000,0.000
64450,0,0,0,94081,0.000,0.000
64460,0,0,0,94081,0.000,0.000
64470,0,0,0,94081,0.000,0.000
64480,0,0,0,94081,0.000,0.000
64490,0,0,0,94081,0.000,0.000
64500,0,0,0,94081,0.000,0.000
64510,0,0,0,94081,0.000,0.000
64520,0,0,0,94081,0.000,0.000
64530,0,0,0,94081,0.000,0.000
64540,0,0,0,94081,0.000,0.000
64550,0,0,0,94081,0.000,0.000
64560,0,0,0,94081,0.000,0.000
64570,0,0,0,94081,0.000,0.000
64580,0,0,0,94081,0.000,0.000
64590,0,0,0,94081,0.000,0.000
64600,0,0,0,94081,0.000,0.000
64610,0,0,0,94081,0.000,0.000
64620,0,0,0,94081,0.000,0.000
64630,0,0,0,94081,0.000,0.000
64640,0,0,0,94081,0.000,0.000
64650,0,0,0,94081,0.000,0.000
64660,0,0,0,94081,0.000,0.000
64670,0,0,0,94081,0.000,0.000
64680,0,0,0,94081,0.000,0.000
64690,0,0,0,94081,0.000,0.000
64700,0,0,0,94081,0.000,0.000
64710,0,0,0,94081,0.000,0.000
64720,0,0,0,94081,0.000,0.000
64730,0,0,0,94081,0.000,0.000
64740,0,0,0,94081,0.000,0.000
64750,0,0,0,94081,0.000,0.000
64760,0,0,0,94081,0.000,0.000
64770,0,0,0,94081,0.000,0.000
64780,0,0,0,94081,0.000,0.000
64790,0,0,0,94081,0.000,0.000
64800,0,0,0,94081,0.000,0.000
64810,0,0,0,94081,0.000,0.000
64820,0,0,0,94081,0.000,0.000
64830,0,0,0,94081,0.000,0.000
64840,0,0,0,94081,0.000,0.000
64850,0,0,0,94081,0.000,0.000
64860,0,0,0,94081,0.000,0.000
64870,0,0,0,94081,0.000,0.000
64880,0,0,0,94081,0.000,0.000
64890,0,0,0,94081,0.000,0.000
64900,0,0,0,94081,0.000,0.000
64910,0,0,0,94081,0.000,0.000
64920,0,0,0,94081,0.000,0.000
64930,0,0,0,94081,0.000,0.000
64940,0,0,0,94081,0.000,0.000
64950,0,0,0,94081,0.000,0.000
64960,0,0,0,94081,0.000,0.000
64970,0,0,0,94081,0.000,0.000
64980,0,0,0,94081,0.000,0.000
64990,0,0,0,94081,0.000,0.000
65000,0,0,0,94081,0.000,0.000
