t_ms,cmdL,cmdR,countL,countR,thdotL,thdotR
10,0,0,0,0,0.000,0.000
20,0,0,0,0,0.000,0.000
30,0,0,0,0,0.000,0.000
40,0,0,0,0,0.000,0.000
50,0,0,0,0,0.000,0.000
60,0,0,0,0,0.000,0.000
70,0,0,0,0,0.000,0.000
80,0,0,0,0,0.000,0.000
90,0,0,0,0,0.000,0.000
100,0,0,0,0,0.000,0.000
110,0,0,0,0,0.000,0.000
120,0,0,0,0,0.000,0.000
130,0,0,0,0,0.000,0.000
140,0,0,0,0,0.000,0.000
150,0,0,0,0,0.000,0.000
160,0,0,0,0,0.000,0.000
170,0,0,0,0,0.000,0.000
180,0,0,0,0,0.000,0.000
190,0,0,0,0,0.000,0.000
200,0,0,0,0,0.000,0.000
210,0,0,0,0,0.000,0.000
220,0,0,0,0,0.000,0.000
230,0,0,0,0,0.000,0.000
240,0,0,0,0,0.000,0.000
250,0,0,0,0,0.000,0.000
260,0,0,0,0,0.000,0.000
270,0,0,0,0,0.000,0.000
280,0,0,0,0,0.000,0.000
290,0,0,0,0,0.000,0.000
300,0,0,0,0,0.000,0.000
310,0,0,0,0,0.000,0.000
320,0,0,0,0,0.000,0.000
330,0,0,0,0,0.000,0.000
340,0,0,0,0,0.000,0.000
350,0,0,0,0,0.000,0.000
360,0,0,0,0,0.000,0.000
370,0,0,0,0,0.000,0.000
380,0,0,0,0,0.000,0.000
390,0,0,0,0,0.000,0.000
400,0,0,0,0,0.000,0.000
410,0,0,0,0,0.000,0.000
420,0,0,0,0,0.000,0.000
430,0,0,0,0,0.000,0.000
440,0,0,0,0,0.000,0.000
450,0,0,0,0,0.000,0.000
460,0,0,0,0,0.000,0.000
470,0,0,0,0,0.000,0.000
480,0,0,0,0,0.000,0.000
490,0,0,0,0,0.000,0.000
500,0,0,0,0,0.000,0.000
510,0,0,0,0,0.000,0.000
520,0,0,0,0,0.000,0.000
530,0,0,0,0,0.000,0.000
540,0,0,0,0,0.000,0.000
550,0,0,0,0,0.000,0.000
560,0,0,0,0,0.000,0.000
570,0,0,0,0,0.000,0.000
580,0,0,0,0,0.000,0.000
590,0,0,0,0,0.000,0.000
600,0,0,0,0,0.000,0.000
610,0,0,0,0,0.000,0.000
620,0,0,0,0,0.000,0.000
630,0,0,0,0,0.000,0.000
640,0,0,0,0,0.000,0.000
650,0,0,0,0,0.000,0.000
660,0,0,0,0,0.000,0.000
670,0,0,0,0,0.000,0.000
680,0,0,0,0,0.000,0.000
690,0,0,0,0,0.000,0.000
700,0,0,0,0,0.000,0.000
710,0,0,0,0,0.000,0.000
720,0,0,0,0,0.000,0.000
730,0,0,0,0,0.000,0.000
740,0,0,0,0,0.000,0.000
750,0,0,0,0,0.000,0.000
760,0,0,0,0,0.000,0.000
770,0,0,0,0,0.000,0.000
780,0,0,0,0,0.000,0.000
790,0,0,0,0,0.000,0.000
800,0,0,0,0,0.000,0.000
810,0,0,0,0,0.000,0.000
820,0,0,0,0,0.000,0.000
830,0,0,0,0,0.000,0.000
840,0,0,0,0,0.000,0.000
850,0,0,0,0,0.000,0.000
860,0,0,0,0,0.000,0.000
870,0,0,0,0,0.000,0.000
880,0,0,0,0,0.000,0.000
890,0,0,0,0,0.000,0.000
900,0,0,0,0,0.000,0.000
910,0,0,0,0,0.000,0.000
920,0,0,0,0,0.000,0.000
930,0,0,0,0,0.000,0.000
940,0,0,0,0,0.000,0.000
950,0,0,0,0,0.000,0.000
960,0,0,0,0,0.000,0.000
970,0,0,0,0,0.000,0.000
980,0,0,0,0,0.000,0.000
990,0,0,0,0,0.000,0.000
1000,0,0,0,0,0.000,0.000
1010,0,3,0,0,0.000,0.000
1020,0,3,0,0,0.000,0.000
1030,0,3,0,0,0.000,0.000
1040,0,3,0,1,0.000,0.140
1050,0,3,0,3,0.000,0.280
1060,0,3,0,6,0.000,0.421
1070,0,3,0,12,0.000,0.841
1080,0,3,0,18,0.000,0.841
1090,0,3,0,25,0.000,0.982
1100,0,3,0,32,0.000,0.982
1110,0,3,0,40,0.000,1.122
1120,0,3,0,49,0.000,1.262
1130,0,3,0,58,0.000,1.262
1140,0,3,0,67,0.000,1.262
1150,0,3,0,77,0.000,1.402
1160,0,3,0,87,0.000,1.402
1170,0,3,0,97,0.000,1.402
1180,0,3,0,106,0.000,1.262
1190,0,3,0,116,0.000,1.402
1200,0,3,0,126,0.000,1.402
1210,0,3,0,135,0.000,1.262
1220,0,3,0,144,0.000,1.262
1230,0,3,0,153,0.000,1.262
1240,0,3,0,162,0.000,1.262
1250,0,3,0,170,0.000,1.122
1260,0,3,0,180,0.000,1.402
1270,0,3,0,189,0.000,1.262
1280,0,3,0,198,0.000,1.262
1290,0,3,0,208,0.000,1.402
1300,0,3,0,218,0.000,1.402
1310,0,3,0,228,0.000,1.402
1320,0,3,0,238,0.000,1.402
1330,0,3,0,248,0.000,1.402
1340,0,3,0,258,0.000,1.402
1350,0,3,0,268,0.000,1.402
1360,0,3,0,278,0.000,1.402
1370,0,3,0,287,0.000,1.262
1380,0,3,0,296,0.000,1.262
1390,0,3,0,305,0.000,1.262
1400,0,3,0,314,0.000,1.262
1410,0,3,0,323,0.000,1.262
1420,0,3,0,332,0.000,1.262
1430,0,3,0,341,0.000,1.262
1440,0,3,0,349,0.000,1.122
1450,0,3,0,358,0.000,1.262
1460,0,3,0,366,0.000,1.122
1470,0,3,0,374,0.000,1.122
1480,0,3,0,383,0.000,1.262
1490,0,3,0,392,0.000,1.262
1500,0,3,0,401,0.000,1.262
1510,0,3,0,410,0.000,1.262
1520,0,3,0,418,0.000,1.122
1530,0,3,0,427,0.000,1.262
1540,0,3,0,436,0.000,1.262
1550,0,3,0,445,0.000,1.262
1560,0,3,0,453,0.000,1.122
1570,0,3,0,461,0.000,1.122
1580,0,3,0,469,0.000,1.122
1590,0,3,0,477,0.000,1.122
1600,0,3,0,485,0.000,1.122
1610,0,3,0,493,0.000,1.122
1620,0,3,0,500,0.000,0.982
1630,0,3,0,508,0.000,1.122
1640,0,3,0,516,0.000,1.122
1650,0,3,0,525,0.000,1.262
1660,0,3,0,533,0.000,1.122
1670,0,3,0,541,0.000,1.122
1680,0,3,0,549,0.000,1.122
1690,0,3,0,557,0.000,1.122
1700,0,3,0,565,0.000,1.122
1710,0,3,0,573,0.000,1.122
1720,0,3,0,582,0.000,1.262
1730,0,3,0,590,0.000,1.122
1740,0,3,0,598,0.000,1.122
1750,0,3,0,607,0.000,1.262
1760,0,3,0,615,0.000,1.122
1770,0,3,0,623,0.000,1.122
1780,0,3,0,631,0.000,1.122
1790,0,3,0,639,0.000,1.122
1800,0,3,0,646,0.000,0.982
1810,0,3,0,654,0.000,1.122
1820,0,3,0,662,0.000,1.122
1830,0,3,0,670,0.000,1.122
1840,0,3,0,678,0.000,1.122
1850,0,3,0,687,0.000,1.262
1860,0,3,0,695,0.000,1.122
1870,0,3,0,702,0.000,0.982
1880,0,3,0,710,0.000,1.122
1890,0,3,0,718,0.000,1.122
1900,0,3,0,726,0.000,1.122
1910,0,3,0,734,0.000,1.122
1920,0,3,0,741,0.000,0.982
1930,0,3,0,749,0.000,1.122
1940,0,3,0,757,0.000,1.122
1950,0,3,0,765,0.000,1.122
1960,0,3,0,773,0.000,1.122
1970,0,3,0,782,0.000,1.262
1980,0,3,0,791,0.000,1.262
1990,0,3,0,800,0.000,1.262
2000,0,3,0,809,0.000,1.262
2010,0,3,0,817,0.000,1.122
2020,0,3,0,826,0.000,1.262
2030,0,3,0,834,0.000,1.122
2040,0,3,0,842,0.000,1.122
2050,0,3,0,850,0.000,1.122
2060,0,3,0,858,0.000,1.122
2070,0,3,0,866,0.000,1.122
2080,0,3,0,873,0.000,0.982
2090,0,3,0,881,0.000,1.122
2100,0,3,0,888,0.000,0.982
2110,0,3,0,895,0.000,0.982
2120,0,3,0,902,0.000,0.982
2130,0,3,0,909,0.000,0.982
2140,0,3,0,915,0.000,0.841
2150,0,3,0,922,0.000,0.982
2160,0,3,0,927,0.000,0.701
2170,0,3,0,933,0.000,0.841
2180,0,3,0,938,0.000,0.701
2190,0,3,0,943,0.000,0.701
2200,0,3,0,948,0.000,0.701
2210,0,3,0,953,0.000,0.701
2220,0,3,0,959,0.000,0.841
2230,0,3,0,965,0.000,0.841
2240,0,3,0,971,0.000,0.841
2250,0,3,0,978,0.000,0.982
2260,0,3,0,985,0.000,0.982
2270,0,3,0,991,0.000,0.841
2280,0,3,0,998,0.000,0.982
2290,0,3,0,1005,0.000,0.982
2300,0,3,0,1012,0.000,0.982
2310,0,3,0,1017,0.000,0.701
2320,0,3,0,1024,0.000,0.982
2330,0,3,0,1029,0.000,0.701
2340,0,3,0,1036,0.000,0.982
2350,0,3,0,1042,0.000,0.841
2360,0,3,0,1048,0.000,0.841
2370,0,3,0,1054,0.000,0.841
2380,0,3,0,1060,0.000,0.841
2390,0,3,0,1066,0.000,0.841
2400,0,3,0,1071,0.000,0.701
2410,0,3,0,1077,0.000,0.841
2420,0,3,0,1085,0.000,1.122
2430,0,3,0,1093,0.000,1.122
2440,0,3,0,1102,0.000,1.262
2450,0,3,0,1111,0.000,1.262
2460,0,3,0,1119,0.000,1.122
2470,0,3,0,1126,0.000,0.982
2480,0,3,0,1133,0.000,0.982
2490,0,3,0,1140,0.000,0.982
2500,0,3,0,1146,0.000,0.841
2510,0,6,0,1151,0.000,0.701
2520,0,6,0,1157,0.000,0.841
2530,0,6,0,1163,0.000,0.841
2540,0,6,0,1170,0.000,0.982
2550,0,6,0,1179,0.000,1.262
2560,0,6,0,1190,0.000,1.543
2570,0,6,0,1202,0.000,1.683
2580,0,6,0,1216,0.000,1.963
2590,0,6,0,1230,0.000,1.963
2600,0,6,0,1246,0.000,2.244
2610,0,6,0,1262,0.000,2.244
2620,0,6,0,1278,0.000,2.244
2630,0,6,0,1295,0.000,2.384
2640,0,6,0,1312,0.000,2.384
2650,0,6,0,1329,0.000,2.384
2660,0,6,0,1346,0.000,2.384
2670,0,6,0,1364,0.000,2.524
2680,0,6,0,1381,0.000,2.384
2690,0,6,0,1399,0.000,2.524
2700,0,6,0,1416,0.000,2.384
2710,0,6,0,1434,0.000,2.524
2720,0,6,0,1452,0.000,2.524
2730,0,6,0,1470,0.000,2.524
2740,0,6,0,1488,0.000,2.524
2750,0,6,0,1506,0.000,2.524
2760,0,6,0,1525,0.000,2.665
2770,0,6,0,1543,0.000,2.524
2780,0,6,0,1561,0.000,2.524
2790,0,6,0,1579,0.000,2.524
2800,0,6,0,1597,0.000,2.524
2810,0,6,0,1615,0.000,2.524
2820,0,6,0,1633,0.000,2.524
2830,0,6,0,1651,0.000,2.524
2840,0,6,0,1668,0.000,2.384
2850,0,6,0,1686,0.000,2.524
2860,0,6,0,1702,0.000,2.244
2870,0,6,0,1720,0.000,2.524
2880,0,6,0,1738,0.000,2.524
2890,0,6,0,1756,0.000,2.524
2900,0,6,0,1774,0.000,2.524
2910,0,6,0,1792,0.000,2.524
2920,0,6,0,1810,0.000,2.524
2930,0,6,0,1828,0.000,2.524
2940,0,6,0,1847,0.000,2.665
2950,0,6,0,1865,0.000,2.524
2960,0,6,0,1884,0.000,2.665
2970,0,6,0,1902,0.000,2.524
2980,0,6,0,1920,0.000,2.524
2990,0,6,0,1938,0.000,2.524
3000,0,6,0,1957,0.000,2.665
3010,0,6,0,1976,0.000,2.665
3020,0,6,0,1995,0.000,2.665
3030,0,6,0,2014,0.000,2.665
3040,0,6,0,2032,0.000,2.524
3050,0,6,0,2051,0.000,2.665
3060,0,6,0,2070,0.000,2.665
3070,0,6,0,2089,0.000,2.665
3080,0,6,0,2108,0.000,2.665
3090,0,6,0,2127,0.000,2.665
3100,0,6,0,2146,0.000,2.665
3110,0,6,0,2165,0.000,2.665
3120,0,6,0,2184,0.000,2.665
3130,0,6,0,2203,0.000,2.665
3140,0,6,0,2222,0.000,2.665
3150,0,6,0,2241,0.000,2.665
3160,0,6,0,2259,0.000,2.524
3170,0,6,0,2278,0.000,2.665
3180,0,6,0,2297,0.000,2.665
3190,0,6,0,2316,0.000,2.665
3200,0,6,0,2335,0.000,2.665
3210,0,6,0,2354,0.000,2.665
3220,0,6,0,2373,0.000,2.665
3230,0,6,0,2392,0.000,2.665
3240,0,6,0,2411,0.000,2.665
3250,0,6,0,2430,0.000,2.665
3260,0,6,0,2449,0.000,2.665
3270,0,6,0,2468,0.000,2.665
3280,0,6,0,2488,0.000,2.805
3290,0,6,0,2506,0.000,2.524
3300,0,6,0,2526,0.000,2.805
3310,0,6,0,2545,0.000,2.665
3320,0,6,0,2564,0.000,2.665
3330,0,6,0,2583,0.000,2.665
3340,0,6,0,2602,0.000,2.665
3350,0,6,0,2622,0.000,2.805
3360,0,6,0,2641,0.000,2.665
3370,0,6,0,2661,0.000,2.805
3380,0,6,0,2681,0.000,2.805
3390,0,6,0,2701,0.000,2.805
3400,0,6,0,2720,0.000,2.665
3410,0,6,0,2741,0.000,2.945
3420,0,6,0,2760,0.000,2.665
3430,0,6,0,2780,0.000,2.805
3440,0,6,0,2800,0.000,2.805
3450,0,6,0,2820,0.000,2.805
3460,0,6,0,2839,0.000,2.665
3470,0,6,0,2859,0.000,2.805
3480,0,6,0,2879,0.000,2.805
3490,0,6,0,2899,0.000,2.805
3500,0,6,0,2918,0.000,2.665
3510,0,6,0,2938,0.000,2.805
3520,0,6,0,2958,0.000,2.805
3530,0,6,0,2978,0.000,2.805
3540,0,6,0,2999,0.000,2.945
3550,0,6,0,3020,0.000,2.945
3560,0,6,0,3041,0.000,2.945
3570,0,6,0,3062,0.000,2.945
3580,0,6,0,3082,0.000,2.805
3590,0,6,0,3103,0.000,2.945
3600,0,6,0,3124,0.000,2.945
3610,0,6,0,3145,0.000,2.945
3620,0,6,0,3165,0.000,2.805
3630,0,6,0,3186,0.000,2.945
3640,0,6,0,3208,0.000,3.085
3650,0,6,0,3229,0.000,2.945
3660,0,6,0,3250,0.000,2.945
3670,0,6,0,3270,0.000,2.805
3680,0,6,0,3291,0.000,2.945
3690,0,6,0,3312,0.000,2.945
3700,0,6,0,3334,0.000,3.085
3710,0,6,0,3355,0.000,2.945
3720,0,6,0,3376,0.000,2.945
3730,0,6,0,3398,0.000,3.085
3740,0,6,0,3420,0.000,3.085
3750,0,6,0,3442,0.000,3.085
3760,0,6,0,3465,0.000,3.226
3770,0,6,0,3488,0.000,3.226
3780,0,6,0,3510,0.000,3.085
3790,0,6,0,3534,0.000,3.366
3800,0,6,0,3556,0.000,3.085
3810,0,6,0,3579,0.000,3.226
3820,0,6,0,3602,0.000,3.226
3830,0,6,0,3625,0.000,3.226
3840,0,6,0,3648,0.000,3.226
3850,0,6,0,3670,0.000,3.085
3860,0,6,0,3693,0.000,3.226
3870,0,6,0,3715,0.000,3.085
3880,0,6,0,3737,0.000,3.085
3890,0,6,0,3759,0.000,3.085
3900,0,6,0,3781,0.000,3.085
3910,0,6,0,3803,0.000,3.085
3920,0,6,0,3826,0.000,3.226
3930,0,6,0,3848,0.000,3.085
3940,0,6,0,3870,0.000,3.085
3950,0,6,0,3893,0.000,3.226
3960,0,6,0,3915,0.000,3.085
3970,0,6,0,3937,0.000,3.085
3980,0,6,0,3960,0.000,3.226
3990,0,6,0,3982,0.000,3.085
4000,0,6,0,4005,0.000,3.226
4010,0,9,0,4029,0.000,3.366
4020,0,9,0,4052,0.000,3.226
4030,0,9,0,4076,0.000,3.366
4040,0,9,0,4101,0.000,3.506
4050,0,9,0,4128,0.000,3.787
4060,0,9,0,4156,0.000,3.927
4070,0,9,0,4186,0.000,4.207
4080,0,9,0,4217,0.000,4.348
4090,0,9,0,4249,0.000,4.488
4100,0,9,0,4281,0.000,4.488
4110,0,9,0,4314,0.000,4.628
4120,0,9,0,4348,0.000,4.768
4130,0,9,0,4382,0.000,4.768
4140,0,9,0,4416,0.000,4.768
4150,0,9,0,4450,0.000,4.768
4160,0,9,0,4485,0.000,4.909
4170,0,9,0,4519,0.000,4.768
4180,0,9,0,4553,0.000,4.768
4190,0,9,0,4587,0.000,4.768
4200,0,9,0,4620,0.000,4.628
4210,0,9,0,4654,0.000,4.768
4220,0,9,0,4687,0.000,4.628
4230,0,9,0,4721,0.000,4.768
4240,0,9,0,4754,0.000,4.628
4250,0,9,0,4788,0.000,4.768
4260,0,9,0,4821,0.000,4.628
4270,0,9,0,4854,0.000,4.628
4280,0,9,0,4887,0.000,4.628
4290,0,9,0,4920,0.000,4.628
4300,0,9,0,4953,0.000,4.628
4310,0,9,0,4985,0.000,4.488
4320,0,9,0,5018,0.000,4.628
4330,0,9,0,5050,0.000,4.488
4340,0,9,0,5082,0.000,4.488
4350,0,9,0,5114,0.000,4.488
4360,0,9,0,5147,0.000,4.628
4370,0,9,0,5178,0.000,4.348
4380,0,9,0,5210,0.000,4.488
4390,0,9,0,5242,0.000,4.488
4400,0,9,0,5274,0.000,4.488
4410,0,9,0,5305,0.000,4.348
4420,0,9,0,5337,0.000,4.488
4430,0,9,0,5368,0.000,4.348
4440,0,9,0,5399,0.000,4.348
4450,0,9,0,5430,0.000,4.348
4460,0,9,0,5461,0.000,4.348
4470,0,9,0,5492,0.000,4.348
4480,0,9,0,5522,0.000,4.207
4490,0,9,0,5552,0.000,4.207
4500,0,9,0,5583,0.000,4.348
4510,0,9,0,5614,0.000,4.348
4520,0,9,0,5644,0.000,4.207
4530,0,9,0,5675,0.000,4.348
4540,0,9,0,5705,0.000,4.207
4550,0,9,0,5736,0.000,4.348
4560,0,9,0,5766,0.000,4.207
4570,0,9,0,5796,0.000,4.207
4580,0,9,0,5826,0.000,4.207
4590,0,9,0,5857,0.000,4.348
4600,0,9,0,5887,0.000,4.207
4610,0,9,0,5917,0.000,4.207
4620,0,9,0,5947,0.000,4.207
4630,0,9,0,5977,0.000,4.207
4640,0,9,0,6007,0.000,4.207
4650,0,9,0,6037,0.000,4.207
4660,0,9,0,6066,0.000,4.067
4670,0,9,0,6096,0.000,4.207
4680,0,9,0,6125,0.000,4.067
4690,0,9,0,6155,0.000,4.207
4700,0,9,0,6185,0.000,4.207
4710,0,9,0,6215,0.000,4.207
4720,0,9,0,6245,0.000,4.207
4730,0,9,0,6275,0.000,4.207
4740,0,9,0,6305,0.000,4.207
4750,0,9,0,6335,0.000,4.207
4760,0,9,0,6366,0.000,4.348
4770,0,9,0,6396,0.000,4.207
4780,0,9,0,6426,0.000,4.207
4790,0,9,0,6456,0.000,4.207
4800,0,9,0,6487,0.000,4.348
4810,0,9,0,6517,0.000,4.207
4820,0,9,0,6547,0.000,4.207
4830,0,9,0,6578,0.000,4.348
4840,0,9,0,6608,0.000,4.207
4850,0,9,0,6637,0.000,4.067
4860,0,9,0,6667,0.000,4.207
4870,0,9,0,6697,0.000,4.207
4880,0,9,0,6727,0.000,4.207
4890,0,9,0,6756,0.000,4.067
4900,0,9,0,6786,0.000,4.207
4910,0,9,0,6816,0.000,4.207
4920,0,9,0,6846,0.000,4.207
4930,0,9,0,6876,0.000,4.207
4940,0,9,0,6905,0.000,4.067
4950,0,9,0,6935,0.000,4.207
4960,0,9,0,6965,0.000,4.207
4970,0,9,0,6994,0.000,4.067
4980,0,9,0,7024,0.000,4.207
4990,0,9,0,7054,0.000,4.207
5000,0,9,0,7084,0.000,4.207
5010,0,9,0,7114,0.000,4.207
5020,0,9,0,7144,0.000,4.207
5030,0,9,0,7174,0.000,4.207
5040,0,9,0,7205,0.000,4.348
5050,0,9,0,7235,0.000,4.207
5060,0,9,0,7266,0.000,4.348
5070,0,9,0,7296,0.000,4.207
5080,0,9,0,7326,0.000,4.207
5090,0,9,0,7356,0.000,4.207
5100,0,9,0,7387,0.000,4.348
5110,0,9,0,7417,0.000,4.207
5120,0,9,0,7448,0.000,4.348
5130,0,9,0,7479,0.000,4.348
5140,0,9,0,7510,0.000,4.348
5150,0,9,0,7541,0.000,4.348
5160,0,9,0,7571,0.000,4.207
5170,0,9,0,7602,0.000,4.348
5180,0,9,0,7632,0.000,4.207
5190,0,9,0,7662,0.000,4.207
5200,0,9,0,7694,0.000,4.488
5210,0,9,0,7725,0.000,4.348
5220,0,9,0,7756,0.000,4.348
5230,0,9,0,7788,0.000,4.488
5240,0,9,0,7819,0.000,4.348
5250,0,9,0,7851,0.000,4.488
5260,0,9,0,7883,0.000,4.488
5270,0,9,0,7915,0.000,4.488
5280,0,9,0,7948,0.000,4.628
5290,0,9,0,7980,0.000,4.488
5300,0,9,0,8012,0.000,4.488
5310,0,9,0,8045,0.000,4.628
5320,0,9,0,8077,0.000,4.488
5330,0,9,0,8109,0.000,4.488
5340,0,9,0,8142,0.000,4.628
5350,0,9,0,8174,0.000,4.488
5360,0,9,0,8206,0.000,4.488
5370,0,9,0,8238,0.000,4.488
5380,0,9,0,8270,0.000,4.488
5390,0,9,0,8303,0.000,4.628
5400,0,9,0,8336,0.000,4.628
5410,0,9,0,8369,0.000,4.628
5420,0,9,0,8402,0.000,4.628
5430,0,9,0,8435,0.000,4.628
5440,0,9,0,8468,0.000,4.628
5450,0,9,0,8502,0.000,4.768
5460,0,9,0,8535,0.000,4.628
5470,0,9,0,8569,0.000,4.768
5480,0,9,0,8602,0.000,4.628
5490,0,9,0,8636,0.000,4.768
5500,0,9,0,8670,0.000,4.768
5510,0,12,0,8704,0.000,4.768
5520,0,12,0,8738,0.000,4.768
5530,0,12,0,8773,0.000,4.909
5540,0,12,0,8810,0.000,5.189
5550,0,12,0,8848,0.000,5.329
5560,0,12,0,8887,0.000,5.470
5570,0,12,0,8928,0.000,5.750
5580,0,12,0,8971,0.000,6.031
5590,0,12,0,9013,0.000,5.890
5600,0,12,0,9056,0.000,6.031
5610,0,12,0,9100,0.000,6.171
5620,0,12,0,9143,0.000,6.031
5630,0,12,0,9186,0.000,6.031
5640,0,12,0,9230,0.000,6.171
5650,0,12,0,9274,0.000,6.171
5660,0,12,0,9318,0.000,6.171
5670,0,12,0,9361,0.000,6.031
5680,0,12,0,9405,0.000,6.171
5690,0,12,0,9450,0.000,6.311
5700,0,12,0,9493,0.000,6.031
5710,0,12,0,9537,0.000,6.171
5720,0,12,0,9580,0.000,6.031
5730,0,12,0,9623,0.000,6.031
5740,0,12,0,9666,0.000,6.031
5750,0,12,0,9709,0.000,6.031
5760,0,12,0,9753,0.000,6.171
5770,0,12,0,9795,0.000,5.890
5780,0,12,0,9838,0.000,6.031
5790,0,12,0,9882,0.000,6.171
5800,0,12,0,9924,0.000,5.890
5810,0,12,0,9968,0.000,6.171
5820,0,12,0,10010,0.000,5.890
5830,0,12,0,10052,0.000,5.890
5840,0,12,0,10095,0.000,6.031
5850,0,12,0,10137,0.000,5.890
5860,0,12,0,10179,0.000,5.890
5870,0,12,0,10221,0.000,5.890
5880,0,12,0,10262,0.000,5.750
5890,0,12,0,10305,0.000,6.031
5900,0,12,0,10346,0.000,5.750
5910,0,12,0,10387,0.000,5.750
5920,0,12,0,10428,0.000,5.750
5930,0,12,0,10469,0.000,5.750
5940,0,12,0,10510,0.000,5.750
5950,0,12,0,10551,0.000,5.750
5960,0,12,0,10591,0.000,5.610
5970,0,12,0,10633,0.000,5.890
5980,0,12,0,10673,0.000,5.610
5990,0,12,0,10714,0.000,5.750
6000,0,12,0,10757,0.000,6.031
6010,0,12,1,10799,0.140,5.890
6020,0,12,1,10843,0.000,6.171
6030,0,12,1,10887,0.000,6.171
6040,0,12,1,10930,0.000,6.031
6050,0,12,1,10974,0.000,6.171
6060,0,12,1,11016,0.000,5.890
6070,0,12,1,11059,0.000,6.031
6080,0,12,1,11102,0.000,6.031
6090,0,12,1,11143,0.000,5.750
6100,0,12,1,11186,0.000,6.031
6110,0,12,1,11228,0.000,5.890
6120,0,12,1,11270,0.000,5.890
6130,0,12,1,11313,0.000,6.031
6140,0,12,1,11354,0.000,5.750
6150,0,12,1,11397,0.000,6.031
6160,0,12,1,11439,0.000,5.890
6170,0,12,1,11480,0.000,5.750
6180,0,12,1,11522,0.000,5.890
6190,0,12,1,11564,0.000,5.890
6200,0,12,1,11606,0.000,5.890
6210,0,12,1,11648,0.000,5.890
6220,0,12,1,11689,0.000,5.750
6230,0,12,1,11731,0.000,5.890
6240,0,12,1,11773,0.000,5.890
6250,0,12,1,11814,0.000,5.750
6260,0,12,1,11857,0.000,6.031
6270,0,12,1,11899,0.000,5.890
6280,0,12,1,11941,0.000,5.890
6290,0,12,1,11983,0.000,5.890
6300,0,12,1,12025,0.000,5.890
6310,0,12,1,12068,0.000,6.031
6320,0,12,1,12111,0.000,6.031
6330,0,12,1,12153,0.000,5.890
6340,0,12,1,12196,0.000,6.031
6350,0,12,1,12239,0.000,6.031
6360,0,12,1,12282,0.000,6.031
6370,0,12,1,12325,0.000,6.031
6380,0,12,1,12370,0.000,6.311
6390,0,12,1,12414,0.000,6.171
6400,0,12,1,12458,0.000,6.171
6410,0,12,1,12503,0.000,6.311
6420,0,12,1,12548,0.000,6.311
6430,0,12,1,12593,0.000,6.311
6440,0,12,1,12638,0.000,6.311
6450,0,12,1,12684,0.000,6.451
6460,0,12,1,12728,0.000,6.171
6470,0,12,1,12774,0.000,6.451
6480,0,12,1,12820,0.000,6.451
6490,0,12,1,12865,0.000,6.311
6500,0,12,1,12910,0.000,6.311
6510,0,12,1,12956,0.000,6.451
6520,0,12,1,13002,0.000,6.451
6530,0,12,1,13047,0.000,6.311
6540,0,12,1,13093,0.000,6.451
6550,0,12,1,13138,0.000,6.311
6560,0,12,1,13184,0.000,6.451
6570,0,12,1,13230,0.000,6.451
6580,0,12,1,13277,0.000,6.592
6590,0,12,1,13324,0.000,6.592
6600,0,12,1,13370,0.000,6.451
6610,0,12,1,13416,0.000,6.451
6620,0,12,1,13462,0.000,6.451
6630,0,12,1,13508,0.000,6.451
6640,0,12,1,13554,0.000,6.451
6650,0,12,1,13599,0.000,6.311
6660,0,12,1,13644,0.000,6.311
6670,0,12,1,13689,0.000,6.311
6680,0,12,1,13733,0.000,6.171
6690,0,12,1,13777,0.000,6.171
6700,0,12,1,13822,0.000,6.311
6710,0,12,1,13865,0.000,6.031
6720,0,12,1,13910,0.000,6.311
6730,0,12,1,13953,0.000,6.031
6740,0,12,1,13996,0.000,6.031
6750,0,12,1,14040,0.000,6.171
6760,0,12,1,14082,0.000,5.890
6770,0,12,1,14126,0.000,6.171
6780,0,12,1,14169,0.000,6.031
6790,0,12,1,14212,0.000,6.031
6800,0,12,1,14256,0.000,6.171
6810,0,12,1,14298,0.000,5.890
6820,0,12,1,14342,0.000,6.171
6830,0,12,1,14385,0.000,6.031
6840,0,12,1,14427,0.000,5.890
6850,0,12,1,14470,0.000,6.031
6860,0,12,1,14512,0.000,5.890
6870,0,12,1,14554,0.000,5.890
6880,0,12,1,14596,0.000,5.890
6890,0,12,1,14637,0.000,5.750
6900,0,12,1,14679,0.000,5.890
6910,0,12,1,14720,0.000,5.750
6920,0,12,1,14762,0.000,5.890
6930,0,12,1,14803,0.000,5.750
6940,0,12,1,14844,0.000,5.750
6950,0,12,1,14886,0.000,5.890
6960,0,12,1,14926,0.000,5.610
6970,0,12,1,14967,0.000,5.750
6980,0,12,1,15008,0.000,5.750
6990,0,12,1,15049,0.000,5.750
7000,0,12,1,15089,0.000,5.610
7010,0,0,1,15130,0.000,5.750
7020,0,0,1,15170,0.000,5.610
7030,0,0,1,15210,0.000,5.610
7040,0,0,1,15246,0.000,5.049
7050,0,0,1,15276,0.000,4.207
7060,0,0,1,15300,0.000,3.366
7070,0,0,1,15317,0.000,2.384
7080,0,0,1,15329,0.000,1.683
7090,0,0,1,15337,0.000,1.122
7100,0,0,1,15342,0.000,0.701
7110,0,0,1,15345,0.000,0.421
7120,0,0,1,15347,0.000,0.280
7130,0,0,1,15348,0.000,0.140
7140,0,0,1,15348,0.000,0.000
7150,0,0,1,15348,0.000,0.000
7160,0,0,1,15348,0.000,0.000
7170,0,0,1,15348,0.000,0.000
7180,0,0,1,15348,0.000,0.000
7190,0,0,1,15348,0.000,0.000
7200,0,0,1,15348,0.000,0.000
7210,0,0,1,15348,0.000,0.000
7220,0,0,1,15348,0.000,0.000
7230,0,0,1,15348,0.000,0.000
7240,0,0,1,15348,0.000,0.000
7250,0,0,1,15348,0.000,0.000
7260,0,0,1,15348,0.000,0.000
7270,0,0,1,15348,0.000,0.000
7280,0,0,1,15348,0.000,0.000
7290,0,0,1,15348,0.000,0.000
7300,0,0,1,15348,0.000,0.000
7310,0,0,1,15348,0.000,0.000
7320,0,0,1,15348,0.000,0.000
7330,0,0,1,15348,0.000,0.000
7340,0,0,1,15348,0.000,0.000
7350,0,0,1,15348,0.000,0.000
7360,0,0,1,15348,0.000,0.000
7370,0,0,1,15348,0.000,0.000
7380,0,0,1,15348,0.000,0.000
7390,0,0,1,15348,0.000,0.000
7400,0,0,1,15348,0.000,0.000
7410,0,0,1,15348,0.000,0.000
7420,0,0,1,15348,0.000,0.000
7430,0,0,1,15348,0.000,0.000
7440,0,0,1,15348,0.000,0.000
7450,0,0,1,15348,0.000,0.000
7460,0,0,1,15348,0.000,0.000
7470,0,0,1,15348,0.000,0.000
7480,0,0,1,15348,0.000,0.000
7490,0,0,1,15348,0.000,0.000
7500,0,0,1,15348,0.000,0.000
7510,0,0,1,15348,0.000,0.000
7520,0,0,1,15348,0.000,0.000
7530,0,0,0,15348,-0.140,0.000
7540,0,0,0,15348,0.000,0.000
7550,0,0,0,15348,0.000,0.000
7560,0,0,0,15348,0.000,0.000
7570,0,0,0,15348,0.000,0.000
7580,0,0,0,15348,0.000,0.000
7590,0,0,0,15348,0.000,0.000
7600,0,0,0,15348,0.000,0.000
7610,0,0,0,15348,0.000,0.000
7620,0,0,0,15348,0.000,0.000
7630,0,0,0,15348,0.000,0.000
7640,0,0,0,15348,0.000,0.000
7650,0,0,0,15348,0.000,0.000
7660,0,0,0,15348,0.000,0.000
7670,0,0,0,15348,0.000,0.000
7680,0,0,0,15348,0.000,0.000
7690,0,0,0,15348,0.000,0.000
7700,0,0,0,15348,0.000,0.000
7710,0,0,0,15348,0.000,0.000
7720,0,0,0,15348,0.000,0.000
7730,0,0,0,15348,0.000,0.000
7740,0,0,0,15348,0.000,0.000
7750,0,0,0,15348,0.000,0.000
7760,0,0,0,15348,0.000,0.000
7770,0,0,0,15348,0.000,0.000
7780,0,0,0,15348,0.000,0.000
7790,0,0,0,15348,0.000,0.000
7800,0,0,0,15348,0.000,0.000
7810,0,0,0,15348,0.000,0.000
7820,0,0,0,15348,0.000,0.000
7830,0,0,0,15348,0.000,0.000
7840,0,0,0,15348,0.000,0.000
7850,0,0,0,15348,0.000,0.000
7860,0,0,0,15348,0.000,0.000
7870,0,0,0,15348,0.000,0.000
7880,0,0,0,15348,0.000,0.000
7890,0,0,0,15348,0.000,0.000
7900,0,0,0,15348,0.000,0.000
7910,0,0,0,15348,0.000,0.000
7920,0,0,0,15348,0.000,0.000
7930,0,0,0,15348,0.000,0.000
7940,0,0,0,15348,0.000,0.000
7950,0,0,0,15348,0.000,0.000
7960,0,0,0,15348,0.000,0.000
7970,0,0,0,15348,0.000,0.000
7980,0,0,0,15348,0.000,0.000
7990,0,0,0,15348,0.000,0.000
8000,0,0,0,15348,0.000,0.000
8010,0,0,0,15348,0.000,0.000
8020,0,0,0,15348,0.000,0.000
8030,0,0,0,15348,0.000,0.000
8040,0,0,0,15348,0.000,0.000
8050,0,0,0,15348,0.000,0.000
8060,0,0,0,15348,0.000,0.000
8070,0,0,0,15348,0.000,0.000
8080,0,0,0,15348,0.000,0.000
8090,0,0,0,15348,0.000,0.000
8100,0,0,0,15348,0.000,0.000
8110,0,0,0,15348,0.000,0.000
8120,0,0,0,15348,0.000,0.000
8130,0,0,0,15348,0.000,0.000
8140,0,0,0,15348,0.000,0.000
8150,0,0,0,15348,0.000,0.000
8160,0,0,0,15348,0.000,0.000
8170,0,0,0,15348,0.000,0.000
8180,0,0,0,15348,0.000,0.000
8190,0,0,0,15348,0.000,0.000
8200,0,0,0,15348,0.000,0.000
8210,0,0,0,15348,0.000,0.000
8220,0,0,0,15348,0.000,0.000
8230,0,0,0,15348,0.000,0.000
8240,0,0,0,15348,0.000,0.000
8250,0,0,0,15348,0.000,0.000
8260,0,0,0,15348,0.000,0.000
8270,0,0,0,15348,0.000,0.000
8280,0,0,0,15348,0.000,0.000
8290,0,0,0,15348,0.000,0.000
8300,0,0,0,15348,0.000,0.000
8310,0,0,0,15348,0.000,0.000
8320,0,0,0,15348,0.000,0.000
8330,0,0,0,15348,0.000,0.000
8340,0,0,0,15348,0.000,0.000
8350,0,0,0,15348,0.000,0.000
8360,0,0,0,15348,0.000,0.000
8370,0,0,0,15348,0.000,0.000
8380,0,0,0,15348,0.000,0.000
8390,0,0,0,15348,0.000,0.000
8400,0,0,0,15348,0.000,0.000
8410,0,0,0,15348,0.000,0.000
8420,0,0,0,15348,0.000,0.000
8430,0,0,0,15348,0.000,0.000
8440,0,0,0,15348,0.000,0.000
8450,0,0,0,15348,0.000,0.000
8460,0,0,0,15348,0.000,0.000
8470,0,0,0,15348,0.000,0.000
8480,0,0,0,15348,0.000,0.000
8490,0,0,0,15348,0.000,0.000
8500,0,0,0,15348,0.000,0.000
8510,0,0,0,15348,0.000,0.000
8520,0,0,0,15348,0.000,0.000
8530,0,0,0,15348,0.000,0.000
8540,0,0,0,15348,0.000,0.000
8550,0,0,0,15348,0.000,0.000
8560,0,0,0,15348,0.000,0.000
8570,0,0,0,15348,0.000,0.000
8580,0,0,0,15348,0.000,0.000
8590,0,0,0,15348,0.000,0.000
8600,0,0,0,15348,0.000,0.000
8610,0,0,0,15348,0.000,0.000
8620,0,0,0,15348,0.000,0.000
8630,0,0,0,15348,0.000,0.000
8640,0,0,0,15348,0.000,0.000
8650,0,0,0,15348,0.000,0.000
8660,0,0,0,15348,0.000,0.000
8670,0,0,0,15348,0.000,0.000
8680,0,0,0,15348,0.000,0.000
8690,0,0,0,15348,0.000,0.000
8700,0,0,0,15348,0.000,0.000
8710,0,0,0,15348,0.000,0.000
8720,0,0,0,15348,0.000,0.000
8730,0,0,0,15348,0.000,0.000
8740,0,0,0,15348,0.000,0.000
8750,0,0,0,15348,0.000,0.000
8760,0,0,0,15348,0.000,0.000
8770,0,0,0,15348,0.000,0.000
8780,0,0,0,15348,0.000,0.000
8790,0,0,0,15348,0.000,0.000
8800,0,0,0,15348,0.000,0.000
8810,0,0,0,15348,0.000,0.000
8820,0,0,0,15348,0.000,0.000
8830,0,0,0,15348,0.000,0.000
8840,0,0,0,15348,0.000,0.000
8850,0,0,0,15348,0.000,0.000
8860,0,0,0,15348,0.000,0.000
8870,0,0,0,15348,0.000,0.000
8880,0,0,0,15348,0.000,0.000
8890,0,0,0,15348,0.000,0.000
8900,0,0,0,15348,0.000,0.000
8910,0,0,0,15348,0.000,0.000
8920,0,0,0,15348,0.000,0.000
8930,0,0,0,15348,0.000,0.000
8940,0,0,0,15348,0.000,0.000
8950,0,0,0,15348,0.000,0.000
8960,0,0,0,15348,0.000,0.000
8970,0,0,0,15348,0.000,0.000
8980,0,0,0,15348,0.000,0.000
8990,0,0,0,15348,0.000,0.000
9000,0,0,0,15348,0.000,0.000
9010,0,20,0,15348,0.000,0.000
9020,0,20,0,15348,0.000,0.000
9030,0,20,0,15348,0.000,0.000
9040,0,20,0,15355,0.000,0.982
9050,0,20,0,15370,0.000,2.104
9060,0,20,0,15394,0.000,3.366
9070,0,20,0,15426,0.000,4.488
9080,0,20,0,15464,0.000,5.329
9090,0,20,0,15509,0.000,6.311
9100,0,20,0,15560,0.000,7.153
9110,0,20,0,15614,0.000,7.573
9120,0,20,0,15672,0.000,8.134
9130,0,20,0,15733,0.000,8.555
9140,0,20,0,15796,0.000,8.836
9150,0,20,0,15861,0.000,9.116
9160,0,20,0,15927,0.000,9.256
9170,0,20,0,15995,0.000,9.537
9180,0,20,0,16064,0.000,9.677
9190,0,20,0,16133,0.000,9.677
9200,0,20,0,16203,0.000,9.817
9210,0,20,0,16273,0.000,9.817
9220,0,20,0,16344,0.000,9.958
9230,0,20,0,16416,0.000,10.098
9240,0,20,0,16488,0.000,10.098
9250,0,20,0,16560,0.000,10.098
9260,0,20,0,16632,0.000,10.098
9270,0,20,0,16705,0.000,10.238
9280,0,20,0,16778,0.000,10.238
9290,0,20,0,16851,0.000,10.238
9300,0,20,0,16925,0.000,10.378
9310,0,20,0,16998,0.000,10.238
9320,0,20,0,17073,0.000,10.519
9330,0,20,0,17149,0.000,10.659
9340,0,20,0,17224,0.000,10.519
9350,0,20,0,17300,0.000,10.659
9360,0,20,0,17376,0.000,10.659
9370,0,20,0,17452,0.000,10.659
9380,0,20,0,17529,0.000,10.799
9390,0,20,0,17606,0.000,10.799
9400,0,20,0,17683,0.000,10.799
9410,0,20,0,17760,0.000,10.799
9420,0,20,0,17838,0.000,10.939
9430,0,20,0,17916,0.000,10.939
9440,0,20,0,17993,0.000,10.799
9450,0,20,0,18070,0.000,10.799
9460,0,20,0,18146,0.000,10.659
9470,0,20,0,18223,0.000,10.799
9480,0,20,0,18300,0.000,10.799
9490,0,20,0,18376,0.000,10.659
9500,0,20,0,18452,0.000,10.659
9510,0,20,0,18528,0.000,10.659
9520,0,20,0,18603,0.000,10.519
9530,0,20,0,18679,0.000,10.659
9540,0,20,0,18754,0.000,10.519
9550,0,20,0,18829,0.000,10.519
9560,0,20,0,18904,0.000,10.519
9570,0,20,0,18978,0.000,10.378
9580,0,20,0,19052,0.000,10.378
9590,0,20,0,19126,0.000,10.378
9600,0,20,0,19199,0.000,10.238
9610,0,20,0,19273,0.000,10.378
9620,0,20,0,19346,0.000,10.238
9630,0,20,0,19419,0.000,10.238
9640,0,20,0,19491,0.000,10.098
9650,0,20,0,19564,0.000,10.238
9660,0,20,0,19637,0.000,10.238
9670,0,20,0,19710,0.000,10.238
9680,0,20,0,19782,0.000,10.098
9690,0,20,0,19855,0.000,10.238
9700,0,20,0,19927,0.000,10.098
9710,0,20,0,20000,0.000,10.238
9720,0,20,0,20073,0.000,10.238
9730,0,20,0,20145,0.000,10.098
9740,0,20,0,20218,0.000,10.238
9750,0,20,0,20290,0.000,10.098
9760,0,20,0,20362,0.000,10.098
9770,0,20,0,20434,0.000,10.098
9780,0,20,0,20507,0.000,10.238
9790,0,20,0,20579,0.000,10.098
9800,0,20,0,20652,0.000,10.238
9810,0,20,0,20725,0.000,10.238
9820,0,20,0,20797,0.000,10.098
9830,0,20,0,20871,0.000,10.378
9840,0,20,0,20944,0.000,10.238
9850,0,20,0,21017,0.000,10.238
9860,0,20,0,21090,0.000,10.238
9870,0,20,0,21164,0.000,10.378
9880,0,20,0,21238,0.000,10.378
9890,0,20,0,21313,0.000,10.519
9900,0,20,0,21388,0.000,10.519
9910,0,20,0,21462,0.000,10.378
9920,0,20,0,21537,0.000,10.519
9930,0,20,0,21613,0.000,10.659
9940,0,20,0,21688,0.000,10.519
9950,0,20,0,21764,0.000,10.659
9960,0,20,0,21839,0.000,10.519
9970,0,20,0,21915,0.000,10.659
9980,0,20,0,21991,0.000,10.659
9990,0,20,0,22069,0.000,10.939
10000,0,20,0,22145,0.000,10.659
10010,0,20,0,22222,0.000,10.799
10020,0,20,0,22300,0.000,10.939
10030,0,20,0,22379,0.000,11.080
10040,0,20,0,22457,0.000,10.939
10050,0,20,0,22534,0.000,10.799
10060,0,20,0,22612,0.000,10.939
10070,0,20,0,22689,0.000,10.799
10080,0,20,0,22766,0.000,10.799
10090,0,20,0,22844,0.000,10.939
10100,0,20,0,22920,0.000,10.659
10110,0,20,0,22996,0.000,10.659
10120,0,20,0,23073,0.000,10.799
10130,0,20,0,23148,0.000,10.519
10140,0,20,0,23224,0.000,10.659
10150,0,20,0,23299,0.000,10.519
10160,0,20,0,23373,0.000,10.378
10170,0,20,0,23448,0.000,10.519
10180,0,20,0,23522,0.000,10.378
10190,0,20,0,23596,0.000,10.378
10200,0,20,0,23669,0.000,10.238
10210,0,20,0,23743,0.000,10.378
10220,0,20,0,23816,0.000,10.238
10230,0,20,0,23889,0.000,10.238
10240,0,20,0,23962,0.000,10.238
10250,0,20,0,24035,0.000,10.238
10260,0,20,0,24108,0.000,10.238
10270,0,20,0,24181,0.000,10.238
10280,0,20,0,24254,0.000,10.238
10290,0,20,0,24326,0.000,10.098
10300,0,20,0,24399,0.000,10.238
10310,0,20,0,24472,0.000,10.238
10320,0,20,0,24544,0.000,10.098
10330,0,20,0,24616,0.000,10.098
10340,0,20,0,24689,0.000,10.238
10350,0,20,0,24761,0.000,10.098
10360,0,20,0,24834,0.000,10.238
10370,0,20,0,24906,0.000,10.098
10380,0,20,0,24979,0.000,10.238
10390,0,20,0,25052,0.000,10.238
10400,0,20,0,25125,0.000,10.238
10410,0,20,0,25198,0.000,10.238
10420,0,20,0,25272,0.000,10.378
10430,0,20,0,25345,0.000,10.238
10440,0,20,0,25419,0.000,10.378
10450,0,20,0,25493,0.000,10.378
10460,0,20,0,25567,0.000,10.378
10470,0,20,0,25641,0.000,10.378
10480,0,20,0,25715,0.000,10.378
10490,0,20,0,25789,0.000,10.378
10500,0,20,0,25864,0.000,10.519
10510,0,20,0,25939,0.000,10.519
10520,0,20,0,26015,0.000,10.659
10530,0,20,0,26090,0.000,10.519
10540,0,20,0,26166,0.000,10.659
10550,0,20,0,26243,0.000,10.799
10560,0,20,0,26319,0.000,10.659
10570,0,20,0,26396,0.000,10.799
10580,0,20,0,26473,0.000,10.799
10590,0,20,0,26550,0.000,10.799
10600,0,20,0,26628,0.000,10.939
10610,0,20,0,26705,0.000,10.799
10620,0,20,0,26783,0.000,10.939
10630,0,20,0,26861,0.000,10.939
10640,0,20,0,26939,0.000,10.939
10650,0,20,0,27016,0.000,10.799
10660,0,20,0,27094,0.000,10.939
10670,0,20,0,27170,0.000,10.659
10680,0,20,0,27247,0.000,10.799
10690,0,20,0,27324,0.000,10.799
10700,0,20,0,27400,0.000,10.659
10710,0,20,0,27476,0.000,10.659
10720,0,20,0,27552,0.000,10.659
10730,0,20,0,27627,0.000,10.519
10740,0,20,0,27703,0.000,10.659
10750,0,20,0,27778,0.000,10.519
10760,0,20,0,27853,0.000,10.519
10770,0,20,0,27928,0.000,10.519
10780,0,20,0,28002,0.000,10.378
10790,0,20,0,28076,0.000,10.378
10800,0,20,0,28150,0.000,10.378
10810,0,20,0,28223,0.000,10.238
10820,0,20,0,28297,0.000,10.378
10830,0,20,0,28370,0.000,10.238
10840,0,20,0,28442,0.000,10.098
10850,0,20,0,28515,0.000,10.238
10860,0,20,0,28588,0.000,10.238
10870,0,20,0,28660,0.000,10.098
10880,0,20,0,28733,0.000,10.238
10890,0,20,0,28806,0.000,10.238
10900,0,20,0,28878,0.000,10.098
10910,0,20,0,28952,0.000,10.378
10920,0,20,0,29025,0.000,10.238
10930,0,20,0,29098,0.000,10.238
10940,0,20,0,29171,0.000,10.238
10950,0,20,0,29244,0.000,10.238
10960,0,20,0,29317,0.000,10.238
10970,0,20,0,29390,0.000,10.238
10980,0,20,0,29462,0.000,10.098
10990,0,20,0,29535,0.000,10.238
11000,0,20,0,29608,0.000,10.238
11010,0,20,0,29680,0.000,10.098
11020,0,20,0,29753,0.000,10.238
11030,0,20,0,29826,0.000,10.238
11040,0,20,0,29899,0.000,10.238
11050,0,20,0,29972,0.000,10.238
11060,0,20,0,30046,0.000,10.378
11070,0,20,0,30119,0.000,10.238
11080,0,20,0,30193,0.000,10.378
11090,0,20,0,30267,0.000,10.378
11100,0,20,0,30342,0.000,10.519
11110,0,20,0,30417,0.000,10.519
11120,0,20,0,30492,0.000,10.519
11130,0,20,0,30568,0.000,10.659
11140,0,20,0,30643,0.000,10.519
11150,0,20,0,30719,0.000,10.659
11160,0,20,0,30795,0.000,10.659
11170,0,20,0,30872,0.000,10.799
11180,0,20,0,30948,0.000,10.659
11190,0,20,0,31025,0.000,10.799
11200,0,20,0,31102,0.000,10.799
11210,0,20,0,31179,0.000,10.799
11220,0,20,0,31257,0.000,10.939
11230,0,20,0,31335,0.000,10.939
11240,0,20,0,31413,0.000,10.939
11250,0,20,0,31490,0.000,10.799
11260,0,20,0,31568,0.000,10.939
11270,0,20,0,31645,0.000,10.799
11280,0,20,0,31722,0.000,10.799
11290,0,20,0,31799,0.000,10.799
11300,0,20,0,31875,0.000,10.659
11310,0,20,0,31952,0.000,10.799
11320,0,20,0,32028,0.000,10.659
11330,0,20,0,32103,0.000,10.519
11340,0,20,0,32179,0.000,10.659
11350,0,20,0,32254,0.000,10.519
11360,0,20,0,32329,0.000,10.519
11370,0,20,0,32404,0.000,10.519
11380,0,20,0,32478,0.000,10.378
11390,0,20,0,32553,0.000,10.519
11400,0,20,0,32626,0.000,10.238
11410,0,20,0,32700,0.000,10.378
11420,0,20,0,32774,0.000,10.378
11430,0,20,0,32847,0.000,10.238
11440,0,20,0,32920,0.000,10.238
11450,0,20,0,32992,0.000,10.098
11460,0,20,0,33064,0.000,10.098
11470,0,20,0,33136,0.000,10.098
11480,0,20,0,33208,0.000,10.098
11490,0,20,0,33280,0.000,10.098
11500,0,20,0,33352,0.000,10.098
11510,0,20,0,33423,0.000,9.958
11520,0,20,0,33495,0.000,10.098
11530,0,20,0,33566,0.000,9.958
11540,0,20,0,33637,0.000,9.958
11550,0,20,0,33708,0.000,9.958
11560,0,20,0,33779,0.000,9.958
11570,0,20,0,33851,0.000,10.098
11580,0,20,0,33922,0.000,9.958
11590,0,20,0,33995,0.000,10.238
11600,0,20,0,34067,0.000,10.098
11610,0,20,0,34140,0.000,10.238
11620,0,20,0,34212,0.000,10.098
11630,0,20,0,34285,0.000,10.238
11640,0,20,0,34358,0.000,10.238
11650,0,20,0,34432,0.000,10.378
11660,0,20,0,34505,0.000,10.238
11670,0,20,0,34578,0.000,10.238
11680,0,20,0,34652,0.000,10.378
11690,0,20,0,34726,0.000,10.378
11700,0,20,0,34801,0.000,10.519
11710,0,20,0,34876,0.000,10.519
11720,0,20,0,34951,0.000,10.519
11730,0,20,0,35027,0.000,10.659
11740,0,20,0,35102,0.000,10.519
11750,0,20,0,35178,0.000,10.659
11760,0,20,0,35254,0.000,10.659
11770,0,20,0,35330,0.000,10.659
11780,0,20,0,35406,0.000,10.659
11790,0,20,0,35484,0.000,10.939
11800,0,20,0,35561,0.000,10.799
11810,0,20,0,35638,0.000,10.799
11820,0,20,0,35716,0.000,10.939
11830,0,20,0,35794,0.000,10.939
11840,0,20,0,35872,0.000,10.939
11850,0,20,0,35949,0.000,10.799
11860,0,20,0,36026,0.000,10.799
11870,0,20,0,36104,0.000,10.939
11880,0,20,0,36180,0.000,10.659
11890,0,20,0,36257,0.000,10.799
11900,0,20,0,36333,0.000,10.659
11910,0,20,0,36409,0.000,10.659
11920,0,20,0,36485,0.000,10.659
11930,0,20,0,36560,0.000,10.519
11940,0,20,0,36635,0.000,10.519
11950,0,20,0,36710,0.000,10.519
11960,0,20,0,36785,0.000,10.519
11970,0,20,0,36860,0.000,10.519
11980,0,20,0,36934,0.000,10.378
11990,0,20,0,37009,0.000,10.519
12000,0,20,0,37082,0.000,10.238
12010,0,0,0,37156,0.000,10.378
12020,0,0,0,37230,0.000,10.378
12030,0,0,0,37302,0.000,10.098
12040,0,0,0,37369,0.000,9.397
12050,0,0,0,37429,0.000,8.415
12060,0,0,0,37477,0.000,6.732
12070,0,0,0,37514,0.000,5.189
12080,0,0,0,37543,0.000,4.067
12090,0,0,0,37564,0.000,2.945
12100,0,0,0,37579,0.000,2.104
12110,0,0,0,37589,0.000,1.402
12120,0,0,0,37596,0.000,0.982
12130,0,0,0,37600,0.000,0.561
12140,0,0,1,37603,0.140,0.421
12150,0,0,1,37606,0.000,0.421
12160,0,0,1,37609,0.000,0.421
12170,0,0,1,37611,0.000,0.280
12180,0,0,1,37611,0.000,0.000
12190,0,0,1,37611,0.000,0.000
12200,0,0,1,37611,0.000,0.000
12210,0,0,1,37611,0.000,0.000
12220,0,0,1,37611,0.000,0.000
12230,0,0,1,37611,0.000,0.000
12240,0,0,1,37611,0.000,0.000
12250,0,0,1,37611,0.000,0.000
12260,0,0,1,37611,0.000,0.000
12270,0,0,1,37611,0.000,0.000
12280,0,0,1,37611,0.000,0.000
12290,0,0,1,37611,0.000,0.000
12300,0,0,1,37611,0.000,0.000
12310,0,0,1,37611,0.000,0.000
12320,0,0,1,37611,0.000,0.000
12330,0,0,1,37611,0.000,0.000
12340,0,0,1,37611,0.000,0.000
12350,0,0,1,37611,0.000,0.000
12360,0,0,1,37611,0.000,0.000
12370,0,0,1,37611,0.000,0.000
12380,0,0,1,37611,0.000,0.000
12390,0,0,1,37611,0.000,0.000
12400,0,0,1,37611,0.000,0.000
12410,0,0,1,37611,0.000,0.000
12420,0,0,1,37611,0.000,0.000
12430,0,0,1,37611,0.000,0.000
12440,0,0,1,37611,0.000,0.000
12450,0,0,1,37611,0.000,0.000
12460,0,0,1,37611,0.000,0.000
12470,0,0,1,37611,0.000,0.000
12480,0,0,1,37611,0.000,0.000
12490,0,0,1,37611,0.000,0.000
12500,0,0,1,37611,0.000,0.000
12510,0,0,1,37611,0.000,0.000
12520,0,0,1,37611,0.000,0.000
12530,0,0,1,37611,0.000,0.000
12540,0,0,1,37611,0.000,0.000
12550,0,0,1,37611,0.000,0.000
12560,0,0,1,37611,0.000,0.000
12570,0,0,1,37611,0.000,0.000
12580,0,0,1,37611,0.000,0.000
12590,0,0,1,37611,0.000,0.000
12600,0,0,1,37611,0.000,0.000
12610,0,0,1,37611,0.000,0.000
12620,0,0,1,37611,0.000,0.000
12630,0,0,1,37611,0.000,0.000
12640,0,0,1,37611,0.000,0.000
12650,0,0,1,37611,0.000,0.000
12660,0,0,1,37611,0.000,0.000
12670,0,0,1,37611,0.000,0.000
12680,0,0,1,37611,0.000,0.000
12690,0,0,1,37611,0.000,0.000
12700,0,0,1,37611,0.000,0.000
12710,0,0,1,37611,0.000,0.000
12720,0,0,1,37611,0.000,0.000
12730,0,0,1,37611,0.000,0.000
12740,0,0,1,37611,0.000,0.000
12750,0,0,1,37611,0.000,0.000
12760,0,0,1,37611,0.000,0.000
12770,0,0,1,37611,0.000,0.000
12780,0,0,1,37611,0.000,0.000
12790,0,0,1,37611,0.000,0.000
12800,0,0,1,37611,0.000,0.000
12810,0,0,1,37611,0.000,0.000
12820,0,0,1,37611,0.000,0.000
12830,0,0,1,37611,0.000,0.000
12840,0,0,1,37611,0.000,0.000
12850,0,0,1,37611,0.000,0.000
12860,0,0,1,37611,0.000,0.000
12870,0,0,1,37611,0.000,0.000
12880,0,0,1,37611,0.000,0.000
12890,0,0,1,37611,0.000,0.000
12900,0,0,1,37611,0.000,0.000
12910,0,0,1,37611,0.000,0.000
12920,0,0,1,37611,0.000,0.000
12930,0,0,1,37611,0.000,0.000
12940,0,0,1,37611,0.000,0.000
12950,0,0,1,37611,0.000,0.000
12960,0,0,1,37611,0.000,0.000
12970,0,0,1,37611,0.000,0.000
12980,0,0,1,37611,0.000,0.000
12990,0,0,1,37611,0.000,0.000
13000,0,0,1,37611,0.000,0.000
13010,0,0,1,37611,0.000,0.000
13020,0,0,1,37611,0.000,0.000
13030,0,0,1,37611,0.000,0.000
13040,0,0,1,37611,0.000,0.000
13050,0,0,1,37611,0.000,0.000
13060,0,0,1,37611,0.000,0.000
13070,0,0,1,37611,0.000,0.000
13080,0,0,1,37611,0.000,0.000
13090,0,0,1,37611,0.000,0.000
13100,0,0,1,37611,0.000,0.000
13110,0,0,1,37611,0.000,0.000
13120,0,0,1,37611,0.000,0.000
13130,0,0,1,37611,0.000,0.000
13140,0,0,1,37611,0.000,0.000
13150,0,0,1,37611,0.000,0.000
13160,0,0,1,37611,0.000,0.000
13170,0,0,1,37611,0.000,0.000
13180,0,0,1,37611,0.000,0.000
13190,0,0,1,37611,0.000,0.000
13200,0,0,1,37611,0.000,0.000
13210,0,0,1,37611,0.000,0.000
13220,0,0,1,37611,0.000,0.000
13230,0,0,1,37611,0.000,0.000
13240,0,0,1,37611,0.000,0.000
13250,0,0,1,37611,0.000,0.000
13260,0,0,1,37611,0.000,0.000
13270,0,0,1,37611,0.000,0.000
13280,0,0,1,37611,0.000,0.000
13290,0,0,1,37611,0.000,0.000
13300,0,0,1,37611,0.000,0.000
13310,0,0,1,37611,0.000,0.000
13320,0,0,1,37611,0.000,0.000
13330,0,0,1,37611,0.000,0.000
13340,0,0,1,37611,0.000,0.000
13350,0,0,1,37611,0.000,0.000
13360,0,0,1,37611,0.000,0.000
13370,0,0,1,37611,0.000,0.000
13380,0,0,1,37611,0.000,0.000
13390,0,0,1,37611,0.000,0.000
13400,0,0,1,37611,0.000,0.000
13410,0,0,1,37611,0.000,0.000
13420,0,0,1,37611,0.000,0.000
13430,0,0,1,37611,0.000,0.000
13440,0,0,1,37611,0.000,0.000
13450,0,0,1,37611,0.000,0.000
13460,0,0,1,37611,0.000,0.000
13470,0,0,1,37611,0.000,0.000
13480,0,0,1,37611,0.000,0.000
13490,0,0,1,37611,0.000,0.000
13500,0,0,1,37611,0.000,0.000
13510,0,0,1,37611,0.000,0.000
13520,0,0,1,37611,0.000,0.000
13530,0,0,1,37611,0.000,0.000
13540,0,0,1,37611,0.000,0.000
13550,0,0,1,37611,0.000,0.000
13560,0,0,1,37611,0.000,0.000
13570,0,0,1,37611,0.000,0.000
13580,0,0,1,37611,0.000,0.000
13590,0,0,1,37611,0.000,0.000
13600,0,0,1,37611,0.000,0.000
13610,0,0,1,37611,0.000,0.000
13620,0,0,0,37611,-0.140,0.000
13630,0,0,0,37611,0.000,0.000
13640,0,0,0,37611,0.000,0.000
13650,0,0,0,37611,0.000,0.000
13660,0,0,0,37611,0.000,0.000
13670,0,0,0,37611,0.000,0.000
13680,0,0,0,37611,0.000,0.000
13690,0,0,0,37611,0.000,0.000
13700,0,0,0,37611,0.000,0.000
13710,0,0,0,37611,0.000,0.000
13720,0,0,0,37611,0.000,0.000
13730,0,0,0,37611,0.000,0.000
13740,0,0,0,37611,0.000,0.000
13750,0,0,0,37611,0.000,0.000
13760,0,0,0,37611,0.000,0.000
13770,0,0,0,37611,0.000,0.000
13780,0,0,0,37611,0.000,0.000
13790,0,0,0,37611,0.000,0.000
13800,0,0,0,37611,0.000,0.000
13810,0,0,0,37611,0.000,0.000
13820,0,0,0,37611,0.000,0.000
13830,0,0,0,37611,0.000,0.000
13840,0,0,0,37611,0.000,0.000
13850,0,0,0,37611,0.000,0.000
13860,0,0,0,37611,0.000,0.000
13870,0,0,0,37611,0.000,0.000
13880,0,0,0,37611,0.000,0.000
13890,0,0,0,37611,0.000,0.000
13900,0,0,0,37611,0.000,0.000
13910,0,0,0,37611,0.000,0.000
13920,0,0,0,37611,0.000,0.000
13930,0,0,0,37611,0.000,0.000
13940,0,0,0,37611,0.000,0.000
13950,0,0,0,37611,0.000,0.000
13960,0,0,0,37611,0.000,0.000
13970,0,0,0,37611,0.000,0.000
13980,0,0,0,37611,0.000,0.000
13990,0,0,0,37611,0.000,0.000
14000,0,0,0,37611,0.000,0.000
14010,0,0,0,37611,0.000,0.000
14020,0,0,0,37611,0.000,0.000
14030,0,0,0,37611,0.000,0.000
14040,0,0,0,37611,0.000,0.000
14050,0,0,0,37611,0.000,0.000
14060,0,0,0,37611,0.000,0.000
14070,0,0,0,37611,0.000,0.000
14080,0,0,0,37611,0.000,0.000
14090,0,0,0,37611,0.000,0.000
14100,0,0,0,37611,0.000,0.000
14110,0,0,0,37611,0.000,0.000
14120,0,0,0,37611,0.000,0.000
14130,0,0,0,37611,0.000,0.000
14140,0,0,0,37611,0.000,0.000
14150,0,0,0,37611,0.000,0.000
14160,0,0,0,37611,0.000,0.000
14170,0,0,0,37611,0.000,0.000
14180,0,0,0,37611,0.000,0.000
14190,0,0,0,37611,0.000,0.000
14200,0,0,0,37611,0.000,0.000
14210,0,0,0,37611,0.000,0.000
14220,0,0,0,37611,0.000,0.000
14230,0,0,0,37611,0.000,0.000
14240,0,0,0,37611,0.000,0.000
14250,0,0,0,37611,0.000,0.000
14260,0,0,0,37611,0.000,0.000
14270,0,0,0,37611,0.000,0.000
14280,0,0,0,37611,0.000,0.000
14290,0,0,0,37611,0.000,0.000
14300,0,0,0,37611,0.000,0.000
14310,0,0,0,37611,0.000,0.000
14320,0,0,0,37611,0.000,0.000
14330,0,0,0,37611,0.000,0.000
14340,0,0,0,37611,0.000,0.000
14350,0,0,0,37611,0.000,0.000
14360,0,0,0,37611,0.000,0.000
14370,0,0,0,37611,0.000,0.000
14380,0,0,0,37611,0.000,0.000
14390,0,0,0,37611,0.000,0.000
14400,0,0,0,37611,0.000,0.000
14410,0,0,0,37611,0.000,0.000
14420,0,0,0,37611,0.000,0.000
14430,0,0,0,37611,0.000,0.000
14440,0,0,0,37611,0.000,0.000
14450,0,0,0,37611,0.000,0.000
14460,0,0,0,37611,0.000,0.000
14470,0,0,0,37611,0.000,0.000
14480,0,0,0,37611,0.000,0.000
14490,0,0,0,37611,0.000,0.000
14500,0,0,0,37611,0.000,0.000
14510,0,0,0,37611,0.000,0.000
14520,0,0,0,37611,0.000,0.000
14530,0,0,0,37611,0.000,0.000
14540,0,0,0,37611,0.000,0.000
14550,0,0,0,37611,0.000,0.000
14560,0,0,0,37611,0.000,0.000
14570,0,0,0,37611,0.000,0.000
14580,0,0,0,37611,0.000,0.000
14590,0,0,0,37611,0.000,0.000
14600,0,0,0,37611,0.000,0.000
14610,0,0,0,37611,0.000,0.000
14620,0,0,0,37611,0.000,0.000
14630,0,0,0,37611,0.000,0.000
14640,0,0,0,37611,0.000,0.000
14650,0,0,0,37611,0.000,0.000
14660,0,0,0,37611,0.000,0.000
14670,0,0,0,37611,0.000,0.000
14680,0,0,0,37611,0.000,0.000
14690,0,0,0,37611,0.000,0.000
14700,0,0,0,37611,0.000,0.000
14710,0,0,0,37611,0.000,0.000
14720,0,0,0,37611,0.000,0.000
14730,0,0,0,37611,0.000,0.000
14740,0,0,0,37611,0.000,0.000
14750,0,0,0,37611,0.000,0.000
14760,0,0,0,37611,0.000,0.000
14770,0,0,0,37611,0.000,0.000
14780,0,0,0,37611,0.000,0.000
14790,0,0,0,37611,0.000,0.000
14800,0,0,0,37611,0.000,0.000
14810,0,0,0,37611,0.000,0.000
14820,0,0,0,37611,0.000,0.000
14830,0,0,0,37611,0.000,0.000
14840,0,0,0,37611,0.000,0.000
14850,0,0,0,37611,0.000,0.000
14860,0,0,0,37611,0.000,0.000
14870,0,0,0,37611,0.000,0.000
14880,0,0,0,37611,0.000,0.000
14890,0,0,0,37611,0.000,0.000
14900,0,0,0,37611,0.000,0.000
14910,0,0,0,37611,0.000,0.000
14920,0,0,0,37611,0.000,0.000
14930,0,0,0,37611,0.000,0.000
14940,0,0,0,37611,0.000,0.000
14950,0,0,0,37611,0.000,0.000
14960,0,0,0,37611,0.000,0.000
14970,0,0,0,37611,0.000,0.000
14980,0,0,0,37611,0.000,0.000
14990,0,0,0,37611,0.000,0.000
15000,0,0,0,37611,0.000,0.000
15010,0,25,0,37611,0.000,0.000
15020,0,25,0,37611,0.000,0.000
15030,0,25,0,37612,0.000,0.140
15040,0,25,0,37619,0.000,0.982
15050,0,25,0,37637,0.000,2.524
15060,0,25,0,37664,0.000,3.787
15070,0,25,0,37695,0.000,4.348
15080,0,25,0,37732,0.000,5.189
15090,0,25,0,37774,0.000,5.890
15100,0,25,0,37822,0.000,6.732
15110,0,25,0,37875,0.000,7.433
15120,0,25,0,37932,0.000,7.994
15130,0,25,0,37997,0.000,9.116
15140,0,25,0,38065,0.000,9.537
15150,0,25,0,38138,0.000,10.238
15160,0,25,0,38214,0.000,10.659
15170,0,25,0,38293,0.000,11.080
15180,0,25,0,38375,0.000,11.500
15190,0,25,0,38458,0.000,11.641
15200,0,25,0,38544,0.000,12.061
15210,0,25,0,38630,0.000,12.061
15220,0,25,0,38717,0.000,12.202
15230,0,25,0,38805,0.000,12.342
15240,0,25,0,38894,0.000,12.482
15250,0,25,0,38983,0.000,12.482
15260,0,25,0,39074,0.000,12.763
15270,0,25,0,39165,0.000,12.763
15280,0,25,0,39257,0.000,12.903
15290,0,25,0,39350,0.000,13.043
15300,0,25,0,39443,0.000,13.043
15310,0,25,0,39537,0.000,13.183
15320,0,25,0,39631,0.000,13.183
15330,0,25,0,39725,0.000,13.183
15340,0,25,0,39820,0.000,13.324
15350,0,25,0,39914,0.000,13.183
15360,0,25,0,40009,0.000,13.324
15370,0,25,0,40105,0.000,13.464
15380,0,25,0,40201,0.000,13.464
15390,0,25,0,40297,0.000,13.464
15400,0,25,0,40393,0.000,13.464
15410,0,25,0,40489,0.000,13.464
15420,0,25,0,40586,0.000,13.604
15430,0,25,0,40682,0.000,13.464
15440,0,25,0,40778,0.000,13.464
15450,0,25,0,40873,0.000,13.324
15460,0,25,0,40968,0.000,13.324
15470,0,25,0,41062,0.000,13.183
15480,0,25,0,41156,0.000,13.183
15490,0,25,0,41250,0.000,13.183
15500,0,25,0,41343,0.000,13.043
15510,0,25,0,41436,0.000,13.043
15520,0,25,0,41529,0.000,13.043
15530,0,25,0,41621,0.000,12.903
15540,0,25,0,41714,0.000,13.043
15550,0,25,0,41806,0.000,12.903
15560,0,25,0,41898,0.000,12.903
15570,0,25,0,41990,0.000,12.903
15580,0,25,0,42082,0.000,12.903
15590,0,25,0,42174,0.000,12.903
15600,0,25,0,42266,0.000,12.903
15610,0,25,0,42357,0.000,12.763
15620,0,25,0,42449,0.000,12.903
15630,0,25,0,42541,0.000,12.903
15640,0,25,0,42633,0.000,12.903
15650,0,25,0,42725,0.000,12.903
15660,0,25,0,42816,0.000,12.763
15670,0,25,0,42908,0.000,12.903
15680,0,25,0,42999,0.000,12.763
15690,0,25,0,43091,0.000,12.903
15700,0,25,0,43184,0.000,13.043
15710,0,25,0,43276,0.000,12.903
15720,0,25,0,43369,0.000,13.043
15730,0,25,0,43462,0.000,13.043
15740,0,25,0,43555,0.000,13.043
15750,0,25,0,43649,0.000,13.183
15760,0,25,0,43743,0.000,13.183
15770,0,25,0,43838,0.000,13.324
15780,0,25,0,43932,0.000,13.183
15790,0,25,0,44026,0.000,13.183
15800,0,25,0,44121,0.000,13.324
15810,0,25,0,44217,0.000,13.464
15820,0,25,0,44312,0.000,13.324
15830,0,25,0,44407,0.000,13.324
15840,0,25,0,44503,0.000,13.464
15850,0,25,0,44598,0.000,13.324
15860,0,25,0,44695,0.000,13.604
15870,0,25,0,44791,0.000,13.464
15880,0,25,0,44888,0.000,13.604
15890,0,25,0,44984,0.000,13.464
15900,0,25,0,45081,0.000,13.604
15910,0,25,0,45177,0.000,13.464
15920,0,25,0,45273,0.000,13.464
15930,0,25,0,45368,0.000,13.324
15940,0,25,0,45464,0.000,13.464
15950,0,25,0,45559,0.000,13.324
15960,0,25,0,45654,0.000,13.324
15970,0,25,0,45748,0.000,13.183
15980,0,25,0,45842,0.000,13.183
15990,0,25,0,45936,0.000,13.183
16000,0,25,0,46030,0.000,13.183
16010,0,25,0,46123,0.000,13.043
16020,0,25,0,46216,0.000,13.043
16030,0,25,0,46308,0.000,12.903
16040,0,25,0,46400,0.000,12.903
16050,0,25,0,46492,0.000,12.903
16060,0,25,0,46584,0.000,12.903
16070,0,25,0,46676,0.000,12.903
16080,0,25,0,46767,0.000,12.763
16090,0,25,0,46859,0.000,12.903
16100,0,25,0,46950,0.000,12.763
16110,0,25,0,47042,0.000,12.903
16120,0,25,0,47134,0.000,12.903
16130,0,25,0,47226,0.000,12.903
16140,0,25,0,47317,0.000,12.763
16150,0,25,0,47409,0.000,12.903
16160,0,25,0,47501,0.000,12.903
16170,0,25,0,47592,0.000,12.763
16180,0,25,0,47684,0.000,12.903
16190,0,25,0,47776,0.000,12.903
16200,0,25,0,47869,0.000,13.043
16210,0,25,0,47961,0.000,12.903
16220,0,25,0,48054,0.000,13.043
16230,0,25,0,48148,0.000,13.183
16240,0,25,0,48241,0.000,13.043
16250,0,25,0,48335,0.000,13.183
16260,0,25,0,48429,0.000,13.183
16270,0,25,0,48523,0.000,13.183
16280,0,25,0,48618,0.000,13.324
16290,0,25,0,48712,0.000,13.183
16300,0,25,0,48807,0.000,13.324
16310,0,25,0,48902,0.000,13.324
16320,0,25,0,48998,0.000,13.464
16330,0,25,0,49094,0.000,13.464
16340,0,25,0,49191,0.000,13.604
16350,0,25,0,49288,0.000,13.604
16360,0,25,0,49384,0.000,13.464
16370,0,25,0,49481,0.000,13.604
16380,0,25,0,49577,0.000,13.464
16390,0,25,0,49674,0.000,13.604
16400,0,25,0,49769,0.000,13.324
16410,0,25,0,49865,0.000,13.464
16420,0,25,0,49961,0.000,13.464
16430,0,25,0,50056,0.000,13.324
16440,0,25,0,50150,0.000,13.183
16450,0,25,0,50245,0.000,13.324
16460,0,25,0,50340,0.000,13.324
16470,0,25,0,50434,0.000,13.183
16480,0,25,0,50528,0.000,13.183
16490,0,25,0,50621,0.000,13.043
16500,0,25,0,50714,0.000,13.043
16510,0,25,0,50807,0.000,13.043
16520,0,25,0,50899,0.000,12.903
16530,0,25,0,50991,0.000,12.903
16540,0,25,0,51083,0.000,12.903
16550,0,25,0,51174,0.000,12.763
16560,0,25,0,51266,0.000,12.903
16570,0,25,0,51358,0.000,12.903
16580,0,25,0,51450,0.000,12.903
16590,0,25,0,51541,0.000,12.763
16600,0,25,0,51633,0.000,12.903
16610,0,25,0,51725,0.000,12.903
16620,0,25,0,51817,0.000,12.903
16630,0,25,0,51909,0.000,12.903
16640,0,25,0,52001,0.000,12.903
16650,0,25,0,52093,0.000,12.903
16660,0,25,0,52185,0.000,12.903
16670,0,25,0,52278,0.000,13.043
16680,0,25,0,52370,0.000,12.903
16690,0,25,0,52462,0.000,12.903
16700,0,25,0,52555,0.000,13.043
16710,0,25,0,52647,0.000,12.903
16720,0,25,0,52741,0.000,13.183
16730,0,25,0,52834,0.000,13.043
16740,0,25,0,52927,0.000,13.043
16750,0,25,0,53020,0.000,13.043
16760,0,25,0,53114,0.000,13.183
16770,0,25,0,53208,0.000,13.183
16780,0,25,0,53302,0.000,13.183
16790,0,25,0,53397,0.000,13.324
16800,0,25,0,53492,0.000,13.324
16810,0,25,0,53587,0.000,13.324
16820,0,25,0,53683,0.000,13.464
16830,0,25,0,53779,0.000,13.464
16840,0,25,0,53875,0.000,13.464
16850,0,25,0,53971,0.000,13.464
16860,0,25,0,54066,0.000,13.324
16870,0,25,0,54162,0.000,13.464
16880,0,25,0,54258,0.000,13.464
16890,0,25,0,54353,0.000,13.324
16900,0,25,0,54448,0.000,13.324
16910,0,25,0,54543,0.000,13.324
16920,0,25,0,54637,0.000,13.183
16930,0,25,0,54732,0.000,13.324
16940,0,25,0,54826,0.000,13.183
16950,0,25,0,54919,0.000,13.043
16960,0,25,0,55012,0.000,13.043
16970,0,25,0,55105,0.000,13.043
16980,0,25,0,55198,0.000,13.043
16990,0,25,0,55290,0.000,12.903
17000,0,25,0,55382,0.000,12.903
17010,0,25,0,55473,0.000,12.763
17020,0,25,0,55565,0.000,12.903
17030,0,25,0,55656,0.000,12.763
17040,0,25,0,55748,0.000,12.903
17050,0,25,0,55839,0.000,12.763
17060,0,25,0,55930,0.000,12.763
17070,0,25,0,56021,0.000,12.763
17080,0,25,0,56113,0.000,12.903
17090,0,25,0,56204,0.000,12.763
17100,0,25,0,56295,0.000,12.763
17110,0,25,0,56387,0.000,12.903
17120,0,25,0,56478,0.000,12.763
17130,0,25,0,56570,0.000,12.903
17140,0,25,0,56662,0.000,12.903
17150,0,25,0,56754,0.000,12.903
17160,0,25,0,56846,0.000,12.903
17170,0,25,0,56938,0.000,12.903
17180,0,25,0,57030,0.000,12.903
17190,0,25,0,57123,0.000,13.043
17200,0,25,0,57216,0.000,13.043
17210,0,25,0,57310,0.000,13.183
17220,0,25,0,57404,0.000,13.183
17230,0,25,0,57498,0.000,13.183
17240,0,25,0,57593,0.000,13.324
17250,0,25,0,57688,0.000,13.324
17260,0,25,0,57782,0.000,13.183
17270,0,25,0,57878,0.000,13.464
17280,0,25,0,57973,0.000,13.324
17290,0,25,0,58069,0.000,13.464
17300,0,25,0,58164,0.000,13.324
17310,0,25,0,58260,0.000,13.464
17320,0,25,0,58356,0.000,13.464
17330,0,25,0,58451,0.000,13.324
17340,0,25,0,58547,0.000,13.464
17350,0,25,0,58642,0.000,13.324
17360,0,25,0,58737,0.000,13.324
17370,0,25,0,58832,0.000,13.324
17380,0,25,0,58926,0.000,13.183
17390,0,25,0,59021,0.000,13.324
17400,0,25,0,59115,0.000,13.183
17410,0,25,0,59209,0.000,13.183
17420,0,25,0,59302,0.000,13.043
17430,0,25,0,59395,0.000,13.043
17440,0,25,0,59488,0.000,13.043
17450,0,25,0,59581,0.000,13.043
17460,0,25,0,59673,0.000,12.903
17470,0,25,0,59765,0.000,12.903
17480,0,25,0,59856,0.000,12.763
17490,0,25,0,59947,0.000,12.763
17500,0,25,0,60038,0.000,12.763
17510,0,25,0,60129,0.000,12.763
17520,0,25,0,60221,0.000,12.903
17530,0,25,0,60312,0.000,12.763
17540,0,25,0,60403,0.000,12.763
17550,0,25,0,60494,0.000,12.763
17560,0,25,0,60585,0.000,12.763
17570,0,25,0,60676,0.000,12.763
17580,0,25,0,60767,0.000,12.763
17590,0,25,0,60859,0.000,12.903
17600,0,25,0,60950,0.000,12.763
17610,0,25,0,61041,0.000,12.763
17620,0,25,0,61133,0.000,12.903
17630,0,25,0,61224,0.000,12.763
17640,0,25,0,61316,0.000,12.903
17650,0,25,0,61409,0.000,13.043
17660,0,25,0,61502,0.000,13.043
17670,0,25,0,61595,0.000,13.043
17680,0,25,0,61689,0.000,13.183
17690,0,25,0,61783,0.000,13.183
17700,0,25,0,61878,0.000,13.324
17710,0,25,0,61973,0.000,13.324
17720,0,25,0,62069,0.000,13.464
17730,0,25,0,62164,0.000,13.324
17740,0,25,0,62260,0.000,13.464
17750,0,25,0,62356,0.000,13.464
17760,0,25,0,62452,0.000,13.464
17770,0,25,0,62549,0.000,13.604
17780,0,25,0,62645,0.000,13.464
17790,0,25,0,62742,0.000,13.604
17800,0,25,0,62839,0.000,13.604
17810,0,25,0,62936,0.000,13.604
17820,0,25,0,63032,0.000,13.464
17830,0,25,0,63128,0.000,13.464
17840,0,25,0,63224,0.000,13.464
17850,0,25,0,63320,0.000,13.464
17860,0,25,0,63415,0.000,13.324
17870,0,25,0,63510,0.000,13.324
17880,0,25,0,63605,0.000,13.324
17890,0,25,0,63699,0.000,13.183
17900,0,25,0,63794,0.000,13.324
17910,0,25,0,63888,0.000,13.183
17920,0,25,0,63981,0.000,13.043
17930,0,25,0,64074,0.000,13.043
17940,0,25,0,64167,0.000,13.043
17950,0,25,0,64260,0.000,13.043
17960,0,25,0,64352,0.000,12.903
17970,0,25,0,64445,0.000,13.043
17980,0,25,0,64537,0.000,12.903
17990,0,25,0,64628,0.000,12.763
18000,0,25,0,64720,0.000,12.903
18010,0,0,0,64811,0.000,12.763
18020,0,0,0,64903,0.000,12.903
18030,0,0,0,64993,0.000,12.622
18040,0,0,0,65079,0.000,12.061
18050,0,0,0,65157,0.000,10.939
18060,0,0,0,65222,0.000,9.116
18070,0,0,0,65274,0.000,7.293
18080,0,0,0,65314,0.000,5.610
18090,0,0,0,65345,0.000,4.348
18100,0,0,0,65368,0.000,3.226
18110,0,0,0,65384,0.000,2.244
18120,0,0,0,65395,0.000,1.543
18130,0,0,0,65403,0.000,1.122
18140,0,0,0,65408,0.000,0.701
18150,0,0,0,65410,0.000,0.280
18160,0,0,0,65410,0.000,0.000
18170,0,0,0,65410,0.000,0.000
18180,0,0,0,65410,0.000,0.000
18190,0,0,0,65410,0.000,0.000
18200,0,0,0,65410,0.000,0.000
18210,0,0,0,65410,0.000,0.000
18220,0,0,0,65410,0.000,0.000
18230,0,0,0,65410,0.000,0.000
18240,0,0,0,65410,0.000,0.000
18250,0,0,0,65410,0.000,0.000
18260,0,0,0,65410,0.000,0.000
18270,0,0,0,65410,0.000,0.000
18280,0,0,0,65410,0.000,0.000
18290,0,0,0,65410,0.000,0.000
18300,0,0,0,65410,0.000,0.000
18310,0,0,0,65410,0.000,0.000
18320,0,0,0,65410,0.000,0.000
18330,0,0,0,65410,0.000,0.000
18340,0,0,0,65410,0.000,0.000
18350,0,0,0,65410,0.000,0.000
18360,0,0,0,65410,0.000,0.000
18370,0,0,0,65410,0.000,0.000
18380,0,0,0,65410,0.000,0.000
18390,0,0,0,65410,0.000,0.000
18400,0,0,0,65410,0.000,0.000
18410,0,0,0,65410,0.000,0.000
18420,0,0,0,65410,0.000,0.000
18430,0,0,0,65410,0.000,0.000
18440,0,0,0,65410,0.000,0.000
18450,0,0,0,65410,0.000,0.000
18460,0,0,0,65410,0.000,0.000
18470,0,0,0,65410,0.000,0.000
18480,0,0,0,65410,0.000,0.000
18490,0,0,0,65410,0.000,0.000
18500,0,0,0,65410,0.000,0.000
18510,0,0,0,65410,0.000,0.000
18520,0,0,0,65410,0.000,0.000
18530,0,0,0,65410,0.000,0.000
18540,0,0,0,65410,0.000,0.000
18550,0,0,0,65410,0.000,0.000
18560,0,0,0,65410,0.000,0.000
18570,0,0,0,65410,0.000,0.000
18580,0,0,0,65410,0.000,0.000
18590,0,0,0,65410,0.000,0.000
18600,0,0,0,65410,0.000,0.000
18610,0,0,0,65410,0.000,0.000
18620,0,0,0,65410,0.000,0.000
18630,0,0,0,65410,0.000,0.000
18640,0,0,0,65410,0.000,0.000
18650,0,0,0,65410,0.000,0.000
18660,0,0,0,65410,0.000,0.000
18670,0,0,0,65410,0.000,0.000
18680,0,0,0,65410,0.000,0.000
18690,0,0,0,65410,0.000,0.000
18700,0,0,0,65410,0.000,0.000
18710,0,0,0,65410,0.000,0.000
18720,0,0,0,65410,0.000,0.000
18730,0,0,0,65410,0.000,0.000
18740,0,0,0,65410,0.000,0.000
18750,0,0,0,65410,0.000,0.000
18760,0,0,0,65410,0.000,0.000
18770,0,0,0,65410,0.000,0.000
18780,0,0,0,65410,0.000,0.000
18790,0,0,0,65410,0.000,0.000
18800,0,0,0,65410,0.000,0.000
18810,0,0,0,65410,0.000,0.000
18820,0,0,0,65410,0.000,0.000
18830,0,0,0,65410,0.000,0.000
18840,0,0,0,65410,0.000,0.000
18850,0,0,0,65410,0.000,0.000
18860,0,0,0,65410,0.000,0.000
18870,0,0,0,65410,0.000,0.000
18880,0,0,0,65410,0.000,0.000
18890,0,0,0,65410,0.000,0.000
18900,0,0,0,65410,0.000,0.000
18910,0,0,0,65410,0.000,0.000
18920,0,0,0,65410,0.000,0.000
18930,0,0,0,65410,0.000,0.000
18940,0,0,0,65410,0.000,0.000
18950,0,0,0,65410,0.000,0.000
18960,0,0,0,65410,0.000,0.000
18970,0,0,0,65410,0.000,0.000
18980,0,0,0,65410,0.000,0.000
18990,0,0,0,65410,0.000,0.000
19000,0,0,0,65410,0.000,0.000
19010,0,0,0,65410,0.000,0.000
19020,0,0,0,65410,0.000,0.000
19030,0,0,0,65410,0.000,0.000
19040,0,0,0,65410,0.000,0.000
19050,0,0,0,65410,0.000,0.000
19060,0,0,0,65410,0.000,0.000
19070,0,0,0,65410,0.000,0.000
19080,0,0,0,65410,0.000,0.000
19090,0,0,0,65410,0.000,0.000
19100,0,0,0,65410,0.000,0.000
19110,0,0,0,65410,0.000,0.000
19120,0,0,0,65410,0.000,0.000
19130,0,0,0,65410,0.000,0.000
19140,0,0,0,65410,0.000,0.000
19150,0,0,0,65410,0.000,0.000
19160,0,0,0,65410,0.000,0.000
19170,0,0,0,65410,0.000,0.000
19180,0,0,0,65410,0.000,0.000
19190,0,0,0,65410,0.000,0.000
19200,0,0,0,65410,0.000,0.000
19210,0,0,0,65410,0.000,0.000
19220,0,0,0,65410,0.000,0.000
19230,0,0,0,65410,0.000,0.000
19240,0,0,0,65410,0.000,0.000
19250,0,0,0,65410,0.000,0.000
19260,0,0,0,65410,0.000,0.000
19270,0,0,0,65410,0.000,0.000
19280,0,0,0,65410,0.000,0.000
19290,0,0,0,65410,0.000,0.000
19300,0,0,0,65410,0.000,0.000
19310,0,0,0,65410,0.000,0.000
19320,0,0,0,65410,0.000,0.000
19330,0,0,0,65410,0.000,0.000
19340,0,0,0,65410,0.000,0.000
19350,0,0,0,65410,0.000,0.000
19360,0,0,0,65410,0.000,0.000
19370,0,0,0,65410,0.000,0.000
19380,0,0,0,65410,0.000,0.000
19390,0,0,0,65410,0.000,0.000
19400,0,0,0,65410,0.000,0.000
19410,0,0,0,65410,0.000,0.000
19420,0,0,0,65410,0.000,0.000
19430,0,0,0,65410,0.000,0.000
19440,0,0,0,65410,0.000,0.000
19450,0,0,0,65410,0.000,0.000
19460,0,0,0,65410,0.000,0.000
19470,0,0,0,65410,0.000,0.000
19480,0,0,0,65410,0.000,0.000
19490,0,0,0,65410,0.000,0.000
19500,0,0,0,65410,0.000,0.000
19510,0,0,0,65410,0.000,0.000
19520,0,0,0,65410,0.000,0.000
19530,0,0,0,65410,0.000,0.000
19540,0,0,0,65410,0.000,0.000
19550,0,0,0,65410,0.000,0.000
19560,0,0,0,65410,0.000,0.000
19570,0,0,0,65410,0.000,0.000
19580,0,0,0,65410,0.000,0.000
19590,0,0,0,65410,0.000,0.000
19600,0,0,0,65410,0.000,0.000
19610,0,0,0,65410,0.000,0.000
19620,0,0,0,65410,0.000,0.000
19630,0,0,0,65410,0.000,0.000
19640,0,0,0,65410,0.000,0.000
19650,0,0,0,65410,0.000,0.000
19660,0,0,0,65410,0.000,0.000
19670,0,0,0,65410,0.000,0.000
19680,0,0,0,65410,0.000,0.000
19690,0,0,0,65410,0.000,0.000
19700,0,0,0,65410,0.000,0.000
19710,0,0,0,65410,0.000,0.000
19720,0,0,0,65410,0.000,0.000
19730,0,0,0,65410,0.000,0.000
19740,0,0,0,65410,0.000,0.000
19750,0,0,0,65410,0.000,0.000
19760,0,0,0,65410,0.000,0.000
19770,0,0,0,65410,0.000,0.000
19780,0,0,0,65410,0.000,0.000
19790,0,0,0,65410,0.000,0.000
19800,0,0,0,65410,0.000,0.000
19810,0,0,0,65410,0.000,0.000
19820,0,0,0,65410,0.000,0.000
19830,0,0,0,65410,0.000,0.000
19840,0,0,0,65410,0.000,0.000
19850,0,0,0,65410,0.000,0.000
19860,0,0,0,65410,0.000,0.000
19870,0,0,0,65410,0.000,0.000
19880,0,0,0,65410,0.000,0.000
19890,0,0,0,65410,0.000,0.000
19900,0,0,0,65410,0.000,0.000
19910,0,0,0,65410,0.000,0.000
19920,0,0,0,65410,0.000,0.000
19930,0,0,0,65410,0.000,0.000
19940,0,0,0,65410,0.000,0.000
19950,0,0,0,65410,0.000,0.000
19960,0,0,0,65410,0.000,0.000
19970,0,0,0,65410,0.000,0.000
19980,0,0,0,65410,0.000,0.000
19990,0,0,0,65410,0.000,0.000
20000,0,0,0,65410,0.000,0.000
20010,0,0,0,65410,0.000,0.000
20020,0,0,0,65410,0.000,0.000
20030,0,0,0,65410,0.000,0.000
20040,0,0,0,65410,0.000,0.000
20050,0,0,0,65410,0.000,0.000
20060,0,0,0,65410,0.000,0.000
20070,0,0,0,65410,0.000,0.000
20080,0,0,0,65410,0.000,0.000
20090,0,0,0,65410,0.000,0.000
20100,0,0,0,65410,0.000,0.000
20110,0,0,0,65410,0.000,0.000
20120,0,0,0,65410,0.000,0.000
20130,0,0,0,65410,0.000,0.000
20140,0,0,0,65410,0.000,0.000
20150,0,0,0,65410,0.000,0.000
20160,0,0,0,65410,0.000,0.000
20170,0,0,0,65410,0.000,0.000
20180,0,0,0,65410,0.000,0.000
20190,0,0,0,65410,0.000,0.000
20200,0,0,0,65410,0.000,0.000
20210,0,0,0,65410,0.000,0.000
20220,0,0,0,65410,0.000,0.000
20230,0,0,0,65410,0.000,0.000
20240,0,0,0,65410,0.000,0.000
20250,0,0,0,65410,0.000,0.000
20260,0,0,0,65410,0.000,0.000
20270,0,0,0,65410,0.000,0.000
20280,0,0,0,65410,0.000,0.000
20290,0,0,0,65410,0.000,0.000
20300,0,0,0,65410,0.000,0.000
20310,0,0,0,65410,0.000,0.000
20320,0,0,0,65410,0.000,0.000
20330,0,0,0,65410,0.000,0.000
20340,0,0,0,65410,0.000,0.000
20350,0,0,0,65410,0.000,0.000
20360,0,0,0,65410,0.000,0.000
20370,0,0,0,65410,0.000,0.000
20380,0,0,0,65410,0.000,0.000
20390,0,0,0,65410,0.000,0.000
20400,0,0,0,65410,0.000,0.000
20410,0,0,0,65410,0.000,0.000
20420,0,0,0,65410,0.000,0.000
20430,0,0,0,65410,0.000,0.000
20440,0,0,0,65410,0.000,0.000
20450,0,0,0,65410,0.000,0.000
20460,0,0,0,65410,0.000,0.000
20470,0,0,0,65410,0.000,0.000
20480,0,0,0,65410,0.000,0.000
20490,0,0,0,65410,0.000,0.000
20500,0,0,0,65410,0.000,0.000
20510,0,0,0,65410,0.000,0.000
20520,0,0,0,65410,0.000,0.000
20530,0,0,0,65410,0.000,0.000
20540,0,0,0,65410,0.000,0.000
20550,0,0,0,65410,0.000,0.000
20560,0,0,0,65410,0.000,0.000
20570,0,0,0,65410,0.000,0.000
20580,0,0,0,65410,0.000,0.000
20590,0,0,0,65410,0.000,0.000
20600,0,0,0,65410,0.000,0.000
20610,0,0,0,65410,0.000,0.000
20620,0,0,1,65410,0.140,0.000
20630,0,0,1,65410,0.000,0.000
20640,0,0,1,65410,0.000,0.000
20650,0,0,1,65410,0.000,0.000
20660,0,0,1,65410,0.000,0.000
20670,0,0,1,65410,0.000,0.000
20680,0,0,1,65410,0.000,0.000
20690,0,0,1,65410,0.000,0.000
20700,0,0,1,65410,0.000,0.000
20710,0,0,1,65410,0.000,0.000
20720,0,0,1,65410,0.000,0.000
20730,0,0,1,65410,0.000,0.000
20740,0,0,1,65410,0.000,0.000
20750,0,0,1,65410,0.000,0.000
20760,0,0,1,65410,0.000,0.000
20770,0,0,1,65410,0.000,0.000
20780,0,0,1,65410,0.000,0.000
20790,0,0,1,65410,0.000,0.000
20800,0,0,1,65410,0.000,0.000
20810,0,0,1,65410,0.000,0.000
20820,0,0,1,65410,0.000,0.000
20830,0,0,1,65410,0.000,0.000
20840,0,0,1,65410,0.000,0.000
20850,0,0,1,65410,0.000,0.000
20860,0,0,1,65410,0.000,0.000
20870,0,0,1,65410,0.000,0.000
20880,0,0,1,65410,0.000,0.000
20890,0,0,1,65410,0.000,0.000
20900,0,0,1,65410,0.000,0.000
20910,0,0,1,65410,0.000,0.000
20920,0,0,1,65410,0.000,0.000
20930,0,0,1,65410,0.000,0.000
20940,0,0,1,65410,0.000,0.000
20950,0,0,1,65410,0.000,0.000
20960,0,0,1,65410,0.000,0.000
20970,0,0,1,65410,0.000,0.000
20980,0,0,1,65410,0.000,0.000
20990,0,0,1,65410,0.000,0.000
21000,0,0,1,65410,0.000,0.000
21010,0,25,1,65410,0.000,0.000
21020,0,25,1,65410,0.000,0.000
21030,0,25,1,65412,0.000,0.280
21040,0,25,1,65421,0.000,1.262
21050,0,25,1,65439,0.000,2.524
21060,0,25,1,65467,0.000,3.927
21070,0,25,1,65500,0.000,4.628
21080,0,25,1,65538,0.000,5.329
21090,0,25,1,65580,0.000,5.890
21100,0,25,1,65628,0.000,6.732
21110,0,25,1,65680,0.000,7.293
21120,0,25,1,65738,0.000,8.134
21130,0,25,1,65801,0.000,8.836
21140,0,25,1,65869,0.000,9.537
21150,0,25,1,65942,0.000,10.238
21160,0,25,1,66019,0.000,10.799
21170,0,25,1,66099,0.000,11.220
21180,0,25,1,66182,0.000,11.641
21190,0,25,1,66266,0.000,11.781
21200,0,25,1,66353,0.000,12.202
21210,0,25,1,66441,0.000,12.342
21220,0,25,1,66529,0.000,12.342
21230,0,25,1,66619,0.000,12.622
21240,0,25,1,66710,0.000,12.763
21250,0,25,1,66802,0.000,12.903
21260,0,25,1,66895,0.000,13.043
21270,0,25,1,66988,0.000,13.043
21280,0,25,1,67082,0.000,13.183
21290,0,25,1,67177,0.000,13.324
21300,0,25,1,67273,0.000,13.464
21310,0,25,1,67368,0.000,13.324
21320,0,25,1,67463,0.000,13.324
21330,0,25,1,67558,0.000,13.324
21340,0,25,1,67653,0.000,13.324
21350,0,25,1,67749,0.000,13.464
21360,0,25,1,67844,0.000,13.324
21370,0,25,1,67939,0.000,13.324
21380,0,25,1,68034,0.000,13.324
21390,0,25,1,68128,0.000,13.183
21400,0,25,1,68222,0.000,13.183
21410,0,25,1,68315,0.000,13.043
21420,0,25,1,68409,0.000,13.183
21430,0,25,1,68501,0.000,12.903
21440,0,25,1,68594,0.000,13.043
21450,0,25,1,68686,0.000,12.903
21460,0,25,1,68778,0.000,12.903
21470,0,25,1,68869,0.000,12.763
21480,0,25,1,68960,0.000,12.763
21490,0,25,1,69051,0.000,12.763
21500,0,25,1,69142,0.000,12.763
21510,0,25,1,69233,0.000,12.763
21520,0,25,1,69325,0.000,12.903
21530,0,25,1,69416,0.000,12.763
21540,0,25,1,69507,0.000,12.763
21550,0,25,1,69599,0.000,12.903
21560,0,25,1,69690,0.000,12.763
21570,0,25,1,69781,0.000,12.763
21580,0,25,1,69873,0.000,12.903
21590,0,25,1,69964,0.000,12.763
21600,0,25,1,70056,0.000,12.903
21610,0,25,1,70147,0.000,12.763
21620,0,25,1,70239,0.000,12.903
21630,0,25,1,70331,0.000,12.903
21640,0,25,1,70424,0.000,13.043
21650,0,25,1,70517,0.000,13.043
21660,0,25,1,70610,0.000,13.043
21670,0,25,1,70704,0.000,13.183
21680,0,25,1,70799,0.000,13.324
21690,0,25,1,70894,0.000,13.324
21700,0,25,1,70989,0.000,13.324
21710,0,25,1,71085,0.000,13.464
21720,0,25,1,71181,0.000,13.464
21730,0,25,1,71277,0.000,13.464
21740,0,25,1,71374,0.000,13.604
21750,0,25,1,71471,0.000,13.604
21760,0,25,1,71569,0.000,13.744
21770,0,25,1,71666,0.000,13.604
21780,0,25,1,71764,0.000,13.744
21790,0,25,1,71861,0.000,13.604
21800,0,25,1,71958,0.000,13.604
21810,0,25,1,72056,0.000,13.744
21820,0,25,1,72152,0.000,13.464
21830,0,25,1,72248,0.000,13.464
21840,0,25,1,72344,0.000,13.464
21850,0,25,1,72440,0.000,13.464
21860,0,25,1,72535,0.000,13.324
21870,0,25,1,72630,0.000,13.324
21880,0,25,1,72724,0.000,13.183
21890,0,25,1,72817,0.000,13.043
21900,0,25,1,72911,0.000,13.183
21910,0,25,1,73004,0.000,13.043
21920,0,25,1,73096,0.000,12.903
21930,0,25,1,73189,0.000,13.043
21940,0,25,1,73281,0.000,12.903
21950,0,25,1,73372,0.000,12.763
21960,0,25,1,73464,0.000,12.903
21970,0,25,1,73556,0.000,12.903
21980,0,25,1,73647,0.000,12.763
21990,0,25,1,73739,0.000,12.903
22000,0,25,1,73831,0.000,12.903
22010,0,25,1,73923,0.000,12.903
22020,0,25,1,74015,0.000,12.903
22030,0,25,1,74107,0.000,12.903
22040,0,25,1,74199,0.000,12.903
22050,0,25,1,74291,0.000,12.903
22060,0,25,1,74383,0.000,12.903
22070,0,25,1,74474,0.000,12.763
22080,0,25,1,74567,0.000,13.043
22090,0,25,1,74659,0.000,12.903
22100,0,25,1,74752,0.000,13.043
22110,0,25,1,74845,0.000,13.043
22120,0,25,1,74938,0.000,13.043
22130,0,25,0,75031,-0.140,13.043
22140,0,25,0,75125,0.000,13.183
22150,0,25,0,75219,0.000,13.183
22160,0,25,0,75313,0.000,13.183
22170,0,25,0,75408,0.000,13.324
22180,0,25,0,75502,0.000,13.183
22190,0,25,0,75597,0.000,13.324
22200,0,25,0,75692,0.000,13.324
22210,0,25,0,75788,0.000,13.464
22220,0,25,0,75883,0.000,13.324
22230,0,25,0,75979,0.000,13.464
22240,0,25,0,76075,0.000,13.464
22250,0,25,0,76172,0.000,13.604
22260,0,25,0,76269,0.000,13.604
22270,0,25,0,76365,0.000,13.464
22280,0,25,0,76461,0.000,13.464
22290,0,25,0,76557,0.000,13.464
22300,0,25,0,76653,0.000,13.464
22310,0,25,0,76748,0.000,13.324
22320,0,25,0,76843,0.000,13.324
22330,0,25,0,76938,0.000,13.324
22340,0,25,0,77033,0.000,13.324
22350,0,25,0,77127,0.000,13.183
22360,0,25,0,77221,0.000,13.183
22370,0,25,0,77315,0.000,13.183
22380,0,25,0,77408,0.000,13.043
22390,0,25,0,77501,0.000,13.043
22400,0,25,0,77593,0.000,12.903
22410,0,25,0,77686,0.000,13.043
22420,0,25,0,77778,0.000,12.903
22430,0,25,0,77869,0.000,12.763
22440,0,25,0,77961,0.000,12.903
22450,0,25,0,78052,0.000,12.763
22460,0,25,0,78143,0.000,12.763
22470,0,25,0,78234,0.000,12.763
22480,0,25,0,78326,0.000,12.903
22490,0,25,0,78417,0.000,12.763
22500,0,25,0,78509,0.000,12.903
22510,0,25,0,78601,0.000,12.903
22520,0,25,0,78692,0.000,12.763
22530,0,25,0,78784,0.000,12.903
22540,0,25,0,78876,0.000,12.903
22550,0,25,0,78967,0.000,12.763
22560,0,25,0,79059,0.000,12.903
22570,0,25,0,79152,0.000,13.043
22580,0,25,0,79244,0.000,12.903
22590,0,25,0,79336,0.000,12.903
22600,0,25,0,79429,0.000,13.043
22610,0,25,0,79522,0.000,13.043
22620,0,25,0,79615,0.000,13.043
22630,0,25,0,79709,0.000,13.183
22640,0,25,0,79802,0.000,13.043
22650,0,25,0,79897,0.000,13.324
22660,0,25,0,79991,0.000,13.183
22670,0,25,0,80086,0.000,13.324
22680,0,25,0,80182,0.000,13.464
22690,0,25,0,80277,0.000,13.324
22700,0,25,0,80373,0.000,13.464
22710,0,25,0,80469,0.000,13.464
22720,0,25,0,80565,0.000,13.464
22730,0,25,0,80662,0.000,13.604
22740,0,25,0,80758,0.000,13.464
22750,0,25,0,80855,0.000,13.604
22760,0,25,0,80951,0.000,13.464
22770,0,25,0,81047,0.000,13.464
22780,0,25,0,81143,0.000,13.464
22790,0,25,0,81238,0.000,13.324
22800,0,25,0,81333,0.000,13.324
22810,0,25,0,81428,0.000,13.324
22820,0,25,0,81522,0.000,13.183
22830,0,25,0,81617,0.000,13.324
22840,0,25,0,81710,0.000,13.043
22850,0,25,0,81804,0.000,13.183
22860,0,25,0,81897,0.000,13.043
22870,0,25,0,81990,0.000,13.043
22880,0,25,0,82082,0.000,12.903
22890,0,25,0,82175,0.000,13.043
22900,0,25,0,82267,0.000,12.903
22910,0,25,0,82358,0.000,12.763
22920,0,25,0,82449,0.000,12.763
22930,0,25,0,82541,0.000,12.903
22940,0,25,0,82632,0.000,12.763
22950,0,25,0,82722,0.000,12.622
22960,0,25,0,82814,0.000,12.903
22970,0,25,0,82905,0.000,12.763
22980,0,25,0,82996,0.000,12.763
22990,0,25,0,83087,0.000,12.763
23000,0,25,0,83178,0.000,12.763
23010,0,25,0,83270,0.000,12.903
23020,0,25,0,83361,0.000,12.763
23030,0,25,0,83453,0.000,12.903
23040,0,25,0,83544,0.000,12.763
23050,0,25,0,83635,0.000,12.763
23060,0,25,0,83727,0.000,12.903
23070,0,25,0,83818,0.000,12.763
23080,0,25,0,83910,0.000,12.903
23090,0,25,0,84003,0.000,13.043
23100,0,25,0,84096,0.000,13.043
23110,0,25,0,84189,0.000,13.043
23120,0,25,0,84283,0.000,13.183
23130,0,25,0,84377,0.000,13.183
23140,0,25,0,84472,0.000,13.324
23150,0,25,0,84566,0.000,13.183
23160,0,25,0,84661,0.000,13.324
23170,0,25,0,84756,0.000,13.324
23180,0,25,0,84851,0.000,13.324
23190,0,25,0,84947,0.000,13.464
23200,0,25,0,85043,0.000,13.464
23210,0,25,0,85140,0.000,13.604
23220,0,25,0,85236,0.000,13.464
23230,0,25,0,85332,0.000,13.464
23240,0,25,0,85428,0.000,13.464
23250,0,25,0,85524,0.000,13.464
23260,0,25,0,85620,0.000,13.464
23270,0,25,0,85715,0.000,13.324
23280,0,25,0,85810,0.000,13.324
23290,0,25,0,85904,0.000,13.183
23300,0,25,0,85998,0.000,13.183
23310,0,25,0,86092,0.000,13.183
23320,0,25,0,86186,0.000,13.183
23330,0,25,0,86278,0.000,12.903
23340,0,25,0,86372,0.000,13.183
23350,0,25,0,86464,0.000,12.903
23360,0,25,0,86556,0.000,12.903
23370,0,25,0,86649,0.000,13.043
23380,0,25,0,86741,0.000,12.903
23390,0,25,0,86833,0.000,12.903
23400,0,25,0,86924,0.000,12.763
23410,0,25,0,87016,0.000,12.903
23420,0,25,0,87107,0.000,12.763
23430,0,25,0,87198,0.000,12.763
23440,0,25,0,87290,0.000,12.903
23450,0,25,0,87380,0.000,12.622
23460,0,25,0,87471,0.000,12.763
23470,0,25,0,87561,0.000,12.622
23480,0,25,0,87651,0.000,12.622
23490,0,25,0,87742,0.000,12.763
23500,0,25,0,87832,0.000,12.622
23510,0,25,0,87923,0.000,12.763
23520,0,25,0,88013,0.000,12.622
23530,0,25,0,88104,0.000,12.763
23540,0,25,0,88195,0.000,12.763
23550,0,25,0,88287,0.000,12.903
23560,0,25,0,88378,0.000,12.763
23570,0,25,0,88470,0.000,12.903
23580,0,25,0,88562,0.000,12.903
23590,0,25,0,88654,0.000,12.903
23600,0,25,0,88747,0.000,13.043
23610,0,25,0,88840,0.000,13.043
23620,0,25,0,88933,0.000,13.043
23630,0,25,0,89026,0.000,13.043
23640,0,25,0,89120,0.000,13.183
23650,0,25,0,89214,0.000,13.183
23660,0,25,0,89308,0.000,13.183
23670,0,25,0,89402,0.000,13.183
23680,0,25,0,89497,0.000,13.324
23690,0,25,0,89592,0.000,13.324
23700,0,25,0,89687,0.000,13.324
23710,0,25,0,89782,0.000,13.324
23720,0,25,0,89877,0.000,13.324
23730,0,25,0,89971,0.000,13.183
23740,0,25,0,90065,0.000,13.183
23750,0,25,0,90159,0.000,13.183
23760,0,25,0,90253,0.000,13.183
23770,0,25,0,90347,0.000,13.183
23780,0,25,0,90441,0.000,13.183
23790,0,25,0,90534,0.000,13.043
23800,0,25,0,90627,0.000,13.043
23810,0,25,0,90719,0.000,12.903
23820,0,25,0,90812,0.000,13.043
23830,0,25,0,90904,0.000,12.903
23840,0,25,0,90996,0.000,12.903
23850,0,25,0,91088,0.000,12.903
23860,0,25,0,91180,0.000,12.903
23870,0,25,0,91272,0.000,12.903
23880,0,25,0,91364,0.000,12.903
23890,0,25,0,91456,0.000,12.903
23900,0,25,0,91547,0.000,12.763
23910,0,25,0,91638,0.000,12.763
23920,0,25,0,91730,0.000,12.903
23930,0,25,0,91820,0.000,12.622
23940,0,25,0,91912,0.000,12.903
23950,0,25,0,92003,0.000,12.763
23960,0,25,0,92094,0.000,12.763
23970,0,25,0,92185,0.000,12.763
23980,0,25,0,92276,0.000,12.763
23990,0,25,0,92367,0.000,12.763
24000,0,25,0,92458,0.000,12.763
24010,0,0,0,92550,0.000,12.903
24020,0,0,0,92641,0.000,12.763
24030,0,0,0,92732,0.000,12.763
24040,0,0,0,92817,0.000,11.921
24050,0,0,0,92896,0.000,11.080
24060,0,0,0,92961,0.000,9.116
24070,0,0,0,93014,0.000,7.433
24080,0,0,0,93055,0.000,5.750
24090,0,0,0,93088,0.000,4.628
24100,0,0,0,93113,0.000,3.506
24110,0,0,0,93131,0.000,2.524
24120,0,0,0,93145,0.000,1.963
24130,0,0,0,93154,0.000,1.262
24140,0,0,0,93161,0.000,0.982
24150,0,0,0,93165,0.000,0.561
24160,0,0,0,93168,0.000,0.421
24170,0,0,0,93170,0.000,0.280
24180,0,0,0,93170,0.000,0.000
24190,0,0,0,93170,0.000,0.000
24200,0,0,0,93170,0.000,0.000
24210,0,0,0,93170,0.000,0.000
24220,0,0,0,93170,0.000,0.000
24230,0,0,0,93170,0.000,0.000
24240,0,0,0,93170,0.000,0.000
24250,0,0,0,93170,0.000,0.000
24260,0,0,0,93170,0.000,0.000
24270,0,0,0,93170,0.000,0.000
24280,0,0,0,93170,0.000,0.000
24290,0,0,0,93170,0.000,0.000
24300,0,0,0,93170,0.000,0.000
24310,0,0,0,93170,0.000,0.000
24320,0,0,0,93170,0.000,0.000
24330,0,0,0,93170,0.000,0.000
24340,0,0,0,93170,0.000,0.000
24350,0,0,0,93170,0.000,0.000
24360,0,0,0,93170,0.000,0.000
24370,0,0,0,93170,0.000,0.000
24380,0,0,0,93170,0.000,0.000
24390,0,0,0,93170,0.000,0.000
24400,0,0,0,93170,0.000,0.000
24410,0,0,0,93170,0.000,0.000
24420,0,0,0,93170,0.000,0.000
24430,0,0,0,93170,0.000,0.000
24440,0,0,0,93170,0.000,0.000
24450,0,0,0,93170,0.000,0.000
24460,0,0,0,93170,0.000,0.000
24470,0,0,0,93170,0.000,0.000
24480,0,0,0,93170,0.000,0.000
24490,0,0,0,93170,0.000,0.000
24500,0,0,0,93170,0.000,0.000
24510,0,0,0,93170,0.000,0.000
24520,0,0,0,93170,0.000,0.000
24530,0,0,0,93170,0.000,0.000
24540,0,0,0,93170,0.000,0.000
24550,0,0,0,93170,0.000,0.000
24560,0,0,0,93170,0.000,0.000
24570,0,0,0,93170,0.000,0.000
24580,0,0,0,93170,0.000,0.000
24590,0,0,0,93170,0.000,0.000
24600,0,0,0,93170,0.000,0.000
24610,0,0,0,93170,0.000,0.000
24620,0,0,0,93170,0.000,0.000
24630,0,0,0,93170,0.000,0.000
24640,0,0,0,93170,0.000,0.000
24650,0,0,0,93170,0.000,0.000
24660,0,0,0,93170,0.000,0.000
24670,0,0,0,93170,0.000,0.000
24680,0,0,0,93170,0.000,0.000
24690,0,0,0,93170,0.000,0.000
24700,0,0,0,93170,0.000,0.000
24710,0,0,0,93170,0.000,0.000
24720,0,0,0,93170,0.000,0.000
24730,0,0,0,93170,0.000,0.000
24740,0,0,0,93170,0.000,0.000
24750,0,0,0,93170,0.000,0.000
24760,0,0,0,93170,0.000,0.000
24770,0,0,0,93170,0.000,0.000
24780,0,0,0,93170,0.000,0.000
24790,0,0,0,93170,0.000,0.000
24800,0,0,0,93170,0.000,0.000
24810,0,0,0,93170,0.000,0.000
24820,0,0,0,93170,0.000,0.000
24830,0,0,0,93170,0.000,0.000
24840,0,0,0,93170,0.000,0.000
24850,0,0,0,93170,0.000,0.000
24860,0,0,0,93170,0.000,0.000
24870,0,0,0,93170,0.000,0.000
24880,0,0,0,93170,0.000,0.000
24890,0,0,0,93170,0.000,0.000
24900,0,0,0,93170,0.000,0.000
24910,0,0,0,93170,0.000,0.000
24920,0,0,0,93170,0.000,0.000
24930,0,0,0,93170,0.000,0.000
24940,0,0,0,93170,0.000,0.000
24950,0,0,0,93170,0.000,0.000
24960,0,0,0,93170,0.000,0.000
24970,0,0,0,93170,0.000,0.000
24980,0,0,0,93170,0.000,0.000
24990,0,0,0,93170,0.000,0.000
25000,0,0,0,93170,0.000,0.000
25010,0,0,0,93170,0.000,0.000
25020,0,0,0,93170,0.000,0.000
25030,0,0,0,93170,0.000,0.000
25040,0,0,0,93170,0.000,0.000
25050,0,0,0,93170,0.000,0.000
25060,0,0,0,93170,0.000,0.000
25070,0,0,0,93170,0.000,0.000
25080,0,0,0,93170,0.000,0.000
25090,0,0,0,93170,0.000,0.000
25100,0,0,0,93170,0.000,0.000
25110,0,0,0,93170,0.000,0.000
25120,0,0,0,93170,0.000,0.000
25130,0,0,0,93170,0.000,0.000
25140,0,0,0,93170,0.000,0.000
25150,0,0,0,93170,0.000,0.000
25160,0,0,0,93170,0.000,0.000
25170,0,0,0,93170,0.000,0.000
25180,0,0,0,93170,0.000,0.000
25190,0,0,0,93170,0.000,0.000
25200,0,0,0,93170,0.000,0.000
25210,0,0,0,93170,0.000,0.000
25220,0,0,0,93170,0.000,0.000
25230,0,0,0,93170,0.000,0.000
25240,0,0,0,93170,0.000,0.000
25250,0,0,0,93170,0.000,0.000
25260,0,0,0,93170,0.000,0.000
25270,0,0,0,93170,0.000,0.000
25280,0,0,0,93170,0.000,0.000
25290,0,0,0,93170,0.000,0.000
25300,0,0,0,93170,0.000,0.000
25310,0,0,0,93170,0.000,0.000
25320,0,0,0,93170,0.000,0.000
25330,0,0,0,93170,0.000,0.000
25340,0,0,0,93170,0.000,0.000
25350,0,0,0,93170,0.000,0.000
25360,0,0,0,93170,0.000,0.000
25370,0,0,0,93170,0.000,0.000
25380,0,0,0,93170,0.000,0.000
25390,0,0,0,93170,0.000,0.000
25400,0,0,0,93170,0.000,0.000
25410,0,0,0,93170,0.000,0.000
25420,0,0,0,93170,0.000,0.000
25430,0,0,0,93170,0.000,0.000
25440,0,0,0,93170,0.000,0.000
25450,0,0,0,93170,0.000,0.000
25460,0,0,0,93171,0.000,0.140
25470,0,0,0,93171,0.000,0.000
25480,0,0,0,93171,0.000,0.000
25490,0,0,0,93171,0.000,0.000
25500,0,0,0,93171,0.000,0.000
25510,0,0,0,93171,0.000,0.000
25520,0,0,0,93171,0.000,0.000
25530,0,0,0,93171,0.000,0.000
25540,0,0,0,93171,0.000,0.000
25550,0,0,0,93171,0.000,0.000
25560,0,0,0,93171,0.000,0.000
25570,0,0,0,93171,0.000,0.000
25580,0,0,0,93171,0.000,0.000
25590,0,0,0,93171,0.000,0.000
25600,0,0,0,93171,0.000,0.000
25610,0,0,0,93171,0.000,0.000
25620,0,0,0,93171,0.000,0.000
25630,0,0,0,93171,0.000,0.000
25640,0,0,0,93171,0.000,0.000
25650,0,0,0,93171,0.000,0.000
25660,0,0,0,93171,0.000,0.000
25670,0,0,0,93171,0.000,0.000
25680,0,0,0,93171,0.000,0.000
25690,0,0,0,93171,0.000,0.000
25700,0,0,0,93171,0.000,0.000
25710,0,0,0,93171,0.000,0.000
25720,0,0,0,93171,0.000,0.000
25730,0,0,0,93171,0.000,0.000
25740,0,0,0,93171,0.000,0.000
25750,0,0,0,93171,0.000,0.000
25760,0,0,0,93171,0.000,0.000
25770,0,0,0,93171,0.000,0.000
25780,0,0,0,93171,0.000,0.000
25790,0,0,0,93171,0.000,0.000
25800,0,0,0,93171,0.000,0.000
25810,0,0,0,93171,0.000,0.000
25820,0,0,0,93171,0.000,0.000
25830,0,0,0,93171,0.000,0.000
25840,0,0,0,93171,0.000,0.000
25850,0,0,0,93171,0.000,0.000
25860,0,0,0,93171,0.000,0.000
25870,0,0,0,93171,0.000,0.000
25880,0,0,0,93171,0.000,0.000
25890,0,0,0,93171,0.000,0.000
25900,0,0,0,93171,0.000,0.000
25910,0,0,0,93171,0.000,0.000
25920,0,0,0,93171,0.000,0.000
25930,0,0,0,93171,0.000,0.000
25940,0,0,0,93171,0.000,0.000
25950,0,0,0,93171,0.000,0.000
25960,0,0,0,93171,0.000,0.000
25970,0,0,0,93171,0.000,0.000
25980,0,0,0,93171,0.000,0.000
25990,0,0,0,93171,0.000,0.000
26000,0,0,0,93171,0.000,0.000
26010,0,0,0,93171,0.000,0.000
26020,0,0,0,93171,0.000,0.000
26030,0,0,0,93171,0.000,0.000
26040,0,0,0,93171,0.000,0.000
26050,0,0,0,93171,0.000,0.000
26060,0,0,0,93171,0.000,0.000
26070,0,0,0,93171,0.000,0.000
26080,0,0,0,93171,0.000,0.000
26090,0,0,0,93171,0.000,0.000
26100,0,0,0,93171,0.000,0.000
26110,0,0,0,93171,0.000,0.000
26120,0,0,0,93171,0.000,0.000
26130,0,0,0,93171,0.000,0.000
26140,0,0,0,93171,0.000,0.000
26150,0,0,0,93171,0.000,0.000
26160,0,0,0,93171,0.000,0.000
26170,0,0,0,93171,0.000,0.000
26180,0,0,0,93171,0.000,0.000
26190,0,0,0,93171,0.000,0.000
26200,0,0,0,93171,0.000,0.000
26210,0,0,0,93171,0.000,0.000
26220,0,0,0,93171,0.000,0.000
26230,0,0,0,93171,0.000,0.000
26240,0,0,0,93171,0.000,0.000
26250,0,0,0,93171,0.000,0.000
26260,0,0,0,93171,0.000,0.000
26270,0,0,0,93171,0.000,0.000
26280,0,0,0,93171,0.000,0.000
26290,0,0,0,93171,0.000,0.000
26300,0,0,0,93171,0.000,0.000
26310,0,0,0,93171,0.000,0.000
26320,0,0,0,93171,0.000,0.000
26330,0,0,0,93171,0.000,0.000
26340,0,0,0,93171,0.000,0.000
26350,0,0,0,93171,0.000,0.000
26360,0,0,0,93171,0.000,0.000
26370,0,0,0,93171,0.000,0.000
26380,0,0,0,93171,0.000,0.000
26390,0,0,0,93171,0.000,0.000
26400,0,0,0,93171,0.000,0.000
26410,0,0,0,93171,0.000,0.000
26420,0,0,0,93171,0.000,0.000
26430,0,0,0,93171,0.000,0.000
26440,0,0,0,93171,0.000,0.000
26450,0,0,0,93171,0.000,0.000
26460,0,0,0,93171,0.000,0.000
26470,0,0,0,93171,0.000,0.000
26480,0,0,0,93171,0.000,0.000
26490,0,0,0,93171,0.000,0.000
26500,0,0,0,93171,0.000,0.000
26510,0,0,0,93171,0.000,0.000
26520,0,0,0,93171,0.000,0.000
26530,0,0,0,93171,0.000,0.000
26540,0,0,0,93171,0.000,0.000
26550,0,0,0,93171,0.000,0.000
26560,0,0,0,93171,0.000,0.000
26570,0,0,0,93171,0.000,0.000
26580,0,0,0,93171,0.000,0.000
26590,0,0,0,93171,0.000,0.000
26600,0,0,0,93171,0.000,0.000
26610,0,0,0,93171,0.000,0.000
26620,0,0,0,93171,0.000,0.000
26630,0,0,0,93171,0.000,0.000
26640,0,0,0,93171,0.000,0.000
26650,0,0,0,93171,0.000,0.000
26660,0,0,0,93171,0.000,0.000
26670,0,0,0,93171,0.000,0.000
26680,0,0,0,93171,0.000,0.000
26690,0,0,0,93171,0.000,0.000
26700,0,0,0,93171,0.000,0.000
26710,0,0,0,93171,0.000,0.000
26720,0,0,0,93171,0.000,0.000
26730,0,0,0,93171,0.000,0.000
26740,0,0,0,93171,0.000,0.000
26750,0,0,0,93171,0.000,0.000
26760,0,0,0,93171,0.000,0.000
26770,0,0,0,93171,0.000,0.000
26780,0,0,0,93171,0.000,0.000
26790,0,0,0,93171,0.000,0.000
26800,0,0,0,93171,0.000,0.000
26810,0,0,0,93171,0.000,0.000
26820,0,0,0,93171,0.000,0.000
26830,0,0,0,93171,0.000,0.000
26840,0,0,0,93171,0.000,0.000
26850,0,0,0,93171,0.000,0.000
26860,0,0,0,93171,0.000,0.000
26870,0,0,0,93171,0.000,0.000
26880,0,0,0,93171,0.000,0.000
26890,0,0,0,93171,0.000,0.000
26900,0,0,0,93171,0.000,0.000
26910,0,0,0,93171,0.000,0.000
26920,0,0,0,93171,0.000,0.000
26930,0,0,0,93171,0.000,0.000
26940,0,0,0,93171,0.000,0.000
26950,0,0,0,93171,0.000,0.000
26960,0,0,0,93171,0.000,0.000
26970,0,0,0,93171,0.000,0.000
26980,0,0,0,93171,0.000,0.000
26990,0,0,0,93171,0.000,0.000
27000,0,0,0,93171,0.000,0.000
27010,0,25,0,93171,0.000,0.000
27020,0,25,0,93171,0.000,0.000
27030,0,25,0,93173,0.000,0.280
27040,0,25,0,93182,0.000,1.262
27050,0,25,0,93201,0.000,2.665
27060,0,25,0,93230,0.000,4.067
27070,0,25,0,93265,0.000,4.909
27080,0,25,0,93307,0.000,5.890
27090,0,25,0,93354,0.000,6.592
27100,0,25,0,93407,0.000,7.433
27110,0,25,0,93467,0.000,8.415
27120,0,25,0,93532,0.000,9.116
27130,0,25,0,93604,0.000,10.098
27140,0,25,0,93679,0.000,10.519
27150,0,25,0,93758,0.000,11.080
27160,0,25,0,93840,0.000,11.500
27170,0,25,0,93924,0.000,11.781
27180,0,25,0,94011,0.000,12.202
27190,0,25,0,94100,0.000,12.482
27200,0,25,0,94189,0.000,12.482
27210,0,25,0,94280,0.000,12.763
27220,0,25,0,94371,0.000,12.763
27230,0,25,0,94463,0.000,12.903
27240,0,25,0,94556,0.000,13.043
27250,0,25,0,94648,0.000,12.903
27260,0,25,0,94741,0.000,13.043
27270,0,25,0,94834,0.000,13.043
27280,0,25,0,94927,0.000,13.043
27290,0,25,0,95020,0.000,13.043
27300,0,25,0,95112,0.000,12.903
27310,0,25,0,95204,0.000,12.903
27320,0,25,0,95296,0.000,12.903
27330,0,25,0,95387,0.000,12.763
27340,0,25,0,95478,0.000,12.763
27350,0,25,0,95569,0.000,12.763
27360,0,25,0,95660,0.000,12.763
27370,0,25,0,95751,0.000,12.763
27380,0,25,0,95842,0.000,12.763
27390,0,25,0,95934,0.000,12.903
27400,0,25,0,96026,0.000,12.903
27410,0,25,0,96117,0.000,12.763
27420,0,25,0,96209,0.000,12.903
27430,0,25,0,96300,0.000,12.763
27440,0,25,0,96391,0.000,12.763
27450,0,25,0,96482,0.000,12.763
27460,0,25,0,96574,0.000,12.903
27470,0,25,0,96665,0.000,12.763
27480,0,25,0,96757,0.000,12.903
27490,0,25,0,96848,0.000,12.763
27500,0,25,0,96940,0.000,12.903
27510,0,25,0,97033,0.000,13.043
27520,0,25,0,97125,0.000,12.903
27530,0,25,0,97217,0.000,12.903
27540,0,25,0,97310,0.000,13.043
27550,0,25,0,97403,0.000,13.043
27560,0,25,0,97496,0.000,13.043
27570,0,25,0,97590,0.000,13.183
27580,0,25,0,97684,0.000,13.183
27590,0,25,0,97778,0.000,13.183
27600,0,25,0,97872,0.000,13.183
27610,0,25,0,97967,0.000,13.324
27620,0,25,0,98062,0.000,13.324
27630,0,25,0,98157,0.000,13.324
27640,0,25,0,98253,0.000,13.464
27650,0,25,0,98349,0.000,13.464
27660,0,25,0,98446,0.000,13.604
27670,0,25,0,98542,0.000,13.464
27680,0,25,0,98639,0.000,13.604
27690,0,25,0,98736,0.000,13.604
27700,0,25,0,98833,0.000,13.604
27710,0,25,0,98929,0.000,13.464
27720,0,25,0,99024,0.000,13.324
27730,0,25,0,99120,0.000,13.464
27740,0,25,0,99215,0.000,13.324
27750,0,25,0,99310,0.000,13.324
27760,0,25,0,99405,0.000,13.324
27770,0,25,0,99498,0.000,13.043
27780,0,25,0,99593,0.000,13.324
27790,0,25,0,99685,0.000,12.903
27800,0,25,0,99779,0.000,13.183
27810,0,25,0,99871,0.000,12.903
27820,0,25,0,99964,0.000,13.043
27830,0,25,0,100056,0.000,12.903
27840,0,25,0,100147,0.000,12.763
27850,0,25,0,100238,0.000,12.763
27860,0,25,0,100330,0.000,12.903
27870,0,25,0,100421,0.000,12.763
27880,0,25,0,100512,0.000,12.763
27890,0,25,0,100603,0.000,12.763
27900,0,25,0,100694,0.000,12.763
27910,0,25,0,100785,0.000,12.763
27920,0,25,0,100876,0.000,12.763
27930,0,25,0,100967,0.000,12.763
27940,0,25,0,101058,0.000,12.763
27950,0,25,0,101149,0.000,12.763
27960,0,25,0,101240,0.000,12.763
27970,0,25,0,101332,0.000,12.903
27980,0,25,0,101423,0.000,12.763
27990,0,25,0,101515,0.000,12.903
28000,0,25,0,101607,0.000,12.903
28010,0,25,0,101699,0.000,12.903
28020,0,25,0,101791,0.000,12.903
28030,0,25,0,101884,0.000,13.043
28040,0,25,0,101977,0.000,13.043
28050,0,25,0,102071,0.000,13.183
28060,0,25,0,102165,0.000,13.183
28070,0,25,0,102259,0.000,13.183
28080,0,25,0,102354,0.000,13.324
28090,0,25,0,102449,0.000,13.324
28100,0,25,0,102544,0.000,13.324
28110,0,25,0,102640,0.000,13.464
28120,0,25,0,102736,0.000,13.464
28130,0,25,0,102832,0.000,13.464
28140,0,25,0,102929,0.000,13.604
28150,0,25,0,103026,0.000,13.604
28160,0,25,0,103123,0.000,13.604
28170,0,25,0,103220,0.000,13.604
28180,0,25,0,103317,0.000,13.604
28190,0,25,0,103413,0.000,13.464
28200,0,25,0,103509,0.000,13.464
28210,0,25,0,103605,0.000,13.464
28220,0,25,0,103700,0.000,13.324
28230,0,25,0,103795,0.000,13.324
28240,0,25,0,103889,0.000,13.183
28250,0,25,0,103983,0.000,13.183
28260,0,25,0,104078,0.000,13.324
28270,0,25,0,104171,0.000,13.043
28280,0,25,0,104265,0.000,13.183
28290,0,25,0,104358,0.000,13.043
28300,0,25,0,104451,0.000,13.043
28310,0,25,0,104543,0.000,12.903
28320,0,25,0,104636,0.000,13.043
28330,0,25,0,104727,0.000,12.763
28340,0,25,0,104819,0.000,12.903
28350,0,25,0,104910,0.000,12.763
28360,0,25,0,105001,0.000,12.763
28370,0,25,0,105092,0.000,12.763
28380,0,25,0,105183,0.000,12.763
28390,0,25,0,105273,0.000,12.622
28400,0,25,0,105365,0.000,12.903
28410,0,25,0,105456,0.000,12.763
28420,0,25,0,105547,0.000,12.763
28430,0,25,0,105638,0.000,12.763
28440,0,25,0,105730,0.000,12.903
28450,0,25,0,105821,0.000,12.763
28460,0,25,0,105912,0.000,12.763
28470,0,25,0,106004,0.000,12.903
28480,0,25,0,106095,0.000,12.763
28490,0,25,0,106186,0.000,12.763
28500,0,25,0,106278,0.000,12.903
28510,0,25,0,106370,0.000,12.903
28520,0,25,1,106464,0.140,13.183
28530,0,25,1,106558,0.000,13.183
28540,0,25,1,106653,0.000,13.324
28550,0,25,1,106749,0.000,13.464
28560,0,25,1,106845,0.000,13.464
28570,0,25,1,106941,0.000,13.464
28580,0,25,1,107037,0.000,13.464
28590,0,25,1,107133,0.000,13.464
28600,0,25,1,107229,0.000,13.464
28610,0,25,1,107325,0.000,13.464
28620,0,25,1,107421,0.000,13.464
28630,0,25,1,107518,0.000,13.604
28640,0,25,1,107614,0.000,13.464
28650,0,25,1,107709,0.000,13.324
28660,0,25,1,107804,0.000,13.324
28670,0,25,1,107900,0.000,13.464
28680,0,25,1,107995,0.000,13.324
28690,0,25,1,108090,0.000,13.324
28700,0,25,1,108184,0.000,13.183
28710,0,25,1,108278,0.000,13.183
28720,0,25,1,108372,0.000,13.183
28730,0,25,1,108466,0.000,13.183
28740,0,25,1,108559,0.000,13.043
28750,0,25,1,108652,0.000,13.043
28760,0,25,1,108745,0.000,13.043
28770,0,25,1,108837,0.000,12.903
28780,0,25,1,108929,0.000,12.903
28790,0,25,1,109021,0.000,12.903
28800,0,25,1,109113,0.000,12.903
28810,0,25,1,109205,0.000,12.903
28820,0,25,1,109295,0.000,12.622
28830,0,25,1,109386,0.000,12.763
28840,0,25,1,109477,0.000,12.763
28850,0,25,1,109568,0.000,12.763
28860,0,25,1,109658,0.000,12.622
28870,0,25,1,109749,0.000,12.763
28880,0,25,1,109840,0.000,12.763
28890,0,25,1,109930,0.000,12.622
28900,0,25,1,110021,0.000,12.763
28910,0,25,1,110111,0.000,12.622
28920,0,25,1,110202,0.000,12.763
28930,0,25,1,110292,0.000,12.622
28940,0,25,1,110383,0.000,12.763
28950,0,25,1,110474,0.000,12.763
28960,0,25,1,110564,0.000,12.622
28970,0,25,1,110655,0.000,12.763
28980,0,25,1,110746,0.000,12.763
28990,0,25,1,110837,0.000,12.763
29000,0,25,1,110929,0.000,12.903
29010,0,25,1,111021,0.000,12.903
29020,0,25,1,111113,0.000,12.903
29030,0,25,1,111205,0.000,12.903
29040,0,25,1,111298,0.000,13.043
29050,0,25,1,111391,0.000,13.043
29060,0,25,1,111484,0.000,13.043
29070,0,25,1,111577,0.000,13.043
29080,0,25,1,111670,0.000,13.043
29090,0,25,1,111764,0.000,13.183
29100,0,25,1,111858,0.000,13.183
29110,0,25,1,111953,0.000,13.324
29120,0,25,1,112047,0.000,13.183
29130,0,25,1,112142,0.000,13.324
29140,0,25,1,112237,0.000,13.324
29150,0,25,1,112332,0.000,13.324
29160,0,25,1,112426,0.000,13.183
29170,0,25,1,112520,0.000,13.183
29180,0,25,1,112614,0.000,13.183
29190,0,25,1,112708,0.000,13.183
29200,0,25,1,112801,0.000,13.043
29210,0,25,1,112894,0.000,13.043
29220,0,25,1,112988,0.000,13.183
29230,0,25,1,113081,0.000,13.043
29240,0,25,1,113173,0.000,12.903
29250,0,25,1,113266,0.000,13.043
29260,0,25,1,113358,0.000,12.903
29270,0,25,1,113449,0.000,12.763
29280,0,25,1,113541,0.000,12.903
29290,0,25,1,113632,0.000,12.763
29300,0,25,1,113722,0.000,12.622
29310,0,25,1,113813,0.000,12.763
29320,0,25,1,113903,0.000,12.622
29330,0,25,1,113994,0.000,12.763
29340,0,25,1,114084,0.000,12.622
29350,0,25,1,114174,0.000,12.622
29360,0,25,1,114264,0.000,12.622
29370,0,25,1,114354,0.000,12.622
29380,0,25,1,114444,0.000,12.622
29390,0,25,1,114534,0.000,12.622
29400,0,25,1,114625,0.000,12.763
29410,0,25,1,114715,0.000,12.622
29420,0,25,1,114805,0.000,12.622
29430,0,25,1,114895,0.000,12.622
29440,0,25,1,114986,0.000,12.763
29450,0,25,1,115076,0.000,12.622
29460,0,25,1,115167,0.000,12.763
29470,0,25,1,115258,0.000,12.763
29480,0,25,1,115350,0.000,12.903
29490,0,25,1,115441,0.000,12.763
29500,0,25,1,115533,0.000,12.903
29510,0,25,1,115625,0.000,12.903
29520,0,25,1,115717,0.000,12.903
29530,0,25,1,115809,0.000,12.903
29540,0,25,1,115902,0.000,13.043
29550,0,25,1,115995,0.000,13.043
29560,0,25,1,116089,0.000,13.183
29570,0,25,1,116183,0.000,13.183
29580,0,25,1,116277,0.000,13.183
29590,0,25,1,116371,0.000,13.183
29600,0,25,1,116466,0.000,13.324
29610,0,25,1,116561,0.000,13.324
29620,0,25,1,116656,0.000,13.324
29630,0,25,1,116750,0.000,13.183
29640,0,25,1,116845,0.000,13.324
29650,0,25,1,116939,0.000,13.183
29660,0,25,1,117033,0.000,13.183
29670,0,25,1,117126,0.000,13.043
29680,0,25,1,117220,0.000,13.183
29690,0,25,1,117313,0.000,13.043
29700,0,25,1,117406,0.000,13.043
29710,0,25,1,117499,0.000,13.043
29720,0,25,1,117591,0.000,12.903
29730,0,25,1,117684,0.000,13.043
29740,0,25,1,117775,0.000,12.763
29750,0,25,1,117867,0.000,12.903
29760,0,25,1,117958,0.000,12.763
29770,0,25,1,118049,0.000,12.763
29780,0,25,1,118140,0.000,12.763
29790,0,25,1,118230,0.000,12.622
29800,0,25,1,118321,0.000,12.763
29810,0,25,1,118411,0.000,12.622
29820,0,25,1,118501,0.000,12.622
29830,0,25,1,118591,0.000,12.622
29840,0,25,1,118681,0.000,12.622
29850,0,25,1,118772,0.000,12.763
29860,0,25,1,118863,0.000,12.763
29870,0,25,1,118955,0.000,12.903
29880,0,25,1,119048,0.000,13.043
29890,0,25,1,119140,0.000,12.903
29900,0,25,1,119233,0.000,13.043
29910,0,25,1,119326,0.000,13.043
29920,0,25,1,119418,0.000,12.903
29930,0,25,1,119510,0.000,12.903
29940,0,25,1,119603,0.000,13.043
29950,0,25,1,119695,0.000,12.903
29960,0,25,1,119788,0.000,13.043
29970,0,25,1,119881,0.000,13.043
29980,0,25,1,119974,0.000,13.043
29990,0,25,1,120068,0.000,13.183
30000,0,25,1,120162,0.000,13.183
30010,0,25,1,120258,0.000,13.464
30020,0,25,1,120352,0.000,13.183
30030,0,25,1,120448,0.000,13.464
30040,0,25,1,120543,0.000,13.324
30050,0,25,1,120639,0.000,13.464
30060,0,25,1,120735,0.000,13.464
30070,0,25,1,120832,0.000,13.604
30080,0,25,1,120929,0.000,13.604
30090,0,25,1,121026,0.000,13.604
30100,0,25,1,121122,0.000,13.464
30110,0,25,1,121219,0.000,13.604
30120,0,25,1,121315,0.000,13.464
30130,0,25,1,121411,0.000,13.464
30140,0,25,1,121506,0.000,13.324
30150,0,25,1,121602,0.000,13.464
30160,0,25,1,121697,0.000,13.324
30170,0,25,1,121792,0.000,13.324
30180,0,25,1,121887,0.000,13.324
30190,0,25,1,121981,0.000,13.183
30200,0,25,1,122074,0.000,13.043
30210,0,25,1,122168,0.000,13.183
30220,0,25,1,122261,0.000,13.043
30230,0,25,1,122354,0.000,13.043
30240,0,25,1,122446,0.000,12.903
30250,0,25,1,122538,0.000,12.903
30260,0,25,1,122630,0.000,12.903
30270,0,25,1,122722,0.000,12.903
30280,0,25,1,122813,0.000,12.763
30290,0,25,1,122905,0.000,12.903
30300,0,25,1,122995,0.000,12.622
30310,0,25,1,123087,0.000,12.903
30320,0,25,1,123178,0.000,12.763
30330,0,25,1,123269,0.000,12.763
30340,0,25,1,123360,0.000,12.763
30350,0,25,1,123451,0.000,12.763
30360,0,25,1,123543,0.000,12.903
30370,0,25,1,123634,0.000,12.763
30380,0,25,1,123726,0.000,12.903
30390,0,25,1,123818,0.000,12.903
30400,0,25,1,123911,0.000,13.043
30410,0,25,1,124004,0.000,13.043
30420,0,25,1,124097,0.000,13.043
30430,0,25,1,124190,0.000,13.043
30440,0,25,1,124284,0.000,13.183
30450,0,25,1,124377,0.000,13.043
30460,0,25,1,124471,0.000,13.183
30470,0,25,1,124564,0.000,13.043
30480,0,25,1,124658,0.000,13.183
30490,0,25,1,124752,0.000,13.183
30500,0,25,1,124846,0.000,13.183
30510,0,25,1,124940,0.000,13.183
30520,0,25,1,125034,0.000,13.183
30530,0,25,1,125129,0.000,13.324
30540,0,25,1,125223,0.000,13.183
30550,0,25,1,125318,0.000,13.324
30560,0,25,1,125414,0.000,13.464
30570,0,25,1,125509,0.000,13.324
30580,0,25,1,125605,0.000,13.464
30590,0,25,1,125700,0.000,13.324
30600,0,25,1,125794,0.000,13.183
30610,0,25,1,125889,0.000,13.324
30620,0,25,1,125983,0.000,13.183
30630,0,25,1,126077,0.000,13.183
30640,0,25,1,126170,0.000,13.043
30650,0,25,1,126263,0.000,13.043
30660,0,25,1,126356,0.000,13.043
30670,0,25,1,126449,0.000,13.043
30680,0,25,1,126541,0.000,12.903
30690,0,25,1,126633,0.000,12.903
30700,0,25,1,126724,0.000,12.763
30710,0,25,1,126815,0.000,12.763
30720,0,25,1,126906,0.000,12.763
30730,0,25,1,126997,0.000,12.763
30740,0,25,1,127087,0.000,12.622
30750,0,25,1,127177,0.000,12.622
30760,0,25,1,127267,0.000,12.622
30770,0,25,1,127358,0.000,12.763
30780,0,25,1,127448,0.000,12.622
30790,0,25,1,127538,0.000,12.622
30800,0,25,1,127628,0.000,12.622
30810,0,25,1,127718,0.000,12.622
30820,0,25,1,127808,0.000,12.622
30830,0,25,1,127897,0.000,12.482
30840,0,25,1,127987,0.000,12.622
30850,0,25,1,128077,0.000,12.622
30860,0,25,1,128166,0.000,12.482
30870,0,25,1,128256,0.000,12.622
30880,0,25,1,128346,0.000,12.622
30890,0,25,1,128437,0.000,12.763
30900,0,25,1,128527,0.000,12.622
30910,0,25,1,128618,0.000,12.763
30920,0,25,1,128710,0.000,12.903
30930,0,25,1,128801,0.000,12.763
30940,0,25,1,128894,0.000,13.043
30950,0,25,1,128987,0.000,13.043
30960,0,25,1,129080,0.000,13.043
30970,0,25,1,129174,0.000,13.183
30980,0,25,1,129268,0.000,13.183
30990,0,25,1,129362,0.000,13.183
31000,0,25,1,129456,0.000,13.183
31010,0,25,1,129551,0.000,13.324
31020,0,25,1,129646,0.000,13.324
31030,0,25,1,129741,0.000,13.324
31040,0,25,1,129837,0.000,13.464
31050,0,25,1,129933,0.000,13.464
31060,0,25,1,130029,0.000,13.464
31070,0,25,1,130125,0.000,13.464
31080,0,25,1,130220,0.000,13.324
31090,0,25,1,130316,0.000,13.464
31100,0,25,1,130411,0.000,13.324
31110,0,25,1,130505,0.000,13.183
31120,0,25,1,130600,0.000,13.324
31130,0,25,1,130694,0.000,13.183
31140,0,25,1,130787,0.000,13.043
31150,0,25,1,130881,0.000,13.183
31160,0,25,1,130974,0.000,13.043
31170,0,25,1,131067,0.000,13.043
31180,0,25,1,131160,0.000,13.043
31190,0,25,1,131252,0.000,12.903
31200,0,25,1,131345,0.000,13.043
31210,0,25,1,131437,0.000,12.903
31220,0,25,1,131528,0.000,12.763
31230,0,25,1,131620,0.000,12.903
31240,0,25,1,131711,0.000,12.763
31250,0,25,1,131803,0.000,12.903
31260,0,25,1,131894,0.000,12.763
31270,0,25,1,131985,0.000,12.763
31280,0,25,1,132077,0.000,12.903
31290,0,25,1,132168,0.000,12.763
31300,0,25,1,132260,0.000,12.903
31310,0,25,1,132352,0.000,12.903
31320,0,25,1,132444,0.000,12.903
31330,0,25,1,132536,0.000,12.903
31340,0,25,1,132628,0.000,12.903
31350,0,25,1,132720,0.000,12.903
31360,0,25,1,132813,0.000,13.043
31370,0,25,1,132905,0.000,12.903
31380,0,25,1,132998,0.000,13.043
31390,0,25,1,133090,0.000,12.903
31400,0,25,1,133184,0.000,13.183
31410,0,25,1,133277,0.000,13.043
31420,0,25,1,133370,0.000,13.043
31430,0,25,1,133465,0.000,13.324
31440,0,25,1,133559,0.000,13.183
31450,0,25,1,133654,0.000,13.324
31460,0,25,1,133749,0.000,13.324
31470,0,25,1,133844,0.000,13.324
31480,0,25,1,133940,0.000,13.464
31490,0,25,1,134036,0.000,13.464
31500,0,25,1,134133,0.000,13.604
31510,0,25,1,134230,0.000,13.604
31520,0,25,1,134327,0.000,13.604
31530,0,25,1,134425,0.000,13.744
31540,0,25,1,134522,0.000,13.604
31550,0,25,1,134619,0.000,13.604
31560,0,25,1,134717,0.000,13.744
31570,0,25,1,134814,0.000,13.604
31580,0,25,1,134912,0.000,13.744
31590,0,25,1,135008,0.000,13.464
31600,0,25,1,135104,0.000,13.464
31610,0,25,1,135200,0.000,13.464
31620,0,25,1,135295,0.000,13.324
31630,0,25,1,135390,0.000,13.324
31640,0,25,1,135484,0.000,13.183
31650,0,25,1,135578,0.000,13.183
31660,0,25,1,135671,0.000,13.043
31670,0,25,1,135763,0.000,12.903
31680,0,25,1,135856,0.000,13.043
31690,0,25,1,135948,0.000,12.903
31700,0,25,1,136039,0.000,12.763
31710,0,25,1,136130,0.000,12.763
31720,0,25,1,136222,0.000,12.903
31730,0,25,1,136313,0.000,12.763
31740,0,25,1,136403,0.000,12.622
31750,0,25,1,136494,0.000,12.763
31760,0,25,1,136585,0.000,12.763
31770,0,25,1,136676,0.000,12.763
31780,0,25,1,136768,0.000,12.903
31790,0,25,1,136859,0.000,12.763
31800,0,25,1,136950,0.000,12.763
31810,0,25,1,137042,0.000,12.903
31820,0,25,1,137134,0.000,12.903
31830,0,25,1,137226,0.000,12.903
31840,0,25,1,137319,0.000,13.043
31850,0,25,1,137412,0.000,13.043
31860,0,25,1,137505,0.000,13.043
31870,0,25,1,137598,0.000,13.043
31880,0,25,1,137692,0.000,13.183
31890,0,25,1,137786,0.000,13.183
31900,0,25,1,137880,0.000,13.183
31910,0,25,1,137974,0.000,13.183
31920,0,25,1,138069,0.000,13.324
31930,0,25,1,138163,0.000,13.183
31940,0,25,1,138257,0.000,13.183
31950,0,25,1,138352,0.000,13.324
31960,0,25,1,138446,0.000,13.183
31970,0,25,1,138541,0.000,13.324
31980,0,25,1,138637,0.000,13.464
31990,0,25,1,138733,0.000,13.464
32000,0,25,1,138829,0.000,13.464
32010,0,25,1,138926,0.000,13.604
32020,0,25,1,139022,0.000,13.464
32030,0,25,0,139119,-0.140,13.604
32040,0,25,0,139215,0.000,13.464
32050,0,25,0,139311,0.000,13.464
32060,0,25,0,139408,0.000,13.604
32070,0,25,0,139503,0.000,13.324
32080,0,25,0,139599,0.000,13.464
32090,0,25,0,139694,0.000,13.324
32100,0,25,0,139789,0.000,13.324
32110,0,25,0,139883,0.000,13.183
32120,0,25,0,139977,0.000,13.183
32130,0,25,0,140071,0.000,13.183
32140,0,25,0,140165,0.000,13.183
32150,0,25,0,140257,0.000,12.903
32160,0,25,0,140350,0.000,13.043
32170,0,25,0,140442,0.000,12.903
32180,0,25,0,140534,0.000,12.903
32190,0,25,0,140626,0.000,12.903
32200,0,25,0,140718,0.000,12.903
32210,0,25,0,140809,0.000,12.763
32220,0,25,0,140901,0.000,12.903
32230,0,25,0,140992,0.000,12.763
32240,0,25,0,141084,0.000,12.903
32250,0,25,0,141175,0.000,12.763
32260,0,25,0,141267,0.000,12.903
32270,0,25,0,141359,0.000,12.903
32280,0,25,0,141451,0.000,12.903
32290,0,25,0,141543,0.000,12.903
32300,0,25,0,141636,0.000,13.043
32310,0,25,0,141728,0.000,12.903
32320,0,25,0,141821,0.000,13.043
32330,0,25,0,141914,0.000,13.043
32340,0,25,0,142007,0.000,13.043
32350,0,25,0,142101,0.000,13.183
32360,0,25,0,142194,0.000,13.043
32370,0,25,0,142288,0.000,13.183
32380,0,25,0,142382,0.000,13.183
32390,0,25,0,142476,0.000,13.183
32400,0,25,0,142570,0.000,13.183
32410,0,25,0,142665,0.000,13.324
32420,0,25,0,142759,0.000,13.183
32430,0,25,0,142855,0.000,13.464
32440,0,25,0,142950,0.000,13.324
32450,0,25,0,143046,0.000,13.464
32460,0,25,0,143142,0.000,13.464
32470,0,25,0,143238,0.000,13.464
32480,0,25,0,143334,0.000,13.464
32490,0,25,0,143431,0.000,13.604
32500,0,25,0,143527,0.000,13.464
32510,0,25,0,143623,0.000,13.464
32520,0,25,0,143719,0.000,13.464
32530,0,25,0,143814,0.000,13.324
32540,0,25,0,143909,0.000,13.324
32550,0,25,0,144004,0.000,13.324
32560,0,25,0,144099,0.000,13.324
32570,0,25,0,144193,0.000,13.183
32580,0,25,0,144287,0.000,13.183
32590,0,25,0,144381,0.000,13.183
32600,0,25,0,144474,0.000,13.043
32610,0,25,0,144567,0.000,13.043
32620,0,25,0,144660,0.000,13.043
32630,0,25,0,144752,0.000,12.903
32640,0,25,0,144845,0.000,13.043
32650,0,25,0,144937,0.000,12.903
32660,0,25,0,145029,0.000,12.903
32670,0,25,0,145121,0.000,12.903
32680,0,25,0,145213,0.000,12.903
32690,0,25,0,145305,0.000,12.903
32700,0,25,0,145396,0.000,12.763
32710,0,25,0,145488,0.000,12.903
32720,0,25,0,145579,0.000,12.763
32730,0,25,0,145671,0.000,12.903
32740,0,25,0,145763,0.000,12.903
32750,0,25,0,145855,0.000,12.903
32760,0,25,0,145947,0.000,12.903
32770,0,25,0,146039,0.000,12.903
32780,0,25,0,146131,0.000,12.903
32790,0,25,0,146223,0.000,12.903
32800,0,25,0,146315,0.000,12.903
32810,0,25,0,146408,0.000,13.043
32820,0,25,0,146501,0.000,13.043
32830,0,25,0,146594,0.000,13.043
32840,0,25,0,146687,0.000,13.043
32850,0,25,0,146780,0.000,13.043
32860,0,25,0,146874,0.000,13.183
32870,0,25,0,146968,0.000,13.183
32880,0,25,0,147062,0.000,13.183
32890,0,25,0,147156,0.000,13.183
32900,0,25,0,147249,0.000,13.043
32910,0,25,0,147343,0.000,13.183
32920,0,25,0,147437,0.000,13.183
32930,0,25,0,147531,0.000,13.183
32940,0,25,0,147625,0.000,13.183
32950,0,25,0,147720,0.000,13.324
32960,0,25,0,147816,0.000,13.464
32970,0,25,0,147912,0.000,13.464
32980,0,25,0,148007,0.000,13.324
32990,0,25,0,148103,0.000,13.464
33000,0,25,0,148198,0.000,13.324
33010,0,25,0,148293,0.000,13.324
33020,0,25,0,148388,0.000,13.324
33030,0,25,0,148482,0.000,13.183
33040,0,25,0,148577,0.000,13.324
33050,0,25,0,148671,0.000,13.183
33060,0,25,0,148765,0.000,13.183
33070,0,25,0,148860,0.000,13.324
33080,0,25,0,148953,0.000,13.043
33090,0,25,0,149047,0.000,13.183
33100,0,25,0,149141,0.000,13.183
33110,0,25,0,149234,0.000,13.043
33120,0,25,0,149326,0.000,12.903
33130,0,25,0,149418,0.000,12.903
33140,0,25,0,149511,0.000,13.043
33150,0,25,0,149602,0.000,12.763
33160,0,25,0,149695,0.000,13.043
33170,0,25,0,149787,0.000,12.903
33180,0,25,0,149879,0.000,12.903
33190,0,25,0,149971,0.000,12.903
33200,0,25,0,150062,0.000,12.763
33210,0,25,0,150154,0.000,12.903
33220,0,25,0,150246,0.000,12.903
33230,0,25,0,150338,0.000,12.903
33240,0,25,0,150430,0.000,12.903
33250,0,25,0,150522,0.000,12.903
33260,0,25,0,150614,0.000,12.903
33270,0,25,0,150707,0.000,13.043
33280,0,25,0,150800,0.000,13.043
33290,0,25,0,150893,0.000,13.043
33300,0,25,0,150986,0.000,13.043
33310,0,25,0,151079,0.000,13.043
33320,0,25,0,151173,0.000,13.183
33330,0,25,0,151268,0.000,13.324
33340,0,25,0,151362,0.000,13.183
33350,0,25,0,151457,0.000,13.324
33360,0,25,0,151552,0.000,13.324
33370,0,25,0,151647,0.000,13.324
33380,0,25,0,151742,0.000,13.324
33390,0,25,0,151837,0.000,13.324
33400,0,25,0,151933,0.000,13.464
33410,0,25,0,152029,0.000,13.464
33420,0,25,0,152125,0.000,13.464
33430,0,25,0,152222,0.000,13.604
33440,0,25,0,152319,0.000,13.604
33450,0,25,0,152416,0.000,13.604
33460,0,25,0,152513,0.000,13.604
33470,0,25,0,152609,0.000,13.464
33480,0,25,0,152705,0.000,13.464
33490,0,25,0,152801,0.000,13.464
33500,0,25,0,152897,0.000,13.464
33510,0,25,0,152993,0.000,13.464
33520,0,25,0,153089,0.000,13.464
33530,0,25,0,153183,0.000,13.183
33540,0,25,0,153278,0.000,13.324
33550,0,25,0,153372,0.000,13.183
33560,0,25,0,153465,0.000,13.043
33570,0,25,0,153559,0.000,13.183
33580,0,25,0,153652,0.000,13.043
33590,0,25,0,153745,0.000,13.043
33600,0,25,0,153839,0.000,13.183
33610,0,25,0,153932,0.000,13.043
33620,0,25,0,154024,0.000,12.903
33630,0,25,0,154117,0.000,13.043
33640,0,25,0,154209,0.000,12.903
33650,0,25,0,154301,0.000,12.903
33660,0,25,0,154393,0.000,12.903
33670,0,25,0,154485,0.000,12.903
33680,0,25,0,154577,0.000,12.903
33690,0,25,0,154669,0.000,12.903
33700,0,25,0,154761,0.000,12.903
33710,0,25,0,154854,0.000,13.043
33720,0,25,0,154946,0.000,12.903
33730,0,25,0,155038,0.000,12.903
33740,0,25,0,155130,0.000,12.903
33750,0,25,0,155222,0.000,12.903
33760,0,25,0,155315,0.000,13.043
33770,0,25,0,155407,0.000,12.903
33780,0,25,0,155500,0.000,13.043
33790,0,25,0,155593,0.000,13.043
33800,0,25,0,155686,0.000,13.043
33810,0,25,0,155780,0.000,13.183
33820,0,25,0,155874,0.000,13.183
33830,0,25,0,155968,0.000,13.183
33840,0,25,0,156063,0.000,13.324
33850,0,25,0,156158,0.000,13.324
33860,0,25,0,156253,0.000,13.324
33870,0,25,0,156348,0.000,13.324
33880,0,25,0,156443,0.000,13.324
33890,0,25,0,156540,0.000,13.604
33900,0,25,0,156636,0.000,13.464
33910,0,25,0,156732,0.000,13.464
33920,0,25,0,156829,0.000,13.604
33930,0,25,0,156926,0.000,13.604
33940,0,25,0,157023,0.000,13.604
33950,0,25,0,157119,0.000,13.464
33960,0,25,0,157215,0.000,13.464
33970,0,25,0,157311,0.000,13.464
33980,0,25,0,157407,0.000,13.464
33990,0,25,0,157502,0.000,13.324
34000,0,25,0,157597,0.000,13.324
34010,0,25,0,157691,0.000,13.183
34020,0,25,0,157785,0.000,13.183
34030,0,25,0,157879,0.000,13.183
34040,0,25,0,157973,0.000,13.183
34050,0,25,0,158066,0.000,13.043
34060,0,25,0,158159,0.000,13.043
34070,0,25,0,158251,0.000,12.903
34080,0,25,0,158344,0.000,13.043
34090,0,25,0,158436,0.000,12.903
34100,0,25,0,158528,0.000,12.903
34110,0,25,0,158620,0.000,12.903
34120,0,25,0,158711,0.000,12.763
34130,0,25,0,158803,0.000,12.903
34140,0,25,0,158894,0.000,12.763
34150,0,25,0,158986,0.000,12.903
34160,0,25,0,159077,0.000,12.763
34170,0,25,0,159169,0.000,12.903
34180,0,25,0,159261,0.000,12.903
34190,0,25,0,159353,0.000,12.903
34200,0,25,0,159445,0.000,12.903
34210,0,25,0,159537,0.000,12.903
34220,0,25,0,159630,0.000,13.043
34230,0,25,0,159722,0.000,12.903
34240,0,25,0,159814,0.000,12.903
34250,0,25,0,159907,0.000,13.043
34260,0,25,0,160000,0.000,13.043
34270,0,25,0,160094,0.000,13.183
34280,0,25,0,160187,0.000,13.043
34290,0,25,0,160282,0.000,13.324
34300,0,25,0,160376,0.000,13.183
34310,0,25,0,160470,0.000,13.183
34320,0,25,0,160565,0.000,13.324
34330,0,25,0,160660,0.000,13.324
34340,0,25,0,160755,0.000,13.324
34350,0,25,0,160850,0.000,13.324
34360,0,25,0,160946,0.000,13.464
34370,0,25,0,161042,0.000,13.464
34380,0,25,0,161138,0.000,13.464
34390,0,25,0,161234,0.000,13.464
34400,0,25,0,161331,0.000,13.604
34410,0,25,0,161427,0.000,13.464
34420,0,25,0,161523,0.000,13.464
34430,0,25,0,161619,0.000,13.464
34440,0,25,0,161715,0.000,13.464
34450,0,25,0,161810,0.000,13.324
34460,0,25,0,161906,0.000,13.464
34470,0,25,0,162001,0.000,13.324
34480,0,25,0,162096,0.000,13.324
34490,0,25,0,162190,0.000,13.183
34500,0,25,0,162285,0.000,13.324
34510,0,25,0,162378,0.000,13.043
34520,0,25,0,162472,0.000,13.183
34530,0,25,0,162565,0.000,13.043
34540,0,25,0,162658,0.000,13.043
34550,0,25,0,162750,0.000,12.903
34560,0,25,0,162842,0.000,12.903
34570,0,25,0,162934,0.000,12.903
34580,0,25,0,163026,0.000,12.903
34590,0,25,0,163118,0.000,12.903
34600,0,25,0,163209,0.000,12.763
34610,0,25,0,163300,0.000,12.763
34620,0,25,0,163392,0.000,12.903
34630,0,25,0,163484,0.000,12.903
34640,0,25,0,163576,0.000,12.903
34650,0,25,0,163668,0.000,12.903
34660,0,25,0,163760,0.000,12.903
34670,0,25,0,163852,0.000,12.903
34680,0,25,0,163944,0.000,12.903
34690,0,25,0,164037,0.000,13.043
34700,0,25,0,164130,0.000,13.043
34710,0,25,0,164222,0.000,12.903
34720,0,25,0,164315,0.000,13.043
34730,0,25,0,164408,0.000,13.043
34740,0,25,0,164502,0.000,13.183
34750,0,25,0,164595,0.000,13.043
34760,0,25,0,164689,0.000,13.183
34770,0,25,0,164783,0.000,13.183
34780,0,25,0,164877,0.000,13.183
34790,0,25,0,164972,0.000,13.324
34800,0,25,0,165067,0.000,13.324
34810,0,25,0,165162,0.000,13.324
34820,0,25,0,165258,0.000,13.464
34830,0,25,0,165353,0.000,13.324
34840,0,25,0,165449,0.000,13.464
34850,0,25,0,165545,0.000,13.464
34860,0,25,0,165642,0.000,13.604
34870,0,25,0,165738,0.000,13.464
34880,0,25,0,165835,0.000,13.604
34890,0,25,0,165931,0.000,13.464
34900,0,25,0,166028,0.000,13.604
34910,0,25,0,166124,0.000,13.464
34920,0,25,0,166220,0.000,13.464
34930,0,25,0,166315,0.000,13.324
34940,0,25,0,166410,0.000,13.324
34950,0,25,0,166506,0.000,13.464
34960,0,25,0,166601,0.000,13.324
34970,0,25,0,166696,0.000,13.324
34980,0,25,0,166791,0.000,13.324
34990,0,25,0,166885,0.000,13.183
35000,0,25,0,166980,0.000,13.324
35010,0,25,0,167074,0.000,13.183
35020,0,25,0,167168,0.000,13.183
35030,0,25,0,167261,0.000,13.043
35040,0,25,0,167354,0.000,13.043
35050,0,25,0,167447,0.000,13.043
35060,0,25,0,167540,0.000,13.043
35070,0,25,0,167633,0.000,13.043
35080,0,25,0,167726,0.000,13.043
35090,0,25,0,167818,0.000,12.903
35100,0,25,0,167911,0.000,13.043
35110,0,25,0,168004,0.000,13.043
35120,0,25,0,168096,0.000,12.903
35130,0,25,0,168189,0.000,13.043
35140,0,25,0,168281,0.000,12.903
35150,0,25,0,168373,0.000,12.903
35160,0,25,0,168465,0.000,12.903
35170,0,25,0,168557,0.000,12.903
35180,0,25,0,168649,0.000,12.903
35190,0,25,0,168741,0.000,12.903
35200,0,25,0,168833,0.000,12.903
35210,0,25,0,168925,0.000,12.903
35220,0,25,0,169018,0.000,13.043
35230,0,25,0,169110,0.000,12.903
35240,0,25,0,169202,0.000,12.903
35250,0,25,0,169296,0.000,13.183
35260,0,25,0,169389,0.000,13.043
35270,0,25,0,169482,0.000,13.043
35280,0,25,0,169576,0.000,13.183
35290,0,25,0,169670,0.000,13.183
35300,0,25,0,169764,0.000,13.183
35310,0,25,0,169859,0.000,13.324
35320,0,25,0,169954,0.000,13.324
35330,0,25,0,170049,0.000,13.324
35340,0,25,0,170145,0.000,13.464
35350,0,25,0,170241,0.000,13.464
35360,0,25,0,170337,0.000,13.464
35370,0,25,0,170433,0.000,13.464
35380,0,25,0,170529,0.000,13.464
35390,0,25,0,170624,0.000,13.324
35400,0,25,0,170719,0.000,13.324
35410,0,25,0,170814,0.000,13.324
35420,0,25,0,170909,0.000,13.324
35430,0,25,0,171002,0.000,13.043
35440,0,25,0,171096,0.000,13.183
35450,0,25,0,171189,0.000,13.043
35460,0,25,0,171282,0.000,13.043
35470,0,25,0,171375,0.000,13.043
35480,0,25,0,171467,0.000,12.903
35490,0,25,0,171559,0.000,12.903
35500,0,25,0,171651,0.000,12.903
35510,0,25,0,171742,0.000,12.763
35520,0,25,0,171833,0.000,12.763
35530,0,25,0,171924,0.000,12.763
35540,0,25,0,172014,0.000,12.622
35550,0,25,0,172105,0.000,12.763
35560,0,25,0,172196,0.000,12.763
35570,0,25,0,172286,0.000,12.622
35580,0,25,0,172377,0.000,12.763
35590,0,25,0,172468,0.000,12.763
35600,0,25,0,172559,0.000,12.763
35610,0,25,0,172650,0.000,12.763
35620,0,25,0,172741,0.000,12.763
35630,0,25,0,172832,0.000,12.763
35640,0,25,0,172923,0.000,12.763
35650,0,25,0,173014,0.000,12.763
35660,0,25,0,173104,0.000,12.622
35670,0,25,0,173195,0.000,12.763
35680,0,25,0,173286,0.000,12.763
35690,0,25,0,173378,0.000,12.903
35700,0,25,0,173469,0.000,12.763
35710,0,25,0,173561,0.000,12.903
35720,0,25,0,173653,0.000,12.903
35730,0,25,0,173746,0.000,13.043
35740,0,25,0,173839,0.000,13.043
35750,0,25,0,173932,0.000,13.043
35760,0,25,0,174026,0.000,13.183
35770,0,25,0,174120,0.000,13.183
35780,0,25,0,174215,0.000,13.324
35790,0,25,0,174309,0.000,13.183
35800,0,25,0,174404,0.000,13.324
35810,0,25,0,174499,0.000,13.324
35820,0,25,0,174595,0.000,13.464
35830,0,25,0,174690,0.000,13.324
35840,0,25,0,174786,0.000,13.464
35850,0,25,0,174882,0.000,13.464
35860,0,25,0,174977,0.000,13.324
35870,0,25,0,175072,0.000,13.324
35880,0,25,0,175166,0.000,13.183
35890,0,25,0,175261,0.000,13.324
35900,0,25,0,175354,0.000,13.043
35910,0,25,0,175448,0.000,13.183
35920,0,25,0,175541,0.000,13.043
35930,0,25,0,175634,0.000,13.043
35940,0,25,0,175727,0.000,13.043
35950,0,25,0,175820,0.000,13.043
35960,0,25,0,175912,0.000,12.903
35970,0,25,0,176004,0.000,12.903
35980,0,25,0,176096,0.000,12.903
35990,0,25,0,176187,0.000,12.763
36000,0,25,0,176278,0.000,12.763
36010,0,0,0,176369,0.000,12.763
36020,0,0,0,176459,0.000,12.622
36030,0,0,0,176548,0.000,12.482
36040,0,0,0,176632,0.000,11.781
36050,0,0,0,176707,0.000,10.519
36060,0,0,0,176770,0.000,8.836
36070,0,0,0,176820,0.000,7.012
36080,0,0,0,176858,0.000,5.329
36090,0,0,0,176887,0.000,4.067
36100,0,0,0,176908,0.000,2.945
36110,0,0,0,176923,0.000,2.104
36120,0,0,0,176933,0.000,1.402
36130,0,0,0,176939,0.000,0.841
36140,0,0,0,176943,0.000,0.561
36150,0,0,0,176945,0.000,0.280
36160,0,0,0,176945,0.000,0.000
36170,0,0,0,176945,0.000,0.000
36180,0,0,0,176945,0.000,0.000
36190,0,0,0,176945,0.000,0.000
36200,0,0,0,176945,0.000,0.000
36210,0,0,0,176945,0.000,0.000
36220,0,0,0,176945,0.000,0.000
36230,0,0,0,176945,0.000,0.000
36240,0,0,0,176945,0.000,0.000
36250,0,0,0,176945,0.000,0.000
36260,0,0,0,176945,0.000,0.000
36270,0,0,0,176945,0.000,0.000
36280,0,0,0,176945,0.000,0.000
36290,0,0,0,176945,0.000,0.000
36300,0,0,0,176945,0.000,0.000
36310,0,0,0,176945,0.000,0.000
36320,0,0,0,176945,0.000,0.000
36330,0,0,0,176945,0.000,0.000
36340,0,0,0,176945,0.000,0.000
36350,0,0,0,176945,0.000,0.000
36360,0,0,0,176945,0.000,0.000
36370,0,0,0,176945,0.000,0.000
36380,0,0,0,176945,0.000,0.000
36390,0,0,0,176945,0.000,0.000
36400,0,0,0,176945,0.000,0.000
36410,0,0,0,176945,0.000,0.000
36420,0,0,0,176945,0.000,0.000
36430,0,0,0,176945,0.000,0.000
36440,0,0,0,176945,0.000,0.000
36450,0,0,0,176945,0.000,0.000
36460,0,0,0,176945,0.000,0.000
36470,0,0,0,176945,0.000,0.000
36480,0,0,0,176945,0.000,0.000
36490,0,0,0,176945,0.000,0.000
36500,0,0,0,176945,0.000,0.000
36510,0,0,0,176945,0.000,0.000
36520,0,0,0,176945,0.000,0.000
36530,0,0,0,176945,0.000,0.000
36540,0,0,0,176945,0.000,0.000
36550,0,0,0,176945,0.000,0.000
36560,0,0,0,176945,0.000,0.000
36570,0,0,0,176945,0.000,0.000
36580,0,0,0,176945,0.000,0.000
36590,0,0,0,176945,0.000,0.000
36600,0,0,0,176945,0.000,0.000
36610,0,0,0,176945,0.000,0.000
36620,0,0,0,176945,0.000,0.000
36630,0,0,0,176945,0.000,0.000
36640,0,0,0,176945,0.000,0.000
36650,0,0,0,176945,0.000,0.000
36660,0,0,0,176945,0.000,0.000
36670,0,0,0,176945,0.000,0.000
36680,0,0,0,176945,0.000,0.000
36690,0,0,0,176945,0.000,0.000
36700,0,0,0,176945,0.000,0.000
36710,0,0,0,176945,0.000,0.000
36720,0,0,0,176945,0.000,0.000
36730,0,0,0,176945,0.000,0.000
36740,0,0,0,176945,0.000,0.000
36750,0,0,0,176945,0.000,0.000
36760,0,0,0,176945,0.000,0.000
36770,0,0,0,176945,0.000,0.000
36780,0,0,0,176945,0.000,0.000
36790,0,0,0,176945,0.000,0.000
36800,0,0,0,176945,0.000,0.000
36810,0,0,0,176945,0.000,0.000
36820,0,0,0,176945,0.000,0.000
36830,0,0,0,176945,0.000,0.000
36840,0,0,0,176945,0.000,0.000
36850,0,0,0,176945,0.000,0.000
36860,0,0,0,176945,0.000,0.000
36870,0,0,0,176945,0.000,0.000
36880,0,0,0,176945,0.000,0.000
36890,0,0,0,176945,0.000,0.000
36900,0,0,0,176945,0.000,0.000
36910,0,0,0,176945,0.000,0.000
36920,0,0,0,176945,0.000,0.000
36930,0,0,0,176945,0.000,0.000
36940,0,0,0,176945,0.000,0.000
36950,0,0,0,176945,0.000,0.000
36960,0,0,0,176945,0.000,0.000
36970,0,0,0,176945,0.000,0.000
36980,0,0,0,176945,0.000,0.000
36990,0,0,0,176945,0.000,0.000
37000,0,0,0,176945,0.000,0.000
37010,0,0,0,176945,0.000,0.000
37020,0,0,0,176945,0.000,0.000
37030,0,0,0,176945,0.000,0.000
37040,0,0,0,176945,0.000,0.000
37050,0,0,0,176945,0.000,0.000
37060,0,0,0,176945,0.000,0.000
37070,0,0,0,176945,0.000,0.000
37080,0,0,0,176945,0.000,0.000
37090,0,0,0,176945,0.000,0.000
37100,0,0,0,176945,0.000,0.000
37110,0,0,0,176945,0.000,0.000
37120,0,0,0,176945,0.000,0.000
37130,0,0,0,176945,0.000,0.000
37140,0,0,0,176945,0.000,0.000
37150,0,0,0,176945,0.000,0.000
37160,0,0,0,176945,0.000,0.000
37170,0,0,0,176945,0.000,0.000
37180,0,0,0,176945,0.000,0.000
37190,0,0,0,176945,0.000,0.000
37200,0,0,0,176945,0.000,0.000
37210,0,0,0,176945,0.000,0.000
37220,0,0,0,176945,0.000,0.000
37230,0,0,0,176945,0.000,0.000
37240,0,0,0,176945,0.000,0.000
37250,0,0,0,176945,0.000,0.000
37260,0,0,0,176945,0.000,0.000
37270,0,0,0,176945,0.000,0.000
37280,0,0,0,176945,0.000,0.000
37290,0,0,0,176945,0.000,0.000
37300,0,0,0,176945,0.000,0.000
37310,0,0,0,176945,0.000,0.000
37320,0,0,0,176945,0.000,0.000
37330,0,0,0,176945,0.000,0.000
37340,0,0,0,176945,0.000,0.000
37350,0,0,0,176945,0.000,0.000
37360,0,0,0,176945,0.000,0.000
37370,0,0,0,176945,0.000,0.000
37380,0,0,0,176945,0.000,0.000
37390,0,0,0,176945,0.000,0.000
37400,0,0,0,176945,0.000,0.000
37410,0,0,0,176945,0.000,0.000
37420,0,0,0,176945,0.000,0.000
37430,0,0,0,176945,0.000,0.000
37440,0,0,0,176945,0.000,0.000
37450,0,0,0,176945,0.000,0.000
37460,0,0,0,176945,0.000,0.000
37470,0,0,0,176945,0.000,0.000
37480,0,0,0,176945,0.000,0.000
37490,0,0,0,176945,0.000,0.000
37500,0,0,0,176945,0.000,0.000
37510,0,0,0,176945,0.000,0.000
37520,0,0,0,176945,0.000,0.000
37530,0,0,0,176945,0.000,0.000
37540,0,0,0,176945,0.000,0.000
37550,0,0,0,176945,0.000,0.000
37560,0,0,0,176945,0.000,0.000
37570,0,0,0,176945,0.000,0.000
37580,0,0,0,176945,0.000,0.000
37590,0,0,0,176945,0.000,0.000
37600,0,0,0,176945,0.000,0.000
37610,0,0,0,176945,0.000,0.000
37620,0,0,0,176945,0.000,0.000
37630,0,0,0,176945,0.000,0.000
37640,0,0,0,176945,0.000,0.000
37650,0,0,0,176945,0.000,0.000
37660,0,0,0,176945,0.000,0.000
37670,0,0,0,176945,0.000,0.000
37680,0,0,0,176945,0.000,0.000
37690,0,0,0,176945,0.000,0.000
37700,0,0,0,176945,0.000,0.000
37710,0,0,0,176945,0.000,0.000
37720,0,0,0,176945,0.000,0.000
37730,0,0,0,176945,0.000,0.000
37740,0,0,0,176945,0.000,0.000
37750,0,0,0,176945,0.000,0.000
37760,0,0,0,176945,0.000,0.000
37770,0,0,0,176945,0.000,0.000
37780,0,0,0,176945,0.000,0.000
37790,0,0,0,176945,0.000,0.000
37800,0,0,0,176945,0.000,0.000
37810,0,0,0,176945,0.000,0.000
37820,0,0,0,176945,0.000,0.000
37830,0,0,0,176945,0.000,0.000
37840,0,0,0,176945,0.000,0.000
37850,0,0,0,176945,0.000,0.000
37860,0,0,0,176945,0.000,0.000
37870,0,0,0,176945,0.000,0.000
37880,0,0,0,176945,0.000,0.000
37890,0,0,0,176945,0.000,0.000
37900,0,0,0,176945,0.000,0.000
37910,0,0,0,176945,0.000,0.000
37920,0,0,0,176945,0.000,0.000
37930,0,0,0,176945,0.000,0.000
37940,0,0,0,176945,0.000,0.000
37950,0,0,0,176945,0.000,0.000
37960,0,0,0,176945,0.000,0.000
37970,0,0,0,176945,0.000,0.000
37980,0,0,0,176945,0.000,0.000
37990,0,0,0,176945,0.000,0.000
38000,0,0,0,176945,0.000,0.000
38010,0,0,0,176945,0.000,0.000
38020,0,0,0,176945,0.000,0.000
38030,0,0,0,176945,0.000,0.000
38040,0,0,0,176945,0.000,0.000
38050,0,0,0,176945,0.000,0.000
38060,0,0,0,176945,0.000,0.000
38070,0,0,0,176945,0.000,0.000
38080,0,0,0,176945,0.000,0.000
38090,0,0,0,176945,0.000,0.000
38100,0,0,0,176945,0.000,0.000
38110,0,0,0,176945,0.000,0.000
38120,0,0,0,176945,0.000,0.000
38130,0,0,0,176945,0.000,0.000
38140,0,0,0,176945,0.000,0.000
38150,0,0,0,176945,0.000,0.000
38160,0,0,0,176945,0.000,0.000
38170,0,0,0,176945,0.000,0.000
38180,0,0,0,176945,0.000,0.000
38190,0,0,0,176945,0.000,0.000
38200,0,0,0,176945,0.000,0.000
38210,0,0,0,176945,0.000,0.000
38220,0,0,0,176945,0.000,0.000
38230,0,0,0,176945,0.000,0.000
38240,0,0,0,176945,0.000,0.000
38250,0,0,0,176945,0.000,0.000
38260,0,0,0,176945,0.000,0.000
38270,0,0,0,176945,0.000,0.000
38280,0,0,0,176945,0.000,0.000
38290,0,0,0,176945,0.000,0.000
38300,0,0,0,176945,0.000,0.000
38310,0,0,0,176945,0.000,0.000
38320,0,0,0,176945,0.000,0.000
38330,0,0,0,176945,0.000,0.000
38340,0,0,0,176945,0.000,0.000
38350,0,0,0,176945,0.000,0.000
38360,0,0,0,176945,0.000,0.000
38370,0,0,0,176945,0.000,0.000
38380,0,0,0,176945,0.000,0.000
38390,0,0,0,176945,0.000,0.000
38400,0,0,0,176945,0.000,0.000
38410,0,0,0,176945,0.000,0.000
38420,0,0,0,176945,0.000,0.000
38430,0,0,0,176945,0.000,0.000
38440,0,0,0,176945,0.000,0.000
38450,0,0,0,176945,0.000,0.000
38460,0,0,0,176945,0.000,0.000
38470,0,0,0,176945,0.000,0.000
38480,0,0,0,176945,0.000,0.000
38490,0,0,0,176945,0.000,0.000
38500,0,0,0,176945,0.000,0.000
38510,0,0,0,176945,0.000,0.000
38520,0,0,0,176945,0.000,0.000
38530,0,0,0,176945,0.000,0.000
38540,0,0,0,176945,0.000,0.000
38550,0,0,0,176945,0.000,0.000
38560,0,0,0,176945,0.000,0.000
38570,0,0,0,176945,0.000,0.000
38580,0,0,0,176945,0.000,0.000
38590,0,0,0,176945,0.000,0.000
38600,0,0,0,176945,0.000,0.000
38610,0,0,0,176945,0.000,0.000
38620,0,0,0,176945,0.000,0.000
38630,0,0,0,176945,0.000,0.000
38640,0,0,0,176945,0.000,0.000
38650,0,0,0,176945,0.000,0.000
38660,0,0,0,176945,0.000,0.000
38670,0,0,0,176945,0.000,0.000
38680,0,0,0,176945,0.000,0.000
38690,0,0,0,176945,0.000,0.000
38700,0,0,0,176945,0.000,0.000
38710,0,0,0,176945,0.000,0.000
38720,0,0,0,176945,0.000,0.000
38730,0,0,0,176945,0.000,0.000
38740,0,0,0,176945,0.000,0.000
38750,0,0,0,176945,0.000,0.000
38760,0,0,0,176945,0.000,0.000
38770,0,0,0,176945,0.000,0.000
38780,0,0,0,176945,0.000,0.000
38790,0,0,0,176945,0.000,0.000
38800,0,0,0,176945,0.000,0.000
38810,0,0,0,176945,0.000,0.000
38820,0,0,0,176945,0.000,0.000
38830,0,0,0,176945,0.000,0.000
38840,0,0,0,176945,0.000,0.000
38850,0,0,0,176945,0.000,0.000
38860,0,0,0,176945,0.000,0.000
38870,0,0,0,176945,0.000,0.000
38880,0,0,0,176945,0.000,0.000
38890,0,0,0,176945,0.000,0.000
38900,0,0,0,176945,0.000,0.000
38910,0,0,0,176945,0.000,0.000
38920,0,0,0,176945,0.000,0.000
38930,0,0,0,176945,0.000,0.000
38940,0,0,0,176945,0.000,0.000
38950,0,0,0,176945,0.000,0.000
38960,0,0,0,176945,0.000,0.000
38970,0,0,0,176945,0.000,0.000
38980,0,0,0,176945,0.000,0.000
38990,0,0,0,176945,0.000,0.000
39000,0,0,0,176945,0.000,0.000
39010,0,-3,0,176945,0.000,0.000
39020,0,-3,0,176945,0.000,0.000
39030,0,-3,0,176945,0.000,0.000
39040,0,-3,0,176945,0.000,0.000
39050,0,-3,0,176944,0.000,-0.140
39060,0,-3,0,176943,0.000,-0.140
39070,0,-3,0,176941,0.000,-0.280
39080,0,-3,0,176937,0.000,-0.561
39090,0,-3,0,176933,0.000,-0.561
39100,0,-3,0,176928,0.000,-0.701
39110,0,-3,0,176924,0.000,-0.561
39120,0,-3,0,176921,0.000,-0.421
39130,0,-3,0,176918,0.000,-0.421
39140,0,-3,0,176915,0.000,-0.421
39150,0,-3,0,176913,0.000,-0.280
39160,0,-3,0,176913,0.000,0.000
39170,0,-3,0,176913,0.000,0.000
39180,0,-3,0,176913,0.000,0.000
39190,0,-3,0,176913,0.000,0.000
39200,0,-3,0,176913,0.000,0.000
39210,0,-3,0,176913,0.000,0.000
39220,0,-3,0,176913,0.000,0.000
39230,0,-3,0,176913,0.000,0.000
39240,0,-3,0,176913,0.000,0.000
39250,0,-3,0,176913,0.000,0.000
39260,0,-3,0,176913,0.000,0.000
39270,0,-3,0,176913,0.000,0.000
39280,0,-3,0,176913,0.000,0.000
39290,0,-3,0,176913,0.000,0.000
39300,0,-3,0,176913,0.000,0.000
39310,0,-3,0,176913,0.000,0.000
39320,0,-3,0,176913,0.000,0.000
39330,0,-3,0,176913,0.000,0.000
39340,0,-3,0,176913,0.000,0.000
39350,0,-3,0,176913,0.000,0.000
39360,0,-3,0,176913,0.000,0.000
39370,0,-3,0,176913,0.000,0.000
39380,0,-3,0,176913,0.000,0.000
39390,0,-3,0,176913,0.000,0.000
39400,0,-3,0,176913,0.000,0.000
39410,0,-3,0,176913,0.000,0.000
39420,0,-3,0,176913,0.000,0.000
39430,0,-3,0,176913,0.000,0.000
39440,0,-3,0,176913,0.000,0.000
39450,0,-3,0,176913,0.000,0.000
39460,0,-3,0,176913,0.000,0.000
39470,0,-3,0,176913,0.000,0.000
39480,0,-3,0,176913,0.000,0.000
39490,0,-3,0,176913,0.000,0.000
39500,0,-3,0,176913,0.000,0.000
39510,0,-3,0,176913,0.000,0.000
39520,0,-3,0,176913,0.000,0.000
39530,0,-3,0,176913,0.000,0.000
39540,0,-3,0,176913,0.000,0.000
39550,0,-3,0,176913,0.000,0.000
39560,0,-3,0,176913,0.000,0.000
39570,0,-3,0,176913,0.000,0.000
39580,0,-3,0,176913,0.000,0.000
39590,0,-3,0,176913,0.000,0.000
39600,0,-3,0,176913,0.000,0.000
39610,0,-3,0,176913,0.000,0.000
39620,0,-3,0,176913,0.000,0.000
39630,0,-3,0,176913,0.000,0.000
39640,0,-3,0,176913,0.000,0.000
39650,0,-3,0,176913,0.000,0.000
39660,0,-3,0,176913,0.000,0.000
39670,0,-3,0,176913,0.000,0.000
39680,0,-3,0,176913,0.000,0.000
39690,0,-3,0,176913,0.000,0.000
39700,0,-3,0,176913,0.000,0.000
39710,0,-3,0,176913,0.000,0.000
39720,0,-3,0,176913,0.000,0.000
39730,0,-3,0,176913,0.000,0.000
39740,0,-3,0,176913,0.000,0.000
39750,0,-3,0,176913,0.000,0.000
39760,0,-3,0,176913,0.000,0.000
39770,0,-3,0,176913,0.000,0.000
39780,0,-3,0,176913,0.000,0.000
39790,0,-3,0,176913,0.000,0.000
39800,0,-3,0,176913,0.000,0.000
39810,0,-3,0,176913,0.000,0.000
39820,0,-3,0,176913,0.000,0.000
39830,0,-3,0,176913,0.000,0.000
39840,0,-3,0,176913,0.000,0.000
39850,0,-3,0,176913,0.000,0.000
39860,0,-3,0,176913,0.000,0.000
39870,0,-3,0,176913,0.000,0.000
39880,0,-3,0,176913,0.000,0.000
39890,0,-3,0,176913,0.000,0.000
39900,0,-3,0,176913,0.000,0.000
39910,0,-3,0,176913,0.000,0.000
39920,0,-3,0,176913,0.000,0.000
39930,0,-3,0,176913,0.000,0.000
39940,0,-3,0,176913,0.000,0.000
39950,0,-3,0,176913,0.000,0.000
39960,0,-3,0,176913,0.000,0.000
39970,0,-3,0,176913,0.000,0.000
39980,0,-3,0,176913,0.000,0.000
39990,0,-3,0,176913,0.000,0.000
40000,0,-3,0,176913,0.000,0.000
40010,0,-3,0,176913,0.000,0.000
40020,0,-3,0,176913,0.000,0.000
40030,0,-3,0,176913,0.000,0.000
40040,0,-3,0,176913,0.000,0.000
40050,0,-3,0,176913,0.000,0.000
40060,0,-3,0,176913,0.000,0.000
40070,0,-3,0,176913,0.000,0.000
40080,0,-3,0,176913,0.000,0.000
40090,0,-3,0,176913,0.000,0.000
40100,0,-3,0,176913,0.000,0.000
40110,0,-3,0,176913,0.000,0.000
40120,0,-3,0,176913,0.000,0.000
40130,0,-3,0,176913,0.000,0.000
40140,0,-3,0,176913,0.000,0.000
40150,0,-3,0,176913,0.000,0.000
40160,0,-3,0,176913,0.000,0.000
40170,0,-3,0,176913,0.000,0.000
40180,0,-3,0,176913,0.000,0.000
40190,0,-3,0,176913,0.000,0.000
40200,0,-3,0,176913,0.000,0.000
40210,0,-3,0,176913,0.000,0.000
40220,0,-3,0,176913,0.000,0.000
40230,0,-3,0,176913,0.000,0.000
40240,0,-3,0,176913,0.000,0.000
40250,0,-3,0,176913,0.000,0.000
40260,0,-3,0,176913,0.000,0.000
40270,0,-3,0,176913,0.000,0.000
40280,0,-3,0,176913,0.000,0.000
40290,0,-3,0,176913,0.000,0.000
40300,0,-3,0,176913,0.000,0.000
40310,0,-3,0,176913,0.000,0.000
40320,0,-3,0,176913,0.000,0.000
40330,0,-3,0,176913,0.000,0.000
40340,0,-3,0,176913,0.000,0.000
40350,0,-3,0,176913,0.000,0.000
40360,0,-3,0,176913,0.000,0.000
40370,0,-3,0,176913,0.000,0.000
40380,0,-3,0,176913,0.000,0.000
40390,0,-3,0,176913,0.000,0.000
40400,0,-3,0,176913,0.000,0.000
40410,0,-3,0,176913,0.000,0.000
40420,0,-3,0,176913,0.000,0.000
40430,0,-3,0,176913,0.000,0.000
40440,0,-3,0,176913,0.000,0.000
40450,0,-3,0,176913,0.000,0.000
40460,0,-3,0,176913,0.000,0.000
40470,0,-3,0,176913,0.000,0.000
40480,0,-3,0,176913,0.000,0.000
40490,0,-3,0,176913,0.000,0.000
40500,0,-3,0,176913,0.000,0.000
40510,0,-6,0,176913,0.000,0.000
40520,0,-6,0,176913,0.000,0.000
40530,0,-6,0,176912,0.000,-0.140
40540,0,-6,0,176912,0.000,0.000
40550,0,-6,0,176910,0.000,-0.280
40560,0,-6,0,176906,0.000,-0.561
40570,0,-6,0,176900,0.000,-0.841
40580,0,-6,0,176893,0.000,-0.982
40590,0,-6,0,176886,0.000,-0.982
40600,0,-6,0,176877,0.000,-1.262
40610,0,-6,0,176868,0.000,-1.262
40620,0,-6,0,176858,0.000,-1.402
40630,0,-6,0,176848,0.000,-1.402
40640,0,-6,0,176837,0.000,-1.543
40650,0,-6,0,176826,0.000,-1.543
40660,0,-6,0,176814,0.000,-1.683
40670,0,-6,0,176803,0.000,-1.543
40680,0,-6,0,176792,0.000,-1.543
40690,0,-6,0,176780,0.000,-1.683
40700,0,-6,0,176769,0.000,-1.543
40710,0,-6,0,176759,0.000,-1.402
40720,0,-6,0,176748,0.000,-1.543
40730,0,-6,0,176737,0.000,-1.543
40740,0,-6,0,176725,0.000,-1.683
40750,0,-6,0,176713,0.000,-1.683
40760,0,-6,0,176701,0.000,-1.683
40770,0,-6,0,176690,0.000,-1.543
40780,0,-6,0,176678,0.000,-1.683
40790,0,-6,0,176666,0.000,-1.683
40800,0,-6,0,176655,0.000,-1.543
40810,0,-6,0,176644,0.000,-1.543
40820,0,-6,0,176633,0.000,-1.543
40830,0,-6,0,176622,0.000,-1.543
40840,0,-6,0,176610,0.000,-1.683
40850,0,-6,0,176598,0.000,-1.683
40860,0,-6,0,176586,0.000,-1.683
40870,0,-6,0,176574,0.000,-1.683
40880,0,-6,0,176563,0.000,-1.543
40890,0,-6,0,176552,0.000,-1.543
40900,0,-6,1,176542,0.140,-1.402
40910,0,-6,1,176533,0.000,-1.262
40920,0,-6,1,176525,0.000,-1.122
40930,0,-6,1,176517,0.000,-1.122
40940,0,-6,1,176508,0.000,-1.262
40950,0,-6,1,176498,0.000,-1.402
40960,0,-6,1,176487,0.000,-1.543
40970,0,-6,1,176477,0.000,-1.402
40980,0,-6,1,176466,0.000,-1.543
40990,0,-6,1,176455,0.000,-1.543
41000,0,-6,1,176444,0.000,-1.543
41010,0,-6,1,176433,0.000,-1.543
41020,0,-6,1,176422,0.000,-1.543
41030,0,-6,1,176410,0.000,-1.683
41040,0,-6,1,176398,0.000,-1.683
41050,0,-6,1,176386,0.000,-1.683
41060,0,-6,1,176374,0.000,-1.683
41070,0,-6,1,176362,0.000,-1.683
41080,0,-6,1,176351,0.000,-1.543
41090,0,-6,1,176340,0.000,-1.543
41100,0,-6,1,176329,0.000,-1.543
41110,0,-6,1,176318,0.000,-1.543
41120,0,-6,1,176307,0.000,-1.543
41130,0,-6,1,176296,0.000,-1.543
41140,0,-6,1,176285,0.000,-1.543
41150,0,-6,1,176273,0.000,-1.683
41160,0,-6,1,176261,0.000,-1.683
41170,0,-6,1,176250,0.000,-1.543
41180,0,-6,1,176239,0.000,-1.543
41190,0,-6,1,176228,0.000,-1.543
41200,0,-6,1,176217,0.000,-1.543
41210,0,-6,1,176206,0.000,-1.543
41220,0,-6,1,176194,0.000,-1.683
41230,0,-6,1,176182,0.000,-1.683
41240,0,-6,1,176170,0.000,-1.683
41250,0,-6,1,176158,0.000,-1.683
41260,0,-6,1,176146,0.000,-1.683
41270,0,-6,1,176134,0.000,-1.683
41280,0,-6,1,176122,0.000,-1.683
41290,0,-6,1,176110,0.000,-1.683
41300,0,-6,1,176099,0.000,-1.543
41310,0,-6,1,176087,0.000,-1.683
41320,0,-6,1,176076,0.000,-1.543
41330,0,-6,1,176064,0.000,-1.683
41340,0,-6,1,176051,0.000,-1.823
41350,0,-6,1,176038,0.000,-1.823
41360,0,-6,1,176026,0.000,-1.683
41370,0,-6,1,176013,0.000,-1.823
41380,0,-6,1,176001,0.000,-1.683
41390,0,-6,1,175988,0.000,-1.823
41400,0,-6,1,175976,0.000,-1.683
41410,0,-6,1,175964,0.000,-1.683
41420,0,-6,1,175953,0.000,-1.543
41430,0,-6,1,175940,0.000,-1.823
41440,0,-6,1,175928,0.000,-1.683
41450,0,-6,1,175916,0.000,-1.683
41460,0,-6,1,175904,0.000,-1.683
41470,0,-6,1,175892,0.000,-1.683
41480,0,-6,1,175880,0.000,-1.683
41490,0,-6,1,175868,0.000,-1.683
41500,0,-6,1,175856,0.000,-1.683
41510,0,-6,1,175844,0.000,-1.683
41520,0,-6,1,175832,0.000,-1.683
41530,0,-6,1,175819,0.000,-1.823
41540,0,-6,1,175806,0.000,-1.823
41550,0,-6,1,175792,0.000,-1.963
41560,0,-6,1,175779,0.000,-1.823
41570,0,-6,1,175766,0.000,-1.823
41580,0,-6,1,175753,0.000,-1.823
41590,0,-6,1,175740,0.000,-1.823
41600,0,-6,1,175726,0.000,-1.963
41610,0,-6,1,175712,0.000,-1.963
41620,0,-6,1,175698,0.000,-1.963
41630,0,-6,1,175685,0.000,-1.823
41640,0,-6,1,175671,0.000,-1.963
41650,0,-6,1,175657,0.000,-1.963
41660,0,-6,1,175644,0.000,-1.823
41670,0,-6,1,175631,0.000,-1.823
41680,0,-6,1,175618,0.000,-1.823
41690,0,-6,1,175604,0.000,-1.963
41700,0,-6,1,175590,0.000,-1.963
41710,0,-6,1,175577,0.000,-1.823
41720,0,-6,1,175563,0.000,-1.963
41730,0,-6,1,175550,0.000,-1.823
41740,0,-6,1,175536,0.000,-1.963
41750,0,-6,1,175523,0.000,-1.823
41760,0,-6,1,175509,0.000,-1.963
41770,0,-6,1,175495,0.000,-1.963
41780,0,-6,1,175481,0.000,-1.963
41790,0,-6,1,175466,0.000,-2.104
41800,0,-6,1,175452,0.000,-1.963
41810,0,-6,1,175438,0.000,-1.963
41820,0,-6,1,175425,0.000,-1.823
41830,0,-6,1,175411,0.000,-1.963
41840,0,-6,1,175397,0.000,-1.963
41850,0,-6,1,175383,0.000,-1.963
41860,0,-6,1,175369,0.000,-1.963
41870,0,-6,1,175354,0.000,-2.104
41880,0,-6,1,175340,0.000,-1.963
41890,0,-6,1,175326,0.000,-1.963
41900,0,-6,1,175312,0.000,-1.963
41910,0,-6,1,175298,0.000,-1.963
41920,0,-6,1,175284,0.000,-1.963
41930,0,-6,1,175270,0.000,-1.963
41940,0,-6,1,175255,0.000,-2.104
41950,0,-6,1,175241,0.000,-1.963
41960,0,-6,1,175226,0.000,-2.104
41970,0,-6,1,175211,0.000,-2.104
41980,0,-6,1,175196,0.000,-2.104
41990,0,-6,1,175181,0.000,-2.104
42000,0,-6,1,175167,0.000,-1.963
42010,0,-9,1,175153,0.000,-1.963
42020,0,-9,1,175138,0.000,-2.104
42030,0,-9,1,175123,0.000,-2.104
42040,0,-9,1,175107,0.000,-2.244
42050,0,-9,1,175090,0.000,-2.384
42060,0,-9,1,175071,0.000,-2.665
42070,0,-9,1,175050,0.000,-2.945
42080,0,-9,1,175028,0.000,-3.085
42090,0,-9,1,175005,0.000,-3.226
42100,0,-9,1,174982,0.000,-3.226
42110,0,-9,1,174958,0.000,-3.366
42120,0,-9,1,174933,0.000,-3.506
42130,0,-9,1,174908,0.000,-3.506
42140,0,-9,1,174882,0.000,-3.646
42150,0,-9,1,174857,0.000,-3.506
42160,0,-9,1,174831,0.000,-3.646
42170,0,-9,1,174806,0.000,-3.506
42180,0,-9,1,174780,0.000,-3.646
42190,0,-9,1,174754,0.000,-3.646
42200,0,-9,1,174728,0.000,-3.646
42210,0,-9,1,174701,0.000,-3.787
42220,0,-9,1,174674,0.000,-3.787
42230,0,-9,1,174648,0.000,-3.646
42240,0,-9,1,174621,0.000,-3.787
42250,0,-9,1,174595,0.000,-3.646
42260,0,-9,1,174567,0.000,-3.927
42270,0,-9,1,174540,0.000,-3.787
42280,0,-9,1,174513,0.000,-3.787
42290,0,-9,1,174486,0.000,-3.787
42300,0,-9,1,174458,0.000,-3.927
42310,0,-9,1,174430,0.000,-3.927
42320,0,-9,1,174402,0.000,-3.927
42330,0,-9,1,174374,0.000,-3.927
42340,0,-9,1,174346,0.000,-3.927
42350,0,-9,1,174318,0.000,-3.927
42360,0,-9,1,174290,0.000,-3.927
42370,0,-9,1,174263,0.000,-3.787
42380,0,-9,1,174235,0.000,-3.927
42390,0,-9,0,174207,-0.140,-3.927
42400,0,-9,0,174180,0.000,-3.787
42410,0,-9,0,174153,0.000,-3.787
42420,0,-9,0,174125,0.000,-3.927
42430,0,-9,0,174098,0.000,-3.787
42440,0,-9,0,174071,0.000,-3.787
42450,0,-9,0,174044,0.000,-3.787
42460,0,-9,0,174018,0.000,-3.646
42470,0,-9,0,173990,0.000,-3.927
42480,0,-9,0,173964,0.000,-3.646
42490,0,-9,0,173937,0.000,-3.787
42500,0,-9,0,173911,0.000,-3.646
42510,0,-9,0,173884,0.000,-3.787
42520,0,-9,0,173857,0.000,-3.787
42530,0,-9,0,173831,0.000,-3.646
42540,0,-9,0,173805,0.000,-3.646
42550,0,-9,0,173778,0.000,-3.787
42560,0,-9,0,173752,0.000,-3.646
42570,0,-9,0,173726,0.000,-3.646
42580,0,-9,0,173700,0.000,-3.646
42590,0,-9,0,173673,0.000,-3.787
42600,0,-9,0,173647,0.000,-3.646
42610,0,-9,0,173621,0.000,-3.646
42620,0,-9,0,173596,0.000,-3.506
42630,0,-9,0,173569,0.000,-3.787
42640,0,-9,0,173543,0.000,-3.646
42650,0,-9,0,173517,0.000,-3.646
42660,0,-9,0,173491,0.000,-3.646
42670,0,-9,0,173465,0.000,-3.646
42680,0,-9,0,173438,0.000,-3.787
42690,0,-9,0,173412,0.000,-3.646
42700,0,-9,0,173387,0.000,-3.506
42710,0,-9,0,173362,0.000,-3.506
42720,0,-9,0,173336,0.000,-3.646
42730,0,-9,0,173310,0.000,-3.646
42740,0,-9,0,173285,0.000,-3.506
42750,0,-9,0,173259,0.000,-3.646
42760,0,-9,0,173233,0.000,-3.646
42770,0,-9,0,173208,0.000,-3.506
42780,0,-9,0,173183,0.000,-3.506
42790,0,-9,0,173158,0.000,-3.506
42800,0,-9,0,173133,0.000,-3.506
42810,0,-9,0,173107,0.000,-3.646
42820,0,-9,0,173082,0.000,-3.506
42830,0,-9,0,173058,0.000,-3.366
42840,0,-9,0,173033,0.000,-3.506
42850,0,-9,0,173009,0.000,-3.366
42860,0,-9,0,172984,0.000,-3.506
42870,0,-9,0,172960,0.000,-3.366
42880,0,-9,0,172936,0.000,-3.366
42890,0,-9,0,172912,0.000,-3.366
42900,0,-9,0,172888,0.000,-3.366
42910,0,-9,0,172864,0.000,-3.366
42920,0,-9,0,172841,0.000,-3.226
42930,0,-9,0,172817,0.000,-3.366
42940,0,-9,0,172793,0.000,-3.366
42950,0,-9,0,172770,0.000,-3.226
42960,0,-9,0,172746,0.000,-3.366
42970,0,-9,0,172723,0.000,-3.226
42980,0,-9,0,172700,0.000,-3.226
42990,0,-9,0,172677,0.000,-3.226
43000,0,-9,0,172653,0.000,-3.366
43010,0,-9,0,172629,0.000,-3.366
43020,0,-9,0,172606,0.000,-3.226
43030,0,-9,0,172583,0.000,-3.226
43040,0,-9,0,172560,0.000,-3.226
43050,0,-9,0,172536,0.000,-3.366
43060,0,-9,0,172513,0.000,-3.226
43070,0,-9,0,172490,0.000,-3.226
43080,0,-9,0,172466,0.000,-3.366
43090,0,-9,0,172442,0.000,-3.366
43100,0,-9,0,172419,0.000,-3.226
43110,0,-9,0,172396,0.000,-3.226
43120,0,-9,0,172374,0.000,-3.085
43130,0,-9,0,172351,0.000,-3.226
43140,0,-9,0,172327,0.000,-3.366
43150,0,-9,0,172305,0.000,-3.085
43160,0,-9,0,172282,0.000,-3.226
43170,0,-9,0,172259,0.000,-3.226
43180,0,-9,0,172237,0.000,-3.085
43190,0,-9,0,172213,0.000,-3.366
43200,0,-9,0,172190,0.000,-3.226
43210,0,-9,0,172168,0.000,-3.085
43220,0,-9,0,172144,0.000,-3.366
43230,0,-9,0,172121,0.000,-3.226
43240,0,-9,0,172097,0.000,-3.366
43250,0,-9,0,172073,0.000,-3.366
43260,0,-9,0,172049,0.000,-3.366
43270,0,-9,0,172024,0.000,-3.506
43280,0,-9,0,171999,0.000,-3.506
43290,0,-9,0,171975,0.000,-3.366
43300,0,-9,0,171950,0.000,-3.506
43310,0,-9,0,171926,0.000,-3.366
43320,0,-9,0,171901,0.000,-3.506
43330,0,-9,0,171877,0.000,-3.366
43340,0,-9,0,171852,0.000,-3.506
43350,0,-9,0,171828,0.000,-3.366
43360,0,-9,0,171804,0.000,-3.366
43370,0,-9,0,171780,0.000,-3.366
43380,0,-9,0,171755,0.000,-3.506
43390,0,-9,0,171731,0.000,-3.366
43400,0,-9,0,171707,0.000,-3.366
43410,0,-9,0,171682,0.000,-3.506
43420,0,-9,0,171658,0.000,-3.366
43430,0,-9,0,171633,0.000,-3.506
43440,0,-9,0,171609,0.000,-3.366
43450,0,-9,0,171586,0.000,-3.226
43460,0,-9,0,171562,0.000,-3.366
43470,0,-9,0,171538,0.000,-3.366
43480,0,-9,0,171514,0.000,-3.366
43490,0,-9,0,171490,0.000,-3.366
43500,0,-9,0,171465,0.000,-3.506
43510,0,-12,0,171440,0.000,-3.506
43520,0,-12,0,171415,0.000,-3.506
43530,0,-12,0,171390,0.000,-3.506
43540,0,-12,0,171363,0.000,-3.787
43550,0,-12,0,171336,0.000,-3.787
43560,0,-12,0,171306,0.000,-4.207
43570,0,-12,0,171275,0.000,-4.348
43580,0,-12,0,171242,0.000,-4.628
43590,0,-12,0,171209,0.000,-4.628
43600,0,-12,0,171175,0.000,-4.768
43610,0,-12,0,171141,0.000,-4.768
43620,0,-12,0,171106,0.000,-4.909
43630,0,-12,0,171071,0.000,-4.909
43640,0,-12,0,171036,0.000,-4.909
43650,0,-12,0,171001,0.000,-4.909
43660,0,-12,0,170966,0.000,-4.909
43670,0,-12,0,170930,0.000,-5.049
43680,0,-12,0,170895,0.000,-4.909
43690,0,-12,0,170859,0.000,-5.049
43700,0,-12,0,170824,0.000,-4.909
43710,0,-12,0,170788,0.000,-5.049
43720,0,-12,0,170751,0.000,-5.189
43730,0,-12,0,170715,0.000,-5.049
43740,0,-12,0,170678,0.000,-5.189
43750,0,-12,0,170642,0.000,-5.049
43760,0,-12,0,170605,0.000,-5.189
43770,0,-12,0,170569,0.000,-5.049
43780,0,-12,0,170532,0.000,-5.189
43790,0,-12,0,170495,0.000,-5.189
43800,0,-12,0,170458,0.000,-5.189
43810,0,-12,0,170420,0.000,-5.329
43820,0,-12,0,170382,0.000,-5.329
43830,0,-12,0,170345,0.000,-5.189
43840,0,-12,0,170307,0.000,-5.329
43850,0,-12,0,170269,0.000,-5.329
43860,0,-12,0,170232,0.000,-5.189
43870,0,-12,0,170194,0.000,-5.329
43880,0,-12,0,170155,0.000,-5.470
43890,0,-12,0,170117,0.000,-5.329
43900,0,-12,0,170078,0.000,-5.470
43910,0,-12,0,170038,0.000,-5.610
43920,0,-12,0,169998,0.000,-5.610
43930,0,-12,0,169959,0.000,-5.470
43940,0,-12,0,169919,0.000,-5.610
43950,0,-12,0,169878,0.000,-5.750
43960,0,-12,0,169838,0.000,-5.610
43970,0,-12,0,169799,0.000,-5.470
43980,0,-12,0,169759,0.000,-5.610
43990,0,-12,0,169719,0.000,-5.610
44000,0,-12,0,169679,0.000,-5.610
44010,0,-12,0,169640,0.000,-5.470
44020,0,-12,0,169600,0.000,-5.610
44030,0,-12,0,169561,0.000,-5.470
44040,0,-12,0,169522,0.000,-5.470
44050,0,-12,0,169482,0.000,-5.610
44060,0,-12,0,169444,0.000,-5.329
44070,0,-12,0,169405,0.000,-5.470
44080,0,-12,0,169366,0.000,-5.470
44090,0,-12,0,169327,0.000,-5.470
44100,0,-12,0,169289,0.000,-5.329
44110,0,-12,0,169250,0.000,-5.470
44120,0,-12,0,169212,0.000,-5.329
44130,0,-12,0,169174,0.000,-5.329
44140,0,-12,0,169135,0.000,-5.470
44150,0,-12,0,169098,0.000,-5.189
44160,0,-12,0,169060,0.000,-5.329
44170,0,-12,0,169022,0.000,-5.329
44180,0,-12,0,168985,0.000,-5.189
44190,0,-12,0,168947,0.000,-5.329
44200,0,-12,0,168909,0.000,-5.329
44210,0,-12,0,168872,0.000,-5.189
44220,0,-12,0,168834,0.000,-5.329
44230,0,-12,0,168797,0.000,-5.189
44240,0,-12,0,168761,0.000,-5.049
44250,0,-12,0,168723,0.000,-5.329
44260,0,-12,0,168687,0.000,-5.049
44270,0,-12,0,168650,0.000,-5.189
44280,0,-12,0,168613,0.000,-5.189
44290,0,-12,0,168577,0.000,-5.049
44300,0,-12,0,168540,0.000,-5.189
44310,0,-12,0,168503,0.000,-5.189
44320,0,-12,0,168467,0.000,-5.049
44330,0,-12,0,168431,0.000,-5.049
44340,0,-12,0,168395,0.000,-5.049
44350,0,-12,0,168360,0.000,-4.909
44360,0,-12,0,168325,0.000,-4.909
44370,0,-12,0,168289,0.000,-5.049
44380,0,-12,0,168254,0.000,-4.909
44390,0,-12,0,168219,0.000,-4.909
44400,0,-12,0,168184,0.000,-4.909
44410,0,-12,0,168149,0.000,-4.909
44420,0,-12,0,168114,0.000,-4.909
44430,0,-12,0,168079,0.000,-4.909
44440,0,-12,0,168044,0.000,-4.909
44450,0,-12,0,168009,0.000,-4.909
44460,0,-12,0,167974,0.000,-4.909
44470,0,-12,0,167939,0.000,-4.909
44480,0,-12,0,167904,0.000,-4.909
44490,0,-12,0,167869,0.000,-4.909
44500,0,-12,0,167834,0.000,-4.909
44510,0,-12,0,167799,0.000,-4.909
44520,0,-12,0,167765,0.000,-4.768
44530,0,-12,0,167730,0.000,-4.909
44540,0,-12,0,167695,0.000,-4.909
44550,0,-12,0,167661,0.000,-4.768
44560,0,-12,0,167626,0.000,-4.909
44570,0,-12,0,167591,0.000,-4.909
44580,0,-12,0,167557,0.000,-4.768
44590,0,-12,0,167522,0.000,-4.909
44600,0,-12,0,167487,0.000,-4.909
44610,0,-12,0,167453,0.000,-4.768
44620,0,-12,0,167418,0.000,-4.909
44630,0,-12,0,167382,0.000,-5.049
44640,0,-12,0,167347,0.000,-4.909
44650,0,-12,0,167312,0.000,-4.909
44660,0,-12,0,167277,0.000,-4.909
44670,0,-12,0,167242,0.000,-4.909
44680,0,-12,0,167207,0.000,-4.909
44690,0,-12,0,167172,0.000,-4.909
44700,0,-12,0,167137,0.000,-4.909
44710,0,-12,0,167103,0.000,-4.768
44720,0,-12,0,167068,0.000,-4.909
44730,0,-12,0,167032,0.000,-5.049
44740,0,-12,0,166997,0.000,-4.909
44750,0,-12,0,166962,0.000,-4.909
44760,0,-12,0,166927,0.000,-4.909
44770,0,-12,0,166892,0.000,-4.909
44780,0,-12,0,166857,0.000,-4.909
44790,0,-12,0,166821,0.000,-5.049
44800,0,-12,0,166786,0.000,-4.909
44810,0,-12,0,166751,0.000,-4.909
44820,0,-12,0,166715,0.000,-5.049
44830,0,-12,0,166680,0.000,-4.909
44840,0,-12,0,166645,0.000,-4.909
44850,0,-12,0,166609,0.000,-5.049
44860,0,-12,0,166573,0.000,-5.049
44870,0,-12,0,166538,0.000,-4.909
44880,0,-12,0,166503,0.000,-4.909
44890,0,-12,0,166467,0.000,-5.049
44900,0,-12,0,166431,0.000,-5.049
44910,0,-12,0,166396,0.000,-4.909
44920,0,-12,0,166359,0.000,-5.189
44930,0,-12,0,166323,0.000,-5.049
44940,0,-12,0,166287,0.000,-5.049
44950,0,-12,0,166251,0.000,-5.049
44960,0,-12,0,166214,0.000,-5.189
44970,0,-12,0,166178,0.000,-5.049
44980,0,-12,0,166141,0.000,-5.189
44990,0,-12,0,166105,0.000,-5.049
45000,0,-12,0,166068,0.000,-5.189
45010,0,0,0,166031,0.000,-5.189
45020,0,0,0,165994,0.000,-5.189
45030,0,0,0,165958,0.000,-5.049
45040,0,0,0,165925,0.000,-4.628
45050,0,0,0,165898,0.000,-3.787
45060,0,0,0,165878,0.000,-2.805
45070,0,0,0,165864,0.000,-1.963
45080,0,0,0,165856,0.000,-1.122
45090,0,0,0,165851,0.000,-0.701
45100,0,0,0,165849,0.000,-0.280
45110,0,0,0,165850,0.000,0.140
45120,0,0,0,165851,0.000,0.140
45130,0,0,0,165853,0.000,0.280
45140,0,0,0,165855,0.000,0.280
45150,0,0,0,165857,0.000,0.280
45160,0,0,0,165858,0.000,0.140
45170,0,0,0,165859,0.000,0.140
45180,0,0,0,165859,0.000,0.000
45190,0,0,0,165860,0.000,0.140
45200,0,0,0,165860,0.000,0.000
45210,0,0,0,165861,0.000,0.140
45220,0,0,0,165862,0.000,0.140
45230,0,0,0,165864,0.000,0.280
45240,0,0,0,165865,0.000,0.140
45250,0,0,0,165865,0.000,0.000
45260,0,0,0,165865,0.000,0.000
45270,0,0,0,165865,0.000,0.000
45280,0,0,0,165865,0.000,0.000
45290,0,0,0,165865,0.000,0.000
45300,0,0,0,165865,0.000,0.000
45310,0,0,0,165865,0.000,0.000
45320,0,0,0,165865,0.000,0.000
45330,0,0,0,165865,0.000,0.000
45340,0,0,0,165865,0.000,0.000
45350,0,0,0,165865,0.000,0.000
45360,0,0,0,165865,0.000,0.000
45370,0,0,0,165865,0.000,0.000
45380,0,0,0,165865,0.000,0.000
45390,0,0,0,165865,0.000,0.000
45400,0,0,0,165865,0.000,0.000
45410,0,0,0,165865,0.000,0.000
45420,0,0,0,165865,0.000,0.000
45430,0,0,0,165865,0.000,0.000
45440,0,0,0,165865,0.000,0.000
45450,0,0,0,165865,0.000,0.000
45460,0,0,0,165865,0.000,0.000
45470,0,0,0,165865,0.000,0.000
45480,0,0,0,165865,0.000,0.000
45490,0,0,0,165865,0.000,0.000
45500,0,0,0,165865,0.000,0.000
45510,0,0,0,165865,0.000,0.000
45520,0,0,0,165865,0.000,0.000
45530,0,0,0,165865,0.000,0.000
45540,0,0,0,165865,0.000,0.000
45550,0,0,0,165865,0.000,0.000
45560,0,0,0,165865,0.000,0.000
45570,0,0,0,165865,0.000,0.000
45580,0,0,0,165865,0.000,0.000
45590,0,0,0,165865,0.000,0.000
45600,0,0,0,165865,0.000,0.000
45610,0,0,0,165865,0.000,0.000
45620,0,0,0,165865,0.000,0.000
45630,0,0,0,165865,0.000,0.000
45640,0,0,0,165865,0.000,0.000
45650,0,0,0,165865,0.000,0.000
45660,0,0,0,165865,0.000,0.000
45670,0,0,0,165865,0.000,0.000
45680,0,0,0,165865,0.000,0.000
45690,0,0,0,165865,0.000,0.000
45700,0,0,0,165865,0.000,0.000
45710,0,0,0,165865,0.000,0.000
45720,0,0,0,165865,0.000,0.000
45730,0,0,0,165865,0.000,0.000
45740,0,0,0,165865,0.000,0.000
45750,0,0,0,165865,0.000,0.000
45760,0,0,0,165865,0.000,0.000
45770,0,0,0,165865,0.000,0.000
45780,0,0,0,165865,0.000,0.000
45790,0,0,0,165865,0.000,0.000
45800,0,0,0,165865,0.000,0.000
45810,0,0,0,165865,0.000,0.000
45820,0,0,0,165865,0.000,0.000
45830,0,0,0,165865,0.000,0.000
45840,0,0,0,165865,0.000,0.000
45850,0,0,0,165865,0.000,0.000
45860,0,0,0,165865,0.000,0.000
45870,0,0,0,165865,0.000,0.000
45880,0,0,0,165865,0.000,0.000
45890,0,0,0,165865,0.000,0.000
45900,0,0,0,165865,0.000,0.000
45910,0,0,0,165865,0.000,0.000
45920,0,0,0,165865,0.000,0.000
45930,0,0,0,165865,0.000,0.000
45940,0,0,0,165865,0.000,0.000
45950,0,0,0,165865,0.000,0.000
45960,0,0,0,165865,0.000,0.000
45970,0,0,0,165865,0.000,0.000
45980,0,0,0,165865,0.000,0.000
45990,0,0,0,165865,0.000,0.000
46000,0,0,0,165865,0.000,0.000
46010,0,0,0,165865,0.000,0.000
46020,0,0,0,165865,0.000,0.000
46030,0,0,0,165865,0.000,0.000
46040,0,0,0,165865,0.000,0.000
46050,0,0,0,165865,0.000,0.000
46060,0,0,0,165865,0.000,0.000
46070,0,0,0,165865,0.000,0.000
46080,0,0,0,165865,0.000,0.000
46090,0,0,0,165865,0.000,0.000
46100,0,0,0,165865,0.000,0.000
46110,0,0,0,165865,0.000,0.000
46120,0,0,0,165865,0.000,0.000
46130,0,0,0,165865,0.000,0.000
46140,0,0,0,165865,0.000,0.000
46150,0,0,0,165865,0.000,0.000
46160,0,0,0,165865,0.000,0.000
46170,0,0,0,165865,0.000,0.000
46180,0,0,0,165865,0.000,0.000
46190,0,0,0,165865,0.000,0.000
46200,0,0,0,165865,0.000,0.000
46210,0,0,0,165865,0.000,0.000
46220,0,0,0,165865,0.000,0.000
46230,0,0,0,165865,0.000,0.000
46240,0,0,0,165865,0.000,0.000
46250,0,0,0,165865,0.000,0.000
46260,0,0,0,165865,0.000,0.000
46270,0,0,0,165865,0.000,0.000
46280,0,0,0,165865,0.000,0.000
46290,0,0,0,165865,0.000,0.000
46300,0,0,0,165865,0.000,0.000
46310,0,0,0,165865,0.000,0.000
46320,0,0,0,165865,0.000,0.000
46330,0,0,0,165865,0.000,0.000
46340,0,0,0,165865,0.000,0.000
46350,0,0,0,165865,0.000,0.000
46360,0,0,0,165865,0.000,0.000
46370,0,0,0,165865,0.000,0.000
46380,0,0,0,165865,0.000,0.000
46390,0,0,0,165865,0.000,0.000
46400,0,0,0,165865,0.000,0.000
46410,0,0,0,165865,0.000,0.000
46420,0,0,0,165865,0.000,0.000
46430,0,0,0,165865,0.000,0.000
46440,0,0,0,165865,0.000,0.000
46450,0,0,0,165865,0.000,0.000
46460,0,0,0,165865,0.000,0.000
46470,0,0,0,165865,0.000,0.000
46480,0,0,0,165865,0.000,0.000
46490,0,0,0,165865,0.000,0.000
46500,0,0,0,165865,0.000,0.000
46510,0,0,0,165865,0.000,0.000
46520,0,0,0,165865,0.000,0.000
46530,0,0,0,165865,0.000,0.000
46540,0,0,0,165865,0.000,0.000
46550,0,0,0,165865,0.000,0.000
46560,0,0,0,165865,0.000,0.000
46570,0,0,0,165865,0.000,0.000
46580,0,0,0,165865,0.000,0.000
46590,0,0,0,165865,0.000,0.000
46600,0,0,0,165865,0.000,0.000
46610,0,0,0,165865,0.000,0.000
46620,0,0,0,165865,0.000,0.000
46630,0,0,0,165865,0.000,0.000
46640,0,0,0,165865,0.000,0.000
46650,0,0,0,165865,0.000,0.000
46660,0,0,0,165865,0.000,0.000
46670,0,0,0,165865,0.000,0.000
46680,0,0,0,165865,0.000,0.000
46690,0,0,0,165865,0.000,0.000
46700,0,0,0,165865,0.000,0.000
46710,0,0,0,165865,0.000,0.000
46720,0,0,0,165865,0.000,0.000
46730,0,0,0,165865,0.000,0.000
46740,0,0,0,165865,0.000,0.000
46750,0,0,0,165865,0.000,0.000
46760,0,0,0,165865,0.000,0.000
46770,0,0,0,165865,0.000,0.000
46780,0,0,0,165865,0.000,0.000
46790,0,0,0,165865,0.000,0.000
46800,0,0,0,165865,0.000,0.000
46810,0,0,0,165865,0.000,0.000
46820,0,0,0,165865,0.000,0.000
46830,0,0,0,165865,0.000,0.000
46840,0,0,0,165865,0.000,0.000
46850,0,0,1,165865,0.140,0.000
46860,0,0,1,165866,0.000,0.140
46870,0,0,1,165868,0.000,0.280
46880,0,0,1,165869,0.000,0.140
46890,0,0,1,165869,0.000,0.000
46900,0,0,1,165870,0.000,0.140
46910,0,0,1,165870,0.000,0.000
46920,0,0,1,165870,0.000,0.000
46930,0,0,1,165870,0.000,0.000
46940,0,0,1,165870,0.000,0.000
46950,0,0,1,165870,0.000,0.000
46960,0,0,1,165870,0.000,0.000
46970,0,0,1,165870,0.000,0.000
46980,0,0,1,165870,0.000,0.000
46990,0,0,1,165870,0.000,0.000
47000,0,0,1,165870,0.000,0.000
47010,0,-20,1,165870,0.000,0.000
47020,0,-20,1,165870,0.000,0.000
47030,0,-20,1,165869,0.000,-0.140
47040,0,-20,1,165860,0.000,-1.262
47050,0,-20,1,165845,0.000,-2.104
47060,0,-20,1,165820,0.000,-3.506
47070,0,-20,1,165786,0.000,-4.768
47080,0,-20,1,165745,0.000,-5.750
47090,0,-20,1,165698,0.000,-6.592
47100,0,-20,1,165646,0.000,-7.293
47110,0,-20,1,165591,0.000,-7.714
47120,0,-20,1,165533,0.000,-8.134
47130,0,-20,1,165472,0.000,-8.555
47140,0,-20,1,165409,0.000,-8.836
47150,0,-20,1,165345,0.000,-8.976
47160,0,-20,1,165280,0.000,-9.116
47170,0,-20,1,165214,0.000,-9.256
47180,0,-20,1,165147,0.000,-9.397
47190,0,-20,1,165080,0.000,-9.397
47200,0,-20,1,165012,0.000,-9.537
47210,0,-20,1,164944,0.000,-9.537
47220,0,-20,1,164876,0.000,-9.537
47230,0,-20,1,164807,0.000,-9.677
47240,0,-20,1,164739,0.000,-9.537
47250,0,-20,1,164670,0.000,-9.677
47260,0,-20,1,164602,0.000,-9.537
47270,0,-20,1,164533,0.000,-9.677
47280,0,-20,1,164465,0.000,-9.537
47290,0,-20,1,164397,0.000,-9.537
47300,0,-20,1,164329,0.000,-9.537
47310,0,-20,1,164261,0.000,-9.537
47320,0,-20,1,164193,0.000,-9.537
47330,0,-20,1,164126,0.000,-9.397
47340,0,-20,1,164058,0.000,-9.537
47350,0,-20,1,163991,0.000,-9.397
47360,0,-20,1,163925,0.000,-9.256
47370,0,-20,1,163858,0.000,-9.397
47380,0,-20,1,163792,0.000,-9.256
47390,0,-20,1,163726,0.000,-9.256
47400,0,-20,1,163660,0.000,-9.256
47410,0,-20,1,163594,0.000,-9.256
47420,0,-20,1,163528,0.000,-9.256
47430,0,-20,1,163462,0.000,-9.256
47440,0,-20,1,163397,0.000,-9.116
47450,0,-20,1,163332,0.000,-9.116
47460,0,-20,1,163266,0.000,-9.256
47470,0,-20,1,163201,0.000,-9.116
47480,0,-20,1,163136,0.000,-9.116
47490,0,-20,1,163070,0.000,-9.256
47500,0,-20,1,163005,0.000,-9.116
47510,0,-20,1,162940,0.000,-9.116
47520,0,-20,1,162875,0.000,-9.116
47530,0,-20,1,162810,0.000,-9.116
47540,0,-20,1,162744,0.000,-9.256
47550,0,-20,1,162679,0.000,-9.116
47560,0,-20,1,162614,0.000,-9.116
47570,0,-20,1,162548,0.000,-9.256
47580,0,-20,1,162483,0.000,-9.116
47590,0,-20,1,162417,0.000,-9.256
47600,0,-20,1,162352,0.000,-9.116
47610,0,-20,1,162286,0.000,-9.256
47620,0,-20,1,162221,0.000,-9.116
47630,0,-20,1,162154,0.000,-9.397
47640,0,-20,1,162088,0.000,-9.256
47650,0,-20,1,162022,0.000,-9.256
47660,0,-20,1,161955,0.000,-9.397
47670,0,-20,1,161888,0.000,-9.397
47680,0,-20,1,161822,0.000,-9.256
47690,0,-20,1,161755,0.000,-9.397
47700,0,-20,1,161688,0.000,-9.397
47710,0,-20,1,161621,0.000,-9.397
47720,0,-20,1,161553,0.000,-9.537
47730,0,-20,1,161485,0.000,-9.537
47740,0,-20,1,161417,0.000,-9.537
47750,0,-20,1,161349,0.000,-9.537
47760,0,-20,1,161281,0.000,-9.537
47770,0,-20,1,161212,0.000,-9.677
47780,0,-20,1,161143,0.000,-9.677
47790,0,-20,1,161074,0.000,-9.677
47800,0,-20,1,161004,0.000,-9.817
47810,0,-20,1,160934,0.000,-9.817
47820,0,-20,1,160865,0.000,-9.677
47830,0,-20,1,160794,0.000,-9.958
47840,0,-20,1,160725,0.000,-9.677
47850,0,-20,1,160654,0.000,-9.958
47860,0,-20,1,160585,0.000,-9.677
47870,0,-20,1,160515,0.000,-9.817
47880,0,-20,1,160445,0.000,-9.817
47890,0,-20,1,160375,0.000,-9.817
47900,0,-20,1,160306,0.000,-9.677
47910,0,-20,1,160236,0.000,-9.817
47920,0,-20,1,160166,0.000,-9.817
47930,0,-20,1,160097,0.000,-9.677
47940,0,-20,1,160028,0.000,-9.677
47950,0,-20,1,159960,0.000,-9.537
47960,0,-20,1,159891,0.000,-9.677
47970,0,-20,1,159822,0.000,-9.677
47980,0,-20,1,159754,0.000,-9.537
47990,0,-20,1,159686,0.000,-9.537
48000,0,-20,1,159618,0.000,-9.537
48010,0,-20,1,159551,0.000,-9.397
48020,0,-20,1,159484,0.000,-9.397
48030,0,-20,1,159417,0.000,-9.397
48040,0,-20,1,159350,0.000,-9.397
48050,0,-20,1,159284,0.000,-9.256
48060,0,-20,1,159218,0.000,-9.256
48070,0,-20,1,159151,0.000,-9.397
48080,0,-20,1,159086,0.000,-9.116
48090,0,-20,1,159020,0.000,-9.256
48100,0,-20,1,158954,0.000,-9.256
48110,0,-20,1,158889,0.000,-9.116
48120,0,-20,1,158823,0.000,-9.256
48130,0,-20,1,158758,0.000,-9.116
48140,0,-20,1,158693,0.000,-9.116
48150,0,-20,1,158628,0.000,-9.116
48160,0,-20,1,158562,0.000,-9.256
48170,0,-20,1,158497,0.000,-9.116
48180,0,-20,1,158432,0.000,-9.116
48190,0,-20,1,158366,0.000,-9.256
48200,0,-20,1,158301,0.000,-9.116
48210,0,-20,1,158235,0.000,-9.256
48220,0,-20,1,158170,0.000,-9.116
48230,0,-20,1,158105,0.000,-9.116
48240,0,-20,1,158039,0.000,-9.256
48250,0,-20,1,157974,0.000,-9.116
48260,0,-20,1,157908,0.000,-9.256
48270,0,-20,1,157843,0.000,-9.116
48280,0,-20,1,157777,0.000,-9.256
48290,0,-20,1,157712,0.000,-9.116
48300,0,-20,1,157646,0.000,-9.256
48310,0,-20,1,157580,0.000,-9.256
48320,0,-20,1,157514,0.000,-9.256
48330,0,-20,1,157448,0.000,-9.256
48340,0,-20,1,157381,0.000,-9.397
48350,0,-20,1,157314,0.000,-9.397
48360,0,-20,1,157247,0.000,-9.397
48370,0,-20,1,157179,0.000,-9.537
48380,0,-20,1,157112,0.000,-9.397
48390,0,-20,1,157044,0.000,-9.537
48400,0,-20,1,156976,0.000,-9.537
48410,0,-20,1,156908,0.000,-9.537
48420,0,-20,1,156839,0.000,-9.677
48430,0,-20,1,156771,0.000,-9.537
48440,0,-20,1,156702,0.000,-9.677
48450,0,-20,1,156633,0.000,-9.677
48460,0,-20,1,156564,0.000,-9.677
48470,0,-20,1,156494,0.000,-9.817
48480,0,-20,1,156424,0.000,-9.817
48490,0,-20,1,156354,0.000,-9.817
48500,0,-20,1,156283,0.000,-9.958
48510,0,-20,1,156213,0.000,-9.817
48520,0,-20,1,156142,0.000,-9.958
48530,0,-20,1,156072,0.000,-9.817
48540,0,-20,1,156001,0.000,-9.958
48550,0,-20,1,155931,0.000,-9.817
48560,0,-20,1,155861,0.000,-9.817
48570,0,-20,1,155791,0.000,-9.817
48580,0,-20,1,155721,0.000,-9.817
48590,0,-20,1,155652,0.000,-9.677
48600,0,-20,1,155582,0.000,-9.817
48610,0,-20,1,155513,0.000,-9.677
48620,0,-20,1,155445,0.000,-9.537
48630,0,-20,1,155376,0.000,-9.677
48640,0,-20,1,155308,0.000,-9.537
48650,0,-20,1,155239,0.000,-9.677
48660,0,-20,1,155172,0.000,-9.397
48670,0,-20,1,155104,0.000,-9.537
48680,0,-20,1,155037,0.000,-9.397
48690,0,-20,1,154969,0.000,-9.537
48700,0,-20,1,154902,0.000,-9.397
48710,0,-20,1,154835,0.000,-9.397
48720,0,-20,1,154768,0.000,-9.397
48730,0,-20,1,154702,0.000,-9.256
48740,0,-20,1,154635,0.000,-9.397
48750,0,-20,1,154569,0.000,-9.256
48760,0,-20,1,154503,0.000,-9.256
48770,0,-20,1,154438,0.000,-9.116
48780,0,-20,1,154372,0.000,-9.256
48790,0,-20,1,154306,0.000,-9.256
48800,0,-20,1,154241,0.000,-9.116
48810,0,-20,1,154176,0.000,-9.116
48820,0,-20,1,154110,0.000,-9.256
48830,0,-20,1,154045,0.000,-9.116
48840,0,-20,1,153979,0.000,-9.256
48850,0,-20,1,153914,0.000,-9.116
48860,0,-20,1,153848,0.000,-9.256
48870,0,-20,1,153783,0.000,-9.116
48880,0,-20,1,153717,0.000,-9.256
48890,0,-20,1,153651,0.000,-9.256
48900,0,-20,1,153585,0.000,-9.256
48910,0,-20,1,153519,0.000,-9.256
48920,0,-20,1,153452,0.000,-9.397
48930,0,-20,1,153386,0.000,-9.256
48940,0,-20,1,153319,0.000,-9.397
48950,0,-20,1,153253,0.000,-9.256
48960,0,-20,1,153186,0.000,-9.397
48970,0,-20,1,153120,0.000,-9.256
48980,0,-20,1,153054,0.000,-9.256
48990,0,-20,1,152987,0.000,-9.397
49000,0,-20,1,152920,0.000,-9.397
49010,0,-20,1,152854,0.000,-9.256
49020,0,-20,1,152787,0.000,-9.397
49030,0,-20,1,152720,0.000,-9.397
49040,0,-20,1,152653,0.000,-9.397
49050,0,-20,1,152585,0.000,-9.537
49060,0,-20,1,152519,0.000,-9.256
49070,0,-20,1,152452,0.000,-9.397
49080,0,-20,1,152386,0.000,-9.256
49090,0,-20,1,152320,0.000,-9.256
49100,0,-20,1,152253,0.000,-9.397
49110,0,-20,1,152185,0.000,-9.537
49120,0,-20,1,152116,0.000,-9.677
49130,0,-20,1,152047,0.000,-9.677
49140,0,-20,1,151977,0.000,-9.817
49150,0,-20,1,151908,0.000,-9.677
49160,0,-20,1,151838,0.000,-9.817
49170,0,-20,1,151768,0.000,-9.817
49180,0,-20,1,151698,0.000,-9.817
49190,0,-20,1,151628,0.000,-9.817
49200,0,-20,1,151558,0.000,-9.817
49210,0,-20,1,151488,0.000,-9.817
49220,0,-20,1,151418,0.000,-9.817
49230,0,-20,1,151349,0.000,-9.677
49240,0,-20,1,151279,0.000,-9.817
49250,0,-20,1,151209,0.000,-9.817
49260,0,-20,1,151140,0.000,-9.677
49270,0,-20,1,151071,0.000,-9.677
49280,0,-20,1,151002,0.000,-9.677
49290,0,-20,1,150934,0.000,-9.537
49300,0,-20,1,150865,0.000,-9.677
49310,0,-20,1,150797,0.000,-9.537
49320,0,-20,1,150729,0.000,-9.537
49330,0,-20,1,150661,0.000,-9.537
49340,0,-20,1,150594,0.000,-9.397
49350,0,-20,1,150526,0.000,-9.537
49360,0,-20,1,150460,0.000,-9.256
49370,0,-20,1,150393,0.000,-9.397
49380,0,-20,1,150326,0.000,-9.397
49390,0,-20,1,150260,0.000,-9.256
49400,0,-20,1,150193,0.000,-9.397
49410,0,-20,1,150127,0.000,-9.256
49420,0,-20,1,150061,0.000,-9.256
49430,0,-20,1,149995,0.000,-9.256
49440,0,-20,1,149930,0.000,-9.116
49450,0,-20,1,149864,0.000,-9.256
49460,0,-20,1,149799,0.000,-9.116
49470,0,-20,1,149734,0.000,-9.116
49480,0,-20,1,149668,0.000,-9.256
49490,0,-20,1,149604,0.000,-8.976
49500,0,-20,1,149539,0.000,-9.116
49510,0,-20,1,149474,0.000,-9.116
49520,0,-20,1,149410,0.000,-8.976
49530,0,-20,1,149345,0.000,-9.116
49540,0,-20,1,149280,0.000,-9.116
49550,0,-20,0,149215,-0.140,-9.116
49560,0,-20,0,149150,0.000,-9.116
49570,0,-20,0,149085,0.000,-9.116
49580,0,-20,0,149019,0.000,-9.256
49590,0,-20,0,148954,0.000,-9.116
49600,0,-20,0,148888,0.000,-9.256
49610,0,-20,0,148823,0.000,-9.116
49620,0,-20,0,148757,0.000,-9.256
49630,0,-20,0,148691,0.000,-9.256
49640,0,-20,0,148625,0.000,-9.256
49650,0,-20,1,148559,0.140,-9.256
49660,0,-20,1,148494,0.000,-9.116
49670,0,-20,1,148430,0.000,-8.976
49680,0,-20,1,148366,0.000,-8.976
49690,0,-20,1,148302,0.000,-8.976
49700,0,-20,1,148237,0.000,-9.116
49710,0,-20,1,148172,0.000,-9.116
49720,0,-20,1,148106,0.000,-9.256
49730,0,-20,1,148040,0.000,-9.256
49740,0,-20,1,147973,0.000,-9.397
49750,0,-20,1,147906,0.000,-9.397
49760,0,-20,1,147838,0.000,-9.537
49770,0,-20,1,147770,0.000,-9.537
49780,0,-20,1,147702,0.000,-9.537
49790,0,-20,1,147634,0.000,-9.537
49800,0,-20,1,147564,0.000,-9.817
49810,0,-20,1,147495,0.000,-9.677
49820,0,-20,1,147425,0.000,-9.817
49830,0,-20,1,147355,0.000,-9.817
49840,0,-20,1,147285,0.000,-9.817
49850,0,-20,1,147216,0.000,-9.677
49860,0,-20,1,147146,0.000,-9.817
49870,0,-20,1,147076,0.000,-9.817
49880,0,-20,1,147006,0.000,-9.817
49890,0,-20,1,146936,0.000,-9.817
49900,0,-20,1,146867,0.000,-9.677
49910,0,-20,1,146797,0.000,-9.817
49920,0,-20,1,146728,0.000,-9.677
49930,0,-20,1,146658,0.000,-9.817
49940,0,-20,1,146590,0.000,-9.537
49950,0,-20,1,146521,0.000,-9.677
49960,0,-20,1,146453,0.000,-9.537
49970,0,-20,1,146384,0.000,-9.677
49980,0,-20,1,146316,0.000,-9.537
49990,0,-20,1,146248,0.000,-9.537
50000,0,-20,1,146181,0.000,-9.397
50010,0,0,1,146113,0.000,-9.537
50020,0,0,1,146046,0.000,-9.397
50030,0,0,1,145980,0.000,-9.256
50040,0,0,1,145920,0.000,-8.415
50050,0,0,1,145866,0.000,-7.573
50060,0,0,1,145825,0.000,-5.750
50070,0,0,1,145795,0.000,-4.207
50080,0,0,1,145773,0.000,-3.085
50090,0,0,1,145760,0.000,-1.823
50100,0,0,1,145752,0.000,-1.122
50110,0,0,1,145749,0.000,-0.421
50120,0,0,1,145749,0.000,0.000
50130,0,0,1,145750,0.000,0.140
50140,0,0,1,145750,0.000,0.000
50150,0,0,1,145751,0.000,0.140
50160,0,0,1,145751,0.000,0.000
50170,0,0,1,145752,0.000,0.140
50180,0,0,1,145753,0.000,0.140
50190,0,0,1,145754,0.000,0.140
50200,0,0,1,145757,0.000,0.421
50210,0,0,1,145760,0.000,0.421
50220,0,0,1,145763,0.000,0.421
50230,0,0,1,145765,0.000,0.280
50240,0,0,1,145768,0.000,0.421
50250,0,0,1,145770,0.000,0.280
50260,0,0,1,145770,0.000,0.000
50270,0,0,1,145770,0.000,0.000
50280,0,0,1,145770,0.000,0.000
50290,0,0,1,145770,0.000,0.000
50300,0,0,1,145770,0.000,0.000
50310,0,0,1,145770,0.000,0.000
50320,0,0,1,145770,0.000,0.000
50330,0,0,1,145770,0.000,0.000
50340,0,0,1,145770,0.000,0.000
50350,0,0,1,145770,0.000,0.000
50360,0,0,1,145770,0.000,0.000
50370,0,0,1,145770,0.000,0.000
50380,0,0,1,145770,0.000,0.000
50390,0,0,1,145770,0.000,0.000
50400,0,0,1,145770,0.000,0.000
50410,0,0,1,145770,0.000,0.000
50420,0,0,1,145770,0.000,0.000
50430,0,0,1,145770,0.000,0.000
50440,0,0,1,145770,0.000,0.000
50450,0,0,1,145770,0.000,0.000
50460,0,0,1,145770,0.000,0.000
50470,0,0,1,145770,0.000,0.000
50480,0,0,1,145770,0.000,0.000
50490,0,0,1,145770,0.000,0.000
50500,0,0,1,145770,0.000,0.000
50510,0,0,1,145770,0.000,0.000
50520,0,0,1,145770,0.000,0.000
50530,0,0,1,145770,0.000,0.000
50540,0,0,1,145770,0.000,0.000
50550,0,0,1,145770,0.000,0.000
50560,0,0,1,145770,0.000,0.000
50570,0,0,1,145770,0.000,0.000
50580,0,0,1,145770,0.000,0.000
50590,0,0,1,145770,0.000,0.000
50600,0,0,1,145770,0.000,0.000
50610,0,0,1,145770,0.000,0.000
50620,0,0,1,145770,0.000,0.000
50630,0,0,1,145770,0.000,0.000
50640,0,0,1,145770,0.000,0.000
50650,0,0,1,145770,0.000,0.000
50660,0,0,1,145770,0.000,0.000
50670,0,0,1,145770,0.000,0.000
50680,0,0,1,145770,0.000,0.000
50690,0,0,1,145770,0.000,0.000
50700,0,0,1,145770,0.000,0.000
50710,0,0,1,145770,0.000,0.000
50720,0,0,1,145770,0.000,0.000
50730,0,0,1,145770,0.000,0.000
50740,0,0,1,145770,0.000,0.000
50750,0,0,1,145770,0.000,0.000
50760,0,0,1,145770,0.000,0.000
50770,0,0,1,145770,0.000,0.000
50780,0,0,1,145770,0.000,0.000
50790,0,0,1,145770,0.000,0.000
50800,0,0,1,145770,0.000,0.000
50810,0,0,1,145770,0.000,0.000
50820,0,0,1,145770,0.000,0.000
50830,0,0,1,145770,0.000,0.000
50840,0,0,1,145770,0.000,0.000
50850,0,0,1,145770,0.000,0.000
50860,0,0,1,145770,0.000,0.000
50870,0,0,1,145770,0.000,0.000
50880,0,0,1,145770,0.000,0.000
50890,0,0,1,145770,0.000,0.000
50900,0,0,1,145770,0.000,0.000
50910,0,0,1,145770,0.000,0.000
50920,0,0,1,145770,0.000,0.000
50930,0,0,1,145770,0.000,0.000
50940,0,0,1,145770,0.000,0.000
50950,0,0,1,145770,0.000,0.000
50960,0,0,1,145770,0.000,0.000
50970,0,0,1,145770,0.000,0.000
50980,0,0,1,145770,0.000,0.000
50990,0,0,1,145770,0.000,0.000
51000,0,0,1,145770,0.000,0.000
51010,0,0,1,145770,0.000,0.000
51020,0,0,1,145770,0.000,0.000
51030,0,0,1,145770,0.000,0.000
51040,0,0,1,145770,0.000,0.000
51050,0,0,1,145770,0.000,0.000
51060,0,0,1,145770,0.000,0.000
51070,0,0,1,145770,0.000,0.000
51080,0,0,1,145770,0.000,0.000
51090,0,0,1,145770,0.000,0.000
51100,0,0,1,145770,0.000,0.000
51110,0,0,1,145770,0.000,0.000
51120,0,0,1,145770,0.000,0.000
51130,0,0,1,145770,0.000,0.000
51140,0,0,1,145770,0.000,0.000
51150,0,0,1,145770,0.000,0.000
51160,0,0,1,145770,0.000,0.000
51170,0,0,1,145770,0.000,0.000
51180,0,0,1,145770,0.000,0.000
51190,0,0,1,145770,0.000,0.000
51200,0,0,1,145770,0.000,0.000
51210,0,0,1,145770,0.000,0.000
51220,0,0,1,145770,0.000,0.000
51230,0,0,1,145770,0.000,0.000
51240,0,0,1,145770,0.000,0.000
51250,0,0,1,145770,0.000,0.000
51260,0,0,1,145770,0.000,0.000
51270,0,0,1,145770,0.000,0.000
51280,0,0,1,145770,0.000,0.000
51290,0,0,1,145770,0.000,0.000
51300,0,0,1,145770,0.000,0.000
51310,0,0,1,145770,0.000,0.000
51320,0,0,1,145770,0.000,0.000
51330,0,0,1,145770,0.000,0.000
51340,0,0,1,145770,0.000,0.000
51350,0,0,1,145770,0.000,0.000
51360,0,0,1,145770,0.000,0.000
51370,0,0,1,145770,0.000,0.000
51380,0,0,1,145770,0.000,0.000
51390,0,0,1,145770,0.000,0.000
51400,0,0,1,145770,0.000,0.000
51410,0,0,1,145770,0.000,0.000
51420,0,0,1,145770,0.000,0.000
51430,0,0,1,145770,0.000,0.000
51440,0,0,1,145770,0.000,0.000
51450,0,0,1,145770,0.000,0.000
51460,0,0,1,145770,0.000,0.000
51470,0,0,1,145770,0.000,0.000
51480,0,0,1,145770,0.000,0.000
51490,0,0,1,145770,0.000,0.000
51500,0,0,1,145770,0.000,0.000
51510,0,0,1,145770,0.000,0.000
51520,0,0,1,145770,0.000,0.000
51530,0,0,1,145770,0.000,0.000
51540,0,0,1,145770,0.000,0.000
51550,0,0,1,145770,0.000,0.000
51560,0,0,1,145770,0.000,0.000
51570,0,0,1,145770,0.000,0.000
51580,0,0,1,145770,0.000,0.000
51590,0,0,0,145770,-0.140,0.000
51600,0,0,0,145770,0.000,0.000
51610,0,0,0,145770,0.000,0.000
51620,0,0,0,145770,0.000,0.000
51630,0,0,0,145770,0.000,0.000
51640,0,0,0,145770,0.000,0.000
51650,0,0,0,145770,0.000,0.000
51660,0,0,0,145770,0.000,0.000
51670,0,0,0,145770,0.000,0.000
51680,0,0,0,145770,0.000,0.000
51690,0,0,0,145770,0.000,0.000
51700,0,0,0,145770,0.000,0.000
51710,0,0,0,145770,0.000,0.000
51720,0,0,0,145770,0.000,0.000
51730,0,0,0,145770,0.000,0.000
51740,0,0,0,145770,0.000,0.000
51750,0,0,0,145770,0.000,0.000
51760,0,0,0,145770,0.000,0.000
51770,0,0,0,145770,0.000,0.000
51780,0,0,0,145770,0.000,0.000
51790,0,0,0,145770,0.000,0.000
51800,0,0,0,145770,0.000,0.000
51810,0,0,0,145770,0.000,0.000
51820,0,0,0,145770,0.000,0.000
51830,0,0,0,145770,0.000,0.000
51840,0,0,0,145770,0.000,0.000
51850,0,0,0,145770,0.000,0.000
51860,0,0,0,145770,0.000,0.000
51870,0,0,0,145770,0.000,0.000
51880,0,0,0,145770,0.000,0.000
51890,0,0,0,145770,0.000,0.000
51900,0,0,0,145770,0.000,0.000
51910,0,0,0,145770,0.000,0.000
51920,0,0,0,145770,0.000,0.000
51930,0,0,0,145770,0.000,0.000
51940,0,0,0,145770,0.000,0.000
51950,0,0,0,145770,0.000,0.000
51960,0,0,0,145770,0.000,0.000
51970,0,0,0,145770,0.000,0.000
51980,0,0,0,145770,0.000,0.000
51990,0,0,0,145770,0.000,0.000
52000,0,0,0,145770,0.000,0.000
52010,0,0,0,145770,0.000,0.000
52020,0,0,0,145770,0.000,0.000
52030,0,0,0,145770,0.000,0.000
52040,0,0,0,145770,0.000,0.000
52050,0,0,0,145770,0.000,0.000
52060,0,0,0,145770,0.000,0.000
52070,0,0,0,145770,0.000,0.000
52080,0,0,0,145770,0.000,0.000
52090,0,0,0,145770,0.000,0.000
52100,0,0,0,145770,0.000,0.000
52110,0,0,0,145770,0.000,0.000
52120,0,0,0,145770,0.000,0.000
52130,0,0,0,145770,0.000,0.000
52140,0,0,0,145770,0.000,0.000
52150,0,0,0,145770,0.000,0.000
52160,0,0,0,145770,0.000,0.000
52170,0,0,0,145770,0.000,0.000
52180,0,0,0,145770,0.000,0.000
52190,0,0,0,145770,0.000,0.000
52200,0,0,0,145770,0.000,0.000
52210,0,0,0,145770,0.000,0.000
52220,0,0,0,145770,0.000,0.000
52230,0,0,0,145770,0.000,0.000
52240,0,0,0,145770,0.000,0.000
52250,0,0,0,145770,0.000,0.000
52260,0,0,0,145770,0.000,0.000
52270,0,0,0,145770,0.000,0.000
52280,0,0,0,145770,0.000,0.000
52290,0,0,0,145770,0.000,0.000
52300,0,0,0,145770,0.000,0.000
52310,0,0,0,145770,0.000,0.000
52320,0,0,0,145770,0.000,0.000
52330,0,0,0,145770,0.000,0.000
52340,0,0,0,145770,0.000,0.000
52350,0,0,0,145770,0.000,0.000
52360,0,0,0,145770,0.000,0.000
52370,0,0,0,145770,0.000,0.000
52380,0,0,0,145770,0.000,0.000
52390,0,0,0,145770,0.000,0.000
52400,0,0,0,145770,0.000,0.000
52410,0,0,0,145770,0.000,0.000
52420,0,0,0,145770,0.000,0.000
52430,0,0,0,145770,0.000,0.000
52440,0,0,0,145770,0.000,0.000
52450,0,0,0,145770,0.000,0.000
52460,0,0,0,145770,0.000,0.000
52470,0,0,0,145770,0.000,0.000
52480,0,0,0,145770,0.000,0.000
52490,0,0,0,145770,0.000,0.000
52500,0,0,0,145770,0.000,0.000
52510,0,0,0,145770,0.000,0.000
52520,0,0,0,145770,0.000,0.000
52530,0,0,0,145770,0.000,0.000
52540,0,0,0,145770,0.000,0.000
52550,0,0,0,145770,0.000,0.000
52560,0,0,0,145770,0.000,0.000
52570,0,0,0,145770,0.000,0.000
52580,0,0,0,145770,0.000,0.000
52590,0,0,0,145770,0.000,0.000
52600,0,0,0,145770,0.000,0.000
52610,0,0,0,145770,0.000,0.000
52620,0,0,0,145770,0.000,0.000
52630,0,0,0,145770,0.000,0.000
52640,0,0,0,145770,0.000,0.000
52650,0,0,0,145770,0.000,0.000
52660,0,0,0,145770,0.000,0.000
52670,0,0,0,145770,0.000,0.000
52680,0,0,0,145770,0.000,0.000
52690,0,0,0,145770,0.000,0.000
52700,0,0,0,145770,0.000,0.000
52710,0,0,0,145770,0.000,0.000
52720,0,0,0,145770,0.000,0.000
52730,0,0,0,145770,0.000,0.000
52740,0,0,0,145770,0.000,0.000
52750,0,0,0,145770,0.000,0.000
52760,0,0,0,145770,0.000,0.000
52770,0,0,0,145770,0.000,0.000
52780,0,0,0,145770,0.000,0.000
52790,0,0,0,145770,0.000,0.000
52800,0,0,0,145770,0.000,0.000
52810,0,0,0,145770,0.000,0.000
52820,0,0,0,145770,0.000,0.000
52830,0,0,0,145770,0.000,0.000
52840,0,0,0,145770,0.000,0.000
52850,0,0,0,145770,0.000,0.000
52860,0,0,0,145770,0.000,0.000
52870,0,0,0,145770,0.000,0.000
52880,0,0,0,145770,0.000,0.000
52890,0,0,0,145770,0.000,0.000
52900,0,0,0,145770,0.000,0.000
52910,0,0,0,145770,0.000,0.000
52920,0,0,0,145770,0.000,0.000
52930,0,0,0,145770,0.000,0.000
52940,0,0,0,145770,0.000,0.000
52950,0,0,0,145770,0.000,0.000
52960,0,0,0,145770,0.000,0.000
52970,0,0,0,145770,0.000,0.000
52980,0,0,0,145770,0.000,0.000
52990,0,0,0,145770,0.000,0.000
53000,0,0,0,145770,0.000,0.000
53010,0,-25,0,145770,0.000,0.000
53020,0,-25,0,145770,0.000,0.000
53030,0,-25,0,145769,0.000,-0.140
53040,0,-25,0,145761,0.000,-1.122
53050,0,-25,0,145742,0.000,-2.665
53060,0,-25,0,145716,0.000,-3.646
53070,0,-25,0,145684,0.000,-4.488
53080,0,-25,0,145645,0.000,-5.470
53090,0,-25,0,145602,0.000,-6.031
53100,0,-25,0,145553,0.000,-6.872
53110,0,-25,0,145499,0.000,-7.573
53120,0,-25,0,145439,0.000,-8.415
53130,0,-25,0,145373,0.000,-9.256
53140,0,-25,0,145305,0.000,-9.537
53150,0,-25,0,145233,0.000,-10.098
53160,0,-25,0,145159,0.000,-10.378
53170,0,-25,0,145082,0.000,-10.799
53180,0,-25,0,145004,0.000,-10.939
53190,0,-25,0,144925,0.000,-11.080
53200,0,-25,0,144844,0.000,-11.360
53210,0,-25,0,144763,0.000,-11.360
53220,0,-25,0,144681,0.000,-11.500
53230,0,-25,0,144598,0.000,-11.641
53240,0,-25,0,144514,0.000,-11.781
53250,0,-25,0,144431,0.000,-11.641
53260,0,-25,0,144347,0.000,-11.781
53270,0,-25,0,144263,0.000,-11.781
53280,0,-25,0,144179,0.000,-11.781
53290,0,-25,0,144095,0.000,-11.781
53300,0,-25,0,144010,0.000,-11.921
53310,0,-25,0,143925,0.000,-11.921
53320,0,-25,0,143840,0.000,-11.921
53330,0,-25,0,143754,0.000,-12.061
53340,0,-25,0,143668,0.000,-12.061
53350,0,-25,0,143581,0.000,-12.202
53360,0,-25,0,143494,0.000,-12.202
53370,0,-25,0,143407,0.000,-12.202
53380,0,-25,0,143319,0.000,-12.342
53390,0,-25,0,143232,0.000,-12.202
53400,0,-25,0,143144,0.000,-12.342
53410,0,-25,0,143055,0.000,-12.482
53420,0,-25,0,142966,0.000,-12.482
53430,0,-25,0,142878,0.000,-12.342
53440,0,-25,0,142789,0.000,-12.482
53450,0,-25,0,142700,0.000,-12.482
53460,0,-25,0,142610,0.000,-12.622
53470,0,-25,0,142521,0.000,-12.482
53480,0,-25,0,142432,0.000,-12.482
53490,0,-25,0,142343,0.000,-12.482
53500,0,-25,0,142254,0.000,-12.482
53510,0,-25,0,142166,0.000,-12.342
53520,0,-25,0,142077,0.000,-12.482
53530,0,-25,0,141989,0.000,-12.342
53540,0,-25,0,141902,0.000,-12.202
53550,0,-25,0,141814,0.000,-12.342
53560,0,-25,0,141727,0.000,-12.202
53570,0,-25,0,141640,0.000,-12.202
53580,0,-25,0,141553,0.000,-12.202
53590,0,-25,0,141467,0.000,-12.061
53600,0,-25,0,141381,0.000,-12.061
53610,0,-25,0,141295,0.000,-12.061
53620,0,-25,0,141210,0.000,-11.921
53630,0,-25,0,141125,0.000,-11.921
53640,0,-25,0,141040,0.000,-11.921
53650,0,-25,0,140956,0.000,-11.781
53660,0,-25,0,140872,0.000,-11.781
53670,0,-25,0,140787,0.000,-11.921
53680,0,-25,0,140703,0.000,-11.781
53690,0,-25,0,140618,0.000,-11.921
53700,0,-25,0,140534,0.000,-11.781
53710,0,-25,0,140449,0.000,-11.921
53720,0,-25,0,140365,0.000,-11.781
53730,0,-25,0,140280,0.000,-11.921
53740,0,-25,0,140194,0.000,-12.061
53750,0,-25,0,140110,0.000,-11.781
53760,0,-25,0,140025,0.000,-11.921
53770,0,-25,0,139939,0.000,-12.061
53780,0,-25,0,139854,0.000,-11.921
53790,0,-25,0,139769,0.000,-11.921
53800,0,-25,0,139683,0.000,-12.061
53810,0,-25,0,139598,0.000,-11.921
53820,0,-25,0,139512,0.000,-12.061
53830,0,-25,0,139426,0.000,-12.061
53840,0,-25,0,139340,0.000,-12.061
53850,0,-25,0,139253,0.000,-12.202
53860,0,-25,0,139166,0.000,-12.202
53870,0,-25,0,139080,0.000,-12.061
53880,0,-25,0,138992,0.000,-12.342
53890,0,-25,0,138905,0.000,-12.202
53900,0,-25,0,138818,0.000,-12.202
53910,0,-25,0,138730,0.000,-12.342
53920,0,-25,0,138642,0.000,-12.342
53930,0,-25,0,138553,0.000,-12.482
53940,0,-25,0,138465,0.000,-12.342
53950,0,-25,0,138376,0.000,-12.482
53960,0,-25,0,138287,0.000,-12.482
53970,0,-25,0,138198,0.000,-12.482
53980,0,-25,0,138109,0.000,-12.482
53990,0,-25,0,138019,0.000,-12.622
54000,0,-25,0,137930,0.000,-12.482
54010,0,-25,0,137841,0.000,-12.482
54020,0,-25,0,137751,0.000,-12.622
54030,0,-25,0,137662,0.000,-12.482
54040,0,-25,0,137573,0.000,-12.482
54050,0,-25,0,137485,0.000,-12.342
54060,0,-25,0,137397,0.000,-12.342
54070,0,-25,0,137309,0.000,-12.342
54080,0,-25,0,137221,0.000,-12.342
54090,0,-25,0,137134,0.000,-12.202
54100,0,-25,0,137048,0.000,-12.061
54110,0,-25,0,136961,0.000,-12.202
54120,0,-25,0,136875,0.000,-12.061
54130,0,-25,0,136789,0.000,-12.061
54140,0,-25,0,136704,0.000,-11.921
54150,0,-25,0,136619,0.000,-11.921
54160,0,-25,0,136534,0.000,-11.921
54170,0,-25,0,136450,0.000,-11.781
54180,0,-25,0,136364,0.000,-12.061
54190,0,-25,0,136279,0.000,-11.921
54200,0,-25,0,136194,0.000,-11.921
54210,0,-25,0,136109,0.000,-11.921
54220,0,-25,0,136025,0.000,-11.781
54230,0,-25,0,135940,0.000,-11.921
54240,0,-25,0,135855,0.000,-11.921
54250,0,-25,0,135770,0.000,-11.921
54260,0,-25,0,135685,0.000,-11.921
54270,0,-25,0,135601,0.000,-11.781
54280,0,-25,0,135516,0.000,-11.921
54290,0,-25,0,135431,0.000,-11.921
54300,0,-25,0,135346,0.000,-11.921
54310,0,-25,0,135261,0.000,-11.921
54320,0,-25,0,135176,0.000,-11.921
54330,0,-25,0,135090,0.000,-12.061
54340,0,-25,0,135004,0.000,-12.061
54350,0,-25,0,134918,0.000,-12.061
54360,0,-25,0,134832,0.000,-12.061
54370,0,-25,0,134745,0.000,-12.202
54380,0,-25,0,134658,0.000,-12.202
54390,0,-25,0,134571,0.000,-12.202
54400,0,-25,0,134483,0.000,-12.342
54410,0,-25,0,134395,0.000,-12.342
54420,0,-25,0,134307,0.000,-12.342
54430,0,-25,0,134218,0.000,-12.482
54440,0,-25,0,134130,0.000,-12.342
54450,0,-25,0,134040,0.000,-12.622
54460,0,-25,0,133951,0.000,-12.482
54470,0,-25,0,133861,0.000,-12.622
54480,0,-25,0,133772,0.000,-12.482
54490,0,-25,0,133683,0.000,-12.482
54500,0,-25,0,133594,0.000,-12.482
54510,0,-25,0,133504,0.000,-12.622
54520,0,-25,0,133415,0.000,-12.482
54530,0,-25,0,133326,0.000,-12.482
54540,0,-25,0,133238,0.000,-12.342
54550,0,-25,0,133150,0.000,-12.342
54560,0,-25,0,133062,0.000,-12.342
54570,0,-25,0,132974,0.000,-12.342
54580,0,-25,0,132886,0.000,-12.342
54590,0,-25,0,132799,0.000,-12.202
54600,0,-25,0,132713,0.000,-12.061
54610,0,-25,0,132626,0.000,-12.202
54620,0,-25,0,132540,0.000,-12.061
54630,0,-25,0,132454,0.000,-12.061
54640,0,-25,0,132368,0.000,-12.061
54650,0,-25,0,132282,0.000,-12.061
54660,0,-25,0,132197,0.000,-11.921
54670,0,-25,0,132112,0.000,-11.921
54680,0,-25,0,132027,0.000,-11.921
54690,0,-25,0,131942,0.000,-11.921
54700,0,-25,0,131857,0.000,-11.921
54710,0,-25,0,131772,0.000,-11.921
54720,0,-25,0,131687,0.000,-11.921
54730,0,-25,0,131602,0.000,-11.921
54740,0,-25,0,131518,0.000,-11.781
54750,0,-25,0,131433,0.000,-11.921
54760,0,-25,0,131348,0.000,-11.921
54770,0,-25,0,131263,0.000,-11.921
54780,0,-25,0,131178,0.000,-11.921
54790,0,-25,0,131093,0.000,-11.921
54800,0,-25,0,131008,0.000,-11.921
54810,0,-25,0,130923,0.000,-11.921
54820,0,-25,0,130838,0.000,-11.921
54830,0,-25,0,130753,0.000,-11.921
54840,0,-25,0,130668,0.000,-11.921
54850,0,-25,0,130582,0.000,-12.061
54860,0,-25,0,130497,0.000,-11.921
54870,0,-25,0,130412,0.000,-11.921
54880,0,-25,0,130326,0.000,-12.061
54890,0,-25,0,130240,0.000,-12.061
54900,0,-25,0,130154,0.000,-12.061
54910,0,-25,0,130068,0.000,-12.061
54920,0,-25,0,129980,0.000,-12.342
54930,0,-25,0,129893,0.000,-12.202
54940,0,-25,0,129805,0.000,-12.342
54950,0,-25,0,129717,0.000,-12.342
54960,0,-25,0,129629,0.000,-12.342
54970,0,-25,0,129539,0.000,-12.622
54980,0,-25,0,129450,0.000,-12.482
54990,0,-25,0,129361,0.000,-12.482
55000,0,-25,0,129271,0.000,-12.622
55010,0,-25,0,129182,0.000,-12.482
55020,0,-25,0,129092,0.000,-12.622
55030,0,-25,0,129002,0.000,-12.622
55040,0,-25,0,128913,0.000,-12.482
55050,0,-25,0,128824,0.000,-12.482
55060,0,-25,0,128734,0.000,-12.622
55070,0,-25,0,128646,0.000,-12.342
55080,0,-25,0,128557,0.000,-12.482
55090,0,-25,0,128468,0.000,-12.482
55100,0,-25,0,128380,0.000,-12.342
55110,0,-25,0,128292,0.000,-12.342
55120,0,-25,0,128205,0.000,-12.202
55130,0,-25,0,128118,0.000,-12.202
55140,0,-25,0,128032,0.000,-12.061
55150,0,-25,0,127946,0.000,-12.061
55160,0,-25,0,127860,0.000,-12.061
55170,0,-25,0,127774,0.000,-12.061
55180,0,-25,0,127688,0.000,-12.061
55190,0,-25,0,127603,0.000,-11.921
55200,0,-25,0,127517,0.000,-12.061
55210,0,-25,0,127432,0.000,-11.921
55220,0,-25,0,127346,0.000,-12.061
55230,0,-25,0,127261,0.000,-11.921
55240,0,-25,0,127176,0.000,-11.921
55250,0,-25,0,127090,0.000,-12.061
55260,0,-25,0,127005,0.000,-11.921
55270,0,-25,0,126919,0.000,-12.061
55280,0,-25,0,126834,0.000,-11.921
55290,0,-25,0,126749,0.000,-11.921
55300,0,-25,0,126665,0.000,-11.781
55310,0,-25,0,126580,0.000,-11.921
55320,0,-25,0,126495,0.000,-11.921
55330,0,-25,0,126410,0.000,-11.921
55340,0,-25,0,126324,0.000,-12.061
55350,0,-25,0,126239,0.000,-11.921
55360,0,-25,0,126153,0.000,-12.061
55370,0,-25,0,126068,0.000,-11.921
55380,0,-25,0,125982,0.000,-12.061
55390,0,-25,0,125896,0.000,-12.061
55400,0,-25,0,125809,0.000,-12.202
55410,0,-25,0,125722,0.000,-12.202
55420,0,-25,0,125635,0.000,-12.202
55430,0,-25,0,125548,0.000,-12.202
55440,0,-25,0,125461,0.000,-12.202
55450,0,-25,0,125373,0.000,-12.342
55460,0,-25,0,125286,0.000,-12.202
55470,0,-25,0,125197,0.000,-12.482
55480,0,-25,0,125108,0.000,-12.482
55490,0,-25,0,125019,0.000,-12.482
55500,0,-25,0,124930,0.000,-12.482
55510,0,-25,0,124840,0.000,-12.622
55520,0,-25,0,124750,0.000,-12.622
55530,0,-25,0,124660,0.000,-12.622
55540,0,-25,0,124570,0.000,-12.622
55550,0,-25,0,124481,0.000,-12.482
55560,0,-25,0,124391,0.000,-12.622
55570,0,-25,0,124302,0.000,-12.482
55580,0,-25,0,124213,0.000,-12.482
55590,0,-25,0,124124,0.000,-12.482
55600,0,-25,0,124036,0.000,-12.342
55610,0,-25,0,123948,0.000,-12.342
55620,0,-25,0,123860,0.000,-12.342
55630,0,-25,0,123772,0.000,-12.342
55640,0,-25,0,123685,0.000,-12.202
55650,0,-25,0,123598,0.000,-12.202
55660,0,-25,0,123511,0.000,-12.202
55670,0,-25,0,123425,0.000,-12.061
55680,0,-25,0,123338,0.000,-12.202
55690,0,-25,0,123252,0.000,-12.061
55700,0,-25,0,123167,0.000,-11.921
55710,0,-25,0,123081,0.000,-12.061
55720,0,-25,0,122996,0.000,-11.921
55730,0,-25,0,122911,0.000,-11.921
55740,0,-25,0,122826,0.000,-11.921
55750,0,-25,0,122741,0.000,-11.921
55760,0,-25,0,122656,0.000,-11.921
55770,0,-25,0,122571,0.000,-11.921
55780,0,-25,0,122486,0.000,-11.921
55790,0,-25,0,122401,0.000,-11.921
55800,0,-25,0,122316,0.000,-11.921
55810,0,-25,0,122231,0.000,-11.921
55820,0,-25,0,122146,0.000,-11.921
55830,0,-25,0,122062,0.000,-11.781
55840,0,-25,0,121977,0.000,-11.921
55850,0,-25,0,121892,0.000,-11.921
55860,0,-25,0,121807,0.000,-11.921
55870,0,-25,0,121722,0.000,-11.921
55880,0,-25,0,121636,0.000,-12.061
55890,0,-25,0,121550,0.000,-12.061
55900,0,-25,0,121464,0.000,-12.061
55910,0,-25,0,121378,0.000,-12.061
55920,0,-25,0,121291,0.000,-12.202
55930,0,-25,0,121205,0.000,-12.061
55940,0,-25,0,121117,0.000,-12.342
55950,0,-25,0,121030,0.000,-12.202
55960,0,-25,0,120942,0.000,-12.342
55970,0,-25,0,120854,0.000,-12.342
55980,0,-25,0,120766,0.000,-12.342
55990,0,-25,0,120678,0.000,-12.342
56000,0,-25,0,120589,0.000,-12.482
56010,0,0,0,120501,0.000,-12.342
56020,0,0,0,120412,0.000,-12.482
56030,0,0,0,120324,0.000,-12.342
56040,0,0,0,120242,0.000,-11.500
56050,0,0,0,120167,0.000,-10.519
56060,0,0,0,120105,0.000,-8.695
56070,0,0,0,120057,0.000,-6.732
56080,0,0,0,120020,0.000,-5.189
56090,0,0,0,119994,0.000,-3.646
56100,0,0,0,119975,0.000,-2.665
56110,0,0,0,119962,0.000,-1.823
56120,0,0,0,119954,0.000,-1.122
56130,0,0,0,119949,0.000,-0.701
56140,0,0,0,119946,0.000,-0.421
56150,0,0,0,119946,0.000,0.000
56160,0,0,0,119946,0.000,0.000
56170,0,0,0,119948,0.000,0.280
56180,0,0,0,119948,0.000,0.000
56190,0,0,0,119949,0.000,0.140
56200,0,0,0,119949,0.000,0.000
56210,0,0,0,119949,0.000,0.000
56220,0,0,0,119949,0.000,0.000
56230,0,0,0,119949,0.000,0.000
56240,0,0,0,119949,0.000,0.000
56250,0,0,0,119949,0.000,0.000
56260,0,0,0,119949,0.000,0.000
56270,0,0,0,119949,0.000,0.000
56280,0,0,0,119949,0.000,0.000
56290,0,0,0,119949,0.000,0.000
56300,0,0,0,119949,0.000,0.000
56310,0,0,0,119949,0.000,0.000
56320,0,0,0,119949,0.000,0.000
56330,0,0,0,119949,0.000,0.000
56340,0,0,0,119949,0.000,0.000
56350,0,0,0,119949,0.000,0.000
56360,0,0,0,119949,0.000,0.000
56370,0,0,0,119949,0.000,0.000
56380,0,0,0,119949,0.000,0.000
56390,0,0,0,119949,0.000,0.000
56400,0,0,0,119949,0.000,0.000
56410,0,0,0,119949,0.000,0.000
56420,0,0,0,119949,0.000,0.000
56430,0,0,0,119949,0.000,0.000
56440,0,0,0,119949,0.000,0.000
56450,0,0,0,119949,0.000,0.000
56460,0,0,0,119949,0.000,0.000
56470,0,0,0,119949,0.000,0.000
56480,0,0,0,119949,0.000,0.000
56490,0,0,0,119949,0.000,0.000
56500,0,0,0,119949,0.000,0.000
56510,0,0,0,119949,0.000,0.000
56520,0,0,0,119949,0.000,0.000
56530,0,0,0,119949,0.000,0.000
56540,0,0,0,119949,0.000,0.000
56550,0,0,0,119949,0.000,0.000
56560,0,0,0,119949,0.000,0.000
56570,0,0,0,119949,0.000,0.000
56580,0,0,0,119949,0.000,0.000
56590,0,0,0,119949,0.000,0.000
56600,0,0,0,119949,0.000,0.000
56610,0,0,0,119949,0.000,0.000
56620,0,0,0,119949,0.000,0.000
56630,0,0,0,119949,0.000,0.000
56640,0,0,0,119949,0.000,0.000
56650,0,0,0,119949,0.000,0.000
56660,0,0,0,119949,0.000,0.000
56670,0,0,0,119949,0.000,0.000
56680,0,0,0,119949,0.000,0.000
56690,0,0,0,119949,0.000,0.000
56700,0,0,0,119949,0.000,0.000
56710,0,0,0,119949,0.000,0.000
56720,0,0,0,119949,0.000,0.000
56730,0,0,0,119949,0.000,0.000
56740,0,0,0,119949,0.000,0.000
56750,0,0,0,119949,0.000,0.000
56760,0,0,0,119949,0.000,0.000
56770,0,0,0,119949,0.000,0.000
56780,0,0,0,119949,0.000,0.000
56790,0,0,0,119949,0.000,0.000
56800,0,0,0,119949,0.000,0.000
56810,0,0,0,119949,0.000,0.000
56820,0,0,0,119949,0.000,0.000
56830,0,0,0,119949,0.000,0.000
56840,0,0,0,119949,0.000,0.000
56850,0,0,0,119949,0.000,0.000
56860,0,0,0,119949,0.000,0.000
56870,0,0,0,119949,0.000,0.000
56880,0,0,0,119949,0.000,0.000
56890,0,0,0,119949,0.000,0.000
56900,0,0,0,119949,0.000,0.000
56910,0,0,0,119949,0.000,0.000
56920,0,0,0,119949,0.000,0.000
56930,0,0,0,119949,0.000,0.000
56940,0,0,0,119949,0.000,0.000
56950,0,0,0,119949,0.000,0.000
56960,0,0,0,119949,0.000,0.000
56970,0,0,0,119949,0.000,0.000
56980,0,0,0,119949,0.000,0.000
56990,0,0,0,119949,0.000,0.000
57000,0,0,0,119949,0.000,0.000
57010,0,0,0,119949,0.000,0.000
57020,0,0,0,119949,0.000,0.000
57030,0,0,0,119949,0.000,0.000
57040,0,0,0,119949,0.000,0.000
57050,0,0,0,119949,0.000,0.000
57060,0,0,0,119949,0.000,0.000
57070,0,0,0,119949,0.000,0.000
57080,0,0,0,119949,0.000,0.000
57090,0,0,0,119949,0.000,0.000
57100,0,0,0,119949,0.000,0.000
57110,0,0,0,119949,0.000,0.000
57120,0,0,0,119949,0.000,0.000
57130,0,0,0,119949,0.000,0.000
57140,0,0,0,119949,0.000,0.000
57150,0,0,0,119949,0.000,0.000
57160,0,0,0,119949,0.000,0.000
57170,0,0,0,119949,0.000,0.000
57180,0,0,0,119949,0.000,0.000
57190,0,0,0,119949,0.000,0.000
57200,0,0,0,119949,0.000,0.000
57210,0,0,0,119949,0.000,0.000
57220,0,0,0,119949,0.000,0.000
57230,0,0,0,119949,0.000,0.000
57240,0,0,0,119948,0.000,-0.140
57250,0,0,0,119948,0.000,0.000
57260,0,0,0,119948,0.000,0.000
57270,0,0,0,119948,0.000,0.000
57280,0,0,0,119948,0.000,0.000
57290,0,0,0,119948,0.000,0.000
57300,0,0,0,119948,0.000,0.000
57310,0,0,0,119948,0.000,0.000
57320,0,0,0,119948,0.000,0.000
57330,0,0,0,119948,0.000,0.000
57340,0,0,0,119948,0.000,0.000
57350,0,0,0,119948,0.000,0.000
57360,0,0,0,119948,0.000,0.000
57370,0,0,0,119948,0.000,0.000
57380,0,0,0,119948,0.000,0.000
57390,0,0,0,119948,0.000,0.000
57400,0,0,0,119948,0.000,0.000
57410,0,0,0,119948,0.000,0.000
57420,0,0,0,119948,0.000,0.000
57430,0,0,0,119948,0.000,0.000
57440,0,0,0,119948,0.000,0.000
57450,0,0,0,119948,0.000,0.000
57460,0,0,0,119948,0.000,0.000
57470,0,0,0,119948,0.000,0.000
57480,0,0,0,119948,0.000,0.000
57490,0,0,0,119948,0.000,0.000
57500,0,0,0,119948,0.000,0.000
57510,0,0,0,119948,0.000,0.000
57520,0,0,0,119948,0.000,0.000
57530,0,0,0,119948,0.000,0.000
57540,0,0,0,119948,0.000,0.000
57550,0,0,0,119948,0.000,0.000
57560,0,0,0,119948,0.000,0.000
57570,0,0,0,119948,0.000,0.000
57580,0,0,0,119948,0.000,0.000
57590,0,0,0,119948,0.000,0.000
57600,0,0,0,119948,0.000,0.000
57610,0,0,0,119948,0.000,0.000
57620,0,0,0,119948,0.000,0.000
57630,0,0,0,119948,0.000,0.000
57640,0,0,0,119948,0.000,0.000
57650,0,0,0,119948,0.000,0.000
57660,0,0,0,119948,0.000,0.000
57670,0,0,0,119948,0.000,0.000
57680,0,0,0,119948,0.000,0.000
57690,0,0,0,119948,0.000,0.000
57700,0,0,0,119948,0.000,0.000
57710,0,0,0,119948,0.000,0.000
57720,0,0,0,119949,0.000,0.140
57730,0,0,0,119949,0.000,0.000
57740,0,0,0,119949,0.000,0.000
57750,0,0,0,119949,0.000,0.000
57760,0,0,0,119949,0.000,0.000
57770,0,0,0,119949,0.000,0.000
57780,0,0,0,119949,0.000,0.000
57790,0,0,0,119949,0.000,0.000
57800,0,0,0,119949,0.000,0.000
57810,0,0,0,119949,0.000,0.000
57820,0,0,0,119949,0.000,0.000
57830,0,0,0,119949,0.000,0.000
57840,0,0,0,119949,0.000,0.000
57850,0,0,0,119949,0.000,0.000
57860,0,0,0,119949,0.000,0.000
57870,0,0,0,119950,0.000,0.140
57880,0,0,0,119950,0.000,0.000
57890,0,0,0,119950,0.000,0.000
57900,0,0,0,119951,0.000,0.140
57910,0,0,0,119952,0.000,0.140
57920,0,0,0,119954,0.000,0.280
57930,0,0,0,119956,0.000,0.280
57940,0,0,0,119957,0.000,0.140
57950,0,0,0,119958,0.000,0.140
57960,0,0,0,119958,0.000,0.000
57970,0,0,0,119958,0.000,0.000
57980,0,0,0,119958,0.000,0.000
57990,0,0,0,119958,0.000,0.000
58000,0,0,0,119958,0.000,0.000
58010,0,0,0,119958,0.000,0.000
58020,0,0,0,119958,0.000,0.000
58030,0,0,0,119958,0.000,0.000
58040,0,0,0,119958,0.000,0.000
58050,0,0,0,119958,0.000,0.000
58060,0,0,0,119958,0.000,0.000
58070,0,0,0,119958,0.000,0.000
58080,0,0,0,119958,0.000,0.000
58090,0,0,0,119958,0.000,0.000
58100,0,0,0,119958,0.000,0.000
58110,0,0,0,119958,0.000,0.000
58120,0,0,0,119958,0.000,0.000
58130,0,0,0,119958,0.000,0.000
58140,0,0,0,119958,0.000,0.000
58150,0,0,0,119958,0.000,0.000
58160,0,0,0,119958,0.000,0.000
58170,0,0,0,119958,0.000,0.000
58180,0,0,0,119958,0.000,0.000
58190,0,0,0,119958,0.000,0.000
58200,0,0,0,119958,0.000,0.000
58210,0,0,0,119958,0.000,0.000
58220,0,0,0,119958,0.000,0.000
58230,0,0,0,119958,0.000,0.000
58240,0,0,0,119958,0.000,0.000
58250,0,0,0,119958,0.000,0.000
58260,0,0,0,119958,0.000,0.000
58270,0,0,0,119958,0.000,0.000
58280,0,0,0,119958,0.000,0.000
58290,0,0,0,119958,0.000,0.000
58300,0,0,0,119958,0.000,0.000
58310,0,0,0,119958,0.000,0.000
58320,0,0,0,119958,0.000,0.000
58330,0,0,0,119958,0.000,0.000
58340,0,0,0,119958,0.000,0.000
58350,0,0,0,119958,0.000,0.000
58360,0,0,0,119958,0.000,0.000
58370,0,0,0,119958,0.000,0.000
58380,0,0,0,119958,0.000,0.000
58390,0,0,0,119958,0.000,0.000
58400,0,0,0,119958,0.000,0.000
58410,0,0,0,119958,0.000,0.000
58420,0,0,0,119958,0.000,0.000
58430,0,0,0,119958,0.000,0.000
58440,0,0,0,119958,0.000,0.000
58450,0,0,0,119958,0.000,0.000
58460,0,0,0,119958,0.000,0.000
58470,0,0,0,119958,0.000,0.000
58480,0,0,0,119958,0.000,0.000
58490,0,0,0,119958,0.000,0.000
58500,0,0,0,119958,0.000,0.000
58510,0,0,0,119958,0.000,0.000
58520,0,0,0,119958,0.000,0.000
58530,0,0,0,119958,0.000,0.000
58540,0,0,0,119958,0.000,0.000
58550,0,0,0,119958,0.000,0.000
58560,0,0,0,119958,0.000,0.000
58570,0,0,0,119958,0.000,0.000
58580,0,0,0,119958,0.000,0.000
58590,0,0,0,119958,0.000,0.000
58600,0,0,0,119958,0.000,0.000
58610,0,0,0,119958,0.000,0.000
58620,0,0,0,119958,0.000,0.000
58630,0,0,0,119958,0.000,0.000
58640,0,0,0,119958,0.000,0.000
58650,0,0,0,119958,0.000,0.000
58660,0,0,0,119958,0.000,0.000
58670,0,0,0,119958,0.000,0.000
58680,0,0,0,119958,0.000,0.000
58690,0,0,0,119958,0.000,0.000
58700,0,0,0,119958,0.000,0.000
58710,0,0,0,119958,0.000,0.000
58720,0,0,0,119958,0.000,0.000
58730,0,0,0,119958,0.000,0.000
58740,0,0,0,119958,0.000,0.000
58750,0,0,0,119958,0.000,0.000
58760,0,0,0,119958,0.000,0.000
58770,0,0,0,119958,0.000,0.000
58780,0,0,0,119958,0.000,0.000
58790,0,0,0,119958,0.000,0.000
58800,0,0,0,119958,0.000,0.000
58810,0,0,0,119958,0.000,0.000
58820,0,0,0,119958,0.000,0.000
58830,0,0,0,119958,0.000,0.000
58840,0,0,0,119958,0.000,0.000
58850,0,0,0,119958,0.000,0.000
58860,0,0,0,119958,0.000,0.000
58870,0,0,0,119958,0.000,0.000
58880,0,0,0,119958,0.000,0.000
58890,0,0,0,119958,0.000,0.000
58900,0,0,0,119958,0.000,0.000
58910,0,0,0,119958,0.000,0.000
58920,0,0,0,119958,0.000,0.000
58930,0,0,0,119958,0.000,0.000
58940,0,0,0,119958,0.000,0.000
58950,0,0,0,119958,0.000,0.000
58960,0,0,0,119958,0.000,0.000
58970,0,0,0,119958,0.000,0.000
58980,0,0,0,119958,0.000,0.000
58990,0,0,0,119958,0.000,0.000
59000,0,0,0,119958,0.000,0.000
59010,0,-25,0,119958,0.000,0.000
59020,0,-25,0,119958,0.000,0.000
59030,0,-25,0,119958,0.000,0.000
59040,0,-25,0,119949,0.000,-1.262
59050,0,-25,0,119930,0.000,-2.665
59060,0,-25,0,119903,0.000,-3.787
59070,0,-25,0,119869,0.000,-4.768
59080,0,-25,0,119828,0.000,-5.750
59090,0,-25,0,119782,0.000,-6.451
59100,0,-25,0,119728,0.000,-7.573
59110,0,-25,0,119670,0.000,-8.134
59120,0,-25,0,119605,0.000,-9.116
59130,0,-25,0,119536,0.000,-9.677
59140,0,-25,0,119465,0.000,-9.958
59150,0,-25,0,119390,0.000,-10.519
59160,0,-25,0,119313,0.000,-10.799
59170,0,-25,0,119235,0.000,-10.939
59180,0,-25,0,119155,0.000,-11.220
59190,0,-25,0,119074,0.000,-11.360
59200,0,-25,0,118994,0.000,-11.220
59210,0,-25,0,118912,0.000,-11.500
59220,0,-25,0,118830,0.000,-11.500
59230,0,-25,0,118749,0.000,-11.360
59240,0,-25,0,118667,0.000,-11.500
59250,0,-25,0,118585,0.000,-11.500
59260,0,-25,0,118502,0.000,-11.641
59270,0,-25,0,118419,0.000,-11.641
59280,0,-25,0,118336,0.000,-11.641
59290,0,-25,0,118252,0.000,-11.781
59300,0,-25,0,118169,0.000,-11.641
59310,0,-25,0,118085,0.000,-11.781
59320,0,-25,0,118001,0.000,-11.781
59330,0,-25,0,117918,0.000,-11.641
59340,0,-25,0,117834,0.000,-11.781
59350,0,-25,0,117750,0.000,-11.781
59360,0,-25,0,117666,0.000,-11.781
59370,0,-25,0,117583,0.000,-11.641
59380,0,-25,0,117499,0.000,-11.781
59390,0,-25,0,117415,0.000,-11.781
59400,0,-25,0,117331,0.000,-11.781
59410,0,-25,0,117246,0.000,-11.921
59420,0,-25,0,117162,0.000,-11.781
59430,0,-25,0,117077,0.000,-11.921
59440,0,-25,0,116992,0.000,-11.921
59450,0,-25,0,116907,0.000,-11.921
59460,0,-25,0,116822,0.000,-11.921
59470,0,-25,0,116737,0.000,-11.921
59480,0,-25,0,116651,0.000,-12.061
59490,0,-25,0,116565,0.000,-12.061
59500,0,-25,0,116478,0.000,-12.202
59510,0,-25,0,116391,0.000,-12.202
59520,0,-25,0,116304,0.000,-12.202
59530,0,-25,0,116216,0.000,-12.342
59540,0,-25,0,116128,0.000,-12.342
59550,0,-25,0,116039,0.000,-12.482
59560,0,-25,0,115950,0.000,-12.482
59570,0,-25,0,115861,0.000,-12.482
59580,0,-25,0,115773,0.000,-12.342
59590,0,-25,0,115684,0.000,-12.482
59600,0,-25,0,115595,0.000,-12.482
59610,0,-25,0,115506,0.000,-12.482
59620,0,-25,0,115417,0.000,-12.482
59630,0,-25,0,115329,0.000,-12.342
59640,0,-25,0,115241,0.000,-12.342
59650,0,-25,0,115153,0.000,-12.342
59660,0,-25,0,115065,0.000,-12.342
59670,0,-25,0,114977,0.000,-12.342
59680,0,-25,0,114890,0.000,-12.202
59690,0,-25,0,114802,0.000,-12.342
59700,0,-25,0,114715,0.000,-12.202
59710,0,-25,0,114629,0.000,-12.061
59720,0,-25,0,114542,0.000,-12.202
59730,0,-25,0,114456,0.000,-12.061
59740,0,-25,0,114370,0.000,-12.061
59750,0,-25,0,114284,0.000,-12.061
59760,0,-25,0,114199,0.000,-11.921
59770,0,-25,0,114114,0.000,-11.921
59780,0,-25,0,114028,0.000,-12.061
59790,0,-25,0,113943,0.000,-11.921
59800,0,-25,0,113858,0.000,-11.921
59810,0,-25,0,113773,0.000,-11.921
59820,0,-25,0,113688,0.000,-11.921
59830,0,-25,0,113603,0.000,-11.921
59840,0,-25,0,113518,0.000,-11.921
59850,0,-25,0,113434,0.000,-11.781
59860,0,-25,0,113349,0.000,-11.921
59870,0,-25,0,113264,0.000,-11.921
59880,0,-25,0,113180,0.000,-11.781
59890,0,-25,0,113095,0.000,-11.921
59900,0,-25,0,113010,0.000,-11.921
59910,0,-25,0,112925,0.000,-11.921
59920,0,-25,0,112840,0.000,-11.921
59930,0,-25,0,112755,0.000,-11.921
59940,0,-25,0,112669,0.000,-12.061
59950,0,-25,0,112584,0.000,-11.921
59960,0,-25,0,112498,0.000,-12.061
59970,0,-25,0,112411,0.000,-12.202
59980,0,-25,0,112325,0.000,-12.061
59990,0,-25,0,112238,0.000,-12.202
60000,0,-25,0,112150,0.000,-12.342
60010,0,-25,0,112063,0.000,-12.202
60020,0,-25,0,111976,0.000,-12.202
60030,0,-25,0,111888,0.000,-12.342
60040,0,-25,0,111800,0.000,-12.342
60050,0,-25,0,111711,0.000,-12.482
60060,0,-25,0,111622,0.000,-12.482
60070,0,-25,0,111534,0.000,-12.342
60080,0,-25,0,111445,0.000,-12.482
60090,0,-25,0,111356,0.000,-12.482
60100,0,-25,0,111266,0.000,-12.622
60110,0,-25,0,111177,0.000,-12.482
60120,0,-25,0,111088,0.000,-12.482
60130,0,-25,0,111000,0.000,-12.342
60140,0,-25,0,110911,0.000,-12.482
60150,0,-25,0,110822,0.000,-12.482
60160,0,-25,0,110734,0.000,-12.342
60170,0,-25,0,110645,0.000,-12.482
60180,0,-25,0,110557,0.000,-12.342
60190,0,-25,0,110470,0.000,-12.202
60200,0,-25,0,110382,0.000,-12.342
60210,0,-25,0,110294,0.000,-12.342
60220,0,-25,0,110207,0.000,-12.202
60230,0,-25,0,110120,0.000,-12.202
60240,0,-25,0,110033,0.000,-12.202
60250,0,-25,0,109947,0.000,-12.061
60260,0,-25,0,109861,0.000,-12.061
60270,0,-25,0,109775,0.000,-12.061
60280,0,-25,0,109690,0.000,-11.921
60290,0,-25,0,109605,0.000,-11.921
60300,0,-25,0,109521,0.000,-11.781
60310,0,-25,0,109436,0.000,-11.921
60320,0,-25,0,109351,0.000,-11.921
60330,0,-25,0,109267,0.000,-11.781
60340,0,-25,0,109182,0.000,-11.921
60350,0,-25,0,109097,0.000,-11.921
60360,0,-25,0,109013,0.000,-11.781
60370,0,-25,0,108927,0.000,-12.061
60380,0,-25,0,108842,0.000,-11.921
60390,0,-25,0,108758,0.000,-11.781
60400,0,-25,0,108673,0.000,-11.921
60410,0,-25,0,108589,0.000,-11.781
60420,0,-25,0,108504,0.000,-11.921
60430,0,-25,0,108420,0.000,-11.781
60440,0,-25,0,108334,0.000,-12.061
60450,0,-25,0,108250,0.000,-11.781
60460,0,-25,0,108164,0.000,-12.061
60470,0,-25,0,108078,0.000,-12.061
60480,0,-25,0,107992,0.000,-12.061
60490,0,-25,0,107906,0.000,-12.061
60500,0,-25,0,107819,0.000,-12.202
60510,0,-25,0,107733,0.000,-12.061
60520,0,-25,0,107645,0.000,-12.342
60530,0,-25,0,107558,0.000,-12.202
60540,0,-25,0,107470,0.000,-12.342
60550,0,-25,0,107382,0.000,-12.342
60560,0,-25,0,107294,0.000,-12.342
60570,0,-25,0,107205,0.000,-12.482
60580,0,-25,0,107116,0.000,-12.482
60590,0,-25,0,107026,0.000,-12.622
60600,0,-25,0,106937,0.000,-12.482
60610,0,-25,0,106847,0.000,-12.622
60620,0,-25,0,106758,0.000,-12.482
60630,0,-25,0,106668,0.000,-12.622
60640,0,-25,0,106578,0.000,-12.622
60650,0,-25,0,106489,0.000,-12.482
60660,0,-25,0,106399,0.000,-12.622
60670,0,-25,0,106310,0.000,-12.482
60680,0,-25,0,106221,0.000,-12.482
60690,0,-25,0,106133,0.000,-12.342
60700,0,-25,0,106044,0.000,-12.482
60710,0,-25,0,105956,0.000,-12.342
60720,0,-25,0,105867,0.000,-12.482
60730,0,-25,0,105780,0.000,-12.202
60740,0,-25,0,105693,0.000,-12.202
60750,0,-25,0,105606,0.000,-12.202
60760,0,-25,0,105520,0.000,-12.061
60770,0,-25,0,105434,0.000,-12.061
60780,0,-25,0,105348,0.000,-12.061
60790,0,-25,0,105263,0.000,-11.921
60800,0,-25,0,105178,0.000,-11.921
60810,0,-25,0,105093,0.000,-11.921
60820,0,-25,0,105007,0.000,-12.061
60830,0,-25,0,104922,0.000,-11.921
60840,0,-25,0,104837,0.000,-11.921
60850,0,-25,0,104752,0.000,-11.921
60860,0,-25,0,104667,0.000,-11.921
60870,0,-25,0,104581,0.000,-12.061
60880,0,-25,0,104496,0.000,-11.921
60890,0,-25,0,104410,0.000,-12.061
60900,0,-25,0,104325,0.000,-11.921
60910,0,-25,0,104240,0.000,-11.921
60920,0,-25,0,104154,0.000,-12.061
60930,0,-25,0,104069,0.000,-11.921
60940,0,-25,0,103984,0.000,-11.921
60950,0,-25,0,103898,0.000,-12.061
60960,0,-25,0,103813,0.000,-11.921
60970,0,-25,0,103727,0.000,-12.061
60980,0,-25,0,103641,0.000,-12.061
60990,0,-25,0,103556,0.000,-11.921
61000,0,-25,0,103470,0.000,-12.061
61010,0,-25,0,103383,0.000,-12.202
61020,0,-25,0,103297,0.000,-12.061
61030,0,-25,0,103210,0.000,-12.202
61040,0,-25,0,103122,0.000,-12.342
61050,0,-25,0,103035,0.000,-12.202
61060,0,-25,0,102947,0.000,-12.342
61070,0,-25,0,102859,0.000,-12.342
61080,0,-25,0,102770,0.000,-12.482
61090,0,-25,0,102681,0.000,-12.482
61100,0,-25,0,102592,0.000,-12.482
61110,0,-25,0,102502,0.000,-12.622
61120,0,-25,0,102413,0.000,-12.482
61130,0,-25,0,102322,0.000,-12.763
61140,0,-25,0,102233,0.000,-12.482
61150,0,-25,0,102142,0.000,-12.763
61160,0,-25,0,102053,0.000,-12.482
61170,0,-25,0,101963,0.000,-12.622
61180,0,-25,0,101874,0.000,-12.482
61190,0,-25,0,101785,0.000,-12.482
61200,0,-25,0,101696,0.000,-12.482
61210,0,-25,0,101607,0.000,-12.482
61220,0,-25,0,101518,0.000,-12.482
61230,0,-25,0,101430,0.000,-12.342
61240,0,-25,0,101342,0.000,-12.342
61250,0,-25,0,101254,0.000,-12.342
61260,0,-25,0,101166,0.000,-12.342
61270,0,-25,0,101079,0.000,-12.202
61280,0,-25,0,100992,0.000,-12.202
61290,0,-25,0,100905,0.000,-12.202
61300,0,-25,0,100819,0.000,-12.061
61310,0,-25,0,100733,0.000,-12.061
61320,0,-25,0,100648,0.000,-11.921
61330,0,-25,0,100563,0.000,-11.921
61340,0,-25,0,100478,0.000,-11.921
61350,0,-25,0,100393,0.000,-11.921
61360,0,-25,0,100309,0.000,-11.781
61370,0,-25,0,100224,0.000,-11.921
61380,0,-25,0,100140,0.000,-11.781
61390,0,-25,0,100056,0.000,-11.781
61400,0,-25,0,99971,0.000,-11.921
61410,0,-25,0,99887,0.000,-11.781
61420,0,-25,0,99802,0.000,-11.921
61430,0,-25,0,99718,0.000,-11.781
61440,0,-25,0,99634,0.000,-11.781
61450,0,-25,0,99549,0.000,-11.921
61460,0,-25,0,99465,0.000,-11.781
61470,0,-25,0,99380,0.000,-11.921
61480,0,-25,0,99295,0.000,-11.921
61490,0,-25,0,99210,0.000,-11.921
61500,0,-25,0,99125,0.000,-11.921
61510,0,-25,0,99040,0.000,-11.921
61520,0,-25,0,98953,0.000,-12.202
61530,0,-25,0,98867,0.000,-12.061
61540,0,-25,0,98780,0.000,-12.202
61550,0,-25,0,98693,0.000,-12.202
61560,0,-25,0,98605,0.000,-12.342
61570,0,-25,0,98517,0.000,-12.342
61580,0,-25,0,98429,0.000,-12.342
61590,0,-25,0,98340,0.000,-12.482
61600,0,-25,0,98251,0.000,-12.482
61610,0,-25,0,98162,0.000,-12.482
61620,0,-25,0,98072,0.000,-12.622
61630,0,-25,0,97983,0.000,-12.482
61640,0,-25,0,97893,0.000,-12.622
61650,0,-25,0,97803,0.000,-12.622
61660,0,-25,0,97713,0.000,-12.622
61670,0,-25,0,97624,0.000,-12.482
61680,0,-25,0,97534,0.000,-12.622
61690,0,-25,0,97444,0.000,-12.622
61700,0,-25,0,97354,0.000,-12.622
61710,0,-25,0,97265,0.000,-12.482
61720,0,-25,0,97176,0.000,-12.482
61730,0,-25,0,97087,0.000,-12.482
61740,0,-25,0,96999,0.000,-12.342
61750,0,-25,0,96910,0.000,-12.482
61760,0,-25,0,96822,0.000,-12.342
61770,0,-25,0,96735,0.000,-12.202
61780,0,-25,0,96647,0.000,-12.342
61790,0,-25,0,96560,0.000,-12.202
61800,0,-25,0,96473,0.000,-12.202
61810,0,-25,0,96387,0.000,-12.061
61820,0,-25,0,96301,0.000,-12.061
61830,0,-25,0,96215,0.000,-12.061
61840,0,-25,0,96130,0.000,-11.921
61850,0,-25,0,96044,0.000,-12.061
61860,0,-25,0,95959,0.000,-11.921
61870,0,-25,0,95874,0.000,-11.921
61880,0,-25,0,95789,0.000,-11.921
61890,0,-25,0,95705,0.000,-11.781
61900,0,-25,0,95620,0.000,-11.921
61910,0,-25,0,95535,0.000,-11.921
61920,0,-25,0,95450,0.000,-11.921
61930,0,-25,0,95365,0.000,-11.921
61940,0,-25,0,95280,0.000,-11.921
61950,0,-25,0,95195,0.000,-11.921
61960,0,-25,0,95110,0.000,-11.921
61970,0,-25,0,95026,0.000,-11.781
61980,0,-25,0,94941,0.000,-11.921
61990,0,-25,0,94857,0.000,-11.781
62000,0,-25,0,94772,0.000,-11.921
62010,0,0,1,94687,0.140,-11.921
62020,0,0,1,94602,0.000,-11.921
62030,0,0,1,94518,0.000,-11.781
62040,0,0,1,94439,0.000,-11.080
62050,0,0,1,94369,0.000,-9.817
62060,0,0,1,94311,0.000,-8.134
62070,0,0,1,94268,0.000,-6.031
62080,0,0,1,94235,0.000,-4.628
62090,0,0,1,94211,0.000,-3.366
62100,0,0,1,94196,0.000,-2.104
62110,0,0,1,94187,0.000,-1.262
62120,0,0,1,94181,0.000,-0.841
62130,0,0,1,94179,0.000,-0.280
62140,0,0,1,94178,0.000,-0.140
62150,0,0,1,94178,0.000,0.000
62160,0,0,1,94178,0.000,0.000
62170,0,0,1,94178,0.000,0.000
62180,0,0,1,94179,0.000,0.140
62190,0,0,1,94179,0.000,0.000
62200,0,0,1,94179,0.000,0.000
62210,0,0,1,94179,0.000,0.000
62220,0,0,1,94179,0.000,0.000
62230,0,0,1,94179,0.000,0.000
62240,0,0,1,94179,0.000,0.000
62250,0,0,1,94179,0.000,0.000
62260,0,0,1,94179,0.000,0.000
62270,0,0,1,94180,0.000,0.140
62280,0,0,1,94181,0.000,0.140
62290,0,0,1,94182,0.000,0.140
62300,0,0,1,94184,0.000,0.280
62310,0,0,1,94186,0.000,0.280
62320,0,0,1,94188,0.000,0.280
62330,0,0,1,94189,0.000,0.140
62340,0,0,1,94189,0.000,0.000
62350,0,0,1,94189,0.000,0.000
62360,0,0,1,94189,0.000,0.000
62370,0,0,1,94189,0.000,0.000
62380,0,0,1,94189,0.000,0.000
62390,0,0,1,94189,0.000,0.000
62400,0,0,1,94189,0.000,0.000
62410,0,0,1,94189,0.000,0.000
62420,0,0,1,94189,0.000,0.000
62430,0,0,1,94189,0.000,0.000
62440,0,0,1,94189,0.000,0.000
62450,0,0,1,94189,0.000,0.000
62460,0,0,1,94189,0.000,0.000
62470,0,0,1,94190,0.000,0.140
62480,0,0,1,94190,0.000,0.000
62490,0,0,1,94190,0.000,0.000
62500,0,0,1,94190,0.000,0.000
62510,0,0,0,94190,-0.140,0.000
62520,0,0,0,94190,0.000,0.000
62530,0,0,0,94190,0.000,0.000
62540,0,0,0,94190,0.000,0.000
62550,0,0,0,94190,0.000,0.000
62560,0,0,0,94190,0.000,0.000
62570,0,0,0,94190,0.000,0.000
62580,0,0,0,94190,0.000,0.000
62590,0,0,0,94190,0.000,0.000
62600,0,0,0,94190,0.000,0.000
62610,0,0,0,94190,0.000,0.000
62620,0,0,0,94190,0.000,0.000
62630,0,0,0,94190,0.000,0.000
62640,0,0,0,94190,0.000,0.000
62650,0,0,0,94190,0.000,0.000
62660,0,0,0,94190,0.000,0.000
62670,0,0,0,94190,0.000,0.000
62680,0,0,0,94190,0.000,0.000
62690,0,0,0,94190,0.000,0.000
62700,0,0,0,94190,0.000,0.000
62710,0,0,0,94190,0.000,0.000
62720,0,0,0,94190,0.000,0.000
62730,0,0,0,94190,0.000,0.000
62740,0,0,0,94190,0.000,0.000
62750,0,0,0,94190,0.000,0.000
62760,0,0,0,94190,0.000,0.000
62770,0,0,0,94190,0.000,0.000
62780,0,0,0,94190,0.000,0.000
62790,0,0,0,94190,0.000,0.000
62800,0,0,0,94190,0.000,0.000
62810,0,0,0,94190,0.000,0.000
62820,0,0,0,94190,0.000,0.000
62830,0,0,0,94190,0.000,0.000
62840,0,0,0,94190,0.000,0.000
62850,0,0,0,94190,0.000,0.000
62860,0,0,0,94190,0.000,0.000
62870,0,0,0,94190,0.000,0.000
62880,0,0,0,94190,0.000,0.000
62890,0,0,0,94190,0.000,0.000
62900,0,0,0,94190,0.000,0.000
62910,0,0,0,94190,0.000,0.000
62920,0,0,0,94190,0.000,0.000
62930,0,0,0,94190,0.000,0.000
62940,0,0,0,94190,0.000,0.000
62950,0,0,0,94190,0.000,0.000
62960,0,0,0,94190,0.000,0.000
62970,0,0,0,94190,0.000,0.000
62980,0,0,0,94190,0.000,0.000
62990,0,0,0,94190,0.000,0.000
63000,0,0,0,94190,0.000,0.000
63010,0,0,0,94190,0.000,0.000
63020,0,0,0,94190,0.000,0.000
63030,0,0,0,94190,0.000,0.000
63040,0,0,0,94190,0.000,0.000
63050,0,0,0,94190,0.000,0.000
63060,0,0,0,94190,0.000,0.000
63070,0,0,0,94190,0.000,0.000
63080,0,0,0,94190,0.000,0.000
63090,0,0,0,94190,0.000,0.000
63100,0,0,0,94190,0.000,0.000
63110,0,0,0,94190,0.000,0.000
63120,0,0,0,94190,0.000,0.000
63130,0,0,0,94190,0.000,0.000
63140,0,0,0,94190,0.000,0.000
63150,0,0,0,94190,0.000,0.000
63160,0,0,0,94190,0.000,0.000
63170,0,0,0,94190,0.000,0.000
63180,0,0,0,94190,0.000,0.000
63190,0,0,0,94190,0.000,0.000
63200,0,0,0,94190,0.000,0.000
63210,0,0,0,94190,0.000,0.000
63220,0,0,0,94190,0.000,0.000
63230,0,0,0,94190,0.000,0.000
63240,0,0,0,94190,0.000,0.000
63250,0,0,0,94190,0.000,0.000
63260,0,0,0,94190,0.000,0.000
63270,0,0,0,94190,0.000,0.000
63280,0,0,0,94190,0.000,0.000
63290,0,0,0,94190,0.000,0.000
63300,0,0,0,94190,0.000,0.000
63310,0,0,0,94190,0.000,0.000
63320,0,0,0,94190,0.000,0.000
63330,0,0,0,94190,0.000,0.000
63340,0,0,0,94190,0.000,0.000
63350,0,0,0,94190,0.000,0.000
63360,0,0,0,94190,0.000,0.000
63370,0,0,0,94190,0.000,0.000
63380,0,0,0,94190,0.000,0.000
63390,0,0,0,94190,0.000,0.000
63400,0,0,0,94190,0.000,0.000
63410,0,0,0,94190,0.000,0.000
63420,0,0,0,94190,0.000,0.000
63430,0,0,1,94190,0.140,0.000
63440,0,0,1,94190,0.000,0.000
63450,0,0,1,94191,0.000,0.140
63460,0,0,1,94192,0.000,0.140
63470,0,0,1,94193,0.000,0.140
63480,0,0,1,94193,0.000,0.000
63490,0,0,1,94193,0.000,0.000
63500,0,0,1,94193,0.000,0.000
63510,0,0,1,94193,0.000,0.000
63520,0,0,1,94193,0.000,0.000
63530,0,0,1,94193,0.000,0.000
63540,0,0,1,94193,0.000,0.000
63550,0,0,1,94193,0.000,0.000
63560,0,0,1,94193,0.000,0.000
63570,0,0,1,94193,0.000,0.000
63580,0,0,1,94193,0.000,0.000
63590,0,0,1,94193,0.000,0.000
63600,0,0,1,94193,0.000,0.000
63610,0,0,1,94193,0.000,0.000
63620,0,0,1,94193,0.000,0.000
63630,0,0,1,94193,0.000,0.000
63640,0,0,1,94193,0.000,0.000
63650,0,0,1,94193,0.000,0.000
63660,0,0,1,94193,0.000,0.000
63670,0,0,1,94193,0.000,0.000
63680,0,0,1,94193,0.000,0.000
63690,0,0,1,94193,0.000,0.000
63700,0,0,1,94193,0.000,0.000
63710,0,0,1,94193,0.000,0.000
63720,0,0,1,94193,0.000,0.000
63730,0,0,1,94193,0.000,0.000
63740,0,0,1,94193,0.000,0.000
63750,0,0,1,94193,0.000,0.000
63760,0,0,1,94193,0.000,0.000
63770,0,0,1,94193,0.000,0.000
63780,0,0,1,94193,0.000,0.000
63790,0,0,1,94193,0.000,0.000
63800,0,0,1,94193,0.000,0.000
63810,0,0,1,94193,0.000,0.000
63820,0,0,1,94193,0.000,0.000
63830,0,0,1,94193,0.000,0.000
63840,0,0,1,94193,0.000,0.000
63850,0,0,1,94193,0.000,0.000
63860,0,0,1,94193,0.000,0.000
63870,0,0,1,94193,0.000,0.000
63880,0,0,1,94193,0.000,0.000
63890,0,0,1,94193,0.000,0.000
63900,0,0,1,94193,0.000,0.000
63910,0,0,1,94193,0.000,0.000
63920,0,0,1,94193,0.000,0.000
63930,0,0,1,94193,0.000,0.000
63940,0,0,1,94193,0.000,0.000
63950,0,0,1,94193,0.000,0.000
63960,0,0,1,94193,0.000,0.000
63970,0,0,1,94193,0.000,0.000
63980,0,0,1,94193,0.000,0.000
63990,0,0,1,94193,0.000,0.000
64000,0,0,1,94193,0.000,0.000
64010,0,0,1,94193,0.000,0.000
64020,0,0,1,94193,0.000,0.000
64030,0,0,1,94193,0.000,0.000
64040,0,0,1,94193,0.000,0.000
64050,0,0,1,94193,0.000,0.000
64060,0,0,1,94193,0.000,0.000
64070,0,0,1,94193,0.000,0.000
64080,0,0,1,94193,0.000,0.000
64090,0,0,1,94193,0.000,0.000
64100,0,0,1,94193,0.000,0.000
64110,0,0,1,94193,0.000,0.000
64120,0,0,1,94193,0.000,0.000
64130,0,0,1,94193,0.000,0.000
64140,0,0,1,94193,0.000,0.000
64150,0,0,1,94193,0.000,0.000
64160,0,0,1,94193,0.000,0.000
64170,0,0,1,94193,0.000,0.000
64180,0,0,1,94193,0.000,0.000
64190,0,0,1,94193,0.000,0.000
64200,0,0,1,94193,0.000,0.000
64210,0,0,1,94193,0.000,0.000
64220,0,0,1,94193,0.000,0.000
64230,0,0,1,94193,0.000,0.000
64240,0,0,1,94193,0.000,0.000
64250,0,0,1,94193,0.000,0.000
64260,0,0,1,94193,0.000,0.000
64270,0,0,1,94193,0.000,0.000
64280,0,0,1,94193,0.000,0.000
64290,0,0,1,94193,0.000,0.000
64300,0,0,1,94193,0.000,0.000
64310,0,0,1,94193,0.000,0.000
64320,0,0,1,94193,0.000,0.000
64330,0,0,1,94193,0.000,0.000
64340,0,0,1,94193,0.000,0.000
64350,0,0,1,94194,0.000,0.140
64360,0,0,1,94194,0.000,0.000
64370,0,0,1,94196,0.000,0.280
64380,0,0,1,94198,0.000,0.280
64390,0,0,1,94199,0.000,0.140
64400,0,0,1,94199,0.000,0.000
64410,0,0,1,94199,0.000,0.000
64420,0,0,1,94199,0.000,0.000
64430,0,0,1,94199,0.000,0.000
64440,0,0,1,94199,0.000,0.000
64450,0,0,1,94199,0.000,0.000
64460,0,0,1,94199,0.000,0.000
64470,0,0,1,94199,0.000,0.000
64480,0,0,1,94199,0.000,0.000
64490,0,0,1,94199,0.000,0.000
64500,0,0,1,94199,0.000,0.000
64510,0,0,1,94199,0.000,0.000
64520,0,0,1,94199,0.000,0.000
64530,0,0,1,94199,0.000,0.000
64540,0,0,1,94199,0.000,0.000
64550,0,0,1,94199,0.000,0.000
64560,0,0,1,94199,0.000,0.000
64570,0,0,1,94199,0.000,0.000
64580,0,0,1,94199,0.000,0.000
64590,0,0,1,94199,0.000,0.000
64600,0,0,1,94199,0.000,0.000
64610,0,0,1,94199,0.000,0.000
64620,0,0,1,94199,0.000,0.000
64630,0,0,1,94199,0.000,0.000
64640,0,0,1,94199,0.000,0.000
64650,0,0,1,94199,0.000,0.000
64660,0,0,1,94199,0.000,0.000
64670,0,0,1,94199,0.000,0.000
64680,0,0,1,94199,0.000,0.000
64690,0,0,1,94199,0.000,0.000
64700,0,0,1,94199,0.000,0.000
64710,0,0,1,94198,0.000,-0.140
64720,0,0,1,94198,0.000,0.000
64730,0,0,1,94198,0.000,0.000
64740,0,0,1,94198,0.000,0.000
64750,0,0,1,94198,0.000,0.000
64760,0,0,1,94198,0.000,0.000
64770,0,0,1,94198,0.000,0.000
64780,0,0,1,94198,0.000,0.000
64790,0,0,1,94198,0.000,0.000
64800,0,0,1,94198,0.000,0.000
64810,0,0,1,94198,0.000,0.000
64820,0,0,1,94198,0.000,0.000
64830,0,0,1,94198,0.000,0.000
64840,0,0,1,94198,0.000,0.000
64850,0,0,1,94198,0.000,0.000
64860,0,0,1,94198,0.000,0.000
64870,0,0,1,94198,0.000,0.000
64880,0,0,1,94198,0.000,0.000
64890,0,0,1,94198,0.000,0.000
64900,0,0,1,94198,0.000,0.000
64910,0,0,1,94198,0.000,0.000
64920,0,0,1,94198,0.000,0.000
64930,0,0,1,94198,0.000,0.000
64940,0,0,1,94198,0.000,0.000
64950,0,0,1,94198,0.000,0.000
64960,0,0,1,94198,0.000,0.000
64970,0,0,1,94198,0.000,0.000
64980,0,0,1,94198,0.000,0.000
64990,0,0,1,94198,0.000,0.000
65000,0,0,1,94198,0.000,0.000
