t_ms,cmdL,cmdR,countL,countR,thdotL,thdotR
10,0,0,0,0,0.000,0.000
20,0,0,0,0,0.000,0.000
30,0,0,0,0,0.000,0.000
40,0,0,0,0,0.000,0.000
50,0,0,0,0,0.000,0.000
60,0,0,0,0,0.000,0.000
70,0,0,0,0,0.000,0.000
80,0,0,0,0,0.000,0.000
90,0,0,0,0,0.000,0.000
100,0,0,0,0,0.000,0.000
110,0,0,0,0,0.000,0.000
120,0,0,0,0,0.000,0.000
130,0,0,0,0,0.000,0.000
140,0,0,0,0,0.000,0.000
150,0,0,0,0,0.000,0.000
160,0,0,0,0,0.000,0.000
170,0,0,0,0,0.000,0.000
180,0,0,0,0,0.000,0.000
190,0,0,0,0,0.000,0.000
200,0,0,0,0,0.000,0.000
210,0,0,0,0,0.000,0.000
220,0,0,0,0,0.000,0.000
230,0,0,0,0,0.000,0.000
240,0,0,0,0,0.000,0.000
250,0,0,0,0,0.000,0.000
260,0,0,0,0,0.000,0.000
270,0,0,0,0,0.000,0.000
280,0,0,0,0,0.000,0.000
290,0,0,0,0,0.000,0.000
300,0,0,0,0,0.000,0.000
310,0,0,0,0,0.000,0.000
320,0,0,0,0,0.000,0.000
330,0,0,0,0,0.000,0.000
340,0,0,0,0,0.000,0.000
350,0,0,0,0,0.000,0.000
360,0,0,0,0,0.000,0.000
370,0,0,0,0,0.000,0.000
380,0,0,0,0,0.000,0.000
390,0,0,0,0,0.000,0.000
400,0,0,0,0,0.000,0.000
410,0,0,0,0,0.000,0.000
420,0,0,0,0,0.000,0.000
430,0,0,0,0,0.000,0.000
440,0,0,0,0,0.000,0.000
450,0,0,0,0,0.000,0.000
460,0,0,0,0,0.000,0.000
470,0,0,0,0,0.000,0.000
480,0,0,0,0,0.000,0.000
490,0,0,0,0,0.000,0.000
500,0,0,0,0,0.000,0.000
510,0,0,0,0,0.000,0.000
520,0,0,0,0,0.000,0.000
530,0,0,0,0,0.000,0.000
540,0,0,0,0,0.000,0.000
550,0,0,0,0,0.000,0.000
560,0,0,0,0,0.000,0.000
570,0,0,0,0,0.000,0.000
580,0,0,0,0,0.000,0.000
590,0,0,0,0,0.000,0.000
600,0,0,0,0,0.000,0.000
610,0,0,0,0,0.000,0.000
620,0,0,0,0,0.000,0.000
630,0,0,0,0,0.000,0.000
640,0,0,0,0,0.000,0.000
650,0,0,0,0,0.000,0.000
660,0,0,0,0,0.000,0.000
670,0,0,0,0,0.000,0.000
680,0,0,0,0,0.000,0.000
690,0,0,0,0,0.000,0.000
700,0,0,0,0,0.000,0.000
710,0,0,0,0,0.000,0.000
720,0,0,0,0,0.000,0.000
730,0,0,0,0,0.000,0.000
740,0,0,0,0,0.000,0.000
750,0,0,0,0,0.000,0.000
760,0,0,0,0,0.000,0.000
770,0,0,0,0,0.000,0.000
780,0,0,0,0,0.000,0.000
790,0,0,0,0,0.000,0.000
800,0,0,0,0,0.000,0.000
810,0,0,0,0,0.000,0.000
820,0,0,0,0,0.000,0.000
830,0,0,0,0,0.000,0.000
840,0,0,0,0,0.000,0.000
850,0,0,0,0,0.000,0.000
860,0,0,0,0,0.000,0.000
870,0,0,0,0,0.000,0.000
880,0,0,0,0,0.000,0.000
890,0,0,0,0,0.000,0.000
900,0,0,0,0,0.000,0.000
910,0,0,0,0,0.000,0.000
920,0,0,0,0,0.000,0.000
930,0,0,0,0,0.000,0.000
940,0,0,0,0,0.000,0.000
950,0,0,0,0,0.000,0.000
960,0,0,0,0,0.000,0.000
970,0,0,0,0,0.000,0.000
980,0,0,0,0,0.000,0.000
990,0,0,0,0,0.000,0.000
1000,0,0,0,0,0.000,0.000
1010,0,3,0,0,0.000,0.000
1020,0,3,0,1,0.000,0.140
1030,0,3,0,2,0.000,0.140
1040,0,3,0,3,0.000,0.140
1050,0,3,0,6,0.000,0.421
1060,0,3,0,11,0.000,0.701
1070,0,3,0,17,0.000,0.841
1080,0,3,0,25,0.000,1.122
1090,0,3,0,33,0.000,1.122
1100,0,3,0,41,0.000,1.122
1110,0,3,0,50,0.000,1.262
1120,0,3,0,59,0.000,1.262
1130,0,3,0,68,0.000,1.262
1140,0,3,0,78,0.000,1.402
1150,0,3,0,88,0.000,1.402
1160,0,3,0,98,0.000,1.402
1170,0,3,0,107,0.000,1.262
1180,0,3,0,117,0.000,1.402
1190,0,3,0,126,0.000,1.262
1200,0,3,0,136,0.000,1.402
1210,0,3,0,145,0.000,1.262
1220,0,3,0,154,0.000,1.262
1230,0,3,0,164,0.000,1.402
1240,0,3,0,173,0.000,1.262
1250,0,3,0,183,0.000,1.402
1260,0,3,0,192,0.000,1.262
1270,0,3,0,202,0.000,1.402
1280,0,3,0,212,0.000,1.402
1290,0,3,0,222,0.000,1.402
1300,0,3,0,232,0.000,1.402
1310,0,3,0,242,0.000,1.402
1320,0,3,0,252,0.000,1.402
1330,0,3,0,262,0.000,1.402
1340,0,3,0,272,0.000,1.402
1350,0,3,0,282,0.000,1.402
1360,0,3,0,292,0.000,1.402
1370,0,3,0,302,0.000,1.402
1380,0,3,0,312,0.000,1.402
1390,0,3,0,322,0.000,1.402
1400,0,3,0,332,0.000,1.402
1410,0,3,0,342,0.000,1.402
1420,0,3,0,352,0.000,1.402
1430,0,3,0,362,0.000,1.402
1440,0,3,0,373,0.000,1.543
1450,0,3,0,383,0.000,1.402
1460,0,3,0,393,0.000,1.402
1470,0,3,0,404,0.000,1.543
1480,0,3,0,415,0.000,1.543
1490,0,3,0,425,0.000,1.402
1500,0,3,0,436,0.000,1.543
1510,0,3,0,447,0.000,1.543
1520,0,3,0,457,0.000,1.402
1530,0,3,0,468,0.000,1.543
1540,0,3,0,479,0.000,1.543
1550,0,3,0,490,0.000,1.543
1560,0,3,0,501,0.000,1.543
1570,0,3,0,512,0.000,1.543
1580,0,3,0,523,0.000,1.543
1590,0,3,0,534,0.000,1.543
1600,0,3,0,546,0.000,1.683
1610,0,3,0,556,0.000,1.402
1620,0,3,0,567,0.000,1.543
1630,0,3,0,578,0.000,1.543
1640,0,3,0,588,0.000,1.402
1650,0,3,0,599,0.000,1.543
1660,0,3,0,609,0.000,1.402
1670,0,3,0,620,0.000,1.543
1680,0,3,0,631,0.000,1.543
1690,0,3,0,642,0.000,1.543
1700,0,3,0,653,0.000,1.543
1710,0,3,0,664,0.000,1.543
1720,0,3,0,676,0.000,1.683
1730,0,3,0,687,0.000,1.543
1740,0,3,0,699,0.000,1.683
1750,0,3,0,711,0.000,1.683
1760,0,3,0,723,0.000,1.683
1770,0,3,0,735,0.000,1.683
1780,0,3,0,747,0.000,1.683
1790,0,3,0,759,0.000,1.683
1800,0,3,0,770,0.000,1.543
1810,0,3,0,782,0.000,1.683
1820,0,3,0,793,0.000,1.543
1830,0,3,0,804,0.000,1.543
1840,0,3,0,815,0.000,1.543
1850,0,3,0,826,0.000,1.543
1860,0,3,0,836,0.000,1.402
1870,0,3,0,846,0.000,1.402
1880,0,3,0,856,0.000,1.402
1890,0,3,0,866,0.000,1.402
1900,0,3,0,876,0.000,1.402
1910,0,3,0,885,0.000,1.262
1920,0,3,0,894,0.000,1.262
1930,0,3,0,904,0.000,1.402
1940,0,3,0,913,0.000,1.262
1950,0,3,0,922,0.000,1.262
1960,0,3,0,931,0.000,1.262
1970,0,3,0,940,0.000,1.262
1980,0,3,0,949,0.000,1.262
1990,0,3,0,957,0.000,1.122
2000,0,3,0,966,0.000,1.262
2010,0,3,0,974,0.000,1.122
2020,0,3,0,982,0.000,1.122
2030,0,3,0,990,0.000,1.122
2040,0,3,0,997,0.000,0.982
2050,0,3,0,1005,0.000,1.122
2060,0,3,0,1012,0.000,0.982
2070,0,3,0,1019,0.000,0.982
2080,0,3,0,1027,0.000,1.122
2090,0,3,0,1034,0.000,0.982
2100,0,3,0,1042,0.000,1.122
2110,0,3,0,1049,0.000,0.982
2120,0,3,0,1057,0.000,1.122
2130,0,3,0,1065,0.000,1.122
2140,0,3,0,1073,0.000,1.122
2150,0,3,0,1080,0.000,0.982
2160,0,3,0,1088,0.000,1.122
2170,0,3,0,1095,0.000,0.982
2180,0,3,0,1102,0.000,0.982
2190,0,3,0,1110,0.000,1.122
2200,0,3,0,1117,0.000,0.982
2210,0,3,0,1124,0.000,0.982
2220,0,3,0,1131,0.000,0.982
2230,0,3,0,1139,0.000,1.122
2240,0,3,0,1147,0.000,1.122
2250,0,3,0,1155,0.000,1.122
2260,0,3,0,1163,0.000,1.122
2270,0,3,0,1172,0.000,1.262
2280,0,3,0,1181,0.000,1.262
2290,0,3,0,1190,0.000,1.262
2300,0,3,0,1199,0.000,1.262
2310,0,3,0,1208,0.000,1.262
2320,0,3,0,1217,0.000,1.262
2330,0,3,0,1226,0.000,1.262
2340,0,3,0,1235,0.000,1.262
2350,0,3,0,1243,0.000,1.122
2360,0,3,0,1252,0.000,1.262
2370,0,3,0,1260,0.000,1.122
2380,0,3,0,1269,0.000,1.262
2390,0,3,0,1277,0.000,1.122
2400,0,3,0,1286,0.000,1.262
2410,0,3,0,1294,0.000,1.122
2420,0,3,0,1303,0.000,1.262
2430,0,3,0,1312,0.000,1.262
2440,0,3,0,1321,0.000,1.262
2450,0,3,0,1330,0.000,1.262
2460,0,3,0,1339,0.000,1.262
2470,0,3,0,1348,0.000,1.262
2480,0,3,0,1356,0.000,1.122
2490,0,3,0,1364,0.000,1.122
2500,0,3,0,1372,0.000,1.122
2510,0,6,0,1380,0.000,1.122
2520,0,6,0,1389,0.000,1.262
2530,0,6,0,1399,0.000,1.402
2540,0,6,0,1411,0.000,1.683
2550,0,6,0,1424,0.000,1.823
2560,0,6,0,1439,0.000,2.104
2570,0,6,0,1455,0.000,2.244
2580,0,6,0,1471,0.000,2.244
2590,0,6,0,1489,0.000,2.524
2600,0,6,0,1507,0.000,2.524
2610,0,6,0,1526,0.000,2.665
2620,0,6,0,1544,0.000,2.524
2630,0,6,0,1563,0.000,2.665
2640,0,6,0,1583,0.000,2.805
2650,0,6,0,1603,0.000,2.805
2660,0,6,0,1622,0.000,2.665
2670,0,6,0,1643,0.000,2.945
2680,0,6,0,1662,0.000,2.665
2690,0,6,0,1683,0.000,2.945
2700,0,6,0,1702,0.000,2.665
2710,0,6,0,1723,0.000,2.945
2720,0,6,0,1743,0.000,2.805
2730,0,6,0,1763,0.000,2.805
2740,0,6,0,1782,0.000,2.665
2750,0,6,0,1802,0.000,2.805
2760,0,6,0,1822,0.000,2.805
2770,0,6,0,1842,0.000,2.805
2780,0,6,0,1862,0.000,2.805
2790,0,6,0,1883,0.000,2.945
2800,0,6,0,1903,0.000,2.805
2810,0,6,0,1923,0.000,2.805
2820,0,6,0,1942,0.000,2.665
2830,0,6,0,1962,0.000,2.805
2840,0,6,0,1982,0.000,2.805
2850,0,6,0,2001,0.000,2.665
2860,0,6,0,2020,0.000,2.665
2870,0,6,0,2039,0.000,2.665
2880,0,6,0,2057,0.000,2.524
2890,0,6,0,2075,0.000,2.524
2900,0,6,0,2094,0.000,2.665
2910,0,6,0,2112,0.000,2.524
2920,0,6,0,2130,0.000,2.524
2930,0,6,0,2148,0.000,2.524
2940,0,6,0,2167,0.000,2.665
2950,0,6,0,2185,0.000,2.524
2960,0,6,0,2204,0.000,2.665
2970,0,6,0,2222,0.000,2.524
2980,0,6,0,2240,0.000,2.524
2990,0,6,0,2259,0.000,2.665
3000,0,6,0,2278,0.000,2.665
3010,0,6,0,2297,0.000,2.665
3020,0,6,0,2316,0.000,2.665
3030,0,6,0,2334,0.000,2.524
3040,0,6,0,2353,0.000,2.665
3050,0,6,0,2372,0.000,2.665
3060,0,6,0,2391,0.000,2.665
3070,0,6,0,2409,0.000,2.524
3080,0,6,0,2428,0.000,2.665
3090,0,6,0,2446,0.000,2.524
3100,0,6,0,2464,0.000,2.524
3110,0,6,0,2483,0.000,2.665
3120,0,6,0,2500,0.000,2.384
3130,0,6,0,2519,0.000,2.665
3140,0,6,0,2536,0.000,2.384
3150,0,6,0,2553,0.000,2.384
3160,0,6,0,2570,0.000,2.384
3170,0,6,0,2587,0.000,2.384
3180,0,6,0,2603,0.000,2.244
3190,0,6,0,2619,0.000,2.244
3200,0,6,0,2636,0.000,2.384
3210,0,6,0,2652,0.000,2.244
3220,0,6,0,2669,0.000,2.384
3230,0,6,0,2685,0.000,2.244
3240,0,6,0,2701,0.000,2.244
3250,0,6,0,2718,0.000,2.384
3260,0,6,0,2735,0.000,2.384
3270,0,6,0,2751,0.000,2.244
3280,0,6,0,2768,0.000,2.384
3290,0,6,0,2785,0.000,2.384
3300,0,6,0,2802,0.000,2.384
3310,0,6,0,2819,0.000,2.384
3320,0,6,0,2836,0.000,2.384
3330,0,6,0,2854,0.000,2.524
3340,0,6,0,2871,0.000,2.384
3350,0,6,0,2889,0.000,2.524
3360,0,6,0,2907,0.000,2.524
3370,0,6,0,2925,0.000,2.524
3380,0,6,0,2944,0.000,2.665
3390,0,6,0,2962,0.000,2.524
3400,0,6,0,2981,0.000,2.665
3410,0,6,0,2999,0.000,2.524
3420,0,6,0,3017,0.000,2.524
3430,0,6,0,3035,0.000,2.524
3440,0,6,0,3053,0.000,2.524
3450,0,6,0,3071,0.000,2.524
3460,0,6,0,3089,0.000,2.524
3470,0,6,0,3108,0.000,2.665
3480,0,6,0,3127,0.000,2.665
3490,0,6,0,3145,0.000,2.524
3500,0,6,0,3164,0.000,2.665
3510,0,6,0,3182,0.000,2.524
3520,0,6,0,3201,0.000,2.665
3530,0,6,0,3220,0.000,2.665
3540,0,6,0,3240,0.000,2.805
3550,0,6,0,3259,0.000,2.665
3560,0,6,0,3277,0.000,2.524
3570,0,6,0,3296,0.000,2.665
3580,0,6,0,3314,0.000,2.524
3590,0,6,0,3332,0.000,2.524
3600,0,6,0,3351,0.000,2.665
3610,0,6,0,3369,0.000,2.524
3620,0,6,0,3387,0.000,2.524
3630,0,6,0,3406,0.000,2.665
3640,0,6,0,3424,0.000,2.524
3650,0,6,0,3442,0.000,2.524
3660,0,6,0,3460,0.000,2.524
3670,0,6,0,3479,0.000,2.665
3680,0,6,0,3497,0.000,2.524
3690,0,6,0,3515,0.000,2.524
3700,0,6,0,3533,0.000,2.524
3710,0,6,0,3551,0.000,2.524
3720,0,6,0,3569,0.000,2.524
3730,0,6,0,3587,0.000,2.524
3740,0,6,0,3605,0.000,2.524
3750,0,6,0,3624,0.000,2.665
3760,0,6,0,3643,0.000,2.665
3770,0,6,0,3662,0.000,2.665
3780,0,6,0,3682,0.000,2.805
3790,0,6,0,3701,0.000,2.665
3800,0,6,0,3722,0.000,2.945
3810,0,6,0,3743,0.000,2.945
3820,0,6,0,3765,0.000,3.085
3830,0,6,0,3787,0.000,3.085
3840,0,6,0,3810,0.000,3.226
3850,0,6,0,3832,0.000,3.085
3860,0,6,0,3854,0.000,3.085
3870,0,6,0,3875,0.000,2.945
3880,0,6,0,3896,0.000,2.945
3890,0,6,0,3917,0.000,2.945
3900,0,6,0,3938,0.000,2.945
3910,0,6,0,3959,0.000,2.945
3920,0,6,0,3979,0.000,2.805
3930,0,6,0,4001,0.000,3.085
3940,0,6,0,4022,0.000,2.945
3950,0,6,0,4043,0.000,2.945
3960,0,6,0,4063,0.000,2.805
3970,0,6,0,4085,0.000,3.085
3980,0,6,0,4106,0.000,2.945
3990,0,6,0,4127,0.000,2.945
4000,0,6,0,4149,0.000,3.085
4010,0,9,0,4170,0.000,2.945
4020,0,9,0,4192,0.000,3.085
4030,0,9,0,4216,0.000,3.366
4040,0,9,0,4241,0.000,3.506
4050,0,9,0,4268,0.000,3.787
4060,0,9,0,4296,0.000,3.927
4070,0,9,0,4326,0.000,4.207
4080,0,9,0,4357,0.000,4.348
4090,0,9,0,4388,0.000,4.348
4100,0,9,0,4420,0.000,4.488
4110,0,9,0,4453,0.000,4.628
4120,0,9,0,4485,0.000,4.488
4130,0,9,0,4519,0.000,4.768
4140,0,9,0,4552,0.000,4.628
4150,0,9,0,4586,0.000,4.768
4160,0,9,0,4620,0.000,4.768
4170,0,9,0,4655,0.000,4.909
4180,0,9,0,4689,0.000,4.768
4190,0,9,0,4723,0.000,4.768
4200,0,9,0,4759,0.000,5.049
4210,0,9,0,4794,0.000,4.909
4220,0,9,0,4828,0.000,4.768
4230,0,9,0,4863,0.000,4.909
4240,0,9,0,4899,0.000,5.049
4250,0,9,0,4934,0.000,4.909
4260,0,9,0,4969,0.000,4.909
4270,0,9,0,5005,0.000,5.049
4280,0,9,0,5040,0.000,4.909
4290,0,9,0,5075,0.000,4.909
4300,0,9,0,5110,0.000,4.909
4310,0,9,0,5146,0.000,5.049
4320,0,9,0,5182,0.000,5.049
4330,0,9,0,5218,0.000,5.049
4340,0,9,0,5254,0.000,5.049
4350,0,9,0,5289,0.000,4.909
4360,0,9,0,5324,0.000,4.909
4370,0,9,0,5360,0.000,5.049
4380,0,9,0,5395,0.000,4.909
4390,0,9,0,5429,0.000,4.768
4400,0,9,0,5463,0.000,4.768
4410,0,9,0,5498,0.000,4.909
4420,0,9,0,5531,0.000,4.628
4430,0,9,0,5565,0.000,4.768
4440,0,9,0,5599,0.000,4.768
4450,0,9,0,5633,0.000,4.768
4460,0,9,0,5667,0.000,4.768
4470,0,9,0,5701,0.000,4.768
4480,0,9,0,5734,0.000,4.628
4490,0,9,0,5767,0.000,4.628
4500,0,9,0,5801,0.000,4.768
4510,0,9,0,5833,0.000,4.488
4520,0,9,0,5866,0.000,4.628
4530,0,9,0,5899,0.000,4.628
4540,0,9,0,5932,0.000,4.628
4550,0,9,0,5965,0.000,4.628
4560,0,9,0,5998,0.000,4.628
4570,0,9,0,6030,0.000,4.488
4580,0,9,0,6063,0.000,4.628
4590,0,9,0,6095,0.000,4.488
4600,0,9,0,6128,0.000,4.628
4610,0,9,0,6161,0.000,4.628
4620,0,9,0,6193,0.000,4.488
4630,0,9,0,6225,0.000,4.488
4640,0,9,0,6258,0.000,4.628
4650,0,9,0,6290,0.000,4.488
4660,0,9,0,6322,0.000,4.488
4670,0,9,0,6354,0.000,4.488
4680,0,9,0,6386,0.000,4.488
4690,0,9,0,6417,0.000,4.348
4700,0,9,0,6449,0.000,4.488
4710,0,9,0,6480,0.000,4.348
4720,0,9,0,6511,0.000,4.348
4730,0,9,0,6543,0.000,4.488
4740,0,9,0,6574,0.000,4.348
4750,0,9,0,6606,0.000,4.488
4760,0,9,0,6637,0.000,4.348
4770,0,9,0,6668,0.000,4.348
4780,0,9,0,6699,0.000,4.348
4790,0,9,0,6730,0.000,4.348
4800,0,9,0,6761,0.000,4.348
4810,0,9,0,6792,0.000,4.348
4820,0,9,0,6823,0.000,4.348
4830,0,9,0,6854,0.000,4.348
4840,0,9,0,6884,0.000,4.207
4850,0,9,0,6915,0.000,4.348
4860,0,9,0,6946,0.000,4.348
4870,0,9,0,6977,0.000,4.348
4880,0,9,0,7007,0.000,4.207
4890,0,9,0,7038,0.000,4.348
4900,0,9,0,7069,0.000,4.348
4910,0,9,0,7100,0.000,4.348
4920,0,9,0,7131,0.000,4.348
4930,0,9,0,7162,0.000,4.348
4940,0,9,0,7192,0.000,4.207
4950,0,9,0,7223,0.000,4.348
4960,0,9,0,7254,0.000,4.348
4970,0,9,0,7285,0.000,4.348
4980,0,9,0,7315,0.000,4.207
4990,0,9,0,7346,0.000,4.348
5000,0,9,0,7375,0.000,4.067
5010,0,9,0,7406,0.000,4.348
5020,0,9,0,7436,0.000,4.207
5030,0,9,0,7466,0.000,4.207
5040,0,9,0,7497,0.000,4.348
5050,0,9,0,7527,0.000,4.207
5060,0,9,0,7558,0.000,4.348
5070,0,9,0,7589,0.000,4.348
5080,0,9,0,7620,0.000,4.348
5090,0,9,0,7651,0.000,4.348
5100,0,9,0,7683,0.000,4.488
5110,0,9,0,7714,0.000,4.348
5120,0,9,0,7745,0.000,4.348
5130,0,9,0,7776,0.000,4.348
5140,0,9,0,7807,0.000,4.348
5150,0,9,0,7837,0.000,4.207
5160,0,9,0,7868,0.000,4.348
5170,0,9,0,7899,0.000,4.348
5180,0,9,0,7930,0.000,4.348
5190,0,9,0,7961,0.000,4.348
5200,0,9,0,7993,0.000,4.488
5210,0,9,0,8024,0.000,4.348
5220,0,9,0,8056,0.000,4.488
5230,0,9,0,8087,0.000,4.348
5240,0,9,0,8119,0.000,4.488
5250,0,9,0,8151,0.000,4.488
5260,0,9,0,8183,0.000,4.488
5270,0,9,0,8215,0.000,4.488
5280,0,9,0,8248,0.000,4.628
5290,0,9,0,8280,0.000,4.488
5300,0,9,0,8312,0.000,4.488
5310,0,9,0,8344,0.000,4.488
5320,0,9,0,8377,0.000,4.628
5330,0,9,0,8410,0.000,4.628
5340,0,9,0,8443,0.000,4.628
5350,0,9,0,8475,0.000,4.488
5360,0,9,0,8508,0.000,4.628
5370,0,9,0,8542,0.000,4.768
5380,0,9,0,8575,0.000,4.628
5390,0,9,0,8608,0.000,4.628
5400,0,9,0,8641,0.000,4.628
5410,0,9,0,8674,0.000,4.628
5420,0,9,0,8707,0.000,4.628
5430,0,9,0,8740,0.000,4.628
5440,0,9,0,8773,0.000,4.628
5450,0,9,0,8807,0.000,4.768
5460,0,9,0,8841,0.000,4.768
5470,0,9,0,8875,0.000,4.768
5480,0,9,0,8909,0.000,4.768
5490,0,9,0,8943,0.000,4.768
5500,0,9,0,8977,0.000,4.768
5510,0,12,0,9012,0.000,4.909
5520,0,12,0,9047,0.000,4.909
5530,0,12,0,9082,0.000,4.909
5540,0,12,0,9120,0.000,5.329
5550,0,12,0,9159,0.000,5.470
5560,0,12,0,9199,0.000,5.610
5570,0,12,0,9241,0.000,5.890
5580,0,12,0,9284,0.000,6.031
5590,0,12,0,9327,0.000,6.031
5600,0,12,0,9371,0.000,6.171
5610,0,12,0,9416,0.000,6.311
5620,0,12,0,9462,0.000,6.451
5630,0,12,0,9507,0.000,6.311
5640,0,12,0,9552,0.000,6.311
5650,0,12,0,9598,0.000,6.451
5660,0,12,0,9644,0.000,6.451
5670,0,12,0,9691,0.000,6.592
5680,0,12,0,9738,0.000,6.592
5690,0,12,0,9785,0.000,6.592
5700,0,12,0,9831,0.000,6.451
5710,0,12,0,9878,0.000,6.592
5720,0,12,0,9925,0.000,6.592
5730,0,12,0,9971,0.000,6.451
5740,0,12,0,10017,0.000,6.451
5750,0,12,0,10063,0.000,6.451
5760,0,12,0,10109,0.000,6.451
5770,0,12,0,10155,0.000,6.451
5780,0,12,0,10200,0.000,6.311
5790,0,12,0,10245,0.000,6.311
5800,0,12,0,10291,0.000,6.451
5810,0,12,0,10336,0.000,6.311
5820,0,12,0,10381,0.000,6.311
5830,0,12,0,10426,0.000,6.311
5840,0,12,0,10470,0.000,6.171
5850,0,12,0,10515,0.000,6.311
5860,0,12,0,10559,0.000,6.171
5870,0,12,0,10603,0.000,6.171
5880,0,12,0,10646,0.000,6.031
5890,0,12,0,10689,0.000,6.031
5900,0,12,0,10733,0.000,6.171
5910,0,12,0,10776,0.000,6.031
5920,0,12,0,10819,0.000,6.031
5930,0,12,0,10863,0.000,6.171
5940,0,12,0,10905,0.000,5.890
5950,0,12,0,10948,0.000,6.031
5960,0,12,0,10990,0.000,5.890
5970,0,12,0,11033,0.000,6.031
5980,0,12,0,11075,0.000,5.890
5990,0,12,0,11117,0.000,5.890
6000,0,12,0,11160,0.000,6.031
6010,0,12,0,11202,0.000,5.890
6020,0,12,0,11243,0.000,5.750
6030,0,12,0,11286,0.000,6.031
6040,0,12,0,11327,0.000,5.750
6050,0,12,0,11369,0.000,5.890
6060,0,12,0,11411,0.000,5.890
6070,0,12,0,11453,0.000,5.890
6080,0,12,0,11495,0.000,5.890
6090,0,12,0,11536,0.000,5.750
6100,0,12,0,11578,0.000,5.890
6110,0,12,0,11620,0.000,5.890
6120,0,12,0,11661,0.000,5.750
6130,0,12,0,11703,0.000,5.890
6140,0,12,0,11745,0.000,5.890
6150,0,12,0,11786,0.000,5.750
6160,0,12,0,11829,0.000,6.031
6170,0,12,0,11870,0.000,5.750
6180,0,12,0,11911,0.000,5.750
6190,0,12,0,11954,0.000,6.031
6200,0,12,0,11995,0.000,5.750
6210,0,12,0,12038,0.000,6.031
6220,0,12,0,12080,0.000,5.890
6230,0,12,0,12121,0.000,5.750
6240,0,12,0,12164,0.000,6.031
6250,0,12,0,12206,0.000,5.890
6260,0,12,0,12247,0.000,5.750
6270,0,12,0,12290,0.000,6.031
6280,0,12,0,12332,0.000,5.890
6290,0,12,0,12374,0.000,5.890
6300,0,12,0,12417,0.000,6.031
6310,0,12,0,12458,0.000,5.750
6320,0,12,0,12501,0.000,6.031
6330,0,12,0,12543,0.000,5.890
6340,0,12,0,12586,0.000,6.031
6350,0,12,0,12629,0.000,6.031
6360,0,12,0,12671,0.000,5.890
6370,0,12,0,12714,0.000,6.031
6380,0,12,0,12757,0.000,6.031
6390,0,12,0,12799,0.000,5.890
6400,0,12,0,12842,0.000,6.031
6410,0,12,0,12885,0.000,6.031
6420,0,12,0,12928,0.000,6.031
6430,0,12,0,12972,0.000,6.171
6440,0,12,0,13015,0.000,6.031
6450,0,12,0,13058,0.000,6.031
6460,0,12,0,13103,0.000,6.311
6470,0,12,0,13147,0.000,6.171
6480,0,12,0,13191,0.000,6.171
6490,0,12,0,13236,0.000,6.311
6500,0,12,0,13281,0.000,6.311
6510,0,12,0,13326,0.000,6.311
6520,0,12,0,13371,0.000,6.311
6530,0,12,0,13417,0.000,6.451
6540,0,12,0,13462,0.000,6.311
6550,0,12,0,13507,0.000,6.311
6560,0,12,0,13553,0.000,6.451
6570,0,12,0,13599,0.000,6.451
6580,0,12,0,13645,0.000,6.451
6590,0,12,0,13691,0.000,6.451
6600,0,12,0,13737,0.000,6.451
6610,0,12,0,13783,0.000,6.451
6620,0,12,0,13829,0.000,6.451
6630,0,12,0,13876,0.000,6.592
6640,0,12,0,13923,0.000,6.592
6650,0,12,0,13969,0.000,6.451
6660,0,12,0,14016,0.000,6.592
6670,0,12,0,14062,0.000,6.451
6680,0,12,0,14109,0.000,6.592
6690,0,12,0,14156,0.000,6.592
6700,0,12,0,14204,0.000,6.732
6710,0,12,0,14251,0.000,6.592
6720,0,12,0,14299,0.000,6.732
6730,0,12,0,14346,0.000,6.592
6740,0,12,0,14392,0.000,6.451
6750,0,12,0,14439,0.000,6.592
6760,0,12,0,14485,0.000,6.451
6770,0,12,0,14531,0.000,6.451
6780,0,12,0,14578,0.000,6.592
6790,0,12,0,14623,0.000,6.311
6800,0,12,0,14669,0.000,6.451
6810,0,12,0,14714,0.000,6.311
6820,0,12,0,14760,0.000,6.451
6830,0,12,0,14805,0.000,6.311
6840,0,12,0,14850,0.000,6.311
6850,0,12,0,14895,0.000,6.311
6860,0,12,0,14939,0.000,6.171
6870,0,12,0,14984,0.000,6.311
6880,0,12,0,15028,0.000,6.171
6890,0,12,0,15072,0.000,6.171
6900,0,12,0,15116,0.000,6.171
6910,0,12,0,15159,0.000,6.031
6920,0,12,0,15204,0.000,6.311
6930,0,12,0,15247,0.000,6.031
6940,0,12,0,15290,0.000,6.031
6950,0,12,0,15334,0.000,6.171
6960,0,12,0,15376,0.000,5.890
6970,0,12,0,15419,0.000,6.031
6980,0,12,0,15463,0.000,6.171
6990,0,12,0,15505,0.000,5.890
7000,0,12,0,15548,0.000,6.031
7010,0,0,0,15590,0.000,5.890
7020,0,0,0,15631,0.000,5.750
7030,0,0,0,15668,0.000,5.189
7040,0,0,0,15699,0.000,4.348
7050,0,0,0,15723,0.000,3.366
7060,0,0,0,15741,0.000,2.524
7070,0,0,0,15753,0.000,1.683
7080,0,0,0,15761,0.000,1.122
7090,0,0,0,15767,0.000,0.841
7100,0,0,0,15769,0.000,0.280
7110,0,0,0,15770,0.000,0.140
7120,0,0,0,15770,0.000,0.000
7130,0,0,0,15770,0.000,0.000
7140,0,0,0,15770,0.000,0.000
7150,0,0,0,15770,0.000,0.000
7160,0,0,0,15770,0.000,0.000
7170,0,0,0,15770,0.000,0.000
7180,0,0,0,15770,0.000,0.000
7190,0,0,0,15770,0.000,0.000
7200,0,0,0,15770,0.000,0.000
7210,0,0,0,15770,0.000,0.000
7220,0,0,0,15770,0.000,0.000
7230,0,0,0,15770,0.000,0.000
7240,0,0,0,15769,0.000,-0.140
7250,0,0,0,15769,0.000,0.000
7260,0,0,0,15769,0.000,0.000
7270,0,0,0,15769,0.000,0.000
7280,0,0,0,15769,0.000,0.000
7290,0,0,0,15769,0.000,0.000
7300,0,0,0,15769,0.000,0.000
7310,0,0,0,15769,0.000,0.000
7320,0,0,0,15769,0.000,0.000
7330,0,0,0,15769,0.000,0.000
7340,0,0,0,15769,0.000,0.000
7350,0,0,0,15770,0.000,0.140
7360,0,0,0,15770,0.000,0.000
7370,0,0,0,15770,0.000,0.000
7380,0,0,0,15770,0.000,0.000
7390,0,0,0,15770,0.000,0.000
7400,0,0,0,15770,0.000,0.000
7410,0,0,0,15769,0.000,-0.140
7420,0,0,0,15769,0.000,0.000
7430,0,0,0,15769,0.000,0.000
7440,0,0,0,15769,0.000,0.000
7450,0,0,0,15769,0.000,0.000
7460,0,0,0,15769,0.000,0.000
7470,0,0,0,15769,0.000,0.000
7480,0,0,0,15769,0.000,0.000
7490,0,0,0,15769,0.000,0.000
7500,0,0,0,15769,0.000,0.000
7510,0,0,0,15769,0.000,0.000
7520,0,0,0,15769,0.000,0.000
7530,0,0,0,15769,0.000,0.000
7540,0,0,0,15769,0.000,0.000
7550,0,0,0,15769,0.000,0.000
7560,0,0,0,15769,0.000,0.000
7570,0,0,0,15769,0.000,0.000
7580,0,0,0,15769,0.000,0.000
7590,0,0,0,15769,0.000,0.000
7600,0,0,0,15769,0.000,0.000
7610,0,0,0,15769,0.000,0.000
7620,0,0,0,15769,0.000,0.000
7630,0,0,0,15769,0.000,0.000
7640,0,0,0,15768,0.000,-0.140
7650,0,0,0,15768,0.000,0.000
7660,0,0,0,15768,0.000,0.000
7670,0,0,0,15768,0.000,0.000
7680,0,0,0,15768,0.000,0.000
7690,0,0,0,15768,0.000,0.000
7700,0,0,0,15768,0.000,0.000
7710,0,0,0,15768,0.000,0.000
7720,0,0,0,15768,0.000,0.000
7730,0,0,0,15768,0.000,0.000
7740,0,0,0,15768,0.000,0.000
7750,0,0,0,15768,0.000,0.000
7760,0,0,0,15768,0.000,0.000
7770,0,0,0,15768,0.000,0.000
7780,0,0,0,15768,0.000,0.000
7790,0,0,0,15768,0.000,0.000
7800,0,0,0,15768,0.000,0.000
7810,0,0,0,15768,0.000,0.000
7820,0,0,0,15768,0.000,0.000
7830,0,0,0,15768,0.000,0.000
7840,0,0,0,15768,0.000,0.000
7850,0,0,0,15768,0.000,0.000
7860,0,0,0,15768,0.000,0.000
7870,0,0,0,15768,0.000,0.000
7880,0,0,0,15768,0.000,0.000
7890,0,0,0,15768,0.000,0.000
7900,0,0,0,15768,0.000,0.000
7910,0,0,0,15769,0.000,0.140
7920,0,0,0,15770,0.000,0.140
7930,0,0,0,15770,0.000,0.000
7940,0,0,0,15770,0.000,0.000
7950,0,0,0,15770,0.000,0.000
7960,0,0,0,15770,0.000,0.000
7970,0,0,0,15770,0.000,0.000
7980,0,0,0,15770,0.000,0.000
7990,0,0,0,15770,0.000,0.000
8000,0,0,0,15770,0.000,0.000
8010,0,0,0,15770,0.000,0.000
8020,0,0,0,15770,0.000,0.000
8030,0,0,0,15770,0.000,0.000
8040,0,0,0,15770,0.000,0.000
8050,0,0,0,15770,0.000,0.000
8060,0,0,0,15770,0.000,0.000
8070,0,0,0,15770,0.000,0.000
8080,0,0,0,15770,0.000,0.000
8090,0,0,0,15770,0.000,0.000
8100,0,0,0,15770,0.000,0.000
8110,0,0,0,15770,0.000,0.000
8120,0,0,0,15770,0.000,0.000
8130,0,0,0,15770,0.000,0.000
8140,0,0,0,15770,0.000,0.000
8150,0,0,0,15770,0.000,0.000
8160,0,0,0,15770,0.000,0.000
8170,0,0,0,15770,0.000,0.000
8180,0,0,0,15770,0.000,0.000
8190,0,0,0,15770,0.000,0.000
8200,0,0,0,15770,0.000,0.000
8210,0,0,0,15770,0.000,0.000
8220,0,0,0,15770,0.000,0.000
8230,0,0,0,15770,0.000,0.000
8240,0,0,0,15770,0.000,0.000
8250,0,0,0,15770,0.000,0.000
8260,0,0,0,15770,0.000,0.000
8270,0,0,0,15770,0.000,0.000
8280,0,0,0,15770,0.000,0.000
8290,0,0,0,15770,0.000,0.000
8300,0,0,0,15770,0.000,0.000
8310,0,0,0,15770,0.000,0.000
8320,0,0,0,15770,0.000,0.000
8330,0,0,0,15770,0.000,0.000
8340,0,0,0,15770,0.000,0.000
8350,0,0,0,15770,0.000,0.000
8360,0,0,0,15770,0.000,0.000
8370,0,0,0,15770,0.000,0.000
8380,0,0,0,15770,0.000,0.000
8390,0,0,0,15770,0.000,0.000
8400,0,0,0,15770,0.000,0.000
8410,0,0,0,15770,0.000,0.000
8420,0,0,0,15770,0.000,0.000
8430,0,0,0,15770,0.000,0.000
8440,0,0,0,15770,0.000,0.000
8450,0,0,0,15770,0.000,0.000
8460,0,0,0,15770,0.000,0.000
8470,0,0,0,15770,0.000,0.000
8480,0,0,0,15770,0.000,0.000
8490,0,0,0,15770,0.000,0.000
8500,0,0,0,15770,0.000,0.000
8510,0,0,0,15770,0.000,0.000
8520,0,0,0,15770,0.000,0.000
8530,0,0,0,15770,0.000,0.000
8540,0,0,0,15770,0.000,0.000
8550,0,0,0,15770,0.000,0.000
8560,0,0,0,15770,0.000,0.000
8570,0,0,0,15770,0.000,0.000
8580,0,0,0,15770,0.000,0.000
8590,0,0,0,15770,0.000,0.000
8600,0,0,0,15770,0.000,0.000
8610,0,0,0,15770,0.000,0.000
8620,0,0,0,15770,0.000,0.000
8630,0,0,0,15770,0.000,0.000
8640,0,0,0,15770,0.000,0.000
8650,0,0,0,15770,0.000,0.000
8660,0,0,0,15770,0.000,0.000
8670,0,0,0,15770,0.000,0.000
8680,0,0,0,15770,0.000,0.000
8690,0,0,0,15770,0.000,0.000
8700,0,0,0,15770,0.000,0.000
8710,0,0,0,15770,0.000,0.000
8720,0,0,0,15770,0.000,0.000
8730,0,0,0,15770,0.000,0.000
8740,0,0,0,15770,0.000,0.000
8750,0,0,0,15770,0.000,0.000
8760,0,0,0,15770,0.000,0.000
8770,0,0,0,15770,0.000,0.000
8780,0,0,0,15770,0.000,0.000
8790,0,0,0,15770,0.000,0.000
8800,0,0,0,15770,0.000,0.000
8810,0,0,0,15770,0.000,0.000
8820,0,0,0,15770,0.000,0.000
8830,0,0,0,15770,0.000,0.000
8840,0,0,0,15770,0.000,0.000
8850,0,0,0,15770,0.000,0.000
8860,0,0,0,15770,0.000,0.000
8870,0,0,0,15770,0.000,0.000
8880,0,0,0,15770,0.000,0.000
8890,0,0,0,15770,0.000,0.000
8900,0,0,0,15770,0.000,0.000
8910,0,0,0,15770,0.000,0.000
8920,0,0,0,15770,0.000,0.000
8930,0,0,0,15770,0.000,0.000
8940,0,0,0,15770,0.000,0.000
8950,0,0,0,15770,0.000,0.000
8960,0,0,0,15770,0.000,0.000
8970,0,0,0,15770,0.000,0.000
8980,0,0,0,15770,0.000,0.000
8990,0,0,0,15770,0.000,0.000
9000,0,0,0,15770,0.000,0.000
9010,0,20,0,15770,0.000,0.000
9020,0,20,0,15771,0.000,0.140
9030,0,20,0,15778,0.000,0.982
9040,0,20,0,15793,0.000,2.104
9050,0,20,0,15817,0.000,3.366
9060,0,20,0,15848,0.000,4.348
9070,0,20,0,15885,0.000,5.189
9080,0,20,0,15928,0.000,6.031
9090,0,20,0,15978,0.000,7.012
9100,0,20,0,16031,0.000,7.433
9110,0,20,0,16088,0.000,7.994
9120,0,20,0,16149,0.000,8.555
9130,0,20,0,16211,0.000,8.695
9140,0,20,0,16275,0.000,8.976
9150,0,20,0,16342,0.000,9.397
9160,0,20,0,16409,0.000,9.397
9170,0,20,0,16477,0.000,9.537
9180,0,20,0,16546,0.000,9.677
9190,0,20,0,16617,0.000,9.958
9200,0,20,0,16688,0.000,9.958
9210,0,20,0,16759,0.000,9.958
9220,0,20,0,16831,0.000,10.098
9230,0,20,0,16903,0.000,10.098
9240,0,20,0,16976,0.000,10.238
9250,0,20,0,17049,0.000,10.238
9260,0,20,0,17122,0.000,10.238
9270,0,20,0,17196,0.000,10.378
9280,0,20,0,17270,0.000,10.378
9290,0,20,0,17344,0.000,10.378
9300,0,20,0,17418,0.000,10.378
9310,0,20,0,17493,0.000,10.519
9320,0,20,0,17568,0.000,10.519
9330,0,20,0,17643,0.000,10.519
9340,0,20,0,17719,0.000,10.659
9350,0,20,0,17794,0.000,10.519
9360,0,20,0,17870,0.000,10.659
9370,0,20,0,17946,0.000,10.659
9380,0,20,0,18023,0.000,10.799
9390,0,20,0,18099,0.000,10.659
9400,0,20,0,18176,0.000,10.799
9410,0,20,0,18253,0.000,10.799
9420,0,20,0,18330,0.000,10.799
9430,0,20,0,18407,0.000,10.799
9440,0,20,0,18486,0.000,11.080
9450,0,20,0,18564,0.000,10.939
9460,0,20,0,18644,0.000,11.220
9470,0,20,0,18726,0.000,11.500
9480,0,20,0,18807,0.000,11.360
9490,0,20,0,18887,0.000,11.220
9500,0,20,0,18967,0.000,11.220
9510,0,20,0,19047,0.000,11.220
9520,0,20,0,19127,0.000,11.220
9530,0,20,0,19205,0.000,10.939
9540,0,20,0,19284,0.000,11.080
9550,0,20,0,19362,0.000,10.939
9560,0,20,0,19440,0.000,10.939
9570,0,20,0,19517,0.000,10.799
9580,0,20,0,19594,0.000,10.799
9590,0,20,0,19671,0.000,10.799
9600,0,20,0,19747,0.000,10.659
9610,0,20,0,19823,0.000,10.659
9620,0,20,0,19899,0.000,10.659
9630,0,20,0,19975,0.000,10.659
9640,0,20,0,20050,0.000,10.519
9650,0,20,0,20126,0.000,10.659
9660,0,20,0,20201,0.000,10.519
9670,0,20,0,20275,0.000,10.378
9680,0,20,0,20350,0.000,10.519
9690,0,20,0,20424,0.000,10.378
9700,0,20,0,20498,0.000,10.378
9710,0,20,0,20572,0.000,10.378
9720,0,20,0,20646,0.000,10.378
9730,0,20,0,20720,0.000,10.378
9740,0,20,0,20794,0.000,10.378
9750,0,20,0,20867,0.000,10.238
9760,0,20,0,20941,0.000,10.378
9770,0,20,0,21015,0.000,10.378
9780,0,20,0,21089,0.000,10.378
9790,0,20,0,21162,0.000,10.238
9800,0,20,0,21235,0.000,10.238
9810,0,20,0,21309,0.000,10.378
9820,0,20,0,21383,0.000,10.378
9830,0,20,0,21456,0.000,10.238
9840,0,20,0,21530,0.000,10.378
9850,0,20,0,21603,0.000,10.238
9860,0,20,0,21676,0.000,10.238
9870,0,20,0,21750,0.000,10.378
9880,0,20,0,21824,0.000,10.378
9890,0,20,0,21898,0.000,10.378
9900,0,20,0,21972,0.000,10.378
9910,0,20,0,22046,0.000,10.378
9920,0,20,0,22120,0.000,10.378
9930,0,20,0,22195,0.000,10.519
9940,0,20,0,22270,0.000,10.519
9950,0,20,0,22344,0.000,10.378
9960,0,20,0,22420,0.000,10.659
9970,0,20,0,22495,0.000,10.519
9980,0,20,0,22571,0.000,10.659
9990,0,20,0,22647,0.000,10.659
10000,0,20,0,22724,0.000,10.799
10010,0,20,0,22800,0.000,10.659
10020,0,20,0,22877,0.000,10.799
10030,0,20,0,22954,0.000,10.799
10040,0,20,0,23031,0.000,10.799
10050,0,20,0,23108,0.000,10.799
10060,0,20,0,23185,0.000,10.799
10070,0,20,0,23263,0.000,10.939
10080,0,20,0,23341,0.000,10.939
10090,0,20,0,23418,0.000,10.799
10100,0,20,0,23494,0.000,10.659
10110,0,20,0,23571,0.000,10.799
10120,0,20,0,23648,0.000,10.799
10130,0,20,0,23724,0.000,10.659
10140,0,20,0,23800,0.000,10.659
10150,0,20,0,23876,0.000,10.659
10160,0,20,0,23952,0.000,10.659
10170,0,20,0,24027,0.000,10.519
10180,0,20,0,24102,0.000,10.519
10190,0,20,0,24177,0.000,10.519
10200,0,20,0,24251,0.000,10.378
10210,0,20,0,24325,0.000,10.378
10220,0,20,0,24399,0.000,10.378
10230,0,20,0,24473,0.000,10.378
10240,0,20,0,24546,0.000,10.238
10250,0,20,0,24619,0.000,10.238
10260,0,20,0,24692,0.000,10.238
10270,0,20,0,24765,0.000,10.238
10280,0,20,0,24838,0.000,10.238
10290,0,20,0,24910,0.000,10.098
10300,0,20,0,24983,0.000,10.238
10310,0,20,0,25055,0.000,10.098
10320,0,20,0,25128,0.000,10.238
10330,0,20,0,25200,0.000,10.098
10340,0,20,0,25273,0.000,10.238
10350,0,20,0,25346,0.000,10.238
10360,0,20,0,25418,0.000,10.098
10370,0,20,0,25491,0.000,10.238
10380,0,20,0,25563,0.000,10.098
10390,0,20,0,25636,0.000,10.238
10400,0,20,0,25708,0.000,10.098
10410,0,20,0,25781,0.000,10.238
10420,0,20,0,25854,0.000,10.238
10430,0,20,0,25926,0.000,10.098
10440,0,20,0,25999,0.000,10.238
10450,0,20,0,26072,0.000,10.238
10460,0,20,0,26145,0.000,10.238
10470,0,20,0,26218,0.000,10.238
10480,0,20,0,26291,0.000,10.238
10490,0,20,0,26364,0.000,10.238
10500,0,20,0,26438,0.000,10.378
10510,0,20,0,26511,0.000,10.238
10520,0,20,0,26585,0.000,10.378
10530,0,20,0,26659,0.000,10.378
10540,0,20,0,26734,0.000,10.519
10550,0,20,0,26809,0.000,10.519
10560,0,20,0,26884,0.000,10.519
10570,0,20,0,26959,0.000,10.519
10580,0,20,0,27035,0.000,10.659
10590,0,20,0,27111,0.000,10.659
10600,0,20,0,27187,0.000,10.659
10610,0,20,0,27263,0.000,10.659
10620,0,20,0,27339,0.000,10.659
10630,0,20,0,27416,0.000,10.799
10640,0,20,0,27492,0.000,10.659
10650,0,20,0,27569,0.000,10.799
10660,0,20,0,27645,0.000,10.659
10670,0,20,0,27723,0.000,10.939
10680,0,20,0,27800,0.000,10.799
10690,0,20,0,27877,0.000,10.799
10700,0,20,0,27955,0.000,10.939
10710,0,20,0,28031,0.000,10.659
10720,0,20,0,28108,0.000,10.799
10730,0,20,0,28186,0.000,10.939
10740,0,20,0,28262,0.000,10.659
10750,0,20,0,28338,0.000,10.659
10760,0,20,0,28415,0.000,10.799
10770,0,20,0,28490,0.000,10.519
10780,0,20,0,28566,0.000,10.659
10790,0,20,0,28641,0.000,10.519
10800,0,20,0,28715,0.000,10.378
10810,0,20,0,28790,0.000,10.519
10820,0,20,0,28864,0.000,10.378
10830,0,20,0,28937,0.000,10.238
10840,0,20,0,29011,0.000,10.378
10850,0,20,0,29084,0.000,10.238
10860,0,20,0,29158,0.000,10.378
10870,0,20,0,29230,0.000,10.098
10880,0,20,0,29303,0.000,10.238
10890,0,20,0,29376,0.000,10.238
10900,0,20,0,29448,0.000,10.098
10910,0,20,0,29520,0.000,10.098
10920,0,20,0,29593,0.000,10.238
10930,0,20,0,29665,0.000,10.098
10940,0,20,0,29737,0.000,10.098
10950,0,20,0,29810,0.000,10.238
10960,0,20,0,29882,0.000,10.098
10970,0,20,0,29954,0.000,10.098
10980,0,20,0,30027,0.000,10.238
10990,0,20,0,30099,0.000,10.098
11000,0,20,0,30171,0.000,10.098
11010,0,20,0,30244,0.000,10.238
11020,0,20,0,30316,0.000,10.098
11030,0,20,0,30388,0.000,10.098
11040,0,20,0,30461,0.000,10.238
11050,0,20,0,30533,0.000,10.098
11060,0,20,0,30605,0.000,10.098
11070,0,20,0,30678,0.000,10.238
11080,0,20,0,30750,0.000,10.098
11090,0,20,0,30823,0.000,10.238
11100,0,20,0,30896,0.000,10.238
11110,0,20,0,30970,0.000,10.378
11120,0,20,0,31043,0.000,10.238
11130,0,20,0,31117,0.000,10.378
11140,0,20,0,31192,0.000,10.519
11150,0,20,0,31267,0.000,10.519
11160,0,20,0,31343,0.000,10.659
11170,0,20,0,31419,0.000,10.659
11180,0,20,0,31495,0.000,10.659
11190,0,20,0,31572,0.000,10.799
11200,0,20,0,31649,0.000,10.799
11210,0,20,0,31726,0.000,10.799
11220,0,20,0,31803,0.000,10.799
11230,0,20,0,31881,0.000,10.939
11240,0,20,0,31959,0.000,10.939
11250,0,20,0,32037,0.000,10.939
11260,0,20,0,32115,0.000,10.939
11270,0,20,0,32195,0.000,11.220
11280,0,20,0,32273,0.000,10.939
11290,0,20,0,32351,0.000,10.939
11300,0,20,0,32430,0.000,11.080
11310,0,20,0,32508,0.000,10.939
11320,0,20,0,32585,0.000,10.799
11330,0,20,0,32663,0.000,10.939
11340,0,20,0,32741,0.000,10.939
11350,0,20,0,32817,0.000,10.659
11360,0,20,0,32895,0.000,10.939
11370,0,20,0,32971,0.000,10.659
11380,0,20,0,33047,0.000,10.659
11390,0,20,0,33123,0.000,10.659
11400,0,20,0,33199,0.000,10.659
11410,0,20,0,33275,0.000,10.659
11420,0,20,0,33350,0.000,10.519
11430,0,20,0,33425,0.000,10.519
11440,0,20,0,33500,0.000,10.519
11450,0,20,0,33575,0.000,10.519
11460,0,20,0,33650,0.000,10.519
11470,0,20,0,33725,0.000,10.519
11480,0,20,0,33799,0.000,10.378
11490,0,20,0,33875,0.000,10.659
11500,0,20,0,33951,0.000,10.659
11510,0,20,0,34027,0.000,10.659
11520,0,20,0,34104,0.000,10.799
11530,0,20,0,34181,0.000,10.799
11540,0,20,0,34256,0.000,10.519
11550,0,20,0,34332,0.000,10.659
11560,0,20,0,34408,0.000,10.659
11570,0,20,0,34483,0.000,10.519
11580,0,20,0,34558,0.000,10.519
11590,0,20,0,34633,0.000,10.519
11600,0,20,0,34707,0.000,10.378
11610,0,20,0,34782,0.000,10.519
11620,0,20,0,34856,0.000,10.378
11630,0,20,0,34931,0.000,10.519
11640,0,20,0,35005,0.000,10.378
11650,0,20,0,35080,0.000,10.519
11660,0,20,0,35155,0.000,10.519
11670,0,20,0,35230,0.000,10.519
11680,0,20,0,35305,0.000,10.519
11690,0,20,0,35379,0.000,10.378
11700,0,20,0,35455,0.000,10.659
11710,0,20,0,35530,0.000,10.519
11720,0,20,0,35606,0.000,10.659
11730,0,20,0,35682,0.000,10.659
11740,0,20,0,35759,0.000,10.799
11750,0,20,0,35835,0.000,10.659
11760,0,20,0,35913,0.000,10.939
11770,0,20,0,35990,0.000,10.799
11780,0,20,0,36067,0.000,10.799
11790,0,20,0,36145,0.000,10.939
11800,0,20,0,36222,0.000,10.799
11810,0,20,0,36299,0.000,10.799
11820,0,20,0,36378,0.000,11.080
11830,0,20,0,36456,0.000,10.939
11840,0,20,0,36534,0.000,10.939
11850,0,20,0,36611,0.000,10.799
11860,0,20,0,36690,0.000,11.080
11870,0,20,0,36768,0.000,10.939
11880,0,20,0,36847,0.000,11.080
11890,0,20,0,36924,0.000,10.799
11900,0,20,0,37002,0.000,10.939
11910,0,20,0,37080,0.000,10.939
11920,0,20,0,37157,0.000,10.799
11930,0,20,0,37235,0.000,10.939
11940,0,20,0,37313,0.000,10.939
11950,0,20,0,37389,0.000,10.659
11960,0,20,0,37467,0.000,10.939
11970,0,20,0,37543,0.000,10.659
11980,0,20,0,37619,0.000,10.659
11990,0,20,0,37696,0.000,10.799
12000,0,20,0,37771,0.000,10.519
12010,0,0,0,37846,0.000,10.519
12020,0,0,0,37920,0.000,10.378
12030,0,0,0,37987,0.000,9.397
12040,0,0,0,38048,0.000,8.555
12050,0,0,0,38097,0.000,6.872
12060,0,0,0,38135,0.000,5.329
12070,0,0,0,38164,0.000,4.067
12080,0,0,0,38185,0.000,2.945
12090,0,0,0,38200,0.000,2.104
12100,0,0,0,38211,0.000,1.543
12110,0,0,0,38220,0.000,1.262
12120,0,0,0,38227,0.000,0.982
12130,0,0,0,38232,0.000,0.701
12140,0,0,0,38235,0.000,0.421
12150,0,0,0,38237,0.000,0.280
12160,0,0,0,38237,0.000,0.000
12170,0,0,0,38237,0.000,0.000
12180,0,0,0,38237,0.000,0.000
12190,0,0,0,38237,0.000,0.000
12200,0,0,0,38237,0.000,0.000
12210,0,0,0,38237,0.000,0.000
12220,0,0,0,38237,0.000,0.000
12230,0,0,0,38237,0.000,0.000
12240,0,0,0,38237,0.000,0.000
12250,0,0,0,38237,0.000,0.000
12260,0,0,0,38237,0.000,0.000
12270,0,0,0,38237,0.000,0.000
12280,0,0,0,38237,0.000,0.000
12290,0,0,0,38237,0.000,0.000
12300,0,0,0,38237,0.000,0.000
12310,0,0,0,38237,0.000,0.000
12320,0,0,0,38237,0.000,0.000
12330,0,0,0,38237,0.000,0.000
12340,0,0,0,38237,0.000,0.000
12350,0,0,0,38237,0.000,0.000
12360,0,0,0,38237,0.000,0.000
12370,0,0,0,38237,0.000,0.000
12380,0,0,0,38237,0.000,0.000
12390,0,0,0,38237,0.000,0.000
12400,0,0,0,38237,0.000,0.000
12410,0,0,0,38237,0.000,0.000
12420,0,0,0,38237,0.000,0.000
12430,0,0,0,38237,0.000,0.000
12440,0,0,0,38237,0.000,0.000
12450,0,0,0,38237,0.000,0.000
12460,0,0,0,38237,0.000,0.000
12470,0,0,0,38237,0.000,0.000
12480,0,0,0,38237,0.000,0.000
12490,0,0,0,38237,0.000,0.000
12500,0,0,0,38237,0.000,0.000
12510,0,0,0,38237,0.000,0.000
12520,0,0,0,38237,0.000,0.000
12530,0,0,0,38237,0.000,0.000
12540,0,0,0,38237,0.000,0.000
12550,0,0,0,38237,0.000,0.000
12560,0,0,0,38237,0.000,0.000
12570,0,0,0,38237,0.000,0.000
12580,0,0,0,38237,0.000,0.000
12590,0,0,0,38237,0.000,0.000
12600,0,0,0,38237,0.000,0.000
12610,0,0,0,38237,0.000,0.000
12620,0,0,0,38237,0.000,0.000
12630,0,0,0,38237,0.000,0.000
12640,0,0,0,38237,0.000,0.000
12650,0,0,0,38237,0.000,0.000
12660,0,0,0,38237,0.000,0.000
12670,0,0,0,38237,0.000,0.000
12680,0,0,0,38237,0.000,0.000
12690,0,0,0,38237,0.000,0.000
12700,0,0,0,38237,0.000,0.000
12710,0,0,0,38237,0.000,0.000
12720,0,0,0,38237,0.000,0.000
12730,0,0,0,38237,0.000,0.000
12740,0,0,0,38237,0.000,0.000
12750,0,0,0,38237,0.000,0.000
12760,0,0,0,38237,0.000,0.000
12770,0,0,0,38237,0.000,0.000
12780,0,0,0,38237,0.000,0.000
12790,0,0,0,38237,0.000,0.000
12800,0,0,0,38237,0.000,0.000
12810,0,0,0,38237,0.000,0.000
12820,0,0,0,38237,0.000,0.000
12830,0,0,0,38237,0.000,0.000
12840,0,0,0,38237,0.000,0.000
12850,0,0,0,38237,0.000,0.000
12860,0,0,0,38237,0.000,0.000
12870,0,0,0,38237,0.000,0.000
12880,0,0,0,38237,0.000,0.000
12890,0,0,0,38237,0.000,0.000
12900,0,0,0,38237,0.000,0.000
12910,0,0,0,38237,0.000,0.000
12920,0,0,0,38237,0.000,0.000
12930,0,0,0,38238,0.000,0.140
12940,0,0,1,38239,0.140,0.140
12950,0,0,1,38241,0.000,0.280
12960,0,0,2,38243,0.140,0.280
12970,0,0,2,38245,0.000,0.280
12980,0,0,2,38246,0.000,0.140
12990,0,0,2,38246,0.000,0.000
13000,0,0,2,38246,0.000,0.000
13010,0,0,2,38246,0.000,0.000
13020,0,0,2,38246,0.000,0.000
13030,0,0,2,38246,0.000,0.000
13040,0,0,2,38246,0.000,0.000
13050,0,0,2,38246,0.000,0.000
13060,0,0,2,38246,0.000,0.000
13070,0,0,2,38246,0.000,0.000
13080,0,0,2,38246,0.000,0.000
13090,0,0,2,38246,0.000,0.000
13100,0,0,2,38246,0.000,0.000
13110,0,0,2,38246,0.000,0.000
13120,0,0,2,38246,0.000,0.000
13130,0,0,2,38246,0.000,0.000
13140,0,0,2,38246,0.000,0.000
13150,0,0,2,38246,0.000,0.000
13160,0,0,2,38246,0.000,0.000
13170,0,0,2,38246,0.000,0.000
13180,0,0,2,38246,0.000,0.000
13190,0,0,2,38246,0.000,0.000
13200,0,0,2,38246,0.000,0.000
13210,0,0,2,38246,0.000,0.000
13220,0,0,2,38246,0.000,0.000
13230,0,0,2,38246,0.000,0.000
13240,0,0,2,38246,0.000,0.000
13250,0,0,2,38246,0.000,0.000
13260,0,0,2,38246,0.000,0.000
13270,0,0,2,38246,0.000,0.000
13280,0,0,2,38246,0.000,0.000
13290,0,0,2,38246,0.000,0.000
13300,0,0,2,38246,0.000,0.000
13310,0,0,2,38246,0.000,0.000
13320,0,0,2,38246,0.000,0.000
13330,0,0,2,38246,0.000,0.000
13340,0,0,2,38246,0.000,0.000
13350,0,0,2,38246,0.000,0.000
13360,0,0,2,38246,0.000,0.000
13370,0,0,2,38246,0.000,0.000
13380,0,0,2,38246,0.000,0.000
13390,0,0,2,38246,0.000,0.000
13400,0,0,2,38246,0.000,0.000
13410,0,0,2,38246,0.000,0.000
13420,0,0,2,38246,0.000,0.000
13430,0,0,2,38246,0.000,0.000
13440,0,0,2,38246,0.000,0.000
13450,0,0,2,38246,0.000,0.000
13460,0,0,2,38246,0.000,0.000
13470,0,0,2,38246,0.000,0.000
13480,0,0,2,38246,0.000,0.000
13490,0,0,2,38246,0.000,0.000
13500,0,0,2,38246,0.000,0.000
13510,0,0,2,38246,0.000,0.000
13520,0,0,2,38246,0.000,0.000
13530,0,0,2,38246,0.000,0.000
13540,0,0,2,38246,0.000,0.000
13550,0,0,2,38246,0.000,0.000
13560,0,0,2,38246,0.000,0.000
13570,0,0,2,38246,0.000,0.000
13580,0,0,2,38246,0.000,0.000
13590,0,0,2,38246,0.000,0.000
13600,0,0,2,38246,0.000,0.000
13610,0,0,2,38246,0.000,0.000
13620,0,0,2,38246,0.000,0.000
13630,0,0,2,38246,0.000,0.000
13640,0,0,2,38246,0.000,0.000
13650,0,0,2,38246,0.000,0.000
13660,0,0,2,38246,0.000,0.000
13670,0,0,2,38246,0.000,0.000
13680,0,0,2,38246,0.000,0.000
13690,0,0,2,38246,0.000,0.000
13700,0,0,2,38246,0.000,0.000
13710,0,0,2,38246,0.000,0.000
13720,0,0,2,38246,0.000,0.000
13730,0,0,2,38246,0.000,0.000
13740,0,0,2,38246,0.000,0.000
13750,0,0,2,38246,0.000,0.000
13760,0,0,2,38246,0.000,0.000
13770,0,0,2,38246,0.000,0.000
13780,0,0,2,38246,0.000,0.000
13790,0,0,2,38246,0.000,0.000
13800,0,0,2,38246,0.000,0.000
13810,0,0,2,38246,0.000,0.000
13820,0,0,2,38246,0.000,0.000
13830,0,0,2,38246,0.000,0.000
13840,0,0,2,38246,0.000,0.000
13850,0,0,2,38246,0.000,0.000
13860,0,0,2,38246,0.000,0.000
13870,0,0,2,38246,0.000,0.000
13880,0,0,2,38246,0.000,0.000
13890,0,0,2,38246,0.000,0.000
13900,0,0,2,38246,0.000,0.000
13910,0,0,2,38246,0.000,0.000
13920,0,0,2,38246,0.000,0.000
13930,0,0,2,38246,0.000,0.000
13940,0,0,2,38246,0.000,0.000
13950,0,0,2,38246,0.000,0.000
13960,0,0,2,38246,0.000,0.000
13970,0,0,2,38246,0.000,0.000
13980,0,0,2,38246,0.000,0.000
13990,0,0,2,38246,0.000,0.000
14000,0,0,2,38246,0.000,0.000
14010,0,0,2,38246,0.000,0.000
14020,0,0,2,38246,0.000,0.000
14030,0,0,2,38246,0.000,0.000
14040,0,0,2,38246,0.000,0.000
14050,0,0,2,38246,0.000,0.000
14060,0,0,2,38246,0.000,0.000
14070,0,0,2,38246,0.000,0.000
14080,0,0,2,38246,0.000,0.000
14090,0,0,2,38246,0.000,0.000
14100,0,0,2,38246,0.000,0.000
14110,0,0,2,38246,0.000,0.000
14120,0,0,2,38246,0.000,0.000
14130,0,0,2,38246,0.000,0.000
14140,0,0,2,38246,0.000,0.000
14150,0,0,2,38246,0.000,0.000
14160,0,0,2,38246,0.000,0.000
14170,0,0,2,38246,0.000,0.000
14180,0,0,2,38246,0.000,0.000
14190,0,0,2,38246,0.000,0.000
14200,0,0,2,38246,0.000,0.000
14210,0,0,2,38246,0.000,0.000
14220,0,0,2,38246,0.000,0.000
14230,0,0,2,38246,0.000,0.000
14240,0,0,2,38246,0.000,0.000
14250,0,0,2,38246,0.000,0.000
14260,0,0,2,38246,0.000,0.000
14270,0,0,2,38246,0.000,0.000
14280,0,0,2,38246,0.000,0.000
14290,0,0,2,38246,0.000,0.000
14300,0,0,2,38246,0.000,0.000
14310,0,0,2,38246,0.000,0.000
14320,0,0,2,38246,0.000,0.000
14330,0,0,2,38246,0.000,0.000
14340,0,0,2,38246,0.000,0.000
14350,0,0,2,38246,0.000,0.000
14360,0,0,2,38246,0.000,0.000
14370,0,0,2,38246,0.000,0.000
14380,0,0,2,38246,0.000,0.000
14390,0,0,2,38246,0.000,0.000
14400,0,0,2,38246,0.000,0.000
14410,0,0,2,38246,0.000,0.000
14420,0,0,2,38246,0.000,0.000
14430,0,0,2,38246,0.000,0.000
14440,0,0,2,38246,0.000,0.000
14450,0,0,2,38246,0.000,0.000
14460,0,0,2,38246,0.000,0.000
14470,0,0,2,38246,0.000,0.000
14480,0,0,2,38246,0.000,0.000
14490,0,0,2,38246,0.000,0.000
14500,0,0,2,38246,0.000,0.000
14510,0,0,2,38246,0.000,0.000
14520,0,0,2,38246,0.000,0.000
14530,0,0,2,38246,0.000,0.000
14540,0,0,2,38246,0.000,0.000
14550,0,0,2,38246,0.000,0.000
14560,0,0,2,38246,0.000,0.000
14570,0,0,2,38246,0.000,0.000
14580,0,0,2,38246,0.000,0.000
14590,0,0,2,38246,0.000,0.000
14600,0,0,2,38246,0.000,0.000
14610,0,0,2,38246,0.000,0.000
14620,0,0,2,38246,0.000,0.000
14630,0,0,2,38246,0.000,0.000
14640,0,0,2,38246,0.000,0.000
14650,0,0,2,38246,0.000,0.000
14660,0,0,2,38246,0.000,0.000
14670,0,0,2,38246,0.000,0.000
14680,0,0,2,38246,0.000,0.000
14690,0,0,2,38246,0.000,0.000
14700,0,0,2,38246,0.000,0.000
14710,0,0,2,38246,0.000,0.000
14720,0,0,2,38246,0.000,0.000
14730,0,0,2,38246,0.000,0.000
14740,0,0,2,38246,0.000,0.000
14750,0,0,2,38246,0.000,0.000
14760,0,0,2,38246,0.000,0.000
14770,0,0,2,38246,0.000,0.000
14780,0,0,2,38246,0.000,0.000
14790,0,0,2,38246,0.000,0.000
14800,0,0,2,38246,0.000,0.000
14810,0,0,2,38246,0.000,0.000
14820,0,0,2,38246,0.000,0.000
14830,0,0,2,38246,0.000,0.000
14840,0,0,2,38246,0.000,0.000
14850,0,0,2,38246,0.000,0.000
14860,0,0,2,38246,0.000,0.000
14870,0,0,2,38246,0.000,0.000
14880,0,0,2,38246,0.000,0.000
14890,0,0,2,38246,0.000,0.000
14900,0,0,2,38246,0.000,0.000
14910,0,0,2,38246,0.000,0.000
14920,0,0,2,38246,0.000,0.000
14930,0,0,2,38246,0.000,0.000
14940,0,0,2,38246,0.000,0.000
14950,0,0,2,38246,0.000,0.000
14960,0,0,2,38246,0.000,0.000
14970,0,0,2,38246,0.000,0.000
14980,0,0,2,38246,0.000,0.000
14990,0,0,2,38246,0.000,0.000
15000,0,0,2,38246,0.000,0.000
15010,0,25,2,38246,0.000,0.000
15020,0,25,2,38247,0.000,0.140
15030,0,25,2,38255,0.000,1.122
15040,0,25,2,38274,0.000,2.665
15050,0,25,2,38300,0.000,3.646
15060,0,25,2,38331,0.000,4.348
15070,0,25,2,38367,0.000,5.049
15080,0,25,2,38407,0.000,5.610
15090,0,25,2,38451,0.000,6.171
15100,0,25,2,38502,0.000,7.153
15110,0,25,2,38555,0.000,7.433
15120,0,25,2,38615,0.000,8.415
15130,0,25,2,38679,0.000,8.976
15140,0,25,2,38749,0.000,9.817
15150,0,25,2,38823,0.000,10.378
15160,0,25,2,38900,0.000,10.799
15170,0,25,2,38980,0.000,11.220
15180,0,25,2,39062,0.000,11.500
15190,0,25,2,39147,0.000,11.921
15200,0,25,2,39232,0.000,11.921
15210,0,25,2,39319,0.000,12.202
15220,0,25,2,39406,0.000,12.202
15230,0,25,2,39495,0.000,12.482
15240,0,25,2,39584,0.000,12.482
15250,0,25,2,39674,0.000,12.622
15260,0,25,2,39765,0.000,12.763
15270,0,25,2,39856,0.000,12.763
15280,0,25,2,39947,0.000,12.763
15290,0,25,2,40040,0.000,13.043
15300,0,25,2,40133,0.000,13.043
15310,0,25,2,40227,0.000,13.183
15320,0,25,2,40321,0.000,13.183
15330,0,25,2,40416,0.000,13.324
15340,0,25,2,40511,0.000,13.324
15350,0,25,2,40606,0.000,13.324
15360,0,25,2,40702,0.000,13.464
15370,0,25,2,40799,0.000,13.604
15380,0,25,2,40895,0.000,13.464
15390,0,25,2,40992,0.000,13.604
15400,0,25,2,41090,0.000,13.744
15410,0,25,2,41187,0.000,13.604
15420,0,25,2,41284,0.000,13.604
15430,0,25,2,41382,0.000,13.744
15440,0,25,2,41478,0.000,13.464
15450,0,25,2,41575,0.000,13.604
15460,0,25,2,41672,0.000,13.604
15470,0,25,2,41768,0.000,13.464
15480,0,25,2,41863,0.000,13.324
15490,0,25,2,41958,0.000,13.324
15500,0,25,2,42053,0.000,13.324
15510,0,25,2,42147,0.000,13.183
15520,0,25,2,42242,0.000,13.324
15530,0,25,2,42335,0.000,13.043
15540,0,25,2,42428,0.000,13.043
15550,0,25,2,42521,0.000,13.043
15560,0,25,2,42614,0.000,13.043
15570,0,25,2,42706,0.000,12.903
15580,0,25,2,42798,0.000,12.903
15590,0,25,2,42890,0.000,12.903
15600,0,25,2,42982,0.000,12.903
15610,0,25,2,43074,0.000,12.903
15620,0,25,2,43166,0.000,12.903
15630,0,25,2,43258,0.000,12.903
15640,0,25,2,43350,0.000,12.903
15650,0,25,2,43442,0.000,12.903
15660,0,25,2,43534,0.000,12.903
15670,0,25,2,43626,0.000,12.903
15680,0,25,2,43718,0.000,12.903
15690,0,25,2,43810,0.000,12.903
15700,0,25,2,43902,0.000,12.903
15710,0,25,2,43995,0.000,13.043
15720,0,25,2,44088,0.000,13.043
15730,0,25,2,44181,0.000,13.043
15740,0,25,2,44275,0.000,13.183
15750,0,25,2,44368,0.000,13.043
15760,0,25,2,44462,0.000,13.183
15770,0,25,2,44556,0.000,13.183
15780,0,25,2,44651,0.000,13.324
15790,0,25,2,44745,0.000,13.183
15800,0,25,2,44840,0.000,13.324
15810,0,25,2,44936,0.000,13.464
15820,0,25,2,45032,0.000,13.464
15830,0,25,2,45128,0.000,13.464
15840,0,25,2,45224,0.000,13.464
15850,0,25,2,45321,0.000,13.604
15860,0,25,2,45418,0.000,13.604
15870,0,25,2,45514,0.000,13.464
15880,0,25,2,45612,0.000,13.744
15890,0,25,2,45709,0.000,13.604
15900,0,25,2,45806,0.000,13.604
15910,0,25,2,45903,0.000,13.604
15920,0,25,2,45999,0.000,13.464
15930,0,25,2,46095,0.000,13.464
15940,0,25,2,46191,0.000,13.464
15950,0,25,2,46287,0.000,13.464
15960,0,25,2,46383,0.000,13.464
15970,0,25,2,46478,0.000,13.324
15980,0,25,2,46573,0.000,13.324
15990,0,25,2,46667,0.000,13.183
16000,0,25,2,46761,0.000,13.183
16010,0,25,2,46855,0.000,13.183
16020,0,25,2,46948,0.000,13.043
16030,0,25,2,47041,0.000,13.043
16040,0,25,2,47134,0.000,13.043
16050,0,25,2,47226,0.000,12.903
16060,0,25,2,47318,0.000,12.903
16070,0,25,2,47410,0.000,12.903
16080,0,25,2,47501,0.000,12.763
16090,0,25,2,47593,0.000,12.903
16100,0,25,2,47685,0.000,12.903
16110,0,25,2,47776,0.000,12.763
16120,0,25,2,47868,0.000,12.903
16130,0,25,2,47960,0.000,12.903
16140,0,25,2,48051,0.000,12.763
16150,0,25,2,48143,0.000,12.903
16160,0,25,2,48235,0.000,12.903
16170,0,25,2,48327,0.000,12.903
16180,0,25,2,48419,0.000,12.903
16190,0,25,2,48510,0.000,12.763
16200,0,25,2,48602,0.000,12.903
16210,0,25,2,48695,0.000,13.043
16220,0,25,2,48787,0.000,12.903
16230,0,25,2,48880,0.000,13.043
16240,0,25,2,48973,0.000,13.043
16250,0,25,2,49066,0.000,13.043
16260,0,25,2,49161,0.000,13.324
16270,0,25,2,49255,0.000,13.183
16280,0,25,2,49350,0.000,13.324
16290,0,25,2,49445,0.000,13.324
16300,0,25,2,49541,0.000,13.464
16310,0,25,2,49637,0.000,13.464
16320,0,25,2,49733,0.000,13.464
16330,0,25,2,49830,0.000,13.604
16340,0,25,2,49927,0.000,13.604
16350,0,25,2,50024,0.000,13.604
16360,0,25,2,50122,0.000,13.744
16370,0,25,2,50219,0.000,13.604
16380,0,25,2,50317,0.000,13.744
16390,0,25,2,50414,0.000,13.604
16400,0,25,2,50511,0.000,13.604
16410,0,25,2,50608,0.000,13.604
16420,0,25,2,50704,0.000,13.464
16430,0,25,2,50801,0.000,13.604
16440,0,25,2,50897,0.000,13.464
16450,0,25,2,50993,0.000,13.464
16460,0,25,2,51088,0.000,13.324
16470,0,25,2,51184,0.000,13.464
16480,0,25,2,51279,0.000,13.324
16490,0,25,2,51374,0.000,13.324
16500,0,25,2,51469,0.000,13.324
16510,0,25,2,51563,0.000,13.183
16520,0,25,2,51657,0.000,13.183
16530,0,25,2,51751,0.000,13.183
16540,0,25,2,51844,0.000,13.043
16550,0,25,2,51937,0.000,13.043
16560,0,25,2,52030,0.000,13.043
16570,0,25,2,52123,0.000,13.043
16580,0,25,2,52216,0.000,13.043
16590,0,25,2,52309,0.000,13.043
16600,0,25,2,52402,0.000,13.043
16610,0,25,2,52495,0.000,13.043
16620,0,25,2,52588,0.000,13.043
16630,0,25,2,52681,0.000,13.043
16640,0,25,2,52775,0.000,13.183
16650,0,25,2,52868,0.000,13.043
16660,0,25,2,52961,0.000,13.043
16670,0,25,2,53054,0.000,13.043
16680,0,25,2,53148,0.000,13.183
16690,0,25,2,53242,0.000,13.183
16700,0,25,2,53335,0.000,13.043
16710,0,25,2,53430,0.000,13.324
16720,0,25,2,53523,0.000,13.043
16730,0,25,2,53618,0.000,13.324
16740,0,25,2,53714,0.000,13.464
16750,0,25,2,53809,0.000,13.324
16760,0,25,2,53906,0.000,13.604
16770,0,25,2,54002,0.000,13.464
16780,0,25,2,54099,0.000,13.604
16790,0,25,2,54196,0.000,13.604
16800,0,25,2,54293,0.000,13.604
16810,0,25,2,54391,0.000,13.744
16820,0,25,2,54488,0.000,13.604
16830,0,25,2,54586,0.000,13.744
16840,0,25,2,54685,0.000,13.885
16850,0,25,2,54782,0.000,13.604
16860,0,25,2,54880,0.000,13.744
16870,0,25,2,54978,0.000,13.744
16880,0,25,2,55075,0.000,13.604
16890,0,25,2,55172,0.000,13.604
16900,0,25,2,55269,0.000,13.604
16910,0,25,2,55365,0.000,13.464
16920,0,25,2,55461,0.000,13.464
16930,0,25,2,55556,0.000,13.324
16940,0,25,2,55652,0.000,13.464
16950,0,25,2,55747,0.000,13.324
16960,0,25,2,55842,0.000,13.324
16970,0,25,2,55937,0.000,13.324
16980,0,25,2,56031,0.000,13.183
16990,0,25,2,56126,0.000,13.324
17000,0,25,2,56219,0.000,13.043
17010,0,25,2,56313,0.000,13.183
17020,0,25,2,56406,0.000,13.043
17030,0,25,2,56500,0.000,13.183
17040,0,25,2,56593,0.000,13.043
17050,0,25,2,56686,0.000,13.043
17060,0,25,2,56779,0.000,13.043
17070,0,25,2,56872,0.000,13.043
17080,0,25,2,56965,0.000,13.043
17090,0,25,2,57058,0.000,13.043
17100,0,25,2,57151,0.000,13.043
17110,0,25,2,57243,0.000,12.903
17120,0,25,2,57336,0.000,13.043
17130,0,25,2,57429,0.000,13.043
17140,0,25,2,57522,0.000,13.043
17150,0,25,2,57615,0.000,13.043
17160,0,25,2,57709,0.000,13.183
17170,0,25,2,57803,0.000,13.183
17180,0,25,2,57897,0.000,13.183
17190,0,25,2,57991,0.000,13.183
17200,0,25,2,58086,0.000,13.324
17210,0,25,2,58180,0.000,13.183
17220,0,25,2,58275,0.000,13.324
17230,0,25,2,58371,0.000,13.464
17240,0,25,2,58466,0.000,13.324
17250,0,25,2,58562,0.000,13.464
17260,0,25,2,58659,0.000,13.604
17270,0,25,2,58755,0.000,13.464
17280,0,25,2,58852,0.000,13.604
17290,0,25,2,58950,0.000,13.744
17300,0,25,2,59048,0.000,13.744
17310,0,25,2,59146,0.000,13.744
17320,0,25,2,59244,0.000,13.744
17330,0,25,2,59342,0.000,13.744
17340,0,25,2,59440,0.000,13.744
17350,0,25,2,59537,0.000,13.604
17360,0,25,2,59635,0.000,13.744
17370,0,25,2,59731,0.000,13.464
17380,0,25,2,59828,0.000,13.604
17390,0,25,2,59925,0.000,13.604
17400,0,25,2,60021,0.000,13.464
17410,0,25,2,60117,0.000,13.464
17420,0,25,2,60212,0.000,13.324
17430,0,25,2,60307,0.000,13.324
17440,0,25,2,60403,0.000,13.464
17450,0,25,2,60497,0.000,13.183
17460,0,25,2,60591,0.000,13.183
17470,0,25,2,60685,0.000,13.183
17480,0,25,2,60779,0.000,13.183
17490,0,25,2,60872,0.000,13.043
17500,0,25,2,60966,0.000,13.183
17510,0,25,2,61059,0.000,13.043
17520,0,25,2,61152,0.000,13.043
17530,0,25,2,61245,0.000,13.043
17540,0,25,2,61338,0.000,13.043
17550,0,25,2,61432,0.000,13.183
17560,0,25,2,61526,0.000,13.183
17570,0,25,2,61619,0.000,13.043
17580,0,25,2,61712,0.000,13.043
17590,0,25,2,61806,0.000,13.183
17600,0,25,2,61899,0.000,13.043
17610,0,25,2,61993,0.000,13.183
17620,0,25,2,62087,0.000,13.183
17630,0,25,2,62181,0.000,13.183
17640,0,25,2,62275,0.000,13.183
17650,0,25,2,62369,0.000,13.183
17660,0,25,2,62463,0.000,13.183
17670,0,25,2,62558,0.000,13.324
17680,0,25,2,62653,0.000,13.324
17690,0,25,2,62748,0.000,13.324
17700,0,25,2,62844,0.000,13.464
17710,0,25,2,62940,0.000,13.464
17720,0,25,2,63036,0.000,13.464
17730,0,25,2,63132,0.000,13.464
17740,0,25,2,63229,0.000,13.604
17750,0,25,2,63327,0.000,13.744
17760,0,25,2,63424,0.000,13.604
17770,0,25,2,63523,0.000,13.885
17780,0,25,2,63621,0.000,13.744
17790,0,25,2,63719,0.000,13.744
17800,0,25,2,63817,0.000,13.744
17810,0,25,2,63915,0.000,13.744
17820,0,25,2,64012,0.000,13.604
17830,0,25,2,64110,0.000,13.744
17840,0,25,2,64207,0.000,13.604
17850,0,25,2,64304,0.000,13.604
17860,0,25,2,64400,0.000,13.464
17870,0,25,2,64496,0.000,13.464
17880,0,25,2,64592,0.000,13.464
17890,0,25,2,64687,0.000,13.324
17900,0,25,2,64782,0.000,13.324
17910,0,25,2,64877,0.000,13.324
17920,0,25,2,64971,0.000,13.183
17930,0,25,2,65064,0.000,13.043
17940,0,25,2,65158,0.000,13.183
17950,0,25,2,65251,0.000,13.043
17960,0,25,2,65344,0.000,13.043
17970,0,25,2,65437,0.000,13.043
17980,0,25,2,65530,0.000,13.043
17990,0,25,2,65622,0.000,12.903
18000,0,25,2,65715,0.000,13.043
18010,0,0,2,65807,0.000,12.903
18020,0,0,2,65899,0.000,12.903
18030,0,0,2,65984,0.000,11.921
18040,0,0,2,66062,0.000,10.939
18050,0,0,2,66127,0.000,9.116
18060,0,0,2,66178,0.000,7.153
18070,0,0,2,66218,0.000,5.610
18080,0,0,2,66249,0.000,4.348
18090,0,0,2,66272,0.000,3.226
18100,0,0,2,66288,0.000,2.244
18110,0,0,2,66301,0.000,1.823
18120,0,0,2,66310,0.000,1.262
18130,0,0,2,66315,0.000,0.701
18140,0,0,2,66319,0.000,0.561
18150,0,0,2,66321,0.000,0.280
18160,0,0,2,66321,0.000,0.000
18170,0,0,2,66321,0.000,0.000
18180,0,0,2,66321,0.000,0.000
18190,0,0,2,66321,0.000,0.000
18200,0,0,2,66321,0.000,0.000
18210,0,0,2,66321,0.000,0.000
18220,0,0,2,66321,0.000,0.000
18230,0,0,2,66321,0.000,0.000
18240,0,0,2,66321,0.000,0.000
18250,0,0,2,66321,0.000,0.000
18260,0,0,2,66321,0.000,0.000
18270,0,0,2,66321,0.000,0.000
18280,0,0,2,66321,0.000,0.000
18290,0,0,2,66321,0.000,0.000
18300,0,0,2,66321,0.000,0.000
18310,0,0,2,66321,0.000,0.000
18320,0,0,2,66321,0.000,0.000
18330,0,0,2,66321,0.000,0.000
18340,0,0,2,66321,0.000,0.000
18350,0,0,2,66321,0.000,0.000
18360,0,0,2,66321,0.000,0.000
18370,0,0,2,66321,0.000,0.000
18380,0,0,2,66321,0.000,0.000
18390,0,0,2,66321,0.000,0.000
18400,0,0,2,66321,0.000,0.000
18410,0,0,2,66321,0.000,0.000
18420,0,0,2,66321,0.000,0.000
18430,0,0,2,66321,0.000,0.000
18440,0,0,2,66321,0.000,0.000
18450,0,0,2,66321,0.000,0.000
18460,0,0,2,66321,0.000,0.000
18470,0,0,2,66321,0.000,0.000
18480,0,0,2,66321,0.000,0.000
18490,0,0,2,66321,0.000,0.000
18500,0,0,2,66321,0.000,0.000
18510,0,0,2,66321,0.000,0.000
18520,0,0,2,66321,0.000,0.000
18530,0,0,2,66321,0.000,0.000
18540,0,0,2,66321,0.000,0.000
18550,0,0,2,66321,0.000,0.000
18560,0,0,2,66321,0.000,0.000
18570,0,0,2,66321,0.000,0.000
18580,0,0,2,66322,0.000,0.140
18590,0,0,2,66322,0.000,0.000
18600,0,0,2,66323,0.000,0.140
18610,0,0,2,66325,0.000,0.280
18620,0,0,2,66325,0.000,0.000
18630,0,0,2,66325,0.000,0.000
18640,0,0,2,66325,0.000,0.000
18650,0,0,2,66325,0.000,0.000
18660,0,0,2,66325,0.000,0.000
18670,0,0,2,66325,0.000,0.000
18680,0,0,2,66325,0.000,0.000
18690,0,0,2,66325,0.000,0.000
18700,0,0,2,66325,0.000,0.000
18710,0,0,2,66325,0.000,0.000
18720,0,0,2,66325,0.000,0.000
18730,0,0,2,66325,0.000,0.000
18740,0,0,2,66325,0.000,0.000
18750,0,0,2,66325,0.000,0.000
18760,0,0,2,66325,0.000,0.000
18770,0,0,2,66325,0.000,0.000
18780,0,0,2,66325,0.000,0.000
18790,0,0,2,66325,0.000,0.000
18800,0,0,2,66325,0.000,0.000
18810,0,0,2,66325,0.000,0.000
18820,0,0,2,66325,0.000,0.000
18830,0,0,2,66325,0.000,0.000
18840,0,0,2,66325,0.000,0.000
18850,0,0,2,66325,0.000,0.000
18860,0,0,2,66325,0.000,0.000
18870,0,0,2,66325,0.000,0.000
18880,0,0,2,66325,0.000,0.000
18890,0,0,2,66325,0.000,0.000
18900,0,0,2,66325,0.000,0.000
18910,0,0,2,66325,0.000,0.000
18920,0,0,2,66325,0.000,0.000
18930,0,0,2,66325,0.000,0.000
18940,0,0,2,66325,0.000,0.000
18950,0,0,2,66325,0.000,0.000
18960,0,0,2,66325,0.000,0.000
18970,0,0,2,66325,0.000,0.000
18980,0,0,2,66325,0.000,0.000
18990,0,0,2,66325,0.000,0.000
19000,0,0,2,66325,0.000,0.000
19010,0,0,2,66325,0.000,0.000
19020,0,0,2,66325,0.000,0.000
19030,0,0,2,66325,0.000,0.000
19040,0,0,2,66325,0.000,0.000
19050,0,0,2,66325,0.000,0.000
19060,0,0,2,66325,0.000,0.000
19070,0,0,2,66325,0.000,0.000
19080,0,0,2,66325,0.000,0.000
19090,0,0,2,66325,0.000,0.000
19100,0,0,2,66325,0.000,0.000
19110,0,0,2,66325,0.000,0.000
19120,0,0,2,66325,0.000,0.000
19130,0,0,2,66325,0.000,0.000
19140,0,0,2,66325,0.000,0.000
19150,0,0,2,66325,0.000,0.000
19160,0,0,2,66325,0.000,0.000
19170,0,0,2,66325,0.000,0.000
19180,0,0,2,66325,0.000,0.000
19190,0,0,2,66325,0.000,0.000
19200,0,0,2,66325,0.000,0.000
19210,0,0,2,66325,0.000,0.000
19220,0,0,2,66325,0.000,0.000
19230,0,0,2,66325,0.000,0.000
19240,0,0,2,66325,0.000,0.000
19250,0,0,2,66325,0.000,0.000
19260,0,0,2,66325,0.000,0.000
19270,0,0,2,66325,0.000,0.000
19280,0,0,2,66325,0.000,0.000
19290,0,0,2,66325,0.000,0.000
19300,0,0,2,66325,0.000,0.000
19310,0,0,2,66325,0.000,0.000
19320,0,0,2,66325,0.000,0.000
19330,0,0,2,66325,0.000,0.000
19340,0,0,2,66325,0.000,0.000
19350,0,0,2,66325,0.000,0.000
19360,0,0,2,66325,0.000,0.000
19370,0,0,2,66325,0.000,0.000
19380,0,0,2,66325,0.000,0.000
19390,0,0,2,66325,0.000,0.000
19400,0,0,2,66325,0.000,0.000
19410,0,0,2,66325,0.000,0.000
19420,0,0,2,66325,0.000,0.000
19430,0,0,2,66325,0.000,0.000
19440,0,0,2,66325,0.000,0.000
19450,0,0,2,66325,0.000,0.000
19460,0,0,2,66325,0.000,0.000
19470,0,0,2,66325,0.000,0.000
19480,0,0,2,66325,0.000,0.000
19490,0,0,2,66325,0.000,0.000
19500,0,0,2,66325,0.000,0.000
19510,0,0,2,66325,0.000,0.000
19520,0,0,2,66325,0.000,0.000
19530,0,0,2,66325,0.000,0.000
19540,0,0,2,66325,0.000,0.000
19550,0,0,2,66325,0.000,0.000
19560,0,0,2,66325,0.000,0.000
19570,0,0,2,66325,0.000,0.000
19580,0,0,2,66325,0.000,0.000
19590,0,0,2,66325,0.000,0.000
19600,0,0,2,66325,0.000,0.000
19610,0,0,2,66325,0.000,0.000
19620,0,0,2,66325,0.000,0.000
19630,0,0,2,66325,0.000,0.000
19640,0,0,2,66325,0.000,0.000
19650,0,0,2,66325,0.000,0.000
19660,0,0,2,66325,0.000,0.000
19670,0,0,2,66325,0.000,0.000
19680,0,0,2,66325,0.000,0.000
19690,0,0,2,66325,0.000,0.000
19700,0,0,2,66325,0.000,0.000
19710,0,0,2,66325,0.000,0.000
19720,0,0,2,66325,0.000,0.000
19730,0,0,2,66325,0.000,0.000
19740,0,0,2,66325,0.000,0.000
19750,0,0,2,66325,0.000,0.000
19760,0,0,2,66325,0.000,0.000
19770,0,0,2,66325,0.000,0.000
19780,0,0,2,66325,0.000,0.000
19790,0,0,2,66325,0.000,0.000
19800,0,0,2,66325,0.000,0.000
19810,0,0,2,66325,0.000,0.000
19820,0,0,2,66325,0.000,0.000
19830,0,0,2,66325,0.000,0.000
19840,0,0,2,66325,0.000,0.000
19850,0,0,2,66325,0.000,0.000
19860,0,0,2,66325,0.000,0.000
19870,0,0,2,66325,0.000,0.000
19880,0,0,2,66325,0.000,0.000
19890,0,0,2,66325,0.000,0.000
19900,0,0,2,66325,0.000,0.000
19910,0,0,2,66325,0.000,0.000
19920,0,0,2,66325,0.000,0.000
19930,0,0,2,66325,0.000,0.000
19940,0,0,2,66325,0.000,0.000
19950,0,0,2,66325,0.000,0.000
19960,0,0,2,66325,0.000,0.000
19970,0,0,2,66325,0.000,0.000
19980,0,0,2,66325,0.000,0.000
19990,0,0,2,66325,0.000,0.000
20000,0,0,2,66325,0.000,0.000
20010,0,0,2,66325,0.000,0.000
20020,0,0,2,66325,0.000,0.000
20030,0,0,2,66325,0.000,0.000
20040,0,0,2,66325,0.000,0.000
20050,0,0,2,66325,0.000,0.000
20060,0,0,2,66325,0.000,0.000
20070,0,0,2,66325,0.000,0.000
20080,0,0,2,66325,0.000,0.000
20090,0,0,2,66325,0.000,0.000
20100,0,0,2,66325,0.000,0.000
20110,0,0,2,66325,0.000,0.000
20120,0,0,2,66325,0.000,0.000
20130,0,0,2,66325,0.000,0.000
20140,0,0,2,66325,0.000,0.000
20150,0,0,2,66325,0.000,0.000
20160,0,0,2,66325,0.000,0.000
20170,0,0,2,66325,0.000,0.000
20180,0,0,2,66325,0.000,0.000
20190,0,0,2,66325,0.000,0.000
20200,0,0,2,66325,0.000,0.000
20210,0,0,2,66325,0.000,0.000
20220,0,0,2,66325,0.000,0.000
20230,0,0,2,66325,0.000,0.000
20240,0,0,2,66325,0.000,0.000
20250,0,0,2,66325,0.000,0.000
20260,0,0,2,66325,0.000,0.000
20270,0,0,2,66325,0.000,0.000
20280,0,0,2,66325,0.000,0.000
20290,0,0,2,66325,0.000,0.000
20300,0,0,2,66325,0.000,0.000
20310,0,0,2,66325,0.000,0.000
20320,0,0,2,66325,0.000,0.000
20330,0,0,2,66325,0.000,0.000
20340,0,0,2,66325,0.000,0.000
20350,0,0,2,66325,0.000,0.000
20360,0,0,2,66325,0.000,0.000
20370,0,0,2,66325,0.000,0.000
20380,0,0,2,66325,0.000,0.000
20390,0,0,2,66325,0.000,0.000
20400,0,0,2,66325,0.000,0.000
20410,0,0,2,66325,0.000,0.000
20420,0,0,2,66325,0.000,0.000
20430,0,0,2,66325,0.000,0.000
20440,0,0,2,66325,0.000,0.000
20450,0,0,2,66325,0.000,0.000
20460,0,0,2,66325,0.000,0.000
20470,0,0,2,66325,0.000,0.000
20480,0,0,2,66325,0.000,0.000
20490,0,0,2,66325,0.000,0.000
20500,0,0,2,66325,0.000,0.000
20510,0,0,2,66325,0.000,0.000
20520,0,0,2,66325,0.000,0.000
20530,0,0,2,66325,0.000,0.000
20540,0,0,2,66325,0.000,0.000
20550,0,0,2,66325,0.000,0.000
20560,0,0,2,66325,0.000,0.000
20570,0,0,2,66325,0.000,0.000
20580,0,0,2,66325,0.000,0.000
20590,0,0,2,66325,0.000,0.000
20600,0,0,2,66325,0.000,0.000
20610,0,0,2,66325,0.000,0.000
20620,0,0,2,66325,0.000,0.000
20630,0,0,2,66325,0.000,0.000
20640,0,0,2,66325,0.000,0.000
20650,0,0,2,66325,0.000,0.000
20660,0,0,2,66325,0.000,0.000
20670,0,0,2,66325,0.000,0.000
20680,0,0,2,66325,0.000,0.000
20690,0,0,2,66325,0.000,0.000
20700,0,0,2,66325,0.000,0.000
20710,0,0,2,66325,0.000,0.000
20720,0,0,2,66325,0.000,0.000
20730,0,0,2,66325,0.000,0.000
20740,0,0,2,66325,0.000,0.000
20750,0,0,2,66325,0.000,0.000
20760,0,0,2,66325,0.000,0.000
20770,0,0,2,66325,0.000,0.000
20780,0,0,2,66325,0.000,0.000
20790,0,0,2,66325,0.000,0.000
20800,0,0,2,66325,0.000,0.000
20810,0,0,2,66325,0.000,0.000
20820,0,0,2,66325,0.000,0.000
20830,0,0,2,66325,0.000,0.000
20840,0,0,2,66325,0.000,0.000
20850,0,0,2,66325,0.000,0.000
20860,0,0,2,66325,0.000,0.000
20870,0,0,2,66325,0.000,0.000
20880,0,0,2,66325,0.000,0.000
20890,0,0,2,66325,0.000,0.000
20900,0,0,2,66325,0.000,0.000
20910,0,0,2,66325,0.000,0.000
20920,0,0,2,66325,0.000,0.000
20930,0,0,2,66325,0.000,0.000
20940,0,0,2,66325,0.000,0.000
20950,0,0,2,66325,0.000,0.000
20960,0,0,2,66325,0.000,0.000
20970,0,0,2,66325,0.000,0.000
20980,0,0,2,66325,0.000,0.000
20990,0,0,2,66325,0.000,0.000
21000,0,0,2,66325,0.000,0.000
21010,0,25,2,66325,0.000,0.000
21020,0,25,2,66326,0.000,0.140
21030,0,25,2,66335,0.000,1.262
21040,0,25,2,66354,0.000,2.665
21050,0,25,2,66382,0.000,3.927
21060,0,25,2,66415,0.000,4.628
21070,0,25,2,66453,0.000,5.329
21080,0,25,2,66498,0.000,6.311
21090,0,25,2,66547,0.000,6.872
21100,0,25,2,66603,0.000,7.854
21110,0,25,2,66664,0.000,8.555
21120,0,25,2,66731,0.000,9.397
21130,0,25,2,66803,0.000,10.098
21140,0,25,2,66879,0.000,10.659
21150,0,25,2,66958,0.000,11.080
21160,0,25,2,67041,0.000,11.641
21170,0,25,2,67126,0.000,11.921
21180,0,25,2,67212,0.000,12.061
21190,0,25,2,67301,0.000,12.482
21200,0,25,2,67390,0.000,12.482
21210,0,25,2,67481,0.000,12.763
21220,0,25,2,67573,0.000,12.903
21230,0,25,2,67665,0.000,12.903
21240,0,25,2,67759,0.000,13.183
21250,0,25,2,67853,0.000,13.183
21260,0,25,2,67947,0.000,13.183
21270,0,25,2,68043,0.000,13.464
21280,0,25,2,68139,0.000,13.464
21290,0,25,2,68235,0.000,13.464
21300,0,25,2,68331,0.000,13.464
21310,0,25,2,68427,0.000,13.464
21320,0,25,2,68524,0.000,13.604
21330,0,25,2,68620,0.000,13.464
21340,0,25,2,68716,0.000,13.464
21350,0,25,2,68812,0.000,13.464
21360,0,25,2,68908,0.000,13.464
21370,0,25,2,69003,0.000,13.324
21380,0,25,2,69099,0.000,13.464
21390,0,25,2,69193,0.000,13.183
21400,0,25,2,69288,0.000,13.324
21410,0,25,2,69382,0.000,13.183
21420,0,25,2,69477,0.000,13.324
21430,0,25,2,69571,0.000,13.183
21440,0,25,2,69667,0.000,13.464
21450,0,25,2,69762,0.000,13.324
21460,0,25,2,69857,0.000,13.324
21470,0,25,2,69951,0.000,13.183
21480,0,25,2,70046,0.000,13.324
21490,0,25,2,70140,0.000,13.183
21500,0,25,2,70235,0.000,13.324
21510,0,25,2,70329,0.000,13.183
21520,0,25,2,70423,0.000,13.183
21530,0,25,2,70517,0.000,13.183
21540,0,25,2,70611,0.000,13.183
21550,0,25,2,70707,0.000,13.464
21560,0,25,2,70802,0.000,13.324
21570,0,25,2,70899,0.000,13.604
21580,0,25,2,70995,0.000,13.464
21590,0,25,2,71091,0.000,13.464
21600,0,25,2,71187,0.000,13.464
21610,0,25,2,71284,0.000,13.604
21620,0,25,2,71380,0.000,13.464
21630,0,25,2,71477,0.000,13.604
21640,0,25,2,71573,0.000,13.464
21650,0,25,2,71670,0.000,13.604
21660,0,25,2,71767,0.000,13.604
21670,0,25,2,71864,0.000,13.604
21680,0,25,2,71961,0.000,13.604
21690,0,25,2,72058,0.000,13.604
21700,0,25,2,72156,0.000,13.744
21710,0,25,2,72253,0.000,13.604
21720,0,25,2,72351,0.000,13.744
21730,0,25,2,72449,0.000,13.744
21740,0,25,2,72547,0.000,13.744
21750,0,25,2,72645,0.000,13.744
21760,0,25,2,72743,0.000,13.744
21770,0,25,2,72841,0.000,13.744
21780,0,25,2,72938,0.000,13.604
21790,0,25,2,73035,0.000,13.604
21800,0,25,2,73132,0.000,13.604
21810,0,25,2,73228,0.000,13.464
21820,0,25,2,73324,0.000,13.464
21830,0,25,2,73419,0.000,13.324
21840,0,25,2,73515,0.000,13.464
21850,0,25,2,73610,0.000,13.324
21860,0,25,2,73704,0.000,13.183
21870,0,25,2,73799,0.000,13.324
21880,0,25,2,73893,0.000,13.183
21890,0,25,2,73987,0.000,13.183
21900,0,25,2,74081,0.000,13.183
21910,0,25,2,74174,0.000,13.043
21920,0,25,2,74268,0.000,13.183
21930,0,25,2,74361,0.000,13.043
21940,0,25,2,74454,0.000,13.043
21950,0,25,2,74547,0.000,13.043
21960,0,25,2,74640,0.000,13.043
21970,0,25,2,74733,0.000,13.043
21980,0,25,2,74826,0.000,13.043
21990,0,25,2,74920,0.000,13.183
22000,0,25,2,75013,0.000,13.043
22010,0,25,2,75106,0.000,13.043
22020,0,25,2,75199,0.000,13.043
22030,0,25,2,75293,0.000,13.183
22040,0,25,2,75387,0.000,13.183
22050,0,25,2,75480,0.000,13.043
22060,0,25,2,75574,0.000,13.183
22070,0,25,2,75668,0.000,13.183
22080,0,25,2,75762,0.000,13.183
22090,0,25,2,75857,0.000,13.324
22100,0,25,2,75952,0.000,13.324
22110,0,25,2,76047,0.000,13.324
22120,0,25,2,76143,0.000,13.464
22130,0,25,2,76239,0.000,13.464
22140,0,25,2,76335,0.000,13.464
22150,0,25,2,76432,0.000,13.604
22160,0,25,2,76529,0.000,13.604
22170,0,25,2,76626,0.000,13.604
22180,0,25,2,76723,0.000,13.604
22190,0,25,2,76821,0.000,13.744
22200,0,25,2,76919,0.000,13.744
22210,0,25,2,77017,0.000,13.744
22220,0,25,2,77115,0.000,13.744
22230,0,25,2,77213,0.000,13.744
22240,0,25,2,77311,0.000,13.744
22250,0,25,2,77408,0.000,13.604
22260,0,25,2,77506,0.000,13.744
22270,0,25,2,77603,0.000,13.604
22280,0,25,2,77699,0.000,13.464
22290,0,25,2,77796,0.000,13.604
22300,0,25,2,77891,0.000,13.324
22310,0,25,2,77987,0.000,13.464
22320,0,25,2,78082,0.000,13.324
22330,0,25,2,78177,0.000,13.324
22340,0,25,2,78271,0.000,13.183
22350,0,25,2,78365,0.000,13.183
22360,0,25,2,78458,0.000,13.043
22370,0,25,2,78552,0.000,13.183
22380,0,25,2,78646,0.000,13.183
22390,0,25,2,78739,0.000,13.043
22400,0,25,2,78831,0.000,12.903
22410,0,25,2,78924,0.000,13.043
22420,0,25,2,79017,0.000,13.043
22430,0,25,2,79109,0.000,12.903
22440,0,25,2,79202,0.000,13.043
22450,0,25,2,79294,0.000,12.903
22460,0,25,2,79387,0.000,13.043
22470,0,25,2,79479,0.000,12.903
22480,0,25,2,79572,0.000,13.043
22490,0,25,2,79665,0.000,13.043
22500,0,25,2,79757,0.000,12.903
22510,0,25,2,79850,0.000,13.043
22520,0,25,2,79943,0.000,13.043
22530,0,25,2,80036,0.000,13.043
22540,0,25,2,80130,0.000,13.183
22550,0,25,2,80223,0.000,13.043
22560,0,25,2,80317,0.000,13.183
22570,0,25,2,80411,0.000,13.183
22580,0,25,2,80506,0.000,13.324
22590,0,25,2,80601,0.000,13.324
22600,0,25,2,80696,0.000,13.324
22610,0,25,2,80791,0.000,13.324
22620,0,25,2,80887,0.000,13.464
22630,0,25,2,80983,0.000,13.464
22640,0,25,2,81080,0.000,13.604
22650,0,25,2,81176,0.000,13.464
22660,0,25,2,81272,0.000,13.464
22670,0,25,2,81369,0.000,13.604
22680,0,25,2,81466,0.000,13.604
22690,0,25,2,81563,0.000,13.604
22700,0,25,2,81659,0.000,13.464
22710,0,25,2,81755,0.000,13.464
22720,0,25,2,81851,0.000,13.464
22730,0,25,2,81947,0.000,13.464
22740,0,25,2,82043,0.000,13.464
22750,0,25,2,82138,0.000,13.324
22760,0,25,2,82232,0.000,13.183
22770,0,25,2,82327,0.000,13.324
22780,0,25,2,82421,0.000,13.183
22790,0,25,2,82515,0.000,13.183
22800,0,25,2,82609,0.000,13.183
22810,0,25,2,82703,0.000,13.183
22820,0,25,2,82796,0.000,13.043
22830,0,25,2,82889,0.000,13.043
22840,0,25,2,82982,0.000,13.043
22850,0,25,2,83074,0.000,12.903
22860,0,25,2,83166,0.000,12.903
22870,0,25,2,83258,0.000,12.903
22880,0,25,2,83350,0.000,12.903
22890,0,25,2,83442,0.000,12.903
22900,0,25,2,83533,0.000,12.763
22910,0,25,2,83625,0.000,12.903
22920,0,25,2,83716,0.000,12.763
22930,0,25,2,83807,0.000,12.763
22940,0,25,2,83899,0.000,12.903
22950,0,25,2,83990,0.000,12.763
22960,0,25,2,84081,0.000,12.763
22970,0,25,2,84173,0.000,12.903
22980,0,25,2,84265,0.000,12.903
22990,0,25,2,84356,0.000,12.763
23000,0,25,2,84448,0.000,12.903
23010,0,25,2,84540,0.000,12.903
23020,0,25,2,84632,0.000,12.903
23030,0,25,2,84725,0.000,13.043
23040,0,25,2,84819,0.000,13.183
23050,0,25,2,84915,0.000,13.464
23060,0,25,2,85011,0.000,13.464
23070,0,25,2,85107,0.000,13.464
23080,0,25,2,85203,0.000,13.464
23090,0,25,2,85299,0.000,13.464
23100,0,25,2,85395,0.000,13.464
23110,0,25,2,85491,0.000,13.464
23120,0,25,2,85587,0.000,13.464
23130,0,25,2,85684,0.000,13.604
23140,0,25,2,85781,0.000,13.604
23150,0,25,2,85878,0.000,13.604
23160,0,25,2,85975,0.000,13.604
23170,0,25,2,86071,0.000,13.464
23180,0,25,2,86167,0.000,13.464
23190,0,25,2,86264,0.000,13.604
23200,0,25,2,86360,0.000,13.464
23210,0,25,2,86455,0.000,13.324
23220,0,25,2,86550,0.000,13.324
23230,0,25,2,86645,0.000,13.324
23240,0,25,2,86739,0.000,13.183
23250,0,25,2,86834,0.000,13.324
23260,0,25,2,86927,0.000,13.043
23270,0,25,2,87021,0.000,13.183
23280,0,25,2,87114,0.000,13.043
23290,0,25,2,87207,0.000,13.043
23300,0,25,2,87299,0.000,12.903
23310,0,25,2,87391,0.000,12.903
23320,0,25,2,87482,0.000,12.763
23330,0,25,2,87573,0.000,12.763
23340,0,25,2,87664,0.000,12.763
23350,0,25,2,87755,0.000,12.763
23360,0,25,2,87845,0.000,12.622
23370,0,25,2,87935,0.000,12.622
23380,0,25,2,88026,0.000,12.763
23390,0,25,2,88116,0.000,12.622
23400,0,25,2,88207,0.000,12.763
23410,0,25,2,88297,0.000,12.622
23420,0,25,2,88387,0.000,12.622
23430,0,25,2,88478,0.000,12.763
23440,0,25,2,88569,0.000,12.763
23450,0,25,2,88659,0.000,12.622
23460,0,25,2,88751,0.000,12.903
23470,0,25,2,88842,0.000,12.763
23480,0,25,2,88934,0.000,12.903
23490,0,25,2,89026,0.000,12.903
23500,0,25,2,89119,0.000,13.043
23510,0,25,2,89212,0.000,13.043
23520,0,25,2,89305,0.000,13.043
23530,0,25,2,89398,0.000,13.043
23540,0,25,2,89492,0.000,13.183
23550,0,25,2,89586,0.000,13.183
23560,0,25,2,89681,0.000,13.324
23570,0,25,2,89775,0.000,13.183
23580,0,25,2,89870,0.000,13.324
23590,0,25,2,89965,0.000,13.324
23600,0,25,2,90060,0.000,13.324
23610,0,25,2,90156,0.000,13.464
23620,0,25,2,90252,0.000,13.464
23630,0,25,2,90348,0.000,13.464
23640,0,25,2,90445,0.000,13.604
23650,0,25,2,90542,0.000,13.604
23660,0,25,2,90638,0.000,13.464
23670,0,25,2,90735,0.000,13.604
23680,0,25,2,90832,0.000,13.604
23690,0,25,2,90929,0.000,13.604
23700,0,25,2,91026,0.000,13.604
23710,0,25,2,91123,0.000,13.604
23720,0,25,2,91219,0.000,13.464
23730,0,25,2,91316,0.000,13.604
23740,0,25,2,91412,0.000,13.464
23750,0,25,2,91508,0.000,13.464
23760,0,25,2,91603,0.000,13.324
23770,0,25,2,91698,0.000,13.324
23780,0,25,2,91793,0.000,13.324
23790,0,25,2,91888,0.000,13.324
23800,0,25,2,91982,0.000,13.183
23810,0,25,2,92077,0.000,13.324
23820,0,25,2,92171,0.000,13.183
23830,0,25,2,92264,0.000,13.043
23840,0,25,2,92358,0.000,13.183
23850,0,25,2,92452,0.000,13.183
23860,0,25,2,92546,0.000,13.183
23870,0,25,2,92639,0.000,13.043
23880,0,25,2,92732,0.000,13.043
23890,0,25,2,92826,0.000,13.183
23900,0,25,2,92919,0.000,13.043
23910,0,25,2,93012,0.000,13.043
23920,0,25,2,93105,0.000,13.043
23930,0,25,2,93199,0.000,13.183
23940,0,25,2,93292,0.000,13.043
23950,0,25,2,93386,0.000,13.183
23960,0,25,2,93480,0.000,13.183
23970,0,25,2,93574,0.000,13.183
23980,0,25,2,93667,0.000,13.043
23990,0,25,2,93762,0.000,13.324
24000,0,25,2,93856,0.000,13.183
24010,0,0,2,93951,0.000,13.324
24020,0,0,2,94046,0.000,13.324
24030,0,0,2,94135,0.000,12.482
24040,0,0,2,94215,0.000,11.220
24050,0,0,2,94283,0.000,9.537
24060,0,0,2,94338,0.000,7.714
24070,0,0,2,94381,0.000,6.031
24080,0,0,2,94415,0.000,4.768
24090,0,0,2,94441,0.000,3.646
24100,0,0,2,94460,0.000,2.665
24110,0,0,2,94475,0.000,2.104
24120,0,0,2,94487,0.000,1.683
24130,0,0,2,94496,0.000,1.262
24140,0,0,2,94502,0.000,0.841
24150,0,0,2,94507,0.000,0.701
24160,0,0,2,94511,0.000,0.561
24170,0,0,2,94513,0.000,0.280
24180,0,0,2,94514,0.000,0.140
24190,0,0,2,94516,0.000,0.280
24200,0,0,2,94517,0.000,0.140
24210,0,0,2,94517,0.000,0.000
24220,0,0,2,94517,0.000,0.000
24230,0,0,2,94517,0.000,0.000
24240,0,0,2,94517,0.000,0.000
24250,0,0,2,94517,0.000,0.000
24260,0,0,2,94517,0.000,0.000
24270,0,0,2,94517,0.000,0.000
24280,0,0,2,94517,0.000,0.000
24290,0,0,2,94517,0.000,0.000
24300,0,0,2,94517,0.000,0.000
24310,0,0,2,94517,0.000,0.000
24320,0,0,2,94517,0.000,0.000
24330,0,0,2,94517,0.000,0.000
24340,0,0,2,94517,0.000,0.000
24350,0,0,2,94517,0.000,0.000
24360,0,0,2,94517,0.000,0.000
24370,0,0,2,94517,0.000,0.000
24380,0,0,2,94517,0.000,0.000
24390,0,0,2,94517,0.000,0.000
24400,0,0,2,94517,0.000,0.000
24410,0,0,2,94517,0.000,0.000
24420,0,0,2,94517,0.000,0.000
24430,0,0,2,94517,0.000,0.000
24440,0,0,2,94517,0.000,0.000
24450,0,0,2,94517,0.000,0.000
24460,0,0,2,94517,0.000,0.000
24470,0,0,2,94517,0.000,0.000
24480,0,0,2,94517,0.000,0.000
24490,0,0,2,94517,0.000,0.000
24500,0,0,2,94517,0.000,0.000
24510,0,0,2,94517,0.000,0.000
24520,0,0,2,94517,0.000,0.000
24530,0,0,2,94517,0.000,0.000
24540,0,0,2,94517,0.000,0.000
24550,0,0,2,94517,0.000,0.000
24560,0,0,2,94517,0.000,0.000
24570,0,0,2,94517,0.000,0.000
24580,0,0,2,94517,0.000,0.000
24590,0,0,2,94517,0.000,0.000
24600,0,0,2,94517,0.000,0.000
24610,0,0,2,94517,0.000,0.000
24620,0,0,2,94517,0.000,0.000
24630,0,0,2,94517,0.000,0.000
24640,0,0,2,94517,0.000,0.000
24650,0,0,2,94517,0.000,0.000
24660,0,0,2,94517,0.000,0.000
24670,0,0,2,94517,0.000,0.000
24680,0,0,2,94517,0.000,0.000
24690,0,0,2,94517,0.000,0.000
24700,0,0,2,94517,0.000,0.000
24710,0,0,2,94517,0.000,0.000
24720,0,0,2,94517,0.000,0.000
24730,0,0,2,94517,0.000,0.000
24740,0,0,2,94517,0.000,0.000
24750,0,0,2,94517,0.000,0.000
24760,0,0,2,94517,0.000,0.000
24770,0,0,2,94517,0.000,0.000
24780,0,0,2,94517,0.000,0.000
24790,0,0,2,94517,0.000,0.000
24800,0,0,2,94517,0.000,0.000
24810,0,0,2,94517,0.000,0.000
24820,0,0,2,94517,0.000,0.000
24830,0,0,2,94517,0.000,0.000
24840,0,0,2,94517,0.000,0.000
24850,0,0,2,94517,0.000,0.000
24860,0,0,2,94517,0.000,0.000
24870,0,0,2,94517,0.000,0.000
24880,0,0,2,94517,0.000,0.000
24890,0,0,2,94517,0.000,0.000
24900,0,0,2,94517,0.000,0.000
24910,0,0,2,94517,0.000,0.000
24920,0,0,2,94517,0.000,0.000
24930,0,0,2,94517,0.000,0.000
24940,0,0,2,94517,0.000,0.000
24950,0,0,2,94517,0.000,0.000
24960,0,0,2,94517,0.000,0.000
24970,0,0,2,94517,0.000,0.000
24980,0,0,2,94517,0.000,0.000
24990,0,0,2,94517,0.000,0.000
25000,0,0,2,94517,0.000,0.000
25010,0,0,2,94517,0.000,0.000
25020,0,0,2,94517,0.000,0.000
25030,0,0,2,94517,0.000,0.000
25040,0,0,2,94517,0.000,0.000
25050,0,0,2,94517,0.000,0.000
25060,0,0,2,94517,0.000,0.000
25070,0,0,2,94517,0.000,0.000
25080,0,0,2,94517,0.000,0.000
25090,0,0,2,94517,0.000,0.000
25100,0,0,2,94517,0.000,0.000
25110,0,0,2,94517,0.000,0.000
25120,0,0,2,94517,0.000,0.000
25130,0,0,2,94517,0.000,0.000
25140,0,0,2,94517,0.000,0.000
25150,0,0,2,94517,0.000,0.000
25160,0,0,2,94517,0.000,0.000
25170,0,0,2,94517,0.000,0.000
25180,0,0,2,94517,0.000,0.000
25190,0,0,2,94517,0.000,0.000
25200,0,0,2,94517,0.000,0.000
25210,0,0,2,94517,0.000,0.000
25220,0,0,2,94517,0.000,0.000
25230,0,0,2,94517,0.000,0.000
25240,0,0,2,94517,0.000,0.000
25250,0,0,2,94518,0.000,0.140
25260,0,0,2,94519,0.000,0.140
25270,0,0,2,94521,0.000,0.280
25280,0,0,2,94523,0.000,0.280
25290,0,0,2,94526,0.000,0.421
25300,0,0,2,94527,0.000,0.140
25310,0,0,2,94529,0.000,0.280
25320,0,0,2,94530,0.000,0.140
25330,0,0,2,94530,0.000,0.000
25340,0,0,2,94530,0.000,0.000
25350,0,0,2,94530,0.000,0.000
25360,0,0,2,94530,0.000,0.000
25370,0,0,2,94530,0.000,0.000
25380,0,0,2,94530,0.000,0.000
25390,0,0,2,94530,0.000,0.000
25400,0,0,2,94530,0.000,0.000
25410,0,0,2,94530,0.000,0.000
25420,0,0,2,94530,0.000,0.000
25430,0,0,2,94530,0.000,0.000
25440,0,0,2,94530,0.000,0.000
25450,0,0,2,94530,0.000,0.000
25460,0,0,2,94530,0.000,0.000
25470,0,0,2,94530,0.000,0.000
25480,0,0,2,94530,0.000,0.000
25490,0,0,2,94530,0.000,0.000
25500,0,0,2,94530,0.000,0.000
25510,0,0,2,94530,0.000,0.000
25520,0,0,2,94530,0.000,0.000
25530,0,0,2,94530,0.000,0.000
25540,0,0,2,94530,0.000,0.000
25550,0,0,2,94530,0.000,0.000
25560,0,0,2,94530,0.000,0.000
25570,0,0,2,94530,0.000,0.000
25580,0,0,2,94530,0.000,0.000
25590,0,0,2,94530,0.000,0.000
25600,0,0,2,94530,0.000,0.000
25610,0,0,2,94530,0.000,0.000
25620,0,0,2,94530,0.000,0.000
25630,0,0,2,94530,0.000,0.000
25640,0,0,2,94530,0.000,0.000
25650,0,0,2,94530,0.000,0.000
25660,0,0,2,94530,0.000,0.000
25670,0,0,2,94530,0.000,0.000
25680,0,0,2,94530,0.000,0.000
25690,0,0,2,94530,0.000,0.000
25700,0,0,2,94530,0.000,0.000
25710,0,0,2,94530,0.000,0.000
25720,0,0,2,94530,0.000,0.000
25730,0,0,2,94530,0.000,0.000
25740,0,0,2,94530,0.000,0.000
25750,0,0,2,94530,0.000,0.000
25760,0,0,2,94530,0.000,0.000
25770,0,0,2,94530,0.000,0.000
25780,0,0,2,94530,0.000,0.000
25790,0,0,2,94530,0.000,0.000
25800,0,0,2,94530,0.000,0.000
25810,0,0,2,94530,0.000,0.000
25820,0,0,2,94530,0.000,0.000
25830,0,0,2,94530,0.000,0.000
25840,0,0,2,94530,0.000,0.000
25850,0,0,2,94530,0.000,0.000
25860,0,0,2,94530,0.000,0.000
25870,0,0,2,94530,0.000,0.000
25880,0,0,2,94530,0.000,0.000
25890,0,0,2,94530,0.000,0.000
25900,0,0,2,94530,0.000,0.000
25910,0,0,2,94530,0.000,0.000
25920,0,0,2,94530,0.000,0.000
25930,0,0,2,94530,0.000,0.000
25940,0,0,2,94530,0.000,0.000
25950,0,0,2,94530,0.000,0.000
25960,0,0,2,94530,0.000,0.000
25970,0,0,2,94530,0.000,0.000
25980,0,0,2,94530,0.000,0.000
25990,0,0,2,94530,0.000,0.000
26000,0,0,2,94530,0.000,0.000
26010,0,0,2,94530,0.000,0.000
26020,0,0,2,94530,0.000,0.000
26030,0,0,2,94530,0.000,0.000
26040,0,0,2,94530,0.000,0.000
26050,0,0,2,94530,0.000,0.000
26060,0,0,2,94530,0.000,0.000
26070,0,0,2,94530,0.000,0.000
26080,0,0,2,94530,0.000,0.000
26090,0,0,2,94530,0.000,0.000
26100,0,0,2,94530,0.000,0.000
26110,0,0,2,94530,0.000,0.000
26120,0,0,2,94530,0.000,0.000
26130,0,0,2,94530,0.000,0.000
26140,0,0,2,94530,0.000,0.000
26150,0,0,2,94530,0.000,0.000
26160,0,0,2,94530,0.000,0.000
26170,0,0,2,94530,0.000,0.000
26180,0,0,2,94530,0.000,0.000
26190,0,0,2,94530,0.000,0.000
26200,0,0,2,94530,0.000,0.000
26210,0,0,2,94530,0.000,0.000
26220,0,0,2,94530,0.000,0.000
26230,0,0,2,94530,0.000,0.000
26240,0,0,2,94530,0.000,0.000
26250,0,0,2,94530,0.000,0.000
26260,0,0,2,94530,0.000,0.000
26270,0,0,2,94530,0.000,0.000
26280,0,0,2,94530,0.000,0.000
26290,0,0,2,94530,0.000,0.000
26300,0,0,2,94530,0.000,0.000
26310,0,0,2,94530,0.000,0.000
26320,0,0,2,94530,0.000,0.000
26330,0,0,2,94530,0.000,0.000
26340,0,0,2,94530,0.000,0.000
26350,0,0,2,94530,0.000,0.000
26360,0,0,2,94530,0.000,0.000
26370,0,0,2,94530,0.000,0.000
26380,0,0,2,94530,0.000,0.000
26390,0,0,2,94530,0.000,0.000
26400,0,0,2,94530,0.000,0.000
26410,0,0,2,94530,0.000,0.000
26420,0,0,2,94530,0.000,0.000
26430,0,0,2,94530,0.000,0.000
26440,0,0,2,94530,0.000,0.000
26450,0,0,2,94530,0.000,0.000
26460,0,0,2,94530,0.000,0.000
26470,0,0,2,94530,0.000,0.000
26480,0,0,2,94530,0.000,0.000
26490,0,0,2,94530,0.000,0.000
26500,0,0,2,94530,0.000,0.000
26510,0,0,2,94530,0.000,0.000
26520,0,0,2,94530,0.000,0.000
26530,0,0,2,94530,0.000,0.000
26540,0,0,2,94530,0.000,0.000
26550,0,0,2,94530,0.000,0.000
26560,0,0,2,94530,0.000,0.000
26570,0,0,2,94530,0.000,0.000
26580,0,0,2,94530,0.000,0.000
26590,0,0,2,94530,0.000,0.000
26600,0,0,2,94530,0.000,0.000
26610,0,0,2,94530,0.000,0.000
26620,0,0,2,94530,0.000,0.000
26630,0,0,2,94530,0.000,0.000
26640,0,0,2,94530,0.000,0.000
26650,0,0,2,94530,0.000,0.000
26660,0,0,2,94530,0.000,0.000
26670,0,0,2,94530,0.000,0.000
26680,0,0,2,94530,0.000,0.000
26690,0,0,2,94530,0.000,0.000
26700,0,0,2,94530,0.000,0.000
26710,0,0,2,94530,0.000,0.000
26720,0,0,2,94530,0.000,0.000
26730,0,0,2,94530,0.000,0.000
26740,0,0,2,94530,0.000,0.000
26750,0,0,2,94530,0.000,0.000
26760,0,0,2,94530,0.000,0.000
26770,0,0,2,94530,0.000,0.000
26780,0,0,2,94530,0.000,0.000
26790,0,0,2,94530,0.000,0.000
26800,0,0,2,94530,0.000,0.000
26810,0,0,2,94530,0.000,0.000
26820,0,0,2,94530,0.000,0.000
26830,0,0,2,94530,0.000,0.000
26840,0,0,2,94530,0.000,0.000
26850,0,0,2,94530,0.000,0.000
26860,0,0,2,94530,0.000,0.000
26870,0,0,2,94530,0.000,0.000
26880,0,0,2,94530,0.000,0.000
26890,0,0,2,94530,0.000,0.000
26900,0,0,2,94530,0.000,0.000
26910,0,0,2,94530,0.000,0.000
26920,0,0,2,94530,0.000,0.000
26930,0,0,2,94530,0.000,0.000
26940,0,0,2,94530,0.000,0.000
26950,0,0,2,94530,0.000,0.000
26960,0,0,2,94530,0.000,0.000
26970,0,0,2,94530,0.000,0.000
26980,0,0,2,94530,0.000,0.000
26990,0,0,2,94530,0.000,0.000
27000,0,0,2,94530,0.000,0.000
27010,0,25,2,94530,0.000,0.000
27020,0,25,2,94531,0.000,0.140
27030,0,25,2,94539,0.000,1.122
27040,0,25,2,94559,0.000,2.805
27050,0,25,2,94587,0.000,3.927
27060,0,25,2,94621,0.000,4.768
27070,0,25,2,94660,0.000,5.470
27080,0,25,2,94705,0.000,6.311
27090,0,25,2,94756,0.000,7.153
27100,0,25,2,94813,0.000,7.994
27110,0,25,2,94875,0.000,8.695
27120,0,25,2,94944,0.000,9.677
27130,0,25,2,95017,0.000,10.238
27140,0,25,2,95094,0.000,10.799
27150,0,25,2,95174,0.000,11.220
27160,0,25,2,95257,0.000,11.641
27170,0,25,2,95342,0.000,11.921
27180,0,25,2,95428,0.000,12.061
27190,0,25,2,95516,0.000,12.342
27200,0,25,2,95605,0.000,12.482
27210,0,25,2,95695,0.000,12.622
27220,0,25,2,95785,0.000,12.622
27230,0,25,2,95876,0.000,12.763
27240,0,25,2,95967,0.000,12.763
27250,0,25,2,96059,0.000,12.903
27260,0,25,2,96151,0.000,12.903
27270,0,25,2,96243,0.000,12.903
27280,0,25,2,96335,0.000,12.903
27290,0,25,2,96427,0.000,12.903
27300,0,25,2,96519,0.000,12.903
27310,0,25,2,96612,0.000,13.043
27320,0,25,2,96704,0.000,12.903
27330,0,25,2,96797,0.000,13.043
27340,0,25,2,96889,0.000,12.903
27350,0,25,2,96981,0.000,12.903
27360,0,25,2,97074,0.000,13.043
27370,0,25,2,97166,0.000,12.903
27380,0,25,2,97258,0.000,12.903
27390,0,25,2,97351,0.000,13.043
27400,0,25,2,97443,0.000,12.903
27410,0,25,2,97535,0.000,12.903
27420,0,25,2,97627,0.000,12.903
27430,0,25,2,97720,0.000,13.043
27440,0,25,2,97814,0.000,13.183
27450,0,25,2,97907,0.000,13.043
27460,0,25,2,98001,0.000,13.183
27470,0,25,2,98095,0.000,13.183
27480,0,25,2,98189,0.000,13.183
27490,0,25,2,98284,0.000,13.324
27500,0,25,2,98379,0.000,13.324
27510,0,25,2,98475,0.000,13.464
27520,0,25,2,98570,0.000,13.324
27530,0,25,2,98666,0.000,13.464
27540,0,25,2,98761,0.000,13.324
27550,0,25,2,98857,0.000,13.464
27560,0,25,2,98953,0.000,13.464
27570,0,25,2,99049,0.000,13.464
27580,0,25,2,99145,0.000,13.464
27590,0,25,2,99242,0.000,13.604
27600,0,25,2,99339,0.000,13.604
27610,0,25,2,99436,0.000,13.604
27620,0,25,2,99533,0.000,13.604
27630,0,25,2,99629,0.000,13.464
27640,0,25,2,99725,0.000,13.464
27650,0,25,2,99822,0.000,13.604
27660,0,25,2,99917,0.000,13.324
27670,0,25,2,100013,0.000,13.464
27680,0,25,2,100108,0.000,13.324
27690,0,25,2,100204,0.000,13.464
27700,0,25,2,100298,0.000,13.183
27710,0,25,2,100393,0.000,13.324
27720,0,25,2,100487,0.000,13.183
27730,0,25,2,100581,0.000,13.183
27740,0,25,2,100675,0.000,13.183
27750,0,25,2,100769,0.000,13.183
27760,0,25,2,100863,0.000,13.183
27770,0,25,2,100956,0.000,13.043
27780,0,25,2,101049,0.000,13.043
27790,0,25,2,101143,0.000,13.183
27800,0,25,2,101235,0.000,12.903
27810,0,25,2,101328,0.000,13.043
27820,0,25,2,101420,0.000,12.903
27830,0,25,2,101513,0.000,13.043
27840,0,25,2,101605,0.000,12.903
27850,0,25,2,101697,0.000,12.903
27860,0,25,2,101789,0.000,12.903
27870,0,25,2,101880,0.000,12.763
27880,0,25,2,101971,0.000,12.763
27890,0,25,2,102063,0.000,12.903
27900,0,25,2,102155,0.000,12.903
27910,0,25,2,102247,0.000,12.903
27920,0,25,2,102339,0.000,12.903
27930,0,25,2,102431,0.000,12.903
27940,0,25,2,102524,0.000,13.043
27950,0,25,2,102617,0.000,13.043
27960,0,25,2,102710,0.000,13.043
27970,0,25,2,102803,0.000,13.043
27980,0,25,2,102898,0.000,13.324
27990,0,25,2,102992,0.000,13.183
28000,0,25,2,103087,0.000,13.324
28010,0,25,2,103181,0.000,13.183
28020,0,25,2,103276,0.000,13.324
28030,0,25,2,103371,0.000,13.324
28040,0,25,2,103467,0.000,13.464
28050,0,25,2,103562,0.000,13.324
28060,0,25,2,103658,0.000,13.464
28070,0,25,2,103754,0.000,13.464
28080,0,25,2,103851,0.000,13.604
28090,0,25,2,103947,0.000,13.464
28100,0,25,2,104044,0.000,13.604
28110,0,25,2,104141,0.000,13.604
28120,0,25,2,104238,0.000,13.604
28130,0,25,2,104334,0.000,13.464
28140,0,25,2,104431,0.000,13.604
28150,0,25,2,104526,0.000,13.324
28160,0,25,2,104622,0.000,13.464
28170,0,25,2,104717,0.000,13.324
28180,0,25,2,104812,0.000,13.324
28190,0,25,2,104907,0.000,13.324
28200,0,25,2,105001,0.000,13.183
28210,0,25,2,105095,0.000,13.183
28220,0,25,2,105188,0.000,13.043
28230,0,25,2,105281,0.000,13.043
28240,0,25,2,105374,0.000,13.043
28250,0,25,2,105467,0.000,13.043
28260,0,25,2,105559,0.000,12.903
28270,0,25,2,105651,0.000,12.903
28280,0,25,2,105743,0.000,12.903
28290,0,25,2,105835,0.000,12.903
28300,0,25,2,105927,0.000,12.903
28310,0,25,2,106019,0.000,12.903
28320,0,25,2,106111,0.000,12.903
28330,0,25,2,106203,0.000,12.903
28340,0,25,2,106295,0.000,12.903
28350,0,25,2,106387,0.000,12.903
28360,0,25,2,106479,0.000,12.903
28370,0,25,2,106571,0.000,12.903
28380,0,25,2,106665,0.000,13.183
28390,0,25,2,106758,0.000,13.043
28400,0,25,2,106853,0.000,13.324
28410,0,25,2,106948,0.000,13.324
28420,0,25,2,107044,0.000,13.464
28430,0,25,2,107139,0.000,13.324
28440,0,25,2,107234,0.000,13.324
28450,0,25,2,107329,0.000,13.324
28460,0,25,2,107424,0.000,13.324
28470,0,25,2,107519,0.000,13.324
28480,0,25,2,107615,0.000,13.464
28490,0,25,2,107710,0.000,13.324
28500,0,25,2,107806,0.000,13.464
28510,0,25,2,107903,0.000,13.604
28520,0,25,2,107999,0.000,13.464
28530,0,25,2,108095,0.000,13.464
28540,0,25,2,108191,0.000,13.464
28550,0,25,2,108288,0.000,13.604
28560,0,25,2,108386,0.000,13.744
28570,0,25,2,108483,0.000,13.604
28580,0,25,2,108580,0.000,13.604
28590,0,25,2,108677,0.000,13.604
28600,0,25,2,108775,0.000,13.744
28610,0,25,2,108872,0.000,13.604
28620,0,25,2,108969,0.000,13.604
28630,0,25,2,109065,0.000,13.464
28640,0,25,2,109162,0.000,13.604
28650,0,25,2,109258,0.000,13.464
28660,0,25,2,109354,0.000,13.464
28670,0,25,2,109450,0.000,13.464
28680,0,25,2,109545,0.000,13.324
28690,0,25,2,109639,0.000,13.183
28700,0,25,2,109734,0.000,13.324
28710,0,25,2,109828,0.000,13.183
28720,0,25,2,109922,0.000,13.183
28730,0,25,2,110015,0.000,13.043
28740,0,25,2,110108,0.000,13.043
28750,0,25,2,110201,0.000,13.043
28760,0,25,2,110295,0.000,13.183
28770,0,25,2,110388,0.000,13.043
28780,0,25,2,110482,0.000,13.183
28790,0,25,2,110575,0.000,13.043
28800,0,25,2,110669,0.000,13.183
28810,0,25,2,110763,0.000,13.183
28820,0,25,2,110857,0.000,13.183
28830,0,25,2,110951,0.000,13.183
28840,0,25,2,111045,0.000,13.183
28850,0,25,2,111139,0.000,13.183
28860,0,25,2,111233,0.000,13.183
28870,0,25,2,111327,0.000,13.183
28880,0,25,2,111422,0.000,13.324
28890,0,25,2,111516,0.000,13.183
28900,0,25,2,111611,0.000,13.324
28910,0,25,2,111706,0.000,13.324
28920,0,25,2,111801,0.000,13.324
28930,0,25,2,111896,0.000,13.324
28940,0,25,2,111991,0.000,13.324
28950,0,25,2,112087,0.000,13.464
28960,0,25,2,112183,0.000,13.464
28970,0,25,2,112278,0.000,13.324
28980,0,25,2,112374,0.000,13.464
28990,0,25,2,112471,0.000,13.604
29000,0,25,2,112567,0.000,13.464
29010,0,25,2,112664,0.000,13.604
29020,0,25,2,112761,0.000,13.604
29030,0,25,2,112859,0.000,13.744
29040,0,25,2,112956,0.000,13.604
29050,0,25,2,113053,0.000,13.604
29060,0,25,2,113150,0.000,13.604
29070,0,25,2,113247,0.000,13.604
29080,0,25,2,113343,0.000,13.464
29090,0,25,2,113439,0.000,13.464
29100,0,25,2,113535,0.000,13.464
29110,0,25,2,113630,0.000,13.324
29120,0,25,2,113725,0.000,13.324
29130,0,25,2,113820,0.000,13.324
29140,0,25,2,113915,0.000,13.324
29150,0,25,2,114009,0.000,13.183
29160,0,25,2,114104,0.000,13.324
29170,0,25,2,114198,0.000,13.183
29180,0,25,2,114292,0.000,13.183
29190,0,25,2,114386,0.000,13.183
29200,0,25,2,114479,0.000,13.043
29210,0,25,2,114573,0.000,13.183
29220,0,25,2,114666,0.000,13.043
29230,0,25,2,114759,0.000,13.043
29240,0,25,2,114852,0.000,13.043
29250,0,25,2,114945,0.000,13.043
29260,0,25,2,115038,0.000,13.043
29270,0,25,2,115131,0.000,13.043
29280,0,25,2,115224,0.000,13.043
29290,0,25,2,115317,0.000,13.043
29300,0,25,2,115410,0.000,13.043
29310,0,25,2,115503,0.000,13.043
29320,0,25,2,115596,0.000,13.043
29330,0,25,2,115689,0.000,13.043
29340,0,25,2,115783,0.000,13.183
29350,0,25,2,115877,0.000,13.183
29360,0,25,2,115971,0.000,13.183
29370,0,25,2,116065,0.000,13.183
29380,0,25,2,116160,0.000,13.324
29390,0,25,2,116254,0.000,13.183
29400,0,25,2,116350,0.000,13.464
29410,0,25,2,116445,0.000,13.324
29420,0,25,2,116541,0.000,13.464
29430,0,25,2,116637,0.000,13.464
29440,0,25,2,116734,0.000,13.604
29450,0,25,2,116830,0.000,13.464
29460,0,25,2,116927,0.000,13.604
29470,0,25,2,117024,0.000,13.604
29480,0,25,2,117121,0.000,13.604
29490,0,25,2,117219,0.000,13.744
29500,0,25,2,117318,0.000,13.885
29510,0,25,2,117417,0.000,13.885
29520,0,25,2,117515,0.000,13.744
29530,0,25,2,117614,0.000,13.885
29540,0,25,2,117711,0.000,13.604
29550,0,25,2,117810,0.000,13.885
29560,0,25,2,117907,0.000,13.604
29570,0,25,2,118005,0.000,13.744
29580,0,25,2,118102,0.000,13.604
29590,0,25,2,118198,0.000,13.464
29600,0,25,2,118294,0.000,13.464
29610,0,25,2,118390,0.000,13.464
29620,0,25,2,118486,0.000,13.464
29630,0,25,2,118581,0.000,13.324
29640,0,25,2,118676,0.000,13.324
29650,0,25,2,118771,0.000,13.324
29660,0,25,2,118865,0.000,13.183
29670,0,25,2,118959,0.000,13.183
29680,0,25,2,119053,0.000,13.183
29690,0,25,2,119147,0.000,13.183
29700,0,25,2,119240,0.000,13.043
29710,0,25,2,119334,0.000,13.183
29720,0,25,2,119427,0.000,13.043
29730,0,25,2,119520,0.000,13.043
29740,0,25,2,119613,0.000,13.043
29750,0,25,2,119706,0.000,13.043
29760,0,25,2,119800,0.000,13.183
29770,0,25,2,119894,0.000,13.183
29780,0,25,2,119988,0.000,13.183
29790,0,25,2,120082,0.000,13.183
29800,0,25,2,120176,0.000,13.183
29810,0,25,2,120270,0.000,13.183
29820,0,25,2,120364,0.000,13.183
29830,0,25,2,120459,0.000,13.324
29840,0,25,2,120554,0.000,13.324
29850,0,25,2,120649,0.000,13.324
29860,0,25,2,120744,0.000,13.324
29870,0,25,2,120839,0.000,13.324
29880,0,25,2,120935,0.000,13.464
29890,0,25,2,121031,0.000,13.464
29900,0,25,2,121127,0.000,13.464
29910,0,25,2,121222,0.000,13.324
29920,0,25,2,121318,0.000,13.464
29930,0,25,2,121415,0.000,13.604
29940,0,25,2,121511,0.000,13.464
29950,0,25,2,121607,0.000,13.464
29960,0,25,2,121704,0.000,13.604
29970,0,25,2,121801,0.000,13.604
29980,0,25,2,121899,0.000,13.744
29990,0,25,2,121995,0.000,13.464
30000,0,25,2,122092,0.000,13.604
30010,0,25,2,122189,0.000,13.604
30020,0,25,2,122285,0.000,13.464
30030,0,25,2,122382,0.000,13.604
30040,0,25,2,122478,0.000,13.464
30050,0,25,2,122573,0.000,13.324
30060,0,25,2,122669,0.000,13.464
30070,0,25,2,122763,0.000,13.183
30080,0,25,2,122858,0.000,13.324
30090,0,25,2,122952,0.000,13.183
30100,0,25,2,123046,0.000,13.183
30110,0,25,2,123140,0.000,13.183
30120,0,25,2,123233,0.000,13.043
30130,0,25,2,123326,0.000,13.043
30140,0,25,2,123419,0.000,13.043
30150,0,25,2,123511,0.000,12.903
30160,0,25,2,123603,0.000,12.903
30170,0,25,2,123696,0.000,13.043
30180,0,25,2,123788,0.000,12.903
30190,0,25,2,123880,0.000,12.903
30200,0,25,2,123972,0.000,12.903
30210,0,25,2,124064,0.000,12.903
30220,0,25,2,124156,0.000,12.903
30230,0,25,2,124248,0.000,12.903
30240,0,25,2,124340,0.000,12.903
30250,0,25,2,124432,0.000,12.903
30260,0,25,2,124524,0.000,12.903
30270,0,25,2,124616,0.000,12.903
30280,0,25,2,124709,0.000,13.043
30290,0,25,2,124801,0.000,12.903
30300,0,25,2,124894,0.000,13.043
30310,0,25,2,124987,0.000,13.043
30320,0,25,2,125081,0.000,13.183
30330,0,25,2,125175,0.000,13.183
30340,0,25,2,125269,0.000,13.183
30350,0,25,2,125364,0.000,13.324
30360,0,25,2,125459,0.000,13.324
30370,0,25,2,125554,0.000,13.324
30380,0,25,2,125650,0.000,13.464
30390,0,25,2,125746,0.000,13.464
30400,0,25,2,125842,0.000,13.464
30410,0,25,2,125939,0.000,13.604
30420,0,25,2,126036,0.000,13.604
30430,0,25,2,126133,0.000,13.604
30440,0,25,2,126231,0.000,13.744
30450,0,25,2,126329,0.000,13.744
30460,0,25,2,126427,0.000,13.744
30470,0,25,2,126524,0.000,13.604
30480,0,25,2,126622,0.000,13.744
30490,0,25,2,126719,0.000,13.604
30500,0,25,2,126817,0.000,13.744
30510,0,25,2,126914,0.000,13.604
30520,0,25,2,127011,0.000,13.604
30530,0,25,2,127108,0.000,13.604
30540,0,25,2,127204,0.000,13.464
30550,0,25,2,127300,0.000,13.464
30560,0,25,2,127395,0.000,13.324
30570,0,25,2,127491,0.000,13.464
30580,0,25,2,127586,0.000,13.324
30590,0,25,2,127680,0.000,13.183
30600,0,25,2,127774,0.000,13.183
30610,0,25,2,127867,0.000,13.043
30620,0,25,2,127960,0.000,13.043
30630,0,25,2,128054,0.000,13.183
30640,0,25,2,128147,0.000,13.043
30650,0,25,2,128239,0.000,12.903
30660,0,25,2,128332,0.000,13.043
30670,0,25,2,128425,0.000,13.043
30680,0,25,2,128518,0.000,13.043
30690,0,25,2,128610,0.000,12.903
30700,0,25,2,128703,0.000,13.043
30710,0,25,2,128796,0.000,13.043
30720,0,25,2,128889,0.000,13.043
30730,0,25,2,128982,0.000,13.043
30740,0,25,2,129075,0.000,13.043
30750,0,25,2,129168,0.000,13.043
30760,0,25,2,129261,0.000,13.043
30770,0,25,2,129355,0.000,13.183
30780,0,25,2,129449,0.000,13.183
30790,0,25,2,129544,0.000,13.324
30800,0,25,2,129640,0.000,13.464
30810,0,25,2,129737,0.000,13.604
30820,0,25,2,129835,0.000,13.744
30830,0,25,2,129932,0.000,13.604
30840,0,25,2,130030,0.000,13.744
30850,0,25,2,130128,0.000,13.744
30860,0,25,2,130225,0.000,13.604
30870,0,25,2,130323,0.000,13.744
30880,0,25,2,130421,0.000,13.744
30890,0,25,2,130519,0.000,13.744
30900,0,25,2,130617,0.000,13.744
30910,0,25,2,130715,0.000,13.744
30920,0,25,2,130814,0.000,13.885
30930,0,25,2,130911,0.000,13.604
30940,0,25,2,131009,0.000,13.744
30950,0,25,2,131107,0.000,13.744
30960,0,25,2,131203,0.000,13.464
30970,0,25,2,131300,0.000,13.604
30980,0,25,2,131396,0.000,13.464
30990,0,25,2,131492,0.000,13.464
31000,0,25,2,131587,0.000,13.324
31010,0,25,2,131683,0.000,13.464
31020,0,25,2,131777,0.000,13.183
31030,0,25,2,131872,0.000,13.324
31040,0,25,2,131967,0.000,13.324
31050,0,25,2,132061,0.000,13.183
31060,0,25,2,132154,0.000,13.043
31070,0,25,2,132247,0.000,13.043
31080,0,25,2,132341,0.000,13.183
31090,0,25,2,132434,0.000,13.043
31100,0,25,2,132526,0.000,12.903
31110,0,25,2,132619,0.000,13.043
31120,0,25,2,132711,0.000,12.903
31130,0,25,2,132803,0.000,12.903
31140,0,25,2,132895,0.000,12.903
31150,0,25,2,132987,0.000,12.903
31160,0,25,2,133079,0.000,12.903
31170,0,25,2,133171,0.000,12.903
31180,0,25,2,133263,0.000,12.903
31190,0,25,2,133355,0.000,12.903
31200,0,25,2,133447,0.000,12.903
31210,0,25,2,133539,0.000,12.903
31220,0,25,2,133631,0.000,12.903
31230,0,25,2,133722,0.000,12.763
31240,0,25,2,133815,0.000,13.043
31250,0,25,2,133907,0.000,12.903
31260,0,25,2,134001,0.000,13.183
31270,0,25,2,134096,0.000,13.324
31280,0,25,2,134191,0.000,13.324
31290,0,25,2,134286,0.000,13.324
31300,0,25,2,134381,0.000,13.324
31310,0,25,2,134476,0.000,13.324
31320,0,25,2,134572,0.000,13.464
31330,0,25,2,134668,0.000,13.464
31340,0,25,2,134764,0.000,13.464
31350,0,25,2,134861,0.000,13.604
31360,0,25,2,134957,0.000,13.464
31370,0,25,2,135054,0.000,13.604
31380,0,25,2,135151,0.000,13.604
31390,0,25,2,135249,0.000,13.744
31400,0,25,2,135347,0.000,13.744
31410,0,25,2,135445,0.000,13.744
31420,0,25,2,135543,0.000,13.744
31430,0,25,2,135640,0.000,13.604
31440,0,25,2,135738,0.000,13.744
31450,0,25,2,135835,0.000,13.604
31460,0,25,2,135932,0.000,13.604
31470,0,25,2,136029,0.000,13.604
31480,0,25,2,136125,0.000,13.464
31490,0,25,2,136222,0.000,13.604
31500,0,25,2,136317,0.000,13.324
31510,0,25,2,136413,0.000,13.464
31520,0,25,2,136508,0.000,13.324
31530,0,25,2,136603,0.000,13.324
31540,0,25,2,136698,0.000,13.324
31550,0,25,2,136792,0.000,13.183
31560,0,25,2,136886,0.000,13.183
31570,0,25,2,136980,0.000,13.183
31580,0,25,2,137073,0.000,13.043
31590,0,25,2,137167,0.000,13.183
31600,0,25,2,137261,0.000,13.183
31610,0,25,2,137354,0.000,13.043
31620,0,25,2,137448,0.000,13.183
31630,0,25,2,137542,0.000,13.183
31640,0,25,2,137636,0.000,13.183
31650,0,25,2,137729,0.000,13.043
31660,0,25,2,137823,0.000,13.183
31670,0,25,2,137916,0.000,13.043
31680,0,25,2,138010,0.000,13.183
31690,0,25,2,138104,0.000,13.183
31700,0,25,2,138198,0.000,13.183
31710,0,25,2,138292,0.000,13.183
31720,0,25,2,138386,0.000,13.183
31730,0,25,2,138481,0.000,13.324
31740,0,25,2,138576,0.000,13.324
31750,0,25,2,138671,0.000,13.324
31760,0,25,2,138767,0.000,13.464
31770,0,25,2,138863,0.000,13.464
31780,0,25,2,138959,0.000,13.464
31790,0,25,2,139056,0.000,13.604
31800,0,25,2,139153,0.000,13.604
31810,0,25,2,139249,0.000,13.464
31820,0,25,2,139346,0.000,13.604
31830,0,25,2,139443,0.000,13.604
31840,0,25,2,139540,0.000,13.604
31850,0,25,2,139638,0.000,13.744
31860,0,25,2,139736,0.000,13.744
31870,0,25,2,139834,0.000,13.744
31880,0,25,2,139932,0.000,13.744
31890,0,25,2,140030,0.000,13.744
31900,0,25,2,140127,0.000,13.604
31910,0,25,2,140225,0.000,13.744
31920,0,25,2,140322,0.000,13.604
31930,0,25,2,140418,0.000,13.464
31940,0,25,2,140515,0.000,13.604
31950,0,25,2,140611,0.000,13.464
31960,0,25,2,140707,0.000,13.464
31970,0,25,2,140803,0.000,13.464
31980,0,25,2,140898,0.000,13.324
31990,0,25,2,140994,0.000,13.464
32000,0,25,2,141088,0.000,13.183
32010,0,25,2,141183,0.000,13.324
32020,0,25,2,141277,0.000,13.183
32030,0,25,2,141371,0.000,13.183
32040,0,25,2,141464,0.000,13.043
32050,0,25,2,141558,0.000,13.183
32060,0,25,2,141651,0.000,13.043
32070,0,25,2,141744,0.000,13.043
32080,0,25,2,141838,0.000,13.183
32090,0,25,2,141931,0.000,13.043
32100,0,25,2,142024,0.000,13.043
32110,0,25,2,142118,0.000,13.183
32120,0,25,2,142211,0.000,13.043
32130,0,25,2,142305,0.000,13.183
32140,0,25,2,142399,0.000,13.183
32150,0,25,2,142493,0.000,13.183
32160,0,25,2,142587,0.000,13.183
32170,0,25,2,142681,0.000,13.183
32180,0,25,2,142775,0.000,13.183
32190,0,25,2,142870,0.000,13.324
32200,0,25,2,142964,0.000,13.183
32210,0,25,2,143059,0.000,13.324
32220,0,25,2,143155,0.000,13.464
32230,0,25,2,143250,0.000,13.324
32240,0,25,2,143346,0.000,13.464
32250,0,25,2,143442,0.000,13.464
32260,0,25,2,143539,0.000,13.604
32270,0,25,2,143636,0.000,13.604
32280,0,25,2,143733,0.000,13.604
32290,0,25,2,143831,0.000,13.744
32300,0,25,2,143929,0.000,13.744
32310,0,25,2,144027,0.000,13.744
32320,0,25,2,144126,0.000,13.885
32330,0,25,2,144225,0.000,13.885
32340,0,25,2,144324,0.000,13.885
32350,0,25,2,144423,0.000,13.885
32360,0,25,2,144521,0.000,13.744
32370,0,25,2,144619,0.000,13.744
32380,0,25,2,144717,0.000,13.744
32390,0,25,2,144814,0.000,13.604
32400,0,25,2,144911,0.000,13.604
32410,0,25,2,145007,0.000,13.464
32420,0,25,2,145103,0.000,13.464
32430,0,25,2,145199,0.000,13.464
32440,0,25,2,145295,0.000,13.464
32450,0,25,2,145390,0.000,13.324
32460,0,25,2,145485,0.000,13.324
32470,0,25,2,145579,0.000,13.183
32480,0,25,2,145673,0.000,13.183
32490,0,25,2,145767,0.000,13.183
32500,0,25,2,145861,0.000,13.183
32510,0,25,2,145954,0.000,13.043
32520,0,25,2,146048,0.000,13.183
32530,0,25,2,146141,0.000,13.043
32540,0,25,2,146234,0.000,13.043
32550,0,25,2,146327,0.000,13.043
32560,0,25,2,146421,0.000,13.183
32570,0,25,2,146514,0.000,13.043
32580,0,25,2,146607,0.000,13.043
32590,0,25,2,146700,0.000,13.043
32600,0,25,2,146794,0.000,13.183
32610,0,25,2,146887,0.000,13.043
32620,0,25,2,146981,0.000,13.183
32630,0,25,2,147074,0.000,13.043
32640,0,25,2,147168,0.000,13.183
32650,0,25,2,147263,0.000,13.324
32660,0,25,2,147357,0.000,13.183
32670,0,25,2,147451,0.000,13.183
32680,0,25,2,147547,0.000,13.464
32690,0,25,2,147642,0.000,13.324
32700,0,25,2,147738,0.000,13.464
32710,0,25,2,147834,0.000,13.464
32720,0,25,2,147931,0.000,13.604
32730,0,25,2,148027,0.000,13.464
32740,0,25,2,148124,0.000,13.604
32750,0,25,2,148221,0.000,13.604
32760,0,25,2,148318,0.000,13.604
32770,0,25,2,148416,0.000,13.744
32780,0,25,2,148513,0.000,13.604
32790,0,25,2,148611,0.000,13.744
32800,0,25,2,148710,0.000,13.885
32810,0,25,2,148809,0.000,13.885
32820,0,25,2,148907,0.000,13.744
32830,0,25,2,149005,0.000,13.744
32840,0,25,2,149103,0.000,13.744
32850,0,25,2,149201,0.000,13.744
32860,0,25,2,149298,0.000,13.604
32870,0,25,2,149395,0.000,13.604
32880,0,25,2,149491,0.000,13.464
32890,0,25,2,149587,0.000,13.464
32900,0,25,2,149683,0.000,13.464
32910,0,25,2,149779,0.000,13.464
32920,0,25,2,149874,0.000,13.324
32930,0,25,2,149970,0.000,13.464
32940,0,25,2,150064,0.000,13.183
32950,0,25,2,150158,0.000,13.183
32960,0,25,2,150252,0.000,13.183
32970,0,25,2,150345,0.000,13.043
32980,0,25,2,150439,0.000,13.183
32990,0,25,2,150532,0.000,13.043
33000,0,25,2,150625,0.000,13.043
33010,0,25,2,150718,0.000,13.043
33020,0,25,2,150811,0.000,13.043
33030,0,25,2,150904,0.000,13.043
33040,0,25,2,150998,0.000,13.183
33050,0,25,2,151091,0.000,13.043
33060,0,25,2,151185,0.000,13.183
33070,0,25,2,151279,0.000,13.183
33080,0,25,2,151372,0.000,13.043
33090,0,25,2,151466,0.000,13.183
33100,0,25,2,151559,0.000,13.043
33110,0,25,2,151654,0.000,13.324
33120,0,25,2,151747,0.000,13.043
33130,0,25,2,151842,0.000,13.324
33140,0,25,2,151936,0.000,13.183
33150,0,25,2,152031,0.000,13.324
33160,0,25,2,152126,0.000,13.324
33170,0,25,2,152222,0.000,13.464
33180,0,25,2,152318,0.000,13.464
33190,0,25,2,152414,0.000,13.464
33200,0,25,2,152511,0.000,13.604
33210,0,25,2,152607,0.000,13.464
33220,0,25,2,152705,0.000,13.744
33230,0,25,2,152803,0.000,13.744
33240,0,25,2,152901,0.000,13.744
33250,0,25,2,152999,0.000,13.744
33260,0,25,2,153097,0.000,13.744
33270,0,25,2,153196,0.000,13.885
33280,0,25,2,153294,0.000,13.744
33290,0,25,2,153392,0.000,13.744
33300,0,25,2,153491,0.000,13.885
33310,0,25,2,153589,0.000,13.744
33320,0,25,2,153688,0.000,13.885
33330,0,25,2,153787,0.000,13.885
33340,0,25,2,153886,0.000,13.885
33350,0,25,2,153984,0.000,13.744
33360,0,25,2,154082,0.000,13.744
33370,0,25,2,154179,0.000,13.604
33380,0,25,2,154275,0.000,13.464
33390,0,25,2,154371,0.000,13.464
33400,0,25,2,154467,0.000,13.464
33410,0,25,2,154562,0.000,13.324
33420,0,25,2,154656,0.000,13.183
33430,0,25,2,154750,0.000,13.183
33440,0,25,2,154844,0.000,13.183
33450,0,25,2,154938,0.000,13.183
33460,0,25,2,155032,0.000,13.183
33470,0,25,2,155126,0.000,13.183
33480,0,25,2,155219,0.000,13.043
33490,0,25,2,155313,0.000,13.183
33500,0,25,2,155406,0.000,13.043
33510,0,25,2,155499,0.000,13.043
33520,0,25,2,155593,0.000,13.183
33530,0,25,2,155686,0.000,13.043
33540,0,25,2,155779,0.000,13.043
33550,0,25,2,155872,0.000,13.043
33560,0,25,2,155965,0.000,13.043
33570,0,25,2,156058,0.000,13.043
33580,0,25,2,156152,0.000,13.183
33590,0,25,2,156246,0.000,13.183
33600,0,25,2,156339,0.000,13.043
33610,0,25,2,156434,0.000,13.324
33620,0,25,2,156528,0.000,13.183
33630,0,25,2,156623,0.000,13.324
33640,0,25,2,156719,0.000,13.464
33650,0,25,2,156815,0.000,13.464
33660,0,25,2,156911,0.000,13.464
33670,0,25,2,157007,0.000,13.464
33680,0,25,2,157104,0.000,13.604
33690,0,25,2,157201,0.000,13.604
33700,0,25,2,157299,0.000,13.744
33710,0,25,2,157397,0.000,13.744
33720,0,25,2,157495,0.000,13.744
33730,0,25,2,157594,0.000,13.885
33740,0,25,2,157693,0.000,13.885
33750,0,25,2,157792,0.000,13.885
33760,0,25,2,157891,0.000,13.885
33770,0,25,2,157991,0.000,14.025
33780,0,25,2,158090,0.000,13.885
33790,0,25,2,158190,0.000,14.025
33800,0,25,2,158289,0.000,13.885
33810,0,25,2,158387,0.000,13.744
33820,0,25,2,158485,0.000,13.744
33830,0,25,2,158582,0.000,13.604
33840,0,25,2,158679,0.000,13.604
33850,0,25,2,158775,0.000,13.464
33860,0,25,2,158871,0.000,13.464
33870,0,25,2,158967,0.000,13.464
33880,0,25,2,159063,0.000,13.464
33890,0,25,2,159158,0.000,13.324
33900,0,25,2,159253,0.000,13.324
33910,0,25,2,159347,0.000,13.183
33920,0,25,2,159442,0.000,13.324
33930,0,25,2,159536,0.000,13.183
33940,0,25,2,159630,0.000,13.183
33950,0,25,2,159725,0.000,13.324
33960,0,25,2,159819,0.000,13.183
33970,0,25,2,159912,0.000,13.043
33980,0,25,2,160006,0.000,13.183
33990,0,25,2,160099,0.000,13.043
34000,0,25,2,160193,0.000,13.183
34010,0,25,2,160286,0.000,13.043
34020,0,25,2,160379,0.000,13.043
34030,0,25,2,160472,0.000,13.043
34040,0,25,2,160566,0.000,13.183
34050,0,25,2,160659,0.000,13.043
34060,0,25,2,160753,0.000,13.183
34070,0,25,2,160847,0.000,13.183
34080,0,25,2,160942,0.000,13.324
34090,0,25,2,161036,0.000,13.183
34100,0,25,2,161131,0.000,13.324
34110,0,25,2,161227,0.000,13.464
34120,0,25,2,161322,0.000,13.324
34130,0,25,2,161418,0.000,13.464
34140,0,25,2,161514,0.000,13.464
34150,0,25,2,161610,0.000,13.464
34160,0,25,2,161707,0.000,13.604
34170,0,25,2,161803,0.000,13.464
34180,0,25,2,161901,0.000,13.744
34190,0,25,2,161999,0.000,13.744
34200,0,25,2,162097,0.000,13.744
34210,0,25,2,162196,0.000,13.885
34220,0,25,2,162294,0.000,13.744
34230,0,25,2,162392,0.000,13.744
34240,0,25,2,162491,0.000,13.885
34250,0,25,2,162589,0.000,13.744
34260,0,25,2,162687,0.000,13.744
34270,0,25,2,162784,0.000,13.604
34280,0,25,2,162881,0.000,13.604
34290,0,25,2,162978,0.000,13.604
34300,0,25,2,163074,0.000,13.464
34310,0,25,2,163170,0.000,13.464
34320,0,25,2,163266,0.000,13.464
34330,0,25,2,163361,0.000,13.324
34340,0,25,2,163457,0.000,13.464
34350,0,25,2,163551,0.000,13.183
34360,0,25,2,163646,0.000,13.324
34370,0,25,2,163740,0.000,13.183
34380,0,25,2,163833,0.000,13.043
34390,0,25,2,163927,0.000,13.183
34400,0,25,2,164020,0.000,13.043
34410,0,25,2,164113,0.000,13.043
34420,0,25,2,164206,0.000,13.043
34430,0,25,2,164299,0.000,13.043
34440,0,25,2,164392,0.000,13.043
34450,0,25,2,164485,0.000,13.043
34460,0,25,2,164578,0.000,13.043
34470,0,25,2,164670,0.000,12.903
34480,0,25,2,164763,0.000,13.043
34490,0,25,2,164856,0.000,13.043
34500,0,25,2,164948,0.000,12.903
34510,0,25,2,165041,0.000,13.043
34520,0,25,2,165134,0.000,13.043
34530,0,25,2,165226,0.000,12.903
34540,0,25,2,165319,0.000,13.043
34550,0,25,2,165413,0.000,13.183
34560,0,25,2,165506,0.000,13.043
34570,0,25,2,165600,0.000,13.183
34580,0,25,2,165694,0.000,13.183
34590,0,25,2,165789,0.000,13.324
34600,0,25,2,165884,0.000,13.324
34610,0,25,2,165979,0.000,13.324
34620,0,25,2,166075,0.000,13.464
34630,0,25,2,166171,0.000,13.464
34640,0,25,2,166268,0.000,13.604
34650,0,25,2,166365,0.000,13.604
34660,0,25,2,166462,0.000,13.604
34670,0,25,2,166559,0.000,13.604
34680,0,25,2,166657,0.000,13.744
34690,0,25,2,166754,0.000,13.604
34700,0,25,2,166851,0.000,13.604
34710,0,25,2,166947,0.000,13.464
34720,0,25,2,167044,0.000,13.604
34730,0,25,2,167141,0.000,13.604
34740,0,25,2,167237,0.000,13.464
34750,0,25,2,167334,0.000,13.604
34760,0,25,2,167430,0.000,13.464
34770,0,25,2,167526,0.000,13.464
34780,0,25,2,167622,0.000,13.464
34790,0,25,2,167717,0.000,13.324
34800,0,25,2,167812,0.000,13.324
34810,0,25,2,167907,0.000,13.324
34820,0,25,2,168002,0.000,13.324
34830,0,25,2,168096,0.000,13.183
34840,0,25,2,168190,0.000,13.183
34850,0,25,2,168283,0.000,13.043
34860,0,25,2,168377,0.000,13.183
34870,0,25,2,168470,0.000,13.043
34880,0,25,2,168563,0.000,13.043
34890,0,25,2,168656,0.000,13.043
34900,0,25,2,168750,0.000,13.183
34910,0,25,2,168843,0.000,13.043
34920,0,25,2,168936,0.000,13.043
34930,0,25,2,169030,0.000,13.183
34940,0,25,2,169123,0.000,13.043
34950,0,25,2,169216,0.000,13.043
34960,0,25,2,169309,0.000,13.043
34970,0,25,2,169403,0.000,13.183
34980,0,25,2,169496,0.000,13.043
34990,0,25,2,169590,0.000,13.183
35000,0,25,2,169684,0.000,13.183
35010,0,25,2,169779,0.000,13.324
35020,0,25,2,169874,0.000,13.324
35030,0,25,2,169969,0.000,13.324
35040,0,25,2,170064,0.000,13.324
35050,0,25,2,170159,0.000,13.324
35060,0,25,2,170255,0.000,13.464
35070,0,25,2,170352,0.000,13.604
35080,0,25,2,170448,0.000,13.464
35090,0,25,2,170545,0.000,13.604
35100,0,25,2,170643,0.000,13.744
35110,0,25,2,170740,0.000,13.604
35120,0,25,2,170838,0.000,13.744
35130,0,25,2,170936,0.000,13.744
35140,0,25,2,171035,0.000,13.885
35150,0,25,2,171134,0.000,13.885
35160,0,25,2,171233,0.000,13.885
35170,0,25,2,171331,0.000,13.744
35180,0,25,2,171430,0.000,13.885
35190,0,25,2,171527,0.000,13.604
35200,0,25,2,171626,0.000,13.885
35210,0,25,2,171723,0.000,13.604
35220,0,25,2,171820,0.000,13.604
35230,0,25,2,171916,0.000,13.464
35240,0,25,2,172013,0.000,13.604
35250,0,25,2,172109,0.000,13.464
35260,0,25,2,172204,0.000,13.324
35270,0,25,2,172300,0.000,13.464
35280,0,25,2,172395,0.000,13.324
35290,0,25,2,172489,0.000,13.183
35300,0,25,2,172583,0.000,13.183
35310,0,25,2,172677,0.000,13.183
35320,0,25,2,172770,0.000,13.043
35330,0,25,2,172862,0.000,12.903
35340,0,25,2,172954,0.000,12.903
35350,0,25,2,173046,0.000,12.903
35360,0,25,2,173138,0.000,12.903
35370,0,25,2,173230,0.000,12.903
35380,0,25,2,173321,0.000,12.763
35390,0,25,2,173413,0.000,12.903
35400,0,25,2,173504,0.000,12.763
35410,0,25,2,173596,0.000,12.903
35420,0,25,2,173688,0.000,12.903
35430,0,25,2,173780,0.000,12.903
35440,0,25,2,173872,0.000,12.903
35450,0,25,2,173964,0.000,12.903
35460,0,25,2,174057,0.000,13.043
35470,0,25,2,174149,0.000,12.903
35480,0,25,2,174242,0.000,13.043
35490,0,25,2,174335,0.000,13.043
35500,0,25,2,174428,0.000,13.043
35510,0,25,2,174521,0.000,13.043
35520,0,25,2,174616,0.000,13.324
35530,0,25,2,174710,0.000,13.183
35540,0,25,2,174806,0.000,13.464
35550,0,25,2,174902,0.000,13.464
35560,0,25,2,174999,0.000,13.604
35570,0,25,2,175098,0.000,13.885
35580,0,25,2,175197,0.000,13.885
35590,0,25,2,175295,0.000,13.744
35600,0,25,2,175394,0.000,13.885
35610,0,25,2,175493,0.000,13.885
35620,0,25,2,175592,0.000,13.885
35630,0,25,2,175691,0.000,13.885
35640,0,25,2,175789,0.000,13.744
35650,0,25,2,175887,0.000,13.744
35660,0,25,2,175985,0.000,13.744
35670,0,25,2,176083,0.000,13.744
35680,0,25,2,176181,0.000,13.744
35690,0,25,2,176278,0.000,13.604
35700,0,25,2,176375,0.000,13.604
35710,0,25,2,176471,0.000,13.464
35720,0,25,2,176567,0.000,13.464
35730,0,25,2,176663,0.000,13.464
35740,0,25,2,176759,0.000,13.464
35750,0,25,2,176854,0.000,13.324
35760,0,25,2,176948,0.000,13.183
35770,0,25,2,177043,0.000,13.324
35780,0,25,2,177137,0.000,13.183
35790,0,25,2,177231,0.000,13.183
35800,0,25,2,177325,0.000,13.183
35810,0,25,2,177418,0.000,13.043
35820,0,25,2,177512,0.000,13.183
35830,0,25,2,177605,0.000,13.043
35840,0,25,2,177698,0.000,13.043
35850,0,25,2,177791,0.000,13.043
35860,0,25,2,177885,0.000,13.183
35870,0,25,2,177978,0.000,13.043
35880,0,25,2,178071,0.000,13.043
35890,0,25,2,178164,0.000,13.043
35900,0,25,2,178257,0.000,13.043
35910,0,25,2,178351,0.000,13.183
35920,0,25,2,178445,0.000,13.183
35930,0,25,2,178538,0.000,13.043
35940,0,25,2,178632,0.000,13.183
35950,0,25,2,178726,0.000,13.183
35960,0,25,2,178820,0.000,13.183
35970,0,25,2,178914,0.000,13.183
35980,0,25,2,179009,0.000,13.324
35990,0,25,2,179104,0.000,13.324
36000,0,25,2,179199,0.000,13.324
36010,0,0,2,179295,0.000,13.464
36020,0,0,2,179390,0.000,13.324
36030,0,0,2,179479,0.000,12.482
36040,0,0,2,179560,0.000,11.360
36050,0,0,2,179629,0.000,9.677
36060,0,0,2,179684,0.000,7.714
36070,0,0,2,179728,0.000,6.171
36080,0,0,2,179762,0.000,4.768
36090,0,0,2,179789,0.000,3.787
36100,0,0,2,179809,0.000,2.805
36110,0,0,2,179826,0.000,2.384
36120,0,0,2,179839,0.000,1.823
36130,0,0,2,179849,0.000,1.402
36140,0,0,2,179857,0.000,1.122
36150,0,0,2,179863,0.000,0.841
36160,0,0,2,179868,0.000,0.701
36170,0,0,2,179872,0.000,0.561
36180,0,0,2,179875,0.000,0.421
36190,0,0,2,179877,0.000,0.280
36200,0,0,2,179878,0.000,0.140
36210,0,0,2,179880,0.000,0.280
36220,0,0,2,179882,0.000,0.280
36230,0,0,2,179883,0.000,0.140
36240,0,0,2,179885,0.000,0.280
36250,0,0,2,179885,0.000,0.000
36260,0,0,2,179885,0.000,0.000
36270,0,0,2,179885,0.000,0.000
36280,0,0,2,179885,0.000,0.000
36290,0,0,2,179885,0.000,0.000
36300,0,0,2,179885,0.000,0.000
36310,0,0,2,179885,0.000,0.000
36320,0,0,2,179885,0.000,0.000
36330,0,0,2,179885,0.000,0.000
36340,0,0,2,179885,0.000,0.000
36350,0,0,2,179885,0.000,0.000
36360,0,0,2,179885,0.000,0.000
36370,0,0,2,179885,0.000,0.000
36380,0,0,2,179885,0.000,0.000
36390,0,0,2,179885,0.000,0.000
36400,0,0,2,179885,0.000,0.000
36410,0,0,2,179885,0.000,0.000
36420,0,0,2,179885,0.000,0.000
36430,0,0,2,179885,0.000,0.000
36440,0,0,2,179885,0.000,0.000
36450,0,0,2,179885,0.000,0.000
36460,0,0,2,179885,0.000,0.000
36470,0,0,2,179885,0.000,0.000
36480,0,0,2,179885,0.000,0.000
36490,0,0,2,179885,0.000,0.000
36500,0,0,2,179885,0.000,0.000
36510,0,0,2,179885,0.000,0.000
36520,0,0,2,179885,0.000,0.000
36530,0,0,2,179885,0.000,0.000
36540,0,0,2,179885,0.000,0.000
36550,0,0,2,179885,0.000,0.000
36560,0,0,2,179885,0.000,0.000
36570,0,0,2,179885,0.000,0.000
36580,0,0,2,179885,0.000,0.000
36590,0,0,2,179885,0.000,0.000
36600,0,0,2,179885,0.000,0.000
36610,0,0,2,179885,0.000,0.000
36620,0,0,2,179885,0.000,0.000
36630,0,0,2,179885,0.000,0.000
36640,0,0,2,179885,0.000,0.000
36650,0,0,2,179885,0.000,0.000
36660,0,0,2,179885,0.000,0.000
36670,0,0,2,179885,0.000,0.000
36680,0,0,2,179885,0.000,0.000
36690,0,0,2,179885,0.000,0.000
36700,0,0,2,179885,0.000,0.000
36710,0,0,2,179885,0.000,0.000
36720,0,0,2,179885,0.000,0.000
36730,0,0,2,179885,0.000,0.000
36740,0,0,2,179885,0.000,0.000
36750,0,0,2,179885,0.000,0.000
36760,0,0,2,179885,0.000,0.000
36770,0,0,2,179885,0.000,0.000
36780,0,0,2,179885,0.000,0.000
36790,0,0,2,179885,0.000,0.000
36800,0,0,2,179885,0.000,0.000
36810,0,0,2,179885,0.000,0.000
36820,0,0,2,179885,0.000,0.000
36830,0,0,2,179885,0.000,0.000
36840,0,0,2,179885,0.000,0.000
36850,0,0,2,179885,0.000,0.000
36860,0,0,2,179885,0.000,0.000
36870,0,0,2,179885,0.000,0.000
36880,0,0,2,179885,0.000,0.000
36890,0,0,2,179885,0.000,0.000
36900,0,0,2,179885,0.000,0.000
36910,0,0,2,179886,0.000,0.140
36920,0,0,2,179886,0.000,0.000
36930,0,0,2,179886,0.000,0.000
36940,0,0,2,179886,0.000,0.000
36950,0,0,2,179886,0.000,0.000
36960,0,0,2,179886,0.000,0.000
36970,0,0,2,179886,0.000,0.000
36980,0,0,2,179886,0.000,0.000
36990,0,0,2,179886,0.000,0.000
37000,0,0,2,179886,0.000,0.000
37010,0,0,2,179886,0.000,0.000
37020,0,0,2,179886,0.000,0.000
37030,0,0,2,179886,0.000,0.000
37040,0,0,2,179886,0.000,0.000
37050,0,0,2,179886,0.000,0.000
37060,0,0,2,179886,0.000,0.000
37070,0,0,2,179886,0.000,0.000
37080,0,0,2,179886,0.000,0.000
37090,0,0,2,179886,0.000,0.000
37100,0,0,2,179886,0.000,0.000
37110,0,0,2,179886,0.000,0.000
37120,0,0,2,179886,0.000,0.000
37130,0,0,2,179886,0.000,0.000
37140,0,0,2,179886,0.000,0.000
37150,0,0,2,179886,0.000,0.000
37160,0,0,2,179886,0.000,0.000
37170,0,0,2,179886,0.000,0.000
37180,0,0,2,179886,0.000,0.000
37190,0,0,2,179886,0.000,0.000
37200,0,0,2,179886,0.000,0.000
37210,0,0,2,179886,0.000,0.000
37220,0,0,2,179886,0.000,0.000
37230,0,0,2,179886,0.000,0.000
37240,0,0,2,179886,0.000,0.000
37250,0,0,2,179886,0.000,0.000
37260,0,0,2,179886,0.000,0.000
37270,0,0,2,179886,0.000,0.000
37280,0,0,2,179886,0.000,0.000
37290,0,0,2,179886,0.000,0.000
37300,0,0,2,179886,0.000,0.000
37310,0,0,2,179886,0.000,0.000
37320,0,0,2,179886,0.000,0.000
37330,0,0,2,179886,0.000,0.000
37340,0,0,2,179886,0.000,0.000
37350,0,0,2,179886,0.000,0.000
37360,0,0,2,179886,0.000,0.000
37370,0,0,2,179886,0.000,0.000
37380,0,0,2,179886,0.000,0.000
37390,0,0,2,179886,0.000,0.000
37400,0,0,2,179886,0.000,0.000
37410,0,0,2,179886,0.000,0.000
37420,0,0,2,179886,0.000,0.000
37430,0,0,2,179886,0.000,0.000
37440,0,0,2,179886,0.000,0.000
37450,0,0,2,179886,0.000,0.000
37460,0,0,2,179886,0.000,0.000
37470,0,0,2,179885,0.000,-0.140
37480,0,0,2,179885,0.000,0.000
37490,0,0,2,179885,0.000,0.000
37500,0,0,2,179885,0.000,0.000
37510,0,0,2,179885,0.000,0.000
37520,0,0,2,179885,0.000,0.000
37530,0,0,2,179885,0.000,0.000
37540,0,0,2,179886,0.000,0.140
37550,0,0,2,179887,0.000,0.140
37560,0,0,2,179888,0.000,0.140
37570,0,0,2,179890,0.000,0.280
37580,0,0,2,179893,0.000,0.421
37590,0,0,2,179894,0.000,0.140
37600,0,0,2,179895,0.000,0.140
37610,0,0,2,179895,0.000,0.000
37620,0,0,2,179895,0.000,0.000
37630,0,0,2,179895,0.000,0.000
37640,0,0,2,179895,0.000,0.000
37650,0,0,2,179895,0.000,0.000
37660,0,0,2,179895,0.000,0.000
37670,0,0,2,179895,0.000,0.000
37680,0,0,2,179895,0.000,0.000
37690,0,0,2,179895,0.000,0.000
37700,0,0,2,179895,0.000,0.000
37710,0,0,2,179895,0.000,0.000
37720,0,0,2,179895,0.000,0.000
37730,0,0,2,179895,0.000,0.000
37740,0,0,2,179895,0.000,0.000
37750,0,0,2,179895,0.000,0.000
37760,0,0,2,179895,0.000,0.000
37770,0,0,2,179895,0.000,0.000
37780,0,0,2,179895,0.000,0.000
37790,0,0,2,179895,0.000,0.000
37800,0,0,2,179895,0.000,0.000
37810,0,0,2,179895,0.000,0.000
37820,0,0,2,179895,0.000,0.000
37830,0,0,2,179895,0.000,0.000
37840,0,0,2,179895,0.000,0.000
37850,0,0,2,179895,0.000,0.000
37860,0,0,2,179895,0.000,0.000
37870,0,0,2,179895,0.000,0.000
37880,0,0,2,179895,0.000,0.000
37890,0,0,2,179895,0.000,0.000
37900,0,0,2,179895,0.000,0.000
37910,0,0,2,179895,0.000,0.000
37920,0,0,2,179895,0.000,0.000
37930,0,0,2,179895,0.000,0.000
37940,0,0,2,179895,0.000,0.000
37950,0,0,2,179895,0.000,0.000
37960,0,0,2,179895,0.000,0.000
37970,0,0,2,179895,0.000,0.000
37980,0,0,2,179895,0.000,0.000
37990,0,0,2,179895,0.000,0.000
38000,0,0,2,179895,0.000,0.000
38010,0,0,2,179895,0.000,0.000
38020,0,0,2,179895,0.000,0.000
38030,0,0,2,179895,0.000,0.000
38040,0,0,2,179895,0.000,0.000
38050,0,0,2,179895,0.000,0.000
38060,0,0,2,179895,0.000,0.000
38070,0,0,2,179895,0.000,0.000
38080,0,0,2,179895,0.000,0.000
38090,0,0,2,179895,0.000,0.000
38100,0,0,2,179895,0.000,0.000
38110,0,0,2,179895,0.000,0.000
38120,0,0,2,179895,0.000,0.000
38130,0,0,2,179895,0.000,0.000
38140,0,0,2,179895,0.000,0.000
38150,0,0,2,179895,0.000,0.000
38160,0,0,2,179895,0.000,0.000
38170,0,0,2,179895,0.000,0.000
38180,0,0,2,179895,0.000,0.000
38190,0,0,2,179895,0.000,0.000
38200,0,0,2,179895,0.000,0.000
38210,0,0,2,179895,0.000,0.000
38220,0,0,2,179895,0.000,0.000
38230,0,0,2,179895,0.000,0.000
38240,0,0,2,179895,0.000,0.000
38250,0,0,2,179895,0.000,0.000
38260,0,0,2,179895,0.000,0.000
38270,0,0,2,179895,0.000,0.000
38280,0,0,2,179895,0.000,0.000
38290,0,0,2,179895,0.000,0.000
38300,0,0,2,179895,0.000,0.000
38310,0,0,2,179895,0.000,0.000
38320,0,0,2,179895,0.000,0.000
38330,0,0,2,179895,0.000,0.000
38340,0,0,2,179895,0.000,0.000
38350,0,0,2,179895,0.000,0.000
38360,0,0,2,179895,0.000,0.000
38370,0,0,2,179895,0.000,0.000
38380,0,0,2,179895,0.000,0.000
38390,0,0,2,179895,0.000,0.000
38400,0,0,2,179895,0.000,0.000
38410,0,0,2,179895,0.000,0.000
38420,0,0,2,179895,0.000,0.000
38430,0,0,2,179895,0.000,0.000
38440,0,0,2,179895,0.000,0.000
38450,0,0,2,179895,0.000,0.000
38460,0,0,2,179895,0.000,0.000
38470,0,0,2,179895,0.000,0.000
38480,0,0,2,179895,0.000,0.000
38490,0,0,2,179895,0.000,0.000
38500,0,0,2,179895,0.000,0.000
38510,0,0,2,179895,0.000,0.000
38520,0,0,2,179895,0.000,0.000
38530,0,0,2,179895,0.000,0.000
38540,0,0,2,179895,0.000,0.000
38550,0,0,2,179895,0.000,0.000
38560,0,0,2,179895,0.000,0.000
38570,0,0,2,179895,0.000,0.000
38580,0,0,2,179895,0.000,0.000
38590,0,0,2,179895,0.000,0.000
38600,0,0,2,179895,0.000,0.000
38610,0,0,2,179895,0.000,0.000
38620,0,0,2,179895,0.000,0.000
38630,0,0,2,179895,0.000,0.000
38640,0,0,2,179895,0.000,0.000
38650,0,0,2,179895,0.000,0.000
38660,0,0,2,179895,0.000,0.000
38670,0,0,2,179895,0.000,0.000
38680,0,0,2,179895,0.000,0.000
38690,0,0,2,179895,0.000,0.000
38700,0,0,2,179895,0.000,0.000
38710,0,0,2,179895,0.000,0.000
38720,0,0,2,179895,0.000,0.000
38730,0,0,2,179895,0.000,0.000
38740,0,0,2,179895,0.000,0.000
38750,0,0,2,179895,0.000,0.000
38760,0,0,2,179895,0.000,0.000
38770,0,0,2,179895,0.000,0.000
38780,0,0,2,179895,0.000,0.000
38790,0,0,2,179895,0.000,0.000
38800,0,0,2,179895,0.000,0.000
38810,0,0,2,179895,0.000,0.000
38820,0,0,2,179895,0.000,0.000
38830,0,0,2,179895,0.000,0.000
38840,0,0,2,179895,0.000,0.000
38850,0,0,2,179895,0.000,0.000
38860,0,0,2,179895,0.000,0.000
38870,0,0,2,179895,0.000,0.000
38880,0,0,2,179895,0.000,0.000
38890,0,0,2,179895,0.000,0.000
38900,0,0,2,179895,0.000,0.000
38910,0,0,2,179895,0.000,0.000
38920,0,0,2,179895,0.000,0.000
38930,0,0,2,179895,0.000,0.000
38940,0,0,2,179895,0.000,0.000
38950,0,0,2,179895,0.000,0.000
38960,0,0,2,179895,0.000,0.000
38970,0,0,2,179895,0.000,0.000
38980,0,0,2,179895,0.000,0.000
38990,0,0,2,179895,0.000,0.000
39000,0,0,2,179895,0.000,0.000
39010,0,-3,2,179895,0.000,0.000
39020,0,-3,2,179895,0.000,0.000
39030,0,-3,2,179894,0.000,-0.140
39040,0,-3,2,179892,0.000,-0.280
39050,0,-3,2,179889,0.000,-0.421
39060,0,-3,2,179885,0.000,-0.561
39070,0,-3,2,179880,0.000,-0.701
39080,0,-3,2,179875,0.000,-0.701
39090,0,-3,2,179871,0.000,-0.561
39100,0,-3,2,179865,0.000,-0.841
39110,0,-3,2,179860,0.000,-0.701
39120,0,-3,2,179854,0.000,-0.841
39130,0,-3,2,179848,0.000,-0.841
39140,0,-3,2,179842,0.000,-0.841
39150,0,-3,2,179836,0.000,-0.841
39160,0,-3,2,179830,0.000,-0.841
39170,0,-3,2,179823,0.000,-0.982
39180,0,-3,2,179817,0.000,-0.841
39190,0,-3,2,179811,0.000,-0.841
39200,0,-3,2,179804,0.000,-0.982
39210,0,-3,2,179798,0.000,-0.841
39220,0,-3,2,179791,0.000,-0.982
39230,0,-3,2,179785,0.000,-0.841
39240,0,-3,2,179779,0.000,-0.841
39250,0,-3,2,179773,0.000,-0.841
39260,0,-3,2,179767,0.000,-0.841
39270,0,-3,2,179760,0.000,-0.982
39280,0,-3,2,179754,0.000,-0.841
39290,0,-3,2,179748,0.000,-0.841
39300,0,-3,2,179742,0.000,-0.841
39310,0,-3,2,179737,0.000,-0.701
39320,0,-3,2,179731,0.000,-0.841
39330,0,-3,2,179726,0.000,-0.701
39340,0,-3,2,179720,0.000,-0.841
39350,0,-3,2,179715,0.000,-0.701
39360,0,-3,2,179710,0.000,-0.701
39370,0,-3,2,179705,0.000,-0.701
39380,0,-3,2,179699,0.000,-0.841
39390,0,-3,2,179694,0.000,-0.701
39400,0,-3,2,179688,0.000,-0.841
39410,0,-3,2,179683,0.000,-0.701
39420,0,-3,2,179678,0.000,-0.701
39430,0,-3,2,179673,0.000,-0.701
39440,0,-3,2,179668,0.000,-0.701
39450,0,-3,2,179663,0.000,-0.701
39460,0,-3,2,179657,0.000,-0.841
39470,0,-3,2,179652,0.000,-0.701
39480,0,-3,2,179647,0.000,-0.701
39490,0,-3,2,179642,0.000,-0.701
39500,0,-3,2,179638,0.000,-0.561
39510,0,-3,2,179633,0.000,-0.701
39520,0,-3,2,179628,0.000,-0.701
39530,0,-3,2,179622,0.000,-0.841
39540,0,-3,2,179617,0.000,-0.701
39550,0,-3,2,179612,0.000,-0.701
39560,0,-3,2,179607,0.000,-0.701
39570,0,-3,2,179601,0.000,-0.841
39580,0,-3,2,179595,0.000,-0.841
39590,0,-3,2,179589,0.000,-0.841
39600,0,-3,2,179583,0.000,-0.841
39610,0,-3,2,179578,0.000,-0.701
39620,0,-3,2,179573,0.000,-0.701
39630,0,-3,2,179567,0.000,-0.841
39640,0,-3,2,179562,0.000,-0.701
39650,0,-3,2,179556,0.000,-0.841
39660,0,-3,2,179551,0.000,-0.701
39670,0,-3,2,179546,0.000,-0.701
39680,0,-3,2,179541,0.000,-0.701
39690,0,-3,2,179535,0.000,-0.841
39700,0,-3,2,179530,0.000,-0.701
39710,0,-3,2,179525,0.000,-0.701
39720,0,-3,2,179519,0.000,-0.841
39730,0,-3,2,179514,0.000,-0.701
39740,0,-3,2,179509,0.000,-0.701
39750,0,-3,2,179504,0.000,-0.701
39760,0,-3,2,179499,0.000,-0.701
39770,0,-3,2,179493,0.000,-0.841
39780,0,-3,2,179488,0.000,-0.701
39790,0,-3,2,179483,0.000,-0.701
39800,0,-3,2,179478,0.000,-0.701
39810,0,-3,2,179473,0.000,-0.701
39820,0,-3,2,179468,0.000,-0.701
39830,0,-3,2,179463,0.000,-0.701
39840,0,-3,2,179458,0.000,-0.701
39850,0,-3,2,179453,0.000,-0.701
39860,0,-3,2,179449,0.000,-0.561
39870,0,-3,2,179444,0.000,-0.701
39880,0,-3,2,179440,0.000,-0.561
39890,0,-3,2,179436,0.000,-0.561
39900,0,-3,2,179432,0.000,-0.561
39910,0,-3,2,179428,0.000,-0.561
39920,0,-3,2,179423,0.000,-0.701
39930,0,-3,2,179419,0.000,-0.561
39940,0,-3,2,179415,0.000,-0.561
39950,0,-3,2,179411,0.000,-0.561
39960,0,-3,2,179407,0.000,-0.561
39970,0,-3,2,179402,0.000,-0.701
39980,0,-3,2,179398,0.000,-0.561
39990,0,-3,2,179393,0.000,-0.701
40000,0,-3,2,179389,0.000,-0.561
40010,0,-3,2,179384,0.000,-0.701
40020,0,-3,2,179379,0.000,-0.701
40030,0,-3,2,179375,0.000,-0.561
40040,0,-3,2,179370,0.000,-0.701
40050,0,-3,2,179365,0.000,-0.701
40060,0,-3,2,179361,0.000,-0.561
40070,0,-3,2,179357,0.000,-0.561
40080,0,-3,2,179353,0.000,-0.561
40090,0,-3,2,179349,0.000,-0.561
40100,0,-3,2,179345,0.000,-0.561
40110,0,-3,2,179342,0.000,-0.421
40120,0,-3,2,179337,0.000,-0.701
40130,0,-3,2,179333,0.000,-0.561
40140,0,-3,2,179329,0.000,-0.561
40150,0,-3,2,179325,0.000,-0.561
40160,0,-3,2,179320,0.000,-0.701
40170,0,-3,2,179316,0.000,-0.561
40180,0,-3,2,179312,0.000,-0.561
40190,0,-3,2,179308,0.000,-0.561
40200,0,-3,2,179303,0.000,-0.701
40210,0,-3,2,179299,0.000,-0.561
40220,0,-3,2,179294,0.000,-0.701
40230,0,-3,2,179289,0.000,-0.701
40240,0,-3,2,179284,0.000,-0.701
40250,0,-3,2,179279,0.000,-0.701
40260,0,-3,2,179274,0.000,-0.701
40270,0,-3,2,179268,0.000,-0.841
40280,0,-3,2,179263,0.000,-0.701
40290,0,-3,2,179258,0.000,-0.701
40300,0,-3,2,179253,0.000,-0.701
40310,0,-3,2,179248,0.000,-0.701
40320,0,-3,2,179244,0.000,-0.561
40330,0,-3,2,179240,0.000,-0.561
40340,0,-3,2,179236,0.000,-0.561
40350,0,-3,2,179232,0.000,-0.561
40360,0,-3,2,179228,0.000,-0.561
40370,0,-3,2,179224,0.000,-0.561
40380,0,-3,2,179220,0.000,-0.561
40390,0,-3,2,179215,0.000,-0.701
40400,0,-3,2,179211,0.000,-0.561
40410,0,-3,2,179207,0.000,-0.561
40420,0,-3,2,179203,0.000,-0.561
40430,0,-3,2,179199,0.000,-0.561
40440,0,-3,2,179195,0.000,-0.561
40450,0,-3,2,179191,0.000,-0.561
40460,0,-3,2,179187,0.000,-0.561
40470,0,-3,2,179182,0.000,-0.701
40480,0,-3,2,179178,0.000,-0.561
40490,0,-3,2,179173,0.000,-0.701
40500,0,-3,2,179168,0.000,-0.701
40510,0,-6,2,179163,0.000,-0.701
40520,0,-6,2,179158,0.000,-0.701
40530,0,-6,2,179151,0.000,-0.982
40540,0,-6,2,179142,0.000,-1.262
40550,0,-6,2,179132,0.000,-1.402
40560,0,-6,2,179120,0.000,-1.683
40570,0,-6,2,179107,0.000,-1.823
40580,0,-6,2,179094,0.000,-1.823
40590,0,-6,2,179080,0.000,-1.963
40600,0,-6,2,179066,0.000,-1.963
40610,0,-6,2,179051,0.000,-2.104
40620,0,-6,2,179035,0.000,-2.244
40630,0,-6,2,179020,0.000,-2.104
40640,0,-6,2,179004,0.000,-2.244
40650,0,-6,2,178989,0.000,-2.104
40660,0,-6,2,178974,0.000,-2.104
40670,0,-6,2,178959,0.000,-2.104
40680,0,-6,2,178943,0.000,-2.244
40690,0,-6,2,178928,0.000,-2.104
40700,0,-6,2,178912,0.000,-2.244
40710,0,-6,2,178896,0.000,-2.244
40720,0,-6,2,178881,0.000,-2.104
40730,0,-6,2,178866,0.000,-2.104
40740,0,-6,2,178851,0.000,-2.104
40750,0,-6,2,178835,0.000,-2.244
40760,0,-6,2,178820,0.000,-2.104
40770,0,-6,2,178805,0.000,-2.104
40780,0,-6,2,178790,0.000,-2.104
40790,0,-6,2,178774,0.000,-2.244
40800,0,-6,2,178759,0.000,-2.104
40810,0,-6,2,178745,0.000,-1.963
40820,0,-6,2,178730,0.000,-2.104
40830,0,-6,2,178715,0.000,-2.104
40840,0,-6,2,178700,0.000,-2.104
40850,0,-6,2,178685,0.000,-2.104
40860,0,-6,2,178670,0.000,-2.104
40870,0,-6,2,178655,0.000,-2.104
40880,0,-6,2,178641,0.000,-1.963
40890,0,-6,2,178626,0.000,-2.104
40900,0,-6,2,178612,0.000,-1.963
40910,0,-6,2,178597,0.000,-2.104
40920,0,-6,2,178583,0.000,-1.963
40930,0,-6,2,178568,0.000,-2.104
40940,0,-6,2,178553,0.000,-2.104
40950,0,-6,2,178539,0.000,-1.963
40960,0,-6,2,178525,0.000,-1.963
40970,0,-6,2,178511,0.000,-1.963
40980,0,-6,2,178497,0.000,-1.963
40990,0,-6,2,178483,0.000,-1.963
41000,0,-6,2,178469,0.000,-1.963
41010,0,-6,2,178454,0.000,-2.104
41020,0,-6,2,178440,0.000,-1.963
41030,0,-6,2,178427,0.000,-1.823
41040,0,-6,2,178413,0.000,-1.963
41050,0,-6,2,178399,0.000,-1.963
41060,0,-6,2,178385,0.000,-1.963
41070,0,-6,2,178371,0.000,-1.963
41080,0,-6,2,178357,0.000,-1.963
41090,0,-6,2,178343,0.000,-1.963
41100,0,-6,2,178329,0.000,-1.963
41110,0,-6,2,178315,0.000,-1.963
41120,0,-6,2,178302,0.000,-1.823
41130,0,-6,2,178289,0.000,-1.823
41140,0,-6,2,178275,0.000,-1.963
41150,0,-6,2,178262,0.000,-1.823
41160,0,-6,2,178247,0.000,-2.104
41170,0,-6,2,178234,0.000,-1.823
41180,0,-6,2,178220,0.000,-1.963
41190,0,-6,2,178207,0.000,-1.823
41200,0,-6,2,178194,0.000,-1.823
41210,0,-6,2,178180,0.000,-1.963
41220,0,-6,2,178167,0.000,-1.823
41230,0,-6,2,178154,0.000,-1.823
41240,0,-6,2,178141,0.000,-1.823
41250,0,-6,2,178127,0.000,-1.963
41260,0,-6,2,178114,0.000,-1.823
41270,0,-6,2,178101,0.000,-1.823
41280,0,-6,2,178087,0.000,-1.963
41290,0,-6,2,178074,0.000,-1.823
41300,0,-6,2,178061,0.000,-1.823
41310,0,-6,2,178047,0.000,-1.963
41320,0,-6,2,178034,0.000,-1.823
41330,0,-6,2,178020,0.000,-1.963
41340,0,-6,2,178007,0.000,-1.823
41350,0,-6,2,177993,0.000,-1.963
41360,0,-6,2,177980,0.000,-1.823
41370,0,-6,2,177967,0.000,-1.823
41380,0,-6,2,177954,0.000,-1.823
41390,0,-6,2,177942,0.000,-1.683
41400,0,-6,2,177928,0.000,-1.963
41410,0,-6,2,177915,0.000,-1.823
41420,0,-6,2,177902,0.000,-1.823
41430,0,-6,2,177889,0.000,-1.823
41440,0,-6,2,177876,0.000,-1.823
41450,0,-6,2,177863,0.000,-1.823
41460,0,-6,2,177850,0.000,-1.823
41470,0,-6,2,177838,0.000,-1.683
41480,0,-6,2,177825,0.000,-1.823
41490,0,-6,2,177812,0.000,-1.823
41500,0,-6,2,177798,0.000,-1.963
41510,0,-6,2,177785,0.000,-1.823
41520,0,-6,2,177772,0.000,-1.823
41530,0,-6,2,177759,0.000,-1.823
41540,0,-6,2,177746,0.000,-1.823
41550,0,-6,2,177734,0.000,-1.683
41560,0,-6,2,177721,0.000,-1.823
41570,0,-6,2,177708,0.000,-1.823
41580,0,-6,2,177695,0.000,-1.823
41590,0,-6,2,177682,0.000,-1.823
41600,0,-6,2,177668,0.000,-1.963
41610,0,-6,2,177656,0.000,-1.683
41620,0,-6,2,177643,0.000,-1.823
41630,0,-6,2,177630,0.000,-1.823
41640,0,-6,2,177618,0.000,-1.683
41650,0,-6,2,177605,0.000,-1.823
41660,0,-6,2,177593,0.000,-1.683
41670,0,-6,2,177580,0.000,-1.823
41680,0,-6,2,177567,0.000,-1.823
41690,0,-6,2,177555,0.000,-1.683
41700,0,-6,2,177542,0.000,-1.823
41710,0,-6,2,177530,0.000,-1.683
41720,0,-6,2,177517,0.000,-1.823
41730,0,-6,2,177505,0.000,-1.683
41740,0,-6,2,177492,0.000,-1.823
41750,0,-6,2,177479,0.000,-1.823
41760,0,-6,2,177466,0.000,-1.823
41770,0,-6,2,177453,0.000,-1.823
41780,0,-6,2,177439,0.000,-1.963
41790,0,-6,2,177427,0.000,-1.683
41800,0,-6,2,177414,0.000,-1.823
41810,0,-6,2,177401,0.000,-1.823
41820,0,-6,2,177389,0.000,-1.683
41830,0,-6,2,177376,0.000,-1.823
41840,0,-6,2,177362,0.000,-1.963
41850,0,-6,2,177349,0.000,-1.823
41860,0,-6,2,177335,0.000,-1.963
41870,0,-6,2,177322,0.000,-1.823
41880,0,-6,2,177309,0.000,-1.823
41890,0,-6,2,177296,0.000,-1.823
41900,0,-6,2,177283,0.000,-1.823
41910,0,-6,2,177270,0.000,-1.823
41920,0,-6,2,177257,0.000,-1.823
41930,0,-6,2,177244,0.000,-1.823
41940,0,-6,2,177230,0.000,-1.963
41950,0,-6,2,177217,0.000,-1.823
41960,0,-6,2,177204,0.000,-1.823
41970,0,-6,2,177191,0.000,-1.823
41980,0,-6,2,177178,0.000,-1.823
41990,0,-6,2,177165,0.000,-1.823
42000,0,-6,2,177152,0.000,-1.823
42010,0,-9,2,177139,0.000,-1.823
42020,0,-9,2,177124,0.000,-2.104
42030,0,-9,2,177109,0.000,-2.104
42040,0,-9,2,177092,0.000,-2.384
42050,0,-9,2,177074,0.000,-2.524
42060,0,-9,2,177054,0.000,-2.805
42070,0,-9,2,177033,0.000,-2.945
42080,0,-9,2,177011,0.000,-3.085
42090,0,-9,2,176988,0.000,-3.226
42100,0,-9,2,176965,0.000,-3.226
42110,0,-9,2,176941,0.000,-3.366
42120,0,-9,2,176917,0.000,-3.366
42130,0,-9,2,176892,0.000,-3.506
42140,0,-9,2,176867,0.000,-3.506
42150,0,-9,2,176842,0.000,-3.506
42160,0,-9,2,176816,0.000,-3.646
42170,0,-9,2,176790,0.000,-3.646
42180,0,-9,2,176764,0.000,-3.646
42190,0,-9,2,176738,0.000,-3.646
42200,0,-9,2,176712,0.000,-3.646
42210,0,-9,2,176686,0.000,-3.646
42220,0,-9,2,176660,0.000,-3.646
42230,0,-9,2,176634,0.000,-3.646
42240,0,-9,2,176609,0.000,-3.506
42250,0,-9,2,176582,0.000,-3.787
42260,0,-9,2,176556,0.000,-3.646
42270,0,-9,2,176530,0.000,-3.646
42280,0,-9,2,176504,0.000,-3.646
42290,0,-9,2,176478,0.000,-3.646
42300,0,-9,2,176452,0.000,-3.646
42310,0,-9,2,176426,0.000,-3.646
42320,0,-9,2,176401,0.000,-3.506
42330,0,-9,2,176375,0.000,-3.646
42340,0,-9,2,176349,0.000,-3.646
42350,0,-9,2,176322,0.000,-3.787
42360,0,-9,2,176296,0.000,-3.646
42370,0,-9,2,176270,0.000,-3.646
42380,0,-9,2,176244,0.000,-3.646
42390,0,-9,2,176218,0.000,-3.646
42400,0,-9,2,176191,0.000,-3.787
42410,0,-9,2,176165,0.000,-3.646
42420,0,-9,2,176139,0.000,-3.646
42430,0,-9,2,176113,0.000,-3.646
42440,0,-9,2,176086,0.000,-3.787
42450,0,-9,2,176060,0.000,-3.646
42460,0,-9,2,176034,0.000,-3.646
42470,0,-9,2,176007,0.000,-3.787
42480,0,-9,2,175980,0.000,-3.787
42490,0,-9,2,175953,0.000,-3.787
42500,0,-9,2,175927,0.000,-3.646
42510,0,-9,2,175899,0.000,-3.927
42520,0,-9,2,175872,0.000,-3.787
42530,0,-9,2,175845,0.000,-3.787
42540,0,-9,2,175818,0.000,-3.787
42550,0,-9,2,175791,0.000,-3.787
42560,0,-9,2,175763,0.000,-3.927
42570,0,-9,2,175735,0.000,-3.927
42580,0,-9,2,175707,0.000,-3.927
42590,0,-9,2,175679,0.000,-3.927
42600,0,-9,2,175650,0.000,-4.067
42610,0,-9,2,175622,0.000,-3.927
42620,0,-9,2,175593,0.000,-4.067
42630,0,-9,2,175564,0.000,-4.067
42640,0,-9,2,175535,0.000,-4.067
42650,0,-9,2,175506,0.000,-4.067
42660,0,-9,2,175477,0.000,-4.067
42670,0,-9,2,175448,0.000,-4.067
42680,0,-9,2,175418,0.000,-4.207
42690,0,-9,2,175388,0.000,-4.207
42700,0,-9,2,175358,0.000,-4.207
42710,0,-9,2,175329,0.000,-4.067
42720,0,-9,2,175299,0.000,-4.207
42730,0,-9,2,175269,0.000,-4.207
42740,0,-9,2,175239,0.000,-4.207
42750,0,-9,2,175210,0.000,-4.067
42760,0,-9,2,175181,0.000,-4.067
42770,0,-9,2,175151,0.000,-4.207
42780,0,-9,2,175122,0.000,-4.067
42790,0,-9,2,175093,0.000,-4.067
42800,0,-9,2,175063,0.000,-4.207
42810,0,-9,2,175034,0.000,-4.067
42820,0,-9,2,175005,0.000,-4.067
42830,0,-9,2,174975,0.000,-4.207
42840,0,-9,2,174946,0.000,-4.067
42850,0,-9,2,174918,0.000,-3.927
42860,0,-9,2,174889,0.000,-4.067
42870,0,-9,2,174860,0.000,-4.067
42880,0,-9,2,174831,0.000,-4.067
42890,0,-9,2,174802,0.000,-4.067
42900,0,-9,2,174774,0.000,-3.927
42910,0,-9,2,174744,0.000,-4.207
42920,0,-9,2,174716,0.000,-3.927
42930,0,-9,2,174688,0.000,-3.927
42940,0,-9,2,174659,0.000,-4.067
42950,0,-9,2,174631,0.000,-3.927
42960,0,-9,2,174603,0.000,-3.927
42970,0,-9,2,174575,0.000,-3.927
42980,0,-9,2,174546,0.000,-4.067
42990,0,-9,2,174518,0.000,-3.927
43000,0,-9,2,174490,0.000,-3.927
43010,0,-9,2,174462,0.000,-3.927
43020,0,-9,2,174434,0.000,-3.927
43030,0,-9,2,174406,0.000,-3.927
43040,0,-9,2,174379,0.000,-3.787
43050,0,-9,2,174352,0.000,-3.787
43060,0,-9,2,174325,0.000,-3.787
43070,0,-9,2,174298,0.000,-3.787
43080,0,-9,2,174271,0.000,-3.787
43090,0,-9,2,174245,0.000,-3.646
43100,0,-9,2,174218,0.000,-3.787
43110,0,-9,2,174191,0.000,-3.787
43120,0,-9,2,174165,0.000,-3.646
43130,0,-9,2,174139,0.000,-3.646
43140,0,-9,2,174112,0.000,-3.787
43150,0,-9,2,174086,0.000,-3.646
43160,0,-9,2,174059,0.000,-3.787
43170,0,-9,2,174033,0.000,-3.646
43180,0,-9,2,174006,0.000,-3.787
43190,0,-9,2,173980,0.000,-3.646
43200,0,-9,2,173953,0.000,-3.787
43210,0,-9,2,173927,0.000,-3.646
43220,0,-9,2,173901,0.000,-3.646
43230,0,-9,2,173875,0.000,-3.646
43240,0,-9,2,173849,0.000,-3.646
43250,0,-9,2,173823,0.000,-3.646
43260,0,-9,2,173798,0.000,-3.506
43270,0,-9,2,173773,0.000,-3.506
43280,0,-9,2,173747,0.000,-3.646
43290,0,-9,2,173721,0.000,-3.646
43300,0,-9,2,173695,0.000,-3.646
43310,0,-9,2,173670,0.000,-3.506
43320,0,-9,2,173644,0.000,-3.646
43330,0,-9,2,173618,0.000,-3.646
43340,0,-9,2,173593,0.000,-3.506
43350,0,-9,2,173567,0.000,-3.646
43360,0,-9,2,173542,0.000,-3.506
43370,0,-9,2,173517,0.000,-3.506
43380,0,-9,2,173492,0.000,-3.506
43390,0,-9,2,173467,0.000,-3.506
43400,0,-9,2,173442,0.000,-3.506
43410,0,-9,2,173417,0.000,-3.506
43420,0,-9,2,173392,0.000,-3.506
43430,0,-9,2,173367,0.000,-3.506
43440,0,-9,2,173342,0.000,-3.506
43450,0,-9,2,173317,0.000,-3.506
43460,0,-9,2,173293,0.000,-3.366
43470,0,-9,2,173268,0.000,-3.506
43480,0,-9,2,173244,0.000,-3.366
43490,0,-9,2,173219,0.000,-3.506
43500,0,-9,2,173195,0.000,-3.366
43510,0,-12,2,173170,0.000,-3.506
43520,0,-12,2,173146,0.000,-3.366
43530,0,-12,2,173120,0.000,-3.646
43540,0,-12,2,173093,0.000,-3.787
43550,0,-12,2,173063,0.000,-4.207
43560,0,-12,2,173033,0.000,-4.207
43570,0,-12,2,173002,0.000,-4.348
43580,0,-12,2,172969,0.000,-4.628
43590,0,-12,2,172936,0.000,-4.628
43600,0,-12,2,172903,0.000,-4.628
43610,0,-12,2,172870,0.000,-4.628
43620,0,-12,2,172837,0.000,-4.628
43630,0,-12,2,172805,0.000,-4.488
43640,0,-12,2,172773,0.000,-4.488
43650,0,-12,2,172739,0.000,-4.768
43660,0,-12,2,172705,0.000,-4.768
43670,0,-12,2,172671,0.000,-4.768
43680,0,-12,2,172636,0.000,-4.909
43690,0,-12,2,172601,0.000,-4.909
43700,0,-12,2,172566,0.000,-4.909
43710,0,-12,2,172531,0.000,-4.909
43720,0,-12,2,172495,0.000,-5.049
43730,0,-12,2,172461,0.000,-4.768
43740,0,-12,2,172425,0.000,-5.049
43750,0,-12,2,172390,0.000,-4.909
43760,0,-12,2,172354,0.000,-5.049
43770,0,-12,2,172319,0.000,-4.909
43780,0,-12,2,172283,0.000,-5.049
43790,0,-12,2,172247,0.000,-5.049
43800,0,-12,2,172211,0.000,-5.049
43810,0,-12,2,172175,0.000,-5.049
43820,0,-12,2,172139,0.000,-5.049
43830,0,-12,2,172103,0.000,-5.049
43840,0,-12,2,172067,0.000,-5.049
43850,0,-12,2,172030,0.000,-5.189
43860,0,-12,2,171994,0.000,-5.049
43870,0,-12,2,171957,0.000,-5.189
43880,0,-12,2,171920,0.000,-5.189
43890,0,-12,2,171883,0.000,-5.189
43900,0,-12,2,171846,0.000,-5.189
43910,0,-12,2,171810,0.000,-5.049
43920,0,-12,2,171773,0.000,-5.189
43930,0,-12,2,171736,0.000,-5.189
43940,0,-12,2,171699,0.000,-5.189
43950,0,-12,2,171662,0.000,-5.189
43960,0,-12,2,171625,0.000,-5.189
43970,0,-12,2,171587,0.000,-5.329
43980,0,-12,2,171549,0.000,-5.329
43990,0,-12,2,171511,0.000,-5.329
44000,0,-12,2,171472,0.000,-5.470
44010,0,-12,2,171434,0.000,-5.329
44020,0,-12,2,171395,0.000,-5.470
44030,0,-12,2,171356,0.000,-5.470
44040,0,-12,2,171317,0.000,-5.470
44050,0,-12,2,171277,0.000,-5.610
44060,0,-12,2,171237,0.000,-5.610
44070,0,-12,2,171198,0.000,-5.470
44080,0,-12,2,171158,0.000,-5.610
44090,0,-12,2,171118,0.000,-5.610
44100,0,-12,2,171079,0.000,-5.470
44110,0,-12,2,171039,0.000,-5.610
44120,0,-12,2,170999,0.000,-5.610
44130,0,-12,2,170959,0.000,-5.610
44140,0,-12,2,170918,0.000,-5.750
44150,0,-12,2,170877,0.000,-5.750
44160,0,-12,2,170835,0.000,-5.890
44170,0,-12,2,170794,0.000,-5.750
44180,0,-12,2,170753,0.000,-5.750
44190,0,-12,2,170711,0.000,-5.890
44200,0,-12,2,170670,0.000,-5.750
44210,0,-12,2,170629,0.000,-5.750
44220,0,-12,2,170588,0.000,-5.750
44230,0,-12,2,170547,0.000,-5.750
44240,0,-12,2,170507,0.000,-5.610
44250,0,-12,2,170466,0.000,-5.750
44260,0,-12,2,170425,0.000,-5.750
44270,0,-12,2,170385,0.000,-5.610
44280,0,-12,2,170344,0.000,-5.750
44290,0,-12,2,170304,0.000,-5.610
44300,0,-12,2,170263,0.000,-5.750
44310,0,-12,2,170222,0.000,-5.750
44320,0,-12,2,170182,0.000,-5.610
44330,0,-12,2,170142,0.000,-5.610
44340,0,-12,2,170101,0.000,-5.750
44350,0,-12,2,170062,0.000,-5.470
44360,0,-12,2,170021,0.000,-5.750
44370,0,-12,2,169981,0.000,-5.610
44380,0,-12,2,169942,0.000,-5.470
44390,0,-12,2,169902,0.000,-5.610
44400,0,-12,2,169862,0.000,-5.610
44410,0,-12,2,169824,0.000,-5.329
44420,0,-12,2,169784,0.000,-5.610
44430,0,-12,2,169746,0.000,-5.329
44440,0,-12,2,169707,0.000,-5.470
44450,0,-12,2,169668,0.000,-5.470
44460,0,-12,2,169631,0.000,-5.189
44470,0,-12,2,169592,0.000,-5.470
44480,0,-12,2,169554,0.000,-5.329
44490,0,-12,2,169517,0.000,-5.189
44500,0,-12,2,169478,0.000,-5.470
44510,0,-12,2,169441,0.000,-5.189
44520,0,-12,2,169404,0.000,-5.189
44530,0,-12,2,169366,0.000,-5.329
44540,0,-12,2,169329,0.000,-5.189
44550,0,-12,2,169291,0.000,-5.329
44560,0,-12,2,169254,0.000,-5.189
44570,0,-12,2,169217,0.000,-5.189
44580,0,-12,2,169180,0.000,-5.189
44590,0,-12,2,169143,0.000,-5.189
44600,0,-12,2,169107,0.000,-5.049
44610,0,-12,2,169071,0.000,-5.049
44620,0,-12,2,169034,0.000,-5.189
44630,0,-12,2,168999,0.000,-4.909
44640,0,-12,2,168963,0.000,-5.049
44650,0,-12,2,168927,0.000,-5.049
44660,0,-12,2,168891,0.000,-5.049
44670,0,-12,2,168855,0.000,-5.049
44680,0,-12,2,168819,0.000,-5.049
44690,0,-12,2,168783,0.000,-5.049
44700,0,-12,2,168747,0.000,-5.049
44710,0,-12,2,168711,0.000,-5.049
44720,0,-12,2,168675,0.000,-5.049
44730,0,-12,2,168639,0.000,-5.049
44740,0,-12,2,168603,0.000,-5.049
44750,0,-12,2,168567,0.000,-5.049
44760,0,-12,2,168531,0.000,-5.049
44770,0,-12,2,168495,0.000,-5.049
44780,0,-12,2,168459,0.000,-5.049
44790,0,-12,2,168423,0.000,-5.049
44800,0,-12,2,168387,0.000,-5.049
44810,0,-12,2,168351,0.000,-5.049
44820,0,-12,2,168316,0.000,-4.909
44830,0,-12,2,168280,0.000,-5.049
44840,0,-12,2,168244,0.000,-5.049
44850,0,-12,2,168208,0.000,-5.049
44860,0,-12,2,168172,0.000,-5.049
44870,0,-12,2,168136,0.000,-5.049
44880,0,-12,2,168101,0.000,-4.909
44890,0,-12,2,168065,0.000,-5.049
44900,0,-12,2,168029,0.000,-5.049
44910,0,-12,2,167993,0.000,-5.049
44920,0,-12,2,167957,0.000,-5.049
44930,0,-12,2,167921,0.000,-5.049
44940,0,-12,2,167884,0.000,-5.189
44950,0,-12,2,167848,0.000,-5.049
44960,0,-12,2,167811,0.000,-5.189
44970,0,-12,2,167774,0.000,-5.189
44980,0,-12,2,167737,0.000,-5.189
44990,0,-12,2,167699,0.000,-5.329
45000,0,-12,2,167662,0.000,-5.189
45010,0,0,2,167625,0.000,-5.189
45020,0,0,2,167589,0.000,-5.049
45030,0,0,2,167557,0.000,-4.488
45040,0,0,2,167531,0.000,-3.646
45050,0,0,2,167512,0.000,-2.665
45060,0,0,2,167499,0.000,-1.823
45070,0,0,2,167491,0.000,-1.122
45080,0,0,2,167487,0.000,-0.561
45090,0,0,2,167487,0.000,0.000
45100,0,0,2,167487,0.000,0.000
45110,0,0,2,167489,0.000,0.280
45120,0,0,2,167490,0.000,0.140
45130,0,0,2,167491,0.000,0.140
45140,0,0,2,167491,0.000,0.000
45150,0,0,2,167491,0.000,0.000
45160,0,0,2,167491,0.000,0.000
45170,0,0,2,167491,0.000,0.000
45180,0,0,2,167491,0.000,0.000
45190,0,0,2,167491,0.000,0.000
45200,0,0,2,167491,0.000,0.000
45210,0,0,2,167491,0.000,0.000
45220,0,0,2,167491,0.000,0.000
45230,0,0,2,167491,0.000,0.000
45240,0,0,2,167491,0.000,0.000
45250,0,0,2,167491,0.000,0.000
45260,0,0,2,167491,0.000,0.000
45270,0,0,2,167491,0.000,0.000
45280,0,0,2,167491,0.000,0.000
45290,0,0,2,167491,0.000,0.000
45300,0,0,2,167491,0.000,0.000
45310,0,0,2,167491,0.000,0.000
45320,0,0,2,167491,0.000,0.000
45330,0,0,2,167491,0.000,0.000
45340,0,0,2,167491,0.000,0.000
45350,0,0,2,167491,0.000,0.000
45360,0,0,2,167491,0.000,0.000
45370,0,0,2,167491,0.000,0.000
45380,0,0,2,167491,0.000,0.000
45390,0,0,2,167491,0.000,0.000
45400,0,0,2,167491,0.000,0.000
45410,0,0,2,167491,0.000,0.000
45420,0,0,2,167491,0.000,0.000
45430,0,0,2,167491,0.000,0.000
45440,0,0,2,167491,0.000,0.000
45450,0,0,2,167491,0.000,0.000
45460,0,0,2,167491,0.000,0.000
45470,0,0,2,167491,0.000,0.000
45480,0,0,2,167491,0.000,0.000
45490,0,0,2,167491,0.000,0.000
45500,0,0,2,167491,0.000,0.000
45510,0,0,2,167491,0.000,0.000
45520,0,0,2,167491,0.000,0.000
45530,0,0,2,167491,0.000,0.000
45540,0,0,2,167491,0.000,0.000
45550,0,0,2,167491,0.000,0.000
45560,0,0,2,167491,0.000,0.000
45570,0,0,2,167491,0.000,0.000
45580,0,0,2,167491,0.000,0.000
45590,0,0,2,167491,0.000,0.000
45600,0,0,2,167491,0.000,0.000
45610,0,0,2,167491,0.000,0.000
45620,0,0,2,167491,0.000,0.000
45630,0,0,2,167491,0.000,0.000
45640,0,0,2,167491,0.000,0.000
45650,0,0,2,167491,0.000,0.000
45660,0,0,2,167491,0.000,0.000
45670,0,0,2,167491,0.000,0.000
45680,0,0,2,167491,0.000,0.000
45690,0,0,2,167491,0.000,0.000
45700,0,0,2,167491,0.000,0.000
45710,0,0,2,167491,0.000,0.000
45720,0,0,2,167491,0.000,0.000
45730,0,0,2,167491,0.000,0.000
45740,0,0,2,167491,0.000,0.000
45750,0,0,2,167491,0.000,0.000
45760,0,0,2,167491,0.000,0.000
45770,0,0,2,167491,0.000,0.000
45780,0,0,2,167491,0.000,0.000
45790,0,0,2,167491,0.000,0.000
45800,0,0,2,167491,0.000,0.000
45810,0,0,2,167491,0.000,0.000
45820,0,0,2,167491,0.000,0.000
45830,0,0,2,167491,0.000,0.000
45840,0,0,2,167491,0.000,0.000
45850,0,0,2,167491,0.000,0.000
45860,0,0,2,167491,0.000,0.000
45870,0,0,2,167491,0.000,0.000
45880,0,0,2,167491,0.000,0.000
45890,0,0,2,167491,0.000,0.000
45900,0,0,2,167491,0.000,0.000
45910,0,0,2,167491,0.000,0.000
45920,0,0,2,167491,0.000,0.000
45930,0,0,2,167491,0.000,0.000
45940,0,0,2,167491,0.000,0.000
45950,0,0,2,167491,0.000,0.000
45960,0,0,2,167491,0.000,0.000
45970,0,0,2,167491,0.000,0.000
45980,0,0,2,167491,0.000,0.000
45990,0,0,2,167491,0.000,0.000
46000,0,0,2,167491,0.000,0.000
46010,0,0,2,167491,0.000,0.000
46020,0,0,2,167491,0.000,0.000
46030,0,0,2,167491,0.000,0.000
46040,0,0,2,167491,0.000,0.000
46050,0,0,2,167491,0.000,0.000
46060,0,0,2,167491,0.000,0.000
46070,0,0,2,167491,0.000,0.000
46080,0,0,2,167491,0.000,0.000
46090,0,0,2,167491,0.000,0.000
46100,0,0,2,167491,0.000,0.000
46110,0,0,2,167491,0.000,0.000
46120,0,0,2,167491,0.000,0.000
46130,0,0,2,167491,0.000,0.000
46140,0,0,2,167491,0.000,0.000
46150,0,0,2,167491,0.000,0.000
46160,0,0,2,167491,0.000,0.000
46170,0,0,2,167491,0.000,0.000
46180,0,0,2,167491,0.000,0.000
46190,0,0,2,167491,0.000,0.000
46200,0,0,2,167491,0.000,0.000
46210,0,0,2,167491,0.000,0.000
46220,0,0,2,167491,0.000,0.000
46230,0,0,2,167491,0.000,0.000
46240,0,0,2,167491,0.000,0.000
46250,0,0,2,167491,0.000,0.000
46260,0,0,2,167491,0.000,0.000
46270,0,0,2,167491,0.000,0.000
46280,0,0,2,167491,0.000,0.000
46290,0,0,2,167491,0.000,0.000
46300,0,0,2,167491,0.000,0.000
46310,0,0,2,167491,0.000,0.000
46320,0,0,2,167491,0.000,0.000
46330,0,0,2,167491,0.000,0.000
46340,0,0,2,167491,0.000,0.000
46350,0,0,2,167491,0.000,0.000
46360,0,0,2,167491,0.000,0.000
46370,0,0,2,167491,0.000,0.000
46380,0,0,2,167491,0.000,0.000
46390,0,0,2,167491,0.000,0.000
46400,0,0,2,167491,0.000,0.000
46410,0,0,2,167491,0.000,0.000
46420,0,0,2,167491,0.000,0.000
46430,0,0,2,167491,0.000,0.000
46440,0,0,2,167491,0.000,0.000
46450,0,0,2,167491,0.000,0.000
46460,0,0,2,167491,0.000,0.000
46470,0,0,2,167491,0.000,0.000
46480,0,0,2,167491,0.000,0.000
46490,0,0,2,167491,0.000,0.000
46500,0,0,2,167491,0.000,0.000
46510,0,0,2,167491,0.000,0.000
46520,0,0,2,167491,0.000,0.000
46530,0,0,2,167491,0.000,0.000
46540,0,0,2,167491,0.000,0.000
46550,0,0,2,167491,0.000,0.000
46560,0,0,2,167491,0.000,0.000
46570,0,0,2,167491,0.000,0.000
46580,0,0,2,167491,0.000,0.000
46590,0,0,2,167491,0.000,0.000
46600,0,0,2,167491,0.000,0.000
46610,0,0,2,167491,0.000,0.000
46620,0,0,2,167491,0.000,0.000
46630,0,0,2,167491,0.000,0.000
46640,0,0,2,167491,0.000,0.000
46650,0,0,2,167491,0.000,0.000
46660,0,0,2,167491,0.000,0.000
46670,0,0,2,167491,0.000,0.000
46680,0,0,2,167491,0.000,0.000
46690,0,0,2,167491,0.000,0.000
46700,0,0,2,167491,0.000,0.000
46710,0,0,2,167491,0.000,0.000
46720,0,0,2,167491,0.000,0.000
46730,0,0,2,167491,0.000,0.000
46740,0,0,2,167491,0.000,0.000
46750,0,0,2,167491,0.000,0.000
46760,0,0,2,167491,0.000,0.000
46770,0,0,2,167491,0.000,0.000
46780,0,0,2,167491,0.000,0.000
46790,0,0,2,167491,0.000,0.000
46800,0,0,2,167491,0.000,0.000
46810,0,0,2,167491,0.000,0.000
46820,0,0,2,167491,0.000,0.000
46830,0,0,2,167491,0.000,0.000
46840,0,0,2,167491,0.000,0.000
46850,0,0,2,167491,0.000,0.000
46860,0,0,2,167491,0.000,0.000
46870,0,0,2,167491,0.000,0.000
46880,0,0,2,167491,0.000,0.000
46890,0,0,2,167491,0.000,0.000
46900,0,0,2,167491,0.000,0.000
46910,0,0,2,167491,0.000,0.000
46920,0,0,2,167491,0.000,0.000
46930,0,0,2,167491,0.000,0.000
46940,0,0,2,167491,0.000,0.000
46950,0,0,2,167491,0.000,0.000
46960,0,0,2,167491,0.000,0.000
46970,0,0,2,167491,0.000,0.000
46980,0,0,2,167491,0.000,0.000
46990,0,0,2,167491,0.000,0.000
47000,0,0,2,167491,0.000,0.000
47010,0,-20,2,167491,0.000,0.000
47020,0,-20,2,167489,0.000,-0.280
47030,0,-20,2,167479,0.000,-1.402
47040,0,-20,2,167465,0.000,-1.963
47050,0,-20,2,167439,0.000,-3.646
47060,0,-20,2,167406,0.000,-4.628
47070,0,-20,2,167365,0.000,-5.750
47080,0,-20,2,167319,0.000,-6.451
47090,0,-20,2,167268,0.000,-7.153
47100,0,-20,2,167214,0.000,-7.573
47110,0,-20,2,167157,0.000,-7.994
47120,0,-20,2,167097,0.000,-8.415
47130,0,-20,2,167035,0.000,-8.695
47140,0,-20,2,166971,0.000,-8.976
47150,0,-20,2,166906,0.000,-9.116
47160,0,-20,2,166840,0.000,-9.256
47170,0,-20,2,166774,0.000,-9.256
47180,0,-20,2,166706,0.000,-9.537
47190,0,-20,2,166638,0.000,-9.537
47200,0,-20,2,166569,0.000,-9.677
47210,0,-20,2,166500,0.000,-9.677
47220,0,-20,2,166430,0.000,-9.817
47230,0,-20,2,166359,0.000,-9.958
47240,0,-20,2,166288,0.000,-9.958
47250,0,-20,2,166217,0.000,-9.958
47260,0,-20,2,166146,0.000,-9.958
47270,0,-20,2,166074,0.000,-10.098
47280,0,-20,2,166003,0.000,-9.958
47290,0,-20,2,165932,0.000,-9.958
47300,0,-20,2,165861,0.000,-9.958
47310,0,-20,2,165790,0.000,-9.958
47320,0,-20,2,165718,0.000,-10.098
47330,0,-20,2,165647,0.000,-9.958
47340,0,-20,2,165576,0.000,-9.958
47350,0,-20,2,165505,0.000,-9.958
47360,0,-20,2,165433,0.000,-10.098
47370,0,-20,2,165363,0.000,-9.817
47380,0,-20,2,165292,0.000,-9.958
47390,0,-20,2,165221,0.000,-9.958
47400,0,-20,2,165151,0.000,-9.817
47410,0,-20,2,165081,0.000,-9.817
47420,0,-20,2,165011,0.000,-9.817
47430,0,-20,2,164941,0.000,-9.817
47440,0,-20,2,164872,0.000,-9.677
47450,0,-20,2,164803,0.000,-9.677
47460,0,-20,2,164734,0.000,-9.677
47470,0,-20,2,164666,0.000,-9.537
47480,0,-20,2,164598,0.000,-9.537
47490,0,-20,2,164529,0.000,-9.677
47500,0,-20,2,164461,0.000,-9.537
47510,0,-20,2,164393,0.000,-9.537
47520,0,-20,2,164325,0.000,-9.537
47530,0,-20,2,164257,0.000,-9.537
47540,0,-20,2,164190,0.000,-9.397
47550,0,-20,2,164122,0.000,-9.537
47560,0,-20,2,164055,0.000,-9.397
47570,0,-20,2,163988,0.000,-9.397
47580,0,-20,2,163921,0.000,-9.397
47590,0,-20,2,163854,0.000,-9.397
47600,0,-20,2,163787,0.000,-9.397
47610,0,-20,2,163720,0.000,-9.397
47620,0,-20,2,163654,0.000,-9.256
47630,0,-20,2,163587,0.000,-9.397
47640,0,-20,2,163520,0.000,-9.397
47650,0,-20,2,163453,0.000,-9.397
47660,0,-20,2,163385,0.000,-9.537
47670,0,-20,2,163318,0.000,-9.397
47680,0,-20,2,163251,0.000,-9.397
47690,0,-20,2,163183,0.000,-9.537
47700,0,-20,2,163115,0.000,-9.537
47710,0,-20,2,163047,0.000,-9.537
47720,0,-20,2,162980,0.000,-9.397
47730,0,-20,2,162912,0.000,-9.537
47740,0,-20,2,162844,0.000,-9.537
47750,0,-20,2,162776,0.000,-9.537
47760,0,-20,2,162708,0.000,-9.537
47770,0,-20,2,162640,0.000,-9.537
47780,0,-20,2,162571,0.000,-9.677
47790,0,-20,2,162502,0.000,-9.677
47800,0,-20,2,162433,0.000,-9.677
47810,0,-20,2,162363,0.000,-9.817
47820,0,-20,2,162293,0.000,-9.817
47830,0,-20,2,162223,0.000,-9.817
47840,0,-20,2,162153,0.000,-9.817
47850,0,-20,2,162082,0.000,-9.958
47860,0,-20,2,162012,0.000,-9.817
47870,0,-20,2,161941,0.000,-9.958
47880,0,-20,2,161870,0.000,-9.958
47890,0,-20,2,161798,0.000,-10.098
47900,0,-20,2,161727,0.000,-9.958
47910,0,-20,2,161655,0.000,-10.098
47920,0,-20,2,161583,0.000,-10.098
47930,0,-20,2,161511,0.000,-10.098
47940,0,-20,2,161440,0.000,-9.958
47950,0,-20,2,161368,0.000,-10.098
47960,0,-20,2,161297,0.000,-9.958
47970,0,-20,2,161226,0.000,-9.958
47980,0,-20,2,161154,0.000,-10.098
47990,0,-20,2,161083,0.000,-9.958
48000,0,-20,2,161012,0.000,-9.958
48010,0,-20,2,160941,0.000,-9.958
48020,0,-20,2,160870,0.000,-9.958
48030,0,-20,2,160799,0.000,-9.958
48040,0,-20,2,160729,0.000,-9.817
48050,0,-20,2,160658,0.000,-9.958
48060,0,-20,2,160588,0.000,-9.817
48070,0,-20,2,160518,0.000,-9.817
48080,0,-20,2,160448,0.000,-9.817
48090,0,-20,2,160379,0.000,-9.677
48100,0,-20,2,160310,0.000,-9.677
48110,0,-20,2,160240,0.000,-9.817
48120,0,-20,2,160171,0.000,-9.677
48130,0,-20,2,160103,0.000,-9.537
48140,0,-20,2,160034,0.000,-9.677
48150,0,-20,2,159966,0.000,-9.537
48160,0,-20,2,159898,0.000,-9.537
48170,0,-20,2,159830,0.000,-9.537
48180,0,-20,2,159762,0.000,-9.537
48190,0,-20,2,159695,0.000,-9.397
48200,0,-20,2,159628,0.000,-9.397
48210,0,-20,2,159561,0.000,-9.397
48220,0,-20,2,159494,0.000,-9.397
48230,0,-20,2,159427,0.000,-9.397
48240,0,-20,2,159359,0.000,-9.537
48250,0,-20,2,159292,0.000,-9.397
48260,0,-20,2,159225,0.000,-9.397
48270,0,-20,2,159158,0.000,-9.397
48280,0,-20,2,159091,0.000,-9.397
48290,0,-20,2,159023,0.000,-9.537
48300,0,-20,2,158956,0.000,-9.397
48310,0,-20,2,158888,0.000,-9.537
48320,0,-20,2,158821,0.000,-9.397
48330,0,-20,2,158753,0.000,-9.537
48340,0,-20,2,158685,0.000,-9.537
48350,0,-20,2,158618,0.000,-9.397
48360,0,-20,2,158550,0.000,-9.537
48370,0,-20,2,158483,0.000,-9.397
48380,0,-20,2,158415,0.000,-9.537
48390,0,-20,2,158347,0.000,-9.537
48400,0,-20,2,158279,0.000,-9.537
48410,0,-20,2,158211,0.000,-9.537
48420,0,-20,2,158142,0.000,-9.677
48430,0,-20,2,158073,0.000,-9.677
48440,0,-20,2,158004,0.000,-9.677
48450,0,-20,2,157934,0.000,-9.817
48460,0,-20,2,157865,0.000,-9.677
48470,0,-20,2,157795,0.000,-9.817
48480,0,-20,2,157725,0.000,-9.817
48490,0,-20,2,157655,0.000,-9.817
48500,0,-20,2,157585,0.000,-9.817
48510,0,-20,2,157515,0.000,-9.817
48520,0,-20,2,157443,0.000,-10.098
48530,0,-20,2,157372,0.000,-9.958
48540,0,-20,2,157300,0.000,-10.098
48550,0,-20,2,157228,0.000,-10.098
48560,0,-20,2,157156,0.000,-10.098
48570,0,-20,2,157083,0.000,-10.238
48580,0,-20,2,157011,0.000,-10.098
48590,0,-20,2,156939,0.000,-10.098
48600,0,-20,2,156867,0.000,-10.098
48610,0,-20,2,156795,0.000,-10.098
48620,0,-20,2,156723,0.000,-10.098
48630,0,-20,2,156650,0.000,-10.238
48640,0,-20,2,156578,0.000,-10.098
48650,0,-20,2,156506,0.000,-10.098
48660,0,-20,2,156435,0.000,-9.958
48670,0,-20,2,156363,0.000,-10.098
48680,0,-20,2,156291,0.000,-10.098
48690,0,-20,2,156220,0.000,-9.958
48700,0,-20,2,156149,0.000,-9.958
48710,0,-20,2,156077,0.000,-10.098
48720,0,-20,2,156006,0.000,-9.958
48730,0,-20,2,155935,0.000,-9.958
48740,0,-20,2,155864,0.000,-9.958
48750,0,-20,2,155794,0.000,-9.817
48760,0,-20,2,155723,0.000,-9.958
48770,0,-20,2,155654,0.000,-9.677
48780,0,-20,2,155584,0.000,-9.817
48790,0,-20,2,155515,0.000,-9.677
48800,0,-20,2,155447,0.000,-9.537
48810,0,-20,2,155378,0.000,-9.677
48820,0,-20,2,155310,0.000,-9.537
48830,0,-20,2,155242,0.000,-9.537
48840,0,-20,2,155175,0.000,-9.397
48850,0,-20,2,155107,0.000,-9.537
48860,0,-20,2,155040,0.000,-9.397
48870,0,-20,2,154973,0.000,-9.397
48880,0,-20,2,154906,0.000,-9.397
48890,0,-20,2,154838,0.000,-9.537
48900,0,-20,2,154771,0.000,-9.397
48910,0,-20,2,154703,0.000,-9.537
48920,0,-20,2,154636,0.000,-9.397
48930,0,-20,2,154568,0.000,-9.537
48940,0,-20,2,154501,0.000,-9.397
48950,0,-20,2,154434,0.000,-9.397
48960,0,-20,2,154367,0.000,-9.397
48970,0,-20,2,154299,0.000,-9.537
48980,0,-20,2,154232,0.000,-9.397
48990,0,-20,2,154165,0.000,-9.397
49000,0,-20,2,154097,0.000,-9.537
49010,0,-20,2,154029,0.000,-9.537
49020,0,-20,2,153961,0.000,-9.537
49030,0,-20,2,153893,0.000,-9.537
49040,0,-20,2,153824,0.000,-9.677
49050,0,-20,2,153755,0.000,-9.677
49060,0,-20,2,153686,0.000,-9.677
49070,0,-20,2,153617,0.000,-9.677
49080,0,-20,2,153547,0.000,-9.817
49090,0,-20,2,153478,0.000,-9.677
49100,0,-20,2,153408,0.000,-9.817
49110,0,-20,2,153338,0.000,-9.817
49120,0,-20,2,153268,0.000,-9.817
49130,0,-20,2,153198,0.000,-9.817
49140,0,-20,2,153127,0.000,-9.958
49150,0,-20,2,153057,0.000,-9.817
49160,0,-20,2,152985,0.000,-10.098
49170,0,-20,2,152914,0.000,-9.958
49180,0,-20,2,152842,0.000,-10.098
49190,0,-20,2,152770,0.000,-10.098
49200,0,-20,2,152698,0.000,-10.098
49210,0,-20,2,152626,0.000,-10.098
49220,0,-20,2,152554,0.000,-10.098
49230,0,-20,2,152482,0.000,-10.098
49240,0,-20,2,152410,0.000,-10.098
49250,0,-20,2,152338,0.000,-10.098
49260,0,-20,2,152266,0.000,-10.098
49270,0,-20,2,152194,0.000,-10.098
49280,0,-20,2,152122,0.000,-10.098
49290,0,-20,2,152051,0.000,-9.958
49300,0,-20,2,151979,0.000,-10.098
49310,0,-20,2,151909,0.000,-9.817
49320,0,-20,2,151838,0.000,-9.958
49330,0,-20,2,151768,0.000,-9.817
49340,0,-20,2,151698,0.000,-9.817
49350,0,-20,2,151628,0.000,-9.817
49360,0,-20,2,151559,0.000,-9.677
49370,0,-20,2,151490,0.000,-9.677
49380,0,-20,2,151420,0.000,-9.817
49390,0,-20,2,151351,0.000,-9.677
49400,0,-20,2,151282,0.000,-9.677
49410,0,-20,2,151212,0.000,-9.817
49420,0,-20,2,151143,0.000,-9.677
49430,0,-20,2,151074,0.000,-9.677
49440,0,-20,2,151005,0.000,-9.677
49450,0,-20,2,150936,0.000,-9.677
49460,0,-20,2,150867,0.000,-9.677
49470,0,-20,2,150798,0.000,-9.677
49480,0,-20,2,150730,0.000,-9.537
49490,0,-20,2,150661,0.000,-9.677
49500,0,-20,2,150593,0.000,-9.537
49510,0,-20,2,150525,0.000,-9.537
49520,0,-20,2,150456,0.000,-9.677
49530,0,-20,2,150388,0.000,-9.537
49540,0,-20,2,150319,0.000,-9.677
49550,0,-20,2,150250,0.000,-9.677
49560,0,-20,2,150182,0.000,-9.537
49570,0,-20,2,150113,0.000,-9.677
49580,0,-20,2,150044,0.000,-9.677
49590,0,-20,2,149975,0.000,-9.677
49600,0,-20,2,149906,0.000,-9.677
49610,0,-20,2,149838,0.000,-9.537
49620,0,-20,2,149769,0.000,-9.677
49630,0,-20,2,149701,0.000,-9.537
49640,0,-20,2,149633,0.000,-9.537
49650,0,-20,2,149564,0.000,-9.677
49660,0,-20,2,149495,0.000,-9.677
49670,0,-20,2,149426,0.000,-9.677
49680,0,-20,2,149357,0.000,-9.677
49690,0,-20,2,149287,0.000,-9.817
49700,0,-20,2,149218,0.000,-9.677
49710,0,-20,2,149148,0.000,-9.817
49720,0,-20,2,149078,0.000,-9.817
49730,0,-20,2,149008,0.000,-9.817
49740,0,-20,2,148937,0.000,-9.958
49750,0,-20,2,148867,0.000,-9.817
49760,0,-20,2,148796,0.000,-9.958
49770,0,-20,2,148725,0.000,-9.958
49780,0,-20,2,148654,0.000,-9.958
49790,0,-20,2,148582,0.000,-10.098
49800,0,-20,2,148510,0.000,-10.098
49810,0,-20,2,148438,0.000,-10.098
49820,0,-20,2,148365,0.000,-10.238
49830,0,-20,2,148293,0.000,-10.098
49840,0,-20,2,148220,0.000,-10.238
49850,0,-20,2,148149,0.000,-9.958
49860,0,-20,2,148078,0.000,-9.958
49870,0,-20,2,148008,0.000,-9.817
49880,0,-20,2,147938,0.000,-9.817
49890,0,-20,2,147868,0.000,-9.817
49900,0,-20,2,147798,0.000,-9.817
49910,0,-20,2,147727,0.000,-9.958
49920,0,-20,2,147656,0.000,-9.958
49930,0,-20,2,147585,0.000,-9.958
49940,0,-20,2,147515,0.000,-9.817
49950,0,-20,2,147444,0.000,-9.958
49960,0,-20,2,147373,0.000,-9.958
49970,0,-20,2,147303,0.000,-9.817
49980,0,-20,2,147232,0.000,-9.958
49990,0,-20,2,147162,0.000,-9.817
50000,0,-20,2,147092,0.000,-9.817
50010,0,0,2,147023,0.000,-9.677
50020,0,0,2,146956,0.000,-9.397
50030,0,0,2,146894,0.000,-8.695
50040,0,0,2,146841,0.000,-7.433
50050,0,0,2,146799,0.000,-5.890
50060,0,0,2,146768,0.000,-4.348
50070,0,0,2,146746,0.000,-3.085
50080,0,0,2,146731,0.000,-2.104
50090,0,0,2,146722,0.000,-1.262
50100,0,0,2,146717,0.000,-0.701
50110,0,0,2,146716,0.000,-0.140
50120,0,0,2,146717,0.000,0.140
50130,0,0,2,146719,0.000,0.280
50140,0,0,2,146720,0.000,0.140
50150,0,0,2,146721,0.000,0.140
50160,0,0,2,146722,0.000,0.140
50170,0,0,2,146722,0.000,0.000
50180,0,0,2,146722,0.000,0.000
50190,0,0,2,146722,0.000,0.000
50200,0,0,2,146722,0.000,0.000
50210,0,0,2,146722,0.000,0.000
50220,0,0,2,146722,0.000,0.000
50230,0,0,2,146722,0.000,0.000
50240,0,0,2,146722,0.000,0.000
50250,0,0,2,146722,0.000,0.000
50260,0,0,2,146722,0.000,0.000
50270,0,0,2,146722,0.000,0.000
50280,0,0,2,146722,0.000,0.000
50290,0,0,2,146722,0.000,0.000
50300,0,0,2,146722,0.000,0.000
50310,0,0,2,146723,0.000,0.140
50320,0,0,2,146723,0.000,0.000
50330,0,0,2,146724,0.000,0.140
50340,0,0,2,146725,0.000,0.140
50350,0,0,2,146726,0.000,0.140
50360,0,0,2,146728,0.000,0.280
50370,0,0,2,146730,0.000,0.280
50380,0,0,2,146731,0.000,0.140
50390,0,0,2,146733,0.000,0.280
50400,0,0,2,146733,0.000,0.000
50410,0,0,2,146732,0.000,-0.140
50420,0,0,2,146732,0.000,0.000
50430,0,0,2,146732,0.000,0.000
50440,0,0,2,146732,0.000,0.000
50450,0,0,2,146732,0.000,0.000
50460,0,0,2,146732,0.000,0.000
50470,0,0,2,146732,0.000,0.000
50480,0,0,2,146732,0.000,0.000
50490,0,0,2,146732,0.000,0.000
50500,0,0,2,146732,0.000,0.000
50510,0,0,2,146732,0.000,0.000
50520,0,0,2,146732,0.000,0.000
50530,0,0,2,146732,0.000,0.000
50540,0,0,2,146732,0.000,0.000
50550,0,0,2,146732,0.000,0.000
50560,0,0,2,146732,0.000,0.000
50570,0,0,2,146732,0.000,0.000
50580,0,0,2,146732,0.000,0.000
50590,0,0,2,146732,0.000,0.000
50600,0,0,2,146732,0.000,0.000
50610,0,0,2,146732,0.000,0.000
50620,0,0,2,146732,0.000,0.000
50630,0,0,2,146732,0.000,0.000
50640,0,0,2,146732,0.000,0.000
50650,0,0,2,146732,0.000,0.000
50660,0,0,2,146732,0.000,0.000
50670,0,0,2,146732,0.000,0.000
50680,0,0,2,146732,0.000,0.000
50690,0,0,2,146732,0.000,0.000
50700,0,0,2,146732,0.000,0.000
50710,0,0,2,146732,0.000,0.000
50720,0,0,2,146732,0.000,0.000
50730,0,0,2,146732,0.000,0.000
50740,0,0,2,146732,0.000,0.000
50750,0,0,2,146732,0.000,0.000
50760,0,0,2,146732,0.000,0.000
50770,0,0,2,146732,0.000,0.000
50780,0,0,2,146732,0.000,0.000
50790,0,0,2,146732,0.000,0.000
50800,0,0,2,146732,0.000,0.000
50810,0,0,2,146732,0.000,0.000
50820,0,0,2,146732,0.000,0.000
50830,0,0,2,146732,0.000,0.000
50840,0,0,2,146732,0.000,0.000
50850,0,0,2,146732,0.000,0.000
50860,0,0,2,146732,0.000,0.000
50870,0,0,2,146732,0.000,0.000
50880,0,0,2,146732,0.000,0.000
50890,0,0,2,146732,0.000,0.000
50900,0,0,2,146732,0.000,0.000
50910,0,0,2,146732,0.000,0.000
50920,0,0,2,146732,0.000,0.000
50930,0,0,2,146732,0.000,0.000
50940,0,0,2,146732,0.000,0.000
50950,0,0,2,146732,0.000,0.000
50960,0,0,2,146732,0.000,0.000
50970,0,0,2,146732,0.000,0.000
50980,0,0,2,146732,0.000,0.000
50990,0,0,2,146732,0.000,0.000
51000,0,0,2,146732,0.000,0.000
51010,0,0,2,146732,0.000,0.000
51020,0,0,2,146732,0.000,0.000
51030,0,0,2,146732,0.000,0.000
51040,0,0,2,146732,0.000,0.000
51050,0,0,2,146732,0.000,0.000
51060,0,0,2,146732,0.000,0.000
51070,0,0,2,146732,0.000,0.000
51080,0,0,2,146732,0.000,0.000
51090,0,0,2,146732,0.000,0.000
51100,0,0,2,146732,0.000,0.000
51110,0,0,2,146732,0.000,0.000
51120,0,0,2,146732,0.000,0.000
51130,0,0,2,146732,0.000,0.000
51140,0,0,2,146732,0.000,0.000
51150,0,0,2,146732,0.000,0.000
51160,0,0,2,146732,0.000,0.000
51170,0,0,2,146732,0.000,0.000
51180,0,0,2,146732,0.000,0.000
51190,0,0,2,146733,0.000,0.140
51200,0,0,2,146733,0.000,0.000
51210,0,0,2,146733,0.000,0.000
51220,0,0,2,146733,0.000,0.000
51230,0,0,2,146733,0.000,0.000
51240,0,0,2,146733,0.000,0.000
51250,0,0,2,146733,0.000,0.000
51260,0,0,2,146733,0.000,0.000
51270,0,0,2,146733,0.000,0.000
51280,0,0,2,146733,0.000,0.000
51290,0,0,2,146733,0.000,0.000
51300,0,0,2,146733,0.000,0.000
51310,0,0,2,146733,0.000,0.000
51320,0,0,2,146733,0.000,0.000
51330,0,0,2,146733,0.000,0.000
51340,0,0,2,146733,0.000,0.000
51350,0,0,2,146733,0.000,0.000
51360,0,0,2,146733,0.000,0.000
51370,0,0,2,146733,0.000,0.000
51380,0,0,2,146733,0.000,0.000
51390,0,0,2,146733,0.000,0.000
51400,0,0,2,146733,0.000,0.000
51410,0,0,2,146733,0.000,0.000
51420,0,0,2,146733,0.000,0.000
51430,0,0,2,146733,0.000,0.000
51440,0,0,2,146733,0.000,0.000
51450,0,0,2,146733,0.000,0.000
51460,0,0,2,146733,0.000,0.000
51470,0,0,2,146733,0.000,0.000
51480,0,0,2,146733,0.000,0.000
51490,0,0,2,146733,0.000,0.000
51500,0,0,2,146733,0.000,0.000
51510,0,0,2,146733,0.000,0.000
51520,0,0,2,146733,0.000,0.000
51530,0,0,2,146733,0.000,0.000
51540,0,0,2,146733,0.000,0.000
51550,0,0,2,146733,0.000,0.000
51560,0,0,2,146733,0.000,0.000
51570,0,0,2,146733,0.000,0.000
51580,0,0,2,146733,0.000,0.000
51590,0,0,2,146733,0.000,0.000
51600,0,0,2,146733,0.000,0.000
51610,0,0,2,146733,0.000,0.000
51620,0,0,2,146733,0.000,0.000
51630,0,0,2,146733,0.000,0.000
51640,0,0,2,146733,0.000,0.000
51650,0,0,2,146733,0.000,0.000
51660,0,0,2,146733,0.000,0.000
51670,0,0,2,146733,0.000,0.000
51680,0,0,2,146733,0.000,0.000
51690,0,0,2,146733,0.000,0.000
51700,0,0,2,146733,0.000,0.000
51710,0,0,2,146733,0.000,0.000
51720,0,0,2,146733,0.000,0.000
51730,0,0,2,146733,0.000,0.000
51740,0,0,2,146733,0.000,0.000
51750,0,0,2,146733,0.000,0.000
51760,0,0,2,146733,0.000,0.000
51770,0,0,2,146733,0.000,0.000
51780,0,0,2,146733,0.000,0.000
51790,0,0,2,146733,0.000,0.000
51800,0,0,2,146733,0.000,0.000
51810,0,0,2,146733,0.000,0.000
51820,0,0,2,146733,0.000,0.000
51830,0,0,2,146733,0.000,0.000
51840,0,0,2,146733,0.000,0.000
51850,0,0,2,146733,0.000,0.000
51860,0,0,2,146733,0.000,0.000
51870,0,0,2,146733,0.000,0.000
51880,0,0,2,146733,0.000,0.000
51890,0,0,2,146733,0.000,0.000
51900,0,0,2,146733,0.000,0.000
51910,0,0,2,146733,0.000,0.000
51920,0,0,2,146733,0.000,0.000
51930,0,0,2,146733,0.000,0.000
51940,0,0,2,146733,0.000,0.000
51950,0,0,2,146733,0.000,0.000
51960,0,0,2,146733,0.000,0.000
51970,0,0,2,146733,0.000,0.000
51980,0,0,2,146733,0.000,0.000
51990,0,0,2,146733,0.000,0.000
52000,0,0,2,146733,0.000,0.000
52010,0,0,2,146733,0.000,0.000
52020,0,0,2,146733,0.000,0.000
52030,0,0,2,146733,0.000,0.000
52040,0,0,2,146733,0.000,0.000
52050,0,0,2,146733,0.000,0.000
52060,0,0,2,146733,0.000,0.000
52070,0,0,2,146733,0.000,0.000
52080,0,0,2,146733,0.000,0.000
52090,0,0,2,146733,0.000,0.000
52100,0,0,2,146733,0.000,0.000
52110,0,0,2,146733,0.000,0.000
52120,0,0,2,146733,0.000,0.000
52130,0,0,2,146733,0.000,0.000
52140,0,0,2,146733,0.000,0.000
52150,0,0,2,146733,0.000,0.000
52160,0,0,2,146733,0.000,0.000
52170,0,0,2,146733,0.000,0.000
52180,0,0,2,146733,0.000,0.000
52190,0,0,2,146733,0.000,0.000
52200,0,0,2,146733,0.000,0.000
52210,0,0,2,146733,0.000,0.000
52220,0,0,2,146733,0.000,0.000
52230,0,0,2,146733,0.000,0.000
52240,0,0,2,146733,0.000,0.000
52250,0,0,2,146733,0.000,0.000
52260,0,0,2,146733,0.000,0.000
52270,0,0,2,146733,0.000,0.000
52280,0,0,2,146733,0.000,0.000
52290,0,0,2,146733,0.000,0.000
52300,0,0,2,146733,0.000,0.000
52310,0,0,2,146733,0.000,0.000
52320,0,0,2,146733,0.000,0.000
52330,0,0,2,146733,0.000,0.000
52340,0,0,2,146733,0.000,0.000
52350,0,0,2,146733,0.000,0.000
52360,0,0,2,146733,0.000,0.000
52370,0,0,2,146733,0.000,0.000
52380,0,0,2,146733,0.000,0.000
52390,0,0,2,146733,0.000,0.000
52400,0,0,2,146733,0.000,0.000
52410,0,0,2,146733,0.000,0.000
52420,0,0,2,146733,0.000,0.000
52430,0,0,2,146733,0.000,0.000
52440,0,0,2,146733,0.000,0.000
52450,0,0,2,146733,0.000,0.000
52460,0,0,2,146733,0.000,0.000
52470,0,0,2,146733,0.000,0.000
52480,0,0,2,146733,0.000,0.000
52490,0,0,2,146733,0.000,0.000
52500,0,0,2,146733,0.000,0.000
52510,0,0,2,146733,0.000,0.000
52520,0,0,2,146733,0.000,0.000
52530,0,0,2,146733,0.000,0.000
52540,0,0,2,146733,0.000,0.000
52550,0,0,2,146733,0.000,0.000
52560,0,0,2,146733,0.000,0.000
52570,0,0,2,146733,0.000,0.000
52580,0,0,2,146733,0.000,0.000
52590,0,0,2,146733,0.000,0.000
52600,0,0,2,146733,0.000,0.000
52610,0,0,2,146733,0.000,0.000
52620,0,0,2,146733,0.000,0.000
52630,0,0,2,146733,0.000,0.000
52640,0,0,2,146733,0.000,0.000
52650,0,0,2,146733,0.000,0.000
52660,0,0,2,146733,0.000,0.000
52670,0,0,2,146733,0.000,0.000
52680,0,0,2,146733,0.000,0.000
52690,0,0,2,146733,0.000,0.000
52700,0,0,2,146733,0.000,0.000
52710,0,0,2,146733,0.000,0.000
52720,0,0,2,146733,0.000,0.000
52730,0,0,2,146733,0.000,0.000
52740,0,0,2,146733,0.000,0.000
52750,0,0,2,146733,0.000,0.000
52760,0,0,2,146733,0.000,0.000
52770,0,0,2,146732,0.000,-0.140
52780,0,0,2,146732,0.000,0.000
52790,0,0,2,146732,0.000,0.000
52800,0,0,2,146732,0.000,0.000
52810,0,0,2,146732,0.000,0.000
52820,0,0,2,146732,0.000,0.000
52830,0,0,2,146733,0.000,0.140
52840,0,0,2,146733,0.000,0.000
52850,0,0,2,146733,0.000,0.000
52860,0,0,2,146733,0.000,0.000
52870,0,0,2,146733,0.000,0.000
52880,0,0,2,146733,0.000,0.000
52890,0,0,2,146733,0.000,0.000
52900,0,0,2,146733,0.000,0.000
52910,0,0,2,146733,0.000,0.000
52920,0,0,2,146733,0.000,0.000
52930,0,0,2,146733,0.000,0.000
52940,0,0,2,146733,0.000,0.000
52950,0,0,2,146733,0.000,0.000
52960,0,0,2,146733,0.000,0.000
52970,0,0,2,146733,0.000,0.000
52980,0,0,2,146733,0.000,0.000
52990,0,0,2,146733,0.000,0.000
53000,0,0,2,146733,0.000,0.000
53010,0,-25,2,146733,0.000,0.000
53020,0,-25,2,146731,0.000,-0.280
53030,0,-25,2,146721,0.000,-1.402
53040,0,-25,2,146701,0.000,-2.805
53050,0,-25,2,146674,0.000,-3.787
53060,0,-25,2,146641,0.000,-4.628
53070,0,-25,2,146602,0.000,-5.470
53080,0,-25,2,146560,0.000,-5.890
53090,0,-25,2,146511,0.000,-6.872
53100,0,-25,2,146457,0.000,-7.573
53110,0,-25,2,146398,0.000,-8.275
53120,0,-25,2,146334,0.000,-8.976
53130,0,-25,2,146266,0.000,-9.537
53140,0,-25,2,146195,0.000,-9.958
53150,0,-25,2,146121,0.000,-10.378
53160,0,-25,2,146046,0.000,-10.519
53170,0,-25,2,145968,0.000,-10.939
53180,0,-25,2,145889,0.000,-11.080
53190,0,-25,2,145808,0.000,-11.360
53200,0,-25,2,145726,0.000,-11.500
53210,0,-25,2,145644,0.000,-11.500
53220,0,-25,2,145561,0.000,-11.641
53230,0,-25,2,145477,0.000,-11.781
53240,0,-25,2,145393,0.000,-11.781
53250,0,-25,2,145309,0.000,-11.781
53260,0,-25,2,145224,0.000,-11.921
53270,0,-25,2,145139,0.000,-11.921
53280,0,-25,2,145054,0.000,-11.921
53290,0,-25,2,144968,0.000,-12.061
53300,0,-25,2,144882,0.000,-12.061
53310,0,-25,2,144796,0.000,-12.061
53320,0,-25,2,144709,0.000,-12.202
53330,0,-25,2,144623,0.000,-12.061
53340,0,-25,2,144535,0.000,-12.342
53350,0,-25,2,144448,0.000,-12.202
53360,0,-25,2,144360,0.000,-12.342
53370,0,-25,2,144271,0.000,-12.482
53380,0,-25,2,144183,0.000,-12.342
53390,0,-25,2,144094,0.000,-12.482
53400,0,-25,2,144005,0.000,-12.482
53410,0,-25,2,143915,0.000,-12.622
53420,0,-25,2,143825,0.000,-12.622
53430,0,-25,2,143735,0.000,-12.622
53440,0,-25,2,143645,0.000,-12.622
53450,0,-25,2,143555,0.000,-12.622
53460,0,-25,2,143465,0.000,-12.622
53470,0,-25,2,143374,0.000,-12.763
53480,0,-25,2,143284,0.000,-12.622
53490,0,-25,2,143193,0.000,-12.763
53500,0,-25,2,143103,0.000,-12.622
53510,0,-25,2,143013,0.000,-12.622
53520,0,-25,2,142922,0.000,-12.763
53530,0,-25,2,142832,0.000,-12.622
53540,0,-25,2,142742,0.000,-12.622
53550,0,-25,2,142652,0.000,-12.622
53560,0,-25,2,142563,0.000,-12.482
53570,0,-25,2,142473,0.000,-12.622
53580,0,-25,2,142384,0.000,-12.482
53590,0,-25,2,142295,0.000,-12.482
53600,0,-25,2,142207,0.000,-12.342
53610,0,-25,2,142119,0.000,-12.342
53620,0,-25,2,142031,0.000,-12.342
53630,0,-25,2,141943,0.000,-12.342
53640,0,-25,2,141855,0.000,-12.342
53650,0,-25,2,141768,0.000,-12.202
53660,0,-25,2,141681,0.000,-12.202
53670,0,-25,2,141593,0.000,-12.342
53680,0,-25,2,141506,0.000,-12.202
53690,0,-25,2,141419,0.000,-12.202
53700,0,-25,2,141332,0.000,-12.202
53710,0,-25,2,141245,0.000,-12.202
53720,0,-25,2,141158,0.000,-12.202
53730,0,-25,2,141070,0.000,-12.342
53740,0,-25,2,140983,0.000,-12.202
53750,0,-25,2,140896,0.000,-12.202
53760,0,-25,2,140809,0.000,-12.202
53770,0,-25,2,140722,0.000,-12.202
53780,0,-25,2,140634,0.000,-12.342
53790,0,-25,2,140546,0.000,-12.342
53800,0,-25,2,140459,0.000,-12.202
53810,0,-25,2,140371,0.000,-12.342
53820,0,-25,2,140283,0.000,-12.342
53830,0,-25,2,140195,0.000,-12.342
53840,0,-25,2,140107,0.000,-12.342
53850,0,-25,2,140018,0.000,-12.482
53860,0,-25,2,139929,0.000,-12.482
53870,0,-25,2,139839,0.000,-12.622
53880,0,-25,2,139750,0.000,-12.482
53890,0,-25,2,139660,0.000,-12.622
53900,0,-25,2,139569,0.000,-12.763
53910,0,-25,2,139478,0.000,-12.763
53920,0,-25,2,139387,0.000,-12.763
53930,0,-25,2,139296,0.000,-12.763
53940,0,-25,2,139205,0.000,-12.763
53950,0,-25,2,139113,0.000,-12.903
53960,0,-25,2,139022,0.000,-12.763
53970,0,-25,2,138930,0.000,-12.903
53980,0,-25,2,138839,0.000,-12.763
53990,0,-25,2,138747,0.000,-12.903
54000,0,-25,2,138656,0.000,-12.763
54010,0,-25,2,138566,0.000,-12.622
54020,0,-25,2,138475,0.000,-12.763
54030,0,-25,2,138385,0.000,-12.622
54040,0,-25,2,138295,0.000,-12.622
54050,0,-25,2,138205,0.000,-12.622
54060,0,-25,2,138114,0.000,-12.763
54070,0,-25,2,138025,0.000,-12.482
54080,0,-25,2,137935,0.000,-12.622
54090,0,-25,2,137846,0.000,-12.482
54100,0,-25,2,137758,0.000,-12.342
54110,0,-25,2,137669,0.000,-12.482
54120,0,-25,2,137580,0.000,-12.482
54130,0,-25,2,137492,0.000,-12.342
54140,0,-25,2,137404,0.000,-12.342
54150,0,-25,2,137317,0.000,-12.202
54160,0,-25,2,137229,0.000,-12.342
54170,0,-25,2,137142,0.000,-12.202
54180,0,-25,2,137054,0.000,-12.342
54190,0,-25,2,136967,0.000,-12.202
54200,0,-25,2,136880,0.000,-12.202
54210,0,-25,2,136792,0.000,-12.342
54220,0,-25,2,136705,0.000,-12.202
54230,0,-25,2,136618,0.000,-12.202
54240,0,-25,2,136531,0.000,-12.202
54250,0,-25,2,136444,0.000,-12.202
54260,0,-25,2,136358,0.000,-12.061
54270,0,-25,2,136270,0.000,-12.342
54280,0,-25,2,136183,0.000,-12.202
54290,0,-25,2,136096,0.000,-12.202
54300,0,-25,2,136009,0.000,-12.202
54310,0,-25,2,135922,0.000,-12.202
54320,0,-25,2,135835,0.000,-12.202
54330,0,-25,2,135748,0.000,-12.202
54340,0,-25,2,135661,0.000,-12.202
54350,0,-25,2,135573,0.000,-12.342
54360,0,-25,2,135485,0.000,-12.342
54370,0,-25,2,135397,0.000,-12.342
54380,0,-25,2,135308,0.000,-12.482
54390,0,-25,2,135218,0.000,-12.622
54400,0,-25,2,135129,0.000,-12.482
54410,0,-25,2,135039,0.000,-12.622
54420,0,-25,2,134948,0.000,-12.763
54430,0,-25,2,134857,0.000,-12.763
54440,0,-25,2,134767,0.000,-12.622
54450,0,-25,2,134675,0.000,-12.903
54460,0,-25,2,134585,0.000,-12.622
54470,0,-25,2,134494,0.000,-12.763
54480,0,-25,2,134404,0.000,-12.622
54490,0,-25,2,134313,0.000,-12.763
54500,0,-25,2,134223,0.000,-12.622
54510,0,-25,2,134133,0.000,-12.622
54520,0,-25,2,134043,0.000,-12.622
54530,0,-25,2,133953,0.000,-12.622
54540,0,-25,2,133864,0.000,-12.482
54550,0,-25,2,133775,0.000,-12.482
54560,0,-25,2,133686,0.000,-12.482
54570,0,-25,2,133598,0.000,-12.342
54580,0,-25,2,133510,0.000,-12.342
54590,0,-25,2,133422,0.000,-12.342
54600,0,-25,2,133334,0.000,-12.342
54610,0,-25,2,133247,0.000,-12.202
54620,0,-25,2,133160,0.000,-12.202
54630,0,-25,2,133073,0.000,-12.202
54640,0,-25,2,132986,0.000,-12.202
54650,0,-25,2,132899,0.000,-12.202
54660,0,-25,2,132812,0.000,-12.202
54670,0,-25,2,132726,0.000,-12.061
54680,0,-25,2,132640,0.000,-12.061
54690,0,-25,2,132553,0.000,-12.202
54700,0,-25,2,132467,0.000,-12.061
54710,0,-25,2,132380,0.000,-12.202
54720,0,-25,2,132293,0.000,-12.202
54730,0,-25,2,132207,0.000,-12.061
54740,0,-25,2,132120,0.000,-12.202
54750,0,-25,2,132034,0.000,-12.061
54760,0,-25,2,131947,0.000,-12.202
54770,0,-25,2,131860,0.000,-12.202
54780,0,-25,2,131774,0.000,-12.061
54790,0,-25,2,131687,0.000,-12.202
54800,0,-25,2,131600,0.000,-12.202
54810,0,-25,2,131513,0.000,-12.202
54820,0,-25,2,131426,0.000,-12.202
54830,0,-25,2,131338,0.000,-12.342
54840,0,-25,2,131250,0.000,-12.342
54850,0,-25,2,131162,0.000,-12.342
54860,0,-25,2,131073,0.000,-12.482
54870,0,-25,2,130985,0.000,-12.342
54880,0,-25,2,130896,0.000,-12.482
54890,0,-25,2,130807,0.000,-12.482
54900,0,-25,2,130718,0.000,-12.482
54910,0,-25,2,130629,0.000,-12.482
54920,0,-25,2,130539,0.000,-12.622
54930,0,-25,2,130448,0.000,-12.763
54940,0,-25,2,130358,0.000,-12.622
54950,0,-25,2,130267,0.000,-12.763
54960,0,-25,2,130176,0.000,-12.763
54970,0,-25,2,130085,0.000,-12.763
54980,0,-25,2,129994,0.000,-12.763
54990,0,-25,2,129903,0.000,-12.763
55000,0,-25,2,129812,0.000,-12.763
55010,0,-25,2,129721,0.000,-12.763
55020,0,-25,2,129630,0.000,-12.763
55030,0,-25,2,129539,0.000,-12.763
55040,0,-25,2,129448,0.000,-12.763
55050,0,-25,2,129358,0.000,-12.622
55060,0,-25,2,129268,0.000,-12.622
55070,0,-25,2,129178,0.000,-12.622
55080,0,-25,2,129088,0.000,-12.622
55090,0,-25,2,128999,0.000,-12.482
55100,0,-25,2,128911,0.000,-12.342
55110,0,-25,2,128822,0.000,-12.482
55120,0,-25,2,128734,0.000,-12.342
55130,0,-25,2,128647,0.000,-12.202
55140,0,-25,2,128559,0.000,-12.342
55150,0,-25,2,128472,0.000,-12.202
55160,0,-25,2,128386,0.000,-12.061
55170,0,-25,2,128300,0.000,-12.061
55180,0,-25,2,128214,0.000,-12.061
55190,0,-25,2,128128,0.000,-12.061
55200,0,-25,2,128042,0.000,-12.061
55210,0,-25,2,127956,0.000,-12.061
55220,0,-25,2,127871,0.000,-11.921
55230,0,-25,2,127785,0.000,-12.061
55240,0,-25,2,127699,0.000,-12.061
55250,0,-25,2,127613,0.000,-12.061
55260,0,-25,2,127527,0.000,-12.061
55270,0,-25,2,127442,0.000,-11.921
55280,0,-25,2,127356,0.000,-12.061
55290,0,-25,2,127270,0.000,-12.061
55300,0,-25,2,127183,0.000,-12.202
55310,0,-25,2,127097,0.000,-12.061
55320,0,-25,2,127010,0.000,-12.202
55330,0,-25,2,126922,0.000,-12.342
55340,0,-25,2,126835,0.000,-12.202
55350,0,-25,2,126747,0.000,-12.342
55360,0,-25,2,126659,0.000,-12.342
55370,0,-25,2,126570,0.000,-12.482
55380,0,-25,2,126482,0.000,-12.342
55390,0,-25,2,126393,0.000,-12.482
55400,0,-25,2,126304,0.000,-12.482
55410,0,-25,2,126215,0.000,-12.482
55420,0,-25,2,126125,0.000,-12.622
55430,0,-25,2,126035,0.000,-12.622
55440,0,-25,2,125944,0.000,-12.763
55450,0,-25,2,125854,0.000,-12.622
55460,0,-25,2,125763,0.000,-12.763
55470,0,-25,2,125671,0.000,-12.903
55480,0,-25,2,125580,0.000,-12.763
55490,0,-25,2,125489,0.000,-12.763
55500,0,-25,2,125397,0.000,-12.903
55510,0,-25,2,125306,0.000,-12.763
55520,0,-25,2,125214,0.000,-12.903
55530,0,-25,2,125122,0.000,-12.903
55540,0,-25,2,125031,0.000,-12.763
55550,0,-25,2,124940,0.000,-12.763
55560,0,-25,2,124849,0.000,-12.763
55570,0,-25,2,124759,0.000,-12.622
55580,0,-25,2,124669,0.000,-12.622
55590,0,-25,2,124579,0.000,-12.622
55600,0,-25,2,124490,0.000,-12.482
55610,0,-25,2,124401,0.000,-12.482
55620,0,-25,2,124312,0.000,-12.482
55630,0,-25,2,124224,0.000,-12.342
55640,0,-25,2,124136,0.000,-12.342
55650,0,-25,2,124048,0.000,-12.342
55660,0,-25,2,123960,0.000,-12.342
55670,0,-25,2,123873,0.000,-12.202
55680,0,-25,2,123786,0.000,-12.202
55690,0,-25,2,123699,0.000,-12.202
55700,0,-25,2,123612,0.000,-12.202
55710,0,-25,2,123525,0.000,-12.202
55720,0,-25,2,123439,0.000,-12.061
55730,0,-25,2,123352,0.000,-12.202
55740,0,-25,2,123265,0.000,-12.202
55750,0,-25,2,123179,0.000,-12.061
55760,0,-25,2,123092,0.000,-12.202
55770,0,-25,2,123006,0.000,-12.061
55780,0,-25,2,122919,0.000,-12.202
55790,0,-25,2,122832,0.000,-12.202
55800,0,-25,2,122746,0.000,-12.061
55810,0,-25,2,122659,0.000,-12.202
55820,0,-25,2,122572,0.000,-12.202
55830,0,-25,2,122485,0.000,-12.202
55840,0,-25,2,122398,0.000,-12.202
55850,0,-25,2,122310,0.000,-12.342
55860,0,-25,2,122223,0.000,-12.202
55870,0,-25,2,122134,0.000,-12.482
55880,0,-25,2,122046,0.000,-12.342
55890,0,-25,2,121958,0.000,-12.342
55900,0,-25,2,121869,0.000,-12.482
55910,0,-25,2,121779,0.000,-12.622
55920,0,-25,2,121690,0.000,-12.482
55930,0,-25,2,121600,0.000,-12.622
55940,0,-25,2,121509,0.000,-12.763
55950,0,-25,2,121418,0.000,-12.763
55960,0,-25,2,121327,0.000,-12.763
55970,0,-25,2,121237,0.000,-12.622
55980,0,-25,2,121146,0.000,-12.763
55990,0,-25,2,121055,0.000,-12.763
56000,0,-25,2,120963,0.000,-12.903
56010,0,0,2,120872,0.000,-12.763
56020,0,0,2,120782,0.000,-12.622
56030,0,0,2,120698,0.000,-11.781
56040,0,0,2,120622,0.000,-10.659
56050,0,0,2,120559,0.000,-8.836
56060,0,0,2,120510,0.000,-6.872
56070,0,0,2,120472,0.000,-5.329
56080,0,0,2,120444,0.000,-3.927
56090,0,0,2,120423,0.000,-2.945
56100,0,0,2,120410,0.000,-1.823
56110,0,0,2,120403,0.000,-0.982
56120,0,0,2,120399,0.000,-0.561
56130,0,0,2,120397,0.000,-0.280
56140,0,0,2,120397,0.000,0.000
56150,0,0,2,120397,0.000,0.000
56160,0,0,2,120398,0.000,0.140
56170,0,0,2,120398,0.000,0.000
56180,0,0,2,120398,0.000,0.000
56190,0,0,2,120398,0.000,0.000
56200,0,0,2,120398,0.000,0.000
56210,0,0,2,120398,0.000,0.000
56220,0,0,2,120398,0.000,0.000
56230,0,0,2,120398,0.000,0.000
56240,0,0,2,120398,0.000,0.000
56250,0,0,2,120398,0.000,0.000
56260,0,0,2,120398,0.000,0.000
56270,0,0,2,120398,0.000,0.000
56280,0,0,2,120398,0.000,0.000
56290,0,0,2,120398,0.000,0.000
56300,0,0,2,120398,0.000,0.000
56310,0,0,2,120398,0.000,0.000
56320,0,0,2,120398,0.000,0.000
56330,0,0,2,120398,0.000,0.000
56340,0,0,2,120398,0.000,0.000
56350,0,0,2,120398,0.000,0.000
56360,0,0,2,120398,0.000,0.000
56370,0,0,2,120398,0.000,0.000
56380,0,0,2,120398,0.000,0.000
56390,0,0,2,120398,0.000,0.000
56400,0,0,2,120398,0.000,0.000
56410,0,0,2,120398,0.000,0.000
56420,0,0,2,120398,0.000,0.000
56430,0,0,2,120398,0.000,0.000
56440,0,0,2,120398,0.000,0.000
56450,0,0,2,120398,0.000,0.000
56460,0,0,2,120398,0.000,0.000
56470,0,0,2,120398,0.000,0.000
56480,0,0,2,120398,0.000,0.000
56490,0,0,2,120398,0.000,0.000
56500,0,0,2,120398,0.000,0.000
56510,0,0,2,120398,0.000,0.000
56520,0,0,2,120398,0.000,0.000
56530,0,0,2,120398,0.000,0.000
56540,0,0,2,120399,0.000,0.140
56550,0,0,2,120399,0.000,0.000
56560,0,0,2,120400,0.000,0.140
56570,0,0,2,120402,0.000,0.280
56580,0,0,2,120403,0.000,0.140
56590,0,0,2,120405,0.000,0.280
56600,0,0,2,120406,0.000,0.140
56610,0,0,2,120406,0.000,0.000
56620,0,0,2,120406,0.000,0.000
56630,0,0,2,120406,0.000,0.000
56640,0,0,2,120406,0.000,0.000
56650,0,0,2,120406,0.000,0.000
56660,0,0,2,120406,0.000,0.000
56670,0,0,2,120406,0.000,0.000
56680,0,0,2,120406,0.000,0.000
56690,0,0,2,120406,0.000,0.000
56700,0,0,2,120406,0.000,0.000
56710,0,0,2,120406,0.000,0.000
56720,0,0,2,120406,0.000,0.000
56730,0,0,2,120406,0.000,0.000
56740,0,0,2,120406,0.000,0.000
56750,0,0,2,120406,0.000,0.000
56760,0,0,2,120406,0.000,0.000
56770,0,0,2,120406,0.000,0.000
56780,0,0,2,120406,0.000,0.000
56790,0,0,2,120406,0.000,0.000
56800,0,0,2,120406,0.000,0.000
56810,0,0,2,120406,0.000,0.000
56820,0,0,2,120407,0.000,0.140
56830,0,0,2,120407,0.000,0.000
56840,0,0,2,120407,0.000,0.000
56850,0,0,2,120407,0.000,0.000
56860,0,0,2,120407,0.000,0.000
56870,0,0,2,120407,0.000,0.000
56880,0,0,2,120407,0.000,0.000
56890,0,0,2,120407,0.000,0.000
56900,0,0,2,120407,0.000,0.000
56910,0,0,2,120407,0.000,0.000
56920,0,0,2,120407,0.000,0.000
56930,0,0,2,120407,0.000,0.000
56940,0,0,2,120407,0.000,0.000
56950,0,0,2,120407,0.000,0.000
56960,0,0,2,120407,0.000,0.000
56970,0,0,2,120407,0.000,0.000
56980,0,0,2,120407,0.000,0.000
56990,0,0,2,120407,0.000,0.000
57000,0,0,2,120407,0.000,0.000
57010,0,0,2,120407,0.000,0.000
57020,0,0,2,120407,0.000,0.000
57030,0,0,2,120407,0.000,0.000
57040,0,0,2,120407,0.000,0.000
57050,0,0,2,120407,0.000,0.000
57060,0,0,2,120407,0.000,0.000
57070,0,0,2,120407,0.000,0.000
57080,0,0,2,120407,0.000,0.000
57090,0,0,2,120408,0.000,0.140
57100,0,0,2,120409,0.000,0.140
57110,0,0,2,120410,0.000,0.140
57120,0,0,2,120412,0.000,0.280
57130,0,0,2,120413,0.000,0.140
57140,0,0,2,120414,0.000,0.140
57150,0,0,2,120415,0.000,0.140
57160,0,0,2,120415,0.000,0.000
57170,0,0,2,120415,0.000,0.000
57180,0,0,2,120415,0.000,0.000
57190,0,0,2,120415,0.000,0.000
57200,0,0,2,120415,0.000,0.000
57210,0,0,2,120415,0.000,0.000
57220,0,0,2,120415,0.000,0.000
57230,0,0,2,120415,0.000,0.000
57240,0,0,2,120415,0.000,0.000
57250,0,0,2,120415,0.000,0.000
57260,0,0,2,120415,0.000,0.000
57270,0,0,2,120415,0.000,0.000
57280,0,0,2,120415,0.000,0.000
57290,0,0,2,120415,0.000,0.000
57300,0,0,2,120415,0.000,0.000
57310,0,0,2,120415,0.000,0.000
57320,0,0,2,120415,0.000,0.000
57330,0,0,2,120415,0.000,0.000
57340,0,0,2,120415,0.000,0.000
57350,0,0,2,120415,0.000,0.000
57360,0,0,2,120415,0.000,0.000
57370,0,0,2,120415,0.000,0.000
57380,0,0,2,120415,0.000,0.000
57390,0,0,2,120415,0.000,0.000
57400,0,0,2,120415,0.000,0.000
57410,0,0,2,120415,0.000,0.000
57420,0,0,2,120415,0.000,0.000
57430,0,0,2,120415,0.000,0.000
57440,0,0,2,120415,0.000,0.000
57450,0,0,2,120415,0.000,0.000
57460,0,0,2,120415,0.000,0.000
57470,0,0,2,120415,0.000,0.000
57480,0,0,2,120415,0.000,0.000
57490,0,0,2,120415,0.000,0.000
57500,0,0,2,120415,0.000,0.000
57510,0,0,2,120416,0.000,0.140
57520,0,0,2,120417,0.000,0.140
57530,0,0,2,120418,0.000,0.140
57540,0,0,2,120419,0.000,0.140
57550,0,0,2,120419,0.000,0.000
57560,0,0,2,120419,0.000,0.000
57570,0,0,2,120419,0.000,0.000
57580,0,0,2,120419,0.000,0.000
57590,0,0,2,120419,0.000,0.000
57600,0,0,2,120419,0.000,0.000
57610,0,0,2,120419,0.000,0.000
57620,0,0,2,120419,0.000,0.000
57630,0,0,2,120419,0.000,0.000
57640,0,0,2,120419,0.000,0.000
57650,0,0,2,120419,0.000,0.000
57660,0,0,2,120419,0.000,0.000
57670,0,0,2,120419,0.000,0.000
57680,0,0,2,120419,0.000,0.000
57690,0,0,2,120419,0.000,0.000
57700,0,0,2,120419,0.000,0.000
57710,0,0,2,120419,0.000,0.000
57720,0,0,2,120419,0.000,0.000
57730,0,0,2,120419,0.000,0.000
57740,0,0,2,120419,0.000,0.000
57750,0,0,2,120419,0.000,0.000
57760,0,0,2,120419,0.000,0.000
57770,0,0,2,120419,0.000,0.000
57780,0,0,2,120419,0.000,0.000
57790,0,0,2,120419,0.000,0.000
57800,0,0,2,120419,0.000,0.000
57810,0,0,2,120419,0.000,0.000
57820,0,0,2,120419,0.000,0.000
57830,0,0,2,120419,0.000,0.000
57840,0,0,2,120419,0.000,0.000
57850,0,0,2,120419,0.000,0.000
57860,0,0,2,120419,0.000,0.000
57870,0,0,2,120419,0.000,0.000
57880,0,0,2,120420,0.000,0.140
57890,0,0,2,120421,0.000,0.140
57900,0,0,2,120421,0.000,0.000
57910,0,0,2,120421,0.000,0.000
57920,0,0,2,120421,0.000,0.000
57930,0,0,2,120421,0.000,0.000
57940,0,0,2,120421,0.000,0.000
57950,0,0,2,120421,0.000,0.000
57960,0,0,2,120421,0.000,0.000
57970,0,0,2,120421,0.000,0.000
57980,0,0,2,120421,0.000,0.000
57990,0,0,2,120421,0.000,0.000
58000,0,0,2,120421,0.000,0.000
58010,0,0,2,120421,0.000,0.000
58020,0,0,2,120421,0.000,0.000
58030,0,0,2,120421,0.000,0.000
58040,0,0,2,120421,0.000,0.000
58050,0,0,2,120421,0.000,0.000
58060,0,0,2,120421,0.000,0.000
58070,0,0,2,120421,0.000,0.000
58080,0,0,2,120421,0.000,0.000
58090,0,0,2,120421,0.000,0.000
58100,0,0,2,120421,0.000,0.000
58110,0,0,2,120421,0.000,0.000
58120,0,0,2,120421,0.000,0.000
58130,0,0,2,120421,0.000,0.000
58140,0,0,2,120421,0.000,0.000
58150,0,0,2,120421,0.000,0.000
58160,0,0,2,120421,0.000,0.000
58170,0,0,2,120421,0.000,0.000
58180,0,0,2,120421,0.000,0.000
58190,0,0,2,120421,0.000,0.000
58200,0,0,2,120421,0.000,0.000
58210,0,0,2,120421,0.000,0.000
58220,0,0,2,120421,0.000,0.000
58230,0,0,2,120421,0.000,0.000
58240,0,0,2,120421,0.000,0.000
58250,0,0,2,120421,0.000,0.000
58260,0,0,2,120421,0.000,0.000
58270,0,0,2,120421,0.000,0.000
58280,0,0,2,120421,0.000,0.000
58290,0,0,2,120421,0.000,0.000
58300,0,0,2,120421,0.000,0.000
58310,0,0,2,120421,0.000,0.000
58320,0,0,2,120421,0.000,0.000
58330,0,0,2,120421,0.000,0.000
58340,0,0,2,120421,0.000,0.000
58350,0,0,2,120422,0.000,0.140
58360,0,0,2,120423,0.000,0.140
58370,0,0,2,120426,0.000,0.421
58380,0,0,2,120427,0.000,0.140
58390,0,0,2,120427,0.000,0.000
58400,0,0,2,120427,0.000,0.000
58410,0,0,2,120427,0.000,0.000
58420,0,0,2,120427,0.000,0.000
58430,0,0,2,120427,0.000,0.000
58440,0,0,2,120427,0.000,0.000
58450,0,0,2,120427,0.000,0.000
58460,0,0,2,120427,0.000,0.000
58470,0,0,2,120427,0.000,0.000
58480,0,0,2,120427,0.000,0.000
58490,0,0,2,120427,0.000,0.000
58500,0,0,2,120427,0.000,0.000
58510,0,0,2,120427,0.000,0.000
58520,0,0,2,120427,0.000,0.000
58530,0,0,2,120427,0.000,0.000
58540,0,0,2,120427,0.000,0.000
58550,0,0,2,120427,0.000,0.000
58560,0,0,2,120427,0.000,0.000
58570,0,0,2,120427,0.000,0.000
58580,0,0,2,120427,0.000,0.000
58590,0,0,2,120427,0.000,0.000
58600,0,0,2,120427,0.000,0.000
58610,0,0,2,120427,0.000,0.000
58620,0,0,2,120427,0.000,0.000
58630,0,0,2,120427,0.000,0.000
58640,0,0,2,120427,0.000,0.000
58650,0,0,2,120427,0.000,0.000
58660,0,0,2,120427,0.000,0.000
58670,0,0,2,120427,0.000,0.000
58680,0,0,2,120427,0.000,0.000
58690,0,0,2,120427,0.000,0.000
58700,0,0,2,120427,0.000,0.000
58710,0,0,2,120427,0.000,0.000
58720,0,0,2,120427,0.000,0.000
58730,0,0,2,120427,0.000,0.000
58740,0,0,2,120427,0.000,0.000
58750,0,0,2,120427,0.000,0.000
58760,0,0,2,120427,0.000,0.000
58770,0,0,2,120427,0.000,0.000
58780,0,0,2,120427,0.000,0.000
58790,0,0,2,120427,0.000,0.000
58800,0,0,2,120427,0.000,0.000
58810,0,0,2,120427,0.000,0.000
58820,0,0,2,120427,0.000,0.000
58830,0,0,2,120427,0.000,0.000
58840,0,0,2,120427,0.000,0.000
58850,0,0,2,120427,0.000,0.000
58860,0,0,2,120427,0.000,0.000
58870,0,0,2,120427,0.000,0.000
58880,0,0,2,120427,0.000,0.000
58890,0,0,2,120427,0.000,0.000
58900,0,0,2,120427,0.000,0.000
58910,0,0,2,120427,0.000,0.000
58920,0,0,2,120427,0.000,0.000
58930,0,0,2,120427,0.000,0.000
58940,0,0,2,120427,0.000,0.000
58950,0,0,2,120427,0.000,0.000
58960,0,0,2,120427,0.000,0.000
58970,0,0,2,120427,0.000,0.000
58980,0,0,2,120427,0.000,0.000
58990,0,0,2,120427,0.000,0.000
59000,0,0,2,120427,0.000,0.000
59010,0,-25,2,120427,0.000,0.000
59020,0,-25,2,120426,0.000,-0.140
59030,0,-25,2,120417,0.000,-1.262
59040,0,-25,2,120397,0.000,-2.805
59050,0,-25,2,120371,0.000,-3.646
59060,0,-25,2,120338,0.000,-4.628
59070,0,-25,2,120298,0.000,-5.610
59080,0,-25,2,120255,0.000,-6.031
59090,0,-25,2,120206,0.000,-6.872
59100,0,-25,2,120150,0.000,-7.854
59110,0,-25,2,120091,0.000,-8.275
59120,0,-25,2,120025,0.000,-9.256
59130,0,-25,2,119956,0.000,-9.677
59140,0,-25,2,119884,0.000,-10.098
59150,0,-25,2,119808,0.000,-10.659
59160,0,-25,2,119731,0.000,-10.799
59170,0,-25,2,119653,0.000,-10.939
59180,0,-25,2,119572,0.000,-11.360
59190,0,-25,2,119491,0.000,-11.360
59200,0,-25,2,119409,0.000,-11.500
59210,0,-25,2,119326,0.000,-11.641
59220,0,-25,2,119242,0.000,-11.781
59230,0,-25,2,119158,0.000,-11.781
59240,0,-25,2,119074,0.000,-11.781
59250,0,-25,2,118989,0.000,-11.921
59260,0,-25,2,118904,0.000,-11.921
59270,0,-25,2,118819,0.000,-11.921
59280,0,-25,2,118733,0.000,-12.061
59290,0,-25,2,118648,0.000,-11.921
59300,0,-25,2,118562,0.000,-12.061
59310,0,-25,2,118476,0.000,-12.061
59320,0,-25,2,118390,0.000,-12.061
59330,0,-25,2,118303,0.000,-12.202
59340,0,-25,2,118217,0.000,-12.061
59350,0,-25,2,118131,0.000,-12.061
59360,0,-25,2,118044,0.000,-12.202
59370,0,-25,2,117956,0.000,-12.342
59380,0,-25,2,117869,0.000,-12.202
59390,0,-25,2,117781,0.000,-12.342
59400,0,-25,2,117693,0.000,-12.342
59410,0,-25,2,117605,0.000,-12.342
59420,0,-25,2,117515,0.000,-12.622
59430,0,-25,2,117426,0.000,-12.482
59440,0,-25,2,117337,0.000,-12.482
59450,0,-25,2,117247,0.000,-12.622
59460,0,-25,2,117157,0.000,-12.622
59470,0,-25,2,117066,0.000,-12.763
59480,0,-25,2,116975,0.000,-12.763
59490,0,-25,2,116884,0.000,-12.763
59500,0,-25,2,116792,0.000,-12.903
59510,0,-25,2,116701,0.000,-12.763
59520,0,-25,2,116609,0.000,-12.903
59530,0,-25,2,116518,0.000,-12.763
59540,0,-25,2,116426,0.000,-12.903
59550,0,-25,2,116334,0.000,-12.903
59560,0,-25,2,116243,0.000,-12.763
59570,0,-25,2,116151,0.000,-12.903
59580,0,-25,2,116060,0.000,-12.763
59590,0,-25,2,115969,0.000,-12.763
59600,0,-25,2,115879,0.000,-12.622
59610,0,-25,2,115788,0.000,-12.763
59620,0,-25,2,115698,0.000,-12.622
59630,0,-25,2,115608,0.000,-12.622
59640,0,-25,2,115519,0.000,-12.482
59650,0,-25,2,115430,0.000,-12.482
59660,0,-25,2,115341,0.000,-12.482
59670,0,-25,2,115252,0.000,-12.482
59680,0,-25,2,115163,0.000,-12.482
59690,0,-25,2,115075,0.000,-12.342
59700,0,-25,2,114987,0.000,-12.342
59710,0,-25,2,114900,0.000,-12.202
59720,0,-25,2,114812,0.000,-12.342
59730,0,-25,2,114725,0.000,-12.202
59740,0,-25,2,114638,0.000,-12.202
59750,0,-25,2,114550,0.000,-12.342
59760,0,-25,2,114463,0.000,-12.202
59770,0,-25,2,114376,0.000,-12.202
59780,0,-25,2,114289,0.000,-12.202
59790,0,-25,2,114202,0.000,-12.202
59800,0,-25,2,114115,0.000,-12.202
59810,0,-25,2,114027,0.000,-12.342
59820,0,-25,2,113940,0.000,-12.202
59830,0,-25,2,113853,0.000,-12.202
59840,0,-25,2,113766,0.000,-12.202
59850,0,-25,2,113678,0.000,-12.342
59860,0,-25,2,113590,0.000,-12.342
59870,0,-25,2,113503,0.000,-12.202
59880,0,-25,2,113414,0.000,-12.482
59890,0,-25,2,113326,0.000,-12.342
59900,0,-25,2,113238,0.000,-12.342
59910,0,-25,2,113149,0.000,-12.482
59920,0,-25,2,113059,0.000,-12.622
59930,0,-25,2,112970,0.000,-12.482
59940,0,-25,2,112880,0.000,-12.622
59950,0,-25,2,112790,0.000,-12.622
59960,0,-25,2,112700,0.000,-12.622
59970,0,-25,2,112609,0.000,-12.763
59980,0,-25,2,112517,0.000,-12.903
59990,0,-25,2,112426,0.000,-12.763
60000,0,-25,2,112334,0.000,-12.903
60010,0,-25,2,112243,0.000,-12.763
60020,0,-25,2,112151,0.000,-12.903
60030,0,-25,2,112059,0.000,-12.903
60040,0,-25,2,111967,0.000,-12.903
60050,0,-25,2,111875,0.000,-12.903
60060,0,-25,2,111784,0.000,-12.763
60070,0,-25,2,111693,0.000,-12.763
60080,0,-25,2,111602,0.000,-12.763
60090,0,-25,2,111512,0.000,-12.622
60100,0,-25,2,111421,0.000,-12.763
60110,0,-25,2,111331,0.000,-12.622
60120,0,-25,2,111241,0.000,-12.622
60130,0,-25,2,111151,0.000,-12.622
60140,0,-25,2,111062,0.000,-12.482
60150,0,-25,2,110973,0.000,-12.482
60160,0,-25,2,110884,0.000,-12.482
60170,0,-25,2,110795,0.000,-12.482
60180,0,-25,2,110707,0.000,-12.342
60190,0,-25,2,110619,0.000,-12.342
60200,0,-25,2,110531,0.000,-12.342
60210,0,-25,2,110444,0.000,-12.202
60220,0,-25,2,110357,0.000,-12.202
60230,0,-25,2,110269,0.000,-12.342
60240,0,-25,2,110183,0.000,-12.061
60250,0,-25,2,110095,0.000,-12.342
60260,0,-25,2,110009,0.000,-12.061
60270,0,-25,2,109922,0.000,-12.202
60280,0,-25,2,109835,0.000,-12.202
60290,0,-25,2,109749,0.000,-12.061
60300,0,-25,2,109662,0.000,-12.202
60310,0,-25,2,109575,0.000,-12.202
60320,0,-25,2,109488,0.000,-12.202
60330,0,-25,2,109401,0.000,-12.202
60340,0,-25,2,109314,0.000,-12.202
60350,0,-25,2,109227,0.000,-12.202
60360,0,-25,2,109140,0.000,-12.202
60370,0,-25,2,109053,0.000,-12.202
60380,0,-25,2,108966,0.000,-12.202
60390,0,-25,2,108878,0.000,-12.342
60400,0,-25,2,108790,0.000,-12.342
60410,0,-25,2,108701,0.000,-12.482
60420,0,-25,2,108613,0.000,-12.342
60430,0,-25,2,108524,0.000,-12.482
60440,0,-25,2,108435,0.000,-12.482
60450,0,-25,2,108346,0.000,-12.482
60460,0,-25,2,108256,0.000,-12.622
60470,0,-25,2,108166,0.000,-12.622
60480,0,-25,2,108075,0.000,-12.763
60490,0,-25,2,107984,0.000,-12.763
60500,0,-25,2,107893,0.000,-12.763
60510,0,-25,2,107801,0.000,-12.903
60520,0,-25,2,107709,0.000,-12.903
60530,0,-25,2,107618,0.000,-12.763
60540,0,-25,2,107526,0.000,-12.903
60550,0,-25,2,107434,0.000,-12.903
60560,0,-25,2,107343,0.000,-12.763
60570,0,-25,2,107251,0.000,-12.903
60580,0,-25,2,107160,0.000,-12.763
60590,0,-25,2,107070,0.000,-12.622
60600,0,-25,2,106979,0.000,-12.763
60610,0,-25,2,106889,0.000,-12.622
60620,0,-25,2,106799,0.000,-12.622
60630,0,-25,2,106709,0.000,-12.622
60640,0,-25,2,106619,0.000,-12.622
60650,0,-25,2,106530,0.000,-12.482
60660,0,-25,2,106442,0.000,-12.342
60670,0,-25,2,106353,0.000,-12.482
60680,0,-25,2,106265,0.000,-12.342
60690,0,-25,2,106176,0.000,-12.482
60700,0,-25,2,106089,0.000,-12.202
60710,0,-25,2,106001,0.000,-12.342
60720,0,-25,2,105913,0.000,-12.342
60730,0,-25,2,105826,0.000,-12.202
60740,0,-25,2,105739,0.000,-12.202
60750,0,-25,2,105651,0.000,-12.342
60760,0,-25,2,105564,0.000,-12.202
60770,0,-25,2,105477,0.000,-12.202
60780,0,-25,2,105390,0.000,-12.202
60790,0,-25,2,105303,0.000,-12.202
60800,0,-25,2,105215,0.000,-12.342
60810,0,-25,2,105128,0.000,-12.202
60820,0,-25,2,105041,0.000,-12.202
60830,0,-25,2,104954,0.000,-12.202
60840,0,-25,2,104867,0.000,-12.202
60850,0,-25,2,104779,0.000,-12.342
60860,0,-25,2,104691,0.000,-12.342
60870,0,-25,2,104604,0.000,-12.202
60880,0,-25,2,104516,0.000,-12.342
60890,0,-25,2,104427,0.000,-12.482
60900,0,-25,2,104339,0.000,-12.342
60910,0,-25,2,104250,0.000,-12.482
60920,0,-25,2,104162,0.000,-12.342
60930,0,-25,2,104072,0.000,-12.622
60940,0,-25,2,103983,0.000,-12.482
60950,0,-25,2,103893,0.000,-12.622
60960,0,-25,2,103803,0.000,-12.622
60970,0,-25,2,103712,0.000,-12.763
60980,0,-25,2,103621,0.000,-12.763
60990,0,-25,2,103530,0.000,-12.763
61000,0,-25,2,103438,0.000,-12.903
61010,0,-25,2,103346,0.000,-12.903
61020,0,-25,2,103254,0.000,-12.903
61030,0,-25,2,103163,0.000,-12.763
61040,0,-25,2,103071,0.000,-12.903
61050,0,-25,2,102979,0.000,-12.903
61060,0,-25,2,102887,0.000,-12.903
61070,0,-25,2,102795,0.000,-12.903
61080,0,-25,2,102704,0.000,-12.763
61090,0,-25,2,102613,0.000,-12.763
61100,0,-25,2,102522,0.000,-12.763
61110,0,-25,2,102431,0.000,-12.763
61120,0,-25,2,102341,0.000,-12.622
61130,0,-25,2,102250,0.000,-12.763
61140,0,-25,2,102161,0.000,-12.482
61150,0,-25,2,102071,0.000,-12.622
61160,0,-25,2,101982,0.000,-12.482
61170,0,-25,2,101893,0.000,-12.482
61180,0,-25,2,101805,0.000,-12.342
61190,0,-25,2,101717,0.000,-12.342
61200,0,-25,2,101629,0.000,-12.342
61210,0,-25,2,101541,0.000,-12.342
61220,0,-25,2,101454,0.000,-12.202
61230,0,-25,2,101367,0.000,-12.202
61240,0,-25,2,101281,0.000,-12.061
61250,0,-25,2,101195,0.000,-12.061
61260,0,-25,2,101110,0.000,-11.921
61270,0,-25,2,101026,0.000,-11.781
61280,0,-25,2,100941,0.000,-11.921
61290,0,-25,2,100857,0.000,-11.781
61300,0,-25,2,100772,0.000,-11.921
61310,0,-25,2,100686,0.000,-12.061
61320,0,-25,2,100601,0.000,-11.921
61330,0,-25,2,100515,0.000,-12.061
61340,0,-25,2,100429,0.000,-12.061
61350,0,-25,2,100343,0.000,-12.061
61360,0,-25,2,100257,0.000,-12.061
61370,0,-25,2,100171,0.000,-12.061
61380,0,-25,2,100086,0.000,-11.921
61390,0,-25,2,100001,0.000,-11.921
61400,0,-25,2,99916,0.000,-11.921
61410,0,-25,2,99831,0.000,-11.921
61420,0,-25,2,99744,0.000,-12.202
61430,0,-25,2,99657,0.000,-12.202
61440,0,-25,2,99569,0.000,-12.342
61450,0,-25,2,99481,0.000,-12.342
61460,0,-25,2,99393,0.000,-12.342
61470,0,-25,2,99304,0.000,-12.482
61480,0,-25,2,99214,0.000,-12.622
61490,0,-25,2,99125,0.000,-12.482
61500,0,-25,2,99034,0.000,-12.763
61510,0,-25,2,98944,0.000,-12.622
61520,0,-25,2,98853,0.000,-12.763
61530,0,-25,2,98762,0.000,-12.763
61540,0,-25,2,98671,0.000,-12.763
61550,0,-25,2,98581,0.000,-12.622
61560,0,-25,2,98490,0.000,-12.763
61570,0,-25,2,98399,0.000,-12.763
61580,0,-25,2,98308,0.000,-12.763
61590,0,-25,2,98218,0.000,-12.622
61600,0,-25,2,98128,0.000,-12.622
61610,0,-25,2,98038,0.000,-12.622
61620,0,-25,2,97948,0.000,-12.622
61630,0,-25,2,97859,0.000,-12.482
61640,0,-25,2,97770,0.000,-12.482
61650,0,-25,2,97681,0.000,-12.482
61660,0,-25,2,97593,0.000,-12.342
61670,0,-25,2,97504,0.000,-12.482
61680,0,-25,2,97416,0.000,-12.342
61690,0,-25,2,97328,0.000,-12.342
61700,0,-25,2,97240,0.000,-12.342
61710,0,-25,2,97152,0.000,-12.342
61720,0,-25,2,97065,0.000,-12.202
61730,0,-25,2,96978,0.000,-12.202
61740,0,-25,2,96891,0.000,-12.202
61750,0,-25,2,96804,0.000,-12.202
61760,0,-25,2,96718,0.000,-12.061
61770,0,-25,2,96631,0.000,-12.202
61780,0,-25,2,96545,0.000,-12.061
61790,0,-25,2,96459,0.000,-12.061
61800,0,-25,2,96372,0.000,-12.202
61810,0,-25,2,96285,0.000,-12.202
61820,0,-25,2,96198,0.000,-12.202
61830,0,-25,2,96112,0.000,-12.061
61840,0,-25,2,96025,0.000,-12.202
61850,0,-25,2,95938,0.000,-12.202
61860,0,-25,2,95851,0.000,-12.202
61870,0,-25,2,95764,0.000,-12.202
61880,0,-25,2,95677,0.000,-12.202
61890,0,-25,2,95590,0.000,-12.202
61900,0,-25,2,95502,0.000,-12.342
61910,0,-25,2,95414,0.000,-12.342
61920,0,-25,2,95326,0.000,-12.342
61930,0,-25,2,95238,0.000,-12.342
61940,0,-25,2,95149,0.000,-12.482
61950,0,-25,2,95060,0.000,-12.482
61960,0,-25,2,94971,0.000,-12.482
61970,0,-25,2,94881,0.000,-12.622
61980,0,-25,2,94792,0.000,-12.482
61990,0,-25,2,94702,0.000,-12.622
62000,0,-25,2,94611,0.000,-12.763
62010,0,0,2,94521,0.000,-12.622
62020,0,0,2,94431,0.000,-12.622
62030,0,0,2,94348,0.000,-11.641
62040,0,0,2,94274,0.000,-10.378
62050,0,0,2,94212,0.000,-8.695
62060,0,0,2,94163,0.000,-6.872
62070,0,0,2,94129,0.000,-4.768
62080,0,0,2,94104,0.000,-3.506
62090,0,0,2,94088,0.000,-2.244
62100,0,0,2,94078,0.000,-1.402
62110,0,0,2,94072,0.000,-0.841
62120,0,0,2,94068,0.000,-0.561
62130,0,0,2,94068,0.000,0.000
62140,0,0,2,94068,0.000,0.000
62150,0,0,2,94069,0.000,0.140
62160,0,0,2,94070,0.000,0.140
62170,0,0,2,94071,0.000,0.140
62180,0,0,2,94072,0.000,0.140
62190,0,0,2,94073,0.000,0.140
62200,0,0,2,94073,0.000,0.000
62210,0,0,2,94074,0.000,0.140
62220,0,0,2,94074,0.000,0.000
62230,0,0,2,94075,0.000,0.140
62240,0,0,2,94077,0.000,0.280
62250,0,0,2,94079,0.000,0.280
62260,0,0,2,94081,0.000,0.280
62270,0,0,2,94082,0.000,0.140
62280,0,0,2,94082,0.000,0.000
62290,0,0,2,94082,0.000,0.000
62300,0,0,2,94082,0.000,0.000
62310,0,0,2,94082,0.000,0.000
62320,0,0,2,94082,0.000,0.000
62330,0,0,2,94082,0.000,0.000
62340,0,0,2,94082,0.000,0.000
62350,0,0,2,94082,0.000,0.000
62360,0,0,2,94082,0.000,0.000
62370,0,0,2,94082,0.000,0.000
62380,0,0,2,94082,0.000,0.000
62390,0,0,2,94082,0.000,0.000
62400,0,0,2,94082,0.000,0.000
62410,0,0,2,94082,0.000,0.000
62420,0,0,2,94082,0.000,0.000
62430,0,0,2,94082,0.000,0.000
62440,0,0,2,94082,0.000,0.000
62450,0,0,2,94082,0.000,0.000
62460,0,0,2,94082,0.000,0.000
62470,0,0,2,94082,0.000,0.000
62480,0,0,2,94082,0.000,0.000
62490,0,0,2,94082,0.000,0.000
62500,0,0,2,94082,0.000,0.000
62510,0,0,2,94082,0.000,0.000
62520,0,0,2,94082,0.000,0.000
62530,0,0,2,94082,0.000,0.000
62540,0,0,2,94082,0.000,0.000
62550,0,0,2,94082,0.000,0.000
62560,0,0,2,94082,0.000,0.000
62570,0,0,2,94082,0.000,0.000
62580,0,0,2,94082,0.000,0.000
62590,0,0,2,94082,0.000,0.000
62600,0,0,2,94082,0.000,0.000
62610,0,0,2,94082,0.000,0.000
62620,0,0,2,94082,0.000,0.000
62630,0,0,2,94082,0.000,0.000
62640,0,0,2,94082,0.000,0.000
62650,0,0,2,94082,0.000,0.000
62660,0,0,2,94082,0.000,0.000
62670,0,0,2,94082,0.000,0.000
62680,0,0,2,94082,0.000,0.000
62690,0,0,2,94082,0.000,0.000
62700,0,0,2,94082,0.000,0.000
62710,0,0,2,94082,0.000,0.000
62720,0,0,2,94082,0.000,0.000
62730,0,0,2,94082,0.000,0.000
62740,0,0,2,94082,0.000,0.000
62750,0,0,2,94082,0.000,0.000
62760,0,0,2,94082,0.000,0.000
62770,0,0,2,94082,0.000,0.000
62780,0,0,2,94082,0.000,0.000
62790,0,0,2,94082,0.000,0.000
62800,0,0,2,94082,0.000,0.000
62810,0,0,2,94082,0.000,0.000
62820,0,0,2,94082,0.000,0.000
62830,0,0,2,94082,0.000,0.000
62840,0,0,2,94082,0.000,0.000
62850,0,0,2,94082,0.000,0.000
62860,0,0,2,94082,0.000,0.000
62870,0,0,2,94082,0.000,0.000
62880,0,0,2,94082,0.000,0.000
62890,0,0,2,94082,0.000,0.000
62900,0,0,2,94082,0.000,0.000
62910,0,0,2,94082,0.000,0.000
62920,0,0,2,94082,0.000,0.000
62930,0,0,2,94082,0.000,0.000
62940,0,0,2,94082,0.000,0.000
62950,0,0,2,94082,0.000,0.000
62960,0,0,2,94082,0.000,0.000
62970,0,0,2,94082,0.000,0.000
62980,0,0,2,94082,0.000,0.000
62990,0,0,2,94082,0.000,0.000
63000,0,0,2,94082,0.000,0.000
63010,0,0,2,94082,0.000,0.000
63020,0,0,2,94082,0.000,0.000
63030,0,0,2,94082,0.000,0.000
63040,0,0,2,94082,0.000,0.000
63050,0,0,2,94082,0.000,0.000
63060,0,0,2,94082,0.000,0.000
63070,0,0,2,94082,0.000,0.000
63080,0,0,2,94082,0.000,0.000
63090,0,0,2,94082,0.000,0.000
63100,0,0,2,94082,0.000,0.000
63110,0,0,2,94082,0.000,0.000
63120,0,0,2,94082,0.000,0.000
63130,0,0,2,94082,0.000,0.000
63140,0,0,2,94082,0.000,0.000
63150,0,0,2,94082,0.000,0.000
63160,0,0,2,94082,0.000,0.000
63170,0,0,2,94082,0.000,0.000
63180,0,0,2,94082,0.000,0.000
63190,0,0,2,94082,0.000,0.000
63200,0,0,2,94082,0.000,0.000
63210,0,0,2,94082,0.000,0.000
63220,0,0,2,94082,0.000,0.000
63230,0,0,2,94082,0.000,0.000
63240,0,0,2,94082,0.000,0.000
63250,0,0,2,94082,0.000,0.000
63260,0,0,2,94082,0.000,0.000
63270,0,0,2,94082,0.000,0.000
63280,0,0,2,94082,0.000,0.000
63290,0,0,2,94082,0.000,0.000
63300,0,0,2,94082,0.000,0.000
63310,0,0,2,94082,0.000,0.000
63320,0,0,2,94082,0.000,0.000
63330,0,0,2,94082,0.000,0.000
63340,0,0,2,94082,0.000,0.000
63350,0,0,2,94082,0.000,0.000
63360,0,0,2,94082,0.000,0.000
63370,0,0,2,94082,0.000,0.000
63380,0,0,2,94082,0.000,0.000
63390,0,0,2,94082,0.000,0.000
63400,0,0,2,94082,0.000,0.000
63410,0,0,2,94082,0.000,0.000
63420,0,0,2,94082,0.000,0.000
63430,0,0,2,94082,0.000,0.000
63440,0,0,2,94082,0.000,0.000
63450,0,0,2,94082,0.000,0.000
63460,0,0,2,94082,0.000,0.000
63470,0,0,2,94082,0.000,0.000
63480,0,0,2,94082,0.000,0.000
63490,0,0,2,94082,0.000,0.000
63500,0,0,2,94082,0.000,0.000
63510,0,0,2,94082,0.000,0.000
63520,0,0,2,94082,0.000,0.000
63530,0,0,2,94082,0.000,0.000
63540,0,0,2,94082,0.000,0.000
63550,0,0,2,94082,0.000,0.000
63560,0,0,2,94082,0.000,0.000
63570,0,0,2,94082,0.000,0.000
63580,0,0,2,94082,0.000,0.000
63590,0,0,2,94082,0.000,0.000
63600,0,0,2,94082,0.000,0.000
63610,0,0,2,94082,0.000,0.000
63620,0,0,2,94082,0.000,0.000
63630,0,0,2,94082,0.000,0.000
63640,0,0,2,94082,0.000,0.000
63650,0,0,2,94082,0.000,0.000
63660,0,0,2,94082,0.000,0.000
63670,0,0,2,94082,0.000,0.000
63680,0,0,2,94082,0.000,0.000
63690,0,0,2,94082,0.000,0.000
63700,0,0,2,94082,0.000,0.000
63710,0,0,2,94082,0.000,0.000
63720,0,0,2,94082,0.000,0.000
63730,0,0,2,94082,0.000,0.000
63740,0,0,2,94082,0.000,0.000
63750,0,0,2,94082,0.000,0.000
63760,0,0,2,94082,0.000,0.000
63770,0,0,2,94082,0.000,0.000
63780,0,0,2,94082,0.000,0.000
63790,0,0,2,94082,0.000,0.000
63800,0,0,2,94082,0.000,0.000
63810,0,0,2,94082,0.000,0.000
63820,0,0,2,94082,0.000,0.000
63830,0,0,2,94082,0.000,0.000
63840,0,0,2,94082,0.000,0.000
63850,0,0,2,94082,0.000,0.000
63860,0,0,2,94082,0.000,0.000
63870,0,0,2,94082,0.000,0.000
63880,0,0,2,94082,0.000,0.000
63890,0,0,2,94082,0.000,0.000
63900,0,0,2,94082,0.000,0.000
63910,0,0,2,94082,0.000,0.000
63920,0,0,2,94082,0.000,0.000
63930,0,0,2,94082,0.000,0.000
63940,0,0,2,94082,0.000,0.000
63950,0,0,2,94082,0.000,0.000
63960,0,0,2,94082,0.000,0.000
63970,0,0,2,94082,0.000,0.000
63980,0,0,2,94082,0.000,0.000
63990,0,0,2,94082,0.000,0.000
64000,0,0,2,94082,0.000,0.000
64010,0,0,2,94082,0.000,0.000
64020,0,0,2,94082,0.000,0.000
64030,0,0,2,94082,0.000,0.000
64040,0,0,2,94082,0.000,0.000
64050,0,0,2,94082,0.000,0.000
64060,0,0,2,94082,0.000,0.000
64070,0,0,2,94082,0.000,0.000
64080,0,0,2,94082,0.000,0.000
64090,0,0,2,94082,0.000,0.000
64100,0,0,2,94082,0.000,0.000
64110,0,0,2,94082,0.000,0.000
64120,0,0,2,94082,0.000,0.000
64130,0,0,2,94082,0.000,0.000
64140,0,0,2,94082,0.000,0.000
64150,0,0,2,94082,0.000,0.000
64160,0,0,2,94082,0.000,0.000
64170,0,0,2,94082,0.000,0.000
64180,0,0,2,94082,0.000,0.000
64190,0,0,2,94082,0.000,0.000
64200,0,0,2,94082,0.000,0.000
64210,0,0,2,94082,0.000,0.000
64220,0,0,2,94082,0.000,0.000
64230,0,0,2,94082,0.000,0.000
64240,0,0,2,94082,0.000,0.000
64250,0,0,2,94082,0.000,0.000
64260,0,0,2,94082,0.000,0.000
64270,0,0,2,94082,0.000,0.000
64280,0,0,2,94082,0.000,0.000
64290,0,0,2,94082,0.000,0.000
64300,0,0,2,94082,0.000,0.000
64310,0,0,2,94082,0.000,0.000
64320,0,0,2,94082,0.000,0.000
64330,0,0,2,94082,0.000,0.000
64340,0,0,2,94082,0.000,0.000
64350,0,0,2,94082,0.000,0.000
64360,0,0,2,94082,0.000,0.000
64370,0,0,2,94082,0.000,0.000
64380,0,0,2,94082,0.000,0.000
64390,0,0,2,94082,0.000,0.000
64400,0,0,2,94082,0.000,0.000
64410,0,0,2,94082,0.000,0.000
64420,0,0,2,94082,0.000,0.000
64430,0,0,2,94082,0.000,0.000
64440,0,0,2,94082,0.000,0.000
64450,0,0,2,94082,0.000,0.000
64460,0,0,2,94082,0.000,0.000
64470,0,0,2,94082,0.000,0.000
64480,0,0,2,94082,0.000,0.000
64490,0,0,2,94082,0.000,0.000
64500,0,0,2,94082,0.000,0.000
64510,0,0,2,94082,0.000,0.000
64520,0,0,2,94082,0.000,0.000
64530,0,0,2,94082,0.000,0.000
64540,0,0,2,94082,0.000,0.000
64550,0,0,2,94082,0.000,0.000
64560,0,0,2,94082,0.000,0.000
64570,0,0,2,94082,0.000,0.000
64580,0,0,2,94082,0.000,0.000
64590,0,0,2,94082,0.000,0.000
64600,0,0,2,94082,0.000,0.000
64610,0,0,2,94082,0.000,0.000
64620,0,0,2,94082,0.000,0.000
64630,0,0,2,94082,0.000,0.000
64640,0,0,2,94082,0.000,0.000
64650,0,0,2,94082,0.000,0.000
64660,0,0,2,94082,0.000,0.000
64670,0,0,2,94082,0.000,0.000
64680,0,0,2,94082,0.000,0.000
64690,0,0,2,94082,0.000,0.000
64700,0,0,2,94082,0.000,0.000
64710,0,0,2,94082,0.000,0.000
64720,0,0,2,94082,0.000,0.000
64730,0,0,2,94082,0.000,0.000
64740,0,0,2,94082,0.000,0.000
64750,0,0,2,94082,0.000,0.000
64760,0,0,2,94082,0.000,0.000
64770,0,0,2,94082,0.000,0.000
64780,0,0,2,94082,0.000,0.000
64790,0,0,2,94082,0.000,0.000
64800,0,0,2,94082,0.000,0.000
64810,0,0,2,94082,0.000,0.000
64820,0,0,2,94082,0.000,0.000
64830,0,0,2,94082,0.000,0.000
64840,0,0,2,94082,0.000,0.000
64850,0,0,2,94082,0.000,0.000
64860,0,0,2,94082,0.000,0.000
64870,0,0,2,94082,0.000,0.000
64880,0,0,2,94082,0.000,0.000
64890,0,0,2,94082,0.000,0.000
64900,0,0,2,94082,0.000,0.000
64910,0,0,2,94082,0.000,0.000
64920,0,0,2,94082,0.000,0.000
64930,0,0,2,94082,0.000,0.000
64940,0,0,2,94082,0.000,0.000
64950,0,0,2,94082,0.000,0.000
64960,0,0,2,94082,0.000,0.000
64970,0,0,2,94082,0.000,0.000
64980,0,0,2,94082,0.000,0.000
64990,0,0,2,94082,0.000,0.000
65000,0,0,2,94082,0.000,0.000
